FHRSID,BusinessName,BusinessNameClean,BusinessType,Address,PostCode,LocalAuthorityName,geocode.longitude,geocode.latitude,FinalClass,ClassificationSource
1800738,Garip's Superstore Ltd,garip s superstore ltd,Retailers - other,"14-20 Farr Avenue, Barking",IG11 0NZ,Barking and Dagenham,0.104667,51.5288,GROCER_BAKERY,VERIFIED_CANDIDATE
1536039,Spar-Uppercrust Barking,spar uppercrust barking,Retailers - other,"Texaco Star Service Station, Ripple Road, Barking",IG11 0TT,Barking and Dagenham,,,GROCER_BAKERY,VERIFIED_CANDIDATE
107548,Tesco,tesco,Retailers - supermarkets/hypermarkets,"Highbridge Road, Barking",IG11 7BS,Barking and Dagenham,0.070767,51.536319,GROCER_BAKERY,SUPERMARKET_SUPPLEMENT
1177749,Lidl Great Britain Ltd,lidl great britain ltd,Retailers - supermarkets/hypermarkets,"62-82 Ripple Road, Barking",IG11 7PG,Barking and Dagenham,0.081059,51.536569,GROCER_BAKERY,VERIFIED_CANDIDATE
1255319,Taj Mahal Sweet Centre,taj mahal sweet centre,Retailers - other,"200a Ripple Road, Barking",IG11 7PR,Barking and Dagenham,0.085834,51.534083,GROCER_BAKERY,VERIFIED_CANDIDATE
553063,Way 2 Save,way 2 save,Retailers - other,"147 Ripple Road, Barking",IG11 7PW,Barking and Dagenham,0.084018,51.534412,GROCER_BAKERY,LOCATION_VERIFICATION
1901219,Churrabrasa LTD,churrabrasa ltd,Restaurant/Cafe/Canteen,"97 Movers Lane, Barking",IG11 7UQ,Barking and Dagenham,0.0911949,51.532522,BAKERY_CAFE,VERIFIED_CANDIDATE
1932655,RK Convenience,rk convenience,Retailers - other,"17-19 London Road, Barking",IG11 8AA,Barking and Dagenham,0.0783865,51.5379122,GROCER_BAKERY,VERIFIED_CANDIDATE
553034,Shell Service Station,shell service station,Retailers - other,"London Road, Barking",IG11 8BU,Barking and Dagenham,0.071202,51.537642,GROCER_BAKERY,LOCATION_VERIFICATION
1765885,Flavour Food and Beverage Ltd,flavour food and beverage ltd,Restaurant/Cafe/Canteen,"Unit 4 Vicarage Field Shopping Centre, Ripple Road, Barking",IG11 8DG,Barking and Dagenham,0.0807669,51.5378243,BAKERY_CAFE,VERIFIED_CANDIDATE
1844383,Barking Cost Cutter Limited,barking cost cutter limited,Retailers - supermarkets/hypermarkets,"Focal House, 12-18 Station Parade, Barking",IG11 8DN,Barking and Dagenham,0.0804551,51.5382615,GROCER_BAKERY,VERIFIED_CANDIDATE
1950032,Magazin Romanesc,magazin romanesc,Retailers - other,"19 Station Parade, Barking",IG11 8ED,Barking and Dagenham,0.079935,51.538495,GROCER_BAKERY,LOCATION_VERIFICATION
103952,Greggs,greggs,Takeaway/sandwich shop,"Greggs, 59 East Street, Barking",IG11 8EJ,Barking and Dagenham,0.078877,51.537722,BAKERY_CAFE,LOCATION_VERIFICATION
103768,Iceland,iceland,Retailers - supermarkets/hypermarkets,"Iceland, 34-42 East Street, Barking",IG11 8EP,Barking and Dagenham,0.078339,51.53668,GROCER_BAKERY,LOCATION_VERIFICATION
847353,Asda,asda,Retailers - other,"Genoa Building, 2 Short Blue Place, Barking",IG11 8FJ,Barking and Dagenham,0.07769,51.537635,GROCER_BAKERY,SUPERMARKET_SUPPLEMENT
810631,BG Zakuska,bg zakuska,Retailers - other,"46 Longbridge Road, Barking",IG11 8RT,Barking and Dagenham,0.083067,51.540427,CORE_BAKERY,VERIFIED_CANDIDATE
465947,TST Foods Ltd,tst foods ltd,Retailers - other,"2a The Odeon, 22-30 Longbridge Road",IG11 8RX,Barking and Dagenham,0.082574,51.540058,GROCER_BAKERY,VERIFIED_CANDIDATE
628412,Brothers International,brothers international,Retailers - other,"64 Longbridge Road, Barking Essex",IG11 8SF,Barking and Dagenham,0.084551,51.541354,GROCER_BAKERY,VERIFIED_CANDIDATE
1281765,Ritchies Cafe Ltd,ritchies cafe ltd,Restaurant/Cafe/Canteen,"10 Faircross Parade, Longbridge Road, Barking",IG11 8UN,Barking and Dagenham,0.093127,51.545329,BAKERY_CAFE,VERIFIED_CANDIDATE
710109,Ritchies Fresh Bake,ritchies fresh bake,Takeaway/sandwich shop,"10 Faircross Parade, Longbridge Road, Barking",IG11 8UN,Barking and Dagenham,0.093127,51.545329,CORE_BAKERY,VERIFIED_CANDIDATE
415562,The Co-operative,the co operative,Retailers - supermarkets/hypermarkets,"34 To 36 Faircross Parade, Longbridge Road, Barking",IG11 8UW,Barking and Dagenham,0.094549,51.545834,GROCER_BAKERY,LOCATION_VERIFICATION
1048205,The Spot,the spot,Pub/bar/nightclub,"380 Ripple Road, Barking",IG11 9RS,Barking and Dagenham,0.094095,51.5353929,BAKERY_CAFE,VERIFIED_CANDIDATE
1752355,Sugaroholic,sugaroholic,Takeaway/sandwich shop,,RM10,Barking and Dagenham,,,CORE_BAKERY,VERIFIED_CANDIDATE
129199,Wm Morrisons Supermarkets Limited,wm morrisons supermarkets limited,Retailers - supermarkets/hypermarkets,"402 Wood Lane, Dagenham",RM10 7RA,Barking and Dagenham,0.148436,51.559382,GROCER_BAKERY,VERIFIED_CANDIDATE
415706,Shell Dagenham,shell dagenham,Retailers - other,"Wood Lane, Dagenham",RM10 7RP,Barking and Dagenham,0.147932,51.558771,GROCER_BAKERY,VERIFIED_CANDIDATE
730045,Polskie Smaki,polskie smaki,Retailers - other,"530 Rainham Road South, Dagenham",RM10 7XD,Barking and Dagenham,0.165059,51.546676,GROCER_BAKERY,VERIFIED_CANDIDATE
128429,Vida & Sons Limited,vida and sons limited,Retailers - other,"574 Rainham Road South, Dagenham",RM10 7XD,Barking and Dagenham,0.165059,51.546676,GROCER_BAKERY,VERIFIED_CANDIDATE
1332937,Oxlane Food Centre LTD,oxlane food centre ltd,Retailers - other,"229-233 Oxlow Lane, Dagenham",RM10 7YA,Barking and Dagenham,0.153637,51.55159,GROCER_BAKERY,VERIFIED_CANDIDATE
1381015,Makola Market London Ltd,makola market london ltd,Retailers - other,"2-3  Grand Parade, Oxlow Lane, Dagenham",RM10 7YT,Barking and Dagenham,0.1551534,51.5513827,GROCER_BAKERY,VERIFIED_CANDIDATE
1917743,ODOGWU CASH & CARRY FOOD LIMITED,odogwu cash and carry food limited,Retailers - other,"Unit 11 Midas Business Centre, Wantz Road, Dagenham",RM10 8PS,Barking and Dagenham,0.1558971,51.548806,GROCER_BAKERY,VERIFIED_CANDIDATE
129311,Lidl UK GmbH,lidl uk gmbh,Retailers - supermarkets/hypermarkets,"Unit A, 258-262 Heathway, Dagenham",RM10 8QS,Barking and Dagenham,0.148129,51.541852,GROCER_BAKERY,VERIFIED_CANDIDATE
1016867,Greggs,greggs,Retailers - other,"214 Heathway, Dagenham",RM10 8RD,Barking and Dagenham,0.148333996534348,51.5406723022461,CORE_BAKERY,LOCATION_VERIFICATION
1681630,Londis Rainham Road,londis rainham road,Retailers - other,"Rainham Road South, Dagenham",RM10 8YT,Barking and Dagenham,0.17255607,51.53662897,GROCER_BAKERY,VERIFIED_CANDIDATE
415571,Candy Stores,candy stores,Retailers - other,"14 - 16 Whitebarn Lane, Dagenham",RM10 9LH,Barking and Dagenham,0.152281,51.532936,GROCER_BAKERY,VERIFIED_CANDIDATE
1495223,One Stop,one stop,Retailers - other,"7 Princess Parade, New Road, Dagenham",RM10 9LS,Barking and Dagenham,0.153941,51.529929,GROCER_BAKERY,LOCATION_VERIFICATION
122391,Iceland,iceland,Retailers - supermarkets/hypermarkets,"258-262 Heathway, Dagenham",RM10 9NT,Barking and Dagenham,0.148449,51.537917,GROCER_BAKERY,LOCATION_VERIFICATION
1853009,Ephatha Foods,ephatha foods,Retailers - other,"4-5 Royal Parade, Church Street, Dagenham",RM10 9XB,Barking and Dagenham,0.1581853,51.5398518,GROCER_BAKERY,VERIFIED_CANDIDATE
1909098,Magazin Romanesc,magazin romanesc,Retailers - other,"7 Station Road, Chadwell Heath",RM6 4BE,Barking and Dagenham,0.13060000538826,51.5700950622559,GROCER_BAKERY,LOCATION_VERIFICATION
1844381,Londis - Chadwell Heath,londis chadwell heath,Retailers - other,"287 - 295 High Road, Chadwell Heath",RM6 6AU,Barking and Dagenham,0.1450161,51.5729264,GROCER_BAKERY,VERIFIED_CANDIDATE
128265,Fresh & Exotic,fresh and exotic,Retailers - other,"96 High Road, Chadwell Heath",RM6 6NX,Barking and Dagenham,0.135093,51.571425,GROCER_BAKERY,VERIFIED_CANDIDATE
124152,Sainsbury's,sainsbury s,Retailers - supermarkets/hypermarkets,"97-131 High Road, Chadwell Heath",RM6 6PB,Barking and Dagenham,0.133554,51.571543,GROCER_BAKERY,LOCATION_VERIFICATION
1942772,Cake Inn Chadwell Heath,cake inn chadwell heath,Retailers - other,"8 High Road, Chadwell Heath",RM6 6PR,Barking and Dagenham,0.1326732,51.5709928,CORE_BAKERY,VERIFIED_CANDIDATE
743298,Freshco Food Ltd,freshco food ltd,Retailers - other,"39-43, High Road, Chadwell Heath",RM6 6QJ,Barking and Dagenham,0.1317732,51.571189,GROCER_BAKERY,VERIFIED_CANDIDATE
1245209,Handy Stores,handy stores,Retailers - other,"290 Dagenham Road, Dagenham",RM7 0TD,Barking and Dagenham,0.1752036,51.5622631,GROCER_BAKERY,LOCATION_VERIFICATION
1278671,Lifestyle Express,lifestyle express,Retailers - other,"290 Dagenham Road, Dagenham",RM7 0TD,Barking and Dagenham,0.1752036,51.5622631,GROCER_BAKERY,LOCATION_VERIFICATION
119318,Cooperative,cooperative,Retailers - supermarkets/hypermarkets,"98-100 Dagenham Road, Rush Green",RM7 0TJ,Barking and Dagenham,0.175648,51.564547,GROCER_BAKERY,VERIFIED_CANDIDATE
1474252,Barking & Dagenham College,barking and dagenham college,School/college/university,"Dagenham Road, Dagenham",RM7 0XU,Barking and Dagenham,0.17585032,51.56363075,BAKERY_CAFE,LOCATION_VERIFICATION
1205496,Illegally Delicious,illegally delicious,Other catering premises,,RM8 ,Barking and Dagenham,,,BAKERY_CAFE,VERIFIED_CANDIDATE
1742867,Bean Buzz,bean buzz,Retailers - other,"4 Cinema Parade, Whalebone Lane South, Dagenham",RM8 1AA,Barking and Dagenham,0.1474582,51.5613529,BAKERY_CAFE,VERIFIED_CANDIDATE
1389714,Lidl,lidl,Retailers - supermarkets/hypermarkets,"79a Whalebone Lane South, Dagenham",RM8 1AJ,Barking and Dagenham,0.1460244,51.5636903,GROCER_BAKERY,LOCATION_VERIFICATION
628396,Asda,asda,Retailers - supermarkets/hypermarkets,"Eldonwall Trading Estate, Whalebone Lane South",RM8 1AT,Barking and Dagenham,0.144977,51.566505,GROCER_BAKERY,SUPERMARKET_SUPPLEMENT
122262,Iceland,iceland,Retailers - supermarkets/hypermarkets,"2-8 Whalebone Lane South, Dagenham",RM8 1BJ,Barking and Dagenham,0.147331,51.56255,GROCER_BAKERY,LOCATION_VERIFICATION
415583,Hoo Hing Ltd,hoo hing ltd,Retailers - other,"London Distribution Depot, Freshwater Road, Dagenham",RM8 1RF,Barking and Dagenham,,,GROCER_BAKERY,VERIFIED_CANDIDATE
1621522,Shirin Mahal Sweets and Bakers Ltd,shirin mahal sweets and bakers ltd,Retailers - other,"24 Rowallen Parade, Green Lane, Dagenham",RM8 1XU,Barking and Dagenham,0.1214532,51.5627786,CORE_BAKERY,VERIFIED_CANDIDATE
1844417,Subhan Superstore,subhan superstore,Retailers - other,"15 Rowallen Parade, Green Lane, Dagenham",RM8 1XU,Barking and Dagenham,0.120558,51.562992,GROCER_BAKERY,VERIFIED_CANDIDATE
114568,Greggs,greggs,Takeaway/sandwich shop,"792 Green Lane, Dagenham",RM8 1YT,Barking and Dagenham,0.123053,51.562039,BAKERY_CAFE,LOCATION_VERIFICATION
1413687,CKAZKA,ckazka,Retailers - other,"618 Longbridge Road, Dagenham",RM8 2AJ,Barking and Dagenham,0.115259,51.551406,GROCER_BAKERY,LOCATION_VERIFICATION
1210199,Adom Trading Ltd T/A  Amazing Grace,adom trading ltd t a amazing grace,Retailers - other,"592 Longbridge Road, Dagenham",RM8 2AR,Barking and Dagenham,0.110629,51.551418,GROCER_BAKERY,VERIFIED_CANDIDATE
1197145,Lidl Great Britain Limited,lidl great britain limited,Retailers - supermarkets/hypermarkets,"807-829 Longbridge Road, Barking",RM8 2DB,Barking and Dagenham,0.1133203,51.5519813,GROCER_BAKERY,LOCATION_VERIFICATION
1689804,"ASDA Express Dagenham, Becontree Avenue PFS",asda express dagenham becontree avenue pfs,Retailers - supermarkets/hypermarkets,402 - 410 Becontree Avenue,RM8 2UU,Barking and Dagenham,0.128726,51.55835,GROCER_BAKERY,VERIFIED_CANDIDATE
1844392,La Popa Magazin Romanesc,la popa magazin romanesc,Retailers - other,"694 Becontree Avenue, Dagenham",RM8 3HD,Barking and Dagenham,0.1475117,51.5603448,GROCER_BAKERY,VERIFIED_CANDIDATE
1474250,Bakers and Shakers,bakers and shakers,Retailers - other,"Cherry Tree, Wood Lane, Dagenham",RM8 3LJ,Barking and Dagenham,0.1350064,51.5527129,BAKERY_CAFE,VERIFIED_CANDIDATE
1107144,Bruknes Shop,bruknes shop,Retailers - other,"454 Becontree Avenue, Dagenham",RM8 3UA,Barking and Dagenham,0.130712,51.558599,GROCER_BAKERY,VERIFIED_CANDIDATE
127604,Bennets Castle General Store,bennets castle general store,Retailers - other,"230-232 Bennetts Castle Lane, Dagenham",RM8 3XP,Barking and Dagenham,0.125839,51.554327,GROCER_BAKERY,VERIFIED_CANDIDATE
110607,Greggs,greggs,Retailers - other,"12a Woodward Road, Dagenham",RM9 4SH,Barking and Dagenham,0.12701,51.538928,BAKERY_CAFE,LOCATION_VERIFICATION
1700561,Morrisons Daily,morrisons daily,Retailers - supermarkets/hypermarkets,"16 Woodward Road, Dagenham",RM9 4SH,Barking and Dagenham,0.1268614,51.5389039,GROCER_BAKERY,LOCATION_VERIFICATION
1746922,Lulus,lulus,Takeaway/sandwich shop,"227 - 231 Heathway, Dagenham",RM9 5AN,Barking and Dagenham,0.1477681,51.5403577,BAKERY_CAFE,VERIFIED_CANDIDATE
1068972,Angels Bakery,angels bakery,Takeaway/sandwich shop,"269 Heathway, Dagenham",RM9 5AQ,Barking and Dagenham,0.1475988,51.5419706,CORE_BAKERY,LOCATION_VERIFICATION
1245185,Longland Shops,longland shops,Retailers - other,"305 Heathway, Dagenham",RM9 5AQ,Barking and Dagenham,0.1476555,51.5428689,GROCER_BAKERY,VERIFIED_CANDIDATE
1392448,Longland Shops,longland shops,Retailers - other,"295 Heathway, Dagenham",RM9 5AQ,Barking and Dagenham,0.1476157,51.5426358,GROCER_BAKERY,LOCATION_VERIFICATION
128212,Food & Wine Dagenham Ltd,food and wine dagenham ltd,Retailers - other,"1 Parsloes Avenue, Dagenham",RM9 5PA,Barking and Dagenham,0.147065,51.543131,GROCER_BAKERY,VERIFIED_CANDIDATE
465939,Dizz Food T/A ADA Enterprise,dizz food t a ada enterprise,Retailers - other,"440 Hedgemans Road, Dagenham",RM9 6BU,Barking and Dagenham,0.129311,51.539093,GROCER_BAKERY,VERIFIED_CANDIDATE
1682136,Sainsbury's Supermarkets Ltd,sainsbury s supermarkets ltd,Retailers - supermarkets/hypermarkets,"Block K, Beam Park, Dagenham",RM9 6SA,Barking and Dagenham,,,GROCER_BAKERY,LOCATION_VERIFICATION
111961,Aldi Stores Limited,aldi stores limited,Retailers - supermarkets/hypermarkets,"Unit 1 Merrielands Retail Par, Merrielands Crescent, Dagenham",RM9 6SJ,Barking and Dagenham,0.145424,51.530616,GROCER_BAKERY,VERIFIED_CANDIDATE
125172,Asda,asda,Retailers - supermarkets/hypermarkets,"Unit 1 Merrielands Retail Park, Merrielands Crescent, Dagenham",RM9 6SJ,Barking and Dagenham,0.145621,51.5305766,GROCER_BAKERY,SUPERMARKET_SUPPLEMENT
1544294,B and M Retail LTD,b and m retail ltd,Retailers - other,"Merrielands Retail Park, Merrielands Crescent, Dagenham",RM9 6SR,Barking and Dagenham,0.146989,51.531108,GROCER_BAKERY,LOCATION_VERIFICATION
1291310,Farmfoods Ltd,farmfoods ltd,Retailers - other,"Unit 4 Merrielands Retail Park, Merrielands Crescent, Dagenham",RM9 6SR,Barking and Dagenham,0.14699000120163,51.5311088562012,GROCER_BAKERY,VERIFIED_CANDIDATE
580268,Vida & Sons Shop,vida and sons shop,Retailers - other,"2-6 Goresbrook Road, Dagenham",RM9 6UR,Barking and Dagenham,0.146885,51.532253,GROCER_BAKERY,VERIFIED_CANDIDATE
1090482,B.J Bakery,b j bakery,Retailers - other,"15 Goresbrook Road, Dagenham",RM9 6UX,Barking and Dagenham,0.146155,51.532068,BAKERY_CAFE,VERIFIED_CANDIDATE
1471837,Oakleigh Park Corner Shop,oakleigh park corner shop,Retailers - other,2 Alverstone Avenue Barnet,EN4 8DS,Barnet,-0.1650432,51.6376663,GROCER_BAKERY,VERIFIED_CANDIDATE
1960737,Noel Barnet Ltd,noel barnet ltd,Restaurant/Cafe/Canteen,51 - 53 East Barnet Road,EN4 8RN,Barnet,-0.1709453,51.6497429,BAKERY_CAFE,VERIFIED_CANDIDATE
756780,Sainsbury's,sainsbury s,Retailers - supermarkets/hypermarkets,66 East Barnet Road Barnet,EN4 8RQ,Barnet,-0.170937,51.649422,GROCER_BAKERY,LOCATION_VERIFICATION
1090304,Aldi Stores Ltd,aldi stores ltd,Retailers - supermarkets/hypermarkets,30 Brookhill Road Barnet,EN4 8SL,Barnet,-0.1638165,51.644614,GROCER_BAKERY,LOCATION_VERIFICATION
1611589,Bake House,bake house,Retailers - other,11 Church Hill Road Barnet,EN4 8SY,Barnet,-0.162646,51.641748,CORE_BAKERY,VERIFIED_CANDIDATE
1921438,Handmade Fever,handmade fever,Restaurant/Cafe/Canteen,39 Church Hill Road Barnet,EN4 8SY,Barnet,-0.1624867,51.6416035,BAKERY_CAFE,VERIFIED_CANDIDATE
1317172,Source Of Life,source of life,Restaurant/Cafe/Canteen,258 East Barnet Road Barnet,EN4 8TD,Barnet,-0.1641702,51.6428436,BAKERY_CAFE,VERIFIED_CANDIDATE
1385090,Mount Parade Mini Market,mount parade mini market,Retailers - other,Mount Parade  Mount Pleasant Barnet,EN4 9DD,Barnet,-0.160924,51.652539,GROCER_BAKERY,VERIFIED_CANDIDATE
1366697,Shell Little Waitrose Stirling,shell little waitrose stirling,Retailers - other,Shell Stirling Corner Petrol Filling Station  Stirling Corner Barnet,EN5 3JG,Barnet,-0.2537215,51.6432257,GROCER_BAKERY,VERIFIED_CANDIDATE
1762871,Londis - Wood Street,londis wood street,Retailers - other,Esso Petrol Filling Station 93 Wood Street Barnet,EN5 4BX,Barnet,-0.210304006934166,51.652645111084,GROCER_BAKERY,VERIFIED_CANDIDATE
1623926,Marley's Bakery,marley s bakery,Other catering premises,10 Union Street Barnet,EN5 4HZ,Barnet,-0.2023305,51.6542926,BAKERY_CAFE,VERIFIED_CANDIDATE
758493,Potters Pantry,potters pantry,Restaurant/Cafe/Canteen,4 Potters Road Barnet,EN5 5HW,Barnet,-0.180529,51.652467,BAKERY_CAFE,VERIFIED_CANDIDATE
1800966,Legends Mini Mart,legends mini mart,Retailers - other,52 High Street Barnet,EN5 5SJ,Barnet,-0.1992081,51.6529677,GROCER_BAKERY,VERIFIED_CANDIDATE
778257,Patisserie Joie De Vie,patisserie joie de vie,Other catering premises,96 High Street Barnet,EN5 5SN,Barnet,-0.200887,51.653473,CORE_BAKERY,VERIFIED_CANDIDATE
1753055,Heaven,heaven,Restaurant/Cafe/Canteen,9 High Street Barnet,EN5 5UE,Barnet,-0.1973045,51.6513692,BAKERY_CAFE,VERIFIED_CANDIDATE
1921481,Kaaphi,kaaphi,Other catering premises,7 High Street Barnet,EN5 5UE,Barnet,-0.196863,51.651037,BAKERY_CAFE,LOCATION_VERIFICATION
1762906,Greek Art Bakery,greek art bakery,Restaurant/Cafe/Canteen,11 High Street Barnet,EN5 5UJ,Barnet,-0.1980824,51.6516967,CORE_BAKERY,VERIFIED_CANDIDATE
1255299,Wenzels The Bakers,wenzels the bakers,Retailers - other,79 High Street Barnet,EN5 5UR,Barnet,-0.2018348,51.6542878,CORE_BAKERY,LOCATION_VERIFICATION
1846788,Coffee Bakery And More,coffee bakery and more,Restaurant/Cafe/Canteen,107 High Street Barnet,EN5 5UZ,Barnet,-0.2020121,51.6550787,BAKERY_CAFE,VERIFIED_CANDIDATE
1559850,Gail's Bakery,gail s bakery,Restaurant/Cafe/Canteen,140 High Street Barnet,EN5 5XP,Barnet,-0.2014514,51.6551804,BAKERY_CAFE,LOCATION_VERIFICATION
1683715,Gaziantep Patisserie,gaziantep patisserie,Retailers - other,150 High Street Barnet,EN5 5XP,Barnet,-0.2015841,51.6555889,CORE_BAKERY,VERIFIED_CANDIDATE
758283,Greggs,greggs,Retailers - other,134 High Street Barnet,EN5 5XQ,Barnet,-0.201337,51.654514,BAKERY_CAFE,LOCATION_VERIFICATION
756933,Iceland,iceland,Retailers - supermarkets/hypermarkets,126 High Street Barnet,EN5 5XQ,Barnet,-0.201337,51.654514,GROCER_BAKERY,LOCATION_VERIFICATION
756930,Waitrose,waitrose,Retailers - supermarkets/hypermarkets,The Spires Shopping Centre  High Street Barnet,EN5 5XY,Barnet,-0.203169,51.655351,GROCER_BAKERY,SUPERMARKET_SUPPLEMENT
1950666,Afghan Bazaar,afghan bazaar,Retailers - other,124 Burnt Oak Broadway Edgware,HA8 0BB,Barnet,-0.267686,51.601217,GROCER_BAKERY,VERIFIED_CANDIDATE
1786355,Sainsburys,sainsburys,Retailers - supermarkets/hypermarkets,98 Burnt Oak Broadway Edgware,HA8 0BE,Barnet,-0.26651,51.600237,GROCER_BAKERY,LOCATION_VERIFICATION
1762915,Golden Crust,golden crust,Takeaway/sandwich shop,89 Watling Avenue Edgware,HA8 0LA,Barnet,-0.264342,51.602561,CORE_BAKERY,VERIFIED_CANDIDATE
801407,Wenzels The Bakers,wenzels the bakers,Retailers - other,85 Watling Avenue Edgware,HA8 0LA,Barnet,-0.264342,51.602561,CORE_BAKERY,LOCATION_VERIFICATION
1646008,Pamir Supermarket & Bakery,pamir supermarket and bakery,Retailers - other,17 Watling Avenue Edgware,HA8 0LQ,Barnet,-0.266819,51.60124,GROCER_BAKERY,VERIFIED_CANDIDATE
758376,Food 4 Less,food 4 less,Retailers - other,20 Watling Avenue Edgware,HA8 0LR,Barnet,-0.266263,51.601043,GROCER_BAKERY,LOCATION_VERIFICATION
1519608,Mir Food Centre 2,mir food centre 2,Retailers - supermarkets/hypermarkets,128 Station Road Edgware,HA8 7AA,Barnet,-0.277014,51.612288,GROCER_BAKERY,SUPERMARKET_SUPPLEMENT
757129,Quickstop,quickstop,Retailers - other,140 Station Road Edgware,HA8 7AA,Barnet,-0.277014,51.612288,GROCER_BAKERY,VERIFIED_CANDIDATE
757146,Greggs Bakery,greggs bakery,Retailers - other,190 Station Road Edgware,HA8 7AR,Barnet,-0.27553,51.61447,BAKERY_CAFE,LOCATION_VERIFICATION
758363,U Cioci,u cioci,Retailers - other,242 Station Road Edgware,HA8 7AU,Barnet,-0.275329,51.615186,GROCER_BAKERY,VERIFIED_CANDIDATE
1314499,Cozway,cozway,Retailers - other,Station Forecourt  Station Road Edgware,HA8 7AW,Barnet,-0.275554,51.613454,GROCER_BAKERY,VERIFIED_CANDIDATE
1358041,Wenzels The Bakers,wenzels the bakers,Retailers - other,Station Forecourt  Station Road Edgware,HA8 7AW,Barnet,-0.275554,51.613454,CORE_BAKERY,LOCATION_VERIFICATION
1390030,Basar,basar,Retailers - other,289 Hale Lane Edgware,HA8 7AX,Barnet,-0.2743989,51.616131,GROCER_BAKERY,VERIFIED_CANDIDATE
757991,Wenzels The Bakers,wenzels the bakers,Retailers - other,Broadwalk Shopping Centre  Station Road Edgware,HA8 7BD,Barnet,-0.27598,51.612885,CORE_BAKERY,LOCATION_VERIFICATION
757254,Sainsbury's,sainsbury s,Retailers - supermarkets/hypermarkets,Broadwalk Shopping Centre  Station Road Edgware,HA8 7BQ,Barnet,-0.27598,51.612885,GROCER_BAKERY,LOCATION_VERIFICATION
1256931,Lifestyle Express,lifestyle express,Retailers - other,10 High Street Edgware,HA8 7EF,Barnet,-0.2764566,51.6087628,GROCER_BAKERY,LOCATION_VERIFICATION
1876474,Kesar Indian Grocery & Sweets,kesar indian grocery and sweets,Retailers - other,Boot Parade  High Street Edgware,HA8 7HE,Barnet,-0.279442,51.611101,GROCER_BAKERY,VERIFIED_CANDIDATE
1717081,Grodz,grodz,Retailers - other,The Promenade  Edgwarebury Lane Edgware,HA8 7JZ,Barnet,-0.275632,51.615982,CORE_BAKERY,LOCATION_VERIFICATION
874970,Yossi's,yossi s,Retailers - other,11 Glengall Road Edgware,HA8 8TB,Barnet,-0.26941,51.626519,CORE_BAKERY,VERIFIED_CANDIDATE
1964529,Kosher Kingdom Edgware,kosher kingdom edgware,Retailers - other,2 - 3 Broadfields Parade,HA8 8TD,Barnet,-0.2699258,51.6264949,GROCER_BAKERY,VERIFIED_CANDIDATE
1842337,Busy Beez Cafe Ltd,busy beez cafe ltd,Restaurant/Cafe/Canteen,227 Deansbrook Road Edgware,HA8 9BX,Barnet,-0.257046,51.610582,BAKERY_CAFE,VERIFIED_CANDIDATE
1735140,Marks And Spencers Simply Foods,marks and spencers simply foods,Retailers - supermarkets/hypermarkets,Friern Bridge Retail Park  Pegasus Way London,N11 3PW,Barnet,-0.14266,51.611624,GROCER_BAKERY,SUPERMARKET_SUPPLEMENT
1960730,Minique Atelier,minique atelier,Other catering premises,,N12 ,Barnet,,,CORE_BAKERY,LOCATION_VERIFICATION
1027086,Atariya Foods Finchley Shop,atariya foods finchley shop,Retailers - other,595 High Road London,N12 0DY,Barnet,-0.175544,51.60848,GROCER_BAKERY,VERIFIED_CANDIDATE
757334,Co-operative Retail Store,co operative retail store,Retailers - supermarkets/hypermarkets,308 Woodhouse Road London,N12 0LH,Barnet,-0.159547,51.612268,GROCER_BAKERY,VERIFIED_CANDIDATE
757054,Tesco,tesco,Retailers - supermarkets/hypermarkets,Coppetts Centre  North Circular Road London,N12 0SH,Barnet,-0.156384,51.60694,GROCER_BAKERY,SUPERMARKET_SUPPLEMENT
1366707,Apollo Bakery,apollo bakery,Retailers - other,785 High Road London,N12 8JT,Barnet,-0.1770306,51.6155453,CORE_BAKERY,VERIFIED_CANDIDATE
1198576,Afghan Market,afghan market,Retailers - other,779 High Road London,N12 8JY,Barnet,-0.177035,51.61523,GROCER_BAKERY,VERIFIED_CANDIDATE
758206,Boulangerie Joie De Vie,boulangerie joie de vie,Retailers - other,359 Ballards Lane London,N12 8LJ,Barnet,-0.177201,51.613964,BAKERY_CAFE,VERIFIED_CANDIDATE
756595,Waitrose,waitrose,Retailers - supermarkets/hypermarkets,273 Ballards Lane London,N12 8NR,Barnet,-0.1797538,51.6113272,GROCER_BAKERY,SUPERMARKET_SUPPLEMENT
1876492,North Finchley Community Grocery,north finchley community grocery,Retailers - other,913 High Road London,N12 8QJ,Barnet,-0.1770228,51.619637,GROCER_BAKERY,VERIFIED_CANDIDATE
756910,Greggs Bakery,greggs bakery,Retailers - other,720 High Road London,N12 9QD,Barnet,-0.17594,51.614089,BAKERY_CAFE,LOCATION_VERIFICATION
1762886,Strawberry Patiserrie,strawberry patiserrie,Restaurant/Cafe/Canteen,746 High Road London,N12 9QG,Barnet,-0.1762286,51.614891,BAKERY_CAFE,VERIFIED_CANDIDATE
1109628,Wenzels The Bakers,wenzels the bakers,Retailers - other,754 High Road London,N12 9QG,Barnet,-0.1763123,51.6150803,CORE_BAKERY,LOCATION_VERIFICATION
1842336,Confags,confags,Retailers - other,792 High Road London,N12 9QR,Barnet,-0.1764543,51.616305,GROCER_BAKERY,VERIFIED_CANDIDATE
757924,Sainsburys,sainsburys,Retailers - supermarkets/hypermarkets,836 High Road London,N12 9RE,Barnet,-0.17627,51.6179094,GROCER_BAKERY,LOCATION_VERIFICATION
1256937,Holybella,holybella,Restaurant/Cafe/Canteen,860 High Road London,N12 9RH,Barnet,-0.176431,51.618772,BAKERY_CAFE,VERIFIED_CANDIDATE
897118,Paint The Town,paint the town,Other catering premises,Onslow Parade  Hampden Square London,N14 5JN,Barnet,-0.142653,51.632675,BAKERY_CAFE,VERIFIED_CANDIDATE
1453106,Paris- Brest Patisserie,paris brest patisserie,Restaurant/Cafe/Canteen,9 Hampden Square London,N14 5JP,Barnet,-0.142414,51.632159,BAKERY_CAFE,VERIFIED_CANDIDATE
1390284,Dolce Napoli,dolce napoli,Restaurant/Cafe/Canteen,19 Lyttelton Road London,N2 0DN,Barnet,-0.179931,51.585798,BAKERY_CAFE,VERIFIED_CANDIDATE
1854677,Romeo And Juliets,romeo and juliets,Restaurant/Cafe/Canteen,5 Lyttelton Road London,N2 0DW,Barnet,-0.1804531,51.5858392,BAKERY_CAFE,VERIFIED_CANDIDATE
860328,Margot Bakery,margot bakery,Other catering premises,121 East End Road London,N2 0SZ,Barnet,-0.177935,51.591666,CORE_BAKERY,VERIFIED_CANDIDATE
756530,Bisse Patisserie & Cafe,bisse patisserie and cafe,Restaurant/Cafe/Canteen,125 High Road London,N2 8AG,Barnet,-0.164936,51.590744,BAKERY_CAFE,VERIFIED_CANDIDATE
1535584,La Gourmandise,la gourmandise,Restaurant/Cafe/Canteen,105 High Road London,N2 8AG,Barnet,-0.164936,51.590744,BAKERY_CAFE,VERIFIED_CANDIDATE
756972,Budgens,budgens,Retailers - supermarkets/hypermarkets,Viceroy Parade  High Road London,N2 8AQ,Barnet,-0.164602,51.589722,GROCER_BAKERY,LOCATION_VERIFICATION
1683741,Egg And Bake,egg and bake,Restaurant/Cafe/Canteen,122 High Road London,N2 9ED,Barnet,-0.164383,51.590852,BAKERY_CAFE,VERIFIED_CANDIDATE
1096537,Sainsbury's Local,sainsbury s local,Retailers - supermarkets/hypermarkets,132 High Road London,N2 9ED,Barnet,-0.164383,51.590852,GROCER_BAKERY,LOCATION_VERIFICATION
1366705,Dan And Decarlo,dan and decarlo,Restaurant/Cafe/Canteen,20 High Road London,N2 9PJ,Barnet,-0.16395,51.587995,BAKERY_CAFE,VERIFIED_CANDIDATE
1905984,Tesco Stores Limited,tesco stores limited,Retailers - supermarkets/hypermarkets,18 High Road London,N2 9PJ,Barnet,-0.1638555,51.5873557,GROCER_BAKERY,LOCATION_VERIFICATION
1617058,Sunshine Supermarket,sunshine supermarket,Retailers - other,Brook Walk  Strawberry Vale London,N2 9RB,Barnet,-0.169619,51.601752,GROCER_BAKERY,VERIFIED_CANDIDATE
757008,Marks & Spencer Simply Foods,marks and spencer simply foods,Retailers - supermarkets/hypermarkets,1430 High Road London,N20 9BS,Barnet,-0.1761,51.635304,GROCER_BAKERY,SUPERMARKET_SUPPLEMENT
1884572,Alpha Bakery,alpha bakery,Other catering premises,1360 High Road London,N20 9HJ,Barnet,-0.1752888,51.6327402,BAKERY_CAFE,VERIFIED_CANDIDATE
756985,Waitrose,waitrose,Retailers - supermarkets/hypermarkets,1305 High Road London,N20 9HX,Barnet,-0.17561499774456,51.6312141418457,GROCER_BAKERY,SUPERMARKET_SUPPLEMENT
965392,Noshers Of Totteridge,noshers of totteridge,Retailers - other,40 Totteridge Lane London,N20 9QJ,Barnet,-0.178311,51.630267,BAKERY_CAFE,VERIFIED_CANDIDATE
845699,Parkway Patisserie,parkway patisserie,Retailers - other,355 Regents Park Road London,N3 1DH,Barnet,-0.19475,51.600882,CORE_BAKERY,LOCATION_VERIFICATION
1426246,Bluebelles Of Portobello,bluebelles of portobello,Restaurant/Cafe/Canteen,357 Regents Park Road London,N3 1DN,Barnet,-0.1948095,51.6007054,BAKERY_CAFE,LOCATION_VERIFICATION
758398,Sainsbury's,sainsbury s,Retailers - supermarkets/hypermarkets,Winston House 2 Dollis Park London,N3 1HF,Barnet,-0.195262,51.601061,GROCER_BAKERY,LOCATION_VERIFICATION
909767,Tavazo,tavazo,Retailers - other,147 Ballards Lane London,N3 1LJ,Barnet,-0.18869,51.605114,CORE_BAKERY,VERIFIED_CANDIDATE
1960760,Persia Supermarket,persia supermarket,Retailers - supermarkets/hypermarkets,183 Ballards Lane London,N3 1LP,Barnet,-0.187468,51.606057,GROCER_BAKERY,SUPERMARKET_SUPPLEMENT
1722984,Boulangerie Bon Matin,boulangerie bon matin,Restaurant/Cafe/Canteen,29 Ballards Lane London,N3 1XP,Barnet,-0.19131900370121,51.6033363342285,BAKERY_CAFE,LOCATION_VERIFICATION
756585,Greggs Bakery,greggs bakery,Retailers - other,25 Ballards Lane London,N3 1XP,Barnet,-0.191331,51.603347,BAKERY_CAFE,LOCATION_VERIFICATION
757716,Tesco Superstore,tesco superstore,Retailers - supermarkets/hypermarkets,39 Ballards Lane London,N3 1XP,Barnet,-0.191331,51.603348,GROCER_BAKERY,SUPERMARKET_SUPPLEMENT
1407329,CJ's Bakery,cj s bakery,Other catering premises,,N3 2,Barnet,,,CORE_BAKERY,VERIFIED_CANDIDATE
1293828,Rightway Food & Wine,rightway food and wine,Retailers - other,16 Ballards Lane London,N3 2BG,Barnet,-0.192693,51.601758,GROCER_BAKERY,VERIFIED_CANDIDATE
1914235,Cakeys Cakes LTD,cakeys cakes ltd,Restaurant/Cafe/Canteen,24 - 26 Arcadia Avenue,N3 2JU,Barnet,-0.1954025,51.5998998,BAKERY_CAFE,VERIFIED_CANDIDATE
1717251,Waitrose,waitrose,Retailers - supermarkets/hypermarkets,326 Regents Park Road London,N3 2LN,Barnet,-0.194821,51.600173,GROCER_BAKERY,SUPERMARKET_SUPPLEMENT
1828729,Andalus House Of Cake,andalus house of cake,Retailers - other,134 Ballards Lane London,N3 2PA,Barnet,-0.18816,51.604998,CORE_BAKERY,VERIFIED_CANDIDATE
756574,Mahavir Sweet Mart,mahavir sweet mart,Retailers - other,136 Ballards Lane London,N3 2PA,Barnet,-0.18816,51.604998,GROCER_BAKERY,VERIFIED_CANDIDATE
1705096,Morrisons Daily,morrisons daily,Retailers - other,238 Regents Park Road London,N3 3HP,Barnet,-0.1978432,51.5966857,GROCER_BAKERY,LOCATION_VERIFICATION
756968,Daniels Bagel Bakery,daniels bagel bakery,Retailers - other,Hallswelle Parade  Finchley Road London,NW11 0DL,Barnet,-0.200184,51.585409,CORE_BAKERY,VERIFIED_CANDIDATE
756966,Platters,platters,Retailers - other,Hallswelle Parade  Finchley Road London,NW11 0DL,Barnet,-0.200184,51.585409,GROCER_BAKERY,VERIFIED_CANDIDATE
756840,Sussers,sussers,Retailers - other,Hallswelle Parade  Finchley Road London,NW11 0DL,Barnet,-0.200184,51.585409,GROCER_BAKERY,VERIFIED_CANDIDATE
1350038,Bread,bread,Retailers - other,1 Bridge Lane London,NW11 0EA,Barnet,-0.199621,51.582136,BAKERY_CAFE,VERIFIED_CANDIDATE
1390263,Creme De La Creme / Sante Catering,creme de la creme sante catering,Retailers - other,Temple Fortune Parade  Bridge Lane London,NW11 0QN,Barnet,-0.200033,51.582664,CORE_BAKERY,VERIFIED_CANDIDATE
1805732,Chocof,chocof,Restaurant/Cafe/Canteen,Temple Fortune Parade  Finchley Road London,NW11 0QS,Barnet,-0.199846,51.583002,BAKERY_CAFE,VERIFIED_CANDIDATE
778273,Gail's Bakery,gail s bakery,Retailers - other,Temple Fortune Parade  Finchley Road London,NW11 0QS,Barnet,-0.199846,51.583002,CORE_BAKERY,LOCATION_VERIFICATION
1301420,Joie De Vie,joie de vie,Restaurant/Cafe/Canteen,Temple Fortune Parade  Finchley Road London,NW11 0QS,Barnet,-0.199846,51.583002,BAKERY_CAFE,VERIFIED_CANDIDATE
756845,Waitrose,waitrose,Retailers - supermarkets/hypermarkets,Temple Fortune Parade  Finchley Road London,NW11 0QS,Barnet,-0.199846,51.583002,GROCER_BAKERY,SUPERMARKET_SUPPLEMENT
757907,Marks & Spencer Simply Foods,marks and spencer simply foods,Retailers - supermarkets/hypermarkets,820 Finchley Road London,NW11 6XL,Barnet,-0.199225,51.58302,GROCER_BAKERY,SUPERMARKET_SUPPLEMENT
1597759,Shiraz Patisserie,shiraz patisserie,Other catering premises,Belmont Parade  Finchley Road London,NW11 6XP,Barnet,-0.199529,51.583726,CORE_BAKERY,VERIFIED_CANDIDATE
757067,Parkway Pattiserie,parkway pattiserie,Retailers - other,30 North End Road London,NW11 7PT,Barnet,-0.193741,51.571336,CORE_BAKERY,VERIFIED_CANDIDATE
1679253,Nisa Local,nisa local,Retailers - other,638 Finchley Road London,NW11 7RR,Barnet,-0.1949163,51.5713727,GROCER_BAKERY,LOCATION_VERIFICATION
756848,Sainsbury's,sainsbury s,Retailers - supermarkets/hypermarkets,612 Finchley Road London,NW11 7RX,Barnet,-0.194676,51.569965,GROCER_BAKERY,LOCATION_VERIFICATION
1664277,Piacere,piacere,Other catering premises,772 Finchley Road London,NW11 7TH,Barnet,-0.19843,51.581227,BAKERY_CAFE,VERIFIED_CANDIDATE
1150456,The Co-operative,the co operative,Retailers - other,713 Finchley Road London,NW11 8AT,Barnet,-0.1975557,51.5633337,GROCER_BAKERY,LOCATION_VERIFICATION
1271661,Price Chopper,price chopper,Retailers - other,15 Golders Green Road London,NW11 8DY,Barnet,-0.1962769,51.5717466,GROCER_BAKERY,VERIFIED_CANDIDATE
1268719,Sainsbury's Local,sainsbury s local,Retailers - supermarkets/hypermarkets,33 Golders Green Road London,NW11 8EE,Barnet,-0.197430998086929,51.5719871520996,GROCER_BAKERY,LOCATION_VERIFICATION
1175625,Wenzels The Bakers,wenzels the bakers,Retailers - other,39 Golders Green Road London,NW11 8EE,Barnet,-0.1974135,51.5720692,CORE_BAKERY,LOCATION_VERIFICATION
1471856,Carmelli Bakeries,carmelli bakeries,Retailers - other,126 Golders Green Road London,NW11 8HB,Barnet,-0.200481,51.573867,CORE_BAKERY,VERIFIED_CANDIDATE
1782726,FOOD MARKET LTD,food market ltd,Retailers - other,121 Golders Green Road London,NW11 8HR,Barnet,-0.200544,51.573382,GROCER_BAKERY,VERIFIED_CANDIDATE
1921445,Oven Meat,oven meat,Other catering premises,105 Golders Green Road London,NW11 8HR,Barnet,-0.200544,51.573382,CORE_BAKERY,VERIFIED_CANDIDATE
1735148,Pret A Manger,pret a manger,Restaurant/Cafe/Canteen,2 Golders Green Road London,NW11 8LH,Barnet,-0.195943,51.5720769,BAKERY_CAFE,LOCATION_VERIFICATION
1535589,Poziomka,poziomka,Retailers - other,88 Golders Green Road London,NW11 8LN,Barnet,-0.198859,51.572925,GROCER_BAKERY,LOCATION_VERIFICATION
930527,Kay's Local,kay s local,Retailers - other,137 Hamilton Road London,NW11 9EG,Barnet,-0.2136582,51.5751222,GROCER_BAKERY,VERIFIED_CANDIDATE
1575673,Grodz,grodz,Retailers - other,223 Golders Green Road London,NW11 9ES,Barnet,-0.20777,51.57789,CORE_BAKERY,VERIFIED_CANDIDATE
1378573,Coco Bakery,coco bakery,Retailers - other,Russell Parade  Golders Green Road London,NW11 9NN,Barnet,-0.207422,51.578299,CORE_BAKERY,VERIFIED_CANDIDATE
756819,Kosher Kingdom,kosher kingdom,Retailers - supermarkets/hypermarkets,Russell Parade  Golders Green Road London,NW11 9NN,Barnet,-0.207422,51.578299,GROCER_BAKERY,VERIFIED_CANDIDATE
1649135,Shefa Delight @ Kosher Kingdom,shefa delight kosher kingdom,Retailers - other,Russell Parade  Golders Green Road London,NW11 9NN,Barnet,-0.207422,51.578299,GROCER_BAKERY,VERIFIED_CANDIDATE
1526835,Karma Bakehouse LTD,karma bakehouse ltd,Retailers - other,13 Claremont Way London,NW2 1AJ,Barnet,-0.219885,51.5715939,CORE_BAKERY,VERIFIED_CANDIDATE
1301433,ACC Polski Supermarket Ltd,acc polski supermarket ltd,Retailers - other,9 Cricklewood Lane London,NW2 1ET,Barnet,-0.214982,51.557345,GROCER_BAKERY,VERIFIED_CANDIDATE
757349,The Co-operative,the co operative,Retailers - supermarkets/hypermarkets,1 Cricklewood Lane London,NW2 1ET,Barnet,-0.214982,51.557345,GROCER_BAKERY,LOCATION_VERIFICATION
951835,La Esquina,la esquina,Restaurant/Cafe/Canteen,48 Cricklewood Lane London,NW2 1HD,Barnet,-0.213488,51.557574,BAKERY_CAFE,VERIFIED_CANDIDATE
757409,Tesco,tesco,Retailers - supermarkets/hypermarkets,Tesco Store  Tilling Road London,NW2 1LZ,Barnet,-0.214867,51.574285,GROCER_BAKERY,SUPERMARKET_SUPPLEMENT
1199781,Ludettino,ludettino,Restaurant/Cafe/Canteen,170 Cricklewood Lane London,NW2 2DX,Barnet,-0.2074512,51.5603755,GROCER_BAKERY,VERIFIED_CANDIDATE
1548999,Pinocchio,pinocchio,Retailers - other,166 Cricklewood Lane London,NW2 2DX,Barnet,-0.207332,51.560393,BAKERY_CAFE,LOCATION_VERIFICATION
1960726,Afg Brent Cross Food & Wine,afg brent cross food and wine,Retailers - other,21 Merchant Street,NW2 8AQ,Barnet,-0.2214222,51.5719946,GROCER_BAKERY,VERIFIED_CANDIDATE
756611,Manna Deli,manna deli,Retailers - other,146 Brent Street London,NW4 2DR,Barnet,-0.220773,51.587512,GROCER_BAKERY,VERIFIED_CANDIDATE
757855,Mr Baker,mr baker,Retailers - other,119 Brent Street London,NW4 2DX,Barnet,-0.221264,51.587501,BAKERY_CAFE,VERIFIED_CANDIDATE
1413877,La Brioche,la brioche,Retailers - other,81 Brent Street London,NW4 2DY,Barnet,-0.220558637486335,51.586662395874,BAKERY_CAFE,LOCATION_VERIFICATION
1834988,Allenby,allenby,Retailers - other,55 Brent Street London,NW4 2EA,Barnet,-0.2202029,51.5858078,GROCER_BAKERY,VERIFIED_CANDIDATE
1515453,Ayelets,ayelets,Retailers - other,2 Sentinel Square London,NW4 2EL,Barnet,-0.2203049,51.587127,GROCER_BAKERY,VERIFIED_CANDIDATE
758411,Bagels Bar,bagels bar,Restaurant/Cafe/Canteen,84 Brent Street London,NW4 2ES,Barnet,-0.219036,51.585049,BAKERY_CAFE,VERIFIED_CANDIDATE
1582780,Portoberry,portoberry,Retailers - other,106 Brent Street London,NW4 2HH,Barnet,-0.219686,51.58576,BAKERY_CAFE,VERIFIED_CANDIDATE
757563,Tapuach / Sushi Fix,tapuach sushi fix,Retailers - supermarkets/hypermarkets,108 Brent Street London,NW4 2HH,Barnet,-0.219686,51.58576,GROCER_BAKERY,SUPERMARKET_SUPPLEMENT
1413876,Maramur Bakery,maramur bakery,Retailers - other,10 Watford Way London,NW4 3AD,Barnet,-0.227494,51.583567,CORE_BAKERY,VERIFIED_CANDIDATE
1814177,Morrisons Daily @ Rontec Hendon Way,morrisons daily rontec hendon way,Retailers - other,Esso Petrol Filling Station 67 Watford Way London,NW4 3AQ,Barnet,-0.230076000094414,51.5848770141602,GROCER_BAKERY,VERIFIED_CANDIDATE
757407,Marks & Spencer,marks and spencer,Retailers - supermarkets/hypermarkets,Brent Cross Shopping Centre  Prince Charles Drive London,NW4 3FE,Barnet,-0.224534,51.576185,GROCER_BAKERY,LOCATION_VERIFICATION
1927242,Platter (by Benugo At John Lewis),platter by benugo at john lewis,Restaurant/Cafe/Canteen,Brent Cross Shopping Centre Prince Charles Drive,NW4 3FL,Barnet,-0.2237626,51.5764202,BAKERY_CAFE,LOCATION_VERIFICATION
1927254,Patisserie Valerie,patisserie valerie,Restaurant/Cafe/Canteen,Brent Cross Shopping Centre  Prince Charles Drive London,NW4 3FN,Barnet,-0.224534,51.576185,BAKERY_CAFE,LOCATION_VERIFICATION
1745534,B Bagel - Brent Cross,b bagel brent cross,Other catering premises,Brent Cross Shopping Centre  Prince Charles Drive London,NW4 3FP,Barnet,-0.224534,51.576185,CORE_BAKERY,VERIFIED_CANDIDATE
1206759,Hotel Chocolat,hotel chocolat,Restaurant/Cafe/Canteen,Brent Cross Shopping Centre  Prince Charles Drive London,NW4 3FP,Barnet,-0.224534,51.576185,BAKERY_CAFE,LOCATION_VERIFICATION
757707,The Kanteen,the kanteen,Restaurant/Cafe/Canteen,Brent Cross Shopping Centre  Prince Charles Drive London,NW4 3FP,Barnet,-0.224534,51.576185,BAKERY_CAFE,VERIFIED_CANDIDATE
1453144,Wenzels The Bakers,wenzels the bakers,Retailers - other,Brent Cross Shopping Centre  Prince Charles Drive London,NW4 3FP,Barnet,-0.224534,51.576185,CORE_BAKERY,LOCATION_VERIFICATION
756628,Waitrose,waitrose,Retailers - supermarkets/hypermarkets,Brent Cross Shopping Centre  Prince Charles Drive London,NW4 3FQ,Barnet,-0.224534,51.576185,GROCER_BAKERY,SUPERMARKET_SUPPLEMENT
1775826,Pret A Manger,pret a manger,Other catering premises,Brent Cross Shopping Centre  Prince Charles Drive London,NW4 3FZ,Barnet,-0.224534,51.576185,BAKERY_CAFE,LOCATION_VERIFICATION
1575679,Entice By Marlen,entice by marlen,Retailers - other,7 Watford Way London,NW4 3JL,Barnet,-0.2278553,51.5831724,BAKERY_CAFE,VERIFIED_CANDIDATE
1828741,Suceava Supermarket,suceava supermarket,Retailers - other,34 Vivian Avenue London,NW4 3XP,Barnet,-0.229332,51.582714,GROCER_BAKERY,VERIFIED_CANDIDATE
989316,My Costcutter,my costcutter,Retailers - other,Burroughs Parade  The Burroughs London,NW4 4BD,Barnet,-0.228291,51.588318,GROCER_BAKERY,VERIFIED_CANDIDATE
1517798,CHARTWELLS - MDX.BUILDING GREGGS,chartwells mdx building greggs,Restaurant/Cafe/Canteen,Middlesex University  The Burroughs London,NW4 4BT,Barnet,-0.228453,51.589723,GROCER_BAKERY,VERIFIED_CANDIDATE
756694,Hendon Bagel Bakery,hendon bagel bakery,Retailers - other,55 Church Road London,NW4 4DU,Barnet,-0.223857,51.589861,CORE_BAKERY,VERIFIED_CANDIDATE
1914232,Kaaphi,kaaphi,Other catering premises,,NW7 ,Barnet,,,BAKERY_CAFE,VERIFIED_CANDIDATE
965417,Finchley Nurseries Ltd,finchley nurseries ltd,Retailers - other,Finchley Nurseries  Burtonhole Lane London,NW7 1AS,Barnet,-0.216777,51.620624,GROCER_BAKERY,VERIFIED_CANDIDATE
1889803,Rubiland,rubiland,Retailers - other,Bittacy Business Centre  Bittacy Hill London,NW7 1BA,Barnet,-0.207923,51.607747,GROCER_BAKERY,VERIFIED_CANDIDATE
757381,Waitrose,waitrose,Retailers - supermarkets/hypermarkets,2 Langstone Way London,NW7 1GU,Barnet,-0.210481,51.607696,GROCER_BAKERY,SUPERMARKET_SUPPLEMENT
989281,BP Kelly's Corner SF Connect,bp kelly s corner sf connect,Retailers - other,BP Connect Kellys Corner Service Station 137 Dollis Road London,NW7 1JX,Barnet,-0.206210002303123,51.6046829223633,GROCER_BAKERY,VERIFIED_CANDIDATE
757092,The Bagel Place,the bagel place,Retailers - other,Thornfield Parade  Holders Hill Road London,NW7 1LN,Barnet,-0.207358,51.604483,CORE_BAKERY,VERIFIED_CANDIDATE
757749,Cake Create,cake create,Restaurant/Cafe/Canteen,Holders Hill Parade  Holders Hill Road London,NW7 1LY,Barnet,-0.208913,51.601306,BAKERY_CAFE,VERIFIED_CANDIDATE
801415,Bluebelles Of Portobello,bluebelles of portobello,Restaurant/Cafe/Canteen,57 The Broadway London,NW7 3DA,Barnet,-0.247702,51.614705,BAKERY_CAFE,VERIFIED_CANDIDATE
757680,Iceland,iceland,Retailers - supermarkets/hypermarkets,43 The Broadway London,NW7 3DA,Barnet,-0.247702,51.614705,GROCER_BAKERY,LOCATION_VERIFICATION
758139,Waitrose,waitrose,Retailers - supermarkets/hypermarkets,London Gateway Service Area  M1 London Gateway Services Junction 3 From Junction 2 Off Slip London,NW7 3HU,Barnet,-0.266371,51.632337,GROCER_BAKERY,SUPERMARKET_SUPPLEMENT
757210,Greggs Bakery,greggs bakery,Retailers - other,44 The Broadway London,NW7 3LH,Barnet,-0.246751,51.614637,BAKERY_CAFE,LOCATION_VERIFICATION
757212,Marks & Spencer Simply Foods,marks and spencer simply foods,Retailers - supermarkets/hypermarkets,3 The Broadway London,NW7 3LN,Barnet,-0.248948,51.614238,GROCER_BAKERY,SUPERMARKET_SUPPLEMENT
756542,Wenzels The Bakers,wenzels the bakers,Retailers - other,13 The Broadway London,NW7 3LN,Barnet,-0.248948,51.614238,CORE_BAKERY,LOCATION_VERIFICATION
1206758,Haleh's Cakes,haleh s cakes,Retailers - other,7 Hale Lane London,NW7 3NU,Barnet,-0.250861,51.6137,CORE_BAKERY,VERIFIED_CANDIDATE
1358042,Gail's Mill Hill,gail s mill hill,Retailers - other,88 The Broadway London,NW7 3TB,Barnet,-0.244727,51.615821,CORE_BAKERY,VERIFIED_CANDIDATE
1800990,Honey Bakery,honey bakery,Retailers - other,119 The Broadway London,NW7 3TG,Barnet,-0.245569,51.615707,BAKERY_CAFE,VERIFIED_CANDIDATE
758232,Yummies,yummies,Other catering premises,105 The Broadway London,NW7 3TG,Barnet,-0.245569,51.615707,BAKERY_CAFE,VERIFIED_CANDIDATE
1059056,Wenzels The Bakers,wenzels the bakers,Retailers - other,132 Colindale Avenue London,NW9 4AX,Barnet,-0.2501789,51.5947406,CORE_BAKERY,LOCATION_VERIFICATION
1059076,ITJL,itjl,Restaurant/Cafe/Canteen,10 Charcot Road London,NW9 5WU,Barnet,-0.2506697,51.595527,BAKERY_CAFE,VERIFIED_CANDIDATE
1027068,Sainsburys,sainsburys,Retailers - supermarkets/hypermarkets,14 Charcot Road London,NW9 5WU,Barnet,-0.249705001711845,51.594181060791,GROCER_BAKERY,LOCATION_VERIFICATION
801400,Sainsbury's,sainsbury s,Retailers - supermarkets/hypermarkets,Heath Parade  Grahame Park Way London,NW9 5ZN,Barnet,,,GROCER_BAKERY,LOCATION_VERIFICATION
1582784,Way2save Supermarket,way2save supermarket,Retailers - supermarkets/hypermarkets,254 West Hendon Broadway London,NW9 6AG,Barnet,-0.24050768,51.57844773,GROCER_BAKERY,SUPERMARKET_SUPPLEMENT
1775846,Sainsburys,sainsburys,Retailers - supermarkets/hypermarkets,Henshaw Parade  The Hyde London,NW9 6GH,Barnet,,,GROCER_BAKERY,LOCATION_VERIFICATION
1914219,Costcutter,costcutter,Retailers - other,137 West Hendon Broadway London,NW9 7DY,Barnet,-0.238842,51.576409,GROCER_BAKERY,LOCATION_VERIFICATION
1701257,Minas Mini Desserts,minas mini desserts,Restaurant/Cafe/Canteen,232 West Hendon Broadway London,NW9 7ED,Barnet,-0.239566,51.577832,BAKERY_CAFE,VERIFIED_CANDIDATE
1494736,Bakers + Baristas,bakers baristas,Other catering premises,Brent Cross Shopping Centre  Prince Charles Drive London,,Barnet,-0.2237626,51.5764202,BAKERY_CAFE,VERIFIED_CANDIDATE
1802993,Cloud Nine Crayford,cloud nine crayford,Restaurant/Cafe/Canteen,"169 Crayford Road, Crayford, Dartford, Kent",DA1 4HA,Bexley,0.1797014,51.4510975,BAKERY_CAFE,VERIFIED_CANDIDATE
682880,Sainsbury's,sainsbury s,Retailers - supermarkets/hypermarkets,"Stadium Way, Crayford, Dartford, Kent",DA1 4HN,Bexley,0.21039,51.449586,GROCER_BAKERY,LOCATION_VERIFICATION
1438464,Greggs,greggs,Retailers - other,"1 Tower Park Road, Crayford, Dartford, Kent",DA1 4LB,Bexley,0.1823267,51.4503112,CORE_BAKERY,LOCATION_VERIFICATION
632827,Costa Crayford (Next),costa crayford next,Restaurant/Cafe/Canteen,"3 Tower Retail Park, Crayford Road, Crayford, Dartford",DA1 4LD,Bexley,0.181875,51.451327,BAKERY_CAFE,VERIFIED_CANDIDATE
329065,Northend Mini Market,northend mini market,Retailers - other,"4 Parkside Parade, Northend Road, Crayford, Dartford",DA1 4RA,Bexley,0.181738,51.463848,GROCER_BAKERY,VERIFIED_CANDIDATE
329532,Lidl Foots Cray,lidl foots cray,Retailers - supermarkets/hypermarkets,"23 Foots Cray High Street, Sidcup, Kent",DA14 5HJ,Bexley,0.118671,51.418592,GROCER_BAKERY,VERIFIED_CANDIDATE
738289,Morrisons,morrisons,Retailers - supermarkets/hypermarkets,"1 Jenner Close, Sidcup, Kent",DA14 6BF,Bexley,0.1025779,51.425068,GROCER_BAKERY,LOCATION_VERIFICATION
610405,Sidcup Auction Rooms,sidcup auction rooms,Restaurant/Cafe/Canteen,"14 Church Road, Sidcup, Kent",DA14 6BX,Bexley,0.104726,51.424671,BAKERY_CAFE,VERIFIED_CANDIDATE
329591,Greggs,greggs,Retailers - other,"51 Sidcup High Street, Sidcup, Kent",DA14 6ED,Bexley,0.103633,51.426228,CORE_BAKERY,LOCATION_VERIFICATION
610406,Little Waitrose,little waitrose,Retailers - supermarkets/hypermarkets,"1 Sidcup High Street, Sidcup, Kent",DA14 6EN,Bexley,0.104839,51.42555,GROCER_BAKERY,LOCATION_VERIFICATION
1662481,Walnuts,walnuts,Restaurant/Cafe/Canteen,"105 - 107 Main Road, Sidcup, Kent",DA14 6ND,Bexley,0.0998001,51.4266062,BAKERY_CAFE,VERIFIED_CANDIDATE
329563,J Ayre Bakers,j ayre bakers,Retailers - other,"275 Main Road, Sidcup, Kent",DA14 6QL,Bexley,0.085747,51.43055,CORE_BAKERY,VERIFIED_CANDIDATE
1859004,Sidcup Food And Wine,sidcup food and wine,Retailers - other,"212 Main Road, Sidcup, Kent",DA14 6RN,Bexley,0.08901,51.428594,GROCER_BAKERY,VERIFIED_CANDIDATE
1714120,Marks And Spencer,marks and spencer,Retailers - supermarkets/hypermarkets,"124 Station Road, Sidcup, Kent",DA15 7AB,Bexley,0.102544,51.434782,GROCER_BAKERY,LOCATION_VERIFICATION
329539,Mia's Of Sidcup,mia s of sidcup,Retailers - other,"190 Halfway Street, Sidcup, Kent",DA15 8DJ,Bexley,0.087179,51.441127,CORE_BAKERY,VERIFIED_CANDIDATE
1898686,Walnuts,walnuts,Restaurant/Cafe/Canteen,"188 Halfway Street, Sidcup, Kent",DA15 8DJ,Bexley,0.087179,51.441127,BAKERY_CAFE,LOCATION_VERIFICATION
1519438,Morrisons Daily,morrisons daily,Retailers - other,"170 Halfway Street, Sidcup, Kent",DA15 8DL,Bexley,0.08779,51.440649,GROCER_BAKERY,LOCATION_VERIFICATION
577359,Nisa Local,nisa local,Retailers - other,"189 Days Lane, Sidcup, Kent",DA15 8JX,Bexley,0.096856,51.447258,GROCER_BAKERY,LOCATION_VERIFICATION
329512,J. Ayre Bakers And Confectioners,j ayre bakers and confectioners,Retailers - other,"238 Blackfen Road, Sidcup, Kent",DA15 8PW,Bexley,0.101729,51.45057,CORE_BAKERY,VERIFIED_CANDIDATE
1646626,Candy Box,candy box,Retailers - other,"1 Blackfen Parade, Blackfen Road, Sidcup, Kent",DA15 9LU,Bexley,0.104288,51.450192,GROCER_BAKERY,LOCATION_VERIFICATION
930911,Shell Blendon Little Waitrose,shell blendon little waitrose,Retailers - other,"Shell Blendon, Blackfen Road, Sidcup, Kent",DA15 9NT,Bexley,0.115801,51.447988,GROCER_BAKERY,VERIFIED_CANDIDATE
1113344,Belle's Bakery,belle s bakery,Retailers - other,"52 Wrotham Road, Welling, Kent",DA16 1LN,Bexley,0.121719,51.468862,CORE_BAKERY,VERIFIED_CANDIDATE
587339,Harrisons,harrisons,Retailers - other,"172-174 Park View Road, Welling, Kent",DA16 1ST,Bexley,0.114319,51.461711,GROCER_BAKERY,LOCATION_VERIFICATION
451404,Tesco Welling Superstore,tesco welling superstore,Retailers - supermarkets/hypermarkets,"Embassy Court, Welling, Kent",DA16 1TH,Bexley,0.109772,51.462072,GROCER_BAKERY,SUPERMARKET_SUPPLEMENT
329691,Worths Bakery,worths bakery,Manufacturers/packers,"110 Welling High Street, Welling, Kent",DA16 1TJ,Bexley,0.1091349,51.4620648,CORE_BAKERY,VERIFIED_CANDIDATE
665221,Morrisons,morrisons,Retailers - supermarkets/hypermarkets,"71 - 79 Welling High Street, Welling, Kent",DA16 1TU,Bexley,0.110817,51.462242,GROCER_BAKERY,LOCATION_VERIFICATION
799181,Skonis LT,skonis lt,Retailers - other,"39 - 41 Welling High Street, Welling, Kent",DA16 1TU,Bexley,0.110816,51.462241,GROCER_BAKERY,VERIFIED_CANDIDATE
709085,The Co-Operative,the co operative,Retailers - supermarkets/hypermarkets,"21-23 Falconwood Parade, Welling, Kent",DA16 2PQ,Bexley,0.093377,51.457402,GROCER_BAKERY,LOCATION_VERIFICATION
451411,Jordan Food & Wine Also T/A Magic Sweets And Drinks,jordan food and wine also t a magic sweets and drinks,Retailers - other,"257 Upper Wickham Lane, Welling, Kent",DA16 3AP,Bexley,0.110921,51.471053,GROCER_BAKERY,VERIFIED_CANDIDATE
587340,Tesco,tesco,Retailers - supermarkets/hypermarkets,"172 Upper Wickham Lane, Welling, Kent",DA16 3DX,Bexley,0.110259,51.46763,GROCER_BAKERY,SUPERMARKET_SUPPLEMENT
329334,Costcutters Welling,costcutters welling,Retailers - other,"180 - 182 Upper Wickham Lane, Welling, Kent",DA16 3EB,Bexley,0.110067,51.46846,GROCER_BAKERY,VERIFIED_CANDIDATE
1009721,Lidl Welling,lidl welling,Retailers - supermarkets/hypermarkets,"46 - 60 Upper Wickham Lane, Welling, Kent",DA16 3HF,Bexley,0.107984997332096,51.4635887145996,GROCER_BAKERY,SUPERMARKET_SUPPLEMENT
1689841,Shreeji Cash & Carry,shreeji cash and carry,Retailers - other,"44A Bellegrove Road, Welling, Kent",DA16 3PY,Bexley,0.104196,51.463224,GROCER_BAKERY,VERIFIED_CANDIDATE
1714118,Shell Bellegrove,shell bellegrove,Retailers - other,"Budgens, 145 - 175 Bellegrove Road, Welling, Kent",DA16 3QS,Bexley,0.0990704,51.4636034,GROCER_BAKERY,VERIFIED_CANDIDATE
785546,Budgens,budgens,Retailers - other,"227 - 229 Bellegrove Road, Welling, Kent",DA16 3RQ,Bexley,0.093343,51.464524,GROCER_BAKERY,LOCATION_VERIFICATION
1064854,Anchor Service Station,anchor service station,Retailers - other,"Anchor Garage, 322 Bellegrove Road, Welling, Kent",DA16 3RW,Bexley,0.085291,51.466331,GROCER_BAKERY,VERIFIED_CANDIDATE
684037,Sainsbury's,sainsbury s,Retailers - supermarkets/hypermarkets,"72 Nuxley Road, Belvedere, Kent",DA17 5JG,Bexley,0.145655,51.482482,GROCER_BAKERY,LOCATION_VERIFICATION
1411107,Rombi's,rombi s,Retailers - other,"14 Albert Road, Belvedere, Kent",DA17 5LJ,Bexley,0.1441985,51.481573,GROCER_BAKERY,VERIFIED_CANDIDATE
620280,Asda Superstore,asda superstore,Retailers - supermarkets/hypermarkets,"301 Lower Road, Belvedere, Kent",DA17 6DF,Bexley,0.154425,51.491611,GROCER_BAKERY,SUPERMARKET_SUPPLEMENT
1793825,Mithai,mithai,Retailers - other,"94 Lower Road, Belvedere, Kent",DA17 6DZ,Bexley,0.162275,51.490054,CORE_BAKERY,VERIFIED_CANDIDATE
1104872,Lidl Belvedere,lidl belvedere,Retailers - other,"Clydesdale Way, Belvedere, Kent",DA17 6FD,Bexley,0.15652,51.49694,GROCER_BAKERY,VERIFIED_CANDIDATE
1701861,Boulangerie Jade,boulangerie jade,Restaurant/Cafe/Canteen,"47 - 49 Bexley High Street, Bexley, Kent",DA5 1AB,Bexley,0.1484741,51.441413,CORE_BAKERY,LOCATION_VERIFICATION
329235,Melucci's Italian Delicatessen,melucci s italian delicatessen,Retailers - other,"55 Bexley High Street, Bexley, Kent",DA5 1AB,Bexley,0.147981,51.441548,GROCER_BAKERY,VERIFIED_CANDIDATE
329204,The Bakery,the bakery,Manufacturers/packers,"6 Bexley High Street, Bexley, Kent",DA5 1AD,Bexley,0.147162,51.441563,CORE_BAKERY,VERIFIED_CANDIDATE
904095,Maddison's Bakery,maddison s bakery,Takeaway/sandwich shop,"157 Blendon Road, Bexley, Kent",DA5 1BT,Bexley,0.121441,51.447976,CORE_BAKERY,LOCATION_VERIFICATION
587324,The Co-Operative,the co operative,Retailers - supermarkets/hypermarkets,"147-149 Blendon Road, Bexley, Kent",DA5 1BT,Bexley,0.121528,51.447974,GROCER_BAKERY,LOCATION_VERIFICATION
1738457,Romie's,romie s,Restaurant/Cafe/Canteen,"4 Mill Row, Bexley High Street, Bexley, Kent",DA5 1LA,Bexley,0.150719,51.44103,BAKERY_CAFE,VERIFIED_CANDIDATE
329297,Asda,asda,Retailers - supermarkets/hypermarkets,"160 Broadway, Bexleyheath, Kent",DA6 7BN,Bexley,0.141893,51.4572,GROCER_BAKERY,SUPERMARKET_SUPPLEMENT
1641963,Panku,panku,Takeaway/sandwich shop,"ASDA, 160 Broadway, Bexleyheath, Kent",DA6 7BN,Bexley,0.1427916,51.4574166,GROCER_BAKERY,LOCATION_VERIFICATION
1723195,B&M Retail,b and m retail,Retailers - other,"74 Broadway, Bexleyheath, Kent",DA6 7DF,Bexley,0.148091,51.45616,GROCER_BAKERY,LOCATION_VERIFICATION
738294,Sainsbury's,sainsbury s,Retailers - supermarkets/hypermarkets,"72 Broadway, Bexleyheath, Kent",DA6 7DF,Bexley,0.148091,51.456159,GROCER_BAKERY,LOCATION_VERIFICATION
1384868,Alli Bhavan,alli bhavan,Retailers - other,"11 - 15 Market Place, Bexleyheath, Kent",DA6 7DZ,Bexley,0.1469317,51.4566843,GROCER_BAKERY,VERIFIED_CANDIDATE
1687702,Green Stop Trading At Alli Bhavan,green stop trading at alli bhavan,Retailers - other,"11 - 15 Market Place, Bexleyheath, Kent",DA6 7DZ,Bexley,0.1469317,51.4566843,GROCER_BAKERY,VERIFIED_CANDIDATE
1338501,Muffin Break,muffin break,Restaurant/Cafe/Canteen,"Unit 2, 131 Broadway, Bexleyheath, Kent",DA6 7HF,Bexley,0.143749997019768,51.4565887451172,BAKERY_CAFE,LOCATION_VERIFICATION
1716854,Lollius,lollius,Restaurant/Cafe/Canteen,"111 Broadway, Bexleyheath, Kent",DA6 7JH,Bexley,0.144421,51.456479,BAKERY_CAFE,VERIFIED_CANDIDATE
1612093,Bakers And Baristas,bakers and baristas,Restaurant/Cafe/Canteen,"75 The Mall, Bexleyheath, Kent",DA6 7JJ,Bexley,0.1461856,51.4561224,BAKERY_CAFE,LOCATION_VERIFICATION
1835829,Grape Tree,grape tree,Mobile caterer,"Central Mall, Broadway Shopping Centre, Bexleyheath, Kent",DA6 7JJ,Bexley,,,GROCER_BAKERY,LOCATION_VERIFICATION
1765005,Auntie Anne's Bexleyheath,auntie anne s bexleyheath,Mobile caterer,"Unit 2, Central Mall, Broadway Shopping Centre, Bexleyheath",DA6 7JN,Bexley,,,CORE_BAKERY,VERIFIED_CANDIDATE
1692849,Greggs,greggs,Restaurant/Cafe/Canteen,"Broadway, Bexleyheath, Kent",DA6 7JN,Bexley,0.14963687,51.45595405,CORE_BAKERY,LOCATION_VERIFICATION
687090,Marks & Spencer,marks and spencer,Retailers - supermarkets/hypermarkets,"55 Broadway, Bexleyheath, Kent",DA6 7JN,Bexley,0.146147,51.456133,GROCER_BAKERY,LOCATION_VERIFICATION
984334,Lidl Bexleyheath,lidl bexleyheath,Retailers - supermarkets/hypermarkets,"Lidl, 20 Broadway, Bexleyheath, Kent",DA6 7LL,Bexley,0.149984002113342,51.4560890197754,GROCER_BAKERY,VERIFIED_CANDIDATE
1714119,Londis Broadway,londis broadway,Retailers - other,"246 Broadway, Bexleyheath, Kent",DA6 8AS,Bexley,0.1368688,51.4578934,GROCER_BAKERY,VERIFIED_CANDIDATE
329308,Bake Aways,bake aways,Retailers - other,"264 Broadway, Bexleyheath, Kent",DA6 8BE,Bexley,0.135499,51.458063,BAKERY_CAFE,VERIFIED_CANDIDATE
1303206,Bexley Community Pantry,bexley community pantry,Retailers - other,"301C Broadway, Bexleyheath, Kent",DA6 8DT,Bexley,0.1342647,51.4579229,GROCER_BAKERY,VERIFIED_CANDIDATE
1716850,Mays Of London,mays of london,Restaurant/Cafe/Canteen,"40 - 46 Avenue Road, Bexleyheath, Kent",DA7 4EG,Bexley,0.132462,51.4624792,BAKERY_CAFE,VERIFIED_CANDIDATE
687105,Sainsbury's,sainsbury s,Retailers - supermarkets/hypermarkets,"81 - 87 Avenue Road, Bexleyheath, Kent",DA7 4EQ,Bexley,0.13182,51.462212,GROCER_BAKERY,LOCATION_VERIFICATION
1853743,Popsey Coffee 2 Ltd,popsey coffee 2 ltd,Restaurant/Cafe/Canteen,"4 Station Approach, Bexleyheath, Kent",DA7 4QP,Bexley,0.1331507,51.4636627,BAKERY_CAFE,VERIFIED_CANDIDATE
329376,The Co-Operative,the co operative,Retailers - supermarkets/hypermarkets,"4-12 Pickford Lane, Bexleyheath, Kent",DA7 4QW,Bexley,0.13309,51.464447,GROCER_BAKERY,LOCATION_VERIFICATION
376331,The Bakery,the bakery,Retailers - other,"7 Pickford Lane, Bexleyheath, Kent",DA7 4RD,Bexley,0.132463,51.464287,BAKERY_CAFE,LOCATION_VERIFICATION
1883644,Bagels And Pastries,bagels and pastries,Takeaway/sandwich shop,"154 Brampton Road, Bexleyheath, Kent",DA7 4SY,Bexley,0.130075,51.471741,BAKERY_CAFE,VERIFIED_CANDIDATE
782383,Sainsbury's,sainsbury s,Retailers - supermarkets/hypermarkets,"267 Brampton Road, Bexleyheath, Kent",DA7 4TA,Bexley,0.128143,51.472621,GROCER_BAKERY,LOCATION_VERIFICATION
329354,The Co-Operative,the co operative,Retailers - supermarkets/hypermarkets,"131-135 Long Lane, Bexleyheath, Kent",DA7 5AE,Bexley,0.145686,51.465943,GROCER_BAKERY,VERIFIED_CANDIDATE
468320,Maddison's Bakery,maddison s bakery,Retailers - other,"156 Long Lane, Bexleyheath, Kent",DA7 5AQ,Bexley,0.144927,51.46665,CORE_BAKERY,VERIFIED_CANDIDATE
1937258,Shiona's,shiona s,Restaurant/Cafe/Canteen,"6 The Pantiles, Bexleyheath, Kent",DA7 5HD,Bexley,0.141334,51.473235,BAKERY_CAFE,VERIFIED_CANDIDATE
1793826,Baked By Sam,baked by sam,Retailers - other,"98 Barnehurst Road, Bexleyheath, Kent",DA7 6HG,Bexley,0.158287,51.465711,CORE_BAKERY,VERIFIED_CANDIDATE
574427,Sainsbury's Local,sainsbury s local,Retailers - supermarkets/hypermarkets,"308 Erith Road, Bexleyheath, Kent",DA7 6HJ,Bexley,0.158198,51.467188,GROCER_BAKERY,LOCATION_VERIFICATION
804025,Costcutter,costcutter,Retailers - other,"1 Midfield Parade, Mayplace Road East, Bexleyheath, Kent",DA7 6NA,Bexley,0.161249,51.460459,GROCER_BAKERY,LOCATION_VERIFICATION
1662478,Sainsbury's Supermarkets,sainsbury s supermarkets,Retailers - supermarkets/hypermarkets,"Sainsbury's, 1 Bronze Walk, Erith, Kent",DA8 1GF,Bexley,0.1642419,51.4831462,GROCER_BAKERY,SUPERMARKET_SUPPLEMENT
329421,Belmont Service Station / Londis,belmont service station londis,Retailers - other,"10 - 14 Belmont Road, Erith, Kent",DA8 1LB,Bexley,0.156858,51.472645,GROCER_BAKERY,VERIFIED_CANDIDATE
1069099,Bake & Go,bake and go,Manufacturers/packers,"Unit N12, Europa Trading Estate, Fraser Road, Erith",DA8 1QL,Bexley,0.1709597,51.4825193,CORE_BAKERY,VERIFIED_CANDIDATE
1704723,Greggs,greggs,Retailers - other,"Erith Shopping Centre, Erith High Street, Erith, Kent",DA8 1TA,Bexley,,,CORE_BAKERY,LOCATION_VERIFICATION
682887,Morrisons,morrisons,Retailers - supermarkets/hypermarkets,"James Watt Way, Erith, Kent",DA8 2AH,Bexley,0.184678,51.480178,GROCER_BAKERY,LOCATION_VERIFICATION
1748441,Morrisons Daily Erith,morrisons daily erith,Retailers - other,"Petrol Station, Morrisons, James Watt Way, Erith",DA8 2AH,Bexley,,,GROCER_BAKERY,VERIFIED_CANDIDATE
329467,T K Best One,t k best one,Retailers - other,"3B Lincoln Road, Erith, Kent",DA8 2DX,Bexley,0.185455,51.465406,GROCER_BAKERY,VERIFIED_CANDIDATE
1083208,Budgens,budgens,Retailers - other,"190 Rainbow Road, Erith, Kent",DA8 2EQ,Bexley,0.1911298,51.4717127,GROCER_BAKERY,LOCATION_VERIFICATION
1519439,Morrisons Daily,morrisons daily,Retailers - other,"43 - 49 Forest Road, Erith, Kent",DA8 2NU,Bexley,0.190737,51.468365,GROCER_BAKERY,LOCATION_VERIFICATION
329428,Crumbs Bakery,crumbs bakery,Retailers - other,"220 Bexley Road, Erith, Kent",DA8 3HD,Bexley,0.162383,51.474072,CORE_BAKERY,VERIFIED_CANDIDATE
956968,Shell Erith,shell erith,Retailers - other,"Northend Road, Erith, Kent",DA8 3QF,Bexley,0.182129,51.464811,GROCER_BAKERY,VERIFIED_CANDIDATE
1765006,Sourdough Mikate,sourdough mikate,Retailers - other,,SE2 ,Bexley,,,CORE_BAKERY,VERIFIED_CANDIDATE
1262185,Chestnuts Kiosk,chestnuts kiosk,Restaurant/Cafe/Canteen,"Lesnes Abbey Lodge, New Road, London",SE2 0AX,Bexley,0.120351999998093,51.4794273376465,BAKERY_CAFE,VERIFIED_CANDIDATE
1681140,Thamesmead Social,thamesmead social,Restaurant/Cafe/Canteen,"Lakeside Complex, 2 Bazalgette Way, London",SE2 9AN,Bexley,0.1240915,51.5010668,BAKERY_CAFE,VERIFIED_CANDIDATE
1689847,Pret A Manger At BP Thamesmead,pret a manger at bp thamesmead,Takeaway/sandwich shop,"Service Station, Harrow Manorway, London",SE2 9SA,Bexley,0.12143100053072,51.4933624267578,BAKERY_CAFE,VERIFIED_CANDIDATE
1422453,Happy Shopper,happy shopper,Retailers - other,"1 Central Parade, Station Road, Sidcup, Kent",,Bexley,0.1023267,51.4323485,GROCER_BAKERY,LOCATION_VERIFICATION
1926905,EGGYMart,eggymart,Retailers - supermarkets/hypermarkets,"8 Quay Walk, Wembley",HA0 1DY,Brent,,,GROCER_BAKERY,VERIFIED_CANDIDATE
1783833,The Co-Operative Group - Alperton Grand Union,the co operative group alperton grand union,Retailers - supermarkets/hypermarkets,"6 Caldon Boulevard, Wembley",HA0 1EX,Brent,-0.2835528,51.5405736,GROCER_BAKERY,VERIFIED_CANDIDATE
533814,Sainsbury's,sainsbury s,Retailers - supermarkets/hypermarkets,"360 Ealing Road, Wembley",HA0 1PF,Brent,-0.303414,51.538694,GROCER_BAKERY,LOCATION_VERIFICATION
531858,JJ Convenience Store,jj convenience store,Retailers - supermarkets/hypermarkets,"4 Heather Park Parade, Heather Park Drive, Wembley",HA0 1SL,Brent,-0.285326,51.543071,GROCER_BAKERY,SUPERMARKET_SUPPLEMENT
1408508,RD & Sons,rd and sons,Retailers - supermarkets/hypermarkets,"6 HEATHER PARK PARADE, Heather Park Drive, Wembley",HA0 1SL,Brent,-0.2853372,51.5429737,GROCER_BAKERY,VERIFIED_CANDIDATE
532321,Biblos Lebanese Bakery & Take Away,biblos lebanese bakery and take away,Restaurant/Cafe/Canteen,"148-150 Mount Pleasant, Wembley",HA0 1UE,Brent,-0.291578,51.540941,BAKERY_CAFE,VERIFIED_CANDIDATE
1875835,Anglo Asian Supermarket,anglo asian supermarket,Retailers - supermarkets/hypermarkets,"513-515 High Road, Wembley",HA0 2DH,Brent,-0.2979517,51.5519698,GROCER_BAKERY,SUPERMARKET_SUPPLEMENT
1418843,Modko Ltd,modko ltd,Retailers - supermarkets/hypermarkets,"Unit 5, 499 High Road, Wembley",HA0 2DH,Brent,-0.2972667,51.5521578,GROCER_BAKERY,VERIFIED_CANDIDATE
1704344,Pacati Nadiadwala Puff (Unit 2 & Unit  6),pacati nadiadwala puff unit 2 and unit 6,Takeaway/sandwich shop,"Unit 6, 499 High Road, Wembley",HA0 2DH,Brent,-0.2972667,51.5521578,BAKERY_CAFE,VERIFIED_CANDIDATE
531839,Hamptons Food & Wine,hamptons food and wine,Retailers - supermarkets/hypermarkets,"822 Harrow Road, Wembley",HA0 3EL,Brent,-0.315383,51.555098,GROCER_BAKERY,VERIFIED_CANDIDATE
531836,Panesar Food & Wine- M3J Solutions Ltd),panesar food and wine m3j solutions ltd,Retailers - supermarkets/hypermarkets,"814 Harrow Road, Wembley",HA0 3EL,Brent,-0.315383,51.555098,GROCER_BAKERY,VERIFIED_CANDIDATE
531830,Wenzel's Bakery,wenzel s bakery,Retailers - other,"794 Harrow Road, Wembley",HA0 3EL,Brent,-0.315383,51.555098,CORE_BAKERY,VERIFIED_CANDIDATE
532700,Jalsa Sweets and Savouries,jalsa sweets and savouries,Takeaway/sandwich shop,"28 Watford Road, Wembley",HA0 3EP,Brent,-0.316771,51.556565,CORE_BAKERY,VERIFIED_CANDIDATE
533416,Park Harrow Service Station Shop,park harrow service station shop,Retailers - supermarkets/hypermarkets,"154 Watford Road, Wembley",HA0 3HF,Brent,-0.318451,51.559134,GROCER_BAKERY,VERIFIED_CANDIDATE
533374,Vineyards Locals Ltd,vineyards locals ltd,Retailers - supermarkets/hypermarkets,"10 Court Parade, East Lane, Wembley",HA0 3HU,Brent,-0.319574,51.562316,GROCER_BAKERY,VERIFIED_CANDIDATE
1667690,Homeland Supermarket,homeland supermarket,Retailers - supermarkets/hypermarkets,"7 COURT PARADE, East Lane, Wembley",HA0 3HY,Brent,-0.3186799,51.5621424,GROCER_BAKERY,SUPERMARKET_SUPPLEMENT
533837,Pretty Fruiters,pretty fruiters,Retailers - other,"199 East Lane, Wembley",HA0 3NG,Brent,-0.30566,51.562475,GROCER_BAKERY,VERIFIED_CANDIDATE
532899,Best Foods,best foods,Retailers - supermarkets/hypermarkets,"11A-13 Ealing Road, Wembley",HA0 4AA,Brent,-0.298724,51.551548,GROCER_BAKERY,SUPERMARKET_SUPPLEMENT
533825,Shayona,shayona,Takeaway/sandwich shop,"1-2 Coronet Parade, Ealing Road, Wembley",HA0 4AY,Brent,-0.297752,51.54979,GROCER_BAKERY,LOCATION_VERIFICATION
1833953,"CAKES, COFFEES & DESSERTS",cakes coffees and desserts,Restaurant/Cafe/Canteen,"Unit 4, 87 Ealing Road, Wembley",HA0 4BD,Brent,-0.2972377,51.5467528,BAKERY_CAFE,VERIFIED_CANDIDATE
626718,Jalaram Sweetmart (Siya Sweetmart Ltd),jalaram sweetmart siya sweetmart ltd,Retailers - other,"97 Ealing Road, Wembley",HA0 4BN,Brent,-0.297272,51.547571,GROCER_BAKERY,VERIFIED_CANDIDATE
1824664,Sai Krupa supermarket/Bihari Samosa Ghantawala UK(Wembley)),sai krupa supermarket bihari samosa ghantawala uk wembley,Retailers - supermarkets/hypermarkets,"Units 4-5, Chequers House, 149 Ealing Road, Wembley",HA0 4BY,Brent,-0.2967452,51.5437242,GROCER_BAKERY,SUPERMARKET_SUPPLEMENT
1596909,Lidl,lidl,Retailers - supermarkets/hypermarkets,"Lidl Great Britain Ltd, 199 Ealing Road, Wembley",HA0 4GP,Brent,-0.2993293,51.5401737,GROCER_BAKERY,LOCATION_VERIFICATION
533810,The Apple Tree,the apple tree,Restaurant/Cafe/Canteen,"300, 300A/B Ealing Road, Alperton Station, Wembley",HA0 4LL,Brent,-0.2992498,51.5407571,BAKERY_CAFE,VERIFIED_CANDIDATE
1438032,Namkeen House,namkeen house,Retailers - supermarkets/hypermarkets,"Unit 1, 194 Ealing Road, Wembley",HA0 4QG,Brent,-0.2972486,51.5449185,GROCER_BAKERY,SUPERMARKET_SUPPLEMENT
533768,Ganapathy Food & Wine,ganapathy food and wine,Retailers - other,"34-38 Ealing Road, Wembley",HA0 4TL,Brent,-0.299092,51.551365,GROCER_BAKERY,VERIFIED_CANDIDATE
1712522,Devi Cash and Carry,devi cash and carry,Retailers - supermarkets/hypermarkets,"52A Ealing Road, Wembley",HA0 4TQ,Brent,-0.2985209,51.5502425,GROCER_BAKERY,VERIFIED_CANDIDATE
532956,Wembley Central Halal Meat and Bakery,wembley central halal meat and bakery,Retailers - other,"2, PLAZA PARADE, Ealing Road, Wembley",HA0 4YA,Brent,-0.298316,51.550876,CORE_BAKERY,VERIFIED_CANDIDATE
1712518,M&S,m and s,Retailers - other,"Northwick Park Hospital, Watford Road, Harrow",HA1 3UJ,Brent,-0.322494,51.575108,GROCER_BAKERY,SUPERMARKET_SUPPLEMENT
1750593,Green Valley Supermarket,green valley supermarket,Retailers - supermarkets/hypermarkets,"95-97 Kenton Road, Harrow",HA3 0AN,Brent,-0.318363,51.581047,GROCER_BAKERY,SUPERMARKET_SUPPLEMENT
533303,Budgens,budgens,Retailers - supermarkets/hypermarkets,"131-133 Kenton Road, Harrow",HA3 0AZ,Brent,-0.317403,51.581645,GROCER_BAKERY,LOCATION_VERIFICATION
532104,Mleczko,mleczko,Retailers - supermarkets/hypermarkets,"177-179 Kenton Road, Harrow",HA3 0EY,Brent,-0.315387,51.582695,GROCER_BAKERY,VERIFIED_CANDIDATE
532412,Sainsbury's,sainsbury s,Retailers - supermarkets/hypermarkets,"1 Nash Way, Harrow",HA3 0JA,Brent,-0.315229,51.581506,GROCER_BAKERY,LOCATION_VERIFICATION
1095482,Zer Food Centre,zer food centre,Retailers - supermarkets/hypermarkets,"260-262 Preston Road, Harrow",HA3 0PZ,Brent,-0.294432997703552,51.5721855163574,GROCER_BAKERY,SUPERMARKET_SUPPLEMENT
532494,Preston News,preston news,Retailers - supermarkets/hypermarkets,"324 Preston Road, Harrow",HA3 0QH,Brent,-0.293078,51.574459,GROCER_BAKERY,VERIFIED_CANDIDATE
532492,Shiv Shakti Sweets & Savouries,shiv shakti sweets and savouries,Takeaway/sandwich shop,"314 Preston Road, Harrow",HA3 0QH,Brent,-0.293078,51.574459,BAKERY_CAFE,VERIFIED_CANDIDATE
532112,FB Corner,fb corner,Retailers - supermarkets/hypermarkets,"317 Kenton Road, Harrow",HA3 0XN,Brent,-0.307291,51.586148,GROCER_BAKERY,VERIFIED_CANDIDATE
1316570,Stejarul Macelerie Romaneasca,stejarul macelerie romaneasca,Retailers - other,"331 Kenton Road, Harrow",HA3 0XS,Brent,,,GROCER_BAKERY,VERIFIED_CANDIDATE
532515,Food 4 Less,food 4 less,Retailers - supermarkets/hypermarkets,"38 Queensbury Station Parade, Edgware",HA8 5NN,Brent,-0.284688,51.59492,GROCER_BAKERY,LOCATION_VERIFICATION
532504,Joe's Bake And Bite,joe s bake and bite,Restaurant/Cafe/Canteen,"5 Queensbury Station Parade, Edgware",HA8 5NP,Brent,-0.285686,51.594485,BAKERY_CAFE,VERIFIED_CANDIDATE
933704,Bake + Brew,bake brew,Takeaway/sandwich shop,"Brent Civic Centre Building, Exhibition Way, Wembley",HA9 0FA,Brent,-0.2816602,51.5590436,BAKERY_CAFE,VERIFIED_CANDIDATE
1331920,Sainsbury's,sainsbury s,Retailers - supermarkets/hypermarkets,"1-7 Exhibition Way, Wembley",HA9 0FA,Brent,-0.2816602,51.5590436,GROCER_BAKERY,LOCATION_VERIFICATION
626698,Pret a Manger,pret a manger,Restaurant/Cafe/Canteen,"46-48 London Designer Outlet, Wembley Park Boulevard, Wembley",HA9 0FD,Brent,-0.2832668,51.5566031,BAKERY_CAFE,LOCATION_VERIFICATION
533525,Tesco,tesco,Retailers - supermarkets/hypermarkets,"1 Stadium Way, Wembley",HA9 0FE,Brent,-0.284176,51.556777,GROCER_BAKERY,SUPERMARKET_SUPPLEMENT
1200790,Bread Ahead Bakery and School,bread ahead bakery and school,Retailers - other,"24-28 Olympic Way, Wembley",HA9 0GU,Brent,-0.2800667,51.5599824,BAKERY_CAFE,VERIFIED_CANDIDATE
1871515,Greggs,greggs,Restaurant/Cafe/Canteen,"32 Wembley Park Boulevard, Wembley",HA9 0HP,Brent,-0.2824513,51.556807,BAKERY_CAFE,LOCATION_VERIFICATION
1468276,The Grocery Store,the grocery store,Retailers - supermarkets/hypermarkets,"3 White Horse Square, Wembley",HA9 0JA,Brent,-0.2841166,51.5547181,GROCER_BAKERY,SUPERMARKET_SUPPLEMENT
833786,Butlers Fine Foods and Provisions Ltd,butlers fine foods and provisions ltd,Retailers - supermarkets/hypermarkets,"9 Olympic Way, Wembley",HA9 0NP,Brent,-0.279136,51.56226,GROCER_BAKERY,VERIFIED_CANDIDATE
1095531,Opa! Greek Bakery and Patisserie,opa greek bakery and patisserie,Retailers - other,"17 London Designer Outlet, Wembley Park Boulevard, Wembley",HA9 0TG,Brent,-0.2842373,51.5572648,CORE_BAKERY,VERIFIED_CANDIDATE
626706,Wenzel's,wenzel s,Retailers - other,"24 London Designer Outlet, Wembley Park Boulevard, Wembley",HA9 0TG,Brent,-0.282828,51.557342,CORE_BAKERY,LOCATION_VERIFICATION
533575,Costco Wholesale UK Limited,costco wholesale uk limited,Retailers - supermarkets/hypermarkets,"30 Second Way, Wembley",HA9 0YJ,Brent,-0.272201,51.558732,GROCER_BAKERY,VERIFIED_CANDIDATE
533687,Bagel & Shake,bagel and shake,Retailers - other,"397C High Road, Wembley",HA9 6AA,Brent,-0.29225,51.553433,BAKERY_CAFE,VERIFIED_CANDIDATE
960067,Al-Pasha Trading Limited,al pasha trading limited,Retailers - supermarkets/hypermarkets,"428-430 High Road, Wembley",HA9 6AH,Brent,-0.291918,51.553814,GROCER_BAKERY,VERIFIED_CANDIDATE
1301150,Chicco Nero,chicco nero,Restaurant/Cafe/Canteen,"444 High Road, Wembley",HA9 6AH,Brent,-0.2925588,51.553852,BAKERY_CAFE,VERIFIED_CANDIDATE
1859221,"Sangit Express,",sangit express,Retailers - supermarkets/hypermarkets,"327 Harrow Road, Wembley",HA9 6BA,Brent,-0.2862822,51.553131,GROCER_BAKERY,SUPERMARKET_SUPPLEMENT
1359457,Sainsbury's,sainsbury s,Retailers - supermarkets/hypermarkets,"357 High Road, Wembley",HA9 6EW,Brent,-0.289000988006592,51.5535278320313,GROCER_BAKERY,LOCATION_VERIFICATION
894421,Costcutter,costcutter,Retailers - supermarkets/hypermarkets,"46-48 Harrow Road, Wembley",HA9 6PL,Brent,-0.274321,51.546911,GROCER_BAKERY,LOCATION_VERIFICATION
531900,Greggs,greggs,Retailers - other,"504 High Road, Wembley",HA9 7BH,Brent,-0.295197,51.553305,CORE_BAKERY,LOCATION_VERIFICATION
531902,Polmar (Bartek Deli Enterprises Ltd),polmar bartek deli enterprises ltd,Retailers - supermarkets/hypermarkets,"510-512 High Road, Wembley",HA9 7BY,Brent,-0.296337,51.552907,GROCER_BAKERY,VERIFIED_CANDIDATE
813680,Wenzel the Bakers,wenzel the bakers,Takeaway/sandwich shop,"3 Central Square, Wembley",HA9 7FA,Brent,-0.296442985534668,51.5520629882813,CORE_BAKERY,VERIFIED_CANDIDATE
532727,LAKOMKA,lakomka,Retailers - supermarkets/hypermarkets,"91 Wembley Park Drive, Wembley",HA9 8HF,Brent,-0.283373,51.562025,GROCER_BAKERY,SUPERMARKET_SUPPLEMENT
532454,Food 4 Less,food 4 less,Retailers - supermarkets/hypermarkets,"194 Preston Road, Wembley",HA9 8PA,Brent,-0.294529,51.570389,GROCER_BAKERY,VERIFIED_CANDIDATE
532455,Food 4 Less,food 4 less,Retailers - other,"198 Preston Road, Wembley",HA9 8PA,Brent,-0.294529,51.570389,GROCER_BAKERY,LOCATION_VERIFICATION
532458,Parkway Patisserie,parkway patisserie,Retailers - other,"204 Preston Road, Wembley",HA9 8PA,Brent,-0.294529,51.570389,CORE_BAKERY,VERIFIED_CANDIDATE
1427146,Wenzels the Bakers,wenzels the bakers,Takeaway/sandwich shop,"231 Preston Road, Wembley",HA9 8PE,Brent,-0.2950481,51.5713874,CORE_BAKERY,LOCATION_VERIFICATION
532748,Lidl Discount Foodstores,lidl discount foodstores,Retailers - supermarkets/hypermarkets,"3 Stadium Retail Park, Wembley Park Drive, Wembley",HA9 8TS,Brent,-0.280747,51.56125,GROCER_BAKERY,SUPERMARKET_SUPPLEMENT
531724,Asda,asda,Retailers - supermarkets/hypermarkets,"Asda, Forty Lane, Wembley",HA9 9EX,Brent,-0.275833,51.564927,GROCER_BAKERY,SUPERMARKET_SUPPLEMENT
531140,Grover's Supermarket,grover s supermarket,Retailers - supermarkets/hypermarkets,"9 Grand Parade, Forty Avenue, Wembley",HA9 9JS,Brent,-0.27798,51.56575,GROCER_BAKERY,SUPERMARKET_SUPPLEMENT
532337,Food & Wine Express Ltd,food and wine express ltd,Retailers - supermarkets/hypermarkets,"246 Neasden Lane, London",NW10 0AA,Brent,-0.24932,51.559121,GROCER_BAKERY,VERIFIED_CANDIDATE
532363,Delight,delight,Retailers - supermarkets/hypermarkets,"330-336 Neasden Lane, London",NW10 0AD,Brent,-0.251141,51.560155,GROCER_BAKERY,VERIFIED_CANDIDATE
532348,Madina Food Centre,madina food centre,Retailers - supermarkets/hypermarkets,"278 Neasden Lane, London",NW10 0AD,Brent,-0.251142,51.560156,GROCER_BAKERY,SUPERMARKET_SUPPLEMENT
532350,New Insaf Supermarket,new insaf supermarket,Retailers - supermarkets/hypermarkets,"280 Neasden Lane, London",NW10 0AD,Brent,-0.251142,51.560156,GROCER_BAKERY,SUPERMARKET_SUPPLEMENT
532399,Ambassador Bakery,ambassador bakery,Retailers - other,"376-378 Neasden Lane North, London",NW10 0BT,Brent,-0.2540837,51.5611006,CORE_BAKERY,VERIFIED_CANDIDATE
1718310,Pinocchio (Favorite Cakes Ltd),pinocchio favorite cakes ltd,Retailers - other,"Left, 482 Neasden Lane North, London",NW10 0DG,Brent,-0.2583017,51.5628538,BAKERY_CAFE,VERIFIED_CANDIDATE
532793,J R Patel,j r patel,Retailers - supermarkets/hypermarkets,"33 Wrights Place, London",NW10 0PX,Brent,-0.26368,51.54912,GROCER_BAKERY,VERIFIED_CANDIDATE
533762,Tesco Supermarket,tesco supermarket,Retailers - supermarkets/hypermarkets,"Tesco, Great Central Way, London",NW10 0TL,Brent,-0.255449,51.553916,GROCER_BAKERY,SUPERMARKET_SUPPLEMENT
531976,Al Sham Market,al sham market,Retailers - supermarkets/hypermarkets,"214-218 High Road, London",NW10 2NX,Brent,-0.236777,51.548098,GROCER_BAKERY,SUPERMARKET_SUPPLEMENT
531969,Sainsbury's,sainsbury s,Retailers - supermarkets/hypermarkets,"174-176 High Road, London",NW10 2PD,Brent,-0.235121,51.547677,GROCER_BAKERY,LOCATION_VERIFICATION
531959,Apna Bazaar Supermarket,apna bazaar supermarket,Retailers - supermarkets/hypermarkets,"134 High Road, London",NW10 2PJ,Brent,-0.233153,51.54745,GROCER_BAKERY,SUPERMARKET_SUPPLEMENT
531923,BR Food Market Ltd,br food market ltd,Retailers - supermarkets/hypermarkets,"10 High Road, London",NW10 2QG,Brent,-0.225238,51.547753,GROCER_BAKERY,VERIFIED_CANDIDATE
1859222,Spoon and Rice Sari Sari Store,spoon and rice sari sari store,Retailers - supermarkets/hypermarkets,"6A High Road, Willesden, London",NW10 2QG,Brent,-0.2248875,51.5476506,GROCER_BAKERY,VERIFIED_CANDIDATE
531995,Edwards Bakery,edwards bakery,Manufacturers/packers,"269 High Road, London",NW10 2RX,Brent,-0.237161,51.547879,CORE_BAKERY,VERIFIED_CANDIDATE
531982,Bhavna Sweet Mart,bhavna sweet mart,Retailers - other,"237 High Road, London",NW10 2RY,Brent,-0.236065,51.547503,GROCER_BAKERY,VERIFIED_CANDIDATE
531975,MYCakeology (also trading as....),mycakeology also trading as,Takeaway/sandwich shop,"215 High Road, London",NW10 2SB,Brent,-0.235089,51.547371,BAKERY_CAFE,VERIFIED_CANDIDATE
531928,Sainsbury's,sainsbury s,Retailers - supermarkets/hypermarkets,"Sainsburys Superstore, High Road, London",NW10 2TD,Brent,-0.225643,51.546976,GROCER_BAKERY,LOCATION_VERIFICATION
1152752,An Other Cup,an other cup,Restaurant/Cafe/Canteen,"Ground Floor, The Maqam Centre, Tiverton Road, London",NW10 3HJ,Brent,-0.216415002942085,51.5377082824707,BAKERY_CAFE,VERIFIED_CANDIDATE
1468281,Almada Bakery,almada bakery,Retailers - other,"28 Chamberlayne Road, London",NW10 3JD,Brent,-0.2168484,51.5308294,CORE_BAKERY,VERIFIED_CANDIDATE
1300442,D'BROA,d broa,Restaurant/Cafe/Canteen,"114 Chamberlayne Road, London",NW10 3JP,Brent,-0.2202939,51.5352701,BAKERY_CAFE,VERIFIED_CANDIDATE
1775121,Blue Mountain Peak,blue mountain peak,Retailers - supermarkets/hypermarkets,"2A-8 Craven Park Road, London",NW10 4AB,Brent,-0.2488365,51.5377138,GROCER_BAKERY,LOCATION_VERIFICATION
1775124,High Crown Bakery & Takeaway,high crown bakery and takeaway,Takeaway/sandwich shop,"Unit 1, 2 Craven Park Road, London",NW10 4AB,Brent,-0.2487532,51.5376317,CORE_BAKERY,VERIFIED_CANDIDATE
532971,Corner Shop,corner shop,Retailers - supermarkets/hypermarkets,"98 Craven Park Road, London",NW10 4AG,Brent,-0.252531,51.539719,GROCER_BAKERY,LOCATION_VERIFICATION
1300440,Lanchonete SnackTime,lanchonete snacktime,Restaurant/Cafe/Canteen,"70 Park Parade, London",NW10 4JB,Brent,-0.2431455,51.5368375,BAKERY_CAFE,VERIFIED_CANDIDATE
930178,Rubio,rubio,Restaurant/Cafe/Canteen,"43 Park Parade, London",NW10 4JD,Brent,-0.241379,51.537214,BAKERY_CAFE,VERIFIED_CANDIDATE
738101,Alma's,alma s,Restaurant/Cafe/Canteen,"35 Park Parade, London",NW10 4JE,Brent,-0.242474,51.53723,BAKERY_CAFE,VERIFIED_CANDIDATE
1792012,Janah Market,janah market,Retailers - supermarkets/hypermarkets,"46 High Street, London",NW10 4LS,Brent,-0.2476679,51.5358529,GROCER_BAKERY,SUPERMARKET_SUPPLEMENT
532638,Tesco,tesco,Retailers - supermarkets/hypermarkets,"1-2 Harlesden Plaza, Tavistock Road, London",NW10 4NG,Brent,-0.247526,51.5365432,GROCER_BAKERY,SUPERMARKET_SUPPLEMENT
1683639,Rhejim Mart,rhejim mart,Retailers - supermarkets/hypermarkets,"Unit 3, 81 High Street, London",NW10 4NT,Brent,-0.2461142,51.5361355,GROCER_BAKERY,SUPERMARKET_SUPPLEMENT
531729,Shalprika,shalprika,Retailers - supermarkets/hypermarkets,"5 Furness Road, London",NW10 4QH,Brent,-0.239709,51.53343,GROCER_BAKERY,VERIFIED_CANDIDATE
626667,Brasil Andia,brasil andia,Retailers - supermarkets/hypermarkets,"226 High Street, London",NW10 4TD,Brent,-0.2411014,51.5333807,GROCER_BAKERY,VERIFIED_CANDIDATE
1627578,Mr Nuts,mr nuts,Retailers - other,"224 High Street, London",NW10 4TD,Brent,-0.2411577,51.5334175,GROCER_BAKERY,VERIFIED_CANDIDATE
533355,L'angolo,l angolo,Retailers - supermarkets/hypermarkets,"120 College Road, London",NW10 5HD,Brent,-0.22623,51.535601,GROCER_BAKERY,SUPERMARKET_SUPPLEMENT
531755,Double Shot,double shot,Takeaway/sandwich shop,"744 Harrow Road, London",NW10 5LE,Brent,-0.216411,51.528214,BAKERY_CAFE,VERIFIED_CANDIDATE
531769,Delicias de Portugal,delicias de portugal,Retailers - other,"1008 Harrow Road, London",NW10 5NS,Brent,-0.229711,51.530969,GROCER_BAKERY,LOCATION_VERIFICATION
531767,Kensal Green Londis Food Store,kensal green londis food store,Retailers - supermarkets/hypermarkets,"998-1002 Harrow Road, London",NW10 5NT,Brent,-0.2288477,51.5307324,GROCER_BAKERY,SUPERMARKET_SUPPLEMENT
531754,Crazy Baker (Cafe and Bakery),crazy baker cafe and bakery,Restaurant/Cafe/Canteen,"697 Harrow Road, London",NW10 5NY,Brent,-0.229126,51.530457,BAKERY_CAFE,VERIFIED_CANDIDATE
1067274,Requinte Brazil Meat and Market,requinte brazil meat and market,Retailers - supermarkets/hypermarkets,"775 Harrow Road, London",NW10 5PA,Brent,-0.2324587,51.5316771,GROCER_BAKERY,SUPERMARKET_SUPPLEMENT
1881823,Gail's Bakery,gail s bakery,Restaurant/Cafe/Canteen,"Unit 1-3, Unicorn House, Station Terrace, London",NW10 5RQ,Brent,-0.2193674,51.5342579,BAKERY_CAFE,LOCATION_VERIFICATION
738103,Bel & Nev,bel and nev,Restaurant/Cafe/Canteen,"15 Station Terrace, London",NW10 5RX,Brent,-0.21953,51.53398,BAKERY_CAFE,VERIFIED_CANDIDATE
1913463,Greggs,greggs,Takeaway/sandwich shop,"254 Acton Lane, London",NW10 7GG,Brent,-0.2685961,51.5300036,CORE_BAKERY,LOCATION_VERIFICATION
1815444,Wakka UK Limited,wakka uk limited,Retailers - supermarkets/hypermarkets,"Unit 5B, 9 Lakeside Drive, London",NW10 7GL,Brent,-0.2825087,51.5296235,GROCER_BAKERY,VERIFIED_CANDIDATE
930162,Patisserie Patchi Ltd,patisserie patchi ltd,Restaurant/Cafe/Canteen,"28 Abbey Road, London",NW10 7SB,Brent,-0.2749056,51.5328122,CORE_BAKERY,VERIFIED_CANDIDATE
533447,SA Food & Veg Limited,sa food and veg limited,Retailers - supermarkets/hypermarkets,"114 Craven Park Road, London",NW10 8QD,Brent,-0.253225,51.540053,GROCER_BAKERY,VERIFIED_CANDIDATE
1687342,Masters Supermarket Ltd,masters supermarket ltd,Retailers - supermarkets/hypermarkets,"1 Library Parade, Craven Park Road, London",NW10 8SG,Brent,-0.2507152,51.5390083,GROCER_BAKERY,VERIFIED_CANDIDATE
533281,Bagel with Shake/Tazah Simply Fresh/Wraps & Rolls/Burgerzzz,bagel with shake tazah simply fresh wraps and rolls burgerzzz,Takeaway/sandwich shop,"183 Church Road, London",NW10 9EE,Brent,-0.249613,51.547751,BAKERY_CAFE,VERIFIED_CANDIDATE
533284,Dunya Afg Bakery,dunya afg bakery,Retailers - other,"187 Church Road, London",NW10 9EE,Brent,-0.249613,51.547751,CORE_BAKERY,VERIFIED_CANDIDATE
533262,Morgans Cash & Carry,morgans cash and carry,Retailers - supermarkets/hypermarkets,"120 Church Road, London",NW10 9NG,Brent,-0.25132,51.546112,GROCER_BAKERY,VERIFIED_CANDIDATE
533264,Yew Supermarket Ltd,yew supermarket ltd,Retailers - supermarkets/hypermarkets,"124 Church Road, London",NW10 9NG,Brent,-0.25132,51.546112,GROCER_BAKERY,VERIFIED_CANDIDATE
710603,Ghana Market (The Heart of Africa Limited),ghana market the heart of africa limited,Retailers - supermarkets/hypermarkets,"138 Church Road, London",NW10 9NH,Brent,-0.25017,51.547129,GROCER_BAKERY,VERIFIED_CANDIDATE
533282,Mini Barawa,mini barawa,Retailers - supermarkets/hypermarkets,"184 Church Road, London",NW10 9NP,Brent,-0.24835,51.547948,GROCER_BAKERY,VERIFIED_CANDIDATE
533257,Craven Park Service Station,craven park service station,Retailers - supermarkets/hypermarkets,"2 Church Road, London",NW10 9PX,Brent,-0.254014,51.542789,GROCER_BAKERY,VERIFIED_CANDIDATE
533526,Millennium Food & Wine,millennium food and wine,Retailers - supermarkets/hypermarkets,"211 Cricklewood Broadway, London",NW2 3HS,Brent,-0.216609,51.55746,GROCER_BAKERY,VERIFIED_CANDIDATE
533504,Bagel Delight Bakery,bagel delight bakery,Retailers - other,"155 Cricklewood Broadway, London",NW2 3HY,Brent,-0.214834,51.556003,CORE_BAKERY,VERIFIED_CANDIDATE
533501,Blue City Supermarket Ltd,blue city supermarket ltd,Retailers - supermarkets/hypermarkets,"145 Cricklewood Broadway, London",NW2 3HY,Brent,-0.214834,51.556003,GROCER_BAKERY,VERIFIED_CANDIDATE
1418851,Budgens,budgens,Retailers - supermarkets/hypermarkets,"41-43 Cricklewood Broadway, London",NW2 3JX,Brent,-0.2115604,51.5531765,GROCER_BAKERY,LOCATION_VERIFICATION
1515962,Kimora's Vegan Treats,kimora s vegan treats,Restaurant/Cafe/Canteen,"53 Cricklewood Broadway, London",NW2 3JX,Brent,-0.2118402,51.5533966,BAKERY_CAFE,VERIFIED_CANDIDATE
533468,Xodo Brasil,xodo brasil,Retailers - supermarkets/hypermarkets,"29 Cricklewood Broadway, London",NW2 3JX,Brent,-0.211542,51.553129,GROCER_BAKERY,VERIFIED_CANDIDATE
1518891,Opa! Greek Bakery & Patisserie,opa greek bakery and patisserie,Takeaway/sandwich shop,"2 Exeter Parade, Exeter Road, London",NW2 3UH,Brent,-0.2041552,51.5470833,CORE_BAKERY,LOCATION_VERIFICATION
533024,Sainsbury's,sainsbury s,Retailers - supermarkets/hypermarkets,"92 Walm Lane, London",NW2 4QY,Brent,-0.221278,51.5487,GROCER_BAKERY,LOCATION_VERIFICATION
1200782,Gail's Bakery,gail s bakery,Retailers - other,"82 Walm Lane, London",NW2 4RA,Brent,-0.2216102,51.5484732,CORE_BAKERY,LOCATION_VERIFICATION
1398258,Walnut Wholefoods,walnut wholefoods,Retailers - supermarkets/hypermarkets,"78 Walm Lane, London",NW2 4RA,Brent,-0.2217568,51.5484125,GROCER_BAKERY,SUPERMARKET_SUPPLEMENT
532683,XOXO Coffee and Dessert,xoxo coffee and dessert,Takeaway/sandwich shop,"68 Walm Lane, London",NW2 4RA,Brent,-0.222133,51.548237,BAKERY_CAFE,VERIFIED_CANDIDATE
1648503,Shell Willesden Retail Shop,shell willesden retail shop,Retailers - supermarkets/hypermarkets,"Service Station, 290 Willesden Lane, Willesden, London",NW2 5HS,Brent,-0.2224127,51.5471275,GROCER_BAKERY,VERIFIED_CANDIDATE
533157,Liberty Foods,liberty foods,Retailers - supermarkets/hypermarkets,"290 Chapter Road, London",NW2 5NE,Brent,-0.238733,51.551239,GROCER_BAKERY,VERIFIED_CANDIDATE
532670,Damascus Market Ltd,damascus market ltd,Retailers - supermarkets/hypermarkets,"23 Walm Lane, London",NW2 5SH,Brent,-0.222617,51.548388,GROCER_BAKERY,VERIFIED_CANDIDATE
532661,Khan Food Centre,khan food centre,Retailers - supermarkets/hypermarkets,"1F Walm Lane, London",NW2 5SJ,Brent,-0.223887,51.547993,GROCER_BAKERY,SUPERMARKET_SUPPLEMENT
1570530,Soumer Express Bakery & Grill,soumer express bakery and grill,Restaurant/Cafe/Canteen,"1A Gladstone Parade, Edgware Road, Cricklewood, London",NW2 6JR,Brent,-0.2229313,51.56343,BAKERY_CAFE,VERIFIED_CANDIDATE
1783835,Gladstone Mini Mart,gladstone mini mart,Retailers - supermarkets/hypermarkets,"343 Edgware Road, Cricklewood, London",NW2 6LB,Brent,-0.2234437,51.5639774,GROCER_BAKERY,VERIFIED_CANDIDATE
533853,Londis @ Esso - MFG Victoria Service Station,londis esso mfg victoria service station,Retailers - supermarkets/hypermarkets,"387 Edgware Road, Cricklewood, London",NW2 6LH,Brent,-0.226562,51.566378,GROCER_BAKERY,VERIFIED_CANDIDATE
533206,Wing Yip Supermarket & Staff Canteen,wing yip supermarket and staff canteen,Retailers - supermarkets/hypermarkets,"Unit 1, Wing Yip Business Centre, 395 Edgware Road, Cricklewood",NW2 6LN,Brent,-0.228908,51.56689,GROCER_BAKERY,SUPERMARKET_SUPPLEMENT
532408,Iceland,iceland,Retailers - supermarkets/hypermarkets,"574-578 North Circular Road, Neasden, London",NW2 7PY,Brent,-0.252346,51.561469,GROCER_BAKERY,LOCATION_VERIFICATION
1753666,Freads Breads,freads breads,Other catering premises,,NW6 ,Brent,,,CORE_BAKERY,VERIFIED_CANDIDATE
894437,Marks & Spencer,marks and spencer,Retailers - supermarkets/hypermarkets,"31 Salusbury Road, London",NW6 6BF,Brent,-0.2037881,51.5337057,GROCER_BAKERY,LOCATION_VERIFICATION
532131,Greggs,greggs,Retailers - other,"79 Kilburn High Road, London",NW6 6JE,Brent,-0.193952,51.538004,CORE_BAKERY,LOCATION_VERIFICATION
532132,Pret A Manger,pret a manger,Takeaway/sandwich shop,"101 Kilburn High Road, London",NW6 6JE,Brent,-0.193952,51.538004,BAKERY_CAFE,LOCATION_VERIFICATION
532559,Gail's,gail s,Retailers - other,"75 Salusbury Road, London",NW6 6NH,Brent,-0.205253,51.535885,CORE_BAKERY,LOCATION_VERIFICATION
532555,Save Smart Supermarket Ltd (Foodwise),save smart supermarket ltd foodwise,Retailers - supermarkets/hypermarkets,"61 Salusbury Road, London",NW6 6NJ,Brent,-0.204585,51.534912,GROCER_BAKERY,VERIFIED_CANDIDATE
532567,Sainsbury's,sainsbury s,Retailers - supermarkets/hypermarkets,"Sainsburys Supermarket, 105-109 Salusbury Road, London",NW6 6RG,Brent,-0.20704,51.538133,GROCER_BAKERY,LOCATION_VERIFICATION
1178780,The Co-operative Group Food Ltd,the co operative group food ltd,Retailers - supermarkets/hypermarkets,"105-109 Salusbury Road, London",NW6 6RG,Brent,-0.2062313,51.5372052,GROCER_BAKERY,VERIFIED_CANDIDATE
1564154,Ranya Food Centre,ranya food centre,Retailers - supermarkets/hypermarkets,"141-145 Kilburn High Road, London",NW6 7HT,Brent,-0.1961518,51.5401261,GROCER_BAKERY,SUPERMARKET_SUPPLEMENT
688496,Cake Make,cake make,Restaurant/Cafe/Canteen,"237 Kilburn High Road, London",NW6 7JN,Brent,-0.199304,51.542673,CORE_BAKERY,VERIFIED_CANDIDATE
533096,Al Madina Halal Food,al madina halal food,Retailers - supermarkets/hypermarkets,"369 Kilburn High Road, London",NW6 7QB,Brent,-0.202135,51.545135,GROCER_BAKERY,SUPERMARKET_SUPPLEMENT
532173,Sainsbury's,sainsbury s,Retailers - supermarkets/hypermarkets,"377 Kilburn High Road, London",NW6 7QE,Brent,-0.203207,51.546114,GROCER_BAKERY,LOCATION_VERIFICATION
533023,Shell Kilburn Retail Shop,shell kilburn retail shop,Retailers - supermarkets/hypermarkets,"SERVICE STATION, 409 Kilburn High Road, London",NW6 7QF,Brent,-0.2039757,51.546514,GROCER_BAKERY,VERIFIED_CANDIDATE
688499,Karaz Beirut,karaz beirut,Retailers - supermarkets/hypermarkets,"2-4 Willesden Lane, Kilburn, London",NW6 7SR,Brent,-0.199023,51.54176,GROCER_BAKERY,VERIFIED_CANDIDATE
1921704,Momo Patisserie,momo patisserie,Other catering premises,,NW9 ,Brent,,,CORE_BAKERY,VERIFIED_CANDIDATE
533605,Asda,asda,Retailers - supermarkets/hypermarkets,"53 Capitol Industrial Park, Capitol Way, London",NW9 0AS,Brent,,,GROCER_BAKERY,SUPERMARKET_SUPPLEMENT
626652,Haji Baba Ltd,haji baba ltd,Retailers - other,"Asda Superstore, 53 Capitol Industrial Park, Capitol Way, London",NW9 0AS,Brent,-0.261132,51.593998,GROCER_BAKERY,LOCATION_VERIFICATION
1454459,Panku Streetfood (Colindale),panku streetfood colindale,Takeaway/sandwich shop,"Asda, 53 Capitol Industrial Park, Capitol Way, London",NW9 0AS,Brent,,,GROCER_BAKERY,VERIFIED_CANDIDATE
1104447,Aldi Stores Limited,aldi stores limited,Retailers - supermarkets/hypermarkets,"47C Capitol Way, London",NW9 0AW,Brent,-0.260168999433517,51.5867004394531,GROCER_BAKERY,LOCATION_VERIFICATION
1067293,Marks and Spencers,marks and spencers,Retailers - supermarkets/hypermarkets,"47A Capitol Way, London",NW9 0AW,Brent,-0.260168999433517,51.5867004394531,GROCER_BAKERY,SUPERMARKET_SUPPLEMENT
1000824,Loon Fung Limited,loon fung limited,Retailers - supermarkets/hypermarkets,"Unit G, 399 Edgware Road, Kingsbury, London",NW9 0FH,Brent,-0.259182291420582,51.5935651013582,GROCER_BAKERY,VERIFIED_CANDIDATE
858154,Morrisons,morrisons,Retailers - supermarkets/hypermarkets,"399 Edgware Road, Kingsbury, London",NW9 0FH,Brent,-0.2595171,51.5933473,GROCER_BAKERY,LOCATION_VERIFICATION
1630722,The Whale Bakery,the whale bakery,Restaurant/Cafe/Canteen,"Unit H, 399 Edgware Road, London",NW9 0FH,Brent,-0.2595171,51.5933473,BAKERY_CAFE,VERIFIED_CANDIDATE
1000811,Wonderful Patisserie,wonderful patisserie,Retailers - other,"F33, Bang Bang Oriental Food Hall, Unit C, 399 Edgware Road",NW9 0FH,Brent,-0.260300010442734,51.593620300293,BAKERY_CAFE,LOCATION_VERIFICATION
533904,Shell Pine Service Station,shell pine service station,Retailers - other,"Pine Self Service, 421 Edgware Road, Kingsbury, London",NW9 0HS,Brent,-0.263249,51.596413,GROCER_BAKERY,VERIFIED_CANDIDATE
531852,Shopping Basket,shopping basket,Retailers - supermarkets/hypermarkets,"13-15 Hay Lane, London",NW9 0NH,Brent,-0.263371,51.588294,GROCER_BAKERY,VERIFIED_CANDIDATE
533885,La Bucovineni,la bucovineni,Retailers - supermarkets/hypermarkets,"201 Edgware Road, Kingsbury, London",NW9 6LP,Brent,-0.251592,51.587148,GROCER_BAKERY,SUPERMARKET_SUPPLEMENT
533563,Morrisons:-Cafe/S'market/butcher/baker/fish,morrisons cafe s market butcher baker fish,Retailers - supermarkets/hypermarkets,"Morrisons, Honeypot Lane, London",NW9 6RN,Brent,-0.284613,51.591943,GROCER_BAKERY,SUPERMARKET_SUPPLEMENT
1534542,B & M Retail Ltd,b and m retail ltd,Retailers - supermarkets/hypermarkets,"343 Edgware Road, Colindale Retail Park, Kingsbury, London",NW9 6TH,Brent,-0.2579966,51.5904472,GROCER_BAKERY,LOCATION_VERIFICATION
533241,Savemore,savemore,Retailers - supermarkets/hypermarkets,"448 Church Lane, London",NW9 8AB,Brent,-0.262386,51.580439,GROCER_BAKERY,VERIFIED_CANDIDATE
1881825,BP Blackbird Hill  PETROL STATION SHOP- BP PLC,bp blackbird hill petrol station shop bp plc,Takeaway/sandwich shop,"BP Filling Station, 2 Blackbird Hill, London",NW9 8SD,Brent,-0.2643415,51.5648945,GROCER_BAKERY,VERIFIED_CANDIDATE
532376,Lidl,lidl,Retailers - supermarkets/hypermarkets,"Lidl, Blackbird Hill, London",NW9 8SD,Brent,-0.262658,51.564229,GROCER_BAKERY,LOCATION_VERIFICATION
532204,Alwan Supermarket,alwan supermarket,Retailers - supermarkets/hypermarkets,"433 Kingsbury Road, London",NW9 9DT,Brent,-0.275033,51.585688,GROCER_BAKERY,SUPERMARKET_SUPPLEMENT
532203,Sim Sim Bakery,sim sim bakery,Retailers - other,"429 Kingsbury Road, London",NW9 9DT,Brent,-0.275033,51.585688,CORE_BAKERY,VERIFIED_CANDIDATE
532208,Gayatri Sweet Mart,gayatri sweet mart,Retailers - supermarkets/hypermarkets,"467 Kingsbury Road, London",NW9 9DY,Brent,-0.276132,51.585632,GROCER_BAKERY,VERIFIED_CANDIDATE
532207,Greggs,greggs,Retailers - other,"461 Kingsbury Road, London",NW9 9DY,Brent,-0.276132,51.585632,CORE_BAKERY,LOCATION_VERIFICATION
1581232,Mir Food Centre,mir food centre,Retailers - supermarkets/hypermarkets,"449-453 Kingsbury Road, London",NW9 9DY,Brent,-0.276132,51.585632,GROCER_BAKERY,SUPERMARKET_SUPPLEMENT
532209,Tropical Wholesale Retail,tropical wholesale retail,Retailers - other,"473 Kingsbury Road, London",NW9 9EA,Brent,-0.276887,51.585508,GROCER_BAKERY,VERIFIED_CANDIDATE
532212,Pooja Sweet & Savouries,pooja sweet and savouries,Restaurant/Cafe/Canteen,"487 Kingsbury Road, London",NW9 9ED,Brent,-0.277474,51.585265,GROCER_BAKERY,VERIFIED_CANDIDATE
1611170,Nisa Local,nisa local,Retailers - supermarkets/hypermarkets,"571-573 Kingsbury Road, London",NW9 9EL,Brent,-0.280869,51.584597,GROCER_BAKERY,LOCATION_VERIFICATION
1829773,Ram's Cash & Carry,ram s cash and carry,Takeaway/sandwich shop,"569 Kingsbury Road, London",NW9 9EL,Brent,-0.2807539,51.5845863,GROCER_BAKERY,VERIFIED_CANDIDATE
532245,Prahova,prahova,Retailers - supermarkets/hypermarkets,"652 Kingsbury Road, London",NW9 9HN,Brent,-0.279958,51.585212,GROCER_BAKERY,LOCATION_VERIFICATION
532256,Vicki's,vicki s,Restaurant/Cafe/Canteen,"43 Kilburn Lane, North Kensington, London",W10 4AE,Brent,-0.216277,51.529066,BAKERY_CAFE,VERIFIED_CANDIDATE
927453,Auntie Anne's,auntie anne s,Takeaway/sandwich shop,"25 The Glades Shopping Centre High Street, Bromley",BR1 1DD,Bromley,0.0166076,51.4038902,CORE_BAKERY,LOCATION_VERIFICATION
1588972,Bread Ahead,bread ahead,Retailers - other,"93 The Glades Shopping Centre High Street, Bromley",BR1 1DD,Bromley,0.0166076,51.4038902,CORE_BAKERY,LOCATION_VERIFICATION
1908504,Patisserie Valerie,patisserie valerie,Restaurant/Cafe/Canteen,"45 The Glades Shopping Centre High Street, Bromley",BR1 1DD,Bromley,0.0166076,51.4038902,BAKERY_CAFE,LOCATION_VERIFICATION
1604850,Gail's,gail s,Retailers - other,"84 High Street, Bromley",BR1 1EY,Bromley,0.0150764,51.4027474,CORE_BAKERY,LOCATION_VERIFICATION
1052486,Pret A Manger,pret a manger,Restaurant/Cafe/Canteen,"86 High Street, Bromley",BR1 1EY,Bromley,0.0150233,51.4028473,BAKERY_CAFE,LOCATION_VERIFICATION
1094617,Lidl,lidl,Retailers - supermarkets/hypermarkets,"Ground Floor 124 - 126 High Street, Bromley",BR1 1EZ,Bromley,0.0144884,51.4040885,GROCER_BAKERY,LOCATION_VERIFICATION
1793584,Rita's Bakery,rita s bakery,Restaurant/Cafe/Canteen,"3 Ravensbourne Road, Bromley",BR1 1HN,Bromley,0.0163519,51.4006932,BAKERY_CAFE,VERIFIED_CANDIDATE
1534135,Grape Tree,grape tree,Retailers - other,"157 High Street, Bromley",BR1 1JD,Bromley,0.0152949,51.4050998,GROCER_BAKERY,LOCATION_VERIFICATION
357433,Marks & Spencer,marks and spencer,Retailers - supermarkets/hypermarkets,"Marks And Spencer 123 - 131 High Street, Bromley",BR1 1JL,Bromley,0.0154199,51.4040185,GROCER_BAKERY,LOCATION_VERIFICATION
1728877,Greggs,greggs,Takeaway/sandwich shop,"103 - 105 High Street, Bromley",BR1 1JQ,Bromley,0.0155786,51.4033773,CORE_BAKERY,LOCATION_VERIFICATION
1129721,Sainsbury's Local,sainsbury s local,Retailers - supermarkets/hypermarkets,"37 - 41 High Street, Bromley",BR1 1LE,Bromley,0.0167355,51.4012441,GROCER_BAKERY,LOCATION_VERIFICATION
1824651,Bozdag Turkish Patisserie,bozdag turkish patisserie,Restaurant/Cafe/Canteen,"9 High Street, Bromley",BR1 1LF,Bromley,0.0173691,51.4006127,CORE_BAKERY,VERIFIED_CANDIDATE
357428,Greggs,greggs,Takeaway/sandwich shop,"15 High Street, Bromley",BR1 1LF,Bromley,0.0171432,51.4007065,CORE_BAKERY,LOCATION_VERIFICATION
1905880,Bromley International Food Centre,bromley international food centre,Retailers - supermarkets/hypermarkets,"237 - 239 High Street, Bromley",BR1 1NZ,Bromley,0.0123871,51.4069843,GROCER_BAKERY,SUPERMARKET_SUPPLEMENT
1222307,Delicatess,delicatess,Retailers - other,"223 High Street, Bromley",BR1 1NZ,Bromley,0.0127496,51.4067263,GROCER_BAKERY,VERIFIED_CANDIDATE
357560,Sainsbury's,sainsbury s,Retailers - supermarkets/hypermarkets,"J Sainsbury Plc Walters Yard, Bromley",BR1 1TP,Bromley,0.0136393,51.4066631,GROCER_BAKERY,LOCATION_VERIFICATION
358424,Tesco,tesco,Retailers - supermarkets/hypermarkets,"Tesco Homesdale Road, Bromley",BR1 2UE,Bromley,,,GROCER_BAKERY,SUPERMARKET_SUPPLEMENT
1942679,Betty's,betty s,Restaurant/Cafe/Canteen,"32 Plaistow Lane, Bromley",BR1 3PA,Bromley,0.0198381,51.4142213,BAKERY_CAFE,VERIFIED_CANDIDATE
1908509,Sapore Vero / Peppe’s Pinsa,sapore vero peppe s pinsa,Restaurant/Cafe/Canteen,"51 College Road, Bromley",BR1 3PU,Bromley,0.0146023,51.4122341,BAKERY_CAFE,VERIFIED_CANDIDATE
1659941,The Gleaning Pantry,the gleaning pantry,Restaurant/Cafe/Canteen,"Brook Lane Community Church 29 Brook Lane, Bromley",BR1 4PU,Bromley,0.0146331,51.4197966,GROCER_BAKERY,VERIFIED_CANDIDATE
1295612,Lidl,lidl,Retailers - supermarkets/hypermarkets,"129 Burnt Ash Lane, Bromley",BR1 5AJ,Bromley,0.0210904,51.4210883,GROCER_BAKERY,LOCATION_VERIFICATION
1842653,Dooley Dough,dooley dough,Other catering premises,,BR2 ,Bromley,,,CORE_BAKERY,VERIFIED_CANDIDATE
1693882,The Poet's Corner,the poet s corner,Restaurant/Cafe/Canteen,"Cafe Shortlands Railway Station Shortlands Road, Shortlands, Bromley",BR2 0JA,Bromley,0.0018121,51.4058434,BAKERY_CAFE,VERIFIED_CANDIDATE
357546,Morrisons Daily,morrisons daily,Retailers - supermarkets/hypermarkets,"45 Station Approach, Hayes, Bromley",BR2 7EB,Bromley,0.011496,51.376407,GROCER_BAKERY,LOCATION_VERIFICATION
1403655,Grounded Social Ltd,grounded social ltd,Restaurant/Cafe/Canteen,"8 Station Approach, Hayes, Bromley",BR2 7EH,Bromley,0.010411,51.377225,BAKERY_CAFE,VERIFIED_CANDIDATE
357543,Sponge Kitchens,sponge kitchens,Retailers - other,"38 Station Approach, Hayes, Bromley",BR2 7EJ,Bromley,0.010904,51.37666,CORE_BAKERY,LOCATION_VERIFICATION
358197,Sainsbury's Local,sainsbury s local,Retailers - supermarkets/hypermarkets,"7 Station Approach, Hayes, Bromley",BR2 7EQ,Bromley,0.01119,51.377285,GROCER_BAKERY,LOCATION_VERIFICATION
1663556,Budgens,budgens,Retailers - other,"10 - 12 Chilham Way, Hayes, Bromley",BR2 7PR,Bromley,0.0108327,51.3836571,GROCER_BAKERY,LOCATION_VERIFICATION
358605,Budgens,budgens,Retailers - other,"209 - 211 Southborough Lane, Bromley",BR2 8AR,Bromley,0.0499078,51.3900757,GROCER_BAKERY,LOCATION_VERIFICATION
741625,One Stop,one stop,Retailers - other,"25 - 27 Hazel Walk, Bromley",BR2 8DE,Bromley,0.0589062,51.3846392,GROCER_BAKERY,LOCATION_VERIFICATION
1679488,Shell,shell,Retailers - other,"116 Hastings Road, Bromley",BR2 8NJ,Bromley,0.0443729,51.3745521,GROCER_BAKERY,LOCATION_VERIFICATION
357415,The Times,the times,Retailers - other,"143 Hastings Road, Bromley",BR2 8NQ,Bromley,0.0453907,51.3744984,GROCER_BAKERY,VERIFIED_CANDIDATE
357480,Waitrose,waitrose,Retailers - supermarkets/hypermarkets,"Waitrose 45 Masons Hill, Bromley",BR2 9HD,Bromley,0.0193495,51.398897,GROCER_BAKERY,SUPERMARKET_SUPPLEMENT
1644921,Maria's Chocolate,maria s chocolate,Restaurant/Cafe/Canteen,"7 Homesdale Road, Bromley",BR2 9JQ,Bromley,0.0264312,51.3958343,BAKERY_CAFE,VERIFIED_CANDIDATE
1075952,Value Express,value express,Retailers - other,"77 Bromley Common, Bromley",BR2 9LP,Bromley,0.0308208,51.3930246,GROCER_BAKERY,VERIFIED_CANDIDATE
940534,Elvira's Secret Pantry,elvira s secret pantry,Restaurant/Cafe/Canteen,,BR3 ,Bromley,,,CORE_BAKERY,VERIFIED_CANDIDATE
1606249,Blackbird Bakery,blackbird bakery,Retailers - other,"165 High Street, Beckenham",BR3 1AE,Bromley,-0.0291091,51.4063313,BAKERY_CAFE,LOCATION_VERIFICATION
357234,Sainsbury's,sainsbury s,Retailers - supermarkets/hypermarkets,"185 High Street, Beckenham",BR3 1AH,Bromley,-0.0302694,51.4064317,GROCER_BAKERY,LOCATION_VERIFICATION
357229,Marks & Spencer,marks and spencer,Retailers - supermarkets/hypermarkets,"44 High Street, Beckenham",BR3 1AY,Bromley,-0.0253944,51.4093252,GROCER_BAKERY,LOCATION_VERIFICATION
1003856,Poached,poached,Restaurant/Cafe/Canteen,"12A High Street, Beckenham",BR3 1AZ,Bromley,-0.0251184,51.4105178,BAKERY_CAFE,VERIFIED_CANDIDATE
1866193,Gail's Bakery - Beckenham,gail s bakery beckenham,Retailers - other,"41 High Street, Beckenham",BR3 1DA,Bromley,-0.0249143,51.4085809,BAKERY_CAFE,VERIFIED_CANDIDATE
1793582,Greggs,greggs,Takeaway/sandwich shop,"272 High Street, Beckenham",BR3 1DZ,Bromley,-0.0306411,51.4068157,BAKERY_CAFE,LOCATION_VERIFICATION
1619033,Jaayk First Choice Convenience,jaayk first choice convenience,Retailers - other,"268 High Street, Beckenham",BR3 1DZ,Bromley,-0.030485,51.4067681,GROCER_BAKERY,VERIFIED_CANDIDATE
1885465,Costadoro Beckenham,costadoro beckenham,Restaurant/Cafe/Canteen,"220 High Street, Beckenham",BR3 1EN,Bromley,-0.0288346,51.4066954,BAKERY_CAFE,VERIFIED_CANDIDATE
1707999,Crunch,crunch,Restaurant/Cafe/Canteen,"242 High Street, Beckenham",BR3 1EN,Bromley,-0.0296299,51.4065919,BAKERY_CAFE,LOCATION_VERIFICATION
1534152,Pret A Manger,pret a manger,Restaurant/Cafe/Canteen,"214 High Street, Beckenham",BR3 1EN,Bromley,-0.0285752,51.406709,BAKERY_CAFE,LOCATION_VERIFICATION
357296,Waitrose,waitrose,Retailers - supermarkets/hypermarkets,"Waitrose Ltd 1 Southend Road, Beckenham",BR3 1SD,Bromley,-0.0260498,51.4115947,GROCER_BAKERY,SUPERMARKET_SUPPLEMENT
748089,Sainsbury's Local,sainsbury s local,Retailers - supermarkets/hypermarkets,"515 - 519 Upper Elmers End Road, Beckenham",BR3 3DE,Bromley,-0.0279747,51.3909166,GROCER_BAKERY,LOCATION_VERIFICATION
1256448,The Langley Quarter,the langley quarter,Restaurant/Cafe/Canteen,"529 Upper Elmers End Road, Beckenham",BR3 3DE,Bromley,-0.0276377,51.3907311,BAKERY_CAFE,VERIFIED_CANDIDATE
1681496,Esso,esso,Retailers - other,"Eden Park Service Station Links Way, Beckenham",BR3 3DG,Bromley,,,GROCER_BAKERY,LOCATION_VERIFICATION
357195,BP Service Station,bp service station,Retailers - other,"289 - 291 Croydon Road, Beckenham",BR3 3PR,Bromley,-0.0358695,51.4032523,GROCER_BAKERY,LOCATION_VERIFICATION
357194,Brandons,brandons,Retailers - other,"271 - 273 Croydon Road, Beckenham",BR3 3PS,Bromley,-0.0364025,51.4028925,GROCER_BAKERY,VERIFIED_CANDIDATE
680829,Branching Out,branching out,Restaurant/Cafe/Canteen,"149C Croydon Road, Beckenham",BR3 3QH,Bromley,-0.0406581,51.3991957,BAKERY_CAFE,VERIFIED_CANDIDATE
1910200,Budgens,budgens,Retailers - other,"313 - 315 Upper Elmers End Road, Beckenham",BR3 3QP,Bromley,-0.037745,51.3920157,GROCER_BAKERY,LOCATION_VERIFICATION
1615853,Elmers End Bakery,elmers end bakery,Retailers - other,"125 Croydon Road, Beckenham",BR3 3RA,Bromley,-0.0421842,51.3988075,CORE_BAKERY,VERIFIED_CANDIDATE
1896330,Touché,touché,Restaurant/Cafe/Canteen,"135A Croydon Road, Beckenham",BR3 3RB,Bromley,-0.0416954,51.3988083,BAKERY_CAFE,VERIFIED_CANDIDATE
357197,Tesco,tesco,Retailers - supermarkets/hypermarkets,"Tesco Stores Ltd Croydon Road, Beckenham",BR3 4AA,Bromley,-0.0502447,51.3965498,GROCER_BAKERY,SUPERMARKET_SUPPLEMENT
1796761,Josephine Kitchen,josephine kitchen,Restaurant/Cafe/Canteen,"324 Croydon Road, Beckenham",BR3 4HR,Bromley,-0.0361616,51.403482,BAKERY_CAFE,VERIFIED_CANDIDATE
1272016,Shotsmiths,shotsmiths,Restaurant/Cafe/Canteen,"73 Beckenham Road, Beckenham",BR3 4PR,Bromley,-0.0398836,51.4085713,BAKERY_CAFE,VERIFIED_CANDIDATE
741624,Sainsbury's Local,sainsbury s local,Retailers - supermarkets/hypermarkets,"185 Beckenham Road, Beckenham",BR3 4PT,Bromley,-0.0418239,51.4089275,GROCER_BAKERY,LOCATION_VERIFICATION
1711716,Park Langley Delicatessen,park langley delicatessen,Restaurant/Cafe/Canteen,"94 Wickham Road, Beckenham",BR3 6QH,Bromley,-0.0186112,51.3997155,GROCER_BAKERY,VERIFIED_CANDIDATE
357321,Sponge Kitchens,sponge kitchens,Retailers - other,"106 Wickham Road, Beckenham",BR3 6QH,Bromley,-0.0186691,51.3993747,CORE_BAKERY,VERIFIED_CANDIDATE
1061943,Raifes Coffee And Artisan Bakery,raifes coffee and artisan bakery,Restaurant/Cafe/Canteen,"5 Red Lodge Road, West Wickham",BR4 0EL,Bromley,-0.0140851,51.3803858,BAKERY_CAFE,VERIFIED_CANDIDATE
1776657,Greggs,greggs,Takeaway/sandwich shop,"65 High Street, West Wickham",BR4 0LS,Bromley,-0.0181169,51.3762005,BAKERY_CAFE,LOCATION_VERIFICATION
1264693,Harpers And Knead Dough,harpers and knead dough,Restaurant/Cafe/Canteen,"103 High Street, West Wickham",BR4 0LT,Bromley,-0.0196091,51.3765854,BAKERY_CAFE,VERIFIED_CANDIDATE
358365,Sainsbury's,sainsbury s,Retailers - supermarkets/hypermarkets,"143 High Street, West Wickham",BR4 0LU,Bromley,-0.0215922,51.3769157,GROCER_BAKERY,LOCATION_VERIFICATION
1701878,FILTR By Coromandel Coast,filtr by coromandel coast,Restaurant/Cafe/Canteen,"86 High Street, West Wickham",BR4 0NF,Bromley,-0.0186001,51.3766583,BAKERY_CAFE,LOCATION_VERIFICATION
358287,Marks & Spencer Simply Foods,marks and spencer simply foods,Retailers - supermarkets/hypermarkets,"100 High Street, West Wickham",BR4 0NF,Bromley,-0.01915194,51.37670143,GROCER_BAKERY,SUPERMARKET_SUPPLEMENT
357301,Sainsbury's,sainsbury s,Retailers - supermarkets/hypermarkets,"76 - 82 Station Road, West Wickham",BR4 0PU,Bromley,-0.0150287,51.3768407,GROCER_BAKERY,LOCATION_VERIFICATION
940538,Lidl,lidl,Retailers - supermarkets/hypermarkets,"2A Glebe Way, West Wickham",BR4 0RJ,Bromley,-0.013868,51.3754362,GROCER_BAKERY,LOCATION_VERIFICATION
1345326,Kays Minimart,kays minimart,Retailers - other,"36 Glebe Way, West Wickham",BR4 0RL,Bromley,-0.0118105,51.3751676,GROCER_BAKERY,VERIFIED_CANDIDATE
357261,Ingrams,ingrams,Retailers - other,"8 Kingsway, West Wickham",BR4 9JF,Bromley,0.0008797,51.3692864,GROCER_BAKERY,VERIFIED_CANDIDATE
639807,Queensway Tearooms & Bakery,queensway tearooms and bakery,Restaurant/Cafe/Canteen,"119 Queensway, Petts Wood, Orpington",BR5 1DG,Bromley,0.071807,51.38952,BAKERY_CAFE,VERIFIED_CANDIDATE
357866,Morrisons,morrisons,Retailers - supermarkets/hypermarkets,"Morrisons 70 Queensway, Petts Wood, Orpington",BR5 1DH,Bromley,0.0741653,51.3880572,GROCER_BAKERY,LOCATION_VERIFICATION
712289,Shell / Little Waitrose - Petts Wood,shell little waitrose petts wood,Retailers - other,"52 Queensway, Petts Wood, Orpington",BR5 1EA,Bromley,0.075304,51.386751,GROCER_BAKERY,VERIFIED_CANDIDATE
1246596,Laura's Larder,laura s larder,Retailers - other,"3 Fairway, Petts Wood, Orpington",BR5 1EF,Bromley,0.0761061,51.389021,GROCER_BAKERY,VERIFIED_CANDIDATE
565457,Crofton Bakery,crofton bakery,Retailers - other,"90 Crofton Lane, Orpington",BR5 1HD,Bromley,0.0795236,51.379428,BAKERY_CAFE,VERIFIED_CANDIDATE
357728,Morrisons Daily,morrisons daily,Retailers - supermarkets/hypermarkets,"86 Crofton Lane, Orpington",BR5 1HD,Bromley,0.0795163,51.3792663,GROCER_BAKERY,LOCATION_VERIFICATION
357899,Sainsbury's Local,sainsbury s local,Retailers - supermarkets/hypermarkets,"11 Station Square, Petts Wood, Orpington",BR5 1LY,Bromley,0.075538,51.389706,GROCER_BAKERY,LOCATION_VERIFICATION
1947530,The BakeHouse,the bakehouse,Retailers - other,"21 Tillingbourne Green, Orpington",BR5 2HR,Bromley,0.0978473,51.3936065,BAKERY_CAFE,LOCATION_VERIFICATION
1602628,Twinz Bakery,twinz bakery,Takeaway/sandwich shop,"353 Chipperfield Road, Orpington",BR5 2LJ,Bromley,0.1075036,51.3957081,BAKERY_CAFE,VERIFIED_CANDIDATE
1209987,Londis St Paul's Cray,londis st paul s cray,Retailers - other,"Murco Petroleum Ltd Chipperfield Road, Orpington",BR5 2QR,Bromley,,,GROCER_BAKERY,VERIFIED_CANDIDATE
357595,Greggs,greggs,Takeaway/sandwich shop,"113 Cotmandene Crescent, Orpington",BR5 2RB,Bromley,0.106159,51.4036819,CORE_BAKERY,LOCATION_VERIFICATION
1450625,Lidl,lidl,Retailers - supermarkets/hypermarkets,"Unit 1 168 Sevenoaks Way, Orpington",BR5 3AE,Bromley,0.1122605,51.3994173,GROCER_BAKERY,LOCATION_VERIFICATION
1796765,Leaf And Latte,leaf and latte,Restaurant/Cafe/Canteen,"1 Crays Parade Main Road, St Pauls Cray, Orpington",BR5 3HG,Bromley,0.1170826,51.4014165,BAKERY_CAFE,VERIFIED_CANDIDATE
1437706,Greggs,greggs,Takeaway/sandwich shop,"Unit 18 Nugent Shopping Park Cray Avenue, Orpington",BR5 3RP,Bromley,0.1126963,51.3929616,CORE_BAKERY,LOCATION_VERIFICATION
1666866,Hotel Chocolat,hotel chocolat,Retailers - other,"Unit 10 Nugent Shopping Park Cray Avenue, Orpington",BR5 3RP,Bromley,0.1126963,51.3929616,BAKERY_CAFE,LOCATION_VERIFICATION
358417,Marks & Spencer,marks and spencer,Retailers - supermarkets/hypermarkets,"Unit 3 Nugent Shopping Park Cray Avenue, Orpington",BR5 3RP,Bromley,0.1126963,51.3929616,GROCER_BAKERY,LOCATION_VERIFICATION
1011678,Pret A Manger,pret a manger,Restaurant/Cafe/Canteen,"Nugent Shopping Park Cray Avenue, Orpington",BR5 3RP,Bromley,0.1126963,51.3929616,BAKERY_CAFE,LOCATION_VERIFICATION
1810067,Choux Bakery,choux bakery,Retailers - other,"31 Eldred Drive, Orpington",BR5 4PE,Bromley,0.1167034,51.3742026,BAKERY_CAFE,VERIFIED_CANDIDATE
1956479,The Mini Bakehouse,the mini bakehouse,Other catering premises,,BR6 ,Bromley,,,BAKERY_CAFE,VERIFIED_CANDIDATE
1875210,Obi & The Biscuit,obi and the biscuit,Restaurant/Cafe/Canteen,"Ground Floor 45A High Street, Orpington",BR6 0JE,Bromley,0.1040801,51.3806261,BAKERY_CAFE,VERIFIED_CANDIDATE
357795,Greggs,greggs,Takeaway/sandwich shop,"238 High Street, Orpington",BR6 0LS,Bromley,0.0992323,51.3761269,CORE_BAKERY,LOCATION_VERIFICATION
1078423,The Orpington,the orpington,Restaurant/Cafe/Canteen,"161 High Street, Orpington",BR6 0LW,Bromley,0.1007823,51.3773401,BAKERY_CAFE,VERIFIED_CANDIDATE
1864483,Cakes & Bakes,cakes and bakes,Retailers - other,"284 High Street, Orpington",BR6 0ND,Bromley,0.0986083,51.37505,CORE_BAKERY,LOCATION_VERIFICATION
358489,Tesco Extra,tesco extra,Retailers - supermarkets/hypermarkets,"Tesco Stores 9 Augustus Lane, Orpington",BR6 0NH,Bromley,0.0968366,51.3740115,GROCER_BAKERY,SUPERMARKET_SUPPLEMENT
358445,Sainsbury's,sainsbury s,Retailers - supermarkets/hypermarkets,"Sainsbury's 5 - 7 Homefield Rise, Orpington",BR6 0RT,Bromley,0.1006094,51.3757605,GROCER_BAKERY,LOCATION_VERIFICATION
358563,The Daily Grind,the daily grind,Restaurant/Cafe/Canteen,"Orpington Railway Station Station Approach, Orpington",BR6 0SX,Bromley,0.0894398,51.3731275,BAKERY_CAFE,VERIFIED_CANDIDATE
869846,BR6 And The Bake House,br6 and the bake house,Restaurant/Cafe/Canteen,"Orpington College Of Further Education The Walnuts, Orpington",BR6 0TE,Bromley,,,BAKERY_CAFE,VERIFIED_CANDIDATE
1684679,Littleville,littleville,Restaurant/Cafe/Canteen,"53 - 55 The Walnuts, Orpington",BR6 0TW,Bromley,0.1020487,51.3767508,BAKERY_CAFE,VERIFIED_CANDIDATE
357766,Waitrose,waitrose,Retailers - supermarkets/hypermarkets,"11 High Street, Green Street Green, Orpington",BR6 6BG,Bromley,0.090055,51.354051,GROCER_BAKERY,SUPERMARKET_SUPPLEMENT
1693887,Chelsfield bakehouse,chelsfield bakehouse,Retailers - other,"27 Windsor Drive, Orpington",BR6 6EY,Bromley,0.1053237,51.3563503,CORE_BAKERY,VERIFIED_CANDIDATE
1694087,Little Big Treats,little big treats,Restaurant/Cafe/Canteen,"23 Windsor Drive, Orpington",BR6 6EY,Bromley,0.1054557,51.3564109,BAKERY_CAFE,VERIFIED_CANDIDATE
357931,Morrisons Daily,morrisons daily,Retailers - supermarkets/hypermarkets,"11 Windsor Drive, Orpington",BR6 6EY,Bromley,0.1058371,51.3565839,GROCER_BAKERY,LOCATION_VERIFICATION
1644914,Brookes,brookes,Restaurant/Cafe/Canteen,"137 High Street, Farnborough, Orpington",BR6 7AZ,Bromley,0.072717,51.359719,BAKERY_CAFE,VERIFIED_CANDIDATE
1393450,Nanny Smiths Deli,nanny smiths deli,Retailers - other,"121 High Street, Farnborough, Orpington",BR6 7AZ,Bromley,0.072717,51.359719,GROCER_BAKERY,VERIFIED_CANDIDATE
1081261,Greggs / Morrisons / ESSO - Chimes Service Station,greggs morrisons esso chimes service station,Retailers - other,"Chimes Service Station Sevenoaks Road, Pratts Bottom, Orpington",BR6 7SE,Bromley,,,GROCER_BAKERY,VERIFIED_CANDIDATE
1853925,Walnuts,walnuts,Restaurant/Cafe/Canteen,"360 Crofton Road, Orpington",BR6 8NN,Bromley,0.0546655,51.3672678,BAKERY_CAFE,LOCATION_VERIFICATION
1905882,The Artisan,the artisan,Restaurant/Cafe/Canteen,"1 Princess Parade Crofton Road, Orpington",BR6 8NP,Bromley,0.0567367,51.3676451,BAKERY_CAFE,LOCATION_VERIFICATION
445151,Lidl,lidl,Retailers - supermarkets/hypermarkets,"Lidl 330 Crofton Road, Orpington",BR6 8NW,Bromley,0.0559944,51.3680718,GROCER_BAKERY,LOCATION_VERIFICATION
357732,Morrisons Daily,morrisons daily,Retailers - supermarkets/hypermarkets,"336 - 338 Crofton Road, Orpington",BR6 8NW,Bromley,0.0557423,51.3678964,GROCER_BAKERY,LOCATION_VERIFICATION
357856,Sainsbury's,sainsbury s,Retailers - supermarkets/hypermarkets,"J Sainsbury Plc Pallant Way, Orpington",BR6 8NZ,Bromley,0.0552297,51.3660708,GROCER_BAKERY,LOCATION_VERIFICATION
1047156,Brothers Bakery,brothers bakery,Retailers - other,"12 Crescent Way, Orpington",BR6 9LP,Bromley,0.0878553,51.3607097,CORE_BAKERY,VERIFIED_CANDIDATE
432960,Annabels,annabels,Restaurant/Cafe/Canteen,"15 High Street, Chislehurst",BR7 5AB,Bromley,0.0683617,51.4171344,BAKERY_CAFE,VERIFIED_CANDIDATE
1842711,Brick Lane Bagel Chislehurst,brick lane bagel chislehurst,Retailers - other,"61 High Street, Chislehurst",BR7 5AF,Bromley,0.0672037,51.418243,CORE_BAKERY,VERIFIED_CANDIDATE
357621,Sainsbury's,sainsbury s,Retailers - supermarkets/hypermarkets,"J Sainsbury 73 High Street, Chislehurst",BR7 5AG,Bromley,0.0664648,51.4187596,GROCER_BAKERY,LOCATION_VERIFICATION
1810062,Fico Bianca,fico bianca,Restaurant/Cafe/Canteen,"22 - 24 High Street, Chislehurst",BR7 5AN,Bromley,0.067767,51.418296,BAKERY_CAFE,VERIFIED_CANDIDATE
1422876,Coffee Haven,coffee haven,Restaurant/Cafe/Canteen,"2 Walden Parade Walden Road, Chislehurst",BR7 5DW,Bromley,0.0512853,51.419269,BAKERY_CAFE,LOCATION_VERIFICATION
357559,Sans Minimart,sans minimart,Retailers - other,"4 Walden Parade Walden Road, Chislehurst",BR7 5DW,Bromley,0.0511005,51.4193172,GROCER_BAKERY,VERIFIED_CANDIDATE
358066,Chislehurst Caves,chislehurst caves,Restaurant/Cafe/Canteen,"Chislehurst Caves Old Hill, Chislehurst",BR7 5NB,Bromley,0.0580481,51.4074957,BAKERY_CAFE,VERIFIED_CANDIDATE
1866194,Chara Pastry House,chara pastry house,Other catering premises,"8 Mill Place, Chislehurst",BR7 5ND,Bromley,0.0621138,51.4083775,CORE_BAKERY,VERIFIED_CANDIDATE
357369,Costcutter,costcutter,Retailers - supermarkets/hypermarkets,"63 - 65 Chislehurst Road, Chislehurst",BR7 5NP,Bromley,0.0558879,51.4077405,GROCER_BAKERY,LOCATION_VERIFICATION
1584819,Mirabelle,mirabelle,Restaurant/Cafe/Canteen,"31A Green Lane, Chislehurst",BR7 6AG,Bromley,0.0693075,51.419285,BAKERY_CAFE,VERIFIED_CANDIDATE
1057437,Shivshakti Belmont News,shivshakti belmont news,Retailers - other,"1 Belmont Parade Green Lane, Chislehurst",BR7 6AN,Bromley,0.0694592,51.4207302,GROCER_BAKERY,VERIFIED_CANDIDATE
1844563,Walnuts,walnuts,Restaurant/Cafe/Canteen,"7 Royal Parade, Chislehurst",BR7 6NR,Bromley,0.0752217,51.4117343,BAKERY_CAFE,LOCATION_VERIFICATION
357683,Tesco,tesco,Retailers - supermarkets/hypermarkets,"Tesco Stores Ltd Edgington Way, Sidcup",DA14 5BN,Bromley,0.1228461,51.4125624,GROCER_BAKERY,SUPERMARKET_SUPPLEMENT
478699,Ruxley Manor Mulberry Tree & Food Hall,ruxley manor mulberry tree and food hall,Restaurant/Cafe/Canteen,"Ruxley Manor Garden Centre Maidstone Road, Sidcup",DA14 5BQ,Bromley,0.133598,51.412457,GROCER_BAKERY,VERIFIED_CANDIDATE
1129697,Crespidia,crespidia,Restaurant/Cafe/Canteen,"48 Anerley Hill, Anerley, London",SE19 2AE,Bromley,-0.0742056,51.4178456,BAKERY_CAFE,VERIFIED_CANDIDATE
1408175,Chatsworth Bakehouse,chatsworth bakehouse,Retailers - other,"120A Anerley Road, Penge, London",SE19 2AN,Bromley,-0.0729779973626137,51.4161529541016,CORE_BAKERY,VERIFIED_CANDIDATE
1745444,Chatsworth Bakehouse 116,chatsworth bakehouse 116,Retailers - other,"116 Anerley Road, Penge, London",SE19 2AN,Bromley,-0.0722108,51.4156905,CORE_BAKERY,VERIFIED_CANDIDATE
987704,"Blowing Dandelion, Artisan Chocolate Cafe",blowing dandelion artisan chocolate cafe,Restaurant/Cafe/Canteen,"3 Belvedere Road, Anerley, London",SE19 2HJ,Bromley,-0.0795719996094704,51.4169998168945,BAKERY_CAFE,VERIFIED_CANDIDATE
1426700,Klein Coffee By Little Things,klein coffee by little things,Retailers - other,"Penge East Railway Station Station Road, Penge, London",SE20 7BE,Bromley,-0.0540137,51.4191846,BAKERY_CAFE,VERIFIED_CANDIDATE
357985,Greggs,greggs,Takeaway/sandwich shop,"139A High Street, Penge, London",SE20 7DS,Bromley,-0.052317,51.414994,CORE_BAKERY,LOCATION_VERIFICATION
1634154,Blackbird Bakery,blackbird bakery,Retailers - other,"107 High Street, Penge, London",SE20 7DT,Bromley,-0.0530226,51.4157688,BAKERY_CAFE,LOCATION_VERIFICATION
1728864,Swami News,swami news,Retailers - other,"118 High Street, Penge, London",SE20 7EZ,Bromley,-0.0534260012209415,51.4153099060059,GROCER_BAKERY,VERIFIED_CANDIDATE
1288045,Oohlalatreats,oohlalatreats,Retailers - other,"69 High Street, Penge, London",SE20 7HW,Bromley,-0.056771,51.417127,BAKERY_CAFE,VERIFIED_CANDIDATE
1790331,Firin,firin,Restaurant/Cafe/Canteen,"179 High Street, Penge, London",SE20 7PF,Bromley,-0.050906,51.413343,BAKERY_CAFE,LOCATION_VERIFICATION
358081,Sainsbury's,sainsbury s,Retailers - supermarkets/hypermarkets,"158 - 162 High Street, Penge, London",SE20 7QS,Bromley,-0.050558,51.412402,GROCER_BAKERY,LOCATION_VERIFICATION
965467,Costcutter,costcutter,Retailers - other,"2 Beaconsfield Parade Kimmeridge Road, Mottingham, London",SE9 4EA,Bromley,0.0450941,51.427165,GROCER_BAKERY,LOCATION_VERIFICATION
1701889,Marlborough Bakeries 1942 Limited,marlborough bakeries 1942 limited,Retailers - other,"64 Kimmeridge Road, Mottingham, London",SE9 4EB,Bromley,0.046526,51.426916,CORE_BAKERY,VERIFIED_CANDIDATE
1588922,Lidl,lidl,Retailers - supermarkets/hypermarkets,"24 Mottingham Road, Mottingham, London",SE9 4QW,Bromley,0.042486,51.437283,GROCER_BAKERY,LOCATION_VERIFICATION
358339,Waitrose,waitrose,Retailers - supermarkets/hypermarkets,"168 Main Road, Biggin Hill",TN16 3BB,Bromley,0.0367679,51.3090169,GROCER_BAKERY,SUPERMARKET_SUPPLEMENT
357879,Morrisons Daily,morrisons daily,Retailers - supermarkets/hypermarkets,"4 Roundway, Biggin Hill",TN16 3XZ,Bromley,0.029264,51.313572,GROCER_BAKERY,LOCATION_VERIFICATION
425227,Sainsbury's Supermarkets Ltd,sainsbury s supermarkets ltd,Retailers - supermarkets/hypermarkets,"17-23 Farringdon Road, London",EC1M 3HA,Camden,-0.105820998549461,51.519287109375,GROCER_BAKERY,LOCATION_VERIFICATION
836649,Sainsburys,sainsburys,Retailers - supermarkets/hypermarkets,123 Holborn,EC1N 2TD,Camden,-0.108532,51.518079,GROCER_BAKERY,LOCATION_VERIFICATION
1054003,Pret A Manger,pret a manger,Takeaway/sandwich shop,"8b Leather Lane, London",EC1N 7RA,Camden,-0.1090194,51.5189702,BAKERY_CAFE,LOCATION_VERIFICATION
1850303,BAGEL & PANCAKE SHOP,bagel and pancake shop,Restaurant/Cafe/Canteen,"Leather Market, Leather Lane, London",EC1N 7TJ,Camden,,,CORE_BAKERY,VERIFIED_CANDIDATE
1670090,PRET A MANGER,pret a manger,Restaurant/Cafe/Canteen,"UNIT 8, 5 Leather Lane, London",EC1N 7TJ,Camden,,,BAKERY_CAFE,LOCATION_VERIFICATION
1962527,The Flour Station,the flour station,Retailers - other,"Leather Lane  Market, Leather Lane, London",EC1N 7TJ,Camden,,,CORE_BAKERY,LOCATION_VERIFICATION
1768437,COMP,comp,Restaurant/Cafe/Canteen,"85 Leather Lane, London",EC1N 7TS,Camden,-0.1101739,51.5213719,BAKERY_CAFE,VERIFIED_CANDIDATE
426537,Greggs,greggs,Takeaway/sandwich shop,"81 Leather Lane, London",EC1N 7TS,Camden,-0.1101488,51.5212815,BAKERY_CAFE,LOCATION_VERIFICATION
1214111,Pret A Manger,pret a manger,Takeaway/sandwich shop,"78 Hatton Garden, London",EC1N 8JT,Camden,-0.1087529,51.5205306,BAKERY_CAFE,LOCATION_VERIFICATION
1716657,LE PARISIEN,le parisien,Restaurant/Cafe/Canteen,"113 Clerkenwell Road, London",EC1R 5BY,Camden,-0.1115575,51.5217269,BAKERY_CAFE,VERIFIED_CANDIDATE
470832,Terroni of Clerkenwell,terroni of clerkenwell,Retailers - other,"138-140 Clerkenwell Road, London",EC1R 5DL,Camden,-0.108958996832371,51.5221786499023,GROCER_BAKERY,VERIFIED_CANDIDATE
1063504,Pret A Manger,pret a manger,Takeaway/sandwich shop,"Unit 1 Southern Square Kings Cross Square, Euston Road, London",N1 2XQ,Camden,,,BAKERY_CAFE,LOCATION_VERIFICATION
1809069,Greggs PLC,greggs plc,Restaurant/Cafe/Canteen,"Unit 2 Western Ticket Hall, Kings Cross",N1 9AL,Camden,,,BAKERY_CAFE,LOCATION_VERIFICATION
610996,Pret a Manger,pret a manger,Takeaway/sandwich shop,"Store 1 Ground Floor (Kitchen) Kings Cross  Station, Euston Road",N1 9AL,Camden,,,BAKERY_CAFE,LOCATION_VERIFICATION
1841677,WEST CORNWALL PASTY,west cornwall pasty,Restaurant/Cafe/Canteen,"King's Cross, Euston Road",N1 9AL,Camden,,,CORE_BAKERY,LOCATION_VERIFICATION
1788786,BUNS FROM HOME,buns from home,Restaurant/Cafe/Canteen,"Kings Cross Railway Station, Euston Road, London",N1 9AP,Camden,-0.1235396,51.530759,CORE_BAKERY,LOCATION_VERIFICATION
1450080,GREGGS PLC,greggs plc,Takeaway/sandwich shop,"Unit 5 Kings Cross Railway Station, Euston Road, London",N1 9AP,Camden,-0.123271,51.5323824,CORE_BAKERY,LOCATION_VERIFICATION
773831,Little Waitrose,little waitrose,Retailers - supermarkets/hypermarkets,"Unit 3 Kings Cross Railway Station, Euston Road, London",N1 9AP,Camden,-0.1235396,51.530759,GROCER_BAKERY,LOCATION_VERIFICATION
1063500,Pret A Manger,pret a manger,Takeaway/sandwich shop,"Northern Ticket Hall Kings Cross And St Pancras Underground Station, Euston Road, London",N1 9AP,Camden,-0.1234949,51.5307943,BAKERY_CAFE,LOCATION_VERIFICATION
470860,Upper Crust Unit 7,upper crust unit 7,Takeaway/sandwich shop,"Upper Crust Main Concourse Kings Cross Railway Station, Euston Road",N1 9AP,Camden,,,BAKERY_CAFE,VERIFIED_CANDIDATE
1670096,Nisa Local,nisa local,Retailers - other,"70-72 Chester Road, London",N19 5BZ,Camden,-0.143338,51.563987,GROCER_BAKERY,LOCATION_VERIFICATION
1222859,Lina Stores KX Ltd,lina stores kx ltd,Restaurant/Cafe/Canteen,"16-21 Stable Street, London",N1C 4AB,Camden,-0.1253223,51.5364979,BAKERY_CAFE,VERIFIED_CANDIDATE
765123,Notes,notes,Takeaway/sandwich shop,1 Pancras Square,N1C 4AG,Camden,-0.125051,51.5329234,BAKERY_CAFE,LOCATION_VERIFICATION
1949669,GAIL’s Bakery Kings Cross Station,gail s bakery kings cross station,Restaurant/Cafe/Canteen,"Unit M4 Mezzanine Kings Cross Station, Goods Way, London",N1C 4AH,Camden,,,CORE_BAKERY,VERIFIED_CANDIDATE
912305,Waitrose and Partners,waitrose and partners,Retailers - supermarkets/hypermarkets,"1 Wharf Road, London",N1C 4BZ,Camden,-0.1234619,51.5361534,GROCER_BAKERY,LOCATION_VERIFICATION
1417964,GAILS'S BAKERY/KINGS CROSS,gails s bakery kings cross,Restaurant/Cafe/Canteen,"12 Handyside Street, London",N1C 4DN,Camden,-0.1246627,51.5374586,CORE_BAKERY,VERIFIED_CANDIDATE
1222830,Morty And Bobs,morty and bobs,Restaurant/Cafe/Canteen,"Unit 49, Coal Drops Yard, London",N1C 4DQ,Camden,-0.1269414,51.5360471,BAKERY_CAFE,LOCATION_VERIFICATION
1784221,Matchado,matchado,Takeaway/sandwich shop,"119 Lower Stable Street, London",N1C 4DR,Camden,-0.1259109,51.5365612,BAKERY_CAFE,LOCATION_VERIFICATION
894295,The Co-operative Group,the co operative group,Retailers - supermarkets/hypermarkets,"103a Camley Street, London",N1C 4PF,Camden,-0.1306324,51.5378146,GROCER_BAKERY,LOCATION_VERIFICATION
1705841,BREAD & TRUFFLE,bread and truffle,Restaurant/Cafe/Canteen,"St Pancras International Unit 3 West Arcade, Euston Road, London",N1C 4QL,Camden,-0.1254169,51.531546,BAKERY_CAFE,LOCATION_VERIFICATION
1784226,Gail's St Pancras Station,gail s st pancras station,Restaurant/Cafe/Canteen,"unit 15 St Pancras Station Euston Road, London",N1C 4QP,Camden,-0.1261217,51.5314298,CORE_BAKERY,VERIFIED_CANDIDATE
1251614,Laduree St Pancras,laduree st pancras,Retailers - other,"St Pancras International Station, Euston Road, London",N1C 4QP,Camden,-0.1261217,51.5314298,CORE_BAKERY,VERIFIED_CANDIDATE
425600,Pret A Manger,pret a manger,Takeaway/sandwich shop,"Unit 26&27 St Pancras Station, Euston Road, London",N1C 4QP,Camden,-0.1261217,51.5314298,BAKERY_CAFE,LOCATION_VERIFICATION
1876682,BRITISH HOME FOOD,british home food,Retailers - other,"Real Food Market Kings Cross Square, Euston Road, London",N1C 9AL,Camden,,,GROCER_BAKERY,VERIFIED_CANDIDATE
470857,Pret A Manger,pret a manger,Takeaway/sandwich shop,"Unit CG08 Ground Floor Western Concourse Kings Cross Railway Station, Euston Road",N1C 9AP,Camden,-0.123271,51.5323824,BAKERY_CAFE,LOCATION_VERIFICATION
1676109,U DESSERT,u dessert,Restaurant/Cafe/Canteen,"15 Highgate High Street, London",N6 5JT,Camden,-0.1467269,51.5704162,BAKERY_CAFE,VERIFIED_CANDIDATE
424005,The Highgate Pantry,the highgate pantry,Retailers - other,"57 Highgate High Street, London",N6 5JX,Camden,-0.1491008,51.5709483,BAKERY_CAFE,VERIFIED_CANDIDATE
1763243,B BAGEL SWAINS LANE,b bagel swains lane,Restaurant/Cafe/Canteen,"2 Swain's Lane, London",N6 6AG,Camden,-0.1502628,51.5615155,BAKERY_CAFE,VERIFIED_CANDIDATE
1728470,TRADE SWAINS LANE,trade swains lane,Restaurant/Cafe/Canteen,"Unit 1 Sonny Heights West, 1 Swain's Lane, London",N6 6AG,Camden,-0.1506582,51.5617286,BAKERY_CAFE,VERIFIED_CANDIDATE
1832036,Sourdough Sophia,sourdough sophia,Restaurant/Cafe/Canteen,"3 Highgate West Hill, London",N6 6JS,Camden,-0.1510173,51.5614105,CORE_BAKERY,LOCATION_VERIFICATION
1267298,Ronis Swains Lane,ronis swains lane,Restaurant/Cafe/Canteen,"Unit2 1-11, Swain's Lane, London",N6 6QS,Camden,-0.149812996387482,51.5615882873535,BAKERY_CAFE,VERIFIED_CANDIDATE
1045538,Gail's Bakery,gail s bakery,Takeaway/sandwich shop,"21 Swain's Lane, London",N6 6QX,Camden,-0.1495607,51.5621069,CORE_BAKERY,LOCATION_VERIFICATION
1891412,BUMBLEBEE FOODS AND REMEDIES,bumblebee foods and remedies,Retailers - other,"33 Brecknock Road, London",N7 0BT,Camden,-0.1305034,51.5497549,GROCER_BAKERY,VERIFIED_CANDIDATE
1612227,Best One,best one,Retailers - other,43 Brecknock Road,N7 0BT,Camden,-0.1307063,51.5500818,GROCER_BAKERY,LOCATION_VERIFICATION
743816,Bumblebee Natural Foods - The Nut Shop,bumblebee natural foods the nut shop,Retailers - other,35 Brecknock Road,N7 0BT,Camden,-0.130705,51.549989,GROCER_BAKERY,VERIFIED_CANDIDATE
424614,Salvino Ltd,salvino ltd,Retailers - other,"47 Brecknock Road, London",N7 0BT,Camden,-0.1308154,51.5502365,GROCER_BAKERY,VERIFIED_CANDIDATE
1148928,Pret a Manger,pret a manger,Restaurant/Cafe/Canteen,"2-4 Camden High Street, London",NW1 0JH,Camden,-0.1384384,51.5348722,BAKERY_CAFE,LOCATION_VERIFICATION
424661,Sainsbury's Supermarkets Ltd,sainsbury s supermarkets ltd,Retailers - supermarkets/hypermarkets,"8-12 Camden High Street, London",NW1 0JH,Camden,-0.1385758,51.5350362,GROCER_BAKERY,VERIFIED_CANDIDATE
950012,Camden Bakery,camden bakery,Retailers - other,"94 Camden High Street, London",NW1 0LT,Camden,-0.1406416,51.5370654,CORE_BAKERY,VERIFIED_CANDIDATE
1109866,Fabler Ltd,fabler ltd,Restaurant/Cafe/Canteen,"88 Camden High Street, London",NW1 0LT,Camden,-0.1405466,51.53692,BAKERY_CAFE,VERIFIED_CANDIDATE
1670119,B Bagel,b bagel,Restaurant/Cafe/Canteen,"136-138 Camden High Street, London",NW1 0LU,Camden,-0.1416662,51.5381068,BAKERY_CAFE,LOCATION_VERIFICATION
1049948,Oseyo,oseyo,Retailers - other,"158 Camden High Street, London",NW1 0NE,Camden,-0.1421176,51.5387074,GROCER_BAKERY,LOCATION_VERIFICATION
1417922,CASA TUA DELIZIE,casa tua delizie,Retailers - other,"170 Royal College Street, London",NW1 0SP,Camden,-0.1378786,51.5415179,GROCER_BAKERY,VERIFIED_CANDIDATE
1181613,SUDA,suda,Restaurant/Cafe/Canteen,"243 Eversholt Street, London",NW1 1BE,Camden,-0.1378291,51.5335496,BAKERY_CAFE,VERIFIED_CANDIDATE
1683529,Gail's EUSTON,gail s euston,Restaurant/Cafe/Canteen,"Euston House, 24 Eversholt Street, London",NW1 1DB,Camden,-0.1317321,51.5285696,BAKERY_CAFE,VERIFIED_CANDIDATE
1296706,GREGGS,greggs,Takeaway/sandwich shop,"Unit 60  St Pancras  Station, Kings Cross, London",NW1 1QP,Camden,-0.134470999240875,51.5323715209961,CORE_BAKERY,LOCATION_VERIFICATION
1296707,GREGGS,greggs,Takeaway/sandwich shop,"Unit 17B St Pancras Station, Euston Road, London",NW1 1QP,Camden,,,CORE_BAKERY,LOCATION_VERIFICATION
965293,Patisserie Valerie,patisserie valerie,Takeaway/sandwich shop,"Unit 1 Euston Railway Station, Eversholt Street",NW1 2DU,Camden,-0.133308,51.528674,BAKERY_CAFE,VERIFIED_CANDIDATE
426170,Sainsbury’s Supermarket,sainsbury s supermarket,Retailers - supermarkets/hypermarkets,"Unit 11 Euston Station, Eversholt Street, London",NW1 2DU,Camden,-0.133270993828774,51.5286674499512,GROCER_BAKERY,SUPERMARKET_SUPPLEMENT
425294,The Pasty Shop,the pasty shop,Takeaway/sandwich shop,"Unit 18 Euston Station, Eversholt Street, London",NW1 2DU,Camden,-0.133270993828774,51.5286674499512,CORE_BAKERY,VERIFIED_CANDIDATE
424182,"Upper Crust, Barrier Line",upper crust barrier line,Takeaway/sandwich shop,"Unit 23 Euston Station, Eversholt Street, London",NW1 2DU,Camden,-0.133270993828774,51.5286674499512,BAKERY_CAFE,VERIFIED_CANDIDATE
1049952,Whistlestop - Euston Station,whistlestop euston station,Retailers - other,"Unit 26 Euston Railway Station, Eversholt Street, London",NW1 2DU,Camden,-0.133270993828774,51.5286674499512,GROCER_BAKERY,VERIFIED_CANDIDATE
426263,Ambala Sweet Centre,ambala sweet centre,Retailers - other,"112-114 Drummond Street, London",NW1 2HN,Camden,-0.1369052,51.527222,GROCER_BAKERY,LOCATION_VERIFICATION
425737,Delice De France,delice de france,Takeaway/sandwich shop,"Euston Station, Eversholt Street, London",NW1 2HS,Camden,-0.133270993828774,51.5286674499512,BAKERY_CAFE,VERIFIED_CANDIDATE
1582115,PANOPOLIS,panopolis,Restaurant/Cafe/Canteen,"Platform 8 Euston Railway Station, Eversholt Street, London",NW1 2HS,Camden,-0.1332708,51.528666,CORE_BAKERY,VERIFIED_CANDIDATE
1635488,AUX MERVEILLEUX DE FRED,aux merveilleux de fred,Restaurant/Cafe/Canteen,"Unit 49 St Pancras International Station, Pancras Road, London",NW1 2QL,Camden,-0.1261217,51.5314298,CORE_BAKERY,LOCATION_VERIFICATION
628482,Fortnum & Mason,fortnum and mason,Restaurant/Cafe/Canteen,"Unit 1a Ticket Office St Pancras International Station, Pancras Road",NW1 2QL,Camden,-0.1261217,51.5314298,GROCER_BAKERY,LOCATION_VERIFICATION
425487,Le Pain Quotidien,le pain quotidien,Restaurant/Cafe/Canteen,"Unit 4 St Pancras Station, Pancras Road, London",NW1 2QL,Camden,-0.138659418320261,51.5433351540632,BAKERY_CAFE,LOCATION_VERIFICATION
1251617,Marks And Spencers The Circle,marks and spencers the circle,Retailers - supermarkets/hypermarkets,"Unit 20-21 St Pancras International Station, Pancras Road, London",NW1 2QL,Camden,,,GROCER_BAKERY,VERIFIED_CANDIDATE
1206097,Pret A Manger,pret a manger,Takeaway/sandwich shop,"Unit 29 St Pancras International Station, Pancras Road, London",NW1 2QL,Camden,-0.1261217,51.5314298,BAKERY_CAFE,LOCATION_VERIFICATION
1214101,Pret A manger,pret a manger,Takeaway/sandwich shop,"Unit 61 St Pancras International Station, Euston Road, London",NW1 2QL,Camden,-0.1256418,51.5304779,BAKERY_CAFE,LOCATION_VERIFICATION
950016,The Station Pantry,the station pantry,Pub/bar/nightclub,"Unit 31 St Pancras International Station, Pancras Road",NW1 2QP,Camden,-0.1261217,51.5314298,BAKERY_CAFE,LOCATION_VERIFICATION
1417936,Pret A Manger,pret a manger,Restaurant/Cafe/Canteen,"Unit 4 The Piazza, Euston Station",NW1 2RT,Camden,-0.1332708,51.528666,BAKERY_CAFE,LOCATION_VERIFICATION
425515,Pret A Manger,pret a manger,Takeaway/sandwich shop,"117 Euston Road, London",NW1 2SX,Camden,-0.1275893,51.5283417,BAKERY_CAFE,LOCATION_VERIFICATION
1181624,Double J's,double j s,Restaurant/Cafe/Canteen,"333 Euston Road, London",NW1 3AD,Camden,-0.1400671,51.5242776,BAKERY_CAFE,VERIFIED_CANDIDATE
1222876,Pret A Manger,pret a manger,Takeaway/sandwich shop,"350 Euston Road, London",NW1 3AX,Camden,-0.142155,51.5243377,BAKERY_CAFE,LOCATION_VERIFICATION
424773,Pret A Manger Unit 1,pret a manger unit 1,Takeaway/sandwich shop,"Euston Tower, 286 Euston Road, London",NW1 3BY,Camden,-0.124235000255347,51.5299050001021,BAKERY_CAFE,LOCATION_VERIFICATION
1705840,DEAR COFFEE LOVER,dear coffee lover,Restaurant/Cafe/Canteen,"109 Hampstead Road, London",NW1 3EE,Camden,-0.1388471,51.527835,BAKERY_CAFE,VERIFIED_CANDIDATE
425612,Rupashi Bangla,rupashi bangla,Retailers - other,"93-97 Hampstead Road, London",NW1 3EL,Camden,-0.138901993632317,51.5273971557617,GROCER_BAKERY,VERIFIED_CANDIDATE
785708,Sainsburys,sainsburys,Retailers - supermarkets/hypermarkets,21 Hampstead Road,NW1 3JA,Camden,-0.138816,51.52618,GROCER_BAKERY,LOCATION_VERIFICATION
1784203,Greggs PLC,greggs plc,Retailers - other,"100 Robert Street, London",NW1 3QP,Camden,-0.1433769,51.5286735,BAKERY_CAFE,LOCATION_VERIFICATION
1844531,Londis Regent's Park,londis regent s park,Retailers - supermarkets/hypermarkets,"9-10 Chester Court, Albany Street, London",NW1 4BU,Camden,-0.1447257,51.5288297,GROCER_BAKERY,VERIFIED_CANDIDATE
1691308,REGENT'S NATURAL,regent s natural,Retailers - other,"1 Chester Court, Albany Street, London",NW1 4BU,Camden,-0.1447257,51.5288297,GROCER_BAKERY,VERIFIED_CANDIDATE
1960262,OUM LTD,oum ltd,Restaurant/Cafe/Canteen,"124 Albany Street, London",NW1 4EL,Camden,-0.1440276,51.5289806,BAKERY_CAFE,VERIFIED_CANDIDATE
1960260,SAINSBURYS SUPERMARKETS LTD,sainsburys supermarkets ltd,Retailers - supermarkets/hypermarkets,"6-12 Parkway, London",NW1 7AA,Camden,-0.1434126,51.5388751,GROCER_BAKERY,LOCATION_VERIFICATION
952266,The Co-operative Group,the co operative group,Retailers - supermarkets/hypermarkets,72-74 Parkway,NW1 7AL,Camden,,,GROCER_BAKERY,LOCATION_VERIFICATION
1873744,IL BOTANICO PASTICCERIA E GELATERIA,il botanico pasticceria e gelateria,Retailers - other,"261 Camden High Street, London",NW1 7BU,Camden,-0.1442356,51.5405215,CORE_BAKERY,VERIFIED_CANDIDATE
1152018,Pret A Manger,pret a manger,Takeaway/sandwich shop,"231-233 Camden High Street, London",NW1 7BU,Camden,-0.1438404,51.5399577,BAKERY_CAFE,LOCATION_VERIFICATION
1873740,Storrd Ltd,storrd ltd,Restaurant/Cafe/Canteen,"Unit 3, 10 Jamestown Road, London",NW1 7BY,Camden,-0.1474220007658,51.5401840209961,GROCER_BAKERY,VERIFIED_CANDIDATE
1962525,7 DAYS LOCAL,7 days local,Retailers - other,"67a Camden High Street, London",NW1 7JL,Camden,-0.1403612,51.5361617,GROCER_BAKERY,VERIFIED_CANDIDATE
1891427,IZABELLA CAMDEN LTD,izabella camden ltd,Restaurant/Cafe/Canteen,"67 Camden High Street, London",NW1 7JL,Camden,-0.1403335,51.5361342,BAKERY_CAFE,VERIFIED_CANDIDATE
425560,Pret A Manger,pret a manger,Takeaway/sandwich shop,"157 Camden High Street, London",NW1 7JR,Camden,-0.14198000729084,51.5374908447266,BAKERY_CAFE,LOCATION_VERIFICATION
425546,Marks & Spencer,marks and spencer,Retailers - supermarkets/hypermarkets,"143-151 Camden High Street, London",NW1 7JX,Camden,-0.1421376,51.5378624,GROCER_BAKERY,LOCATION_VERIFICATION
1670147,BLANK STREET UK LIMITED,blank street uk limited,Restaurant/Cafe/Canteen,"Shop and Basement, 181 Camden High Street, London",NW1 7JY,Camden,-0.1426696,51.5386083,BAKERY_CAFE,LOCATION_VERIFICATION
1081338,Gail's Bakery Camden,gail s bakery camden,Retailers - other,"35-37 Parkway, London",NW1 7PN,Camden,-0.1440965,51.5382711,CORE_BAKERY,VERIFIED_CANDIDATE
1832042,BUNS FROM HOME,buns from home,Restaurant/Cafe/Canteen,"Unit 65 Camden Market, Camden Lock Place, London",NW1 8AF,Camden,,,CORE_BAKERY,LOCATION_VERIFICATION
1567464,Blank Street,blank street,Restaurant/Cafe/Canteen,"Basement and Garden Floors, 10 Chalk Farm Road, London",NW1 8AG,Camden,-0.1457643,51.5419395,BAKERY_CAFE,LOCATION_VERIFICATION
1227238,The Lost Elephants's Kitchen,the lost elephants s kitchen,Restaurant/Cafe/Canteen,"15 Chalk Farm Road, London",NW1 8AG,Camden,-0.1460315,51.5421056,BAKERY_CAFE,VERIFIED_CANDIDATE
1229826,Philippe Conticini UK,philippe conticini uk,Restaurant/Cafe/Canteen,"Unit 732-736 Ground Floor North Yard Building A+B The Stables Market, Chalk Farm Road, London",NW1 8AH,Camden,-0.147737994790077,51.5423393249512,CORE_BAKERY,VERIFIED_CANDIDATE
1539139,TRIPLE TWO COFFEE LTD,triple two coffee ltd,Restaurant/Cafe/Canteen,"29 Chalk Farm Road, London",NW1 8AJ,Camden,-0.1473503,51.542657,BAKERY_CAFE,VERIFIED_CANDIDATE
1908974,Fable and Falcon Ltd,fable and falcon ltd,Restaurant/Cafe/Canteen,"70 Chalk Farm Road, London",NW1 8AN,Camden,-0.1505772,51.5434543,BAKERY_CAFE,VERIFIED_CANDIDATE
424846,Sainsbury's Supermarket Ltd,sainsbury s supermarket ltd,Retailers - supermarkets/hypermarkets,"76-77 Chalk Farm Road, London",NW1 8AN,Camden,-0.1511649,51.5435445,GROCER_BAKERY,VERIFIED_CANDIDATE
1016186,Shopoint,shopoint,Retailers - other,"52 Chalk Farm Road, London",NW1 8AN,Camden,-0.1494485,51.5431937,GROCER_BAKERY,LOCATION_VERIFICATION
1029694,Truly Scumptious,truly scumptious,Restaurant/Cafe/Canteen,"67 Chalk Farm Road, London",NW1 8AN,Camden,-0.1504937,51.5433811,BAKERY_CAFE,VERIFIED_CANDIDATE
1798528,GAIL’s Primrose Hill,gail s primrose hill,Restaurant/Cafe/Canteen,"42 Gloucester Avenue, London",NW1 8JD,Camden,-0.1505762,51.5402799,CORE_BAKERY,VERIFIED_CANDIDATE
1788785,BUNS FROM HOME,buns from home,Restaurant/Cafe/Canteen,"Arch S13, Water Lane, London",NW1 8JY,Camden,,,CORE_BAKERY,LOCATION_VERIFICATION
1628388,COMICS & CAKES,comics and cakes,Retailers - other,"Unit M188 Level 1 Hawley Wharf, Water Lane, London",NW1 8JZ,Camden,-0.1447754,51.541716,BAKERY_CAFE,VERIFIED_CANDIDATE
1798558,JOLIE CORNER,jolie corner,Restaurant/Cafe/Canteen,"67 Gloucester Avenue, London",NW1 8LD,Camden,-0.151157,51.5401811,BAKERY_CAFE,VERIFIED_CANDIDATE
1670143,BRICK LANE BAGEL CO,brick lane bagel co,Restaurant/Cafe/Canteen,"Unit M134, Water Lane, London",NW1 8NZ,Camden,,,CORE_BAKERY,LOCATION_VERIFICATION
943059,Doppio Coffee Ltd,doppio coffee ltd,Retailers - other,"177 Kentish Town Road, London",NW1 8PD,Camden,-0.1422338,51.5461193,BAKERY_CAFE,VERIFIED_CANDIDATE
1294812,Philippe Conticini UK Ltd,philippe conticini uk ltd,Takeaway/sandwich shop,"Unit 1 26 Ground Floor Camden (Buck Street) Market, 192-198 Camden High Street, London",NW1 8QP,Camden,-0.1432318,51.540029,CORE_BAKERY,VERIFIED_CANDIDATE
1148923,Pannus,pannus,Retailers - other,"250 Camden High Street, London",NW1 8QS,Camden,-0.1447382,51.5412848,BAKERY_CAFE,VERIFIED_CANDIDATE
1417921,The Little Bread Pedlar,the little bread pedlar,Takeaway/sandwich shop,"Shop Unit at Erskine Road as part of Ground Floor, 91 Regent's Park Road, London",NW1 8UT,Camden,-0.1568185,51.5418001,CORE_BAKERY,LOCATION_VERIFICATION
1549105,ARVO,arvo,Restaurant/Cafe/Canteen,"57 Regent's Park Road, London",NW1 8XD,Camden,-0.157708,51.5407967,BAKERY_CAFE,VERIFIED_CANDIDATE
1631484,IT'S BAGELS LIMITED,it s bagels limited,Restaurant/Cafe/Canteen,"65 Regent's Park Road, London",NW1 8XD,Camden,-0.1576413,51.5410205,CORE_BAKERY,VERIFIED_CANDIDATE
425262,Shepherd Foods Limited,shepherd foods limited,Retailers - other,"59-61 Regent's Park Road, London",NW1 8XD,Camden,-0.1578031,51.5409421,GROCER_BAKERY,VERIFIED_CANDIDATE
1934422,130 Primrose,130 primrose,Restaurant/Cafe/Canteen,"130 Regent's Park Road, London",NW1 8XL,Camden,-0.157236,51.5406994,BAKERY_CAFE,VERIFIED_CANDIDATE
1858038,RIPE,ripe,Restaurant/Cafe/Canteen,"136 Regent's Park Road, London",NW1 8XL,Camden,-0.1571866,51.5408515,BAKERY_CAFE,VERIFIED_CANDIDATE
1934376,SOURDOUGH SOPHIA,sourdough sophia,Restaurant/Cafe/Canteen,"138 Regent's Park Road, London",NW1 8XL,Camden,-0.157156,51.540896,CORE_BAKERY,LOCATION_VERIFICATION
1968627,NADIA & COMPANY,nadia and company,Restaurant/Cafe/Canteen,"146 Regent's Park Road, London",NW1 8XN,Camden,-0.1570136,51.5412085,BAKERY_CAFE,VERIFIED_CANDIDATE
424564,Twins Coffee Shop,twins coffee shop,Restaurant/Cafe/Canteen,"75A Camden Road, London",NW1 9EU,Camden,-0.1379369,51.542562,BAKERY_CAFE,VERIFIED_CANDIDATE
425136,Sainsbury's Supermarkets Ltd,sainsbury s supermarkets ltd,Retailers - supermarkets/hypermarkets,"17-21 Camden Road, London",NW1 9LJ,Camden,-0.1407747,51.5405207,GROCER_BAKERY,LOCATION_VERIFICATION
1934373,LUMA BAKERY CLUB,luma bakery club,Restaurant/Cafe/Canteen,"47 Camden Road, London",NW1 9LS,Camden,,,BAKERY_CAFE,VERIFIED_CANDIDATE
1884352,ALDI STORES LIMITED,aldi stores limited,Retailers - supermarkets/hypermarkets,"ALDI STORES LIMITED, 152-156 Kentish Town Road, London",NW1 9QB,Camden,-0.1413784,51.5465823,GROCER_BAKERY,LOCATION_VERIFICATION
1181570,Sainsbury's,sainsbury s,Retailers - supermarkets/hypermarkets,"Maiden Lane Estate, Maiden Lane, London",NW1 9UP,Camden,-0.131698995828629,51.5455741882324,GROCER_BAKERY,LOCATION_VERIFICATION
1222886,New York Cafe Ltd,new york cafe ltd,Restaurant/Cafe/Canteen,"84 Heath Street, London",NW3 1DN,Camden,-0.1784139,51.5578282,BAKERY_CAFE,VERIFIED_CANDIDATE
1716651,ROSE N' ROSE,rose n rose,Restaurant/Cafe/Canteen,"92 Heath Street, London",NW3 1DP,Camden,-0.1784994,51.5582162,BAKERY_CAFE,VERIFIED_CANDIDATE
1222833,Boulangerie Bon Matin LTD,boulangerie bon matin ltd,Retailers - other,"9 Flask Walk, London",NW3 1HJ,Camden,-0.1775822,51.5566193,CORE_BAKERY,VERIFIED_CANDIDATE
1597364,OAK & POPPY,oak and poppy,Restaurant/Cafe/Canteen,"48 Rosslyn Hill, London",NW3 1NH,Camden,-0.1730852,51.5550836,BAKERY_CAFE,VERIFIED_CANDIDATE
1676120,Ottolenghi - Hampstead,ottolenghi hampstead,Restaurant/Cafe/Canteen,"32-34 Rosslyn Hill, London",NW3 1NH,Camden,-0.1720594,51.5547619,BAKERY_CAFE,VERIFIED_CANDIDATE
653485,Roni's Hampstead,roni s hampstead,Restaurant/Cafe/Canteen,44 Rosslyn Hill,NW3 1NH,Camden,-0.172914,51.555036,BAKERY_CAFE,VERIFIED_CANDIDATE
1924315,GRACIE'S HAMPSTEAD,gracie s hampstead,Restaurant/Cafe/Canteen,"294 Hampstead High Street, London",NW3 1QA,Camden,,,BAKERY_CAFE,VERIFIED_CANDIDATE
1471696,SAINSBURY'S SUPERMARKET LTD,sainsbury s supermarket ltd,Retailers - supermarkets/hypermarkets,"Sainsburys Hampstead High Street, 35-36 Hampstead High Street, London",NW3 1QE,Camden,-0.1773101,51.5562104,GROCER_BAKERY,LOCATION_VERIFICATION
425180,Paul Uk,paul uk,Retailers - other,"43 Hampstead High Street, London",NW3 1QG,Camden,-0.1778493,51.5564346,BAKERY_CAFE,LOCATION_VERIFICATION
425144,Gail's,gail s,Restaurant/Cafe/Canteen,"64 Hampstead High Street, London",NW3 1QH,Camden,-0.1779628,51.5561216,CORE_BAKERY,LOCATION_VERIFICATION
1832053,HARLEY'S OF HAMPSTEAD LTD,harley s of hampstead ltd,Restaurant/Cafe/Canteen,"Oriel Hall, Oriel Place, London",NW3 1QN,Camden,-0.1783639,51.5558311,GROCER_BAKERY,VERIFIED_CANDIDATE
425812,Ginger & White,ginger and white,Restaurant/Cafe/Canteen,"4a-5a Perrin's Court, London",NW3 1QR,Camden,,,BAKERY_CAFE,VERIFIED_CANDIDATE
1838094,Sourdough Sophia,sourdough sophia,Retailers - other,"14 Perrin's Court, London",NW3 1QS,Camden,-0.1779238,51.5556534,CORE_BAKERY,LOCATION_VERIFICATION
1884361,DIJöN - Café X Marleys Bakery,dijön café x marleys bakery,Takeaway/sandwich shop,"78 Hampstead High Street, London",NW3 1RE,Camden,-0.1766429,51.5555796,BAKERY_CAFE,VERIFIED_CANDIDATE
1934417,DIJöN Café - Marley’s Bakery,dijön café marley s bakery,Takeaway/sandwich shop,"Unit 3, 78 Hampstead High Street, London",NW3 1RE,Camden,,,BAKERY_CAFE,VERIFIED_CANDIDATE
1726431,THE WELL WALK THEATRE,the well walk theatre,Restaurant/Cafe/Canteen,"49 Willow Road, London",NW3 1TS,Camden,-0.174784,51.5576909,BAKERY_CAFE,VERIFIED_CANDIDATE
1417939,Pret a Manger,pret a manger,Takeaway/sandwich shop,"Ground Floor & Basement, 192 Haverstock Hill, London",NW3 2AJ,Camden,-0.1645243,51.5505886,BAKERY_CAFE,LOCATION_VERIFICATION
1884376,BRAD AND DILLS,brad and dills,Restaurant/Cafe/Canteen,"Belle Vue Apartments, Rowland Hill Street, London",NW3 2AQ,Camden,-0.1668601,51.5524057,BAKERY_CAFE,VERIFIED_CANDIDATE
1899861,THE 05 KITCHEN LTD,the 05 kitchen ltd,Restaurant/Cafe/Canteen,"87 Agincourt Road, London",NW3 2NT,Camden,-0.158236,51.5534307,BAKERY_CAFE,VERIFIED_CANDIDATE
424377,Dominique's,dominique s,Restaurant/Cafe/Canteen,"19 South End Road, London",NW3 2PT,Camden,-0.165965,51.5545769,BAKERY_CAFE,VERIFIED_CANDIDATE
1294789,GAIL'S,gail s,Takeaway/sandwich shop,"1 South End Road, London",NW3 2PT,Camden,-0.165912002325058,51.5544662475586,BAKERY_CAFE,LOCATION_VERIFICATION
1006885,Karma Bread,karma bread,Retailers - other,13 South End Road,NW3 2PT,Camden,-0.165949001908302,51.5544776916504,CORE_BAKERY,VERIFIED_CANDIDATE
425261,Retail 24,retail 24,Retailers - other,"21 South End Road, London",NW3 2PT,Camden,-0.1660064,51.5546225,GROCER_BAKERY,LOCATION_VERIFICATION
425732,Euphorium Bakery,euphorium bakery,Restaurant/Cafe/Canteen,45 South End Road,NW3 2QB,Camden,-0.166784,51.555595,BAKERY_CAFE,VERIFIED_CANDIDATE
1696804,WatchHouse Hampstead Heath,watchhouse hampstead heath,Restaurant/Cafe/Canteen,"65 South End Road, London",NW3 2QB,Camden,-0.1668813,51.5558232,BAKERY_CAFE,VERIFIED_CANDIDATE
424591,Giacobazzi's,giacobazzi s,Takeaway/sandwich shop,"150 Fleet Road, London",NW3 2QX,Camden,-0.1643292,51.5540028,GROCER_BAKERY,VERIFIED_CANDIDATE
1612261,KISS ME BAGELS,kiss me bagels,Retailers - other,"Eton Avenue, London",NW3 3EU,Camden,-0.16895775,51.5447236,CORE_BAKERY,VERIFIED_CANDIDATE
1683522,Fala Portugues LTD,fala portugues ltd,Retailers - other,"Swiss Cottage Market, Eton Avenue, London",NW3 3HA,Camden,,,GROCER_BAKERY,VERIFIED_CANDIDATE
1619253,Kavanagh's Belsize Park,kavanagh s belsize park,Retailers - supermarkets/hypermarkets,"199-205 Haverstock Hill, London",NW3 4QG,Camden,-0.165835,51.5506361,GROCER_BAKERY,VERIFIED_CANDIDATE
1199685,Euphorium Bakery Company Ltd,euphorium bakery company ltd,Restaurant/Cafe/Canteen,"211 Haverstock Hill, London",NW3 4QN,Camden,-0.164719999857121,51.5503950000425,BAKERY_CAFE,VERIFIED_CANDIDATE
639839,Gail's,gail s,Restaurant/Cafe/Canteen,167 Haverstock Hill,NW3 4QT,Camden,-0.1645385,51.5498785,CORE_BAKERY,LOCATION_VERIFICATION
1199710,Sable d'Or,sable d or,Restaurant/Cafe/Canteen,"30 England's Lane, London",NW3 4UE,Camden,-0.1622794,51.5461651,BAKERY_CAFE,VERIFIED_CANDIDATE
583255,Roni’s Bakery,roni s bakery,Restaurant/Cafe/Canteen,37 Belsize Lane,NW3 5AS,Camden,-0.170996,51.549492,BAKERY_CAFE,VERIFIED_CANDIDATE
423873,BP Hampstead Service Station,bp hampstead service station,Retailers - other,"104A Finchley Road, London",NW3 5EY,Camden,-0.177513,51.5457193,GROCER_BAKERY,VERIFIED_CANDIDATE
1873724,LA MINI SERIE LTD,la mini serie ltd,Restaurant/Cafe/Canteen,"9 Frognal Parade, London",NW3 5HH,Camden,-0.1809905,51.5489296,BAKERY_CAFE,VERIFIED_CANDIDATE
1687307,BEREZKA SHOP LTD,berezka shop ltd,Retailers - other,"188 Finchley Road, London",NW3 6BX,Camden,-0.1820254,51.5501057,GROCER_BAKERY,VERIFIED_CANDIDATE
1592195,NAGOMI,nagomi,Retailers - other,"Swiss Cottage Market, Swiss Cottage Market, London",NW3 6HY,Camden,,,GROCER_BAKERY,VERIFIED_CANDIDATE
1152029,Pret a Manger,pret a manger,Restaurant/Cafe/Canteen,"219 Finchley Road, London",NW3 6LP,Camden,-0.1799462,51.5469081,BAKERY_CAFE,LOCATION_VERIFICATION
423958,Price Wise,price wise,Retailers - other,"221 Finchley Road, London",NW3 6LP,Camden,-0.1799708,51.5470164,GROCER_BAKERY,VERIFIED_CANDIDATE
1527881,ALDI STORES LTD,aldi stores ltd,Retailers - supermarkets/hypermarkets,"255 Finchley Road, London",NW3 6LU,Camden,-0.1814048,51.5479469,GROCER_BAKERY,LOCATION_VERIFICATION
424475,J Sainsburys Plc,j sainsburys plc,Retailers - supermarkets/hypermarkets,"Unit 1a The O2 Centre, 255 Finchley Road, London",NW3 6LU,Camden,-0.1814048,51.5479469,GROCER_BAKERY,VERIFIED_CANDIDATE
423884,Waitrose and Partners,waitrose and partners,Retailers - supermarkets/hypermarkets,"199 Finchley Road, London",NW3 6NN,Camden,-0.179859,51.546565,GROCER_BAKERY,VERIFIED_CANDIDATE
998764,Artichoke,artichoke,Retailers - other,"36 Heath Street, London",NW3 6TE,Camden,-0.1785092,51.5561661,GROCER_BAKERY,VERIFIED_CANDIDATE
960480,Louis Patisserie,louis patisserie,Restaurant/Cafe/Canteen,"32 Heath Street, London",NW3 6TE,Camden,-0.1785131,51.5560672,BAKERY_CAFE,VERIFIED_CANDIDATE
1000127,The Cafe Corner Limited,the cafe corner limited,Restaurant/Cafe/Canteen,527 Finchley Road,NW3 7BG,Camden,-0.193917006254196,51.5552711486816,BAKERY_CAFE,VERIFIED_CANDIDATE
1047561,Co-operative Group Food Ltd,co operative group food ltd,Retailers - supermarkets/hypermarkets,"9 Fortess Road, London",NW5 1AA,Camden,-0.1414311,51.5523655,GROCER_BAKERY,VERIFIED_CANDIDATE
1968629,312 Natural,312 natural,Retailers - other,"155-157 Highgate Road, London",NW5 1LJ,Camden,-0.1466621,51.5563959,GROCER_BAKERY,VERIFIED_CANDIDATE
1691319,Sainsbury's Supermarkets Ltd,sainsbury s supermarkets ltd,Retailers - supermarkets/hypermarkets,"Sainsbury's Camden Gospel Oak Spectrum House, 32-34 Gordon House Road, London",NW5 1LP,Camden,-0.1483797,51.5560184,GROCER_BAKERY,LOCATION_VERIFICATION
1579339,The Hut By The Heath,the hut by the heath,Restaurant/Cafe/Canteen,"Lido Entance to Parliament Hill Lido, Gordon House Road, London",NW5 1LT,Camden,,,BAKERY_CAFE,VERIFIED_CANDIDATE
1934408,DAISY GREEN FOOD LTD,daisy green food ltd,Restaurant/Cafe/Canteen,"Parliament Hill Fields, Highgate Road, London",NW5 1QR,Camden,-0.149746999144554,51.5593032836914,BAKERY_CAFE,VERIFIED_CANDIDATE
423899,Co-operative Food Group Ltd,co operative food group ltd,Retailers - other,"250-254 Kentish Town Road, London",NW5 2AB,Camden,-0.140726,51.5494946,GROCER_BAKERY,VERIFIED_CANDIDATE
1059185,Gail's bakery Kentish Town,gail s bakery kentish town,Retailers - other,"204 Kentish Town Road, London",NW5 2AD,Camden,-0.1409846,51.5481049,BAKERY_CAFE,VERIFIED_CANDIDATE
1824244,Neighbourhood  Organic,neighbourhood organic,Restaurant/Cafe/Canteen,"212-216 Kentish Town Road, London",NW5 2BY,Camden,-0.1409611,51.5483293,BAKERY_CAFE,VERIFIED_CANDIDATE
1049959,Authentique Epicerie and Bar,authentique epicerie and bar,Restaurant/Cafe/Canteen,"114-116 Fortess Road, London",NW5 2HL,Camden,-0.1391711,51.5554321,GROCER_BAKERY,VERIFIED_CANDIDATE
989030,Cinnamon Village,cinnamon village,Restaurant/Cafe/Canteen,"112 Fortess Road, London",NW5 2HL,Camden,-0.1392158,51.5553969,BAKERY_CAFE,LOCATION_VERIFICATION
425022,Sainsburys Supermarket,sainsburys supermarket,Retailers - supermarkets/hypermarkets,"126-132 Fortess Road, London",NW5 2HP,Camden,-0.1389535,51.5558154,GROCER_BAKERY,SUPERMARKET_SUPPLEMENT
1374064,The Tufnell Park Bakery,the tufnell park bakery,Takeaway/sandwich shop,"Ground Floor 146 A, Fortess Road, London",NW5 2HP,Camden,-0.1385596,51.5562767,CORE_BAKERY,VERIFIED_CANDIDATE
1628394,Intrepid Bakers,intrepid bakers,Restaurant/Cafe/Canteen,"163 Fortess Road, London",NW5 2HR,Camden,-0.1387564,51.5567565,BAKERY_CAFE,VERIFIED_CANDIDATE
1351268,KOSSOFFS,kossoffs,Takeaway/sandwich shop,"259 Kentish Town Road, London",NW5 2JT,Camden,-0.1413407,51.5485691,CORE_BAKERY,VERIFIED_CANDIDATE
817061,Lidl U.K. Gmbh,lidl u k gmbh,Retailers - supermarkets/hypermarkets,217-223 Kentish Town Road,NW5 2JU,Camden,-0.142171,51.546817,GROCER_BAKERY,VERIFIED_CANDIDATE
1832034,The Urban Chocolatier,the urban chocolatier,Restaurant/Cafe/Canteen,"273-275 Kentish Town Road, London",NW5 2LP,Camden,-0.1412932,51.5488264,BAKERY_CAFE,LOCATION_VERIFICATION
1784212,Lilac,lilac,Restaurant/Cafe/Canteen,"296 Kentish Town Road, London",NW5 2TG,Camden,-0.1403163,51.5510529,BAKERY_CAFE,VERIFIED_CANDIDATE
423907,Greggs,greggs,Takeaway/sandwich shop,"311 Kentish Town Road, London",NW5 2TJ,Camden,-0.1411342,51.5497439,BAKERY_CAFE,LOCATION_VERIFICATION
424271,Iceland,iceland,Retailers - supermarkets/hypermarkets,"301-305 Kentish Town Road, London",NW5 2TJ,Camden,-0.1413444,51.5495404,GROCER_BAKERY,LOCATION_VERIFICATION
1081324,Pret A Manger,pret a manger,Takeaway/sandwich shop,"341 Kentish Town Road, London",NW5 2TJ,Camden,-0.140943,51.5505412,BAKERY_CAFE,LOCATION_VERIFICATION
425734,Sainsburys,sainsburys,Retailers - supermarkets/hypermarkets,"Sainsburys, 329-333 Kentish Town Road, London",NW5 2TJ,Camden,-0.1411406,51.5502925,GROCER_BAKERY,LOCATION_VERIFICATION
1294834,WENZELS THE BAKERS,wenzels the bakers,Retailers - other,"345 Kentish Town Road, London",NW5 2TJ,Camden,-0.141011,51.5506412,CORE_BAKERY,LOCATION_VERIFICATION
1866102,JSD Local,jsd local,Retailers - other,"61 Grafton Road, London",NW5 3EN,Camden,-0.1470361,51.5486142,GROCER_BAKERY,VERIFIED_CANDIDATE
1918451,Deliveroo HOP Ltd,deliveroo hop ltd,Retailers - other,"Units 9-11 Kentish Town Industrial Estate, Regis Road, London",NW5 3EW,Camden,-0.1454226,51.550926,GROCER_BAKERY,LOCATION_VERIFICATION
708533,The Fields Beneath,the fields beneath,Restaurant/Cafe/Canteen,"52a Prince Of Wales Road, London",NW5 3LR,Camden,-0.146900996565819,51.5473251342773,BAKERY_CAFE,VERIFIED_CANDIDATE
1899870,Aamu Halal Butchers & Bakery Ltd,aamu halal butchers and bakery ltd,Retailers - other,"163 Queen's Crescent, London",NW5 4EA,Camden,-0.1514991,51.5502403,GROCER_BAKERY,VERIFIED_CANDIDATE
1868008,The Source Bulk Foods West Hampstead,the source bulk foods west hampstead,Retailers - other,"276 West End Lane, London",NW6 1LJ,Camden,-0.1918464,51.5519661,GROCER_BAKERY,VERIFIED_CANDIDATE
1403599,EM CAKES,em cakes,Retailers - other,"332 West End Lane, London",NW6 1LN,Camden,-0.1891334,51.5527246,CORE_BAKERY,LOCATION_VERIFICATION
773817,Little Waitrose,little waitrose,Retailers - supermarkets/hypermarkets,319-323 West End Lane,NW6 1RP,Camden,-0.192476004362106,51.5515785217285,GROCER_BAKERY,LOCATION_VERIFICATION
1696830,PRET A MANGER,pret a manger,Restaurant/Cafe/Canteen,"130 West End Lane, London",NW6 1SA,Camden,-0.19101539,51.54712887,BAKERY_CAFE,LOCATION_VERIFICATION
1081322,Lola's Bakery,lola s bakery,Manufacturers/packers,"168 West End Lane, London",NW6 1SD,Camden,-0.190854,51.5489832,BAKERY_CAFE,LOCATION_VERIFICATION
1097403,Wenzels The Bakers,wenzels the bakers,Takeaway/sandwich shop,"148 West End Lane, London",NW6 1SD,Camden,-0.1908154,51.5477776,CORE_BAKERY,LOCATION_VERIFICATION
1045539,Gail's Bakery,gail s bakery,Takeaway/sandwich shop,"216 West End Lane, London",NW6 1UU,Camden,-0.191081,51.5505334,CORE_BAKERY,LOCATION_VERIFICATION
1922633,HAVE AN AVO ATELIER,have an avo atelier,Restaurant/Cafe/Canteen,"218 West End Lane, London",NW6 1UU,Camden,-0.1910937,51.5505786,BAKERY_CAFE,VERIFIED_CANDIDATE
1267253,Marks & Spencer,marks and spencer,Takeaway/sandwich shop,"Unit 1 Hardy Building, Heritage Lane, London",NW6 2BR,Camden,-0.1918673,51.5470744,GROCER_BAKERY,LOCATION_VERIFICATION
1576312,Gece Gunduz,gece gunduz,Restaurant/Cafe/Canteen,"316 Kilburn High Road, London",NW6 2DG,Camden,-0.2010854,51.5448331,BAKERY_CAFE,VERIFIED_CANDIDATE
1314198,Paul UK Ltd,paul uk ltd,Takeaway/sandwich shop,"Unit 4 West Hampstead Square, West End Lane, London",NW6 2LJ,Camden,-0.1912015,51.5474958,BAKERY_CAFE,VERIFIED_CANDIDATE
424645,Mr Ginghams Sandwich Bar,mr ginghams sandwich bar,Restaurant/Cafe/Canteen,"112 West End Lane, London",NW6 2LS,Camden,-0.1909439,51.5467185,BAKERY_CAFE,VERIFIED_CANDIDATE
976278,Lanka French Patisserie,lanka french patisserie,Manufacturers/packers,9 Goldhurst Terrace,NW6 3HX,Camden,-0.179408997297287,51.545783996582,CORE_BAKERY,VERIFIED_CANDIDATE
425197,Natural Natural,natural natural,Retailers - other,"1 Goldhurst Terrace, London",NW6 3HX,Camden,-0.1791378,51.5458434,GROCER_BAKERY,VERIFIED_CANDIDATE
1784240,Hart & Lova Bakery,hart and lova bakery,Caring Premises,"213a Belsize Road, London",NW6 4AA,Camden,-0.1907304,51.5382891,CORE_BAKERY,VERIFIED_CANDIDATE
1294815,Sainsbury's,sainsbury s,Retailers - supermarkets/hypermarkets,"Camden Abbey Road local- Junction of Abbey Road and, Belsize Road, London",NW6 4DP,Camden,-0.18724499642849,51.5402565002441,GROCER_BAKERY,LOCATION_VERIFICATION
424925,Sainsbury's Supermarkets,sainsbury s supermarkets,Retailers - supermarkets/hypermarkets,"88-92 Kilburn High Road, London",NW6 4HS,Camden,-0.1935379,51.538764,GROCER_BAKERY,VERIFIED_CANDIDATE
425739,Iceland Foods Ltd,iceland foods ltd,Retailers - supermarkets/hypermarkets,"Icelands Foods Ltd, 100-104 Kilburn High Road, London",NW6 4HX,Camden,,,GROCER_BAKERY,LOCATION_VERIFICATION
976264,Wenzels the Bakers,wenzels the bakers,Takeaway/sandwich shop,"106a Kilburn High Road, London",NW6 4HY,Camden,-0.1944483,51.5394435,CORE_BAKERY,LOCATION_VERIFICATION
1850307,BRIOCHE BLOOM,brioche bloom,Restaurant/Cafe/Canteen,"114 Boundary Road, London",NW8 0RH,Camden,-0.185487,51.5374258,BAKERY_CAFE,VERIFIED_CANDIDATE
1942061,MARKS AND SPENCER,marks and spencer,Retailers - other,"15-17 Tottenham Court Road, London",W1T 1BJ,Camden,-0.1314607,51.5172434,GROCER_BAKERY,LOCATION_VERIFICATION
1899849,SAINSBURYS SUPERMARKET LTD,sainsburys supermarket ltd,Retailers - supermarkets/hypermarkets,"21 Tottenham Court Road, London",W1T 1BJ,Camden,-0.1317917,51.5176084,GROCER_BAKERY,LOCATION_VERIFICATION
1705838,123 V Bakery,123 v bakery,Restaurant/Cafe/Canteen,21 Stephen Street,W1T 1LN,Camden,-0.133016,51.517842,BAKERY_CAFE,VERIFIED_CANDIDATE
1016141,Fabrique,fabrique,Retailers - other,"53 Goodge Street, London",W1T 1TG,Camden,-0.1360993,51.5190708,CORE_BAKERY,LOCATION_VERIFICATION
425562,Pret a Manger,pret a manger,Takeaway/sandwich shop,"67 Tottenham Court Road, London",W1T 2EY,Camden,-0.1343824,51.5201676,BAKERY_CAFE,LOCATION_VERIFICATION
423677,Tesco Stores Ltd,tesco stores ltd,Retailers - supermarkets/hypermarkets,"10-16 Goodge Street, London",W1T 2QB,Camden,-0.134461998939514,51.5199966430664,GROCER_BAKERY,VERIFIED_CANDIDATE
1962528,KYO PATISSERIE,kyo patisserie,Takeaway/sandwich shop,"22 Goodge Street, London",W1T 2QE,Camden,-0.1349434,51.5198438,CORE_BAKERY,VERIFIED_CANDIDATE
1775472,Shiba Inus With Love,shiba inus with love,Restaurant/Cafe/Canteen,"2-4 Whitfield Street, London",W1T 2RB,Camden,-0.1336745,51.5191492,BAKERY_CAFE,VERIFIED_CANDIDATE
1844546,LEVENT BOREK,levent borek,Restaurant/Cafe/Canteen,"56 Goodge Street, London",W1T 4NB,Camden,-0.1366419,51.5191963,CORE_BAKERY,LOCATION_VERIFICATION
1398335,B Bagel,b bagel,Restaurant/Cafe/Canteen,"94 Tottenham Court Road, London",W1T 4TN,Camden,-0.1360092,51.521983,CORE_BAKERY,VERIFIED_CANDIDATE
1417960,Greggs PLC,greggs plc,Takeaway/sandwich shop,"Unit 2  101/106, Tottenham Court Road, London",W1T 4TT,Camden,-0.136691,51.5226393,CORE_BAKERY,LOCATION_VERIFICATION
1567449,Pret A Manger,pret a manger,Restaurant/Cafe/Canteen,"106 Tottenham Court Road, London",W1T 4TT,Camden,-0.1368139,51.5227512,BAKERY_CAFE,LOCATION_VERIFICATION
830822,Oseyo,oseyo,Retailers - supermarkets/hypermarkets,115 Tottenham Court Road,W1T 5AH,Camden,-0.137232,51.523323,GROCER_BAKERY,VERIFIED_CANDIDATE
1251667,Paul UK,paul uk,Retailers - other,"127a-129 Tottenham Court Road, London",W1T 5AX,Camden,-0.1378393,51.5241164,BAKERY_CAFE,LOCATION_VERIFICATION
1534834,MIEL BAKERY,miel bakery,Retailers - other,"60-61 Warren Street, London",W1T 5NU,Camden,-0.139635,51.5242708,CORE_BAKERY,VERIFIED_CANDIDATE
1768432,TOTO'S DELICATESSEN,toto s delicatessen,Restaurant/Cafe/Canteen,"90 Cleveland Street, London",W1T 6NL,Camden,-0.1409741,51.5225384,GROCER_BAKERY,VERIFIED_CANDIDATE
1267287,Lidl,lidl,Retailers - supermarkets/hypermarkets,"145 Tottenham Court Road, London",W1T 7NE,Camden,-0.1374027,51.5242174,GROCER_BAKERY,LOCATION_VERIFICATION
1521844,PRET A MANGER,pret a manger,Restaurant/Cafe/Canteen,"252 Tottenham Court Road, London",W1T 7RB,Camden,-0.1321498,51.5187202,BAKERY_CAFE,LOCATION_VERIFICATION
1809044,Noxy Brothers ( New Oxford Street ),noxy brothers new oxford street,Restaurant/Cafe/Canteen,"GSK Ground Floor Unit 6, 79 New Oxford Street, London",WC1A 1DG,Camden,,,BAKERY_CAFE,VERIFIED_CANDIDATE
1868013,B BAGEL,b bagel,Restaurant/Cafe/Canteen,"52 New Oxford Street, London",WC1A 1ES,Camden,-0.1262012,51.5171585,BAKERY_CAFE,LOCATION_VERIFICATION
1534829,DELIVEROO HOP LTD,deliveroo hop ltd,Retailers - other,"Ground Floor and Basement and Rear Yard, 70 New Oxford Street, London",WC1A 1EU,Camden,-0.1272196,51.516978,GROCER_BAKERY,LOCATION_VERIFICATION
426111,Pret a Manger,pret a manger,Takeaway/sandwich shop,"64-72 New Oxford Street, London",WC1A 1EU,Camden,-0.127305999398232,51.5169868469238,BAKERY_CAFE,LOCATION_VERIFICATION
1595698,BLANK STREET,blank street,Restaurant/Cafe/Canteen,"Bst & Grd Floor, 110 New Oxford Street, London",WC1A 1HB,Camden,-0.1356254,51.5160897,BAKERY_CAFE,LOCATION_VERIFICATION
1899823,ST JOHN BLOOMSBURY,st john bloomsbury,Restaurant/Cafe/Canteen,"14-16 Bury Place, London",WC1A 2JL,Camden,-0.1242864,51.5185588,BAKERY_CAFE,VERIFIED_CANDIDATE
1934368,MATCHADO,matchado,Restaurant/Cafe/Canteen,"UNIT 3, Sicilian Avenue, London",WC1A 2QH,Camden,,,BAKERY_CAFE,LOCATION_VERIFICATION
571648,Gail’s Bakery & Kitchen,gail s bakery and kitchen,Restaurant/Cafe/Canteen,11-13 Bayley Street,WC1B 3HD,Camden,-0.132142,51.518782,CORE_BAKERY,VERIFIED_CANDIDATE
1471687,ELWIN COFFEE LTD,elwin coffee ltd,Restaurant/Cafe/Canteen,"13 Great Russell Street, London",WC1B 3NH,Camden,-0.1295586,51.5172311,BAKERY_CAFE,VERIFIED_CANDIDATE
667838,VQ Bloomsbury,vq bloomsbury,Restaurant/Cafe/Canteen,111a Great Russell Street,WC1B 3NQ,Camden,-0.130415,51.517298,BAKERY_CAFE,VERIFIED_CANDIDATE
1844539,GAIL’S GREAT RUSSELL ST,gail s great russell st,Restaurant/Cafe/Canteen,36-37 GREAT RUSSELL STREET,WC1B 3PP,Camden,-0.1273008,51.5177529,CORE_BAKERY,VERIFIED_CANDIDATE
610995,Sainsbury's Local,sainsbury s local,Retailers - supermarkets/hypermarkets,"Victoria House, 37-63 Southampton Row",WC1B 4DA,Camden,-0.12215,51.519216,GROCER_BAKERY,LOCATION_VERIFICATION
1390620,NOXY BROTHERS,noxy brothers,Restaurant/Cafe/Canteen,"9 Russell Square, London",WC1B 4HP,Camden,-0.124595999717712,51.5211067199707,BAKERY_CAFE,LOCATION_VERIFICATION
947352,Waterstones Booksellers Ltd,waterstones booksellers ltd,Restaurant/Cafe/Canteen,"82 Gower Street, London",WC1E 6EG,Camden,-0.132054,51.5224687,BAKERY_CAFE,VERIFIED_CANDIDATE
1631477,HONEY AND CO. DAILY,honey and co daily,Takeaway/sandwich shop,"19-21 Store Street, London",WC1E 7DB,Camden,-0.1319767,51.5197786,BAKERY_CAFE,VERIFIED_CANDIDATE
1576318,YO HOME,yo home,Retailers - other,"22-24 Torrington Place, London",WC1E 7HJ,Camden,-0.1341593,51.5217468,GROCER_BAKERY,VERIFIED_CANDIDATE
1734703,Gather & Gather by CH&CO Catering Ltd,gather and gather by ch and co catering ltd,Restaurant/Cafe/Canteen,"University Of London Senate House, Malet Street, London",WC1E 7HU,Camden,-0.128698,51.5206436,BAKERY_CAFE,LOCATION_VERIFICATION
1918509,BURNT @ RADA,burnt rada,Restaurant/Cafe/Canteen,"Malet Street, London",WC1E 7HZ,Camden,-0.13151675,51.52257735,BAKERY_CAFE,VERIFIED_CANDIDATE
1174675,Lever & Bloom Coffee LTD,lever and bloom coffee ltd,Retailers - other,"Byng Place, London",WC1E 7LE,Camden,-0.131549000740051,51.5231971740723,BAKERY_CAFE,VERIFIED_CANDIDATE
1949664,MAYALITA LTD.,mayalita ltd,Restaurant/Cafe/Canteen,"7 Woburn Walk, London",WC1H 0JJ,Camden,-0.1292383,51.5268033,BAKERY_CAFE,LOCATION_VERIFICATION
1125794,Crazy Salad,crazy salad,Restaurant/Cafe/Canteen,"33-35 Woburn Place, London",WC1H 0JR,Camden,-0.12746299803257,51.5240516662598,BAKERY_CAFE,VERIFIED_CANDIDATE
842162,Pret a Manger,pret a manger,Takeaway/sandwich shop,"Lynton House, 7-12 Tavistock Square",WC1H 9LY,Camden,-0.129111500004575,51.524177700002,BAKERY_CAFE,LOCATION_VERIFICATION
425694,Starbucks Coffee Co (UK) Ltd,starbucks coffee co uk ltd,Restaurant/Cafe/Canteen,"Lynton House, 7-12 Tavistock Square, London",WC1H 9LY,Camden,-0.130100216073495,51.5254223615951,BAKERY_CAFE,VERIFIED_CANDIDATE
426317,Patisserie Deux Amis,patisserie deux amis,Retailers - other,"63 Judd Street, London",WC1H 9QT,Camden,-0.1242834,51.5266972,CORE_BAKERY,VERIFIED_CANDIDATE
1653953,TA'MINI LEBANESE BAKERY,ta mini lebanese bakery,Restaurant/Cafe/Canteen,"70 Marchmont Street, London",WC1N 1AB,Camden,-0.1252106,51.5255339,CORE_BAKERY,VERIFIED_CANDIDATE
1036594,The Observatory,the observatory,Restaurant/Cafe/Canteen,"64 Marchmont Street, London",WC1N 1AB,Camden,-0.1251444,51.525389,BAKERY_CAFE,VERIFIED_CANDIDATE
1556613,GAIL'S,gail s,Restaurant/Cafe/Canteen,"48-50 Brunswick Centre, 23-39 Handel Street, London",WC1N 1AE,Camden,-0.124167,51.524618,BAKERY_CAFE,LOCATION_VERIFICATION
1960299,RISE & FOLD,rise and fold,Restaurant/Cafe/Canteen,"28 Brunswick Square, London",WC1N 1AE,Camden,,,CORE_BAKERY,VERIFIED_CANDIDATE
1513611,Tian Tian Market,tian tian market,Retailers - supermarkets/hypermarkets,"24-26 Brunswick Centre, London",WC1N 1AE,Camden,-0.1237596,51.5247104,GROCER_BAKERY,SUPERMARKET_SUPPLEMENT
846789,Sainsburys supermarkets Ltd,sainsburys supermarkets ltd,Retailers - supermarkets/hypermarkets,5 Brunswick Centre,WC1N 1AF,Camden,-0.12395,51.524855,GROCER_BAKERY,LOCATION_VERIFICATION
425319,Starbucks Coffee Company (uk) Ltd,starbucks coffee company uk ltd,Restaurant/Cafe/Canteen,"7 Brunswick Centre, London",WC1N 1AF,Camden,-0.123503997921944,51.5242729187012,BAKERY_CAFE,LOCATION_VERIFICATION
425220,Waitrose and Partners,waitrose and partners,Retailers - supermarkets/hypermarkets,"23-37 Brunswick Centre, London",WC1N 1AF,Camden,-0.123503997921944,51.5242729187012,GROCER_BAKERY,LOCATION_VERIFICATION
1708610,LA DOLCE LONDON,la dolce london,Takeaway/sandwich shop,"76 Marchmont Street, London",WC1N 1AG,Camden,-0.1254001,51.5258337,BAKERY_CAFE,VERIFIED_CANDIDATE
1860512,Lever & Bloom Coffee Ltd,lever and bloom coffee ltd,Restaurant/Cafe/Canteen,"85 Marchmont Street, London",WC1N 1AL,Camden,-0.1258179,51.5258404,BAKERY_CAFE,LOCATION_VERIFICATION
1716663,MILLE LTD,mille ltd,Restaurant/Cafe/Canteen,"Unit K4, Brunswick Centre, London",WC1N 1AW,Camden,-0.1237252,51.524219,CORE_BAKERY,VERIFIED_CANDIDATE
1411758,TRUEDAN,truedan,Restaurant/Cafe/Canteen,"UNIT K1, Brunswick Centre, London",WC1N 1AW,Camden,-0.123248,51.5238299,BAKERY_CAFE,VERIFIED_CANDIDATE
425167,Pret A Manger,pret a manger,Takeaway/sandwich shop,"40 Bernard Street, London",WC1N 1BY,Camden,-0.124718002974987,51.5233764648438,BAKERY_CAFE,LOCATION_VERIFICATION
1097454,Fortitude Bakery,fortitude bakery,Takeaway/sandwich shop,"Cafe And Premises At Ground Floor, 35 Colonnade, London",WC1N 1JA,Camden,-0.12338399887085,51.5229873657227,CORE_BAKERY,VERIFIED_CANDIDATE
1083489,La Fromagerie,la fromagerie,Restaurant/Cafe/Canteen,"52 Lamb's Conduit Street, London",WC1N 3LL,Camden,-0.1182431,51.5217983,GROCER_BAKERY,LOCATION_VERIFICATION
426498,Tutti's,tutti s,Restaurant/Cafe/Canteen,"68 Lamb's Conduit Street, London",WC1N 3LW,Camden,-0.1185529,51.5223249,BAKERY_CAFE,VERIFIED_CANDIDATE
1640858,HONEY & CO,honey and co,Takeaway/sandwich shop,"47 Lamb's Conduit Street, London",WC1N 3NG,Camden,-0.1187354,51.5217433,BAKERY_CAFE,LOCATION_VERIFICATION
1634003,MELETIUS SPECIALITY COFFEE ROASTERS,meletius speciality coffee roasters,Restaurant/Cafe/Canteen,"Unit 2, 37-39 High Holborn, London",WC1V 6AA,Camden,-0.1138701,51.5184368,BAKERY_CAFE,VERIFIED_CANDIDATE
1251760,COCO DI MAMA,coco di mama,Takeaway/sandwich shop,"124 High Holborn, London",WC1V 6AN,Camden,-0.1210233,51.5176433,BAKERY_CAFE,LOCATION_VERIFICATION
425828,Pret A Manger,pret a manger,Takeaway/sandwich shop,125 High Holborn,WC1V 6AN,Camden,-0.121143,51.517761,BAKERY_CAFE,LOCATION_VERIFICATION
1945683,Greggs Ltd,greggs ltd,Takeaway/sandwich shop,"9 High Holborn, London",WC1V 6DR,Camden,-0.11182362,51.51825965,BAKERY_CAFE,VERIFIED_CANDIDATE
1866095,NONNA ITALIAN ARTISAN BAKERY,nonna italian artisan bakery,Restaurant/Cafe/Canteen,"Unit 1, 75 High Holborn, London",WC1V 6LS,Camden,-0.1169398,51.5180994,CORE_BAKERY,VERIFIED_CANDIDATE
423788,Pret A Manger Ltd,pret a manger ltd,Takeaway/sandwich shop,"240 High Holborn, London",WC1V 7DN,Camden,-0.1189365,51.5175649,BAKERY_CAFE,VERIFIED_CANDIDATE
804871,Pret A Manger,pret a manger,Takeaway/sandwich shop,280 High Holborn,WC1V 7EE,Camden,-0.115967996418476,51.5177764892578,BAKERY_CAFE,LOCATION_VERIFICATION
1631480,STARBUCKS COFFEE COMPANY (UK) LTD,starbucks coffee company uk ltd,Restaurant/Cafe/Canteen,"262 High Holborn, London",WC1V 7EJ,Camden,-0.117148,51.5177631,BAKERY_CAFE,LOCATION_VERIFICATION
1181567,Fabrique,fabrique,Retailers - other,"239 High Holborn, London",WC1V 7EW,Camden,-0.1190233,51.5175573,CORE_BAKERY,LOCATION_VERIFICATION
1850350,GRAIN MEDITERRANEAN,grain mediterranean,Restaurant/Cafe/Canteen,"Unit 4, 272 High Holborn, London",WC1V 7EX,Camden,-0.1163626,51.5177664,BAKERY_CAFE,VERIFIED_CANDIDATE
1942048,DAISY'S,daisy s,Restaurant/Cafe/Canteen,"16 Mount Pleasant, London",WC1X 0BU,Camden,-0.1131122,51.5231727,CORE_BAKERY,VERIFIED_CANDIDATE
1918540,KONDITOR,konditor,Retailers - other,"46 Gray's Inn Road, London",WC1X 8LR,Camden,-0.111746996641159,51.5195808410645,CORE_BAKERY,LOCATION_VERIFICATION
1918521,Aux Pains de Papy,aux pains de papy,Restaurant/Cafe/Canteen,"279 Gray's Inn Road, London",WC1X 8QF,Camden,-0.1203515,51.529404,CORE_BAKERY,VERIFIED_CANDIDATE
423743,Pret a Manger,pret a manger,Restaurant/Cafe/Canteen,"15 Theobald's Road, London",WC1X 8SL,Camden,-0.1170916,51.520359,BAKERY_CAFE,LOCATION_VERIFICATION
1873730,Artisan Brew,artisan brew,Retailers - other,"65 Gray's Inn Road, London",WC1X 8TL,Camden,-0.1142644,51.5224988,BAKERY_CAFE,VERIFIED_CANDIDATE
426231,Bisou,bisou,Restaurant/Cafe/Canteen,"149 King's Cross Road, London",WC1X 9BN,Camden,-0.1165226,51.5299541,BAKERY_CAFE,VERIFIED_CANDIDATE
998752,Frequency,frequency,Restaurant/Cafe/Canteen,"121 King's Cross Road, London",WC1X 9NH,Camden,-0.1159785,51.529163,BAKERY_CAFE,VERIFIED_CANDIDATE
1148929,Pret A Manger,pret a manger,Takeaway/sandwich shop,"Unit 6, 83 Chancery Lane, London",WC2A 1DD,Camden,-0.1120629,51.5157818,BAKERY_CAFE,LOCATION_VERIFICATION
1602498,Nine Bars Coffee Ltd,nine bars coffee ltd,Restaurant/Cafe/Canteen,"4 Gate Street, London",WC2A 3HP,Camden,-0.118715,51.5169948,BAKERY_CAFE,VERIFIED_CANDIDATE
1016180,The Black Penny,the black penny,Restaurant/Cafe/Canteen,"34 Great Queen Street, London",WC2B 5AA,Camden,-0.121727,51.5152535,BAKERY_CAFE,VERIFIED_CANDIDATE
1691303,All good convinece (GQS) Limited,all good convinece gqs limited,Retailers - other,"7 Great Queen Street, London",WC2B 5DH,Camden,-0.1203194,51.5161842,GROCER_BAKERY,VERIFIED_CANDIDATE
1858028,CRUFFINS,cruffins,Restaurant/Cafe/Canteen,"181 Drury Lane, London",WC2B 5QF,Camden,-0.1233885,51.5158556,BAKERY_CAFE,VERIFIED_CANDIDATE
1556632,Blank Street,blank street,Restaurant/Cafe/Canteen,"80/82 Basement, 84 Kingsway, London",WC2B 6AE,Camden,-0.1198064,51.5170932,BAKERY_CAFE,LOCATION_VERIFICATION
1132684,Greggs,greggs,Retailers - other,"60 Kingsway, London",WC2B 6DS,Camden,-0.1188724,51.5166736,CORE_BAKERY,LOCATION_VERIFICATION
807690,Sainsbury's,sainsbury s,Retailers - supermarkets/hypermarkets,129-133 Kingsway,WC2B 6NH,Camden,-0.120599,51.516969,GROCER_BAKERY,LOCATION_VERIFICATION
1722429,BUNS FROM HOME,buns from home,Restaurant/Cafe/Canteen,"134 Charing Cross Road, London",WC2H 0LA,Camden,-0.129852,51.5153473,CORE_BAKERY,LOCATION_VERIFICATION
1605012,Lever & Bloom Coffee Ltd,lever and bloom coffee ltd,Restaurant/Cafe/Canteen,"222 Shaftesbury Avenue, London",WC2H 8EB,Camden,-0.1259993,51.5165088,BAKERY_CAFE,LOCATION_VERIFICATION
1763234,OVIS COFFEES,ovis coffees,Restaurant/Cafe/Canteen,"R09, 16 St Giles High Street, London",WC2H 8LQ,Camden,-0.1289173,51.5159979,BAKERY_CAFE,VERIFIED_CANDIDATE
1616565,Baudry & Greene,baudry and greene,Restaurant/Cafe/Canteen,"20 Endell Street, London",WC2H 9BD,Camden,-0.1243495,51.514567,BAKERY_CAFE,VERIFIED_CANDIDATE
1453189,AMELIA,amelia,Restaurant/Cafe/Canteen,"9-11 Monmouth Street, London",WC2H 9DA,Camden,-0.1267039,51.5147935,BAKERY_CAFE,VERIFIED_CANDIDATE
779024,26 Grains,26 grains,Restaurant/Cafe/Canteen,"1 Neal's Yard, London",WC2H 9DP,Camden,-0.1262892,51.5143642,BAKERY_CAFE,VERIFIED_CANDIDATE
1942058,BUVETTE,buvette,Restaurant/Cafe/Canteen,"2 Neal's Yard, London",WC2H 9DP,Camden,-0.1263763,51.5143476,BAKERY_CAFE,VERIFIED_CANDIDATE
1962535,Sourdough Sophia,sourdough sophia,Restaurant/Cafe/Canteen,"16 Neal's Yard, London",WC2H 9DP,Camden,-0.1261858,51.5144255,CORE_BAKERY,LOCATION_VERIFICATION
1097442,St John Bakery Neal's Yard,st john bakery neal s yard,Retailers - other,"3 Neal's Yard, London",WC2H 9DP,Camden,-0.1264945,51.5142776,CORE_BAKERY,VERIFIED_CANDIDATE
1076284,Pierre Herme Paris,pierre herme paris,Takeaway/sandwich shop,"38 Monmouth Street, London",WC2H 9EP,Camden,-0.1272508,51.5134084,CORE_BAKERY,LOCATION_VERIFICATION
485301,Pret a Manger,pret a manger,Takeaway/sandwich shop,37 Shelton Street,WC2H 9HN,Camden,-0.124969,51.514099,BAKERY_CAFE,LOCATION_VERIFICATION
1899825,AB COPAINS UK LTD,ab copains uk ltd,Restaurant/Cafe/Canteen,"24 Neal Street, London",WC2H 9PJ,Camden,-0.1250829,51.514044,CORE_BAKERY,VERIFIED_CANDIDATE
1051598,Fabrique,fabrique,Restaurant/Cafe/Canteen,8 Earlham Street,WC2H 9RY,Camden,-0.1283048,51.5133622,CORE_BAKERY,LOCATION_VERIFICATION
1242017,Pret A Manger,pret a manger,Takeaway/sandwich shop,"2 White Kennett Street, London",E1 7BS,City of London Corporation,-0.076945,51.515507,BAKERY_CAFE,LOCATION_VERIFICATION
1791098,Cornershop,cornershop,Retailers - other,"99 Middlesex Street, London",E1 7DA,City of London Corporation,-0.0768965,51.5164243,BAKERY_CAFE,LOCATION_VERIFICATION
1134946,3 Leaf,3 leaf,Restaurant/Cafe/Canteen,"12 Harrow Place, London",E1 7DB,City of London Corporation,-0.0771797,51.5162042,BAKERY_CAFE,VERIFIED_CANDIDATE
902473,Pret A Manger,pret a manger,Takeaway/sandwich shop,"London City Airport, London",E16 2PX,City of London Corporation,,,BAKERY_CAFE,LOCATION_VERIFICATION
1556401,Soul & Grain,soul and grain,Restaurant/Cafe/Canteen,"Airport Terminal, London City Airport, Hartmann Road, Silvertown",E16 2PX,City of London Corporation,0.0464361,51.5041475,BAKERY_CAFE,LOCATION_VERIFICATION
415247,Pret A Manger,pret a manger,Restaurant/Cafe/Canteen,"11 Holborn Viaduct, London",EC1A 2AT,City of London Corporation,-0.104249,51.516743,BAKERY_CAFE,LOCATION_VERIFICATION
294749,Pret A Manger,pret a manger,Restaurant/Cafe/Canteen,"200 Aldersgate Street, London",EC1A 4HD,City of London Corporation,-0.097774,51.517528,BAKERY_CAFE,LOCATION_VERIFICATION
1802070,Pret A Manger,pret a manger,Restaurant/Cafe/Canteen,"140 Aldersgate Street, London",EC1A 4HY,City of London Corporation,-0.097658,51.519631,BAKERY_CAFE,LOCATION_VERIFICATION
1207732,Costa Limited,costa limited,Takeaway/sandwich shop,"67 Long Lane, London",EC1A 9EJ,City of London Corporation,-0.0994667,51.5193762,BAKERY_CAFE,LOCATION_VERIFICATION
1292463,Original Bagel And Sandwich,original bagel and sandwich,Takeaway/sandwich shop,"22 Goswell Road, London",EC1M 7AA,City of London Corporation,-0.09738,51.522495,BAKERY_CAFE,VERIFIED_CANDIDATE
294588,Pret A Manger,pret a manger,Takeaway/sandwich shop,"40 Holborn Viaduct, London",EC1N 2PB,City of London Corporation,-0.106419,51.517938,BAKERY_CAFE,LOCATION_VERIFICATION
543147,Birley Sandwiches,birley sandwiches,Takeaway/sandwich shop,"90-94 Old Broad Street, London",EC2M 1JB,City of London Corporation,-0.08367,51.51666,BAKERY_CAFE,LOCATION_VERIFICATION
1629735,Blank Street,blank street,Takeaway/sandwich shop,"87 Old Broad Street, London",EC2M 1JB,City of London Corporation,-0.0835427,51.516731,BAKERY_CAFE,LOCATION_VERIFICATION
1438638,Greggs Plc,greggs plc,Takeaway/sandwich shop,"83 Old Broad Street, London",EC2M 1PR,City of London Corporation,-0.0833972,51.5171064,CORE_BAKERY,LOCATION_VERIFICATION
1414731,Pret A Manger,pret a manger,Takeaway/sandwich shop,"100 Liverpool Street, London",EC2M 2AT,City of London Corporation,-0.0834123,51.5178849,BAKERY_CAFE,LOCATION_VERIFICATION
1651222,Bloomsyard,bloomsyard,Restaurant/Cafe/Canteen,"1 Finsbury Avenue, London",EC2M 2PA,City of London Corporation,-0.084159,51.519789,BAKERY_CAFE,LOCATION_VERIFICATION
1900387,Laduree UK Ltd,laduree uk ltd,Takeaway/sandwich shop,"1 Broadgate, London",EC2M 2QS,City of London Corporation,-0.08359,51.518925,BAKERY_CAFE,LOCATION_VERIFICATION
294860,Pret A Manger,pret a manger,Takeaway/sandwich shop,"201 Bishopsgate, London",EC2M 3AB,City of London Corporation,-0.079384,51.520915,BAKERY_CAFE,LOCATION_VERIFICATION
1453371,Greggs,greggs,Takeaway/sandwich shop,"Great Eastern House, 152-154 Bishopsgate, London",EC2M 4LN,City of London Corporation,-0.0805187,51.5170053,BAKERY_CAFE,LOCATION_VERIFICATION
293662,Pret A Manger,pret a manger,Takeaway/sandwich shop,"192 Bishopsgate, London",EC2M 4NR,City of London Corporation,-0.079643,51.517835,BAKERY_CAFE,LOCATION_VERIFICATION
1682727,Zamarut - Speciality Coffee,zamarut speciality coffee,Restaurant/Cafe/Canteen,"Retail Unit, 18 Devonshire Row, London",EC2M 4RH,City of London Corporation,-0.0798914,51.5168421,BAKERY_CAFE,VERIFIED_CANDIDATE
1771205,Saint Espresso,saint espresso,Takeaway/sandwich shop,"1A New Street, London",EC2M 4TP,City of London Corporation,-0.079322,51.517245,BAKERY_CAFE,LOCATION_VERIFICATION
720401,Pret A Manger,pret a manger,Takeaway/sandwich shop,"167 Salisbury House, London Wall, London",EC2M 5QD,City of London Corporation,-0.08781,51.517627,BAKERY_CAFE,LOCATION_VERIFICATION
800534,Forbes And Hamilton,forbes and hamilton,Restaurant/Cafe/Canteen,"47 London Wall, London",EC2M 5TE,City of London Corporation,-0.088126,51.516958,BAKERY_CAFE,VERIFIED_CANDIDATE
1803982,Buns From Home,buns from home,Takeaway/sandwich shop,"82 Moorgate, London",EC2M 6SE,City of London Corporation,-0.0883469,51.5176548,CORE_BAKERY,LOCATION_VERIFICATION
858646,Leon Moorgate,leon moorgate,Restaurant/Cafe/Canteen,"Unit 5 Moorgate Hall, 143-171 Moorgate, London",EC2M 6XQ,City of London Corporation,-0.088232,51.518892,BAKERY_CAFE,VERIFIED_CANDIDATE
1180804,Pret A Manger,pret a manger,Restaurant/Cafe/Canteen,"Unit 3 Moorgate Hall, 143-171 Moorgate, London",EC2M 6XQ,City of London Corporation,-0.088233,51.518893,BAKERY_CAFE,LOCATION_VERIFICATION
1660752,Bagel Factory,bagel factory,Takeaway/sandwich shop,"32 - 33 Blomfield Street, London",EC2M 7BD,City of London Corporation,-0.0846376,51.5177741,BAKERY_CAFE,LOCATION_VERIFICATION
1097494,The Good Eating Company @ GAM Investments,the good eating company gam investments,Restaurant/Cafe/Canteen,"8 Finsbury Circus, London",EC2M 7EA,City of London Corporation,-0.0858120024204254,51.517162322998,BAKERY_CAFE,VERIFIED_CANDIDATE
1914086,Sainsburys Supermarket,sainsburys supermarket,Retailers - supermarkets/hypermarkets,"18 - 19 Eldon Street, London",EC2M 7LA,City of London Corporation,-0.0849743,51.5183372,GROCER_BAKERY,SUPERMARKET_SUPPLEMENT
1649529,Charles Artisan Bread,charles artisan bread,Takeaway/sandwich shop,"8 Eldon Street, London",EC2M 7LS,City of London Corporation,-0.085778996348381,51.5187454223633,CORE_BAKERY,LOCATION_VERIFICATION
1214593,Pret A Manger,pret a manger,Takeaway/sandwich shop,"19-20 Liverpool Street, London",EC2M 7PD,City of London Corporation,-0.082334,51.517268,BAKERY_CAFE,LOCATION_VERIFICATION
1895278,Pret A Manger (Europe) Ltd,pret a manger europe ltd,Restaurant/Cafe/Canteen,"Kiosk Adjacent To Ticket Hall, The Arcade, Liverpool Street, London",EC2M 7PN,City of London Corporation,-0.0825887,51.5171381,BAKERY_CAFE,VERIFIED_CANDIDATE
1621477,Coco Di Mama,coco di mama,Takeaway/sandwich shop,"R2 West Mall, Liverpool Street Station, Liverpool Street, London",EC2M 7PY,City of London Corporation,-0.0821018,51.5180923,BAKERY_CAFE,LOCATION_VERIFICATION
1759564,Gail's Liverpool Street Station,gail s liverpool street station,Restaurant/Cafe/Canteen,"Retail Unit 3A Lower Concourse, Liverpool Street Station, Liverpool Street, London",EC2M 7PY,City of London Corporation,-0.0821018,51.5180923,BAKERY_CAFE,VERIFIED_CANDIDATE
1542348,"Greggs Plc, Unit 26",greggs plc unit 26,Takeaway/sandwich shop,"Liverpool Street Railway Station, Liverpool Street, London",EC2M 7PY,City of London Corporation,-0.081393,51.519068,BAKERY_CAFE,VERIFIED_CANDIDATE
1924544,Oseyo,oseyo,Retailers - other,"58 Broadgate Link Lower Concourse, Liverpool Street Station, Liverpool Street, London",EC2M 7PY,City of London Corporation,-0.081393,51.519069,GROCER_BAKERY,LOCATION_VERIFICATION
1160107,Pure,pure,Takeaway/sandwich shop,"54 Broadgate Link Lower Concourse, Liverpool Street Station, Liverpool Street, London",EC2M 7PY,City of London Corporation,-0.0813930034637451,51.5190696716309,BAKERY_CAFE,LOCATION_VERIFICATION
1424259,"Starbucks, Broadgate Link",starbucks broadgate link,Takeaway/sandwich shop,"Retail Unit 2 Lower Concourse, Liverpool Street Station, Liverpool Street, London",EC2M 7PY,City of London Corporation,-0.0821018,51.5180923,BAKERY_CAFE,VERIFIED_CANDIDATE
294690,The Savanna,the savanna,Retailers - other,"53 Broadgate Link Lower Concourse, Liverpool Street Station, Liverpool Street, London",EC2M 7PY,City of London Corporation,-0.081393,51.519069,GROCER_BAKERY,LOCATION_VERIFICATION
1882790,Warrens Bakery Liverpool Street Station,warrens bakery liverpool street station,Takeaway/sandwich shop,"T.O. Retail Unit 1 Lower Concourse Liverpool Street Station, Liverpool Street Station, Liverpool Street, London",EC2M 7PY,City of London Corporation,-0.0812778,51.5180584,CORE_BAKERY,VERIFIED_CANDIDATE
727241,Pret A Manger,pret a manger,Takeaway/sandwich shop,"Retail Unit 3, 125 Old Broad Street, London",EC2N 1AR,City of London Corporation,-0.086232,51.514706,BAKERY_CAFE,LOCATION_VERIFICATION
295214,Pret A Manger,pret a manger,Takeaway/sandwich shop,"100 Old Broad Street, London",EC2N 1BG,City of London Corporation,-0.084253,51.516175,BAKERY_CAFE,LOCATION_VERIFICATION
1845991,Bread&truffle,bread and truffle,Takeaway/sandwich shop,"2 - 3 Adam's Court, London",EC2N 1DX,City of London Corporation,-0.0852005,51.5146628,BAKERY_CAFE,LOCATION_VERIFICATION
660570,Pret A Manger,pret a manger,Takeaway/sandwich shop,"55 Bishopsgate, London",EC2N 3AS,City of London Corporation,-0.083001,51.515444,BAKERY_CAFE,LOCATION_VERIFICATION
1731463,8 Bishopsgate By Rhubarb,8 bishopsgate by rhubarb,Restaurant/Cafe/Canteen,"8 Bishopsgate, London",EC2N 4BQ,City of London Corporation,-0.083339,51.5140299,BAKERY_CAFE,VERIFIED_CANDIDATE
294633,Pret A Manger,pret a manger,Restaurant/Cafe/Canteen,"67 Coleman Street, London",EC2R 5BT,City of London Corporation,-0.089547,51.516423,BAKERY_CAFE,LOCATION_VERIFICATION
1130826,The Roasting Party,the roasting party,Takeaway/sandwich shop,"71 Moorgate, London",EC2R 6BH,City of London Corporation,-0.0889434,51.5171789,BAKERY_CAFE,LOCATION_VERIFICATION
1712263,Greggs PLC,greggs plc,Restaurant/Cafe/Canteen,"49 Cheapside, London",EC2V 6AT,City of London Corporation,-0.0943647,51.5140298,BAKERY_CAFE,LOCATION_VERIFICATION
293793,Pret A Manger,pret a manger,Restaurant/Cafe/Canteen,"141-142 Cheapside, London",EC2V 6BJ,City of London Corporation,-0.095879,51.514593,BAKERY_CAFE,LOCATION_VERIFICATION
294431,Tesco Metro,tesco metro,Retailers - supermarkets/hypermarkets,"80B Cheapside, London",EC2V 6EE,City of London Corporation,-0.091717,51.513473,GROCER_BAKERY,LOCATION_VERIFICATION
294618,Pret A Manger,pret a manger,Takeaway/sandwich shop,"5 Aldermanbury Square, London",EC2V 7HR,City of London Corporation,-0.093361,51.517232,BAKERY_CAFE,LOCATION_VERIFICATION
294501,Pret A Manger,pret a manger,Takeaway/sandwich shop,"Unit 3, 30 Gresham Street, London",EC2V 7PG,City of London Corporation,-0.093001,51.515139,BAKERY_CAFE,LOCATION_VERIFICATION
1536849,Saint Espresso,saint espresso,Takeaway/sandwich shop,"45 Gresham Street, London",EC2V 7QA,City of London Corporation,-0.0951903,51.5160036,BAKERY_CAFE,LOCATION_VERIFICATION
1794894,Kafeteria,kafeteria,Mobile caterer,"44 Moorfields, London",EC2Y 9AL,City of London Corporation,-0.088638,51.519187,BAKERY_CAFE,VERIFIED_CANDIDATE
688705,Notes,notes,Restaurant/Cafe/Canteen,"City Point, 1 Ropemaker Street, London",EC2Y 9AW,City of London Corporation,-0.089608,51.519437,BAKERY_CAFE,VERIFIED_CANDIDATE
295225,"Pret A Manger, Unit 3",pret a manger unit 3,Takeaway/sandwich shop,"City Point, 1 Ropemaker Street, London",EC2Y 9AW,City of London Corporation,-0.089608,51.519437,BAKERY_CAFE,VERIFIED_CANDIDATE
1676741,Boki,boki,Restaurant/Cafe/Canteen,"1 Creechurch Place, London",EC3A 5AF,City of London Corporation,-0.0784649,51.5142601,BAKERY_CAFE,VERIFIED_CANDIDATE
295018,Pret A Manger,pret a manger,Restaurant/Cafe/Canteen,"Retail Unit, 133 Houndsditch, London",EC3A 7BX,City of London Corporation,-0.077752,51.51552,BAKERY_CAFE,LOCATION_VERIFICATION
294217,Pret A Manger,pret a manger,Takeaway/sandwich shop,"25 St Mary Axe, London",EC3A 8AA,City of London Corporation,-0.081116,51.515027,BAKERY_CAFE,LOCATION_VERIFICATION
1568296,Blank Street,blank street,Takeaway/sandwich shop,"King William House, 2A Eastcheap, London",EC3M 1AA,City of London Corporation,-0.0855725,51.5106042,BAKERY_CAFE,LOCATION_VERIFICATION
294345,Tesco Metro,tesco metro,Retailers - supermarkets/hypermarkets,"6 Eastcheap, London",EC3M 1AE,City of London Corporation,-0.085223,51.510588,GROCER_BAKERY,VERIFIED_CANDIDATE
1427984,Greggs,greggs,Takeaway/sandwich shop,"3 Eastcheap, London",EC3M 1AG,City of London Corporation,-0.0853619,51.5108166,CORE_BAKERY,LOCATION_VERIFICATION
1469301,Bread & Truffle,bread and truffle,Restaurant/Cafe/Canteen,"Peek House, 20 Eastcheap, London",EC3M 1EB,City of London Corporation,-0.0837174,51.510511,BAKERY_CAFE,LOCATION_VERIFICATION
293875,Pret A Manger,pret a manger,Takeaway/sandwich shop,"59 Fenchurch Street, London",EC3M 4AD,City of London Corporation,-0.079627,51.512052,BAKERY_CAFE,LOCATION_VERIFICATION
294575,Pret A Manger,pret a manger,Restaurant/Cafe/Canteen,"28 Fenchurch Avenue, London",EC3M 5AD,City of London Corporation,-0.080762,51.512818,BAKERY_CAFE,LOCATION_VERIFICATION
294482,"Pret A Manger, Unit C",pret a manger unit c,Takeaway/sandwich shop,"Fountain House Unit A, 130 Fenchurch Street, London",EC3M 5DJ,City of London Corporation,-0.0817028,51.5118089,BAKERY_CAFE,VERIFIED_CANDIDATE
295146,Curators Coffee Studio,curators coffee studio,Takeaway/sandwich shop,"9A Cullum Street, London",EC3M 7JJ,City of London Corporation,-0.082593,51.512119,BAKERY_CAFE,VERIFIED_CANDIDATE
1660749,Konditor,konditor,Takeaway/sandwich shop,"15 Cullum Street, London",EC3M 7JJ,City of London Corporation,-0.0828187,51.512007,CORE_BAKERY,VERIFIED_CANDIDATE
928540,Pure,pure,Takeaway/sandwich shop,"5 Philpot Lane, London",EC3M 8AN,City of London Corporation,-0.084438,51.511421,BAKERY_CAFE,LOCATION_VERIFICATION
1791106,Nisa Local,nisa local,Retailers - other,"55-56 Aldgate High Street, London",EC3N 1AL,City of London Corporation,-0.0745629,51.5141402,GROCER_BAKERY,LOCATION_VERIFICATION
1844649,Greggs,greggs,Takeaway/sandwich shop,"74 Aldgate High Street, London",EC3N 1BD,City of London Corporation,-0.0754785,51.5138201,BAKERY_CAFE,LOCATION_VERIFICATION
1721351,Nana's,nana s,Takeaway/sandwich shop,"105A Minories, London",EC3N 1LA,City of London Corporation,-0.075211,51.510838,BAKERY_CAFE,VERIFIED_CANDIDATE
294929,Pret A Manger,pret a manger,Takeaway/sandwich shop,"85 Aldgate High Street, London",EC3N 1LH,City of London Corporation,-0.076529,51.513414,BAKERY_CAFE,LOCATION_VERIFICATION
293618,Pret A Manger,pret a manger,Takeaway/sandwich shop,"3 America Square, London",EC3N 2LR,City of London Corporation,-0.07569,51.511431,BAKERY_CAFE,LOCATION_VERIFICATION
293954,Pret A Manger,pret a manger,Takeaway/sandwich shop,"Retail Unit, 1 Great Tower Street, London",EC3R 5AA,City of London Corporation,-0.082711,51.510008,BAKERY_CAFE,LOCATION_VERIFICATION
711645,Pret A Manger,pret a manger,Restaurant/Cafe/Canteen,"3 Three Quays Walk, London",EC3R 6AH,City of London Corporation,-0.0798143,51.508055,BAKERY_CAFE,LOCATION_VERIFICATION
1860440,Saint Espresso,saint espresso,Restaurant/Cafe/Canteen,"The Minster Building, 21 Mincing Lane, London",EC3R 7AG,City of London Corporation,-0.0815000000109752,51.5109000000004,BAKERY_CAFE,LOCATION_VERIFICATION
1036432,Birley Sandwiches,birley sandwiches,Restaurant/Cafe/Canteen,"DBP House, 62-63 Mark Lane, London",EC3R 7NQ,City of London Corporation,-0.30624494,51.6147915,BAKERY_CAFE,LOCATION_VERIFICATION
1805854,Sandwich Sandwich,sandwich sandwich,Restaurant/Cafe/Canteen,"70 Mark Lane, London",EC3R 7NQ,City of London Corporation,-0.080051,51.510872,BAKERY_CAFE,VERIFIED_CANDIDATE
875016,Pret A Manger,pret a manger,Takeaway/sandwich shop,"Retail Unit, 77-80 Gracechurch Street, London",EC3V 0AS,City of London Corporation,-0.084413,51.512356,BAKERY_CAFE,LOCATION_VERIFICATION
1297523,Aux Merveilleux De Fred,aux merveilleux de fred,Takeaway/sandwich shop,"1-3 Leadenhall Market, London",EC3V 1LR,City of London Corporation,-0.083405,51.51269,CORE_BAKERY,LOCATION_VERIFICATION
1840715,Buns From Home,buns from home,Restaurant/Cafe/Canteen,"16 Leadenhall Market, London",EC3V 1LR,City of London Corporation,-0.083405,51.51269,CORE_BAKERY,LOCATION_VERIFICATION
1666610,Hagen Leadenhall,hagen leadenhall,Other catering premises,"8-9 Leadenhall Market, London",EC3V 1LR,City of London Corporation,-0.0836178,51.5128834,BAKERY_CAFE,VERIFIED_CANDIDATE
1407952,Laduree UK Ltd,laduree uk ltd,Retailers - other,"5 Royal Exchange, London",EC3V 3LL,City of London Corporation,-0.0871253,51.5134443,CORE_BAKERY,VERIFIED_CANDIDATE
1501149,Buns From Home,buns from home,Takeaway/sandwich shop,"33 Royal Exchange, London",EC3V 3LP,City of London Corporation,-0.08759,51.513586,CORE_BAKERY,LOCATION_VERIFICATION
948352,Grind & Co Ltd,grind and co ltd,Restaurant/Cafe/Canteen,"34 Royal Exchange, London",EC3V 3LP,City of London Corporation,-0.08759,51.513585,BAKERY_CAFE,VERIFIED_CANDIDATE
1938751,Laduree Royal Exchange,laduree royal exchange,Retailers - other,"28 Royal Exchange, London",EC3V 3LP,City of London Corporation,-0.0872394,51.5138148,CORE_BAKERY,VERIFIED_CANDIDATE
1113069,Fortnum And Mason,fortnum and mason,Restaurant/Cafe/Canteen,"Unit 4 (Ground Floor), The Courtyard, Royal Exchange, London",EC3V 3LQ,City of London Corporation,-0.0875900015234947,51.5135841369629,BAKERY_CAFE,LOCATION_VERIFICATION
294913,Sainsbury's Local,sainsbury s local,Retailers - supermarkets/hypermarkets,"62-64 Cornhill, London",EC3V 3NH,City of London Corporation,-0.084404,51.513615,GROCER_BAKERY,LOCATION_VERIFICATION
294574,Pret A Manger,pret a manger,Takeaway/sandwich shop,"14 Lombard Street, London",EC3V 9AN,City of London Corporation,-0.08772,51.512554,BAKERY_CAFE,LOCATION_VERIFICATION
294551,Sainsbury's Local,sainsbury s local,Retailers - supermarkets/hypermarkets,"14 Lombard Street, London",EC3V 9AN,City of London Corporation,-0.08772,51.512554,GROCER_BAKERY,VERIFIED_CANDIDATE
295073,Pret A Manger,pret a manger,Takeaway/sandwich shop,"110 Fetter Lane, London",EC4A 1ES,City of London Corporation,-0.109445,51.516206,BAKERY_CAFE,LOCATION_VERIFICATION
293910,Pret A Manger,pret a manger,Takeaway/sandwich shop,"Retail Unit, 143-144 Fleet Street, London",EC4A 2BH,City of London Corporation,-0.106451,51.514404,BAKERY_CAFE,LOCATION_VERIFICATION
294333,Paul,paul,Takeaway/sandwich shop,"Offices, 147 Fleet Street, London",EC4A 2BU,City of London Corporation,-0.107388,51.514392,BAKERY_CAFE,LOCATION_VERIFICATION
1845992,Seedy Circles,seedy circles,Restaurant/Cafe/Canteen,"Bouverie House, 154 - 160 Fleet Street, London",EC4A 2DQ,City of London Corporation,-0.1079429,51.5143395,BAKERY_CAFE,VERIFIED_CANDIDATE
1964741,Greggs Plc,greggs plc,Takeaway/sandwich shop,"4 New Street Square, London",EC4A 3BF,City of London Corporation,-0.1081401,51.5154938,BAKERY_CAFE,LOCATION_VERIFICATION
295025,Pret A Manger,pret a manger,Takeaway/sandwich shop,"25B Farringdon Street, London",EC4A 4AB,City of London Corporation,-0.104033,51.515714,BAKERY_CAFE,LOCATION_VERIFICATION
1021847,Pure,pure,Takeaway/sandwich shop,"3 St Bride Street, London",EC4A 4AS,City of London Corporation,-0.105017997324467,51.5145530700684,BAKERY_CAFE,LOCATION_VERIFICATION
294071,Pret A Manger,pret a manger,Takeaway/sandwich shop,"19 Ludgate Hill, London",EC4M 7AE,City of London Corporation,-0.101523,51.513686,BAKERY_CAFE,LOCATION_VERIFICATION
1858116,Greggs PLC,greggs plc,Restaurant/Cafe/Canteen,"50 - 52 Ludgate Hill, London",EC4M 7AW,City of London Corporation,-0.1027394,51.5141793,BAKERY_CAFE,LOCATION_VERIFICATION
294493,"Paul, Paternoster Lodge",paul paternoster lodge,Takeaway/sandwich shop,"2 Paternoster Square, London",EC4M 7DX,City of London Corporation,-0.098635,51.514512,BAKERY_CAFE,VERIFIED_CANDIDATE
294467,Pret A Manger (Unit 1),pret a manger unit 1,Takeaway/sandwich shop,"London Stock Exchange, 10 Paternoster Square, London",EC4M 7DY,City of London Corporation,-0.098831,51.514982,BAKERY_CAFE,VERIFIED_CANDIDATE
294839,Sainsbury's Local,sainsbury s local,Retailers - supermarkets/hypermarkets,"London Stock Exchange, 10 Paternoster Square, London",EC4M 7DY,City of London Corporation,-0.098831,51.514982,GROCER_BAKERY,LOCATION_VERIFICATION
1926439,Treelogy Speciality Coffee,treelogy speciality coffee,Restaurant/Cafe/Canteen,"Procession House, 55 Ludgate Hill, London",EC4M 7JW,City of London Corporation,-0.103744,51.513983,BAKERY_CAFE,LOCATION_VERIFICATION
294390,Leon Ludgate Circus,leon ludgate circus,Restaurant/Cafe/Canteen,"Retail Unit, 12 Ludgate Circus, London",EC4M 7LQ,City of London Corporation,-0.104061,51.51433,BAKERY_CAFE,VERIFIED_CANDIDATE
1845995,Tesco Stores Limited,tesco stores limited,Retailers - other,"Retail Unit 1, Juxon House, 100 St Paul's Churchyard, London",EC4M 8BU,City of London Corporation,-0.1002255,51.5141519,GROCER_BAKERY,LOCATION_VERIFICATION
1926442,Gails Cheapside,gails cheapside,Restaurant/Cafe/Canteen,"1 New Change, London",EC4M 9AF,City of London Corporation,-0.09523,51.513548,BAKERY_CAFE,VERIFIED_CANDIDATE
865731,Pret A Manger,pret a manger,Restaurant/Cafe/Canteen,"Retail Unit, 52 Bow Lane, London",EC4M 9DJ,City of London Corporation,-0.093311,51.513597,BAKERY_CAFE,LOCATION_VERIFICATION
1914082,Bread \& Truffle,bread and truffle,Takeaway/sandwich shop,"9 Bow Lane, London",EC4M 9EB,City of London Corporation,-0.093747,51.513164,BAKERY_CAFE,LOCATION_VERIFICATION
294428,Paul,paul,Takeaway/sandwich shop,"6 Bow Lane, London",EC4M 9EB,City of London Corporation,-0.093747,51.513164,BAKERY_CAFE,LOCATION_VERIFICATION
653536,Pret A Manger,pret a manger,Restaurant/Cafe/Canteen,"90 Queen Street, London",EC4N 1SA,City of London Corporation,-0.091717,51.513473,BAKERY_CAFE,LOCATION_VERIFICATION
582622,Sainsbury's Local,sainsbury s local,Retailers - supermarkets/hypermarkets,"Offices Ormond House, 63 Queen Victoria Street, London",EC4N 4UA,City of London Corporation,-0.094209,51.512101,GROCER_BAKERY,LOCATION_VERIFICATION
1097491,Greggs,greggs,Takeaway/sandwich shop,"Cannon Street Railway Station, Cannon Street, London",EC4N 6AP,City of London Corporation,-0.090263,51.511372,CORE_BAKERY,LOCATION_VERIFICATION
629359,Sainsbury's,sainsbury s,Retailers - supermarkets/hypermarkets,"89 Cannon Street, London",EC4N 6HA,City of London Corporation,-0.0891219973564148,51.5111198425293,GROCER_BAKERY,LOCATION_VERIFICATION
293707,Pret A Manger,pret a manger,Takeaway/sandwich shop,"52-54 Cannon Street, London",EC4N 6LY,City of London Corporation,-0.092388,51.511892,BAKERY_CAFE,LOCATION_VERIFICATION
747625,"Pret A Manger, Unit 3",pret a manger unit 3,Restaurant/Cafe/Canteen,"The Walbrook Building, 25 Walbrook, London",EC4N 8AF,City of London Corporation,-0.090164,51.512,BAKERY_CAFE,LOCATION_VERIFICATION
294509,Pret A Manger,pret a manger,Takeaway/sandwich shop,"43 King William Street, London",EC4R 9AN,City of London Corporation,-0.086701,51.510037,BAKERY_CAFE,LOCATION_VERIFICATION
578600,Waitrose,waitrose,Retailers - supermarkets/hypermarkets,"46 King William Street, London",EC4R 9AN,City of London Corporation,-0.086701,51.510037,GROCER_BAKERY,SUPERMARKET_SUPPLEMENT
1808378,Gail's Millennium Bridge,gail s millennium bridge,Restaurant/Cafe/Canteen,"7 Peter's Hill, London",EC4V 4AU,City of London Corporation,-0.0982402,51.5112146,CORE_BAKERY,VERIFIED_CANDIDATE
294760,Pret A Manger,pret a manger,Restaurant/Cafe/Canteen,"126 Queen Victoria Street, London",EC4V 4BJ,City of London Corporation,-0.097608,51.512156,BAKERY_CAFE,LOCATION_VERIFICATION
1157302,Petit Pret,petit pret,Takeaway/sandwich shop,"Concourse Retail Unit, Blackfriars Station, Queen Victoria Street, London",EC4V 4DY,City of London Corporation,-0.103007,51.511596,BAKERY_CAFE,LOCATION_VERIFICATION
1802078,Susleny,susleny,Takeaway/sandwich shop,"5 Dean's Court, London",EC4V 5AA,City of London Corporation,-0.100059,51.513195,BAKERY_CAFE,VERIFIED_CANDIDATE
775591,Sainsbury's,sainsbury s,Retailers - supermarkets/hypermarkets,"31 New Bridge Street, London",EC4V 6BJ,City of London Corporation,-0.10399,51.512574,GROCER_BAKERY,LOCATION_VERIFICATION
1844646,Saint Espresso,saint espresso,Restaurant/Cafe/Canteen,"26A Tudor Street, London",EC4Y 0AY,City of London Corporation,-0.106683,51.512627,BAKERY_CAFE,LOCATION_VERIFICATION
1793390,9 Bars Coffee Ltd,9 bars coffee ltd,Takeaway/sandwich shop,"59 Fleet Street, London",EC4Y 1JU,City of London Corporation,-0.1082554,51.5141018,BAKERY_CAFE,VERIFIED_CANDIDATE
1098742,Pure,pure,Takeaway/sandwich shop,"318 High Holborn, London",WC1V 7BN,City of London Corporation,-0.11346,51.518114,BAKERY_CAFE,LOCATION_VERIFICATION
294553,Marks & Spencer Simply Foods,marks and spencer simply foods,Retailers - supermarkets/hypermarkets,"323-324 High Holborn, London",WC1V 7PU,City of London Corporation,-0.112668,51.518083,GROCER_BAKERY,SUPERMARKET_SUPPLEMENT
293980,Pret A Manger,pret a manger,Takeaway/sandwich shop,"319 High Holborn, London",WC1V 7PU,City of London Corporation,-0.112669,51.518084,BAKERY_CAFE,LOCATION_VERIFICATION
1753162,Lebaneats,lebaneats,Takeaway/sandwich shop,"67 Chancery Lane, London",WC2A 1AF,City of London Corporation,-0.113483,51.517917,BAKERY_CAFE,VERIFIED_CANDIDATE
1900920,Bread And Butter,bread and butter,Other catering premises,,CR0 ,Croydon,,,CORE_BAKERY,LOCATION_VERIFICATION
4935,Morrisons Daily,morrisons daily,Retailers - other,"137 Milne Park East, Croydon",CR0 0BF,Croydon,-0.0051600001752376,51.3360252380371,GROCER_BAKERY,LOCATION_VERIFICATION
1032230,Morrisons Daily,morrisons daily,Retailers - other,"103-105 Calley Down Crescent, Croydon",CR0 0EQ,Croydon,-0.0066189998760819,51.3444213867188,GROCER_BAKERY,LOCATION_VERIFICATION
563370,Lidl,lidl,Retailers - supermarkets/hypermarkets,"Lidl Store, 1 Parkway, Croydon",CR0 0JA,Croydon,-0.0196712,51.3465233,GROCER_BAKERY,LOCATION_VERIFICATION
1785,Morrisons Daily,morrisons daily,Retailers - other,"4 Central Parade, Croydon",CR0 0JB,Croydon,-0.0157660003751516,51.342098236084,GROCER_BAKERY,VERIFIED_CANDIDATE
1792,Greggs,greggs,Retailers - other,"33 Central Parade, Croydon",CR0 0JD,Croydon,-0.0141030000522733,51.3410415649414,CORE_BAKERY,VERIFIED_CANDIDATE
1793,Iceland,iceland,Retailers - supermarkets/hypermarkets,"34 - 37 Central Parade, Croydon",CR0 0JD,Croydon,-0.0144564,51.341508,GROCER_BAKERY,LOCATION_VERIFICATION
4291,Morrisons Daily,morrisons daily,Retailers - other,"116 - 118 Headley Drive, Croydon",CR0 0QF,Croydon,-0.0180009994655848,51.352180480957,GROCER_BAKERY,LOCATION_VERIFICATION
859665,Sainsbury's,sainsbury s,Retailers - supermarkets/hypermarkets,"Sainsburys Supermarket, 18 Addiscombe Road, Croydon",CR0 0XT,Croydon,-0.0911270007491112,51.3750762939453,GROCER_BAKERY,LOCATION_VERIFICATION
1768208,Little Star Vape & More,little star vape and more,Retailers - other,"22 South End, Croydon",CR0 1DN,Croydon,-0.0992447,51.3665285,GROCER_BAKERY,VERIFIED_CANDIDATE
1683879,Pret A Manger,pret a manger,Takeaway/sandwich shop,"93A George Street, Croydon",CR0 1LD,Croydon,-0.0951249971985817,51.3746376037598,BAKERY_CAFE,LOCATION_VERIFICATION
1623524,Choo Choo Sandwiches Snacks & Juices,choo choo sandwiches snacks and juices,Takeaway/sandwich shop,"East Croydon Railway Station, George Street, Croydon",CR0 1LF,Croydon,-0.0928979963064194,51.3749885559082,BAKERY_CAFE,VERIFIED_CANDIDATE
2429,Starbucks Trailer,starbucks trailer,Restaurant/Cafe/Canteen,"Platforms 1 And 2, East Croydon Railway Station, George Street, Croydon",CR0 1LF,Croydon,-0.0930262,51.3761667,BAKERY_CAFE,VERIFIED_CANDIDATE
6501,Greggs,greggs,Retailers - other,"15 Norfolk House, Wellesley Road, Croydon",CR0 1LH,Croydon,-0.0967089980840683,51.3749046325684,BAKERY_CAFE,LOCATION_VERIFICATION
4322,Greggs,greggs,Retailers - other,"66 High Street, Croydon",CR0 1NA,Croydon,-0.100656002759933,51.3711853027344,BAKERY_CAFE,LOCATION_VERIFICATION
877567,Mleczko Delikatesy,mleczko delikatesy,Retailers - other,"68 High Street, Croydon",CR0 1NA,Croydon,-0.100652,51.3714075,GROCER_BAKERY,LOCATION_VERIFICATION
293522,Sainsbury's,sainsbury s,Retailers - supermarkets/hypermarkets,"1 - 3 Suffolk House, George Street, Croydon",CR0 1PE,Croydon,-0.0962785,51.3739714,GROCER_BAKERY,LOCATION_VERIFICATION
859644,Sainsbury's,sainsbury s,Retailers - supermarkets/hypermarkets,"Sainsburys Local, 59 High Street, Croydon",CR0 1QD,Croydon,-0.100102998316288,51.3720474243164,GROCER_BAKERY,LOCATION_VERIFICATION
963563,Crushed Bean,crushed bean,Restaurant/Cafe/Canteen,"81 High Street, Croydon",CR0 1QE,Croydon,-0.0999789983034134,51.3712158203125,BAKERY_CAFE,VERIFIED_CANDIDATE
293526,Lidl UK,lidl uk,Retailers - supermarkets/hypermarkets,"Lidl, 68 - 74 Church Street, Croydon",CR0 1RB,Croydon,-0.103110000491142,51.3736801147461,GROCER_BAKERY,VERIFIED_CANDIDATE
1691259,Weigh And Save,weigh and save,Retailers - other,"92 Church Street, Croydon",CR0 1RD,Croydon,-0.104590997099876,51.3740158081055,GROCER_BAKERY,VERIFIED_CANDIDATE
6200,Iceland,iceland,Retailers - supermarkets/hypermarkets,"29 - 30 Surrey Street, Croydon",CR0 1RG,Croydon,-0.101998,51.3732549,GROCER_BAKERY,LOCATION_VERIFICATION
1001665,Polski Supermarket London Ltd,polski supermarket london ltd,Retailers - supermarkets/hypermarkets,"47 - 48 Surrey Street, Croydon",CR0 1RJ,Croydon,-0.1008364,51.3725076,GROCER_BAKERY,VERIFIED_CANDIDATE
937134,Greggs,greggs,Retailers - other,"51 North End, Croydon",CR0 1TG,Croydon,-0.10147999972105,51.3752174377441,BAKERY_CAFE,LOCATION_VERIFICATION
906984,The Co-Operative Group,the co operative group,Retailers - supermarkets/hypermarkets,"6 - 6A Lansdowne Road, Croydon",CR0 2BX,Croydon,-0.0970439985394478,51.3772125244141,GROCER_BAKERY,LOCATION_VERIFICATION
1172973,Lidl,lidl,Retailers - supermarkets/hypermarkets,"119 - 123 Whitehorse Road, Croydon",CR0 2LG,Croydon,-0.096797,51.3878018,GROCER_BAKERY,LOCATION_VERIFICATION
990460,Sainsbury's,sainsbury s,Retailers - supermarkets/hypermarkets,"Sainsburys Local, 9 - 11 London Road, Croydon",CR0 2RE,Croydon,-0.103634998202324,51.3787231445313,GROCER_BAKERY,LOCATION_VERIFICATION
6987,Lidl Superstore,lidl superstore,Retailers - supermarkets/hypermarkets,"Supermarket, 99 - 101 London Road, Croydon",CR0 2RF,Croydon,-0.104585997760296,51.3796920776367,GROCER_BAKERY,SUPERMARKET_SUPPLEMENT
876951,Shadi Bakery / Shadi Restaurant,shadi bakery shadi restaurant,Restaurant/Cafe/Canteen,"79 London Road, Croydon",CR0 2RF,Croydon,-0.104585997760296,51.3796920776367,CORE_BAKERY,VERIFIED_CANDIDATE
6994,Asia Food Store Ltd,asia food store ltd,Retailers - other,"249 London Road, Croydon",CR0 2RL,Croydon,-0.10818599909544,51.3833389282227,GROCER_BAKERY,VERIFIED_CANDIDATE
1788765,Early Till Late,early till late,Retailers - supermarkets/hypermarkets,"24 - 26 London Road, Croydon",CR0 2TA,Croydon,-0.1030439,51.3788923,GROCER_BAKERY,VERIFIED_CANDIDATE
6974,Greggs,greggs,Retailers - other,"10 London Road, Croydon",CR0 2TA,Croydon,-0.103122003376484,51.3789482116699,BAKERY_CAFE,LOCATION_VERIFICATION
1027132,Nilgiris,nilgiris,Retailers - other,"32 London Road, Croydon",CR0 2TA,Croydon,-0.103122003376484,51.3789482116699,GROCER_BAKERY,VERIFIED_CANDIDATE
1939413,Croydon African Market Ltd,croydon african market ltd,Retailers - other,"222 London Road, Croydon",CR0 2TF,Croydon,-0.10631600022316,51.3823471069336,GROCER_BAKERY,VERIFIED_CANDIDATE
877639,"AT & K - BP, Morrisons Daily, Costa Express & Greggs",at and k bp morrisons daily costa express and greggs,Retailers - other,"702 Mitcham Road, Croydon",CR0 3AB,Croydon,-0.132036000490189,51.3902053833008,GROCER_BAKERY,VERIFIED_CANDIDATE
1399367,Morrisons Daily & Greggs At Fernside Service Station,morrisons daily and greggs at fernside service station,Retailers - other,"Morrisons Daily, 702 Mitcham Road, Croydon",CR0 3AB,Croydon,-0.132024005055428,51.390193939209,GROCER_BAKERY,VERIFIED_CANDIDATE
1022169,Jolens Food & Wine,jolens food and wine,Retailers - other,"1 The Parade, Mitcham Road, Croydon",CR0 3HL,Croydon,-0.12618699669838,51.3877182006836,GROCER_BAKERY,VERIFIED_CANDIDATE
459445,Shanrise,shanrise,Retailers - other,"38 - 40 Pitlake, Croydon",CR0 3RA,Croydon,-0.1072707,51.3770991,GROCER_BAKERY,VERIFIED_CANDIDATE
1835079,Chola Group,chola group,Retailers - other,"24 Factory Lane, Croydon",CR0 3RL,Croydon,-0.1111939,51.3770904,GROCER_BAKERY,VERIFIED_CANDIDATE
605458,Morrisons Daily,morrisons daily,Retailers - supermarkets/hypermarkets,"500 Purley Way, Croydon",CR0 4NZ,Croydon,-0.119341999292374,51.3674850463867,GROCER_BAKERY,LOCATION_VERIFICATION
293501,ESSO/Budgens - Purley Way Service Station,esso budgens purley way service station,Retailers - other,"514 Purley Way, Croydon",CR0 4RE,Croydon,-0.118739001452923,51.363597869873,GROCER_BAKERY,VERIFIED_CANDIDATE
1775003,Tai Pan,tai pan,Retailers - other,"Unit 2, Wing Yip Business Centre, 544 Purley Way, Croydon",CR0 4RF,Croydon,-0.118249997496605,51.3611602783203,CORE_BAKERY,VERIFIED_CANDIDATE
26180,Costco Wholesale UK,costco wholesale uk,Retailers - other,"Costco, 27 - 29 Imperial Way, Croydon",CR0 4RR,Croydon,-0.1171807,51.3537426,GROCER_BAKERY,VERIFIED_CANDIDATE
1562718,Marks And Spencer Purley Way,marks and spencer purley way,Retailers - supermarkets/hypermarkets,"330 Purley Way, Croydon",CR0 4XJ,Croydon,-0.118979997932911,51.3720893859863,GROCER_BAKERY,SUPERMARKET_SUPPLEMENT
1176079,Lidl,lidl,Retailers - supermarkets/hypermarkets,"2 Trojan Way, Croydon",CR0 4XL,Croydon,-0.1198053,51.3738296,GROCER_BAKERY,LOCATION_VERIFICATION
6391,Sainsburys,sainsburys,Retailers - supermarkets/hypermarkets,"J Sainsbury Plc, 2 Trafalgar Way, Croydon",CR0 4XT,Croydon,-0.119553998112679,51.3770294189453,GROCER_BAKERY,SUPERMARKET_SUPPLEMENT
1883475,Home Bargains,home bargains,Retailers - supermarkets/hypermarkets,"3 Drury Crescent, Croydon",CR0 4XU,Croydon,-0.1162553,51.3749057,GROCER_BAKERY,LOCATION_VERIFICATION
1292435,AM Cafe And Bakes,am cafe and bakes,Restaurant/Cafe/Canteen,"154 Cherry Orchard Road, Croydon",CR0 6BB,Croydon,-0.087457999587059,51.3796653747559,BAKERY_CAFE,VERIFIED_CANDIDATE
1434966,Minisam U Joli,minisam u joli,Retailers - other,"144 Cherry Orchard Road, Croydon",CR0 6BB,Croydon,-0.087457999587059,51.3796653747559,GROCER_BAKERY,VERIFIED_CANDIDATE
15285,Varshni,varshni,Retailers - other,"126 Cherry Orchard Road, Croydon",CR0 6BB,Croydon,-0.087457999587059,51.3796653747559,GROCER_BAKERY,VERIFIED_CANDIDATE
1581149,Croydon International Food Center,croydon international food center,Retailers - supermarkets/hypermarkets,"19 - 23 Lower Addiscombe Road, Croydon",CR0 6PQ,Croydon,-0.088281,51.3807726,GROCER_BAKERY,SUPERMARKET_SUPPLEMENT
1472077,All In 1,all in 1,Retailers - other,"199 Lower Addiscombe Road, Croydon",CR0 6RA,Croydon,-0.0749429985880852,51.3796234130859,GROCER_BAKERY,VERIFIED_CANDIDATE
4827,Nisa Local,nisa local,Retailers - other,"193 Lower Addiscombe Road, Croydon",CR0 6RA,Croydon,-0.0749429985880852,51.3796234130859,GROCER_BAKERY,VERIFIED_CANDIDATE
1711378,Anna's,anna s,Restaurant/Cafe/Canteen,"227 Lower Addiscombe Road, Croydon",CR0 6RB,Croydon,-0.07413599640131,51.3800315856934,BAKERY_CAFE,VERIFIED_CANDIDATE
4832,Greggs,greggs,Retailers - other,"251 Lower Addiscombe Road, Croydon",CR0 6RD,Croydon,-0.0724380016326904,51.3807754516602,BAKERY_CAFE,LOCATION_VERIFICATION
1437412,FILTR By Coromandel Coast,filtr by coromandel coast,Restaurant/Cafe/Canteen,"285 Lower Addiscombe Road, Croydon",CR0 6RE,Croydon,-0.0708652,51.3813793,BAKERY_CAFE,VERIFIED_CANDIDATE
1524459,Deli By Dirty Crunch,deli by dirty crunch,Retailers - other,"290 Lower Addiscombe Road, Croydon",CR0 7AE,Croydon,-0.0685496,51.3821054,GROCER_BAKERY,VERIFIED_CANDIDATE
1748778,Welcome Shirley,welcome shirley,Retailers - supermarkets/hypermarkets,"118 - 122 Orchard Way, Croydon",CR0 7NN,Croydon,-0.0401579,51.386004,GROCER_BAKERY,VERIFIED_CANDIDATE
1200176,Bonds Of Shirley,bonds of shirley,Retailers - other,"798 Wickham Road, Croydon",CR0 8EB,Croydon,-0.027861999347806,51.3770599365234,GROCER_BAKERY,VERIFIED_CANDIDATE
1681970,Your Local Pantry At WWSBC,your local pantry at wwsbc,Retailers - other,"West Wickham And Shirley Baptist Church, Wickham Road, Croydon",CR0 8EH,Croydon,,,GROCER_BAKERY,VERIFIED_CANDIDATE
18516,Morrisons Daily,morrisons daily,Retailers - other,"13 Broom Road, Croydon",CR0 8NG,Croydon,-0.0302859991788864,51.3697891235352,GROCER_BAKERY,LOCATION_VERIFICATION
937135,Morrisons Daily,morrisons daily,Retailers - other,"9 Wayside, Field Way, Croydon",CR0 9DX,Croydon,-0.020889999344945,51.3557968139648,GROCER_BAKERY,LOCATION_VERIFICATION
1181292,Shell Service Station,shell service station,Retailers - other,"306 - 320 Brighton Road, South Croydon",CR2 6AJ,Croydon,-0.0992849990725517,51.3515396118164,GROCER_BAKERY,LOCATION_VERIFICATION
859768,Sainsbury's Local,sainsbury s local,Retailers - supermarkets/hypermarkets,"45 Brighton Road, South Croydon",CR2 6ED,Croydon,-0.097850595151321,51.3601434349325,GROCER_BAKERY,LOCATION_VERIFICATION
1959971,Londis Whitgift,londis whitgift,Retailers - other,"87 - 109 Brighton Road, South Croydon",CR2 6EE,Croydon,-0.0975620001554489,51.3591804504395,GROCER_BAKERY,VERIFIED_CANDIDATE
1777195,Madina Bakery,madina bakery,Restaurant/Cafe/Canteen,"Shop, 110 Selsdon Road, South Croydon",CR2 6PG,Croydon,-0.095137,51.3595731,BAKERY_CAFE,VERIFIED_CANDIDATE
1568507,La Spezia,la spezia,Retailers - other,"12 Ye Market, Selsdon Road, South Croydon",CR2 6PW,Croydon,-0.0967240035533905,51.3627662658691,GROCER_BAKERY,VERIFIED_CANDIDATE
293486,BP Convenience/Addington SF Connect,bp convenience addington sf connect,Retailers - other,"215 Selsdon Park Road, South Croydon",CR2 8JH,Croydon,-0.0381340011954308,51.352912902832,GROCER_BAKERY,VERIFIED_CANDIDATE
1212696,Forestdale Service Station,forestdale service station,Retailers - other,"76 Selsdon Park Road, South Croydon",CR2 8JT,Croydon,-0.0399959981441498,51.3506698608398,GROCER_BAKERY,VERIFIED_CANDIDATE
29309,Sainsbury's,sainsbury s,Retailers - supermarkets/hypermarkets,"Supermarket, 130 Addington Road, South Croydon",CR2 8LA,Croydon,-0.0632840022444725,51.3422966003418,GROCER_BAKERY,LOCATION_VERIFICATION
1775019,Maple,maple,Restaurant/Cafe/Canteen,"29 - 31 Limpsfield Road, South Croydon",CR2 9LA,Croydon,-0.0765192,51.3339001,BAKERY_CAFE,VERIFIED_CANDIDATE
1399364,VRM News Agent,vrm news agent,Retailers - other,"41 Limpsfield Road, South Croydon",CR2 9LA,Croydon,-0.0766920000314713,51.3341102600098,GROCER_BAKERY,VERIFIED_CANDIDATE
10617,Waitrose,waitrose,Retailers - supermarkets/hypermarkets,"87 Limpsfield Road, South Croydon",CR2 9LE,Croydon,-0.0755169987678528,51.3323669433594,GROCER_BAKERY,SUPERMARKET_SUPPLEMENT
1971,Tudor Bakery,tudor bakery,Retailers - other,"248 Coulsdon Road, Coulsdon",CR5 1EA,Croydon,-0.120745003223419,51.3072166442871,CORE_BAKERY,VERIFIED_CANDIDATE
990446,Morrisons Daily,morrisons daily,Retailers - other,"3 - 4 The Parade, Coulsdon Road, Coulsdon",CR5 1EH,Croydon,-0.1200698,51.3069804,GROCER_BAKERY,LOCATION_VERIFICATION
1101180,Stella's Emporium,stella s emporium,Restaurant/Cafe/Canteen,"1B The Parade, Coulsdon Road, Coulsdon",CR5 1EH,Croydon,-0.1200488,51.3067912,GROCER_BAKERY,VERIFIED_CANDIDATE
1731980,Pistachios,pistachios,Restaurant/Cafe/Canteen,"Pistachios In The Park Grange Park Pavillion, Coulsdon Road, Coulsdon",CR5 1HB,Croydon,-0.120046,51.3075646,BAKERY_CAFE,VERIFIED_CANDIDATE
1681,Waitrose,waitrose,Retailers - supermarkets/hypermarkets,"110 - 112 Brighton Road, Coulsdon",CR5 2NB,Croydon,-0.1371967,51.3219752,GROCER_BAKERY,SUPERMARKET_SUPPLEMENT
817888,Aldi Stores Limited,aldi stores limited,Retailers - supermarkets/hypermarkets,"159 Brighton Road, Coulsdon",CR5 2NH,Croydon,-0.138705998659134,51.3200149536133,GROCER_BAKERY,LOCATION_VERIFICATION
1850,Best One,best one,Retailers - other,"372 Chipstead Valley Road, Coulsdon",CR5 3BJ,Croydon,-0.157180994749069,51.3177452087402,GROCER_BAKERY,LOCATION_VERIFICATION
1609033,Greggs At MFG Coulsdon,greggs at mfg coulsdon,Retailers - other,"189 - 191 Chipstead Valley Road, Coulsdon",CR5 3BR,Croydon,-0.1493207,51.3188489,GROCER_BAKERY,VERIFIED_CANDIDATE
7032,Lidl,lidl,Retailers - supermarkets/hypermarkets,"845 London Road, Thornton Heath",CR7 6AW,Croydon,-0.114987000823021,51.3948135375977,GROCER_BAKERY,VERIFIED_CANDIDATE
1865474,Sabores De Portugal,sabores de portugal,Retailers - other,"755 London Road, Thornton Heath",CR7 6AW,Croydon,-0.11464604,51.3946702,BAKERY_CAFE,VERIFIED_CANDIDATE
859742,Sainsbury's,sainsbury s,Retailers - supermarkets/hypermarkets,"114 - 116 Thornton Road, Thornton Heath",CR7 6BB,Croydon,-0.1189589,51.3916666,GROCER_BAKERY,LOCATION_VERIFICATION
1824706,Daily Delights Store,daily delights store,Retailers - other,"77 Thornton Road, Thornton Heath",CR7 6BD,Croydon,-0.116466000676155,51.3923835754395,GROCER_BAKERY,VERIFIED_CANDIDATE
7022,Greggs,greggs,Retailers - other,"758 London Road, Thornton Heath",CR7 6JA,Croydon,-0.113898001611233,51.3936729431152,BAKERY_CAFE,LOCATION_VERIFICATION
1022117,Karolek,karolek,Retailers - other,"1041 London Road, Thornton Heath",CR7 6JF,Croydon,-0.118116997182369,51.4004936218262,GROCER_BAKERY,VERIFIED_CANDIDATE
1439758,Everfresh,everfresh,Retailers - other,"728 London Road, Thornton Heath",CR7 7HW,Croydon,-0.1136129,51.3930376,GROCER_BAKERY,LOCATION_VERIFICATION
1934845,Pacati Nadiadwala Puff,pacati nadiadwala puff,Takeaway/sandwich shop,"1062 London Road, Thornton Heath",CR7 7ND,Croydon,-0.1180169,51.4013008,BAKERY_CAFE,VERIFIED_CANDIDATE
26343,Cornfield Bakeries,cornfield bakeries,Takeaway/sandwich shop,"51 High Street, Thornton Heath",CR7 8RW,Croydon,-0.0951140001416206,51.3984222412109,CORE_BAKERY,VERIFIED_CANDIDATE
1297617,Greggs @Tesco,greggs tesco,Takeaway/sandwich shop,"Tesco, 2 - 32 Brigstock Road, Thornton Heath",CR7 8RX,Croydon,-0.100445002317429,51.3984909057617,GROCER_BAKERY,VERIFIED_CANDIDATE
1596,Iceland,iceland,Retailers - supermarkets/hypermarkets,"52 Brigstock Road, Thornton Heath",CR7 8RX,Croydon,-0.100445002317429,51.3984909057617,GROCER_BAKERY,VERIFIED_CANDIDATE
1590,Tesco Superstore,tesco superstore,Retailers - supermarkets/hypermarkets,"Tesco, 2 - 32 Brigstock Road, Thornton Heath",CR7 8RX,Croydon,-0.100445002317429,51.3984909057617,GROCER_BAKERY,SUPERMARKET_SUPPLEMENT
1955589,Cuppa Chaii (Purley) Ltd,cuppa chaii purley ltd,Restaurant/Cafe/Canteen,"16 - 18 High Street, Purley",CR8 2AA,Croydon,-0.1153822,51.3380058,BAKERY_CAFE,VERIFIED_CANDIDATE
1736345,FILTR By Coromandel Coast,filtr by coromandel coast,Restaurant/Cafe/Canteen,"14 High Street, Purley",CR8 2AA,Croydon,-0.115286,51.3379565,BAKERY_CAFE,LOCATION_VERIFICATION
4351,Sainsbury's,sainsbury s,Retailers - supermarkets/hypermarkets,"Sainsburys Local, 6 - 9 Purley Parade, High Street, Purley",CR8 2AB,Croydon,-0.1144007,51.339588,GROCER_BAKERY,VERIFIED_CANDIDATE
1292434,Khalpeys,khalpeys,Retailers - other,"23 High Street, Purley",CR8 2AF,Croydon,-0.1156329,51.3389513,GROCER_BAKERY,VERIFIED_CANDIDATE
1775014,Londis & Greggs - Hayling Down,londis and greggs hayling down,Retailers - other,"Hayling Down Service Station, 628 - 630 Brighton Road, Purley",CR8 2BA,Croydon,,,GROCER_BAKERY,VERIFIED_CANDIDATE
6734,Tesco,tesco,Retailers - supermarkets/hypermarkets,"8 Purley Road, Purley",CR8 2HA,Croydon,-0.11625300347805,51.338062286377,GROCER_BAKERY,SUPERMARKET_SUPPLEMENT
5077,"Marks & Spencer - Hot Food On The Move, Cafe Revive",marks and spencer hot food on the move cafe revive,Retailers - supermarkets/hypermarkets,"114 - 120 North End, Croydon",CR9 1SH,Croydon,-0.1015639975667,51.3773765563965,GROCER_BAKERY,SUPERMARKET_SUPPLEMENT
33085,Sainsbury's,sainsbury s,Retailers - supermarkets/hypermarkets,"261 Lower Addiscombe Road, Croydon",CR9 6DB,Croydon,-0.0716330727401025,51.3807700146877,GROCER_BAKERY,LOCATION_VERIFICATION
1897039,GAIL's Bakery Crystal Palace,gail s bakery crystal palace,Retailers - other,"58 - 60 Westow Hill, Upper Norwood, London",SE19 1RX,Croydon,-0.0804215,51.4194944,CORE_BAKERY,VERIFIED_CANDIDATE
1668778,Malaki's Cakes Bread & Pastries,malaki s cakes bread and pastries,Takeaway/sandwich shop,"38 Westow Hill, Upper Norwood, London",SE19 1RX,Croydon,-0.081408,51.4196365,BAKERY_CAFE,VERIFIED_CANDIDATE
963619,Four Boroughs,four boroughs,Restaurant/Cafe/Canteen,"10 Church Road, Upper Norwood, London",SE19 2ET,Croydon,-0.0793450027704239,51.4193267822266,BAKERY_CAFE,VERIFIED_CANDIDATE
18455,Sainsbury's,sainsbury s,Retailers - supermarkets/hypermarkets,"64 Westow Street, Upper Norwood, London",SE19 3AF,Croydon,-0.0826701,51.4176608,GROCER_BAKERY,LOCATION_VERIFICATION
26271,Blackbird Bakery,blackbird bakery,Retailers - other,"59 Westow Street, Upper Norwood, London",SE19 3RW,Croydon,-0.0818800032138824,51.4178657531738,CORE_BAKERY,VERIFIED_CANDIDATE
1025014,La Bruschetta,la bruschetta,Restaurant/Cafe/Canteen,"52 Westow Street, Upper Norwood, London",SE19 3RW,Croydon,-0.0818800032138824,51.4178657531738,BAKERY_CAFE,VERIFIED_CANDIDATE
1284778,Kamari The Authentic Greek,kamari the authentic greek,Restaurant/Cafe/Canteen,"25 Westow Street, Upper Norwood, London",SE19 3RY,Croydon,-0.0824105,51.4187087,GROCER_BAKERY,VERIFIED_CANDIDATE
1159954,Lidl,lidl,Retailers - supermarkets/hypermarkets,"411 Beulah Hill, Upper Norwood, London",SE19 3UZ,Croydon,-0.102765999734402,51.4182472229004,GROCER_BAKERY,LOCATION_VERIFICATION
682615,Sainsbury's,sainsbury s,Retailers - supermarkets/hypermarkets,"Sainsbury's Local, 112 Portland Road, South Norwood, London",SE25 4PJ,Croydon,-0.0691077,51.3958195,GROCER_BAKERY,LOCATION_VERIFICATION
983328,Aldi Stores Limited,aldi stores limited,Retailers - supermarkets/hypermarkets,"18 Station Road, South Norwood, London",SE25 5AJ,Croydon,-0.0764990001916885,51.3976974487305,GROCER_BAKERY,LOCATION_VERIFICATION
1606053,Four Boroughs,four boroughs,Restaurant/Cafe/Canteen,"7 Railway Buildings, Station Road, South Norwood, London",SE25 5AQ,Croydon,-0.0751639977097511,51.3976631164551,BAKERY_CAFE,LOCATION_VERIFICATION
1711373,Welcome Co-Operative - Selhurst,welcome co operative selhurst,Retailers - supermarkets/hypermarkets,"38 Selhurst Road, South Norwood, London",SE25 5QF,Croydon,-0.0903929993510246,51.3888931274414,GROCER_BAKERY,VERIFIED_CANDIDATE
982934,Stanley Arts/Stanley Hall,stanley arts stanley hall,Restaurant/Cafe/Canteen,"Stanley Hall, South Norwood Hill, South Norwood, London",SE25 6AB,Croydon,-0.076385997235775,51.4007415771484,BAKERY_CAFE,VERIFIED_CANDIDATE
1425938,Chave Do Douro,chave do douro,Restaurant/Cafe/Canteen,"281 South Norwood Hill, South Norwood, London",SE25 6DP,Croydon,-0.0871310010552406,51.4095687866211,BAKERY_CAFE,VERIFIED_CANDIDATE
44521,Greggs,greggs,Retailers - other,"89 High Street, South Norwood, London",SE25 6EA,Croydon,-0.075934000313282,51.398494720459,BAKERY_CAFE,LOCATION_VERIFICATION
6555,Sainsbury's,sainsbury s,Retailers - supermarkets/hypermarkets,"Sainsburys Supermarket, 120 Whitehorse Lane, South Norwood, London",SE25 6XB,Croydon,-0.0864029973745346,51.3991088867188,GROCER_BAKERY,LOCATION_VERIFICATION
859654,Lidl,lidl,Retailers - supermarkets/hypermarkets,"Lidl Store, 1 Hermitage Lane, Norbury, London",SW16 3LH,Croydon,-0.123242996633053,51.4147033691406,GROCER_BAKERY,LOCATION_VERIFICATION
1611388,Naan Shop,naan shop,Retailers - other,"1503 London Road, Norbury, London",SW16 4AE,Croydon,-0.12330400198698,51.4111175537109,CORE_BAKERY,VERIFIED_CANDIDATE
963593,Delight Wedlinka,delight wedlinka,Retailers - other,"1357 London Road, Norbury, London",SW16 4BE,Croydon,-0.121862001717091,51.4076957702637,GROCER_BAKERY,VERIFIED_CANDIDATE
7062,Iceland,iceland,Retailers - supermarkets/hypermarkets,"1372 London Road, Norbury, London",SW16 4DE,Croydon,-0.121918998658657,51.4091148376465,GROCER_BAKERY,LOCATION_VERIFICATION
1897025,Ambala,ambala,Retailers - other,"1330 London Road, Norbury, London",SW16 4DG,Croydon,-0.1214489,51.4080644,GROCER_BAKERY,LOCATION_VERIFICATION
1593383,Quality Shop,quality shop,Retailers - other,"1131 London Road, Norbury, London",SW16 4XD,Croydon,-0.118983998894691,51.4021339416504,GROCER_BAKERY,VERIFIED_CANDIDATE
1561606,Levant,levant,Restaurant/Cafe/Canteen,"Unit 2, 26 - 28 Standard Road, Park Royal",NW10 6EU,Ealing,-0.2630042,51.5284372,BAKERY_CAFE,VERIFIED_CANDIDATE
1032827,Kamil Bakery,kamil bakery,Restaurant/Cafe/Canteen,"Unit B 1 And B 2, Alpha Beta Business Centre, 7 - 11 Minerva Road, Park Royal",NW10 6HJ,Ealing,-0.2608004,51.5295196,BAKERY_CAFE,VERIFIED_CANDIDATE
1687202,Patisserie Rayan,patisserie rayan,Manufacturers/packers,"53 - 57 Minerva Road, Park Royal",NW10 6HJ,Ealing,-0.2658228,51.5286228,CORE_BAKERY,VERIFIED_CANDIDATE
1687201,Rayan Bakeries,rayan bakeries,Manufacturers/packers,"53 - 57 Minerva Road, Park Royal",NW10 6HJ,Ealing,-0.2658228,51.5286228,CORE_BAKERY,VERIFIED_CANDIDATE
1519671,Shamsin Bakery,shamsin bakery,Retailers - other,"35 Minerva Road, Park Royal",NW10 6HJ,Ealing,-0.2634907,51.528912,CORE_BAKERY,VERIFIED_CANDIDATE
1638649,Magaza Balkan Food,magaza balkan food,Retailers - other,"11-12 Cullen Way, Park Royal",NW10 6JZ,Ealing,-0.2653382,51.5250635,GROCER_BAKERY,VERIFIED_CANDIDATE
1033116,Al Jabal Bakeries,al jabal bakeries,Manufacturers/packers,"Unit F01, Acton Business Centre, School Road, Park Royal",NW10 6TD,Ealing,-0.258457,51.525752,CORE_BAKERY,VERIFIED_CANDIDATE
1033112,M. Fakhouri Patisserie,m fakhouri patisserie,Manufacturers/packers,"Unit X04, Acton Business Centre, School Road, Park Royal",NW10 6TD,Ealing,-0.258457,51.525752,CORE_BAKERY,VERIFIED_CANDIDATE
1563259,Patisserie Land Ltd,patisserie land ltd,Manufacturers/packers,"28 Park Royal Road, Park Royal",NW10 7JW,Ealing,-0.267051,51.526446,CORE_BAKERY,VERIFIED_CANDIDATE
1033249,Asda,asda,Retailers - supermarkets/hypermarkets,"2 - 20 Western Road, Park Royal",NW10 7LW,Ealing,-0.2701297,51.5287223,GROCER_BAKERY,SUPERMARKET_SUPPLEMENT
1937105,The Corner Shop,the corner shop,Retailers - other,"6 Beaconsfield Road, Southall",UB1 1DW,Ealing,-0.3787381,51.5074414,GROCER_BAKERY,LOCATION_VERIFICATION
1317361,Noor Mahal Sweets,noor mahal sweets,Restaurant/Cafe/Canteen,"2A West End Road, Southall",UB1 1JH,Ealing,-0.3843122,51.5119965,BAKERY_CAFE,LOCATION_VERIFICATION
1105732,Naan Walla,naan walla,Manufacturers/packers,"141 The Broadway, Southall",UB1 1LP,Ealing,-0.3824594,51.5118181,CORE_BAKERY,VERIFIED_CANDIDATE
1027209,Nirala Sweets,nirala sweets,Retailers - other,"145 The Broadway, Southall",UB1 1LP,Ealing,-0.382622,51.511847,GROCER_BAKERY,LOCATION_VERIFICATION
1056437,Noor Mahal Sweets,noor mahal sweets,Takeaway/sandwich shop,"135 The Broadway, Southall",UB1 1LW,Ealing,-0.3820612,51.5116687,BAKERY_CAFE,LOCATION_VERIFICATION
1034218,Ambala Confectionery,ambala confectionery,Retailers - other,"156 The Broadway, Southall",UB1 1NN,Ealing,-0.383296,51.512351,GROCER_BAKERY,VERIFIED_CANDIDATE
1040820,Southall Afghan Bakery,southall afghan bakery,Manufacturers/packers,"Unit 5, 2 The Broadway, Southall",UB1 1PS,Ealing,-0.3756566,51.5114273,CORE_BAKERY,VERIFIED_CANDIDATE
1289547,Southall Deshi Bazar,southall deshi bazar,Retailers - other,"Food Court Right, Palace Shopping Centre, 14 South Road, Southall",UB1 1RT,Ealing,-0.376253008842468,51.5106620788574,GROCER_BAKERY,VERIFIED_CANDIDATE
1032791,Iceland,iceland,Retailers - supermarkets/hypermarkets,"Iceland, 47 - 57 South Road, Southall",UB1 1SQ,Ealing,-0.3765566,51.508814,GROCER_BAKERY,LOCATION_VERIFICATION
1785407,Very Filmy,very filmy,Mobile caterer,"Quality Foods, 47 - 61 South Road, Southall",UB1 1SQ,Ealing,-0.3766037,51.5091114,GROCER_BAKERY,VERIFIED_CANDIDATE
1472346,Cake House Bakery,cake house bakery,Retailers - other,"275 Allenby Road, Southall",UB1 2HD,Ealing,-0.3648668,51.5253864,CORE_BAKERY,LOCATION_VERIFICATION
1287538,Southall Superstore & Asian Sweets,southall superstore and asian sweets,Retailers - other,"191 - 193 Lady Margaret Road, Southall",UB1 2PT,Ealing,-0.3755183,51.518961,GROCER_BAKERY,VERIFIED_CANDIDATE
1902287,Watan Bakery,watan bakery,Retailers - other,"30 High Street, Southall",UB1 3DA,Ealing,-0.3745363,51.5109172,CORE_BAKERY,VERIFIED_CANDIDATE
1032435,Ruby's Food & Wine,ruby s food and wine,Retailers - other,"52 High Street, Southall",UB1 3DB,Ealing,-0.373168,51.510628,GROCER_BAKERY,VERIFIED_CANDIDATE
1101443,Landis,landis,Retailers - other,"445 - 447 Uxbridge Road, Southall, Ealing",UB1 3ET,Ealing,-0.3464995,51.5088795,GROCER_BAKERY,VERIFIED_CANDIDATE
1618777,Hari Supermarket,hari supermarket,Retailers - other,"51 High Street, Southall",UB1 3HF,Ealing,-0.3729902,51.5110307,GROCER_BAKERY,VERIFIED_CANDIDATE
1424102,The Naan Shop,the naan shop,Manufacturers/packers,"36 King Street, Southall",UB2 4DB,Ealing,-0.3831684,51.5007493,CORE_BAKERY,VERIFIED_CANDIDATE
1096817,Southall Quality Food,southall quality food,Retailers - other,"72 King Street, Southall",UB2 4DD,Ealing,-0.3834917,51.4997556,GROCER_BAKERY,VERIFIED_CANDIDATE
1203129,Greggs,greggs,Retailers - other,"Unit A, Edith House, Addington Close, Southall",UB2 4GB,Ealing,-0.347645998001099,51.5080947875977,CORE_BAKERY,LOCATION_VERIFICATION
1567423,Nisa Local,nisa local,Retailers - other,"147 - 151 Norwood Road, Southall",UB2 4JB,Ealing,-0.375091,51.4969507,GROCER_BAKERY,LOCATION_VERIFICATION
1800593,PTS Superstore,pts superstore,Retailers - other,"27 Tentelow Lane, Southall",UB2 4LQ,Ealing,-0.3652978,51.4960502,GROCER_BAKERY,VERIFIED_CANDIDATE
1032326,Punjab Naans,punjab naans,Manufacturers/packers,"Shop, 6 Dudley Road, Southall",UB2 5AR,Ealing,-0.386402,51.502718,CORE_BAKERY,VERIFIED_CANDIDATE
1709281,Bestone,bestone,Retailers - other,"77 Western Road, Southall",UB2 5HQ,Ealing,-0.387901,51.500266,GROCER_BAKERY,LOCATION_VERIFICATION
1320421,Budget Superstore,budget superstore,Retailers - other,"1 Regina Road, Southall",UB2 5PL,Ealing,-0.384286,51.498606,GROCER_BAKERY,VERIFIED_CANDIDATE
1200953,Everfresh Corner Shop,everfresh corner shop,Retailers - other,"99 Regina Road, Southall",UB2 5PW,Ealing,-0.384986,51.497564,GROCER_BAKERY,VERIFIED_CANDIDATE
1833194,Krunch,krunch,Restaurant/Cafe/Canteen,"3 Haydock Green, Northolt",UB5 4AP,Ealing,-0.369123,51.551676,BAKERY_CAFE,VERIFIED_CANDIDATE
1033246,Costcutter,costcutter,Retailers - other,"33 - 37 Oldfields Circus, Northolt",UB5 4RR,Ealing,-0.3501332,51.5517255,GROCER_BAKERY,LOCATION_VERIFICATION
1867535,Golden Crust Bakery,golden crust bakery,Retailers - other,"21 Oldfields Circus, Northolt",UB5 4RR,Ealing,-0.350168,51.551734,CORE_BAKERY,VERIFIED_CANDIDATE
920676,Kopernik London Limited,kopernik london limited,Retailers - other,"492 Church Road, Northolt",UB5 5AU,Ealing,-0.3897615,51.5372858,GROCER_BAKERY,VERIFIED_CANDIDATE
1065600,BP Service Station / Londis,bp service station londis,Retailers - other,"Site Of Petrol Filling Station, 42-44 Mandeville Road, Northolt, Middlesex",UB5 5BH,Ealing,-0.371383011341095,51.5461311340332,GROCER_BAKERY,LOCATION_VERIFICATION
907968,Wenzels The Bakers,wenzels the bakers,Retailers - other,"8 Mandeville Road, Northolt",UB5 5BJ,Ealing,-0.3728423,51.5451095,CORE_BAKERY,LOCATION_VERIFICATION
980724,Sainsbury's,sainsbury s,Retailers - supermarkets/hypermarkets,"The Plough Inn, Mandeville Road, Northolt",UB5 5HG,Ealing,,,GROCER_BAKERY,SUPERMARKET_SUPPLEMENT
1151117,Crumbs,crumbs,Restaurant/Cafe/Canteen,"497 Yeading Lane, Northolt",UB5 6LN,Ealing,-0.394447,51.535398,BAKERY_CAFE,VERIFIED_CANDIDATE
1032748,The Shop,the shop,Retailers - other,"The Shop, 59 Hotspur Road, Northolt",UB5 6TN,Ealing,-0.369988,51.537156,GROCER_BAKERY,VERIFIED_CANDIDATE
1108942,Lidl,lidl,Retailers - supermarkets/hypermarkets,"461 Ruislip Road, Northolt",UB5 6ZD,Ealing,-0.3896404,51.5345865,GROCER_BAKERY,LOCATION_VERIFICATION
1389245,Global Banking School Starbucks,global banking school starbucks,Restaurant/Cafe/Canteen,"Horsenden House, 891 Greenford Road, Greenford",UB6 0HE,Ealing,-0.341653,51.54826,BAKERY_CAFE,VERIFIED_CANDIDATE
1939981,Sitos Bakery Cafe,sitos bakery cafe,Restaurant/Cafe/Canteen,"1348 Greenford Road, Greenford",UB6 0HL,Ealing,-0.339033,51.551316,BAKERY_CAFE,VERIFIED_CANDIDATE
1032571,Iceland,iceland,Retailers - supermarkets/hypermarkets,"1267 - 1269 Greenford Road, Greenford",UB6 0HY,Ealing,-0.3367353,51.5560238,GROCER_BAKERY,LOCATION_VERIFICATION
1587558,Nisa Local,nisa local,Retailers - other,"1219 - 1225 Greenford Road, Greenford",UB6 0HY,Ealing,-0.3368857,51.5555849,GROCER_BAKERY,LOCATION_VERIFICATION
1108947,Lidl,lidl,Retailers - supermarkets/hypermarkets,"Unit 4, Westway Cross Retail Park, 1000 Greenford Road, Greenford",UB6 0UW,Ealing,-0.340278,51.5419019,GROCER_BAKERY,LOCATION_VERIFICATION
1033378,Mieszko,mieszko,Retailers - other,"78 - 80 Bilton Road, Perivale",UB6 7DE,Ealing,-0.3112415,51.5397566,GROCER_BAKERY,VERIFIED_CANDIDATE
1719997,The Horsenden Loaf,the horsenden loaf,Restaurant/Cafe/Canteen,"Horsenden Farm, Horsenden Lane North, Greenford",UB6 7PQ,Ealing,-0.3240711,51.5434071,CORE_BAKERY,VERIFIED_CANDIDATE
1032298,Tesco,tesco,Retailers - supermarkets/hypermarkets,"Tesco Superstore, The Old Hoover Building, Western Avenue, Perivale",UB6 8DW,Ealing,-0.318743,51.533609,GROCER_BAKERY,SUPERMARKET_SUPPLEMENT
1517838,News Plus,news plus,Retailers - other,"255 Oldfield Lane North, Greenford",UB6 8PX,Ealing,-0.346551,51.542089,GROCER_BAKERY,LOCATION_VERIFICATION
1561601,Wenzels The Bakers,wenzels the bakers,Retailers - other,"263 Oldfield Lane North, Greenford",UB6 8PX,Ealing,-0.346551,51.542089,CORE_BAKERY,LOCATION_VERIFICATION
1800609,Magazin Romanesc,magazin romanesc,Retailers - other,"588 - 592 Greenford Road, Greenford",UB6 8QU,Ealing,-0.3498291,51.5310209,GROCER_BAKERY,LOCATION_VERIFICATION
1229861,Cakebox,cakebox,Takeaway/sandwich shop,"486 Greenford Road, Greenford",UB6 8SH,Ealing,-0.3514001,51.5286421,CORE_BAKERY,LOCATION_VERIFICATION
1033616,Kathmandu Corner Shop,kathmandu corner shop,Retailers - other,"Shop, 209 Windmill Lane, Greenford",UB6 9DW,Ealing,-0.354053,51.527204,GROCER_BAKERY,VERIFIED_CANDIDATE
1108946,Lidl,lidl,Retailers - supermarkets/hypermarkets,"Macmillan Court, 309 Ruislip Road East, Greenford",UB6 9FH,Ealing,-0.350641,51.527057,GROCER_BAKERY,LOCATION_VERIFICATION
1196960,Oldfield Lane Newsagent,oldfield lane newsagent,Retailers - other,"47 Oldfield Lane South, Greenford",UB6 9LB,Ealing,-0.353515,51.531324,GROCER_BAKERY,VERIFIED_CANDIDATE
1087983,Delight Wedlinka,delight wedlinka,Retailers - other,"33 The Broadway, Greenford",UB6 9PN,Ealing,-0.355217,51.528102,GROCER_BAKERY,LOCATION_VERIFICATION
1032538,Greggs,greggs,Manufacturers/packers,"16 The Broadway, Greenford",UB6 9PR,Ealing,-0.352831,51.527915,CORE_BAKERY,LOCATION_VERIFICATION
1073466,Pamir Dry Fruits And Bakery,pamir dry fruits and bakery,Retailers - other,"72 The Broadway, Greenford",UB6 9QA,Ealing,-0.354866,51.528654,CORE_BAKERY,VERIFIED_CANDIDATE
1032363,Sue's Newsagent,sue s newsagent,Retailers - other,"151 Ruislip Road, Greenford",UB6 9QQ,Ealing,-0.364255,51.530134,GROCER_BAKERY,VERIFIED_CANDIDATE
1032416,Mleczko Polskie Delikatesy,mleczko polskie delikatesy,Retailers - other,"2 Eastmead Avenue, Greenford",UB6 9RA,Ealing,-0.363215,51.530605,GROCER_BAKERY,VERIFIED_CANDIDATE
1876553,Greggs,greggs,Retailers - other,"309 Ruislip Road, Greenford",UB6 9RP,Ealing,-0.371038,51.532378,GROCER_BAKERY,LOCATION_VERIFICATION
1931570,Bagel And Shake Express,bagel and shake express,Restaurant/Cafe/Canteen,"9 Drayton Green Road, West Ealing",W13 0NG,Ealing,-0.3196619,51.5112141,BAKERY_CAFE,VERIFIED_CANDIDATE
1032735,Waitrose,waitrose,Retailers - supermarkets/hypermarkets,"Waitrose, 2 Alexandria Road, West Ealing",W13 0NL,Ealing,-0.321416,51.513055,GROCER_BAKERY,SUPERMARKET_SUPPLEMENT
1033028,Iceland,iceland,Retailers - supermarkets/hypermarkets,"64A Broadway, West Ealing",W13 0SU,Ealing,-0.322238,51.510684,GROCER_BAKERY,LOCATION_VERIFICATION
1740591,Tora Bakery,tora bakery,Retailers - other,"58 Broadway, West Ealing",W13 0SU,Ealing,-0.322238,51.510684,CORE_BAKERY,VERIFIED_CANDIDATE
1802874,Lidl,lidl,Retailers - supermarkets/hypermarkets,"Department Store, 90 - 94 Broadway, West Ealing",W13 0SY,Ealing,-0.3247777,51.510433,GROCER_BAKERY,LOCATION_VERIFICATION
1662708,Wild Thing Colombian Coffee,wild thing colombian coffee,Restaurant/Cafe/Canteen,"148 Broadway, West Ealing",W13 0TL,Ealing,-0.327915,51.509938,BAKERY_CAFE,VERIFIED_CANDIDATE
1830770,Bagel&Co.,bagel and co,Restaurant/Cafe/Canteen,"146 Uxbridge Road, West Ealing",W13 8SB,Ealing,-0.319254,51.511118,BAKERY_CAFE,VERIFIED_CANDIDATE
1865314,Milk & Egg,milk and egg,Restaurant/Cafe/Canteen,"205 - 207 Uxbridge Road, West Ealing",W13 9AA,Ealing,-0.318476,51.5109363,BAKERY_CAFE,VERIFIED_CANDIDATE
1269085,Tavazo - Yummy Foods,tavazo yummy foods,Retailers - other,"201 Uxbridge Road, West Ealing",W13 9AA,Ealing,-0.318004,51.510992,CORE_BAKERY,VERIFIED_CANDIDATE
1319002,Zeit & Zaatar,zeit and zaatar,Restaurant/Cafe/Canteen,"Right Hand Shop, 215 Uxbridge Road, West Ealing",W13 9AA,Ealing,-0.3190853,51.5108281,CORE_BAKERY,LOCATION_VERIFICATION
1032583,Greggs,greggs,Manufacturers/packers,"77 Broadway, West Ealing",W13 9BP,Ealing,-0.324833,51.509867,CORE_BAKERY,LOCATION_VERIFICATION
1051397,Kujawiak,kujawiak,Retailers - other,"67 - 71 Broadway, West Ealing",W13 9BP,Ealing,-0.3245701,51.5098095,GROCER_BAKERY,VERIFIED_CANDIDATE
1108944,Lidl,lidl,Retailers - supermarkets/hypermarkets,"63 - 65 Broadway, West Ealing",W13 9BP,Ealing,-0.3243092,51.5098508,GROCER_BAKERY,LOCATION_VERIFICATION
1033128,Sainsbury's,sainsbury s,Retailers - supermarkets/hypermarkets,"Sainsbury Supermarket, Melbourne Avenue, West Ealing",W13 9BZ,Ealing,-0.325079,51.509466,GROCER_BAKERY,LOCATION_VERIFICATION
1900088,Chocoberry Ealing,chocoberry ealing,Restaurant/Cafe/Canteen,"27 Broadway, West Ealing",W13 9DA,Ealing,-0.322869,51.5102169,BAKERY_CAFE,VERIFIED_CANDIDATE
897259,London Sangaki,london sangaki,Manufacturers/packers,"Ground Floor Shop, 5 Leeland Road, West Ealing",W13 9HH,Ealing,-0.3231422,51.5098431,CORE_BAKERY,VERIFIED_CANDIDATE
1587559,Made In Napoli,made in napoli,Restaurant/Cafe/Canteen,"17 Leeland Road, West Ealing",W13 9HH,Ealing,-0.3236865,51.5099318,BAKERY_CAFE,VERIFIED_CANDIDATE
1829011,St Johns Mini Mart,st johns mini mart,Retailers - other,"6 St Johns Parade, Mattock Lane, West Ealing",W13 9LL,Ealing,-0.317003,51.509611,GROCER_BAKERY,VERIFIED_CANDIDATE
1214347,Delizia,delizia,Restaurant/Cafe/Canteen,"99A Northfield Avenue, West Ealing",W13 9QR,Ealing,-0.3174598,51.5037098,BAKERY_CAFE,LOCATION_VERIFICATION
1111618,Papillon Cafe & Patisserie,papillon cafe and patisserie,Restaurant/Cafe/Canteen,"147 Northfield Avenue, West Ealing",W13 9QT,Ealing,-0.316073,51.502404,BAKERY_CAFE,VERIFIED_CANDIDATE
1749536,Pitshanger Bakery,pitshanger bakery,Retailers - other,"145 Northfield Avenue, West Ealing",W13 9QT,Ealing,-0.3162457,51.5026403,CORE_BAKERY,LOCATION_VERIFICATION
1033314,Sainsbury's,sainsbury s,Retailers - supermarkets/hypermarkets,"227 Northfield Avenue, West Ealing",W13 9QU,Ealing,-0.3149007,51.5000401,GROCER_BAKERY,LOCATION_VERIFICATION
1906557,Court Of Miracles,court of miracles,Restaurant/Cafe/Canteen,"Unit 1 Left, 212 Northfield Avenue, West Ealing",W13 9SJ,Ealing,-0.3154202,51.5000206,BAKERY_CAFE,VERIFIED_CANDIDATE
1523405,Tim Hortons Cafe And Bake,tim hortons cafe and bake,Restaurant/Cafe/Canteen,"Tim Hortons, Royale Leisure Park, Kendal Avenue, Acton",W3 0PA,Ealing,-0.2812865,51.5257119,BAKERY_CAFE,VERIFIED_CANDIDATE
985171,BP Express Shopping Ltd,bp express shopping ltd,Retailers - other,"612 Western Avenue, Acton",W3 0TE,Ealing,-0.279399,51.527014,GROCER_BAKERY,VERIFIED_CANDIDATE
985155,Pandan Bakery,pandan bakery,Other catering premises,,W3 6,Ealing,,,CORE_BAKERY,VERIFIED_CANDIDATE
1813004,Balkan Lux,balkan lux,Restaurant/Cafe/Canteen,"Ground Floor Shop, 37 Churchfield Road, Acton",W3 6AY,Ealing,-0.265829,51.508524,BAKERY_CAFE,VERIFIED_CANDIDATE
1867526,Layla Bakery,layla bakery,Retailers - other,"53 Churchfield Road, Acton",W3 6AY,Ealing,-0.2659532,51.5084994,CORE_BAKERY,LOCATION_VERIFICATION
1033390,Sainsbury's,sainsbury s,Retailers - supermarkets/hypermarkets,"61 - 63 Churchfield Road, Acton",W3 6AY,Ealing,-0.2663515,51.5084811,GROCER_BAKERY,LOCATION_VERIFICATION
1937103,Kave,kave,Restaurant/Cafe/Canteen,"29 Churchfield Road, Acton",W3 6BD,Ealing,-0.2647675,51.5086077,BAKERY_CAFE,LOCATION_VERIFICATION
1719996,Miracles,miracles,Restaurant/Cafe/Canteen,"128 Churchfield Road, Acton",W3 6BS,Ealing,-0.270507,51.508287,BAKERY_CAFE,VERIFIED_CANDIDATE
1711041,By Max,by max,Restaurant/Cafe/Canteen,"Unit A, Bobbin House, Friary Road, Acton",W3 6GN,Ealing,-0.2665292,51.5167144,BAKERY_CAFE,VERIFIED_CANDIDATE
974715,Sainsbury's,sainsbury s,Retailers - supermarkets/hypermarkets,"Unit C, Rehearsal House, 3 Victoria Road, Acton",W3 6HU,Ealing,-0.2611743,51.5234912,GROCER_BAKERY,LOCATION_VERIFICATION
945853,Sainsbury's,sainsbury s,Retailers - supermarkets/hypermarkets,"183 Horn Lane, Acton",W3 6NR,Ealing,-0.2689512,51.5149463,GROCER_BAKERY,LOCATION_VERIFICATION
1787520,Kandoo Pastry,kandoo pastry,Retailers - other,"166 High Street, Acton",W3 6QZ,Ealing,-0.270731,51.507319,CORE_BAKERY,VERIFIED_CANDIDATE
1108943,Lidl,lidl,Retailers - supermarkets/hypermarkets,"Unit 4, The Oaks Shopping Centre, High Street, Acton",W3 6RE,Ealing,-0.2695807,51.5074648,GROCER_BAKERY,LOCATION_VERIFICATION
1582816,Lidl,lidl,Retailers - supermarkets/hypermarkets,"23 Old Oak Common Lane, Acton",W3 7BA,Ealing,-0.2479845,51.530615,GROCER_BAKERY,LOCATION_VERIFICATION
1033414,Greggs,greggs,Manufacturers/packers,"69 Old Oak Common Lane, Acton",W3 7DD,Ealing,-0.249685,51.51466,CORE_BAKERY,LOCATION_VERIFICATION
1867536,Morrison Daily,morrison daily,Retailers - supermarkets/hypermarkets,"Post Office, 125 - 127 The Vale, Acton",W3 7RQ,Ealing,-0.2538695,51.5064407,GROCER_BAKERY,VERIFIED_CANDIDATE
1032895,Tesco,tesco,Retailers - supermarkets/hypermarkets,"31 The Vale, Acton",W3 7RR,Ealing,-0.249754,51.50646,GROCER_BAKERY,SUPERMARKET_SUPPLEMENT
1754246,Londis - Acton Vale,londis acton vale,Retailers - other,"30 The Vale, Acton",W3 7RS,Ealing,-0.24933,51.507002,GROCER_BAKERY,VERIFIED_CANDIDATE
942953,Magaza Balkan Fine Food,magaza balkan fine food,Retailers - other,"Ground Floor Front Shop, 6 The Vale, Acton",W3 7SB,Ealing,-0.246031,51.50698,GROCER_BAKERY,VERIFIED_CANDIDATE
1576946,The Corner Hub Food And Wine Ltd,the corner hub food and wine ltd,Retailers - other,"13 The Vale, Acton",W3 7SH,Ealing,-0.247043,51.506509,GROCER_BAKERY,VERIFIED_CANDIDATE
1032727,My Mini Mix,my mini mix,Retailers - other,"34 Western Avenue, Acton",W3 7TZ,Ealing,-0.251087,51.514168,GROCER_BAKERY,LOCATION_VERIFICATION
954702,Sainsbury's,sainsbury s,Retailers - supermarkets/hypermarkets,"142 Bollo Bridge Road, Acton",W3 8YF,Ealing,-0.270971,51.5019549,GROCER_BAKERY,LOCATION_VERIFICATION
1624494,Chai Spot,chai spot,Restaurant/Cafe/Canteen,"Ground Floor Shop, 249 High Street, Acton",W3 9BY,Ealing,-0.2745702,51.5081318,BAKERY_CAFE,VERIFIED_CANDIDATE
1033678,Mleczko Delikatesy,mleczko delikatesy,Retailers - other,"Ground Floor Shop, 193 - 195 High Street, Acton",W3 9DD,Ealing,-0.2724803,51.5073817,GROCER_BAKERY,LOCATION_VERIFICATION
1033068,Morrisons,morrisons,Retailers - supermarkets/hypermarkets,"Morrisons, King Street, Acton",W3 9LA,Ealing,-0.272913,51.507927,GROCER_BAKERY,LOCATION_VERIFICATION
1830774,Kafedaki Patisserie,kafedaki patisserie,Restaurant/Cafe/Canteen,"320 Uxbridge Road, Acton",W3 9QP,Ealing,-0.2777108,51.5085376,BAKERY_CAFE,VERIFIED_CANDIDATE
1934736,Canape Lab,canape lab,Other catering premises,"2 Bedford Corner, South Parade, Chiswick",W4 1LD,Ealing,-0.2561416,51.4963758,BAKERY_CAFE,VERIFIED_CANDIDATE
1589229,Boulangerie Jade,boulangerie jade,Restaurant/Cafe/Canteen,"61 South Parade, Chiswick",W4 5LG,Ealing,-0.262998,51.496207,CORE_BAKERY,LOCATION_VERIFICATION
1206248,MFG Budgens Chiswick,mfg budgens chiswick,Retailers - other,"70 South Parade, Chiswick",W4 5LG,Ealing,-0.262998,51.496207,GROCER_BAKERY,VERIFIED_CANDIDATE
1033539,Harrison's,harrison s,Retailers - other,"60 Pitshanger Lane, Ealing",W5 1QY,Ealing,-0.316583,51.525701,GROCER_BAKERY,VERIFIED_CANDIDATE
948625,Costcutter,costcutter,Retailers - other,"137 Pitshanger Lane, Ealing",W5 1RH,Ealing,-0.314693,51.525737,GROCER_BAKERY,LOCATION_VERIFICATION
945826,Oscars125,oscars125,Restaurant/Cafe/Canteen,"125 Pitshanger Lane, Ealing",W5 1RH,Ealing,-0.314693,51.525737,BAKERY_CAFE,VERIFIED_CANDIDATE
1666328,Pitshanger Bakery,pitshanger bakery,Retailers - other,"117 Pitshanger Lane, Ealing",W5 1RH,Ealing,-0.314693,51.525737,CORE_BAKERY,VERIFIED_CANDIDATE
1204695,Ginger & Moore,ginger and moore,Restaurant/Cafe/Canteen,"6-6A Spring Bridge Road, Ealing, Ealing",W5 2AA,Ealing,-0.3045845,51.5140187,BAKERY_CAFE,VERIFIED_CANDIDATE
1033557,Morrisons,morrisons,Retailers - supermarkets/hypermarkets,"Unit 3, The Arcadia Centre, The Broadway, Ealing",W5 2ND,Ealing,-0.303985,51.514019,GROCER_BAKERY,LOCATION_VERIFICATION
1032881,Greggs,greggs,Retailers - other,"10 The Broadway, Ealing",W5 2NH,Ealing,-0.3036026,51.5136808,CORE_BAKERY,LOCATION_VERIFICATION
1032892,Sainsbury's,sainsbury s,Retailers - supermarkets/hypermarkets,"30 - 33 The Broadway, Ealing",W5 2NP,Ealing,-0.3024178,51.5141493,GROCER_BAKERY,LOCATION_VERIFICATION
1344427,Wenzels The Bakers,wenzels the bakers,Retailers - other,"35 The Broadway, Ealing",W5 2NP,Ealing,-0.3020865,51.5141445,CORE_BAKERY,LOCATION_VERIFICATION
1557866,Bagel Bite,bagel bite,Restaurant/Cafe/Canteen,"6 Central Buildings, The Broadway, Ealing",W5 2NT,Ealing,-0.302576,51.514709,BAKERY_CAFE,LOCATION_VERIFICATION
1561598,Bagel Factory,bagel factory,Restaurant/Cafe/Canteen,"Unit D, Ealing Broadway Railway Station, New Ealing Broadway, Ealing",W5 2NU,Ealing,-0.3017291,51.5148407,BAKERY_CAFE,LOCATION_VERIFICATION
1087981,Gail's Bakery,gail s bakery,Restaurant/Cafe/Canteen,"Unit 18, Dickens Yard, Longfield Avenue, Ealing",W5 2TD,Ealing,-0.308147013187408,51.5133247375488,CORE_BAKERY,LOCATION_VERIFICATION
1863038,Kova Patisserie,kova patisserie,Restaurant/Cafe/Canteen,"Unit 21, Dickens Yard, Longfield Avenue, Ealing",W5 2TD,Ealing,-0.308147013187408,51.5133247375488,BAKERY_CAFE,LOCATION_VERIFICATION
1033754,Artisan,artisan,Restaurant/Cafe/Canteen,"32 New Broadway, Ealing",W5 2XA,Ealing,-0.306361,51.513316,BAKERY_CAFE,LOCATION_VERIFICATION
1203127,Co-operative,co operative,Retailers - supermarkets/hypermarkets,"12 - 15 Hanger Green, Ealing",W5 3AY,Ealing,-0.2847301,51.5265266,GROCER_BAKERY,LOCATION_VERIFICATION
1033457,Queens,queens,Retailers - other,"21 Queens Parade, Hanger Lane, Ealing",W5 3HU,Ealing,-0.290721,51.516866,BAKERY_CAFE,LOCATION_VERIFICATION
1672771,Rolling Oats Bakery,rolling oats bakery,Retailers - other,"14 Queens Parade, Hanger Lane, Ealing",W5 3HU,Ealing,-0.290721,51.516866,BAKERY_CAFE,VERIFIED_CANDIDATE
1032348,My Mini-Mix,my mini mix,Retailers - other,"2 Station Parade, Uxbridge Road, Ealing",W5 3LD,Ealing,-0.287078,51.510239,GROCER_BAKERY,LOCATION_VERIFICATION
1059956,Natural Natural,natural natural,Takeaway/sandwich shop,"21 Station Parade, Uxbridge Road, Ealing",W5 3LD,Ealing,-0.287078,51.510239,GROCER_BAKERY,LOCATION_VERIFICATION
1032341,Viona Patisserie,viona patisserie,Retailers - other,"18 Station Parade, Uxbridge Road, Ealing",W5 3LD,Ealing,-0.287078,51.510239,CORE_BAKERY,VERIFIED_CANDIDATE
1867531,Cafè Alma Hangerlane,cafè alma hangerlane,Restaurant/Cafe/Canteen,"10 Ritz Parade, Ealing",W5 3RA,Ealing,-0.2914489,51.5291964,BAKERY_CAFE,VERIFIED_CANDIDATE
1945773,Selin's Bakery,selin s bakery,Retailers - other,"Shop 1, Edward House, 44 The Mall, Ealing",W5 3TJ,Ealing,-0.2984104,51.5133988,CORE_BAKERY,VERIFIED_CANDIDATE
985167,Tetote Factory,tetote factory,Takeaway/sandwich shop,"12 South Ealing Road, Ealing",W5 4QA,Ealing,-0.307199,51.503517,CORE_BAKERY,VERIFIED_CANDIDATE
1033155,Mleczko Delikatesy,mleczko delikatesy,Retailers - other,"84 South Ealing Road, Ealing",W5 4QB,Ealing,-0.307052,51.501654,GROCER_BAKERY,LOCATION_VERIFICATION
1033173,Sainsbury's,sainsbury s,Retailers - supermarkets/hypermarkets,"Supermarket, 35 - 39 South Ealing Road, Ealing",W5 4QT,Ealing,-0.3066808,51.5021879,GROCER_BAKERY,LOCATION_VERIFICATION
1021491,The Bakers Of Ealing,the bakers of ealing,Manufacturers/packers,"27 New Broadway, Ealing",W5 5AW,Ealing,-0.305484,51.512853,CORE_BAKERY,VERIFIED_CANDIDATE
1284000,Pitzhanger Pantry,pitzhanger pantry,Restaurant/Cafe/Canteen,"Walpole Park, Mattock Lane, Ealing",W5 5BG,Ealing,-0.30898,51.511465,BAKERY_CAFE,VERIFIED_CANDIDATE
1034201,Beehive,beehive,Takeaway/sandwich shop,"26 The Green, Ealing",W5 5DA,Ealing,-0.305392,51.5105143,BAKERY_CAFE,LOCATION_VERIFICATION
1775902,Pret A Manger Ealing,pret a manger ealing,Restaurant/Cafe/Canteen,"45 High Street, Ealing",W5 5DB,Ealing,-0.305094,51.51211,BAKERY_CAFE,VERIFIED_CANDIDATE
1727015,Pulp,pulp,Restaurant/Cafe/Canteen,"20 St Marys Road, Ealing",W5 5ES,Ealing,-0.3053965,51.5072861,BAKERY_CAFE,VERIFIED_CANDIDATE
1624492,Blank Street,blank street,Restaurant/Cafe/Canteen,"55 The Broadway, Ealing",W5 5JN,Ealing,-0.3029742,51.5135279,BAKERY_CAFE,LOCATION_VERIFICATION
1032884,Marks & Spencer,marks and spencer,Retailers - supermarkets/hypermarkets,"69 - 79 Ealing Broadway Centre, The Broadway, Ealing",W5 5JW,Ealing,-0.303973,51.5130207,GROCER_BAKERY,LOCATION_VERIFICATION
1034198,Auntie Anne's,auntie anne s,Takeaway/sandwich shop,"Auntie Annes Kiosk P1, Ealing Broadway Centre, 5A The Broadway, Ealing",W5 5JY,Ealing,-0.3040889,51.5126177,CORE_BAKERY,LOCATION_VERIFICATION
1694307,Greggs @ Tesco Extra Ealing,greggs tesco extra ealing,Retailers - other,"20 Ealing Broadway Centre, The Broadway, Ealing",W5 5JY,Ealing,-0.303007,51.5128,GROCER_BAKERY,VERIFIED_CANDIDATE
1487688,Heriots Patisserie,heriots patisserie,Retailers - other,"Kiosk 4, Ealing Broadway Centre, The Broadway, Ealing",W5 5JY,Ealing,-0.3029677,51.5125386,BAKERY_CAFE,LOCATION_VERIFICATION
1037598,Wenzels The Bakers,wenzels the bakers,Retailers - other,"317 Greenford Avenue, Hanwell",W7 1JH,Ealing,-0.3399931,51.5223933,CORE_BAKERY,LOCATION_VERIFICATION
1934755,Pitshanger Bakery,pitshanger bakery,Retailers - other,"Ground Floor Shop, 73 Greenford Avenue, Hanwell",W7 1LJ,Ealing,-0.337113,51.5147989,CORE_BAKERY,LOCATION_VERIFICATION
1959425,Bean & Batter,bean and batter,Restaurant/Cafe/Canteen,"53 Greenford Avenue, Hanwell",W7 1LL,Ealing,-0.3370073,51.514141,BAKERY_CAFE,VERIFIED_CANDIDATE
1033661,Pan's Bake Shop,pan s bake shop,Manufacturers/packers,"67 Greenford Avenue, Hanwell",W7 1LL,Ealing,-0.337063,51.514357,CORE_BAKERY,VERIFIED_CANDIDATE
1033336,Sainsbury's,sainsbury s,Retailers - supermarkets/hypermarkets,"13 - 14 Boston Parade, Boston Road, Hanwell",W7 2DG,Ealing,-0.3255945,51.496812,GROCER_BAKERY,LOCATION_VERIFICATION
1370227,Oakland Mini Mart,oakland mini mart,Retailers - other,"117 Oaklands Road, Hanwell",W7 2DT,Ealing,-0.329174,51.506233,GROCER_BAKERY,VERIFIED_CANDIDATE
1108937,Best One,best one,Retailers - other,"344 Greenford Avenue, Hanwell",W7 3DA,Ealing,-0.340709,51.522691,GROCER_BAKERY,LOCATION_VERIFICATION
1774351,Morrisons Daily Studley Grange,morrisons daily studley grange,Retailers - supermarkets/hypermarkets,"167 Boston Road, Hanwell",W7 3QJ,Ealing,-0.333836,51.504456,GROCER_BAKERY,VERIFIED_CANDIDATE
1846468,Pricecutter,pricecutter,Retailers - other,"7 Boston Road, Hanwell",W7 3SJ,Ealing,-0.337729,51.508333,GROCER_BAKERY,LOCATION_VERIFICATION
1032526,Mleczko Delikatesy,mleczko delikatesy,Retailers - other,"124 Uxbridge Road, Hanwell",W7 3SL,Ealing,-0.338483,51.508604,GROCER_BAKERY,LOCATION_VERIFICATION
1669919,No87Degrees,no87degrees,Restaurant/Cafe/Canteen,"87 Uxbridge Road, Hanwell",W7 3ST,Ealing,-0.3352378,51.5089183,BAKERY_CAFE,VERIFIED_CANDIDATE
1900093,Lidl,lidl,Retailers - supermarkets/hypermarkets,"90 - 94 Uxbridge Road, Hanwell",W7 3SU,Ealing,-0.3362499,51.5080334,GROCER_BAKERY,LOCATION_VERIFICATION
1590928,Sainsburys,sainsburys,Retailers - supermarkets/hypermarkets,"144 - 156 Uxbridge Road, Hanwell, Ealing",W7 3TB,Ealing,-0.3392876,51.5085081,GROCER_BAKERY,LOCATION_VERIFICATION
993145,Pogrebok,pogrebok,Retailers - other,"187 Uxbridge Road, Hanwell",W7 3TH,Ealing,-0.340022,51.50868,GROCER_BAKERY,VERIFIED_CANDIDATE
1567788,Sokolatinna,sokolatinna,Other catering premises,,EN1 ,Enfield,,,BAKERY_CAFE,VERIFIED_CANDIDATE
1584854,The Tasty Treats,the tasty treats,Caring Premises,,EN1 ,Enfield,,,CORE_BAKERY,VERIFIED_CANDIDATE
317904,Sainsbury's,sainsbury s,Retailers - supermarkets/hypermarkets,"131 St Marks Road, ENFIELD",EN1 1BA,Enfield,-0.06896,51.641846,GROCER_BAKERY,LOCATION_VERIFICATION
1438422,La Baguette Bakery,la baguette bakery,Other catering premises,"123 St Marks Road, ENFIELD",EN1 1BJ,Enfield,-0.067898,51.642341,BAKERY_CAFE,VERIFIED_CANDIDATE
421624,Bakery Naslada.,bakery naslada,Other catering premises,"60 Main Avenue, ENFIELD",EN1 1DH,Enfield,-0.064321,51.645214,CORE_BAKERY,VERIFIED_CANDIDATE
1544619,Londis - Bush Hill,londis bush hill,Takeaway/sandwich shop,"M R H Bush Hill, Great Cambridge Road, ENFIELD",EN1 1JD,Enfield,-0.061391,51.642413,GROCER_BAKERY,VERIFIED_CANDIDATE
317042,Tesco,tesco,Retailers - supermarkets/hypermarkets,"Supermarket, Savoy Parade, Southbury Road, ENFIELD",EN1 1RT,Enfield,-0.076197,51.652171,GROCER_BAKERY,SUPERMARKET_SUPPLEMENT
1487641,Greggs,greggs,Retailers - other,"5 Enfield Retail Park, Crown Road, ENFIELD",EN1 1TH,Enfield,-0.0587612,51.6535337,BAKERY_CAFE,LOCATION_VERIFICATION
316346,Sainsbury's,sainsbury s,Retailers - supermarkets/hypermarkets,"3 Crown Road, ENFIELD",EN1 1TH,Enfield,-0.05287,51.652731,GROCER_BAKERY,LOCATION_VERIFICATION
1938733,Morrisons Daily,morrisons daily,Retailers - other,"331 Southbury Road, ENFIELD",EN1 1TW,Enfield,-0.057127,51.647487,GROCER_BAKERY,LOCATION_VERIFICATION
1245763,Shazans,shazans,Retailers - other,"327 Southbury Road, ENFIELD",EN1 1TW,Enfield,-0.057127,51.647487,GROCER_BAKERY,LOCATION_VERIFICATION
317077,Wm Morrison Supermarkets Ltd,wm morrison supermarkets ltd,Retailers - supermarkets/hypermarkets,"327 Southbury Road, ENFIELD",EN1 1TW,Enfield,-0.057127,51.647487,GROCER_BAKERY,VERIFIED_CANDIDATE
316811,Co-operative,co operative,Retailers - supermarkets/hypermarkets,"3-5 Leighton Road, ENFIELD",EN1 1XH,Enfield,-0.06616,51.643104,GROCER_BAKERY,LOCATION_VERIFICATION
1676976,Pralin Patisserie,pralin patisserie,Retailers - other,"Restaurant, 2 Silver Street, ENFIELD",EN1 3EE,Enfield,-0.0808721,51.6524749,CORE_BAKERY,VERIFIED_CANDIDATE
317340,ENFIELD NEWSAGENT,enfield newsagent,Retailers - other,"Enfield Newsagent, 127 Baker Street, ENFIELD",EN1 3HA,Enfield,-0.0796569,51.658309,GROCER_BAKERY,VERIFIED_CANDIDATE
1502517,Baker Street Cafe,baker street cafe,Restaurant/Cafe/Canteen,"208 Baker Street, ENFIELD",EN1 3JY,Enfield,-0.079635,51.660438,BAKERY_CAFE,VERIFIED_CANDIDATE
954848,One Stop Shop,one stop shop,Retailers - supermarkets/hypermarkets,"213-215 Baker Street, ENFIELD",EN1 3LA,Enfield,-0.078696,51.661087,GROCER_BAKERY,LOCATION_VERIFICATION
316068,GREGGS OF ENFIELD,greggs of enfield,Retailers - other,"Greggs Of Enfield, 308 Baker Street, ENFIELD",EN1 3LD,Enfield,-0.0778695,51.6629648,CORE_BAKERY,VERIFIED_CANDIDATE
683440,R & V Food and Wine Limited,r and v food and wine limited,Retailers - other,"2-3 Cambridge Parade, Great Cambridge Road, ENFIELD",EN1 4JU,Enfield,-0.057975,51.66045,GROCER_BAKERY,VERIFIED_CANDIDATE
317455,Total UK Ltd Service Station,total uk ltd service station,Retailers - other,"Shell Bullsmoor, 233 Bullsmoor Lane, ENFIELD",EN1 4SB,Enfield,-0.0495040006935596,51.6802825927734,GROCER_BAKERY,VERIFIED_CANDIDATE
944985,Bullsmoor Service Station,bullsmoor service station,Retailers - other,"168 Bullsmoor Lane, ENFIELD",EN1 4SE,Enfield,-0.048902,51.679804,GROCER_BAKERY,VERIFIED_CANDIDATE
866203,Sainsbury's,sainsbury s,Retailers - supermarkets/hypermarkets,"70 Lancaster Road, ENFIELD",EN2 0BX,Enfield,-0.080908,51.663839,GROCER_BAKERY,LOCATION_VERIFICATION
316786,Co-operative,co operative,Retailers - supermarkets/hypermarkets,"102 Lancaster Road, ENFIELD",EN2 0JW,Enfield,-0.082053,51.663795,GROCER_BAKERY,LOCATION_VERIFICATION
1262599,Wenzels The Bakers,wenzels the bakers,Retailers - other,"25 Church Street, ENFIELD",EN2 6AF,Enfield,-0.0841819,51.6523497,CORE_BAKERY,LOCATION_VERIFICATION
1611066,Sophie's Bakery & Cafe,sophie s bakery and cafe,Restaurant/Cafe/Canteen,"2C Sarnesfield Road, ENFIELD",EN2 6AS,Enfield,-0.0855917,51.6519674,BAKERY_CAFE,VERIFIED_CANDIDATE
1897656,Pistachi Cafe and Lounge t/a Poppy's Artisan Bakery,pistachi cafe and lounge t a poppy s artisan bakery,Restaurant/Cafe/Canteen,"46 Church Street, ENFIELD",EN2 6AZ,Enfield,-0.084815,51.652123,BAKERY_CAFE,VERIFIED_CANDIDATE
479007,Greggs,greggs,Retailers - other,"Stanton Court, 8-10 Church Street, ENFIELD",EN2 6BE,Enfield,-0.0829451,51.6519962,BAKERY_CAFE,LOCATION_VERIFICATION
1838827,EG Eurogarages and Car Wash.,eg eurogarages and car wash,Retailers - other,"105 London Road, ENFIELD",EN2 6EU,Enfield,-0.080961,51.646179,GROCER_BAKERY,VERIFIED_CANDIDATE
317959,Sainsbury's,sainsbury s,Retailers - supermarkets/hypermarkets,"5 Clock Parade, London Road, Enfield",EN2 6JG,Enfield,-0.080649,51.645689,GROCER_BAKERY,LOCATION_VERIFICATION
415315,Holtwhites Bakery & Deli,holtwhites bakery and deli,Retailers - other,"119 Chase Side, ENFIELD",EN2 6NN,Enfield,-0.087583,51.659165,CORE_BAKERY,VERIFIED_CANDIDATE
316946,Marks & Spencer,marks and spencer,Retailers - supermarkets/hypermarkets,"54 Palace Gardens, ENFIELD",EN2 6SN,Enfield,-0.083492,51.651284,GROCER_BAKERY,LOCATION_VERIFICATION
1709320,UUGO,uugo,Retailers - supermarkets/hypermarkets,"37 Palace Gardens, ENFIELD",EN2 6SN,Enfield,-0.083491,51.651283,GROCER_BAKERY,VERIFIED_CANDIDATE
316948,Waitrose,waitrose,Retailers - supermarkets/hypermarkets,"8-12 Palace Gardens, ENFIELD",EN2 6SN,Enfield,-0.083492,51.651284,GROCER_BAKERY,SUPERMARKET_SUPPLEMENT
317649,Lidl,lidl,Retailers - supermarkets/hypermarkets,"107 Cecil Road, ENFIELD",EN2 6TR,Enfield,-0.080486,51.650218,GROCER_BAKERY,LOCATION_VERIFICATION
972250,Waitrose,waitrose,Retailers - supermarkets/hypermarkets,"38-42 Windmill Hill, ENFIELD",EN2 7AS,Enfield,,,GROCER_BAKERY,SUPERMARKET_SUPPLEMENT
1663093,Bakkalim UK Limited,bakkalim uk limited,Retailers - other,"Unit 8, Knapdale Nursery, Cattlegate Road, ENFIELD",EN2 9ED,Enfield,-0.1032264,51.6828456,GROCER_BAKERY,VERIFIED_CANDIDATE
1297698,Shazans,shazans,Retailers - other,"288 High Street, ENFIELD",EN3 4DP,Enfield,-0.047376,51.648027,GROCER_BAKERY,LOCATION_VERIFICATION
316722,Tesco Extra,tesco extra,Retailers - supermarkets/hypermarkets,"288 High Street, ENFIELD",EN3 4DP,Enfield,-0.047376,51.648027,GROCER_BAKERY,SUPERMARKET_SUPPLEMENT
1936656,Antepia Patisseria,antepia patisseria,Restaurant/Cafe/Canteen,"Commercial Premises, 135 High Street, ENFIELD",EN3 4EB,Enfield,-0.0462585,51.644197,CORE_BAKERY,VERIFIED_CANDIDATE
747403,Asda,asda,Retailers - supermarkets/hypermarkets,"Unit 4, 67 High Street, ENFIELD",EN3 4EF,Enfield,-0.046979,51.641456,GROCER_BAKERY,SUPERMARKET_SUPPLEMENT
930381,Sehr-I Antep,sehr i antep,Restaurant/Cafe/Canteen,"254 High Street, ENFIELD",EN3 4HB,Enfield,-0.047377,51.646993,CORE_BAKERY,VERIFIED_CANDIDATE
1138188,Nue Supermarket,nue supermarket,Retailers - supermarkets/hypermarkets,"282 High Street, ENFIELD",EN3 4HF,Enfield,-0.0469711,51.6474553,GROCER_BAKERY,SUPERMARKET_SUPPLEMENT
1965723,Greggs plc,greggs plc,Restaurant/Cafe/Canteen,"110 South Street, ENFIELD",EN3 4QA,Enfield,-0.038547,51.643266,BAKERY_CAFE,LOCATION_VERIFICATION
1415086,Deks Convenience Store Limited,deks convenience store limited,Retailers - other,"122 Hertford Road, ENFIELD",EN3 5AX,Enfield,-0.048018,51.655627,GROCER_BAKERY,VERIFIED_CANDIDATE
316635,GREGGS OF ENFIELD,greggs of enfield,Retailers - other,"Greggs Of Enfield, 188 Hertford Road, ENFIELD",EN3 5AZ,Enfield,,,CORE_BAKERY,LOCATION_VERIFICATION
1877292,Antephan,antephan,Takeaway/sandwich shop,"240 Hertford Road, ENFIELD",EN3 5BL,Enfield,-0.0475142,51.6583634,CORE_BAKERY,VERIFIED_CANDIDATE
1735794,Oh La La Brasserie Ltd,oh la la brasserie ltd,Restaurant/Cafe/Canteen,"238 Hertford Road, ENFIELD",EN3 5BL,Enfield,-0.047594,51.658426,BAKERY_CAFE,VERIFIED_CANDIDATE
316631,Co-operative,co operative,Retailers - supermarkets/hypermarkets,"137-139 Hertford Road, ENFIELD",EN3 5JG,Enfield,-0.046676,51.657592,GROCER_BAKERY,LOCATION_VERIFICATION
1894691,Forty Cups Ltd,forty cups ltd,Restaurant/Cafe/Canteen,"199 Hertford Road, Enfield",EN3 5JH,Enfield,-0.046728,51.6588269,BAKERY_CAFE,VERIFIED_CANDIDATE
508242,Gaziantep Pastanesi,gaziantep pastanesi,Restaurant/Cafe/Canteen,"Public House, 588 Hertford Road, ENFIELD",EN3 5SX,Enfield,-0.0415760017931461,51.6695671081543,CORE_BAKERY,LOCATION_VERIFICATION
317740,Krishnas Newsagents,krishnas newsagents,Retailers - other,"158 Ordnance Road, ENFIELD",EN3 6DL,Enfield,-0.02987,51.671375,GROCER_BAKERY,VERIFIED_CANDIDATE
1127325,Ordnance Market Ltd,ordnance market ltd,Retailers - other,"156 Ordnance Road, ENFIELD",EN3 6DL,Enfield,-0.02987,51.671375,GROCER_BAKERY,VERIFIED_CANDIDATE
1030259,Lidl,lidl,Retailers - supermarkets/hypermarkets,"654-658 Hertford Road, ENFIELD",EN3 6LZ,Enfield,-0.0413444,51.6719358,GROCER_BAKERY,LOCATION_VERIFICATION
1936650,Apollo Bakery,apollo bakery,Restaurant/Cafe/Canteen,"15 Heddon Court Parade, Cockfosters Road, BARNET",EN4 0DB,Enfield,,,BAKERY_CAFE,LOCATION_VERIFICATION
972249,Sainsbury's,sainsbury s,Retailers - supermarkets/hypermarkets,"2-4 Heddon Court Parade, Cockfosters Road, BARNET",EN4 0DB,Enfield,-0.147577,51.647312,GROCER_BAKERY,LOCATION_VERIFICATION
508245,Raphaels Bakery & Patisserie,raphaels bakery and patisserie,Retailers - other,"4 Station Parade, Cockfosters Road, BARNET",EN4 0DW,Enfield,-0.1471889,51.6484415,CORE_BAKERY,VERIFIED_CANDIDATE
318049,Simmons Bakers Ltd,simmons bakers ltd,Retailers - other,"8 Station Parade, Cockfosters Road, BARNET",EN4 0DW,Enfield,-0.1471889,51.6484415,BAKERY_CAFE,VERIFIED_CANDIDATE
1676978,Gina's Bakery,gina s bakery,Other catering premises,"366 Bowes Road, LONDON",N11 1AH,Enfield,-0.135646,51.616451,BAKERY_CAFE,VERIFIED_CANDIDATE
1936708,Hermans/Hermans Coffee Ltd,hermans hermans coffee ltd,Restaurant/Cafe/Canteen,"350 Bowes Road, LONDON",N11 1AN,Enfield,-0.134282,51.61624,BAKERY_CAFE,VERIFIED_CANDIDATE
1723188,Morrisons Daily,morrisons daily,Retailers - supermarkets/hypermarkets,"Unit 2, 4 Station Road, LONDON",N11 1FH,Enfield,-0.1364506,51.6117,GROCER_BAKERY,LOCATION_VERIFICATION
316114,Jaaneman Sweet Centre,jaaneman sweet centre,Other catering premises,"168 Bowes Road, LONDON",N11 2JG,Enfield,-0.122752,51.613529,CORE_BAKERY,VERIFIED_CANDIDATE
1028478,La Parisienne,la parisienne,Restaurant/Cafe/Canteen,"399 Green Lanes, LONDON",N13 4JD,Enfield,-0.106755,51.620313,BAKERY_CAFE,LOCATION_VERIFICATION
1591570,Lokma Patisserie,lokma patisserie,Restaurant/Cafe/Canteen,"367 Green Lanes, LONDON",N13 4JG,Enfield,-0.10756,51.619337,BAKERY_CAFE,VERIFIED_CANDIDATE
1742417,The Olive Cafe & Bakery,the olive cafe and bakery,Restaurant/Cafe/Canteen,"397 Green Lanes, LONDON",N13 4JG,Enfield,-0.107021,51.6199512,BAKERY_CAFE,VERIFIED_CANDIDATE
1833384,Gails Bakery,gails bakery,Restaurant/Cafe/Canteen,"2-4 Aldermans Hill, LONDON",N13 4PH,Enfield,-0.1092098,51.6180351,BAKERY_CAFE,LOCATION_VERIFICATION
1940574,Ellas Bakery,ellas bakery,Restaurant/Cafe/Canteen,"42-46 Aldermans Hill, LONDON",N13 4PN,Enfield,-0.1113908,51.6187357,BAKERY_CAFE,LOCATION_VERIFICATION
727985,The Yard Caf? Ltd,the yard caf ltd,Restaurant/Cafe/Canteen,"Palmers Green Railway Station, Aldermans Hill, LONDON",N13 4PN,Enfield,-0.11041,51.618214,BAKERY_CAFE,VERIFIED_CANDIDATE
1487643,Holtwhites Bakery & Deli,holtwhites bakery and deli,Other catering premises,"66 Aldermans Hill, LONDON",N13 4PP,Enfield,-0.113282,51.619321,CORE_BAKERY,LOCATION_VERIFICATION
1656163,Sweet Life,sweet life,Restaurant/Cafe/Canteen,"68 Aldermans Hill, LONDON",N13 4PP,Enfield,-0.1132306,51.6193048,BAKERY_CAFE,VERIFIED_CANDIDATE
1567801,Lefteris Bakery,lefteris bakery,Other catering premises,"23 Green Lanes, LONDON",N13 4TN,Enfield,-0.110441,51.609123,CORE_BAKERY,VERIFIED_CANDIDATE
316031,Wm Morrison Supermarkets Limited,wm morrison supermarkets limited,Retailers - supermarkets/hypermarkets,"Morrisons Supermarket And Car Park, Aldermans Hill, LONDON",N13 4YD,Enfield,-0.109965,51.617811,GROCER_BAKERY,VERIFIED_CANDIDATE
1692500,Greggs,greggs,Retailers - other,"Petrol Station, 243 North Circular Road, LONDON",N13 5JF,Enfield,-0.100717,51.615117,GROCER_BAKERY,LOCATION_VERIFICATION
317262,Yasar Halim Supermarket,yasar halim supermarket,Retailers - supermarkets/hypermarkets,"2B Hedge Lane, Southgate",N13 5SH,Enfield,-0.101728,51.622723,GROCER_BAKERY,VERIFIED_CANDIDATE
316588,Aroma Patisserie,aroma patisserie,Retailers - other,"424 Green Lanes, LONDON",N13 5XG,Enfield,-0.105061,51.622139,CORE_BAKERY,VERIFIED_CANDIDATE
1005631,Bracia,bracia,Retailers - supermarkets/hypermarkets,"20-22 Green Lanes, LONDON",N13 6HT,Enfield,-0.109346002340317,51.6107978820801,GROCER_BAKERY,SUPERMARKET_SUPPLEMENT
1815303,N13 Greek Cafe and Bakery,n13 greek cafe and bakery,Restaurant/Cafe/Canteen,"40 Green Lanes, LONDON",N13 6HT,Enfield,-0.109346,51.610796,BAKERY_CAFE,VERIFIED_CANDIDATE
954802,Taste of Cyprus Bakery,taste of cyprus bakery,Restaurant/Cafe/Canteen,"34 Green Lanes, LONDON",N13 6HT,Enfield,-0.109346,51.610796,CORE_BAKERY,VERIFIED_CANDIDATE
1833388,Blends & Beyond,blends and beyond,Restaurant/Cafe/Canteen,"Oakwood Underground Station, Bramley Road, LONDON",N14 4UT,Enfield,-0.131866,51.647648,BAKERY_CAFE,VERIFIED_CANDIDATE
317536,Karamela,karamela,Retailers - other,"133 Bramley Road, LONDON",N14 4UT,Enfield,-0.131866,51.647648,CORE_BAKERY,VERIFIED_CANDIDATE
316139,Greggs Of Enfield,greggs of enfield,Retailers - other,"197 Bramley Road, LONDON",N14 4XA,Enfield,-0.129186,51.648846,CORE_BAKERY,LOCATION_VERIFICATION
1419977,Ellas Bakery,ellas bakery,Other catering premises,"10 Ashfield Parade, LONDON",N14 5AB,Enfield,-0.1285014,51.6315272,CORE_BAKERY,VERIFIED_CANDIDATE
1802199,Claud W Dennis,claud w dennis,Restaurant/Cafe/Canteen,"3 Chase Side, LONDON",N14 5BP,Enfield,-0.1283376,51.6325214,BAKERY_CAFE,VERIFIED_CANDIDATE
1663102,Ellinikon Greek Bakery,ellinikon greek bakery,Restaurant/Cafe/Canteen,"Heritage House, 42 Chase Side, LONDON",N14 5BT,Enfield,-0.1289926,51.6331134,BAKERY_CAFE,VERIFIED_CANDIDATE
1424039,Londis Southgate at Southgate Service Station,londis southgate at southgate service station,Retailers - other,"99 Chase Side, LONDON",N14 5BU,Enfield,-0.131475,51.633236,GROCER_BAKERY,VERIFIED_CANDIDATE
1682625,Pret A Manger,pret a manger,Takeaway/sandwich shop,"99 Chase Side, LONDON",N14 5BU,Enfield,-0.131475,51.633236,BAKERY_CAFE,LOCATION_VERIFICATION
317725,Wilton Patisserie,wilton patisserie,Restaurant/Cafe/Canteen,"49-53 Chase Side, Southgate",N14 5BU,Enfield,-0.131475,51.633236,CORE_BAKERY,VERIFIED_CANDIDATE
1582368,Family Bakery,family bakery,Other catering premises,"92 Crown Lane, LONDON",N14 5EN,Enfield,-0.1287002,51.631962,CORE_BAKERY,VERIFIED_CANDIDATE
316246,GREGGS OF ENFIELD,greggs of enfield,Retailers - other,"Greggs of Enfield, 58 Chase Side, LONDON",N14 5PA,Enfield,-0.1295629,51.6331178,CORE_BAKERY,LOCATION_VERIFICATION
1544622,Pistachio,pistachio,Other catering premises,"40 Chase Side, LONDON",N14 5PA,Enfield,-0.128899,51.63297,CORE_BAKERY,VERIFIED_CANDIDATE
316237,Asda,asda,Retailers - supermarkets/hypermarkets,"130 Chase Side, LONDON",N14 5PW,Enfield,-0.131245,51.634275,GROCER_BAKERY,SUPERMARKET_SUPPLEMENT
1836688,Holybella,holybella,Restaurant/Cafe/Canteen,"45-46 Cannon Hill, LONDON",N14 6LH,Enfield,-0.123114,51.624353,BAKERY_CAFE,LOCATION_VERIFICATION
1488232,Yasar Halim,yasar halim,Retailers - supermarkets/hypermarkets,"Unit 2, 2-4 Winchmore Hill Road, Southgate",N14 6PT,Enfield,-0.1259658,51.6327456,GROCER_BAKERY,VERIFIED_CANDIDATE
316754,Huxley Mini Market Ltd,huxley mini market ltd,Retailers - other,"3 Huxley Parade, Great Cambridge Road, LONDON",N18 1HY,Enfield,-0.087327,51.614073,GROCER_BAKERY,VERIFIED_CANDIDATE
615511,Olivia's,olivia s,Other catering premises,"127 Silver Street, LONDON",N18 1RF,Enfield,-0.075954,51.616252,BAKERY_CAFE,VERIFIED_CANDIDATE
1732123,Alina Patisserie,alina patisserie,Other catering premises,"111-113 Silver Street, LONDON",N18 1RG,Enfield,-0.0749084,51.6161821,CORE_BAKERY,VERIFIED_CANDIDATE
316149,LINCOLNS PATISSERIE,lincolns patisserie,Manufacturers/packers,"Lincolns Patisserie, 287 Brettenham Road, LONDON",N18 2HF,Enfield,-0.0555808,51.6158543,CORE_BAKERY,VERIFIED_CANDIDATE
316050,Tawakal/ladan,tawakal ladan,Retailers - other,"4 Angel Corner Parade, Angel Road, LONDON",N18 2QH,Enfield,-0.063774,51.614972,GROCER_BAKERY,VERIFIED_CANDIDATE
1824462,Edmonton Service Station,edmonton service station,Takeaway/sandwich shop,"Fore Street, LONDON",N18 2SX,Enfield,,,GROCER_BAKERY,VERIFIED_CANDIDATE
1831388,Nuti Pita Limited,nuti pita limited,Other catering premises,"Unit 13, Langhedge Lane Industrial Estate, Langhedge Lane, LONDON",N18 2TQ,Enfield,-0.0691394,51.6088213,CORE_BAKERY,VERIFIED_CANDIDATE
1488234,Cobblers Cafe Ltd,cobblers cafe ltd,Restaurant/Cafe/Canteen,"241 Fore Street, LONDON",N18 2TY,Enfield,-0.064032,51.6168484,BAKERY_CAFE,VERIFIED_CANDIDATE
316435,Kannan Stores Ltd,kannan stores ltd,Retailers - other,"251 Fore Street, LONDON",N18 2TY,Enfield,-0.064043,51.617144,GROCER_BAKERY,VERIFIED_CANDIDATE
1545764,Hilal Bakery LTD,hilal bakery ltd,Retailers - other,"237 Fore Street, LONDON",N18 2TZ,Enfield,-0.0641859,51.6166261,GROCER_BAKERY,VERIFIED_CANDIDATE
316431,Hilal T/A Bindiyar Ltd,hilal t a bindiyar ltd,Other catering premises,"217 Fore Street, LONDON",N18 2TZ,Enfield,-0.06446,51.616162,GROCER_BAKERY,VERIFIED_CANDIDATE
317485,Lidl,lidl,Retailers - supermarkets/hypermarkets,"6-16 Sterling Way, LONDON",N18 2XZ,Enfield,-0.0652048,51.6142751,GROCER_BAKERY,LOCATION_VERIFICATION
668077,Holland Bazaar,holland bazaar,Retailers - supermarkets/hypermarkets,"15A-15B Eley Road, LONDON",N18 3BH,Enfield,-0.046451,51.61607,GROCER_BAKERY,VERIFIED_CANDIDATE
316483,Tesco,tesco,Retailers - supermarkets/hypermarkets,"1 Glover Drive, LONDON",N18 3HF,Enfield,-0.046845,51.608244,GROCER_BAKERY,SUPERMARKET_SUPPLEMENT
316401,Sainsbury's,sainsbury s,Retailers - supermarkets/hypermarkets,"1 Florey Square, LONDON",N21 1UJ,Enfield,-0.1106,51.646327,GROCER_BAKERY,LOCATION_VERIFICATION
1030258,Waitrose,waitrose,Retailers - supermarkets/hypermarkets,"889 Green Lanes, LONDON",N21 2QP,Enfield,-0.0932520031929016,51.6353645324707,GROCER_BAKERY,SUPERMARKET_SUPPLEMENT
1487646,Artisimo Greek Bakery,artisimo greek bakery,Restaurant/Cafe/Canteen,"770 Green Lanes, LONDON",N21 3RE,Enfield,-0.0956638,51.6313855,CORE_BAKERY,VERIFIED_CANDIDATE
1887549,B&T Shop Ltd T/A Balkan Food,b and t shop ltd t a balkan food,Restaurant/Cafe/Canteen,"740 Green Lanes, LONDON",N21 3RE,Enfield,-0.095793,51.631287,GROCER_BAKERY,VERIFIED_CANDIDATE
1945130,"MFG, Londis, Highfields",mfg londis highfields,Retailers - other,"Mfg  Londis  Highfields, 700 Green Lanes, LONDON",N21 3RL,Enfield,-0.0969969,51.6295727,GROCER_BAKERY,VERIFIED_CANDIDATE
1945132,Pret A Manger Highfields,pret a manger highfields,Restaurant/Cafe/Canteen,"700 Green Lanes, LONDON",N21 3RL,Enfield,-0.096779,51.629819,BAKERY_CAFE,VERIFIED_CANDIDATE
316518,Sainsbury's,sainsbury s,Retailers - supermarkets/hypermarkets,"681 Green Lanes, LONDON",N21 3RS,Enfield,-0.097126,51.630517,GROCER_BAKERY,LOCATION_VERIFICATION
317674,Starbucks C/o Sainsbury,starbucks c o sainsbury,Restaurant/Cafe/Canteen,"681 Green Lanes, LONDON",N21 3RS,Enfield,-0.097126,51.630517,GROCER_BAKERY,VERIFIED_CANDIDATE
628251,Nick's Bakery & Patisserie,nick s bakery and patisserie,Retailers - other,"739 Green Lanes, LONDON",N21 3RX,Enfield,-0.096488,51.631253,CORE_BAKERY,VERIFIED_CANDIDATE
954829,Broadway Food & Wine,broadway food and wine,Retailers - other,"759 Green Lanes, LONDON",N21 3SA,Enfield,-0.095947,51.631757,GROCER_BAKERY,LOCATION_VERIFICATION
954852,La Rocca,la rocca,Restaurant/Cafe/Canteen,"751 Green Lanes, LONDON",N21 3SA,Enfield,-0.095947,51.631757,BAKERY_CAFE,VERIFIED_CANDIDATE
317838,Asda,asda,Retailers - supermarkets/hypermarkets,"1 West Mall, LONDON",N9 0AL,Enfield,-0.059583,51.623149,GROCER_BAKERY,SUPERMARKET_SUPPLEMENT
457827,Haji Baba Ltd c/o Asda,haji baba ltd c o asda,Retailers - other,"1 West Mall, LONDON",N9 0AL,Enfield,-0.059583,51.623149,GROCER_BAKERY,VERIFIED_CANDIDATE
1952801,Grape Tree,grape tree,Retailers - other,"22 The North Mall, LONDON",N9 0EJ,Enfield,-0.0569475,51.6251123,GROCER_BAKERY,LOCATION_VERIFICATION
1701346,Ayintap Patisserie,ayintap patisserie,Retailers - other,"395 Fore Street, LONDON",N9 0NR,Enfield,-0.06178,51.622448,CORE_BAKERY,VERIFIED_CANDIDATE
1619207,EHL-I ANTEP,ehl i antep,Restaurant/Cafe/Canteen,"369 Fore Street, LONDON",N9 0NR,Enfield,-0.06178,51.622448,CORE_BAKERY,VERIFIED_CANDIDATE
317326,Gaziantep Pastanesi,gaziantep pastanesi,Restaurant/Cafe/Canteen,"329 Fore Street, LONDON",N9 0PD,Enfield,-0.063151,51.619413,CORE_BAKERY,VERIFIED_CANDIDATE
493996,Deli Twist,deli twist,Restaurant/Cafe/Canteen,"11 South Mall, Edmonton",N9 0TT,Enfield,-0.058928,51.623597,BAKERY_CAFE,VERIFIED_CANDIDATE
1841579,Greggs PLC,greggs plc,Restaurant/Cafe/Canteen,"49-51 South Mall, LONDON",N9 0TT,Enfield,-0.0585725,51.624276,BAKERY_CAFE,LOCATION_VERIFICATION
1136511,Baraka Bakery,baraka bakery,Retailers - other,"8 The Concourse, LONDON",N9 0TY,Enfield,-0.058968,51.624704,CORE_BAKERY,VERIFIED_CANDIDATE
317658,La Dolce Piazza,la dolce piazza,Restaurant/Cafe/Canteen,"2 The Concourse, LONDON",N9 0TY,Enfield,-0.058968,51.624704,BAKERY_CAFE,VERIFIED_CANDIDATE
317654,Lidl,lidl,Retailers - supermarkets/hypermarkets,"21-27 The Concourse, LONDON",N9 0TY,Enfield,-0.0593763,51.6245914,GROCER_BAKERY,LOCATION_VERIFICATION
1737579,Pret A Manger,pret a manger,Restaurant/Cafe/Canteen,"16B The Concourse, LONDON",N9 0TY,Enfield,-0.0592299,51.6248586,BAKERY_CAFE,LOCATION_VERIFICATION
930382,Hertford Food and Wine,hertford food and wine,Retailers - other,"351 Hertford Road, LONDON",N9 7BN,Enfield,-0.051789,51.636131,GROCER_BAKERY,VERIFIED_CANDIDATE
1601263,Bulgarian Food Sami Samkata,bulgarian food sami samkata,Retailers - other,"267 Hertford Road, LONDON",N9 7ES,Enfield,-0.054042,51.633462,GROCER_BAKERY,VERIFIED_CANDIDATE
493994,Eniola's,eniola s,Retailers - other,"324 Hertford Road, LONDON",N9 7HB,Enfield,-0.052587,51.634373,GROCER_BAKERY,VERIFIED_CANDIDATE
1936723,Balkan Brew,balkan brew,Restaurant/Cafe/Canteen,"600 Hertford Road, LONDON",N9 8AH,Enfield,-0.0473779,51.6400161,BAKERY_CAFE,VERIFIED_CANDIDATE
1587967,Budgens,budgens,Retailers - other,"Commercial Premises, 7-11 Mottingham Road, LONDON",N9 8DX,Enfield,-0.0416723,51.6365935,GROCER_BAKERY,LOCATION_VERIFICATION
316089,GREGGS OF ENFIELD,greggs of enfield,Retailers - other,"Greggs Of Enfield, 235 Bounces Road, LONDON",N9 8LP,Enfield,-0.0466632,51.6280799,CORE_BAKERY,LOCATION_VERIFICATION
1129273,"Spar, N9 Supermarket Ltd",spar n9 supermarket ltd,Retailers - other,"262 Nightingale Road, LONDON",N9 8PP,Enfield,-0.044193,51.629953,GROCER_BAKERY,VERIFIED_CANDIDATE
1024329,Station 9,station 9,Takeaway/sandwich shop,"4 Church Street, LONDON",N9 9DX,Enfield,-0.061651,51.625126,BAKERY_CAFE,VERIFIED_CANDIDATE
316185,Greggs Of Enfield,greggs of enfield,Retailers - other,"8 Cambridge Terrace, Bury Street West, LONDON",N9 9JJ,Enfield,-0.071138,51.634113,CORE_BAKERY,LOCATION_VERIFICATION
316180,Greggs of Enfield,greggs of enfield,Retailers - other,"Greggs Of Enfield, 9 Bush Hill Parade, Church Street, LONDON",N9 9JS,Enfield,,,CORE_BAKERY,LOCATION_VERIFICATION
1907812,Kiki & Miumiu Market,kiki and miumiu market,Retailers - supermarkets/hypermarkets,"1 Cripps Yard Soames Walk, Greenwich",SE10 0BQ,Greenwich,0.0057688,51.5003516,GROCER_BAKERY,SUPERMARKET_SUPPLEMENT
1193270,Costa Limited,costa limited,Restaurant/Cafe/Canteen,"Unit 8.0.5 Icon Outlet At The O2 Peninsula Square, Greenwich",SE10 0DX,Greenwich,0.002213,51.5035557,BAKERY_CAFE,LOCATION_VERIFICATION
1832083,Sainsburys Supermarkets,sainsburys supermarkets,Retailers - other,"I2 Office 6 Mitre Passage, Greenwich",SE10 0ER,Greenwich,0.0068925,51.5007235,GROCER_BAKERY,VERIFIED_CANDIDATE
699975,Sainsbury's,sainsbury s,Retailers - supermarkets/hypermarkets,"3 - 4 Fenton Parade Woolwich Road, Greenwich",SE10 0FY,Greenwich,0.0096918,51.4861199,GROCER_BAKERY,LOCATION_VERIFICATION
1369376,Pistachios in the Park,pistachios in the park,Restaurant/Cafe/Canteen,"Pistachios In The Park East Greenwich Pleasaunce Chevening Road, Greenwich",SE10 0LB,Greenwich,0.0127207,51.4841115,BAKERY_CAFE,VERIFIED_CANDIDATE
1106088,Centre Point Food & Wine Ltd,centre point food and wine ltd,Retailers - other,"76 Woolwich Road, Greenwich",SE10 0LE,Greenwich,0.0153468,51.486026,GROCER_BAKERY,VERIFIED_CANDIDATE
1642000,Cakes & Layers,cakes and layers,Retailers - other,"15 Blackwall Lane, Greenwich",SE10 0NG,Greenwich,0.0071741,51.4868147,BAKERY_CAFE,VERIFIED_CANDIDATE
1269016,Sainsbury's,sainsbury s,Retailers - supermarkets/hypermarkets,"70 - 72 Banning Street, Greenwich",SE10 0NZ,Greenwich,0.0041467,51.488348,GROCER_BAKERY,LOCATION_VERIFICATION
1373971,Greggs,greggs,Retailers - other,"Underground Station North Greenwich Transport Interchange 5 Millennium Way, Greenwich",SE10 0PH,Greenwich,0.0035616,51.5002365,CORE_BAKERY,LOCATION_VERIFICATION
1524623,Pret,pret,Restaurant/Cafe/Canteen,"Underground Station North Greenwich Transport Interchange 5 Millennium Way, Greenwich",SE10 0PH,Greenwich,0.0035616,51.5002365,BAKERY_CAFE,VERIFIED_CANDIDATE
1577937,Tazaki Cash & Carry Ltd,tazaki cash and carry ltd,Other catering premises,"20 Horn Lane, Greenwich",SE10 0RT,Greenwich,0.0182104620684886,51.4886599655016,GROCER_BAKERY,VERIFIED_CANDIDATE
1840272,Cakes & Layers,cakes and layers,Manufacturers/packers,"1 Tidemill Square, Greenwich",SE10 0UF,Greenwich,0.0117896,51.4981284,CORE_BAKERY,LOCATION_VERIFICATION
1945407,Riverside Bakery,riverside bakery,Manufacturers/packers,"7 Springham Walk, Greenwich",SE10 0YR,Greenwich,0.0033809,51.4892873,CORE_BAKERY,VERIFIED_CANDIDATE
695284,Sainsbury's,sainsbury s,Retailers - supermarkets/hypermarkets,"231 - 235 Greenwich High Road, Greenwich",SE10 8NB,Greenwich,-0.0113778,51.4789371,GROCER_BAKERY,LOCATION_VERIFICATION
1755104,Highroad Social,highroad social,Restaurant/Cafe/Canteen,"178 Greenwich High Road, Greenwich",SE10 8NN,Greenwich,-0.0097004,51.4794464,BAKERY_CAFE,VERIFIED_CANDIDATE
694361,Greggs,greggs,Takeaway/sandwich shop,"5 Greenwich Church Street, Greenwich",SE10 9BJ,Greenwich,-0.0097854,51.4807806,BAKERY_CAFE,LOCATION_VERIFICATION
1096696,Peyton and Byrne Bakery,peyton and byrne bakery,Restaurant/Cafe/Canteen,"20 - 22 Greenwich Church Street, Greenwich",SE10 9BJ,Greenwich,-0.0095157,51.4812211,BAKERY_CAFE,VERIFIED_CANDIDATE
940025,Marks & Spencer,marks and spencer,Retailers - supermarkets/hypermarkets,"57 Greenwich Church Street, Greenwich",SE10 9BL,Greenwich,-0.0103804,51.4820177,GROCER_BAKERY,LOCATION_VERIFICATION
1096741,Waterstones,waterstones,Restaurant/Cafe/Canteen,"51 Greenwich Church Street, Greenwich",SE10 9BL,Greenwich,-0.01014303,51.48195719,BAKERY_CAFE,LOCATION_VERIFICATION
1962419,Waitrose,waitrose,Retailers - supermarkets/hypermarkets,"Flat 1 Ballard House Thames Street, Greenwich",SE10 9DD,Greenwich,-0.0143048,51.4821702,GROCER_BAKERY,SUPERMARKET_SUPPLEMENT
1385111,Pret A Manger,pret a manger,Restaurant/Cafe/Canteen,"5 Crescent Arcade, Greenwich",SE10 9EJ,Greenwich,-0.0105977,51.4818375,BAKERY_CAFE,LOCATION_VERIFICATION
695490,Waitrose,waitrose,Retailers - supermarkets/hypermarkets,"1 Victoria Parade, Greenwich",SE10 9FR,Greenwich,-0.0160386,51.4822771,GROCER_BAKERY,SUPERMARKET_SUPPLEMENT
1787657,mini C,mini c,Retailers - supermarkets/hypermarkets,"22 - 24 Victoria Parade, Greenwich",SE10 9FR,Greenwich,-0.0149187,51.4826285,GROCER_BAKERY,VERIFIED_CANDIDATE
1602479,18Grams,18grams,Restaurant/Cafe/Canteen,"23 Lovibond Lane, Greenwich",SE10 9FY,Greenwich,-0.0153394,51.4775834,BAKERY_CAFE,VERIFIED_CANDIDATE
1805209,Rupert & Teddy,rupert and teddy,Restaurant/Cafe/Canteen,"32 Horseferry Place, Greenwich",SE10 9HG,Greenwich,-0.0130995,51.4827082,BAKERY_CAFE,VERIFIED_CANDIDATE
1301325,Coco di Mama,coco di mama,Takeaway/sandwich shop,"Unit 2 Building 1 At Greenwich Pier Cutty Sark Gardens, Greenwich",SE10 9HT,Greenwich,-0.008772,51.4836699,BAKERY_CAFE,LOCATION_VERIFICATION
1002067,Cutty Sark/Benugo Ltd,cutty sark benugo ltd,Restaurant/Cafe/Canteen,"Cutty Sark Cutty Sark Gardens, Greenwich",SE10 9HT,Greenwich,,,BAKERY_CAFE,VERIFIED_CANDIDATE
695146,Paul Rhodes Bakery,paul rhodes bakery,Takeaway/sandwich shop,"37 King William Walk, Greenwich",SE10 9HU,Greenwich,-0.0089546,51.4819985,CORE_BAKERY,VERIFIED_CANDIDATE
1885967,40cakes,40cakes,Restaurant/Cafe/Canteen,"9 College Approach, Greenwich",SE10 9HY,Greenwich,-0.0090983,51.4821808,CORE_BAKERY,VERIFIED_CANDIDATE
1874015,Crumb Spell,crumb spell,Retailers - other,"5b Greenwich Market, London",SE10 9HZ,Greenwich,-0.0087311,51.4815091,CORE_BAKERY,VERIFIED_CANDIDATE
695327,Greenlands,greenlands,Retailers - other,"14 Greenwich Market, Greenwich",SE10 9HZ,Greenwich,-0.0089175,51.4811976,GROCER_BAKERY,LOCATION_VERIFICATION
1874008,Company of Cooks @ Undercroft Cafe,company of cooks undercroft cafe,Restaurant/Cafe/Canteen,"Old Royal Naval College King Charles Lawn King William Walk, Greenwich",SE10 9NN,Greenwich,-0.0060699,51.4824262,BAKERY_CAFE,VERIFIED_CANDIDATE
950545,Everest Convenience Store LTD,everest convenience store ltd,Retailers - other,"167 Trafalgar Road, Greenwich",SE10 9TX,Greenwich,0.0036195,51.4849769,GROCER_BAKERY,VERIFIED_CANDIDATE
694801,La Salumeria,la salumeria,Retailers - other,"184 Trafalgar Road, Greenwich",SE10 9TZ,Greenwich,0.0050168,51.48498,GROCER_BAKERY,VERIFIED_CANDIDATE
1407587,Fingal's Bakery,fingal s bakery,Manufacturers/packers,"110 Trafalgar Road, Greenwich",SE10 9UW,Greenwich,0.0017795,51.4840731,CORE_BAKERY,VERIFIED_CANDIDATE
694719,Nisa,nisa,Retailers - supermarkets/hypermarkets,"59 - 63 Sibthorpe Road, Eltham, Greenwich",SE12 9DN,Greenwich,0.0264171,51.4473567,GROCER_BAKERY,LOCATION_VERIFICATION
695534,Bathu Superstore,bathu superstore,Retailers - other,"19 Lewisham Road, Lewisham, Greenwich",SE13 7QS,Greenwich,-0.0152672,51.4722854,GROCER_BAKERY,VERIFIED_CANDIDATE
1432198,7 days Mini Market,7 days mini market,Retailers - other,"227 Plumstead High Street, Plumstead, Greenwich",SE18 1HF,Greenwich,0.097455,51.4865416,GROCER_BAKERY,VERIFIED_CANDIDATE
1193275,Lakedale Service Station,lakedale service station,Retailers - other,"Petrol Filling Station Plumstead High Street, Plumstead, Greenwich",SE18 1JH,Greenwich,,,GROCER_BAKERY,VERIFIED_CANDIDATE
695079,Angels Bakery,angels bakery,Manufacturers/packers,"136 Plumstead High Street, Plumstead, Greenwich",SE18 1JQ,Greenwich,0.0922671,51.4873404,CORE_BAKERY,LOCATION_VERIFICATION
1878270,Flt wht,flt wht,Restaurant/Cafe/Canteen,"313 Plumstead High Street, Plumstead, Greenwich",SE18 1JX,Greenwich,0.1026332,51.4856621,BAKERY_CAFE,VERIFIED_CANDIDATE
694482,Greggs,greggs,Takeaway/sandwich shop,"6 Lakedale Road, Plumstead, Greenwich",SE18 1PP,Greenwich,0.0912820026278496,51.4871406555176,BAKERY_CAFE,LOCATION_VERIFICATION
1298993,The Plumstead Pantry,the plumstead pantry,Restaurant/Cafe/Canteen,"16 Warwick Terrace, Plumstead, Greenwich",SE18 1QJ,Greenwich,0.083745,51.4817727,BAKERY_CAFE,VERIFIED_CANDIDATE
695033,Everest Stores Ltd,everest stores ltd,Retailers - other,"104A Plumstead High Street, Plumstead, Greenwich",SE18 1SJ,Greenwich,0.0902714,51.4877986,GROCER_BAKERY,VERIFIED_CANDIDATE
1257551,Plumstead Cash & Carry,plumstead cash and carry,Retailers - other,"76 Plumstead High Street, Plumstead, Greenwich",SE18 1SL,Greenwich,0.0891849,51.4882946,GROCER_BAKERY,VERIFIED_CANDIDATE
1850493,Belly Busters Sandwiches,belly busters sandwiches,Restaurant/Cafe/Canteen,"9 The Slade, Plumstead, Greenwich",SE18 2NB,Greenwich,0.0878309,51.4794697,BAKERY_CAFE,VERIFIED_CANDIDATE
1716807,Londis Plumpstead Common,londis plumpstead common,Retailers - other,"Petrol Filling Station 160 - 168 Plumstead Common Road, Plumstead, Greenwich",SE18 2UL,Greenwich,0.0793165,51.4806732,GROCER_BAKERY,VERIFIED_CANDIDATE
776414,Costcutter,costcutter,Retailers - other,"121 Plumstead Common Road, Plumstead, Greenwich",SE18 2UQ,Greenwich,0.077845998108387,51.4811859130859,GROCER_BAKERY,LOCATION_VERIFICATION
853418,St Nicholas (Londis),st nicholas londis,Retailers - other,"71 Plumstead Common Road, Plumstead, Greenwich",SE18 3AT,Greenwich,0.0720750018954277,51.482250213623,GROCER_BAKERY,VERIFIED_CANDIDATE
694599,Millennium Mini Market,millennium mini market,Retailers - other,"38 Plumstead Common Road, Plumstead, Greenwich",SE18 3TN,Greenwich,0.0707917,51.4819752,GROCER_BAKERY,VERIFIED_CANDIDATE
982345,Godfree Convienience Store,godfree convienience store,Retailers - other,"63A Godfrey Road, Woolwich, Greenwich",SE18 5EY,Greenwich,0.0525002,51.4880703,GROCER_BAKERY,VERIFIED_CANDIDATE
1388272,Doreen’s Jamaican homemade rum cakes,doreen s jamaican homemade rum cakes,Manufacturers/packers,"Unit 2 Mellish Industrial Estate Harrington Way, Woolwich, Greenwich",SE18 5NR,Greenwich,0.0439651,51.4943765,CORE_BAKERY,VERIFIED_CANDIDATE
771587,Viet Baguette,viet baguette,Restaurant/Cafe/Canteen,"17 Anglesea Road, Woolwich, Greenwich",SE18 6EG,Greenwich,0.0679208,51.4885547,BAKERY_CAFE,VERIFIED_CANDIDATE
1096748,Marks & Spencer Simply Foods,marks and spencer simply foods,Retailers - other,"4 Victory Parade Plumstead Road, Woolwich, Greenwich",SE18 6FL,Greenwich,0.0706834,51.491689,GROCER_BAKERY,SUPERMARKET_SUPPLEMENT
1096746,Sainsbury's,sainsbury s,Retailers - supermarkets/hypermarkets,"10 Victory Parade Plumstead Road, Woolwich, Greenwich",SE18 6FL,Greenwich,0.0719232,51.4914453,GROCER_BAKERY,LOCATION_VERIFICATION
1131289,Boulangerie Jade,boulangerie jade,Other catering premises,"9 Major Draper Street, Woolwich, Greenwich",SE18 6GD,Greenwich,0.0706894,51.4926027,CORE_BAKERY,LOCATION_VERIFICATION
1724806,GAIL's Woolwich,gail s woolwich,Restaurant/Cafe/Canteen,"1 Major Draper Street, Woolwich, Greenwich",SE18 6GD,Greenwich,0.0709721,51.4931827,BAKERY_CAFE,VERIFIED_CANDIDATE
1212989,Shazans,shazans,Retailers - other,"Tesco Stores Limited Grand Depot Road, Woolwich, Greenwich",SE18 6HQ,Greenwich,0.0656130015850067,51.4894485473633,GROCER_BAKERY,LOCATION_VERIFICATION
694789,Manna Superstores Ltd,manna superstores ltd,Retailers - other,"30 Thomas Street, Woolwich, Greenwich",SE18 6HT,Greenwich,0.0668168,51.4905795,GROCER_BAKERY,VERIFIED_CANDIDATE
1693061,TFC WOOLWICH,tfc woolwich,Retailers - supermarkets/hypermarkets,"131 Powis Street, Woolwich, Greenwich",SE18 6JL,Greenwich,0.0631552,51.4922576,GROCER_BAKERY,SUPERMARKET_SUPPLEMENT
734500,Greggs,greggs,Takeaway/sandwich shop,"6 Powis Street, Woolwich, Greenwich",SE18 6LF,Greenwich,0.0683789,51.4910376,BAKERY_CAFE,LOCATION_VERIFICATION
694653,Greggs,greggs,Retailers - other,"64 Powis Street, Woolwich, Greenwich",SE18 6LQ,Greenwich,0.0663749,51.4916395,BAKERY_CAFE,LOCATION_VERIFICATION
694512,Lidl,lidl,Retailers - supermarkets/hypermarkets,"1 Macbean Street, Woolwich, Greenwich",SE18 6LW,Greenwich,0.0658173,51.4927833,GROCER_BAKERY,LOCATION_VERIFICATION
694162,Sainsbury's,sainsbury s,Retailers - supermarkets/hypermarkets,"25 Calderwood Street, Woolwich, Greenwich",SE18 6QW,Greenwich,0.0646784,51.4911007,GROCER_BAKERY,LOCATION_VERIFICATION
1635747,House of Denna Ltd,house of denna ltd,Restaurant/Cafe/Canteen,"Building 54 No 1 Street, Woolwich, Greenwich",SE18 6ST,Greenwich,0.0705839991569519,51.4938507080078,BAKERY_CAFE,VERIFIED_CANDIDATE
695354,Santhiya Convenient Store,santhiya convenient store,Retailers - other,"9 Brewery Road, Plumstead, Greenwich",SE18 7PS,Greenwich,0.0801741,51.4862246,GROCER_BAKERY,VERIFIED_CANDIDATE
694128,Nisa Local,nisa local,Retailers - other,"15 Brewery Road, Plumstead, Greenwich",SE18 7PX,Greenwich,0.0809311,51.4861922,GROCER_BAKERY,LOCATION_VERIFICATION
1409171,Bethel Mini Mart,bethel mini mart,Retailers - other,"2 - 3 Tilston Bright Square, Abbey Wood, Greenwich",SE2 9DR,Greenwich,0.1207377,51.4921475,GROCER_BAKERY,VERIFIED_CANDIDATE
695040,St Nic Convenient Store,st nic convenient store,Retailers - other,"1A Abbey Wood Road, Abbey Wood, Greenwich",SE2 9ED,Greenwich,0.11382,51.4894422,GROCER_BAKERY,VERIFIED_CANDIDATE
695320,Greggs PLC,greggs plc,Takeaway/sandwich shop,"7 Wilton Road, Abbey Wood, Greenwich",SE2 9RH,Greenwich,0.1211436,51.4900321,CORE_BAKERY,LOCATION_VERIFICATION
1519318,Morrisons Daily,morrisons daily,Retailers - other,"3 - 5 Wilton Road, Abbey Wood, Greenwich",SE2 9RH,Greenwich,0.1210614,51.489962,GROCER_BAKERY,LOCATION_VERIFICATION
694307,Lidl,lidl,Retailers - supermarkets/hypermarkets,"1B Eynsham Drive, Abbey Wood, Greenwich",SE2 9RQ,Greenwich,0.1186586,51.4959915,GROCER_BAKERY,LOCATION_VERIFICATION
812231,Sainsbury's,sainsbury s,Retailers - supermarkets/hypermarkets,"Harrow Manorway, Abbey Wood, Greenwich",SE2 9SA,Greenwich,,,GROCER_BAKERY,LOCATION_VERIFICATION
747149,Ades Limited,ades limited,Retailers - supermarkets/hypermarkets,"132 Nathan Way, Thamesmead, Greenwich",SE28 0AU,Greenwich,0.0984705,51.494847,GROCER_BAKERY,VERIFIED_CANDIDATE
1938126,Tesco Stores Limited,tesco stores limited,Retailers - supermarkets/hypermarkets,"1 Southlake Road, Thamesmead, Greenwich",SE28 0FX,Greenwich,,,GROCER_BAKERY,LOCATION_VERIFICATION
695407,Greggs,greggs,Restaurant/Cafe/Canteen,"6 Joyce Dawson Way, Thamesmead, Greenwich",SE28 8RA,Greenwich,0.1066841,51.5069744,BAKERY_CAFE,LOCATION_VERIFICATION
694821,Morrisons,morrisons,Retailers - supermarkets/hypermarkets,"5 Twin Tumps Way, Thamesmead, Greenwich",SE28 8RD,Greenwich,0.103074997663498,51.5061416625977,GROCER_BAKERY,LOCATION_VERIFICATION
1711301,Morrisons Daily Thamesmead,morrisons daily thamesmead,Retailers - other,"5 Twin Tumps Way, Thamesmead, Greenwich",SE28 8RD,Greenwich,0.103074997663498,51.5061416625977,GROCER_BAKERY,VERIFIED_CANDIDATE
694457,Morrisons daily/ Blackheath Service Station,morrisons daily blackheath service station,Retailers - other,"Petrol Filling Station 79 Kidbrooke Park Road, Kidbrooke, Greenwich",SE3 0DZ,Greenwich,0.0248654,51.4693962,GROCER_BAKERY,VERIFIED_CANDIDATE
694548,Apples & Oranges,apples and oranges,Retailers - other,"20 Old Dover Road, Blackheath, Greenwich",SE3 7BT,Greenwich,0.0212992,51.4766699,GROCER_BAKERY,VERIFIED_CANDIDATE
1009421,Boulangerie Jade,boulangerie jade,Restaurant/Cafe/Canteen,"48 Vanbrugh Park, Blackheath, Greenwich",SE3 7JQ,Greenwich,0.0166079998016357,51.4769477844238,CORE_BAKERY,LOCATION_VERIFICATION
1149710,Brothers Bakery,brothers bakery,Retailers - other,"12 Stratheden Parade, Blackheath, Greenwich",SE3 7SX,Greenwich,0.0196508,51.4769058,CORE_BAKERY,LOCATION_VERIFICATION
695060,Marks & Spencer Simply Foods,marks and spencer simply foods,Retailers - supermarkets/hypermarkets,"17 Stratheden Parade, Blackheath, Greenwich",SE3 7SX,Greenwich,0.0201653,51.4767032,GROCER_BAKERY,SUPERMARKET_SUPPLEMENT
694713,Co- Op Late Shop,co op late shop,Retailers - supermarkets/hypermarkets,"196 - 200 Shooters Hill Road, Blackheath, Greenwich",SE3 8RP,Greenwich,0.0350964,51.4744259,GROCER_BAKERY,SUPERMARKET_SUPPLEMENT
1276825,Expo International,expo international,Retailers - other,"68 - 72 Charlton Road, Charlton, Greenwich",SE3 8TT,Greenwich,0.0255346,51.4793037,GROCER_BAKERY,VERIFIED_CANDIDATE
1378212,Blackheath food centre,blackheath food centre,Retailers - supermarkets/hypermarkets,"Ground Floor Shop 159 Lee Road, London",SE3 9DJ,Greenwich,0.0115970000624657,51.4570426940918,GROCER_BAKERY,SUPERMARKET_SUPPLEMENT
1610790,artFix Kidbrooke,artfix kidbrooke,Restaurant/Cafe/Canteen,"Concierge Office 1 Cranfield Walk, Kidbrooke, Greenwich",SE3 9EX,Greenwich,0.023417,51.4617143,BAKERY_CAFE,VERIFIED_CANDIDATE
1152318,Sainsbury's,sainsbury s,Retailers - supermarkets/hypermarkets,"13 Pegler Square, Kidbrooke, Greenwich",SE3 9FW,Greenwich,0.0287849726965169,51.4662549657169,GROCER_BAKERY,LOCATION_VERIFICATION
1790453,Yohome Kidbrooke,yohome kidbrooke,Retailers - other,"2 Pegler Square, Kidbrooke, Greenwich",SE3 9GR,Greenwich,0.0273239,51.4609335,GROCER_BAKERY,VERIFIED_CANDIDATE
744728,Gail’s,gail s,Restaurant/Cafe/Canteen,"3 Blackheath Village, Blackheath, Greenwich",SE3 9LA,Greenwich,0.009573,51.4657652,BAKERY_CAFE,LOCATION_VERIFICATION
1516620,Arts Kitchen London,arts kitchen london,Other catering premises,"19 - 21 Lee Road, London",SE3 9RQ,Greenwich,0.0094078,51.464626,BAKERY_CAFE,VERIFIED_CANDIDATE
741739,Sainsbury's,sainsbury s,Retailers - supermarkets/hypermarkets,"33 - 37 Charlton Church Lane, Charlton, Greenwich",SE7 7AG,Greenwich,0.0324421,51.4866442,GROCER_BAKERY,LOCATION_VERIFICATION
694196,Nisa Local,nisa local,Retailers - other,"223 - 225 Charlton Road, Charlton, Greenwich",SE7 7ED,Greenwich,0.0318037,51.4798452,GROCER_BAKERY,LOCATION_VERIFICATION
778695,Marks & Spencer,marks and spencer,Retailers - supermarkets/hypermarkets,"1 - 5 Charlton Riverside Place Gallions Road, Charlton, Greenwich",SE7 7FA,Greenwich,0.026298,51.4877589,GROCER_BAKERY,LOCATION_VERIFICATION
773032,Sainsbury's,sainsbury s,Retailers - supermarkets/hypermarkets,"7 - 11 Charlton Riverside Place Gallions Road, Charlton, Greenwich",SE7 7FA,Greenwich,0.0261077,51.4888643,GROCER_BAKERY,LOCATION_VERIFICATION
1350891,Home Bargains,home bargains,Retailers - supermarkets/hypermarkets,"1 Brocklebank Road, Charlton, Greenwich",SE7 7FR,Greenwich,0.0212533,51.4905569,GROCER_BAKERY,LOCATION_VERIFICATION
1613530,Nisa Local,nisa local,Retailers - other,"2 Bowen Drive, Charlton, Greenwich",SE7 7GH,Greenwich,0.0249186,51.486092,GROCER_BAKERY,LOCATION_VERIFICATION
1711298,Rockstar Bakers,rockstar bakers,Manufacturers/packers,"Unit 12 And 13 Meridian Trading Estate Bugsbys Way, Charlton, Greenwich",SE7 7SJ,Greenwich,0.0265435,51.4906891,CORE_BAKERY,VERIFIED_CANDIDATE
695207,Duc Tien,duc tien,Retailers - supermarkets/hypermarkets,"Unit 2 Lombard Trading Estate Anchor And Hope Lane, Charlton, Greenwich",SE7 7SN,Greenwich,0.0291923,51.4912908,GROCER_BAKERY,VERIFIED_CANDIDATE
1223642,Lidl,lidl,Retailers - other,"Unit 12 Greenwich Shopping Park Bugsbys Way, Charlton, Greenwich",SE7 7SR,Greenwich,0.0245779994875193,51.488582611084,GROCER_BAKERY,LOCATION_VERIFICATION
694145,Asda Superstore,asda superstore,Retailers - supermarkets/hypermarkets,"Asda Bugsbys Way, Charlton, Greenwich",SE7 7ST,Greenwich,0.0235728,51.4896343,GROCER_BAKERY,SUPERMARKET_SUPPLEMENT
1950507,Chuanglee Cash and Carry Ltd,chuanglee cash and carry ltd,Retailers - other,"Unit 4 Meridian Trading Estate Lombard Wall, Charlton, Greenwich",SE7 7SW,Greenwich,0.0265345,51.4906883,GROCER_BAKERY,VERIFIED_CANDIDATE
1950499,Rita's Bakery,rita s bakery,Manufacturers/packers,"Unit 4 Meridian Trading Estate Lombard Wall, Charlton, Greenwich",SE7 7SW,Greenwich,0.0265345,51.4906883,GROCER_BAKERY,LOCATION_VERIFICATION
1673346,Greggs,greggs,Retailers - other,"Bugsby's Way, Greenwich",SE7 7TZ,Greenwich,,,CORE_BAKERY,LOCATION_VERIFICATION
984129,Boulangerie Jade Limited,boulangerie jade limited,Manufacturers/packers,"Unit 11 Lansdowne Workshops Lansdowne Mews, Charlton, Greenwich",SE7 8AZ,Greenwich,0.0372489,51.4849191,BAKERY_CAFE,VERIFIED_CANDIDATE
695042,Ades Ltd ( Ades Cash & Carry),ades ltd ades cash and carry,Retailers - other,"1 - 2 Eastmoor Street, Charlton, Greenwich",SE7 8LX,Greenwich,0.0398596,51.4910113,GROCER_BAKERY,VERIFIED_CANDIDATE
695373,The Baguette,the baguette,Takeaway/sandwich shop,"2A The Village, Charlton, Greenwich",SE7 8UD,Greenwich,0.036359,51.4814363,BAKERY_CAFE,VERIFIED_CANDIDATE
1960613,Nisa Local,nisa local,Retailers - other,"12 - 14 Creek Road, Deptford, Greenwich",SE8 3BN,Greenwich,-0.0212873,51.480792,GROCER_BAKERY,LOCATION_VERIFICATION
812230,Sainsbury's,sainsbury s,Retailers - supermarkets/hypermarkets,"12 - 14 Creek Road, Deptford, Greenwich",SE8 3BN,Greenwich,-0.0212873,51.480792,GROCER_BAKERY,LOCATION_VERIFICATION
1027487,The German Wholegrain Baker's Shop,the german wholegrain baker s shop,Manufacturers/packers,"29 St Nicholas House Deptford Green, Deptford, Greenwich",SE8 3DQ,Greenwich,-0.0224876,51.4824525,CORE_BAKERY,VERIFIED_CANDIDATE
958674,Arapina,arapina,Other catering premises,"8 Little Thames Walk, Deptford, Greenwich",SE8 3FB,Greenwich,-0.0202301,51.4805695,CORE_BAKERY,VERIFIED_CANDIDATE
1693063,The Coffee Studio,the coffee studio,Restaurant/Cafe/Canteen,"44 Creek Road, Deptford, Greenwich",SE8 3FN,Greenwich,-0.0170272,51.4810504,BAKERY_CAFE,VERIFIED_CANDIDATE
694275,Greggs,greggs,Takeaway/sandwich shop,"166 Eltham High Street, Eltham, Greenwich",SE9 1BJ,Greenwich,0.0563874,51.4505649,CORE_BAKERY,LOCATION_VERIFICATION
1938133,Muffin break,muffin break,Restaurant/Cafe/Canteen,"118 - 120 Eltham High Street, Eltham, Greenwich",SE9 1BJ,Greenwich,0.0543265,51.4505022,BAKERY_CAFE,LOCATION_VERIFICATION
695610,Eltham international market,eltham international market,Retailers - other,"32 Eltham High Street, Eltham, Greenwich",SE9 1BT,Greenwich,0.0499155,51.4509931,GROCER_BAKERY,VERIFIED_CANDIDATE
1646998,Eltham londis,eltham londis,Retailers - other,"36 - 38 Eltham High Street, Eltham, Greenwich",SE9 1BT,Greenwich,0.0503058,51.4509984,GROCER_BAKERY,VERIFIED_CANDIDATE
951558,Lidl UK GMBH,lidl uk gmbh,Retailers - supermarkets/hypermarkets,"137 Eltham High Street, Eltham, Greenwich",SE9 1TQ,Greenwich,0.0558396,51.4511031,GROCER_BAKERY,LOCATION_VERIFICATION
694271,Marks & Spencer,marks and spencer,Retailers - supermarkets/hypermarkets,"115 - 123 Eltham High Street, Eltham, Greenwich",SE9 1TQ,Greenwich,0.0550438,51.4510921,GROCER_BAKERY,LOCATION_VERIFICATION
912599,All In a Pickle,all in a pickle,Restaurant/Cafe/Canteen,"116 Westmount Road, Eltham, Greenwich",SE9 1UT,Greenwich,0.0594948,51.457246,GROCER_BAKERY,VERIFIED_CANDIDATE
1556363,Chez Maitre,chez maitre,Other catering premises,"92 - 96 Westmount Road, Eltham, Greenwich",SE9 1UT,Greenwich,0.0597767,51.4564419,CORE_BAKERY,VERIFIED_CANDIDATE
694095,Nisa Local,nisa local,Retailers - other,"152 - 154 Bexley Road, Eltham, Greenwich",SE9 2PH,Greenwich,0.0811227,51.4501193,GROCER_BAKERY,LOCATION_VERIFICATION
1581196,Shell Little Waitrose Sidcup,shell little waitrose sidcup,Retailers - other,"Petrol Filling Station 728 Sidcup Road, Eltham, Greenwich",SE9 3AL,Greenwich,0.0626879,51.4348425,GROCER_BAKERY,VERIFIED_CANDIDATE
1587871,Marlborough Coldharbour Bakery,marlborough coldharbour bakery,Retailers - other,"120 William Barefoot Drive, Eltham, Greenwich",SE9 3BB,Greenwich,0.0569601,51.4293675,CORE_BAKERY,VERIFIED_CANDIDATE
1924068,Cinar Village Market,cinar village market,Retailers - supermarkets/hypermarkets,"400 Footscray Road, Eltham, Greenwich",SE9 3TU,Greenwich,0.0721456,51.4371757,GROCER_BAKERY,SUPERMARKET_SUPPLEMENT
816918,Sainsbury's,sainsbury s,Retailers - supermarkets/hypermarkets,"1A Philipot Path, Eltham, Greenwich",SE9 5DL,Greenwich,0.0574953,51.449916,GROCER_BAKERY,LOCATION_VERIFICATION
1938121,BAGDO,bagdo,Retailers - supermarkets/hypermarkets,"4 Tudor Parade Well Hall Road, Eltham, Greenwich",SE9 6SX,Greenwich,0.0495139,51.4590577,GROCER_BAKERY,VERIFIED_CANDIDATE
1038214,Iceland Food Limited,iceland food limited,Retailers - supermarkets/hypermarkets,"88 - 104 Powis Street, Woolwich, Greenwich",,Greenwich,0.0651249,51.4920302,GROCER_BAKERY,VERIFIED_CANDIDATE
622419,Pret A Manger,pret a manger,Restaurant/Cafe/Canteen,"192-193 SHOREDITCH HIGH STREET, Hackney, London",E1 6HU,Hackney,-0.07747,51.52403,BAKERY_CAFE,LOCATION_VERIFICATION
1086908,Pret A Manger,pret a manger,Restaurant/Cafe/Canteen,"128 SHOREDITCH HIGH STREET, Hackney, London",E1 6JE,Hackney,-0.0783637,51.526763,BAKERY_CAFE,LOCATION_VERIFICATION
1845133,One Hundred Shoreditch,one hundred shoreditch,Restaurant/Cafe/Canteen,"100 SHOREDITCH HIGH STREET, Hackney, London",E1 6JQ,Hackney,-0.0773264,51.5257208,BAKERY_CAFE,VERIFIED_CANDIDATE
1405792,Bagel buzz,bagel buzz,Restaurant/Cafe/Canteen,"195 SHOREDITCH HIGH STREET, Hackney, London",E1 6LG,Hackney,-0.0775397,51.5237369,BAKERY_CAFE,VERIFIED_CANDIDATE
1915479,Gram N Degrees,gram n degrees,Restaurant/Cafe/Canteen,"93 Kingsland Road, Hackney, London",E2 8AE,Hackney,,,BAKERY_CAFE,VERIFIED_CANDIDATE
1043788,Moko Made,moko made,Restaurant/Cafe/Canteen,"GROUND FLOOR 211 KINGSLAND ROAD, Hackney, London",E2 8AN,Hackney,-0.0773509,51.5336887,BAKERY_CAFE,VERIFIED_CANDIDATE
741278,By The Bridge,by the bridge,Restaurant/Cafe/Canteen,"283A KINGSLAND ROAD, Hackney, London",E2 8AS,Hackney,-0.077048,51.5364264,BAKERY_CAFE,VERIFIED_CANDIDATE
1942572,Fondyou,fondyou,Takeaway/sandwich shop,"16 Kingsland Road London, Hackney, London",E2 8DA,Hackney,-0.0777363,51.527625,BAKERY_CAFE,VERIFIED_CANDIDATE
738789,Sainsbury's,sainsbury s,Retailers - supermarkets/hypermarkets,"112-116 KINGSLAND ROAD, Hackney, London",E2 8DP,Hackney,-0.077079,51.5302221,GROCER_BAKERY,LOCATION_VERIFICATION
1202264,Bagel Master Ltd,bagel master ltd,Restaurant/Cafe/Canteen,"134A KINGSLAND ROAD, Hackney, London",E2 8DY,Hackney,-0.0768932,51.5308665,CORE_BAKERY,VERIFIED_CANDIDATE
1941159,Vida Bakery,vida bakery,Manufacturers/packers,"18 Waterson Street London, Hackney, London",E2 8HL,Hackney,-0.0764901,51.5284589,CORE_BAKERY,VERIFIED_CANDIDATE
1079696,Fabrique Bakery Ltd,fabrique bakery ltd,Other catering premises,"RAILWAY ARCH 385 GEFFRYE STREET HACKNEY, Hackney, London",E2 8HZ,Hackney,,,CORE_BAKERY,VERIFIED_CANDIDATE
1835239,Bagel Master-Hackney,bagel master hackney,Restaurant/Cafe/Canteen,"275 HACKNEY ROAD, Hackney, London",E2 8NA,Hackney,-0.0681084,51.5313065,BAKERY_CAFE,VERIFIED_CANDIDATE
1651002,Haggerston Kiosk,haggerston kiosk,Restaurant/Cafe/Canteen,"HAGGERSTON PARK QUEENSBRIDGE ROAD, Hackney, London",E2 8NS,Hackney,-0.0695466,51.5337761,BAKERY_CAFE,VERIFIED_CANDIDATE
1489197,Specialty Cafetiere LTD,specialty cafetiere ltd,Restaurant/Cafe/Canteen,"389 HACKNEY ROAD, Hackney, London",E2 8PP,Hackney,-0.0630127,51.5317888,BAKERY_CAFE,VERIFIED_CANDIDATE
1101594,Get Loose,get loose,Retailers - other,"HACKNEY CITY FARM 1A GOLDSMITHS ROW, Hackney, London",E2 8QA,Hackney,-0.0666215,51.5320283,GROCER_BAKERY,VERIFIED_CANDIDATE
1043801,Saint Espresso,saint espresso,Restaurant/Cafe/Canteen,"HERE EAST UNIT 4 LESNEY AVENUE, Hackney, London",E20 3BS,Hackney,-0.0222684,51.5475229,BAKERY_CAFE,LOCATION_VERIFICATION
1830461,Tesco Stores Limited,tesco stores limited,Retailers - supermarkets/hypermarkets,"OLYMPIC PARK EXPRESS UNIT 15A BLOCK 5-5A LEGACY COMMUNITY SCHEMES OLYMPIC PARK, Hackney, London",E20 3HB,Hackney,,,GROCER_BAKERY,LOCATION_VERIFICATION
468748,AGBO SABA FOODS Cash & Carry Limited,agbo saba foods cash and carry limited,Retailers - other,"12 CHATSWORTH ROAD, Hackney, London",E5 0LP,Hackney,-0.0437344,51.55199,GROCER_BAKERY,VERIFIED_CANDIDATE
1527069,Doree & Co,doree and co,Restaurant/Cafe/Canteen,"26 CHATSWORTH ROAD, Hackney, London",E5 0LP,Hackney,-0.0440299,51.5524986,BAKERY_CAFE,VERIFIED_CANDIDATE
1561567,Fink’s Chatsworth,fink s chatsworth,Restaurant/Cafe/Canteen,"62 CHATSWORTH ROAD, Hackney, London",E5 0LS,Hackney,-0.0445762,51.5535508,BAKERY_CAFE,VERIFIED_CANDIDATE
569951,119 Today Bread,119 today bread,Restaurant/Cafe/Canteen,"119 LOWER CLAPTON ROAD, Hackney, London",E5 0NP,Hackney,-0.0528927,51.5523671,CORE_BAKERY,VERIFIED_CANDIDATE
950823,Charles Bread Ltd,charles bread ltd,Retailers - other,"51 LOWER CLAPTON ROAD, Hackney, London",E5 0NS,Hackney,-0.0520284,51.5509858,CORE_BAKERY,VERIFIED_CANDIDATE
469509,Sainsbury's,sainsbury s,Retailers - supermarkets/hypermarkets,"11-13 LOWER CLAPTON ROAD, Hackney, London",E5 0NS,Hackney,-0.0543,51.55,GROCER_BAKERY,LOCATION_VERIFICATION
1279816,Casey's,casey s,Other catering premises,"GROUND FLOOR 150 LOWER CLAPTON ROAD, Hackney, London",E5 0QJ,Hackney,-0.054562,51.5555063,BAKERY_CAFE,VERIFIED_CANDIDATE
481942,Lele's,lele s,Restaurant/Cafe/Canteen,"50 LOWER CLAPTON ROAD, Hackney, London",E5 0RN,Hackney,-0.0516674,51.5516723,BAKERY_CAFE,VERIFIED_CANDIDATE
1043793,G.O.D Cakes / Bakery,g o d cakes bakery,Takeaway/sandwich shop,,E5 8,Hackney,,,BAKERY_CAFE,VERIFIED_CANDIDATE
1835240,Moon Speciality Coffee,moon speciality coffee,Restaurant/Cafe/Canteen,"14 KENNINGHALL ROAD, Hackney, London",E5 8BY,Hackney,-0.0624024,51.5582645,BAKERY_CAFE,VERIFIED_CANDIDATE
469890,Shiva's Shop,shiva s shop,Retailers - other,"50-52 CLARENCE ROAD, Hackney, London",E5 8HB,Hackney,-0.0552664,51.5508238,GROCER_BAKERY,VERIFIED_CANDIDATE
469257,Carmel,carmel,Retailers - other,"143-145 CLAPTON COMMON, Hackney, London",E5 9AE,Hackney,-0.0712488,51.5726612,GROCER_BAKERY,LOCATION_VERIFICATION
468753,Grodzinski & Daughters,grodzinski and daughters,Manufacturers/packers,"170 CLAPTON COMMON, Hackney, London",E5 9AG,Hackney,-0.071522,51.5733671,CORE_BAKERY,VERIFIED_CANDIDATE
470380,Didim Supermarket Limited,didim supermarket limited,Retailers - other,"101 UPPER CLAPTON ROAD, Hackney, London",E5 9BU,Hackney,-0.0596064,51.5640969,GROCER_BAKERY,VERIFIED_CANDIDATE
1834903,Dialouge Bistro Ltd,dialouge bistro ltd,Restaurant/Cafe/Canteen,"130 UPPER CLAPTON ROAD, Hackney, London",E5 9JY,Hackney,-0.0583215,51.5634372,BAKERY_CAFE,VERIFIED_CANDIDATE
469305,Shell Clapton,shell clapton,Retailers - other,"144-150 UPPER CLAPTON ROAD, Hackney, London",E5 9JZ,Hackney,-0.0591219,51.5642487,GROCER_BAKERY,VERIFIED_CANDIDATE
469444,Greenwood FW LTD T/A Greenwood Food and Wine,greenwood fw ltd t a greenwood food and wine,Retailers - other,"62-64 GREENWOOD ROAD, Hackney, London",E8 1AB,Hackney,-0.0631348,51.5452167,GROCER_BAKERY,VERIFIED_CANDIDATE
1086915,Wilton Way Deli,wilton way deli,Retailers - other,"63 WILTON WAY, Hackney, London",E8 1BG,Hackney,-0.0615273,51.5457117,GROCER_BAKERY,VERIFIED_CANDIDATE
1132791,WAVE We Are Vegan Everything,wave we are vegan everything,Other catering premises,"11 DISPENSARY LANE MARE STREET, Hackney, London",E8 1FT,Hackney,-0.0546018,51.548968,BAKERY_CAFE,VERIFIED_CANDIDATE
1029530,Pierrette Ltd,pierrette ltd,Restaurant/Cafe/Canteen,"UNIT 5 285 MARE STREET, Hackney, London",E8 1GR,Hackney,-0.0556364,51.544508,BAKERY_CAFE,VERIFIED_CANDIDATE
468957,Sainsbury's,sainsbury s,Retailers - supermarkets/hypermarkets,"UNIT 3 277 MARE STREET, Hackney, London",E8 1GR,Hackney,-0.0556229,51.5441481,GROCER_BAKERY,LOCATION_VERIFICATION
470410,The Barrel Boulangerie,the barrel boulangerie,Restaurant/Cafe/Canteen,"316 MARE STREET, Hackney, London",E8 1HA,Hackney,-0.0548786,51.5463839,BAKERY_CAFE,LOCATION_VERIFICATION
1872250,GAIL's Hackney Central,gail s hackney central,Restaurant/Cafe/Canteen,"354 MARE STREET, Hackney, London",E8 1HR,Hackney,-0.0546911,51.5477387,CORE_BAKERY,VERIFIED_CANDIDATE
470702,Greggs,greggs,Retailers - other,"387B MARE STREET, Hackney, London",E8 1HY,Hackney,-0.0553162,51.5486394,BAKERY_CAFE,LOCATION_VERIFICATION
469334,Palm Vaults,palm vaults,Restaurant/Cafe/Canteen,"411 MARE STREET, Hackney, London",E8 1HY,Hackney,-0.0552193,51.5492223,BAKERY_CAFE,VERIFIED_CANDIDATE
470403,Marks & Spencer,marks and spencer,Retailers - supermarkets/hypermarkets,"351 MARE STREET, Hackney, London",E8 1JB,Hackney,-0.0552157,51.5476125,GROCER_BAKERY,LOCATION_VERIFICATION
469350,Pret A Manger,pret a manger,Restaurant/Cafe/Canteen,"1-3 AMHURST ROAD, Hackney, London",E8 1JB,Hackney,-0.0555625,51.5472586,BAKERY_CAFE,LOCATION_VERIFICATION
991624,Tesco Plc,tesco plc,Retailers - supermarkets/hypermarkets,"230 DALSTON LANE, Hackney, London",E8 1LA,Hackney,-0.061119,51.5485202,GROCER_BAKERY,VERIFIED_CANDIDATE
1910907,Papo's Bagels,papo s bagels,Manufacturers/packers,"449 RAILWAY ARCHES AMHURST ROAD, Hackney, London",E8 2AJ,Hackney,-0.0612028,51.5492764,CORE_BAKERY,VERIFIED_CANDIDATE
1872251,Luminary Bakery,luminary bakery,Retailers - other,"HACKNEY DOWNS STUDIOS AMHURST TERRACE, Hackney, London",E8 2BT,Hackney,,,BAKERY_CAFE,VERIFIED_CANDIDATE
1914616,EDAMI,edami,Manufacturers/packers,"Unit AB004 73-75 Shacklewell Lane London, Hackney, London",E8 2EB,Hackney,-0.0711819,51.5527414,CORE_BAKERY,VERIFIED_CANDIDATE
1432160,Papos Bagels LTD,papos bagels ltd,Restaurant/Cafe/Canteen,"89A SHACKLEWELL LANE UNIT A004, Hackney, London",E8 2EB,Hackney,-0.0711819,51.5527414,CORE_BAKERY,VERIFIED_CANDIDATE
1060986,Marks & Spencer,marks and spencer,Retailers - supermarkets/hypermarkets,"51-57 KINGSLAND HIGH STREET, Hackney, London",E8 2FA,Hackney,-0.0756503,51.5479412,GROCER_BAKERY,LOCATION_VERIFICATION
1241923,Pret a Manger,pret a manger,Restaurant/Cafe/Canteen,"64-66 KINGSLAND HIGH STREET, Hackney, London",E8 2JP,Hackney,-0.0752363,51.547925,BAKERY_CAFE,LOCATION_VERIFICATION
469121,Greggs,greggs,Retailers - other,"61 KINGSLAND HIGH STREET, Hackney, London",E8 2JS,Hackney,-0.0756665,51.5483278,BAKERY_CAFE,LOCATION_VERIFICATION
468803,Iceland,iceland,Retailers - other,"12-13 DALSTON CROSS SHOPPING C 64 KINGSLAND HIGH STREET, Hackney, London",E8 2LX,Hackney,-0.07396,51.5477512,GROCER_BAKERY,LOCATION_VERIFICATION
470686,Sainsbury's,sainsbury s,Retailers - supermarkets/hypermarkets,"DALSTON CROSS SHOPPING CENTRE 64 KINGSLAND HIGH STREET, Hackney, London",E8 2LX,Hackney,-0.07396,51.5477512,GROCER_BAKERY,LOCATION_VERIFICATION
867653,Allpress Espresso UK Ltd,allpress espresso uk ltd,Restaurant/Cafe/Canteen,"55 DALSTON LANE, Hackney, London",E8 2NG,Hackney,-0.0705211,51.5465346,BAKERY_CAFE,VERIFIED_CANDIDATE
469354,Kwaso Trading,kwaso trading,Retailers - other,"204 RIDLEY ROAD, Hackney, London",E8 2NH,Hackney,-0.069553,51.5479394,GROCER_BAKERY,VERIFIED_CANDIDATE
468937,TFC Dalston Ltd,tfc dalston ltd,Retailers - other,"89 RIDLEY ROAD, Hackney, London",E8 2NH,Hackney,-0.0706719,51.5484255,GROCER_BAKERY,VERIFIED_CANDIDATE
470103,MAKHDOOM FOODS LIMITED,makhdoom foods limited,Manufacturers/packers,"132 RIDLEY ROAD, Hackney, London",E8 2NR,Hackney,-0.0715284,51.547954,GROCER_BAKERY,VERIFIED_CANDIDATE
1264280,MAKHDOOM FOODS LIMITED,makhdoom foods limited,Retailers - other,"134-136 RIDLEY ROAD, Hackney, London",E8 2NR,Hackney,-0.071399,51.5479429,GROCER_BAKERY,LOCATION_VERIFICATION
1903925,MAKHDOOM FOODS LIMITED,makhdoom foods limited,Retailers - other,"132 RIDLEY ROAD, Hackney, London",E8 2NR,Hackney,-0.0715284,51.547954,GROCER_BAKERY,LOCATION_VERIFICATION
469575,Makhdoom Fresh Distribution Ltd,makhdoom fresh distribution ltd,Retailers - other,"138 RIDLEY ROAD, Hackney, London",E8 2NR,Hackney,-0.0713562,51.5479332,GROCER_BAKERY,VERIFIED_CANDIDATE
469718,The Pantry,the pantry,Other catering premises,"112 KINGSLAND HIGH STREET, Hackney, London",E8 2NS,Hackney,-0.0749485,51.5492782,CORE_BAKERY,VERIFIED_CANDIDATE
469545,Dalston Local,dalston local,Retailers - other,"77 KINGSLAND HIGH STREET, Hackney, London",E8 2PB,Hackney,-0.0756464,51.5488041,GROCER_BAKERY,VERIFIED_CANDIDATE
1872276,Gem Baklava,gem baklava,Restaurant/Cafe/Canteen,"91-93 KINGSLAND HIGH STREET, Hackney, London",E8 2PB,Hackney,-0.0755816,51.5493156,BAKERY_CAFE,VERIFIED_CANDIDATE
1264253,Kichiya,kichiya,Manufacturers/packers,,E8 3,Hackney,,,BAKERY_CAFE,VERIFIED_CANDIDATE
1422624,Ngopi London,ngopi london,Restaurant/Cafe/Canteen,"78 DALSTON LANE, Hackney, London",E8 3AH,Hackney,-0.0702677,51.5460448,BAKERY_CAFE,VERIFIED_CANDIDATE
1952526,H J Aris Antique shop,h j aris antique shop,Restaurant/Cafe/Canteen,"11 Dalston Lane London, Hackney, London",E8 3DF,Hackney,-0.0743636,51.546391,BAKERY_CAFE,VERIFIED_CANDIDATE
719737,Dusty Knuckle,dusty knuckle,Takeaway/sandwich shop,"CAR PARK ADJACENT FITZROY HOUSE ABBOT STREET, Hackney, London",E8 3DP,Hackney,-0.074491,51.5471304,CORE_BAKERY,VERIFIED_CANDIDATE
521950,Violet Cakes,violet cakes,Retailers - other,"47 WILTON WAY, Hackney, London",E8 3ED,Hackney,-0.0641186,51.5454847,BAKERY_CAFE,VERIFIED_CANDIDATE
1903900,PRETTY EARTH,pretty earth,Restaurant/Cafe/Canteen,"263 MARE STREET HACKNEY, Hackney, London",E8 3NS,Hackney,-0.0555717,51.5433199,BAKERY_CAFE,VERIFIED_CANDIDATE
470558,E5 Bake House,e5 bake house,Retailers - other,"395 MENTMORE TERRACE, Hackney, London",E8 3PH,Hackney,-0.0575472,51.5412934,CORE_BAKERY,VERIFIED_CANDIDATE
1830457,e5 Bakehouse,e5 bakehouse,Restaurant/Cafe/Canteen,"395 RAILWAY ARCHES MENTMORE TERRACE, Hackney, London",E8 3PH,Hackney,-0.0575472,51.5412934,CORE_BAKERY,VERIFIED_CANDIDATE
1914607,kichiya,kichiya,Manufacturers/packers,"394A Railway Arches Mentmore Terrace London, Hackney, London",E8 3PH,Hackney,-0.0577,51.54114,CORE_BAKERY,LOCATION_VERIFICATION
1036649,London Starnight,london starnight,Retailers - other,"199 MARE STREET, Hackney, London",E8 3QE,Hackney,-0.0554735,51.5409609,GROCER_BAKERY,VERIFIED_CANDIDATE
468786,Grains and Green Ltd,grains and green ltd,Retailers - other,"214 MARE STREET, Hackney, London",E8 3RD,Hackney,-0.0550129,51.5435714,GROCER_BAKERY,VERIFIED_CANDIDATE
1069246,The Bagel Guys,the bagel guys,Other catering premises,"13-23 WESTGATE STREET, Hackney, London",E8 3RL,Hackney,-0.0586285,51.5375703,CORE_BAKERY,VERIFIED_CANDIDATE
1640173,The Snapery East,the snapery east,Restaurant/Cafe/Canteen,"373 HELMSLEY PLACE, Hackney, London",E8 3SB,Hackney,-0.05833,51.53944,CORE_BAKERY,VERIFIED_CANDIDATE
1321614,Cake and Custard Factory Dalston,cake and custard factory dalston,Restaurant/Cafe/Canteen,"374B KINGSLAND ROAD, Hackney, London",E8 4AA,Hackney,-0.0760796,51.5409247,BAKERY_CAFE,VERIFIED_CANDIDATE
469536,Rainbow Bakery,rainbow bakery,Manufacturers/packers,"596 KINGSLAND ROAD, Hackney, London",E8 4AH,Hackney,-0.0754612,51.5460133,CORE_BAKERY,VERIFIED_CANDIDATE
1371748,Strelitzia,strelitzia,Other catering premises,"515 KINGSLAND ROAD, Hackney, London",E8 4AR,Hackney,-0.0760813,51.5453311,BAKERY_CAFE,VERIFIED_CANDIDATE
469850,Climpson & Sons,climpson and sons,Restaurant/Cafe/Canteen,"67 BROADWAY MARKET, Hackney, London",E8 4PH,Hackney,-0.0613296,51.5374622,BAKERY_CAFE,VERIFIED_CANDIDATE
469627,Costcutters,costcutters,Retailers - other,"43-45 BROADWAY MARKET, Hackney, London",E8 4PH,Hackney,-0.061772,51.536894,GROCER_BAKERY,LOCATION_VERIFICATION
536815,Levain Bakery,levain bakery,Mobile caterer,"BROADWAY MARKET BROADWAY MARKET, Hackney, London",E8 4PH,Hackney,-0.0611749,51.5373697,CORE_BAKERY,VERIFIED_CANDIDATE
469633,Broadway Supersaver Londis,broadway supersaver londis,Retailers - other,"46-48 BROADWAY MARKET, Hackney, London",E8 4QJ,Hackney,-0.061455,51.5368887,GROCER_BAKERY,VERIFIED_CANDIDATE
867655,Pavilion Bakery,pavilion bakery,Manufacturers/packers,"18 BROADWAY MARKET, Hackney, London",E8 4QJ,Hackney,-0.0617149,51.5362006,CORE_BAKERY,LOCATION_VERIFICATION
1426631,Yeast Bakery Ltd,yeast bakery ltd,Restaurant/Cafe/Canteen,"UNIT 1 CANAL PLACE 1-3 SHEEP LANE, Hackney, London",E8 4QS,Hackney,,,CORE_BAKERY,VERIFIED_CANDIDATE
748394,Sainsbury's,sainsbury s,Retailers - supermarkets/hypermarkets,"27-31 MARE STREET, Hackney, London",E8 4RP,Hackney,-0.0574257,51.5350317,GROCER_BAKERY,LOCATION_VERIFICATION
1301303,This is Thingy Ltd,this is thingy ltd,Restaurant/Cafe/Canteen,,E9 5,Hackney,,,BAKERY_CAFE,VERIFIED_CANDIDATE
1436936,Refill Therapy Ltd,refill therapy ltd,Restaurant/Cafe/Canteen,"UNIT 1 61 WALLIS ROAD, Hackney, London",E9 5LH,Hackney,,,GROCER_BAKERY,VERIFIED_CANDIDATE
1961299,Daily Fresh,daily fresh,Retailers - supermarkets/hypermarkets,"Unit E1 Curie House Wallis Road London, Hackney, London",E9 5LN,Hackney,-0.0236015,51.5441489,GROCER_BAKERY,LOCATION_VERIFICATION
1468871,Hearth,hearth,Other catering premises,"UNIT 30 86B MAIN YARD WALLIS ROAD, Hackney, London",E9 5LN,Hackney,-0.0235951,51.5437213,CORE_BAKERY,VERIFIED_CANDIDATE
521948,Rahim Brothers Ltd,rahim brothers ltd,Retailers - other,"ATLAS WHARF BERKSHIRE ROAD, Hackney, London",E9 5NB,Hackney,-0.0236224,51.5450886,GROCER_BAKERY,VERIFIED_CANDIDATE
1937855,Bread & Oregano,bread and oregano,Restaurant/Cafe/Canteen,"145 Homerton High Street London, Hackney, London",E9 6AS,Hackney,,,BAKERY_CAFE,LOCATION_VERIFICATION
1935135,Fresh Wonder,fresh wonder,Retailers - supermarkets/hypermarkets,"64-66 Brooksby's Walk London, Hackney, London",E9 6DA,Hackney,-0.0433028,51.5512904,GROCER_BAKERY,SUPERMARKET_SUPPLEMENT
1914603,The Good Bagel,the good bagel,Takeaway/sandwich shop,"64-66 Brooksby's Walk London, Hackney, London",E9 6DA,Hackney,-0.0433028,51.5512904,CORE_BAKERY,VERIFIED_CANDIDATE
470540,Man Ka Fook Ltd,man ka fook ltd,Retailers - other,"14 MORNING LANE, Hackney, London",E9 6NA,Hackney,-0.0540202,51.5458841,GROCER_BAKERY,VERIFIED_CANDIDATE
469043,Shazans (tesco),shazans tesco,Retailers - other,"55 MORNING LANE, Hackney, London",E9 6ND,Hackney,-0.0526634,51.5469227,GROCER_BAKERY,VERIFIED_CANDIDATE
469129,Tesco,tesco,Retailers - other,"55 MORNING LANE, Hackney, London",E9 6ND,Hackney,-0.0526634,51.5469227,GROCER_BAKERY,SUPERMARKET_SUPPLEMENT
1835241,Moon Speciality Coffee,moon speciality coffee,Restaurant/Cafe/Canteen,"190 WELL STREET, Hackney, London",E9 6QT,Hackney,-0.0468684,51.5438139,BAKERY_CAFE,LOCATION_VERIFICATION
1693484,Paulie's,paulie s,Restaurant/Cafe/Canteen,"192 WELL STREET, Hackney, London",E9 6QT,Hackney,-0.0468241,51.5438401,CORE_BAKERY,LOCATION_VERIFICATION
470271,Tesco,tesco,Retailers - other,"180 WELL STREET, Hackney, London",E9 6QU,Hackney,-0.047698,51.5429644,GROCER_BAKERY,SUPERMARKET_SUPPLEMENT
469894,Ginger Pig,ginger pig,Retailers - other,,E9 7,Hackney,,,GROCER_BAKERY,VERIFIED_CANDIDATE
1468784,Pophams Bakery,pophams bakery,Restaurant/Cafe/Canteen,"110A LAURISTON ROAD, Hackney, London",E9 7HA,Hackney,-0.045271,51.5383468,CORE_BAKERY,VERIFIED_CANDIDATE
469682,Victoria Smk Ltd,victoria smk ltd,Retailers - other,"239 VICTORIA PARK ROAD, Hackney, London",E9 7HD,Hackney,-0.043767,51.5384476,GROCER_BAKERY,VERIFIED_CANDIDATE
950818,Gail's Artisan Bakery,gail s artisan bakery,Other catering premises,"87 LAURISTON ROAD, Hackney, London",E9 7HJ,Hackney,-0.0445433,51.537831,CORE_BAKERY,VERIFIED_CANDIDATE
1422600,Bagel on the park,bagel on the park,Restaurant/Cafe/Canteen,"106 GORE ROAD, Hackney, London",E9 7HW,Hackney,-0.0440777,51.5365823,BAKERY_CAFE,VERIFIED_CANDIDATE
469123,Lidl Food Store,lidl food store,Retailers - supermarkets/hypermarkets,"27-37 WELL STREET, Hackney, London",E9 7QX,Hackney,-0.0538782,51.5407559,GROCER_BAKERY,SUPERMARKET_SUPPLEMENT
802621,Pret A Manger,pret a manger,Restaurant/Cafe/Canteen,"161 CITY ROAD, Hackney, London",EC1V 1NR,Hackney,-0.089766,51.5279174,BAKERY_CAFE,LOCATION_VERIFICATION
840594,Sainsbury's,sainsbury s,Retailers - supermarkets/hypermarkets,"161 CITY ROAD, Hackney, London",EC1V 1NR,Hackney,-0.089766,51.5279174,GROCER_BAKERY,LOCATION_VERIFICATION
719949,Sainsbury's,sainsbury s,Retailers - supermarkets/hypermarkets,"245 OLD STREET, Hackney, London",EC1V 9EY,Hackney,-0.0840047,51.5266665,GROCER_BAKERY,LOCATION_VERIFICATION
1775335,Krystals Nisa Local,krystals nisa local,Retailers - other,"76-80 GREAT EASTERN STREET, Hackney, London",EC2A 3JL,Hackney,-0.0825973,51.5258521,GROCER_BAKERY,VERIFIED_CANDIDATE
470036,Pret A Manger,pret a manger,Restaurant/Cafe/Canteen,"57 GREAT EASTERN STREET, Hackney, London",EC2A 3QD,Hackney,-0.0811951,51.5245702,BAKERY_CAFE,LOCATION_VERIFICATION
470206,The De Beauvoir Deli Company,the de beauvoir deli company,Retailers - other,"98 SOUTHGATE ROAD, Hackney, London",N1 3JD,Hackney,-0.0848232,51.5415087,BAKERY_CAFE,VERIFIED_CANDIDATE
470224,Corner Mini Market,corner mini market,Retailers - other,"40 DOWNHAM ROAD, Hackney, London",N1 5AL,Hackney,-0.0788438,51.5393245,GROCER_BAKERY,VERIFIED_CANDIDATE
1903915,Route Haggerston,route haggerston,Restaurant/Cafe/Canteen,"UNIT Y RELIANCE WHARF 2-10 HERTFORD ROAD, Hackney, London",N1 5ET,Hackney,-0.078795,51.5369591,BAKERY_CAFE,VERIFIED_CANDIDATE
1816144,Lidl Great Britain Limited,lidl great britain limited,Retailers - other,"209 – 223 HOXTON STREET HACKNEY, Hackney, London",N1 5LG,Hackney,-0.0803585,51.5328028,GROCER_BAKERY,SUPERMARKET_SUPPLEMENT
1903898,Morrisons Daily,morrisons daily,Retailers - other,"20 EAST ROAD, Hackney, London",N1 6AD,Hackney,-0.0876424,51.5279919,GROCER_BAKERY,LOCATION_VERIFICATION
470590,Curious Yellow Kafe,curious yellow kafe,Restaurant/Cafe/Canteen,"77 PITFIELD STREET, Hackney, London",N1 6BT,Hackney,-0.0837493,51.5296569,BAKERY_CAFE,VERIFIED_CANDIDATE
470637,Saveway Express,saveway express,Retailers - other,"UNIT A HITCHCOCK HOUSE 194 PITFIELD STREET, Hackney, London",N1 6JP,Hackney,-0.0827234,51.5324548,GROCER_BAKERY,VERIFIED_CANDIDATE
931158,Fennec and Parsley,fennec and parsley,Restaurant/Cafe/Canteen,"108 HOXTON STREET, Hackney, London",N1 6SH,Hackney,-0.0799766,51.5312588,BAKERY_CAFE,VERIFIED_CANDIDATE
1885708,Humble Hands Deli,humble hands deli,Retailers - other,"132 HOXTON STREET, Hackney, London",N1 6SH,Hackney,-0.0799963,51.5318166,BAKERY_CAFE,VERIFIED_CANDIDATE
469700,The Barrel Boulangerie,the barrel boulangerie,Restaurant/Cafe/Canteen,"110-112 HOXTON STREET, Hackney, London",N1 6SH,Hackney,-0.0799747,51.5313037,CORE_BAKERY,VERIFIED_CANDIDATE
1633639,Batch Baby,batch baby,Restaurant/Cafe/Canteen,"THE ROSE LIPMAN BUILDING 43 DE BEAUVOIR ROAD, Hackney, London",N15SF,Hackney,,,BAKERY_CAFE,VERIFIED_CANDIDATE
840582,The Good Egg,the good egg,Restaurant/Cafe/Canteen,"GROUND FLOOR 93 STOKE NEWINGTON CHURCH STREET, Hackney, London",N16 0AS,Hackney,-0.0787396,51.5620111,BAKERY_CAFE,VERIFIED_CANDIDATE
653717,Esters,esters,Restaurant/Cafe/Canteen,"55 KYNASTON ROAD, Hackney, London",N16 0EB,Hackney,-0.078028,51.560066,BAKERY_CAFE,VERIFIED_CANDIDATE
991616,Sapid Coffee Limited,sapid coffee limited,Restaurant/Cafe/Canteen,"168 STOKE NEWINGTON CHURCH STREET, Hackney, London",N16 0JL,Hackney,-0.0819145,51.5616494,BAKERY_CAFE,VERIFIED_CANDIDATE
1355995,Stokeys Delicatessen ltd,stokeys delicatessen ltd,Restaurant/Cafe/Canteen,"182 STOKE NEWINGTON CHURCH STREET, Hackney, London",N16 0JL,Hackney,-0.0823686,51.561486,GROCER_BAKERY,VERIFIED_CANDIDATE
554925,Boulangerie La Duchesse,boulangerie la duchesse,Restaurant/Cafe/Canteen,"10 STOKE NEWINGTON CHURCH STREET, Hackney, London",N16 0LU,Hackney,-0.0742053,51.5621075,CORE_BAKERY,VERIFIED_CANDIDATE
1751234,Perky Blenders Church Street,perky blenders church street,Restaurant/Cafe/Canteen,"56 STOKE NEWINGTON CHURCH STREET, Hackney, London",N16 0NB,Hackney,-0.0761877,51.5623109,BAKERY_CAFE,VERIFIED_CANDIDATE
1514425,Pret a Manger,pret a manger,Restaurant/Cafe/Canteen,"173 STOKE NEWINGTON HIGH STREET HACKNEY, Hackney, London",N16 0PE,Hackney,,,BAKERY_CAFE,LOCATION_VERIFICATION
1358378,Everyday Sunshine,everyday sunshine,Restaurant/Cafe/Canteen,"49 BARBAULD ROAD, Hackney, London",N16 0RT,Hackney,-0.078963,51.5577343,BAKERY_CAFE,VERIFIED_CANDIDATE
469506,The Spence Bakery,the spence bakery,Retailers - other,"161 STOKE NEWINGTON CHURCH STREET, Hackney, London",N16 0UH,Hackney,-0.0818112,51.56136,CORE_BAKERY,VERIFIED_CANDIDATE
470170,Petit Coin,petit coin,Takeaway/sandwich shop,"193 STOKE NEWINGTON CHURCH STREET, Hackney, London",N16 0UL,Hackney,-0.0833087,51.5610877,BAKERY_CAFE,VERIFIED_CANDIDATE
1468858,The Parlour Bistro,the parlour bistro,Takeaway/sandwich shop,"167 STOKE NEWINGTON CHURCH ST, Hackney, London",N16 0UL,Hackney,-0.0822043,51.5612765,BAKERY_CAFE,VERIFIED_CANDIDATE
468787,J. Grodzinski & Daughters,j grodzinski and daughters,Manufacturers/packers,"91 DUNSMURE ROAD, Hackney, London",N16 5HT,Hackney,-0.0786309,51.5704174,CORE_BAKERY,VERIFIED_CANDIDATE
1418285,Muffims Ltd,muffims ltd,Restaurant/Cafe/Canteen,"99 DUNSMURE ROAD BASEMENT, Hackney, London",N16 5HT,Hackney,-0.0789201,51.5704042,CORE_BAKERY,VERIFIED_CANDIDATE
1220388,Kohns Bakery Dunsmure Road,kohns bakery dunsmure road,Other catering premises,"76 DUNSMURE ROAD, Hackney, London",N16 5JY,Hackney,-0.0789778,51.5707468,CORE_BAKERY,VERIFIED_CANDIDATE
469579,Morrisons,morrisons,Retailers - supermarkets/hypermarkets,"47-49 STAMFORD HILL, Hackney, London",N16 5SR,Hackney,-0.0737223,51.5667128,GROCER_BAKERY,LOCATION_VERIFICATION
1920744,Lidl Great Britain Limited,lidl great britain limited,Retailers - supermarkets/hypermarkets,"129 Stamford Hill London, Hackney, London",N16 5TW,Hackney,-0.0730597,51.5731766,GROCER_BAKERY,LOCATION_VERIFICATION
470692,Indigs Bakery,indigs bakery,Restaurant/Cafe/Canteen,"37 OLDHILL STREET, Hackney, London",N16 6LR,Hackney,-0.0664605,51.5685086,CORE_BAKERY,VERIFIED_CANDIDATE
469799,SO Real Foods,so real foods,Retailers - other,"43 OLDHILL STREET, Hackney, London",N16 6LR,Hackney,-0.0659285,51.5688056,BAKERY_CAFE,VERIFIED_CANDIDATE
1220371,Kohns Bakery Stamford Hill,kohns bakery stamford hill,Retailers - other,"262 STAMFORD HILL, Hackney, London",N16 6TU,Hackney,-0.0719784,51.5745167,CORE_BAKERY,VERIFIED_CANDIDATE
1468819,Hatzlacha Ltd,hatzlacha ltd,Other catering premises,"76 LYNMOUTH ROAD HACKNEY, Hackney, London",N16 6XH,Hackney,-0.0679379,51.5676967,GROCER_BAKERY,VERIFIED_CANDIDATE
469958,Roti Stop,roti stop,Takeaway/sandwich shop,"36B STAMFORD HILL, Hackney, London",N16 6XZ,Hackney,-0.072872,51.5649812,CORE_BAKERY,VERIFIED_CANDIDATE
469052,The Egg Stores,the egg stores,Retailers - other,"4-6 STAMFORD HILL, Hackney, London",N16 6XZ,Hackney,-0.0727832,51.5643503,GROCER_BAKERY,VERIFIED_CANDIDATE
1514514,Freshbake Bagel,freshbake bagel,Restaurant/Cafe/Canteen,"228 STOKE NEWINGTON HIGH STREET, Hackney, London",N16 7HU,Hackney,-0.0729737,51.5632563,BAKERY_CAFE,VERIFIED_CANDIDATE
470173,Iceland,iceland,Retailers - other,"142-146 STOKE NEWINGTON HIGH STREET, Hackney, London",N16 7JL,Hackney,-0.0737,51.5609,GROCER_BAKERY,LOCATION_VERIFICATION
469669,Royal Bakery,royal bakery,Manufacturers/packers,"130 STOKE NEWINGTON HIGH STREET, Hackney, London",N16 7NY,Hackney,-0.0737212,51.5605888,CORE_BAKERY,VERIFIED_CANDIDATE
470175,Sainsbury's,sainsbury s,Retailers - supermarkets/hypermarkets,"100-104 STOKE NEWINGTON HIGH STREET, Hackney, London",N16 7NY,Hackney,-0.0736665,51.5598325,GROCER_BAKERY,LOCATION_VERIFICATION
469062,Akdeniz Bakery,akdeniz bakery,Retailers - other,"60 STOKE NEWINGTON HIGH STREET, Hackney, London",N16 7PB,Hackney,-0.073882,51.5584872,CORE_BAKERY,VERIFIED_CANDIDATE
470407,Akdeniz Supermarket Stoke Newington Limited,akdeniz supermarket stoke newington limited,Retailers - supermarkets/hypermarkets,"62-64 STOKE NEWINGTON HIGH STREET, Hackney, London",N16 7PB,Hackney,-0.0740091,51.5585522,GROCER_BAKERY,VERIFIED_CANDIDATE
469060,Bagel House,bagel house,Restaurant/Cafe/Canteen,"2 STOKE NEWINGTON HIGH STREET, Hackney, London",N16 7PL,Hackney,-0.0742337,51.5573329,CORE_BAKERY,VERIFIED_CANDIDATE
1170515,Bake Street,bake street,Restaurant/Cafe/Canteen,"58 EVERING ROAD, Hackney, London",N16 7SR,Hackney,-0.0666593,51.5587099,BAKERY_CAFE,VERIFIED_CANDIDATE
468986,Abraco Dalston,abraco dalston,Restaurant/Cafe/Canteen,"31 STOKE NEWINGTON ROAD, Hackney, London",N16 8BJ,Hackney,-0.0753795,51.5517133,BAKERY_CAFE,VERIFIED_CANDIDATE
1487476,Super Baklava,super baklava,Restaurant/Cafe/Canteen,"169 STOKE NEWINGTON HIGH STREET, Hackney, London",N16 8BP,Hackney,,,CORE_BAKERY,VERIFIED_CANDIDATE
1864846,Pedaller'S Corner,pedaller s corner,Restaurant/Cafe/Canteen,"131 STOKE NEWINGTON ROAD, Hackney, London",N16 8BT,Hackney,-0.0748414,51.5562638,BAKERY_CAFE,VERIFIED_CANDIDATE
469381,Shop & Save Supermarket Ltd,shop and save supermarket ltd,Retailers - other,"STOKE NEWINGTON ROAD POST OFFICE 133-135 STOKE NEWINGTON ROAD, Hackney, London",N16 8BT,Hackney,-0.0748395,51.5563087,GROCER_BAKERY,VERIFIED_CANDIDATE
470654,Gallo Nero Ii Del,gallo nero ii del,Retailers - other,"75 STOKE NEWINGTON HIGH STREET, Hackney, London",N16 8EL,Hackney,-0.0743965,51.559287,GROCER_BAKERY,VERIFIED_CANDIDATE
1794845,Tesco Stores Limited,tesco stores limited,Retailers - supermarkets/hypermarkets,"TESCO EXPRESS MATTHIAS ROAD (2973) 48 MATTHIAS ROAD, Hackney, London",N16 8LH,Hackney,,,GROCER_BAKERY,LOCATION_VERIFICATION
1927865,Bloom & Bake,bloom and bake,Retailers - other,"47B Londesborough Road London, Hackney, London",N16 8RN,Hackney,-0.0805111,51.5561084,CORE_BAKERY,VERIFIED_CANDIDATE
950816,Havin Patisserie,havin patisserie,Retailers - other,"121 GREEN LANES, Hackney, London",N16 9DA,Hackney,-0.0895409,51.5548947,CORE_BAKERY,VERIFIED_CANDIDATE
469370,Belle Epoque Patisserie Ltd,belle epoque patisserie ltd,Retailers - other,"37 NEWINGTON GREEN, Hackney, London",N16 9PR,Hackney,-0.0847789,51.5521821,CORE_BAKERY,VERIFIED_CANDIDATE
1914618,Lily’s Wholefoods ltd,lily s wholefoods ltd,Retailers - other,"11 Albion Road London, Hackney, London",N16 9PS,Hackney,-0.0855191,51.552419,GROCER_BAKERY,VERIFIED_CANDIDATE
1561570,Ribbons and Taylor limited,ribbons and taylor limited,Restaurant/Cafe/Canteen,"157 STOKE NEWINGTON CHURCH STREET, Hackney, London",N160UH,Hackney,,,BAKERY_CAFE,VERIFIED_CANDIDATE
469103,The Happening Bagel Bakery,the happening bagel bakery,Manufacturers/packers,"284A SEVEN SISTERS ROAD, Hackney, London",N4 2AA,Hackney,-0.1040474,51.5647434,CORE_BAKERY,VERIFIED_CANDIDATE
736460,Sainsbury's,sainsbury s,Retailers - supermarkets/hypermarkets,"29-31 BLACKSTOCK ROAD, Hackney, London",N4 2JF,Hackney,-0.1030362,51.5640796,GROCER_BAKERY,LOCATION_VERIFICATION
977038,Sainsbury's,sainsbury s,Retailers - supermarkets/hypermarkets,"147 WOODBERRY GROVE, Hackney, London",N4 2SB,Hackney,-0.0893242,51.5714376,GROCER_BAKERY,SUPERMARKET_SUPPLEMENT
1149782,Sainsbury's (Clissold Quarter),sainsbury s clissold quarter,Retailers - supermarkets/hypermarkets,"255-259 GREEN LANES, Hackney, London",N4 2UX,Hackney,-0.0921133,51.5625833,GROCER_BAKERY,SUPERMARKET_SUPPLEMENT
1872311,Tesco Stores Limited,tesco stores limited,Retailers - supermarkets/hypermarkets,"TESCO (2942)  WOODBERRY DOWN EXPRESS UNIT A DARTER HOUSE SEVEN ..., Hackney, London",N4 2XE,Hackney,,,GROCER_BAKERY,LOCATION_VERIFICATION
692188,Fink's Salt & Sweet,fink s salt and sweet,Restaurant/Cafe/Canteen,"70 MOUNTGROVE ROAD HACKNEY, Hackney, London",N5 2LT,Hackney,-0.0962844,51.5612993,BAKERY_CAFE,VERIFIED_CANDIDATE
1371789,Fink’s Salt and Sweet,fink s salt and sweet,Mobile caterer,"70 MOUNTGROVE ROAD HACKNEY, Hackney, London",N5 2LT,Hackney,-0.0962844,51.5612993,BAKERY_CAFE,LOCATION_VERIFICATION
1211734,The Bagel Bakery,the bagel bakery,Other catering premises,"2 Enterprise Way, London",NW10 6UG,Hammersmith and Fulham,-0.2421092,51.5285578,CORE_BAKERY,VERIFIED_CANDIDATE
1515054,Mothers Bakehouse,mothers bakehouse,Other catering premises,,SW6 ,Hammersmith and Fulham,,,CORE_BAKERY,VERIFIED_CANDIDATE
1897507,Marks & Spencer,marks and spencer,Other catering premises,"2 - 6 Fulham Broadway, London",SW6 1AA,Hammersmith and Fulham,-0.196672,51.48009,GROCER_BAKERY,LOCATION_VERIFICATION
1088567,Broadway Food And Wine,broadway food and wine,Retailers - other,"51 Fulham Broadway, London",SW6 1AE,Hammersmith and Fulham,-0.195974,51.480268,GROCER_BAKERY,LOCATION_VERIFICATION
1633941,GAIL's Fulham Broadway,gail s fulham broadway,Restaurant/Cafe/Canteen,"20 Fulham Broadway, London",SW6 1AH,Hammersmith and Fulham,-0.1969948,51.4804819,BAKERY_CAFE,VERIFIED_CANDIDATE
1849293,Aldi Stores Limited,aldi stores limited,Retailers - supermarkets/hypermarkets,"Unit 12, Fulham Broadway Retail Centre, Fulham Road, London",SW6 1BW,Hammersmith and Fulham,-0.194436,51.480559,GROCER_BAKERY,LOCATION_VERIFICATION
346129,Pret A Manger,pret a manger,Restaurant/Cafe/Canteen,"Unit 5, Fulham Broadway Retail Centre, Fulham Road, London",SW6 1BW,Hammersmith and Fulham,-0.194436,51.480559,BAKERY_CAFE,LOCATION_VERIFICATION
345675,Sainsbury's,sainsbury s,Retailers - supermarkets/hypermarkets,"Unit 17, Fulham Broadway Retail Centre, Fulham Road, London",SW6 1BW,Hammersmith and Fulham,-0.194436,51.480559,GROCER_BAKERY,LOCATION_VERIFICATION
1733341,Starry Mart,starry mart,Retailers - supermarkets/hypermarkets,"396 North End Road, London",SW6 1LU,Hammersmith and Fulham,-0.1992546,51.4805167,GROCER_BAKERY,SUPERMARKET_SUPPLEMENT
345795,Waitrose,waitrose,Retailers - supermarkets/hypermarkets,"402 North End Road, London",SW6 1LU,Hammersmith and Fulham,-0.199037,51.480018,GROCER_BAKERY,SUPERMARKET_SUPPLEMENT
1382235,Kourosh Foods,kourosh foods,Retailers - other,"270 North End Road, London",SW6 1NJ,Hammersmith and Fulham,-0.201584,51.4839066,GROCER_BAKERY,VERIFIED_CANDIDATE
1750283,Lidl Great Britain Limited,lidl great britain limited,Retailers - supermarkets/hypermarkets,"254 - 258 North End Road, London",SW6 1NJ,Hammersmith and Fulham,-0.201845,51.484063,GROCER_BAKERY,LOCATION_VERIFICATION
346277,Greggs,greggs,Retailers - other,"411 North End Road, London",SW6 1NS,Hammersmith and Fulham,-0.200101,51.482625,CORE_BAKERY,LOCATION_VERIFICATION
1712557,Bae - Kery,bae kery,Restaurant/Cafe/Canteen,"1 - 3 Michael Road, London",SW6 2ER,Hammersmith and Fulham,-0.189427,51.4773916,CORE_BAKERY,VERIFIED_CANDIDATE
844619,Sainsbury's,sainsbury s,Retailers - supermarkets/hypermarkets,"27 Townmead Road, London",SW6 2GD,Hammersmith and Fulham,-0.1875836,51.4673737,GROCER_BAKERY,LOCATION_VERIFICATION
346340,Bonbon,bonbon,Restaurant/Cafe/Canteen,"129 Wandsworth Bridge Road, London",SW6 2TT,Hammersmith and Fulham,-0.191113,51.471372,BAKERY_CAFE,VERIFIED_CANDIDATE
1127435,Bridge Baker,bridge baker,Restaurant/Cafe/Canteen,"124 Wandsworth Bridge Road, London",SW6 2UL,Hammersmith and Fulham,-0.1920317,51.4726899,CORE_BAKERY,VERIFIED_CANDIDATE
858391,Sainsbury's Local,sainsbury s local,Retailers - supermarkets/hypermarkets,"132 Wandsworth Bridge Road, London",SW6 2UL,Hammersmith and Fulham,-0.191817,51.47247,GROCER_BAKERY,LOCATION_VERIFICATION
1833868,Muntjac,muntjac,Restaurant/Cafe/Canteen,"162 Wandsworth Bridge Road, London",SW6 2UQ,Hammersmith and Fulham,-0.1917284,51.4712554,CORE_BAKERY,VERIFIED_CANDIDATE
1768968,Pret A Manger,pret a manger,Restaurant/Cafe/Canteen,"47 Parsons Green Lane, London",SW6 4HH,Hammersmith and Fulham,-0.200597,51.47623,BAKERY_CAFE,LOCATION_VERIFICATION
975319,District,district,Restaurant/Cafe/Canteen,"50 Parsons Green Lane, London",SW6 4HU,Hammersmith and Fulham,-0.200981006026268,51.4748878479004,BAKERY_CAFE,VERIFIED_CANDIDATE
345311,Hally's,hally s,Restaurant/Cafe/Canteen,"60 New King's Road, London",SW6 4LS,Hammersmith and Fulham,-0.201124,51.472721,BAKERY_CAFE,VERIFIED_CANDIDATE
345662,Emilia's Delicatessen,emilia s delicatessen,Retailers - other,"88 New King's Road, London",SW6 4LU,Hammersmith and Fulham,-0.202824,51.472343,GROCER_BAKERY,VERIFIED_CANDIDATE
1088565,Uncommon,uncommon,Restaurant/Cafe/Canteen,"Elysium Gate, 126 New King's Road, London",SW6 4LZ,Hammersmith and Fulham,-0.2060488,51.47179,BAKERY_CAFE,LOCATION_VERIFICATION
1609093,Mabelle,mabelle,Takeaway/sandwich shop,"305 New King's Road, London",SW6 4RF,Hammersmith and Fulham,-0.2035193,51.4720301,BAKERY_CAFE,VERIFIED_CANDIDATE
451456,Little Waitrose,little waitrose,Retailers - supermarkets/hypermarkets,"Brigade House, 8 Parsons Green, London",SW6 4TN,Hammersmith and Fulham,-0.201203,51.474386,GROCER_BAKERY,LOCATION_VERIFICATION
1225675,Taa'Mini,taa mini,Other catering premises,"801 Fulham Road, London",SW6 5HE,Hammersmith and Fulham,-0.2051271,51.4758316,CORE_BAKERY,VERIFIED_CANDIDATE
1625563,Bridge Baker,bridge baker,Takeaway/sandwich shop,"811 Fulham Road, London",SW6 5HG,Hammersmith and Fulham,-0.205627,51.4755695,BAKERY_CAFE,LOCATION_VERIFICATION
346562,Sainsbury's,sainsbury s,Retailers - supermarkets/hypermarkets,"915 - 921 Fulham Road, London",SW6 5HU,Hammersmith and Fulham,-0.208134,51.473153,GROCER_BAKERY,LOCATION_VERIFICATION
1724527,SHELL RECHARGE LITTLE WAITROSE FULHAM ROAD,shell recharge little waitrose fulham road,Retailers - other,"923 - 931 Fulham Road, London",SW6 5HY,Hammersmith and Fulham,-0.210343,51.4719,GROCER_BAKERY,VERIFIED_CANDIDATE
1358440,Amore's,amore s,Restaurant/Cafe/Canteen,"512 Fulham Road, London",SW6 5NJ,Hammersmith and Fulham,-0.19922,51.479751,BAKERY_CAFE,VERIFIED_CANDIDATE
1247499,Sainsbury's,sainsbury s,Retailers - supermarkets/hypermarkets,"582 Fulham Road, London",SW6 5NT,Hammersmith and Fulham,-0.201621,51.4778372,GROCER_BAKERY,LOCATION_VERIFICATION
345020,Local Hero Deli,local hero deli,Restaurant/Cafe/Canteen,"640 Fulham Road, London",SW6 5RT,Hammersmith and Fulham,-0.204752,51.47641,BAKERY_CAFE,VERIFIED_CANDIDATE
1955553,La Gelateria Della Luna,la gelateria della luna,Restaurant/Cafe/Canteen,"666 Fulham Road, London",SW6 5RX,Hammersmith and Fulham,-0.2062171,51.4755785,BAKERY_CAFE,VERIFIED_CANDIDATE
345868,Greggs,greggs,Retailers - other,"702C Fulham Road, London",SW6 5SA,Hammersmith and Fulham,-0.206834,51.474724,CORE_BAKERY,LOCATION_VERIFICATION
844624,Gail's Bakery,gail s bakery,Restaurant/Cafe/Canteen,"739 Fulham Road, London",SW6 5UL,Hammersmith and Fulham,-0.2024985,51.4767626,CORE_BAKERY,LOCATION_VERIFICATION
1695604,Artisan,artisan,Restaurant/Cafe/Canteen,"623 Fulham Road, London",SW6 5UQ,Hammersmith and Fulham,-0.198393,51.479901,BAKERY_CAFE,LOCATION_VERIFICATION
1859287,Little Sourdough Kitchen,little sourdough kitchen,Manufacturers/packers,"237 Munster Road, London",SW6 6BT,Hammersmith and Fulham,-0.212413064125142,51.4804266484332,CORE_BAKERY,VERIFIED_CANDIDATE
1345067,Gourmet Hound,gourmet hound,Retailers - other,"345 Fulham Palace Road, London",SW6 6TD,Hammersmith and Fulham,-0.214817,51.475683,GROCER_BAKERY,VERIFIED_CANDIDATE
1705645,Bagel & Shake Fulham,bagel and shake fulham,Takeaway/sandwich shop,"113 Lillie Road, London",SW6 7SX,Hammersmith and Fulham,-0.2033628,51.4848242,BAKERY_CAFE,VERIFIED_CANDIDATE
1229284,Baytee Halal Supermarket,baytee halal supermarket,Retailers - supermarkets/hypermarkets,"440 Uxbridge Road, London",W12 0NS,Hammersmith and Fulham,-0.239127,51.506651,GROCER_BAKERY,SUPERMARKET_SUPPLEMENT
345545,Wild Thyme,wild thyme,Restaurant/Cafe/Canteen,"2B Thorpebank Road, London",W12 0PQ,Hammersmith and Fulham,-0.238734,51.508237,BAKERY_CAFE,VERIFIED_CANDIDATE
1380605,Bergamot,bergamot,Other catering premises,"87 Railway Arches, Wood Lane, London",W12 7DS,Hammersmith and Fulham,-0.2242875,51.5097287,BAKERY_CAFE,VERIFIED_CANDIDATE
691508,Sainsbury's,sainsbury s,Retailers - supermarkets/hypermarkets,"Unit 1, Cranston Court, 56 Bloemfontein Road, London",W12 7FE,Hammersmith and Fulham,-0.2351967,51.5108465,GROCER_BAKERY,LOCATION_VERIFICATION
1793857,The Black Farmer White City Ltd,the black farmer white city ltd,Retailers - other,"Unit 1, 2 Television Centre, 101 Wood Lane, London",W12 7FR,Hammersmith and Fulham,-0.2258134,51.5106986,GROCER_BAKERY,VERIFIED_CANDIDATE
346300,Marks & Spencer,marks and spencer,Retailers - supermarkets/hypermarkets,"Store B, Westfield London Shopping Centre, Ariel Way, London",W12 7GA,Hammersmith and Fulham,-0.223254,51.507212,GROCER_BAKERY,LOCATION_VERIFICATION
1006008,Petit Pret,petit pret,Restaurant/Cafe/Canteen,"Unit C302A, Westfield London Shopping Centre, Ariel Way, London",W12 7GA,Hammersmith and Fulham,-0.22128,51.507578,BAKERY_CAFE,VERIFIED_CANDIDATE
346314,Waitrose,waitrose,Retailers - supermarkets/hypermarkets,"Store E, Westfield London Shopping Centre, Ariel Way, London",W12 7GA,Hammersmith and Fulham,-0.223254,51.507212,GROCER_BAKERY,SUPERMARKET_SUPPLEMENT
1664663,BLANK STREET,blank street,Restaurant/Cafe/Canteen,"Unit 4006 Management Suite, Westfield London Shopping Centre, Ariel Way, London",W12 7GF,Hammersmith and Fulham,-0.221279993653297,51.5075798034668,BAKERY_CAFE,LOCATION_VERIFICATION
1970325,Chinatown Bakery,chinatown bakery,Retailers - other,"The Village Offices, Westfield London Shopping Centre, Ariel Way, London",W12 7GF,Hammersmith and Fulham,-0.221279993653297,51.5075798034668,CORE_BAKERY,LOCATION_VERIFICATION
1667041,Greggs PLC,greggs plc,Takeaway/sandwich shop,"The Village Offices, Westfield London Shopping Centre, Ariel Way, London",W12 7GF,Hammersmith and Fulham,-0.221279993653297,51.5075798034668,BAKERY_CAFE,LOCATION_VERIFICATION
346519,Pret A Manger,pret a manger,Restaurant/Cafe/Canteen,"Unit 2033, Westfield London Shopping Centre, Ariel Way, London",W12 7GF,Hammersmith and Fulham,-0.223254,51.507212,BAKERY_CAFE,LOCATION_VERIFICATION
1912265,The Eclectic Collection,the eclectic collection,Restaurant/Cafe/Canteen,"The Village Offices, Westfield London Shopping Centre, Ariel Way, London",W12 7GF,Hammersmith and Fulham,-0.221279993653297,51.5075798034668,BAKERY_CAFE,VERIFIED_CANDIDATE
1052002,Hotel Chocolat,hotel chocolat,Restaurant/Cafe/Canteen,"Unit SU1210A, Westfield London Shopping Centre, Ariel Way, London",W12 7HT,Hammersmith and Fulham,-0.221717000007629,51.5101013183594,BAKERY_CAFE,LOCATION_VERIFICATION
1035152,Pret A Manger,pret a manger,Restaurant/Cafe/Canteen,"Unit SU2203A, Westfield London Shopping Centre, Ariel Way, London",W12 7HT,Hammersmith and Fulham,-0.221717000007629,51.5101013183594,BAKERY_CAFE,LOCATION_VERIFICATION
767688,Damascene Bakery,damascene bakery,Restaurant/Cafe/Canteen,"264 Uxbridge Road, London",W12 7JA,Hammersmith and Fulham,-0.229574,51.506246,CORE_BAKERY,VERIFIED_CANDIDATE
346149,La Brioche,la brioche,Restaurant/Cafe/Canteen,"282 Uxbridge Road, London",W12 7JA,Hammersmith and Fulham,-0.229575,51.506247,BAKERY_CAFE,LOCATION_VERIFICATION
1610924,Greggs PLC,greggs plc,Restaurant/Cafe/Canteen,"Shepherds Bush Market Underground Station, Uxbridge Road, London",W12 7JD,Hammersmith and Fulham,-0.226428,51.5058223,BAKERY_CAFE,LOCATION_VERIFICATION
1414809,Mleczko Delicatessens,mleczko delicatessens,Takeaway/sandwich shop,"368 Uxbridge Road, London",W12 7LL,Hammersmith and Fulham,-0.2344218,51.5066623,GROCER_BAKERY,VERIFIED_CANDIDATE
345608,Mleczko Polish Bakery,mleczko polish bakery,Manufacturers/packers,"362 Uxbridge Road, London",W12 7LL,Hammersmith and Fulham,-0.234083,51.506656,GROCER_BAKERY,VERIFIED_CANDIDATE
346134,Zeit And Zaatar,zeit and zaatar,Restaurant/Cafe/Canteen,"354 Uxbridge Road, London",W12 7LL,Hammersmith and Fulham,-0.234083,51.506656,BAKERY_CAFE,VERIFIED_CANDIDATE
1388667,Chai Ada,chai ada,Restaurant/Cafe/Canteen,"Retail Unit, White City Bus Station, 30 Wood Lane, London",W12 7RY,Hammersmith and Fulham,-0.2237449,51.5083046,BAKERY_CAFE,VERIFIED_CANDIDATE
1889928,Paris Baguette Westfield Shepherd's Bush,paris baguette westfield shepherd s bush,Restaurant/Cafe/Canteen,"1 Ariel Way, London",W12 7SL,Hammersmith and Fulham,-0.2236516,51.5080529,BAKERY_CAFE,VERIFIED_CANDIDATE
1540008,Chaiiwala Shepherds Bush,chaiiwala shepherds bush,Restaurant/Cafe/Canteen,"132 Uxbridge Road, London",W12 8AA,Hammersmith and Fulham,-0.223064,51.505078,BAKERY_CAFE,VERIFIED_CANDIDATE
345978,Sainsbury's,sainsbury s,Retailers - supermarkets/hypermarkets,"164 Uxbridge Road, London",W12 8AA,Hammersmith and Fulham,-0.223064,51.505078,GROCER_BAKERY,LOCATION_VERIFICATION
1400036,SWEET CAROLINE,sweet caroline,Other catering premises,"4 East Side, Shepherd's Bush Market, London",W12 8DG,Hammersmith and Fulham,-0.2266574,51.504369,BAKERY_CAFE,VERIFIED_CANDIDATE
624698,Sainsbury's Local,sainsbury s local,Retailers - other,"Brooklyn House, 54 Goldhawk Road, London",W12 8HA,Hammersmith and Fulham,-0.22791,51.502346,GROCER_BAKERY,LOCATION_VERIFICATION
346229,Mleczko Polish Delicatessen,mleczko polish delicatessen,Retailers - other,"23 - 25 Uxbridge Road, London",W12 8LH,Hammersmith and Fulham,-0.227612,51.505579,GROCER_BAKERY,VERIFIED_CANDIDATE
345562,Retail 24,retail 24,Retailers - other,"70 Uxbridge Road, London",W12 8LP,Hammersmith and Fulham,-0.219696,51.504596,GROCER_BAKERY,LOCATION_VERIFICATION
1018670,Wenzels The Bakers Ltd,wenzels the bakers ltd,Retailers - other,"60 Uxbridge Road, London",W12 8LP,Hammersmith and Fulham,-0.21976700425148,51.5046234130859,CORE_BAKERY,VERIFIED_CANDIDATE
346409,Allans Bakery And Cafe,allans bakery and cafe,Retailers - other,"80 Uxbridge Road, London",W12 8LR,Hammersmith and Fulham,-0.220969,51.50484,BAKERY_CAFE,VERIFIED_CANDIDATE
345568,Maison Souss,maison souss,Restaurant/Cafe/Canteen,"104 Uxbridge Road, London",W12 8LR,Hammersmith and Fulham,-0.220969,51.50484,CORE_BAKERY,VERIFIED_CANDIDATE
770647,Damas Gate,damas gate,Retailers - supermarkets/hypermarkets,"81 - 85 Uxbridge Road, London",W12 8NR,Hammersmith and Fulham,-0.231368,51.506085,GROCER_BAKERY,VERIFIED_CANDIDATE
727229,Bagel Bite,bagel bite,Takeaway/sandwich shop,"22 Shepherd's Bush Green, London",W12 8PH,Hammersmith and Fulham,-0.219407,51.503881,BAKERY_CAFE,VERIFIED_CANDIDATE
1055884,Lidl UK,lidl uk,Retailers - supermarkets/hypermarkets,"Unit 1 - The Links, West 12 Shopping Centre, Shepherd's Bush Green, London",W12 8PP,Hammersmith and Fulham,-0.218805998563766,51.5037727355957,GROCER_BAKERY,LOCATION_VERIFICATION
345478,BP Service Station,bp service station,Retailers - other,"Bush Centre Service Station, 37 Shepherd's Bush Green, London",W12 8PS,Hammersmith and Fulham,-0.222426,51.503315,GROCER_BAKERY,LOCATION_VERIFICATION
345065,Pick N Save Off Licence,pick n save off licence,Retailers - other,"29 Goldhawk Road, London",W12 8QQ,Hammersmith and Fulham,-0.224466,51.502725,GROCER_BAKERY,VERIFIED_CANDIDATE
1387061,Burnt Provisions,burnt provisions,Restaurant/Cafe/Canteen,"163 Askew Road, London",W12 9AU,Hammersmith and Fulham,-0.242393,51.502285,BAKERY_CAFE,VERIFIED_CANDIDATE
346554,The Ginger Pig,the ginger pig,Retailers - other,"137 - 139 Askew Road, London",W12 9AU,Hammersmith and Fulham,-0.242337,51.502239,GROCER_BAKERY,VERIFIED_CANDIDATE
346453,Sainsbury's Local,sainsbury s local,Retailers - supermarkets/hypermarkets,"167 - 181 Askew Road, London",W12 9AX,Hammersmith and Fulham,-0.240746,51.501667,GROCER_BAKERY,LOCATION_VERIFICATION
346313,Boulangerie Jade,boulangerie jade,Retailers - other,"104 Askew Road, London",W12 9BL,Hammersmith and Fulham,-0.243422,51.502894,CORE_BAKERY,VERIFIED_CANDIDATE
1567755,GAIL's  Askew Road,gail s askew road,Restaurant/Cafe/Canteen,"116 - 118 Askew Road, London",W12 9BL,Hammersmith and Fulham,-0.243448,51.502939,CORE_BAKERY,VERIFIED_CANDIDATE
814269,Happy Sky,happy sky,Retailers - other,"94 Askew Road, London",W12 9BL,Hammersmith and Fulham,-0.243422,51.502894,CORE_BAKERY,VERIFIED_CANDIDATE
709441,Maison Delice,maison delice,Restaurant/Cafe/Canteen,"191B Uxbridge Road, London",W12 9RA,Hammersmith and Fulham,-0.238236,51.506224,BAKERY_CAFE,VERIFIED_CANDIDATE
1628992,Debbie Jo,debbie jo,Takeaway/sandwich shop,"65 Blythe Road, London",W14 0HP,Hammersmith and Fulham,-0.217918,51.497725,BAKERY_CAFE,VERIFIED_CANDIDATE
1750285,Georgian Gourmet Kitchen,georgian gourmet kitchen,Takeaway/sandwich shop,"6A Beaconsfield Terrace Road, London",W14 0PP,Hammersmith and Fulham,-0.212189,51.497224,BAKERY_CAFE,VERIFIED_CANDIDATE
1865562,Bridge Baker,bridge baker,Restaurant/Cafe/Canteen,"Coral Racing Ltd, 99 - 101 Hammersmith Road, London",W14 0QH,Hammersmith and Fulham,-0.2120087,51.4946594,BAKERY_CAFE,LOCATION_VERIFICATION
1699515,The Quarter Bakery,the quarter bakery,Retailers - other,"87 Hammersmith Road, London",W14 0QH,Hammersmith and Fulham,-0.21206,51.494642,CORE_BAKERY,VERIFIED_CANDIDATE
346494,Sainsbury's Local,sainsbury s local,Retailers - other,"Ground Floor, 3 North End Crescent, London",W14 8TG,Hammersmith and Fulham,-0.207141,51.492597,GROCER_BAKERY,LOCATION_VERIFICATION
1949883,Arbour,arbour,Restaurant/Cafe/Canteen,"Olympia Exhibition Centre, Hammersmith Road, London",W14 8UX,Hammersmith and Fulham,-0.210569,51.496651,BAKERY_CAFE,VERIFIED_CANDIDATE
1097896,Espress-Mo Ltd/Sushi Novu Ltd,espress mo ltd sushi novu ltd,Restaurant/Cafe/Canteen,"79 - 81 Hammersmith Road, London",W14 8UZ,Hammersmith and Fulham,-0.210785,51.49517,BAKERY_CAFE,VERIFIED_CANDIDATE
1451849,Gail's,gail s,Restaurant/Cafe/Canteen,"3 Gliddon Road, London",W14 9BH,Hammersmith and Fulham,-0.2130564,51.4921844,BAKERY_CAFE,LOCATION_VERIFICATION
1594312,Mitsuba,mitsuba,Other catering premises,"92 North End Road, London",W14 9EX,Hammersmith and Fulham,-0.206575,51.489765,BAKERY_CAFE,VERIFIED_CANDIDATE
1644669,Sultan Lebanon,sultan lebanon,Retailers - supermarkets/hypermarkets,"94 North End Road, London",W14 9EX,Hammersmith and Fulham,-0.206575,51.489765,GROCER_BAKERY,VERIFIED_CANDIDATE
1928435,Cole's,cole s,Restaurant/Cafe/Canteen,"4 Comeragh Road, London",W14 9HP,Hammersmith and Fulham,-0.2081239,51.489762,BAKERY_CAFE,VERIFIED_CANDIDATE
1545550,Popin West Kensington,popin west kensington,Restaurant/Cafe/Canteen,"4 Comeragh Road, London",W14 9HP,Hammersmith and Fulham,-0.2081239,51.489762,BAKERY_CAFE,VERIFIED_CANDIDATE
640004,Bonjour Brioche,bonjour brioche,Restaurant/Cafe/Canteen,"187 North End Road, London",W14 9NL,Hammersmith and Fulham,-0.206219,51.490038,BAKERY_CAFE,VERIFIED_CANDIDATE
1871358,Blanco,blanco,Restaurant/Cafe/Canteen,"220 North End Road, London",W14 9NX,Hammersmith and Fulham,-0.203566,51.486814,BAKERY_CAFE,VERIFIED_CANDIDATE
958227,Little Waitrose,little waitrose,Retailers - supermarkets/hypermarkets,"116 - 128 North End Road, London",W14 9PP,Hammersmith and Fulham,-0.205252,51.488611,GROCER_BAKERY,LOCATION_VERIFICATION
1897512,Matchado,matchado,Takeaway/sandwich shop,"Unit 15, Edison Court, Warple Way, London",W3 7FW,Hammersmith and Fulham,-0.2532958,51.502979,BAKERY_CAFE,LOCATION_VERIFICATION
1883729,The Sweet Corner,the sweet corner,Other catering premises,,W6 0,Hammersmith and Fulham,,,BAKERY_CAFE,VERIFIED_CANDIDATE
1097887,Daily Shot,daily shot,Restaurant/Cafe/Canteen,"22 Aldensley Road, London",W6 0DH,Hammersmith and Fulham,-0.230687,51.496866,BAKERY_CAFE,VERIFIED_CANDIDATE
1684557,Borghi's,borghi s,Restaurant/Cafe/Canteen,"21 Banim Street, London",W6 0DN,Hammersmith and Fulham,-0.2316712,51.4950833,BAKERY_CAFE,VERIFIED_CANDIDATE
1722226,Another Brother,another brother,Restaurant/Cafe/Canteen,"118 - 120 Glenthorne Road, London",W6 0LP,Hammersmith and Fulham,-0.2340695,51.4945349,BAKERY_CAFE,LOCATION_VERIFICATION
397173,Bertotti Pure Italian,bertotti pure italian,Retailers - other,"87 Hammersmith Grove, London",W6 0NQ,Hammersmith and Fulham,-0.227659,51.497693,BAKERY_CAFE,VERIFIED_CANDIDATE
1334503,Lidl,lidl,Retailers - supermarkets/hypermarkets,"1 Kings Mall, King Street, London",W6 0PZ,Hammersmith and Fulham,-0.227533,51.493113,GROCER_BAKERY,LOCATION_VERIFICATION
1416695,Livat Ikea,livat ikea,Retailers - supermarkets/hypermarkets,"1 Kings Mall, King Street, London",W6 0PZ,Hammersmith and Fulham,-0.227533,51.493113,GROCER_BAKERY,SUPERMARKET_SUPPLEMENT
346081,Sainsbury's,sainsbury s,Retailers - supermarkets/hypermarkets,"2 - 3 Kings Mall, King Street, London",W6 0PZ,Hammersmith and Fulham,-0.227534,51.493114,GROCER_BAKERY,LOCATION_VERIFICATION
345162,Pret A Manger,pret a manger,Restaurant/Cafe/Canteen,"8 - 10 King Street, London",W6 0QA,Hammersmith and Fulham,-0.225676,51.493086,BAKERY_CAFE,LOCATION_VERIFICATION
1366653,Outsider Tart @ The Lyric,outsider tart the lyric,Other catering premises,"Lyric Theatre Hammersmith, Lyric Square, London",W6 0QL,Hammersmith and Fulham,-0.226807,51.492905,BAKERY_CAFE,VERIFIED_CANDIDATE
709435,Patisserie Sainte-Anne,patisserie sainte anne,Restaurant/Cafe/Canteen,"204 King Street, London",W6 0RA,Hammersmith and Fulham,-0.235774,51.493094,CORE_BAKERY,VERIFIED_CANDIDATE
1756247,404 Bakery,404 bakery,Restaurant/Cafe/Canteen,"234 King Street, London",W6 0RF,Hammersmith and Fulham,-0.236938,51.4933731,BAKERY_CAFE,VERIFIED_CANDIDATE
1733351,Blanco Chiswick,blanco chiswick,Restaurant/Cafe/Canteen,"308 King Street, London",W6 0RR,Hammersmith and Fulham,-0.241735,51.4937508,BAKERY_CAFE,VERIFIED_CANDIDATE
504599,Artisan,artisan,Restaurant/Cafe/Canteen,"370 - 372 King Street, London",W6 0RX,Hammersmith and Fulham,-0.244311,51.493618,BAKERY_CAFE,VERIFIED_CANDIDATE
345199,Saffron,saffron,Retailers - other,"248 King Street, London",W6 0SP,Hammersmith and Fulham,-0.239598,51.493682,GROCER_BAKERY,VERIFIED_CANDIDATE
1753590,Cookie Jar London  Hammersmith,cookie jar london hammersmith,Retailers - supermarkets/hypermarkets,"Units 7 And 8, Broadway Shopping Centre, Hammersmith Broadway, London",W6 7AL,Hammersmith and Fulham,-0.223751,51.493336,GROCER_BAKERY,SUPERMARKET_SUPPLEMENT
1645753,Kave,kave,Restaurant/Cafe/Canteen,"2 Hammersmith Broadway, London",W6 7AL,Hammersmith and Fulham,-0.2235459,51.493234,BAKERY_CAFE,VERIFIED_CANDIDATE
1943187,Debbie Jo,debbie jo,Takeaway/sandwich shop,"Brook Green Pavilion, Brook Green, London",W6 7BL,Hammersmith and Fulham,-0.218156,51.495309,BAKERY_CAFE,LOCATION_VERIFICATION
1802108,"Arthur's Coffee House, Hammersmith",arthur s coffee house hammersmith,Restaurant/Cafe/Canteen,"148 Hammersmith Road, London",W6 7JP,Hammersmith and Fulham,-0.21792938,51.4933328,BAKERY_CAFE,VERIFIED_CANDIDATE
770650,Egg & Bun,egg and bun,Restaurant/Cafe/Canteen,"156 Hammersmith Road, London",W6 7JP,Hammersmith and Fulham,-0.218329,51.49346,BAKERY_CAFE,VERIFIED_CANDIDATE
345902,Green Leaf,green leaf,Restaurant/Cafe/Canteen,"108 Hammersmith Road, London",W6 7JP,Hammersmith and Fulham,-0.218329,51.49346,BAKERY_CAFE,VERIFIED_CANDIDATE
1865566,Shepherd's Bush Cheese,shepherd s bush cheese,Retailers - other,"113 Shepherd's Bush Road, London",W6 7LP,Hammersmith and Fulham,-0.2222902,51.4977383,GROCER_BAKERY,VERIFIED_CANDIDATE
345511,Tesco,tesco,Retailers - supermarkets/hypermarkets,"180 Shepherd's Bush Road, London",W6 7NL,Hammersmith and Fulham,-0.224267,51.495627,GROCER_BAKERY,SUPERMARKET_SUPPLEMENT
1606095,Another Brother,another brother,Restaurant/Cafe/Canteen,"84 Shepherd's Bush Road, London",W6 7PD,Hammersmith and Fulham,-0.222406,51.4999432,BAKERY_CAFE,VERIFIED_CANDIDATE
1106440,Gail's Bakery,gail s bakery,Restaurant/Cafe/Canteen,"102 - 104 Shepherd's Bush Road, London",W6 7PD,Hammersmith and Fulham,-0.222468,51.499269,CORE_BAKERY,LOCATION_VERIFICATION
674266,Sainsbury's,sainsbury s,Retailers - supermarkets/hypermarkets,"48 - 50 Shepherd's Bush Road, London",W6 7PH,Hammersmith and Fulham,-0.222373,51.500599,GROCER_BAKERY,LOCATION_VERIFICATION
770622,Little Waitrose,little waitrose,Retailers - supermarkets/hypermarkets,"201 - 207 Fulham Palace Road, London",W6 8QX,Hammersmith and Fulham,-0.219513,51.484152,GROCER_BAKERY,LOCATION_VERIFICATION
1970334,Waitrose,waitrose,Retailers - supermarkets/hypermarkets,"201 - 207 Fulham Palace Road, London",W6 8QX,Hammersmith and Fulham,-0.219513,51.484152,GROCER_BAKERY,SUPERMARKET_SUPPLEMENT
345803,Sainsbury's,sainsbury s,Retailers - supermarkets/hypermarkets,"179 - 183 Fulham Palace Road, London",W6 8QZ,Hammersmith and Fulham,-0.219765,51.484705,GROCER_BAKERY,LOCATION_VERIFICATION
1516344,Morrisons Daily,morrisons daily,Retailers - other,"1 Margravine Gardens, London",W6 8RL,Hammersmith and Fulham,-0.215033,51.490083,GROCER_BAKERY,LOCATION_VERIFICATION
1639574,Charlotte's Cloud,charlotte s cloud,Restaurant/Cafe/Canteen,"Unit E, Distillery Wharf, Regatta Lane, London",W6 9BF,Hammersmith and Fulham,-0.226392,51.4875579,BAKERY_CAFE,LOCATION_VERIFICATION
346420,Sri Sai,sri sai,Retailers - other,"94 Hammersmith Bridge Road, London",W6 9DB,Hammersmith and Fulham,-0.228596,51.490234,GROCER_BAKERY,VERIFIED_CANDIDATE
1214715,Bread Lab Limited,bread lab limited,Other catering premises,"Unit H, Distillery Wharf, Parr's Way, London",W6 9GD,Hammersmith and Fulham,-0.2263391,51.4872785,CORE_BAKERY,VERIFIED_CANDIDATE
345892,Marks & Spencer,marks and spencer,Retailers - supermarkets/hypermarkets,"27 - 33 King Street, London",W6 9HW,Hammersmith and Fulham,-0.227717,51.492478,GROCER_BAKERY,SUPERMARKET_SUPPLEMENT
346062,Greggs,greggs,Retailers - other,"129 King Street, London",W6 9JG,Hammersmith and Fulham,-0.230327,51.492392,CORE_BAKERY,LOCATION_VERIFICATION
1887489,R Mleczko Ltd,r mleczko ltd,Other catering premises,"163 King Street, London",W6 9JT,Hammersmith and Fulham,-0.233318,51.492536,GROCER_BAKERY,VERIFIED_CANDIDATE
610582,Sainsbury's Local,sainsbury s local,Retailers - supermarkets/hypermarkets,"383 King Street, London",W6 9NJ,Hammersmith and Fulham,-0.243717,51.493321,GROCER_BAKERY,LOCATION_VERIFICATION
841853,Pret A Manger,pret a manger,Restaurant/Cafe/Canteen,"Unit 3, 168 - 188 Fulham Palace Road, London",W6 9PA,Hammersmith and Fulham,-0.220408,51.484822,BAKERY_CAFE,LOCATION_VERIFICATION
713155,Antipode,antipode,Restaurant/Cafe/Canteen,"28 Fulham Palace Road, London",W6 9PH,Hammersmith and Fulham,-0.223763,51.490422,BAKERY_CAFE,VERIFIED_CANDIDATE
781354,Truth,truth,Restaurant/Cafe/Canteen,"36 - 38 Fulham Palace Road, London",W6 9PH,Hammersmith and Fulham,-0.2238707,51.4908109,BAKERY_CAFE,VERIFIED_CANDIDATE
1703629,Saint Paul's Cafe,saint paul s cafe,Restaurant/Cafe/Canteen,"St Pauls Church, Queen Caroline Street, London",W6 9PJ,Hammersmith and Fulham,-0.225433,51.491562,BAKERY_CAFE,VERIFIED_CANDIDATE
1414802,Milifortune Ltd,milifortune ltd,Retailers - other,"88 Fulham Palace Road, London",W6 9PL,Hammersmith and Fulham,-0.2229282,51.4883776,GROCER_BAKERY,VERIFIED_CANDIDATE
345876,BP Service Station-Marks And Spencer,bp service station marks and spencer,Retailers - other,"Cromwell South Service Station, Great West Road, London",W6 9TQ,Hammersmith and Fulham,-0.239066,51.491049,GROCER_BAKERY,VERIFIED_CANDIDATE
1158561,Auntie Anne's,auntie anne s,Takeaway/sandwich shop,"Unit RMU1, Broadway Shopping Centre, Hammersmith Broadway, London",W6 9YD,Hammersmith and Fulham,-0.2244266,51.4928157,CORE_BAKERY,LOCATION_VERIFICATION
1530940,Greggs PLC,greggs plc,Restaurant/Cafe/Canteen,"Unit 35, Broadway Shopping Centre, Hammersmith Broadway, London",W6 9YD,Hammersmith and Fulham,-0.2244266,51.4928157,BAKERY_CAFE,LOCATION_VERIFICATION
1582890,Heriots Patisserie,heriots patisserie,Retailers - supermarkets/hypermarkets,"Unit 25A, Broadway Shopping Centre, Hammersmith Broadway, London",W6 9YD,Hammersmith and Fulham,-0.2245504,51.492224,CORE_BAKERY,LOCATION_VERIFICATION
1413138,Oseyo,oseyo,Retailers - other,"Broadway Shopping Centre, Hammersmith Broadway, London",W6 9YD,Hammersmith and Fulham,-0.224571,51.492241,GROCER_BAKERY,LOCATION_VERIFICATION
1018672,Paul,paul,Restaurant/Cafe/Canteen,"Unit 34B, Broadway Shopping Centre, Hammersmith Broadway, London",W6 9YD,Hammersmith and Fulham,-0.224571,51.492242,BAKERY_CAFE,LOCATION_VERIFICATION
346171,Pret A Manger,pret a manger,Restaurant/Cafe/Canteen,"Unit 30B, Broadway Shopping Centre, Hammersmith Broadway, London",W6 9YD,Hammersmith and Fulham,-0.224571,51.492241,BAKERY_CAFE,LOCATION_VERIFICATION
1106455,Pure,pure,Takeaway/sandwich shop,"Unit 2, Broadway Shopping Centre, Hammersmith Broadway, London",W6 9YD,Hammersmith and Fulham,-0.2245504,51.492224,BAKERY_CAFE,LOCATION_VERIFICATION
1804777,Sainsbury's Supermarkets Ltd,sainsbury s supermarkets ltd,Retailers - supermarkets/hypermarkets,"Unit 31-32, Broadway Shopping Centre, Hammersmith Broadway, London",W6 9YD,Hammersmith and Fulham,-0.224571,51.492242,GROCER_BAKERY,LOCATION_VERIFICATION
770641,Tesco Metro,tesco metro,Retailers - supermarkets/hypermarkets,"Unit 13-16, Broadway Shopping Centre, Hammersmith Broadway, London",W6 9YD,Hammersmith and Fulham,-0.224571,51.492242,GROCER_BAKERY,LOCATION_VERIFICATION
1709231,Buns From Home,buns from home,Takeaway/sandwich shop,"Management Suite, Broadway Shopping Centre, Hammersmith Broadway, London",W6 9YE,Hammersmith and Fulham,-0.2245504,51.492224,CORE_BAKERY,LOCATION_VERIFICATION
1695601,YOHOME,yohome,Retailers - other,"77 Fulham Palace Road, London",,Hammersmith and Fulham,-0.21641453,51.47735588,GROCER_BAKERY,LOCATION_VERIFICATION
448313,Waitrose,waitrose,Retailers - supermarkets/hypermarkets,"390-392 Muswell Hill Broadway, Hornsey, London",N10 1DJ,Haringey,-0.142438,51.591604,GROCER_BAKERY,SUPERMARKET_SUPPLEMENT
1299032,Pannas Bakery,pannas bakery,Takeaway/sandwich shop,"106 Alexandra Park Road, Hornsey, London",N10 2AE,Haringey,-0.138463,51.59843,CORE_BAKERY,VERIFIED_CANDIDATE
1706869,Astrid,astrid,Retailers - other,"118A Alexandra Park Road, Hornsey, London",N10 2AH,Haringey,-0.1376246,51.5985894,CORE_BAKERY,VERIFIED_CANDIDATE
1804118,Astrid,astrid,Manufacturers/packers,"114 Alexandra Park Road, Hornsey, London",N10 2AH,Haringey,-0.1378584,51.5985211,CORE_BAKERY,LOCATION_VERIFICATION
1081610,"Gails Bakery, Muswell Hill",gails bakery muswell hill,Restaurant/Cafe/Canteen,"70 Fortis Green Road, Hornsey, London",N10 3HN,Haringey,-0.14638903,51.59015575,BAKERY_CAFE,VERIFIED_CANDIDATE
422620,Cheeses,cheeses,Retailers - other,"13 Fortis Green Road, Hornsey, London",N10 3HP,Haringey,-0.146803,51.590055,GROCER_BAKERY,VERIFIED_CANDIDATE
852028,La Dinette,la dinette,Restaurant/Cafe/Canteen,"3-5 Fortis Green Road, Hornsey, London",N10 3HP,Haringey,-0.146803,51.590054,BAKERY_CAFE,VERIFIED_CANDIDATE
918805,North & Ten,north and ten,Restaurant/Cafe/Canteen,"123 Muswell Hill Road, Hornsey, London",N10 3HS,Haringey,-0.145935,51.589393,BAKERY_CAFE,VERIFIED_CANDIDATE
1966213,Turntable Bakery,turntable bakery,Restaurant/Cafe/Canteen,"121 Muswell Hill Road, Hornsey, London",N10 3HS,Haringey,-0.145935,51.589394,CORE_BAKERY,VERIFIED_CANDIDATE
1569888,Pret A Manger,pret a manger,Restaurant/Cafe/Canteen,"197 Muswell Hill Broadway, Hornsey, London",N10 3RS,Haringey,-0.1429313,51.5909669,BAKERY_CAFE,LOCATION_VERIFICATION
422637,The Bakers Of Muswell Hill,the bakers of muswell hill,Retailers - other,"149 Muswell Hill Broadway, Hornsey, London",N10 3RS,Haringey,-0.143399,51.590711,CORE_BAKERY,VERIFIED_CANDIDATE
1291699,Dunns Bakery,dunns bakery,Retailers - other,"36 Muswell Hill Broadway, Hornsey, London",N10 3RT,Haringey,-0.1444644,51.5894805,CORE_BAKERY,LOCATION_VERIFICATION
422526,Marks & Spencer Plc,marks and spencer plc,Retailers - supermarkets/hypermarkets,"126-128 Muswell Hill Broadway, Hornsey, London",N10 3RU,Haringey,-0.14361,51.59013,GROCER_BAKERY,SUPERMARKET_SUPPLEMENT
1517542,Boulangerie Pierre Alix Ltd,boulangerie pierre alix ltd,Retailers - other,"222 Muswell Hill Broadway, Hornsey, London",N10 3SH,Haringey,-0.1422631,51.5907136,CORE_BAKERY,VERIFIED_CANDIDATE
423101,Sirwan Palmers Green,sirwan palmers green,Retailers - other,"5-11 Green Lanes, Wood Green, London",N13 4TT,Haringey,-0.1106329,51.6084631,GROCER_BAKERY,VERIFIED_CANDIDATE
1273202,Perkyn's,perkyn s,Takeaway/sandwich shop,"10 Vicarage Parade, West Green Road, Tottenham, London",N15 3BL,Haringey,-0.0898194,51.5861394,BAKERY_CAFE,VERIFIED_CANDIDATE
1496609,New Bakers,new bakers,Retailers - other,"9 Turnpike Parade, Green Lanes, Hornsey, London",N15 3EA,Haringey,-0.102482,51.589879,CORE_BAKERY,VERIFIED_CANDIDATE
1796055,Brewberry Bakery,brewberry bakery,Takeaway/sandwich shop,"434 St Anns Road, Tottenham, London",N15 3JH,Haringey,-0.098406,51.5824301,BAKERY_CAFE,VERIFIED_CANDIDATE
1341408,Borek & Gozleme Bakery Limited,borek and gozleme bakery limited,Restaurant/Cafe/Canteen,"266-268 Langham Road, Tottenham, London",N15 3NP,Haringey,-0.102118,51.590851,BAKERY_CAFE,VERIFIED_CANDIDATE
422954,Get-In Minimarket,get in minimarket,Retailers - other,"274 Langham Road, Tottenham, London",N15 3NP,Haringey,-0.102119,51.590851,GROCER_BAKERY,VERIFIED_CANDIDATE
984608,Panaderia Sabor Latino,panaderia sabor latino,Restaurant/Cafe/Canteen,"Unit 11, 250 High Road, Tottenham, London",N15 4AJ,Haringey,-0.071372002363205,51.5856666564941,CORE_BAKERY,VERIFIED_CANDIDATE
422661,Tesco,tesco,Retailers - supermarkets/hypermarkets,"230 High Road, Tottenham, London",N15 4AJ,Haringey,-0.071394,51.585468,GROCER_BAKERY,SUPERMARKET_SUPPLEMENT
1736742,Macchiato,macchiato,Retailers - other,"328 High Road, Tottenham, London",N15 4BN,Haringey,-0.070365,51.5884286,BAKERY_CAFE,VERIFIED_CANDIDATE
423242,EXPA,expa,Retailers - other,"143-145 Philip Lane, Tottenham, London",N15 4HQ,Haringey,-0.081806,51.588462,GROCER_BAKERY,VERIFIED_CANDIDATE
1100527,Prestige Patisserie,prestige patisserie,Retailers - other,"Unit 20, Enterprise Row, Rangemoor Road, Tottenham",N15 4LU,Haringey,-0.068642,51.5817368,CORE_BAKERY,VERIFIED_CANDIDATE
422412,Greggs,greggs,Restaurant/Cafe/Canteen,"Unit C1, Tottenham Hale Retail Park, Broad Lane, Tottenham",N15 4QD,Haringey,-0.06231,51.587611,BAKERY_CAFE,LOCATION_VERIFICATION
422069,Lidl,lidl,Retailers - supermarkets/hypermarkets,"Unit 4b, Tottenham Hale Retail Park, Broad Lane, Tottenham",N15 4QD,Haringey,-0.0608607,51.58686,GROCER_BAKERY,LOCATION_VERIFICATION
1646206,Pret A Manger,pret a manger,Restaurant/Cafe/Canteen,"Unit F, Tottenham Hale Retail Park, Broad Lane, Tottenham",N15 4QD,Haringey,-0.063499,51.5869395,BAKERY_CAFE,LOCATION_VERIFICATION
1523269,Loco,loco,Retailers - supermarkets/hypermarkets,"134 West Green Road, Tottenham, London",N15 5AD,Haringey,-0.0801730006933212,51.5854225158691,GROCER_BAKERY,LOCATION_VERIFICATION
521408,Sainsbury's,sainsbury s,Retailers - supermarkets/hypermarkets,"3-7 West Green Road, Tottenham, London",N15 5BX,Haringey,-0.073699,51.583878,GROCER_BAKERY,LOCATION_VERIFICATION
1632305,De Bastos,de bastos,Restaurant/Cafe/Canteen,"91 West Green Road, Tottenham, London",N15 5DA,Haringey,-0.0772922,51.5847116,CORE_BAKERY,VERIFIED_CANDIDATE
1912968,Saeedi Supper Market Ltd,saeedi supper market ltd,Retailers - other,"93 West Green Road, Tottenham, London",N15 5DA,Haringey,-0.0773492,51.5847305,GROCER_BAKERY,VERIFIED_CANDIDATE
1752960,Betel's Bakery,betel s bakery,Retailers - other,"101 West Green Road, Tottenham, London",N15 5DE,Haringey,-0.0777743,51.5849174,CORE_BAKERY,VERIFIED_CANDIDATE
1905965,Docelicia Boutique,docelicia boutique,Restaurant/Cafe/Canteen,"677 Seven Sisters Road, Tottenham, London",N15 5LA,Haringey,-0.0746708,51.5821867,BAKERY_CAFE,VERIFIED_CANDIDATE
1081636,Moloko,moloko,Restaurant/Cafe/Canteen,"Kiosk, Seven Sisters Underground Station, Seven Sisters Road, Tottenham",N15 5LA,Haringey,-0.0724396,51.583409,BAKERY_CAFE,VERIFIED_CANDIDATE
606179,TottenhamTown Bakery,tottenhamtown bakery,Takeaway/sandwich shop,"38 West Green Road, Tottenham, London",N15 5NP,Haringey,-0.073886,51.584223,CORE_BAKERY,VERIFIED_CANDIDATE
917478,Uncle Johns Bakery Ltd,uncle johns bakery ltd,Manufacturers/packers,"76 West Green Road, Tottenham, London",N15 5NS,Haringey,-0.076549,51.584752,CORE_BAKERY,VERIFIED_CANDIDATE
1355343,Best Supermarket,best supermarket,Retailers - supermarkets/hypermarkets,"83 St Anns Road, Tottenham, London",N15 6NJ,Haringey,-0.0770087,51.5777468,GROCER_BAKERY,SUPERMARKET_SUPPLEMENT
1805821,Angel's Bakery,angel s bakery,Manufacturers/packers,"353 Seven Sisters Road, Tottenham, London",N15 6RD,Haringey,-0.08564,51.5753252,CORE_BAKERY,VERIFIED_CANDIDATE
1830443,Be More Shirley Bakery,be more shirley bakery,Manufacturers/packers,,N17 ,Haringey,,,CORE_BAKERY,VERIFIED_CANDIDATE
984599,Szampion Polskie Delikatesy,szampion polskie delikatesy,Retailers - supermarkets/hypermarkets,"Diana Martin Court, 678-682 High Road, Tottenham, London",N17 0AE,Haringey,-0.0675436,51.6004859,GROCER_BAKERY,SUPERMARKET_SUPPLEMENT
422697,Loon Fung Ltd,loon fung ltd,Importers/Exporters,"111 Brantwood Road, Tottenham, London",N17 0DX,Haringey,-0.062202,51.608121,GROCER_BAKERY,VERIFIED_CANDIDATE
1919918,Greggs Northumberland Park @,greggs northumberland park,Retailers - other,"Petrol Filling Station, 1-13 Willoughby Lane, Tottenham, London",N17 0QU,Haringey,-0.05539,51.603296,GROCER_BAKERY,VERIFIED_CANDIDATE
1701801,Londis Northumberland Park,londis northumberland park,Retailers - other,"Petrol Filling Station, 1-13 Willoughby Lane, Tottenham, London",N17 0QU,Haringey,-0.05539,51.603296,GROCER_BAKERY,VERIFIED_CANDIDATE
1919923,Pret A Manger Northumberland Park @,pret a manger northumberland park,Restaurant/Cafe/Canteen,"Petrol Filling Station, 1-13 Willoughby Lane, Tottenham, London",N17 0QU,Haringey,-0.05539,51.603296,BAKERY_CAFE,VERIFIED_CANDIDATE
1045962,Sainsbury's,sainsbury s,Retailers - supermarkets/hypermarkets,"28-48 Northumberland Park, Tottenham, London",N17 0TX,Haringey,-0.0650940015912056,51.6060180664063,GROCER_BAKERY,LOCATION_VERIFICATION
502555,Sainsbury’s,sainsbury s,Retailers - supermarkets/hypermarkets,"421 Lordship Lane, Tottenham, London",N17 6AG,Haringey,-0.091343,51.597871,GROCER_BAKERY,LOCATION_VERIFICATION
1089172,Belmont Local,belmont local,Retailers - other,"67 Downhills Park Road, Tottenham, London",N17 6AS,Haringey,-0.0934472,51.5905148,GROCER_BAKERY,VERIFIED_CANDIDATE
1496628,"Ayso & Isi Ltd, Baraka Bakery",ayso and isi ltd baraka bakery,Retailers - other,"381 High Road, Tottenham, London",N17 6QN,Haringey,-0.0706496,51.5892066,CORE_BAKERY,VERIFIED_CANDIDATE
1346620,Cinnamon Leaf Ltd,cinnamon leaf ltd,Retailers - other,"555-557 High Road, Tottenham, London",N17 6SB,Haringey,-0.0691089,51.5955839,GROCER_BAKERY,VERIFIED_CANDIDATE
1497807,Gunes Supermarket,gunes supermarket,Retailers - supermarkets/hypermarkets,"185-187 Lordship Lane, Tottenham, London",N17 6XF,Haringey,-0.0787497,51.5980713,GROCER_BAKERY,SUPERMARKET_SUPPLEMENT
1838424,Greggs Tottenham @,greggs tottenham,Retailers - other,"311 The Roundway, Tottenham, London",N17 7AB,Haringey,-0.076677,51.599151,CORE_BAKERY,VERIFIED_CANDIDATE
852018,Asda Service Station,asda service station,Retailers - supermarkets/hypermarkets,"335-337 White Hart Lane, Tottenham, London",N17 7LY,Haringey,-0.091181,51.606564,GROCER_BAKERY,VERIFIED_CANDIDATE
1964506,Central Cakes/Ozlem Patissierie LTD,central cakes ozlem patissierie ltd,Retailers - other,"681 High Road, Tottenham, London",N17 8AD,Haringey,-0.0681652,51.6004692,CORE_BAKERY,VERIFIED_CANDIDATE
502554,Sainsbury's,sainsbury s,Retailers - supermarkets/hypermarkets,"669-673 High Road, Tottenham, London",N17 8AD,Haringey,-0.068236,51.600712,GROCER_BAKERY,LOCATION_VERIFICATION
1814037,Mister Bagels,mister bagels,Takeaway/sandwich shop,"771A High Road, Tottenham, London",N17 8AH,Haringey,-0.0684633,51.6050153,BAKERY_CAFE,VERIFIED_CANDIDATE
1053096,White Hart Corner Shop,white hart corner shop,Retailers - other,"791 High Road, Tottenham, London",N17 8AH,Haringey,-0.0684887,51.6054384,GROCER_BAKERY,VERIFIED_CANDIDATE
619470,The Corner Shop,the corner shop,Retailers - other,"36 Church Road, Tottenham, London",N17 8AQ,Haringey,-0.069997,51.602099,GROCER_BAKERY,LOCATION_VERIFICATION
1221548,27 Antep Patisserie,27 antep patisserie,Retailers - other,"831 High Road, Tottenham, London",N17 8EY,Haringey,-0.0685936,51.606708,CORE_BAKERY,VERIFIED_CANDIDATE
1613206,Celtic Bakers - Bakey Outlet,celtic bakers bakey outlet,Restaurant/Cafe/Canteen,"Unit 4 Caribbean Fish Market, Holcombe Road, Tottenham, London",N17 9AA,Haringey,,,CORE_BAKERY,VERIFIED_CANDIDATE
422054,Halls Greengrocers,halls greengrocers,Retailers - other,"Unit 1, Holcombe Road, Tottenham, London",N17 9AA,Haringey,-0.068912,51.592944,GROCER_BAKERY,VERIFIED_CANDIDATE
1181379,Melissa Patisserie & Coffee,melissa patisserie and coffee,Restaurant/Cafe/Canteen,"462 High Road, Tottenham, London",N17 9JD,Haringey,-0.0694362,51.5926308,BAKERY_CAFE,VERIFIED_CANDIDATE
423369,Asda Stores,asda stores,Retailers - supermarkets/hypermarkets,"490 High Road, Tottenham, London",N17 9JF,Haringey,-0.069425,51.593457,GROCER_BAKERY,SUPERMARKET_SUPPLEMENT
1559749,Greggs PLC,greggs plc,Retailers - other,"Tottenham Hale Railway Station, Station Road, Tottenham, London",N17 9NA,Haringey,-0.0603273,51.5882,BAKERY_CAFE,LOCATION_VERIFICATION
1964505,Holy Grain & Brew,holy grain and brew,Restaurant/Cafe/Canteen,"Unit 2 West Apartments, 2 Ashley Road, Tottenham, London",N17 9RW,Haringey,-0.0619613,51.5891533,BAKERY_CAFE,VERIFIED_CANDIDATE
1919920,Ozlem Patisserie Ltd,ozlem patisserie ltd,Retailers - other,"Unit W61 Grove Business Centre, 560-568 High Road, Tottenham, London",N17 9TA,Haringey,-0.0682759,51.5954803,CORE_BAKERY,VERIFIED_CANDIDATE
1786369,Lih bakehouse,lih bakehouse,Other catering premises,,N22 ,Haringey,,,BAKERY_CAFE,VERIFIED_CANDIDATE
1132511,Ozdiller,ozdiller,Retailers - other,"554 Lordship Lane, Wood Green, London",N22 5BY,Haringey,-0.0968961,51.5988439,GROCER_BAKERY,VERIFIED_CANDIDATE
1081598,Ziaronca Delikatesy,ziaronca delikatesy,Retailers - supermarkets/hypermarkets,"542-544 Lordship Lane, Wood Green, London",N22 5BY,Haringey,-0.097319,51.598966,GROCER_BAKERY,VERIFIED_CANDIDATE
423292,Kardesler Pastanesi,kardesler pastanesi,Retailers - other,"612 Lordship Lane, Wood Green, London",N22 5JH,Haringey,-0.1016356,51.5994513,CORE_BAKERY,VERIFIED_CANDIDATE
1517539,The Urban Chocolatier,the urban chocolatier,Restaurant/Cafe/Canteen,"45-47 High Road, Wood Green, London",N22 6BH,Haringey,-0.1052053,51.5917396,BAKERY_CAFE,LOCATION_VERIFICATION
693659,Latin Stop,latin stop,Retailers - other,"25 Westbury Avenue, Wood Green, London",N22 6BS,Haringey,-0.1028536,51.5910091,GROCER_BAKERY,VERIFIED_CANDIDATE
1287470,Delta Bakery Limited,delta bakery limited,Manufacturers/packers,"4 High Road, Wood Green, London",N22 6BX,Haringey,-0.104362,51.591732,BAKERY_CAFE,VERIFIED_CANDIDATE
1742013,Green Market,green market,Retailers - supermarkets/hypermarkets,"16 High Road, Wood Green, London",N22 6BX,Haringey,-0.103826,51.5912317,GROCER_BAKERY,SUPERMARKET_SUPPLEMENT
1658683,Pregio,pregio,Restaurant/Cafe/Canteen,"20 High Road, Wood Green, London",N22 6BX,Haringey,-0.1038941,51.5913317,BAKERY_CAFE,VERIFIED_CANDIDATE
422952,Wm Morrison Supermarkets Limited,wm morrison supermarkets limited,Retailers - supermarkets/hypermarkets,"Supermarket, 199-201 High Road, Wood Green, London",N22 6DR,Haringey,-0.11018,51.59697,GROCER_BAKERY,LOCATION_VERIFICATION
422789,Greggs,greggs,Retailers - other,"7 The Broadway, Wood Green, London",N22 6DS,Haringey,-0.109541,51.596025,BAKERY_CAFE,LOCATION_VERIFICATION
422998,Lidl,lidl,Retailers - supermarkets/hypermarkets,"Units 7-8, 88-96 High Road, Wood Green, London",N22 6HE,Haringey,-0.1075586,51.5941696,GROCER_BAKERY,LOCATION_VERIFICATION
422038,Iceland Foods Plc,iceland foods plc,Retailers - supermarkets/hypermarkets,"59 Mayes Road, Wood Green, London",N22 6TN,Haringey,-0.111799,51.594497,GROCER_BAKERY,VERIFIED_CANDIDATE
1181381,Mleczko Delikatesy Ltd,mleczko delikatesy ltd,Retailers - supermarkets/hypermarkets,"Unit A Eclipse House, 35 Station Road, Wood Green, London",N22 6UX,Haringey,-0.1115518,51.5967518,GROCER_BAKERY,VERIFIED_CANDIDATE
1422057,Charlie's Cafe & Bakery,charlie s cafe and bakery,Restaurant/Cafe/Canteen,"Unit 63b, Wood Green Shopping City, High Road, Wood Green",N22 6YA,Haringey,,,BAKERY_CAFE,VERIFIED_CANDIDATE
918811,Pret A Manger,pret a manger,Restaurant/Cafe/Canteen,"Unit 23, Wood Green Shopping City, High Road, Wood Green",N22 6YA,Haringey,,,BAKERY_CAFE,LOCATION_VERIFICATION
423092,Sweet Tree Bakery,sweet tree bakery,Retailers - other,"1 Crescent Road, Wood Green, London",N22 7RP,Haringey,-0.1231825,51.5990157,BAKERY_CAFE,VERIFIED_CANDIDATE
1797988,Ally pally food store Ltd,ally pally food store ltd,Retailers - supermarkets/hypermarkets,"3 St Michaels Terrace, Wood Green, London",N22 7SJ,Haringey,-0.1194683,51.5983987,GROCER_BAKERY,VERIFIED_CANDIDATE
1838431,Fresh Patisserie & Bakery Limited,fresh patisserie and bakery limited,Restaurant/Cafe/Canteen,"4 Commerce Road, Wood Green, London",N22 8ED,Haringey,-0.112988,51.602384,BAKERY_CAFE,VERIFIED_CANDIDATE
1357749,Gia Sou Bakery Bound's Green,gia sou bakery bound s green,Retailers - other,"112 Myddleton Road, Wood Green, London",N22 8NQ,Haringey,-0.1185089,51.6065934,CORE_BAKERY,VERIFIED_CANDIDATE
1848777,Only the Brave,only the brave,Takeaway/sandwich shop,"Cafe, Bowes Park Railway Station, Ireland Place, Wood Green",N22 8YY,Haringey,-0.1204793,51.6071376,BAKERY_CAFE,LOCATION_VERIFICATION
1255517,The Female Glaze,the female glaze,Other catering premises,"77 Burgoyne Road, Hornsey, London",N4 1AB,Haringey,-0.1001805,51.5779088,CORE_BAKERY,VERIFIED_CANDIDATE
422045,Antepliler Baklava,antepliler baklava,Retailers - other,"47 Grand Parade, Tottenham, London",N4 1AG,Haringey,-0.098898,51.579118,CORE_BAKERY,VERIFIED_CANDIDATE
422488,Yasar Halim (Bakery),yasar halim bakery,Retailers - other,"495-497 Green Lanes, Hornsey, London",N4 1AL,Haringey,-0.0996618,51.5810028,GROCER_BAKERY,VERIFIED_CANDIDATE
422422,Yasar Halim (Grocery),yasar halim grocery,Retailers - other,"491-493 Green Lanes, Hornsey, London",N4 1AL,Haringey,-0.0997392,51.5808781,GROCER_BAKERY,VERIFIED_CANDIDATE
1649111,Stamp Brasserie,stamp brasserie,Restaurant/Cafe/Canteen,"509-511 Green Lanes, Hornsey, London",N4 1AN,Haringey,-0.0998871,51.581483,BAKERY_CAFE,VERIFIED_CANDIDATE
1035222,Simit Sarayi,simit sarayi,Restaurant/Cafe/Canteen,"36 Grand Parade, Tottenham, London",N4 1AQ,Haringey,-0.099,51.579785,BAKERY_CAFE,VERIFIED_CANDIDATE
868901,"Gaziantep Sultan Patiserie,",gaziantep sultan patiserie,Retailers - other,"72 Grand Parade, Tottenham, London",N4 1DU,Haringey,-0.098662,51.577846,CORE_BAKERY,VERIFIED_CANDIDATE
1419329,Greggs PLC,greggs plc,Retailers - other,"Unit 4a, Arena Shopping Park, Williamson Road, Tottenham",N4 1ED,Haringey,-0.0972786,51.5758564,CORE_BAKERY,LOCATION_VERIFICATION
1540413,Turkish Porter,turkish porter,Retailers - supermarkets/hypermarkets,"102 Vale Road, Tottenham, London",N4 1FL,Haringey,-0.0902253,51.5750762,GROCER_BAKERY,SUPERMARKET_SUPPLEMENT
1801886,Antepliler Kunefe & Patisserie,antepliler kunefe and patisserie,Manufacturers/packers,"441 Green Lanes, Hornsey, London",N4 1HA,Haringey,-0.0994479,51.5792098,CORE_BAKERY,VERIFIED_CANDIDATE
439890,Kofali Hot Nuts,kofali hot nuts,Retailers - other,"Cafe, 443 Green Lanes, Hornsey, London",N4 1HA,Haringey,-0.0994601,51.579264,GROCER_BAKERY,VERIFIED_CANDIDATE
1255466,Mum's Wholefood,mum s wholefood,Retailers - other,"435 Green Lanes, Hornsey, London",N4 1HA,Haringey,-0.0992967,51.5790275,GROCER_BAKERY,VERIFIED_CANDIDATE
1369969,The Dusty Knuckle Bakery,the dusty knuckle bakery,Other catering premises,"429 Green Lanes, Hornsey, London",N4 1HA,Haringey,-0.0992454,51.5788738,CORE_BAKERY,VERIFIED_CANDIDATE
423318,"Adali  Cake, Adali Patisserie Ltd",adali cake adali patisserie ltd,Restaurant/Cafe/Canteen,"8 Grand Parade, Tottenham, London",N4 1JX,Haringey,-0.0992849,51.581734,BAKERY_CAFE,VERIFIED_CANDIDATE
439416,Iceland Foods Plc,iceland foods plc,Retailers - supermarkets/hypermarkets,"17-19 Grand Parade, Tottenham, London",N4 1LA,Haringey,-0.099247,51.581138,GROCER_BAKERY,LOCATION_VERIFICATION
1392159,Antepzade,antepzade,Retailers - other,"24 Grand Parade, Tottenham, London",N4 1LG,Haringey,-0.099028,51.580496,CORE_BAKERY,VERIFIED_CANDIDATE
422320,Sainsbury's,sainsbury s,Retailers - supermarkets/hypermarkets,"Supermarket, 4 Williamson Road, Tottenham, London",N4 1UJ,Haringey,-0.095424,51.577299,GROCER_BAKERY,SUPERMARKET_SUPPLEMENT
423386,Lidl,lidl,Retailers - supermarkets/hypermarkets,"269-271 Seven Sisters Road, Hornsey, London",N4 2DE,Haringey,-0.104943,51.565295,GROCER_BAKERY,LOCATION_VERIFICATION
1081613,L'An 2000 Kompressor Ltd,l an 2000 kompressor ltd,Retailers - other,"Left Shop, 86 Stroud Green Road, Hornsey, London",N4 3EN,Haringey,-0.1097151,51.5682881,GROCER_BAKERY,VERIFIED_CANDIDATE
1213296,Butler's Food Limited,butler s food limited,Restaurant/Cafe/Canteen,"186 Stroud Green Road, Hornsey, London",N4 3RN,Haringey,-0.1144562,51.5705316,GROCER_BAKERY,VERIFIED_CANDIDATE
1383349,Pachara,pachara,Retailers - other,"184 Stroud Green Road, Hornsey, London",N4 3RN,Haringey,-0.1142163,51.5704019,GROCER_BAKERY,VERIFIED_CANDIDATE
422851,7 To 11 Grocers Ltd,7 to 11 grocers ltd,Retailers - other,"363 Archway Road, Hornsey, London",N6 4EJ,Haringey,-0.148107,51.577891,GROCER_BAKERY,VERIFIED_CANDIDATE
1756025,Margot Bakery Highgate,margot bakery highgate,Manufacturers/packers,"373 Archway Road, Hornsey, London",N6 4EJ,Haringey,-0.148107,51.577891,CORE_BAKERY,VERIFIED_CANDIDATE
1105220,Fonseca's Deli Ltd,fonseca s deli ltd,Retailers - other,"343 Archway Road, Hornsey, London",N6 5AA,Haringey,-0.1468194,51.5773689,GROCER_BAKERY,VERIFIED_CANDIDATE
569467,Sainsbury's,sainsbury s,Retailers - supermarkets/hypermarkets,"260-268 Archway Road, Hornsey, London",N6 5AX,Haringey,-0.141708,51.574471,GROCER_BAKERY,LOCATION_VERIFICATION
1045969,Gails Bakery Highgate,gails bakery highgate,Restaurant/Cafe/Canteen,"88 To 90 Block, Highgate High Street, Hornsey, London",N6 5HX,Haringey,,,BAKERY_CAFE,VERIFIED_CANDIDATE
422880,Ambala Sweet Centre,ambala sweet centre,Retailers - other,"61 Turnpike Lane, Wood Green, London",N8 0EE,Haringey,-0.107131,51.589404,GROCER_BAKERY,VERIFIED_CANDIDATE
422082,Praan (Retail Shop),praan retail shop,Retailers - other,"77 Turnpike Lane, Wood Green, London",N8 0EE,Haringey,-0.107131,51.589404,GROCER_BAKERY,VERIFIED_CANDIDATE
1035187,Agora Greek Bakery,agora greek bakery,Retailers - other,"308 Wightman Road, Hornsey, London",N8 0LT,Haringey,-0.1095045,51.5886796,CORE_BAKERY,VERIFIED_CANDIDATE
1777745,Le Bon Patisserie,le bon patisserie,Manufacturers/packers,"Ground Floor Shop, 20 Turnpike Lane, Wood Green, London",N8 0PS,Haringey,-0.105911999940872,51.5898857116699,CORE_BAKERY,VERIFIED_CANDIDATE
1922897,Pera Artisan Patisserie,pera artisan patisserie,Restaurant/Cafe/Canteen,"4-5  Salisbury Promenade, Green Lanes, Hornsey, London",N8 0RX,Haringey,-0.0995338,51.583033,CORE_BAKERY,VERIFIED_CANDIDATE
1786368,Cloud 7 brunch,cloud 7 brunch,Restaurant/Cafe/Canteen,"Workshop 40a, Tottenham Lane, Hornsey, London",N8 7EA,Haringey,-0.1124184,51.5866403,BAKERY_CAFE,VERIFIED_CANDIDATE
1864266,Intrepid Bakery Anassa,intrepid bakery anassa,Manufacturers/packers,"38 High Street, Hornsey, London",N8 7NX,Haringey,-0.1197809,51.5873251,BAKERY_CAFE,VERIFIED_CANDIDATE
423090,Bloomers Florist Cafe,bloomers florist cafe,Restaurant/Cafe/Canteen,"1 Campsbourne Parade, High Street, Hornsey, London",N8 7PR,Haringey,-0.11957227615353,51.5875557567285,BAKERY_CAFE,VERIFIED_CANDIDATE
1836262,Oak & Bean,oak and bean,Restaurant/Cafe/Canteen,"25 High Street, Hornsey, London",N8 7QB,Haringey,-0.1177646,51.5879132,BAKERY_CAFE,VERIFIED_CANDIDATE
1198817,Sainsbury's,sainsbury s,Retailers - supermarkets/hypermarkets,"Smithfield Square, High Street, Hornsey, London",N8 7QB,Haringey,-0.116512,51.588034,GROCER_BAKERY,LOCATION_VERIFICATION
422343,Marks & Spencer Simply Foods,marks and spencer simply foods,Retailers - supermarkets/hypermarkets,"Shop Exchange House, 71 Crouch End Hill, Hornsey, London",N8 8DF,Haringey,-0.1247112,51.5773145,GROCER_BAKERY,SUPERMARKET_SUPPLEMENT
423394,Sable D'or Patisserie,sable d or patisserie,Retailers - other,"43 The Broadway, Hornsey, London",N8 8DT,Haringey,-0.1241017,51.5798496,CORE_BAKERY,VERIFIED_CANDIDATE
423392,Broadway Fruiterers Ltd,broadway fruiterers ltd,Retailers - other,"15 The Broadway, Hornsey, London",N8 8DU,Haringey,-0.124098,51.5788874,GROCER_BAKERY,VERIFIED_CANDIDATE
423393,Greggs,greggs,Retailers - other,"29 The Broadway, Hornsey, London",N8 8DU,Haringey,-0.1241679,51.5792932,BAKERY_CAFE,LOCATION_VERIFICATION
1672683,Sainsbury's,sainsbury s,Retailers - supermarkets/hypermarkets,"21-23 The Broadway, Hornsey, London",N8 8DU,Haringey,-0.124135,51.578931,GROCER_BAKERY,LOCATION_VERIFICATION
423069,Waitrose,waitrose,Retailers - supermarkets/hypermarkets,"35-39 The Broadway, Hornsey, London",N8 8DU,Haringey,-0.124135,51.578931,GROCER_BAKERY,SUPERMARKET_SUPPLEMENT
1375837,Wenzels the Bakers Limited,wenzels the bakers limited,Retailers - other,"19 The Broadway, Hornsey, London",N8 8DU,Haringey,-0.1240936,51.5789952,CORE_BAKERY,VERIFIED_CANDIDATE
1738952,Shell Little Waitrose Hornsey Pk Rd,shell little waitrose hornsey pk rd,Retailers - other,"Petrol Filling Station Garage, 93-113 Park Road, Hornsey, London",N8 8JN,Haringey,-0.128052,51.582284,GROCER_BAKERY,VERIFIED_CANDIDATE
1496601,Nisa Local,nisa local,Retailers - other,"306 Park Road, Hornsey, London",N8 8LA,Haringey,-0.1335391,51.5869423,GROCER_BAKERY,LOCATION_VERIFICATION
1301409,Sourdough Sophia,sourdough sophia,Restaurant/Cafe/Canteen,"24 Middle Lane, Hornsey, London",N8 8PL,Haringey,-0.123506,51.581223,CORE_BAKERY,VERIFIED_CANDIDATE
1517548,Punk Cake,punk cake,Retailers - other,"35 Topsfield Parade, Tottenham Lane, Hornsey, London",N8 8PT,Haringey,-0.1225735,51.5808593,CORE_BAKERY,VERIFIED_CANDIDATE
1646194,Oakfield Bakery LLP,oakfield bakery llp,Retailers - other,,N8 9,Haringey,,,CORE_BAKERY,VERIFIED_CANDIDATE
1872238,The Corner Buzz,the corner buzz,Retailers - other,"95 Tottenham Lane, Hornsey, London",N8 9BG,Haringey,-0.116886,51.583212,GROCER_BAKERY,VERIFIED_CANDIDATE
1735122,Ivie & Co,ivie and co,Restaurant/Cafe/Canteen,"125 Tottenham Lane, Hornsey, London",N8 9BJ,Haringey,-0.1181725,51.5825783,BAKERY_CAFE,VERIFIED_CANDIDATE
1672689,Brekky and brunch,brekky and brunch,Restaurant/Cafe/Canteen,"Ground Floor Shop, 157 Tottenham Lane, Hornsey, London",N8 9BT,Haringey,-0.120002,51.581841,BAKERY_CAFE,VERIFIED_CANDIDATE
1691675,Harvest @,harvest,Retailers - supermarkets/hypermarkets,"159A Tottenham Lane, Hornsey, London",N8 9BT,Haringey,-0.1199642,51.5818336,GROCER_BAKERY,SUPERMARKET_SUPPLEMENT
1287455,Fridge of Plenty,fridge of plenty,Other catering premises,"132 Crouch Hill, Hornsey, London",N8 9DX,Haringey,-0.1233477,51.5778322,GROCER_BAKERY,VERIFIED_CANDIDATE
1105229,Brewgle Limited,brewgle limited,Takeaway/sandwich shop,"Stationers Park Cafe, Mayfield Road, Hornsey, London",N8 9LP,Haringey,-0.112494997680187,51.5790939331055,BAKERY_CAFE,VERIFIED_CANDIDATE
422932,Dunns Bakery,dunns bakery,Retailers - other,"6 The Broadway, Hornsey, London",N8 9SN,Haringey,-0.123557,51.578238,CORE_BAKERY,VERIFIED_CANDIDATE
1658689,Clocktower Greens Ltd,clocktower greens ltd,Retailers - other,"52 The Broadway, Hornsey, London",N8 9TP,Haringey,-0.1232237,51.5797906,GROCER_BAKERY,VERIFIED_CANDIDATE
423368,Gail's Ltd,gail s ltd,Restaurant/Cafe/Canteen,"48 The Broadway, Hornsey, London",N8 9TP,Haringey,-0.12319,51.579779,CORE_BAKERY,VERIFIED_CANDIDATE
1502668,Russell's Hub,russell s hub,Takeaway/sandwich shop,"Russell Park, Maurice Avenue, Wood Green, London",,Haringey,-0.0963930069288065,51.5957885037377,BAKERY_CAFE,VERIFIED_CANDIDATE
1960478,Grape Tree,grape tree,Retailers - other,"Unit 5 St Anns Shopping Centre St Anns Road, Harrow",HA1 1AS,Harrow,-0.3369223,51.5813398,GROCER_BAKERY,LOCATION_VERIFICATION
1918011,Lidl,lidl,Retailers - supermarkets/hypermarkets,"St Anns Shopping Centre St Anns Road, Harrow",HA1 1AS,Harrow,-0.3369223,51.5813398,GROCER_BAKERY,LOCATION_VERIFICATION
1724229,Muffin Break,muffin break,Restaurant/Cafe/Canteen,"Unit 6, St Anns Shopping Centre",HA1 1AS,Harrow,-0.3363748,51.5809184,BAKERY_CAFE,LOCATION_VERIFICATION
1806979,"Caffe Nero, Harrow On The Hill Underground Station, Station Approach, Harrow, HA1 1BB",caffe nero harrow on the hill underground station station approach harrow ha1 1bb,Restaurant/Cafe/Canteen,"Harrow On The Hill Underground Station, Station Approach",HA1 1BB,Harrow,-0.3369674,51.5794963,BAKERY_CAFE,VERIFIED_CANDIDATE
277222,Wenzel's,wenzel s,Takeaway/sandwich shop,"75 College Road, Harrow",HA1 1BD,Harrow,-0.337039,51.579883,CORE_BAKERY,LOCATION_VERIFICATION
277259,Prahova,prahova,Retailers - other,"22-24 College Road, Harrow",HA1 1BE,Harrow,-0.335871,51.580254,GROCER_BAKERY,VERIFIED_CANDIDATE
1706288,B&M Retail Ltd,b and m retail ltd,Retailers - supermarkets/hypermarkets,"Unit 1 And Unit 2, St Georges Shopping Centre",HA1 1HS,Harrow,-0.3381747,51.5813148,GROCER_BAKERY,LOCATION_VERIFICATION
1075281,Heriot Cakes,heriot cakes,Retailers - other,"St Georges Shopping Centre, St Anns Road",HA1 1HS,Harrow,-0.338858,51.581456,CORE_BAKERY,VERIFIED_CANDIDATE
1004312,Greggs,greggs,Retailers - other,"51 St Anns Road, Harrow",HA1 1JU,Harrow,-0.335376,51.581173,CORE_BAKERY,LOCATION_VERIFICATION
1772474,Pret a Manger Harrow,pret a manger harrow,Restaurant/Cafe/Canteen,"68-70 St Anns Road, Harrow",HA1 1JX,Harrow,-0.3367954,51.5816527,BAKERY_CAFE,VERIFIED_CANDIDATE
932562,Wenzel's,wenzel s,Retailers - other,"48 St Anns Road, Harrow",HA1 1LA,Harrow,-0.335316,51.581612,CORE_BAKERY,LOCATION_VERIFICATION
276701,Marks & Spencer,marks and spencer,Retailers - supermarkets/hypermarkets,"31 St Anns Road, Harrow",HA1 1NB,Harrow,-0.335696,51.581105,GROCER_BAKERY,VERIFIED_CANDIDATE
1104143,Coco Corner,coco corner,Takeaway/sandwich shop,"389 Station Road, Harrow",HA1 2AT,Harrow,-0.334152,51.578727,BAKERY_CAFE,VERIFIED_CANDIDATE
1901782,Jalaram Grocery Ltd,jalaram grocery ltd,Retailers - other,"24 Peterborough Road, Harrow",HA1 2BQ,Harrow,-0.3336497,51.5772918,GROCER_BAKERY,VERIFIED_CANDIDATE
1702197,Gayatri Farmer's Store,gayatri farmer s store,Retailers - other,"324 Station Road, Harrow",HA1 2DX,Harrow,-0.333296,51.581206,GROCER_BAKERY,VERIFIED_CANDIDATE
1848817,Station Food Centre,station food centre,Retailers - supermarkets/hypermarkets,"314 Station Road, Harrow",HA1 2DX,Harrow,-0.3331408,51.5812031,GROCER_BAKERY,SUPERMARKET_SUPPLEMENT
816579,Ancona,ancona,Restaurant/Cafe/Canteen,"309 Station Road, Harrow",HA1 2TA,Harrow,-0.333372,51.581881,BAKERY_CAFE,VERIFIED_CANDIDATE
657954,Lucky,lucky,Retailers - other,"263 Station Road, Harrow",HA1 2TB,Harrow,-0.332086,51.583122,GROCER_BAKERY,VERIFIED_CANDIDATE
1912696,SHAKTI PAAN HUB,shakti paan hub,Retailers - other,"Unit 7 273 Station Road, Harrow",HA1 2TB,Harrow,-0.3327156,51.5827009,GROCER_BAKERY,VERIFIED_CANDIDATE
1104129,Costa Ltd,costa ltd,Restaurant/Cafe/Canteen,"Tesco Superstore, Station Road",HA1 2TU,Harrow,,,GROCER_BAKERY,LOCATION_VERIFICATION
276928,Tesco Superstore,tesco superstore,Retailers - supermarkets/hypermarkets,"Station Road, Harrow",HA1 2TU,Harrow,-0.332626,51.586475,GROCER_BAKERY,SUPERMARKET_SUPPLEMENT
1744824,Brasileiro Harrow,brasileiro harrow,Retailers - other,"1 Central Parade, Station Road",HA1 2TW,Harrow,-0.332538,51.584567,GROCER_BAKERY,VERIFIED_CANDIDATE
277289,Kabul-Beirut Supermarket & Halal,kabul beirut supermarket and halal,Retailers - supermarkets/hypermarkets,"8 Central Parade Station Road, Harrow",HA1 2TW,Harrow,-0.332611,51.5847677,GROCER_BAKERY,SUPERMARKET_SUPPLEMENT
276329,Le Petit Cake Shop,le petit cake shop,Retailers - other,"5 Central Parade, Station Road",HA1 2TW,Harrow,-0.332538,51.584567,CORE_BAKERY,VERIFIED_CANDIDATE
1668886,Cake Shop,cake shop,Retailers - other,"67 Station Road, Harrow",HA1 2TY,Harrow,-0.3323553,51.5870212,CORE_BAKERY,LOCATION_VERIFICATION
851621,Diya Food and Wine,diya food and wine,Retailers - other,"71 Station Road, Harrow",HA1 2TY,Harrow,-0.332384,51.5872,GROCER_BAKERY,VERIFIED_CANDIDATE
879393,Arya Market & Bakery,arya market and bakery,Retailers - supermarkets/hypermarkets,"29 Station Road, Harrow",HA1 2UA,Harrow,-0.332528,51.587993,GROCER_BAKERY,SUPERMARKET_SUPPLEMENT
1060767,Harrow Afghan Bakery,harrow afghan bakery,Manufacturers/packers,"37 Station Road, Harrow",HA1 2UA,Harrow,-0.332528,51.587993,CORE_BAKERY,VERIFIED_CANDIDATE
276900,Bessborough SF Connect,bessborough sf connect,Retailers - other,"Bp Service Station, Bessborough Road",HA1 3BS,Harrow,,,GROCER_BAKERY,VERIFIED_CANDIDATE
771457,Battels,battels,Takeaway/sandwich shop,"64 High Street, Harrow",HA1 3LL,Harrow,-0.338837,51.571744,BAKERY_CAFE,VERIFIED_CANDIDATE
277154,Shaws,shaws,Retailers - other,"82 High Street, Harrow",HA1 3LW,Harrow,-0.339841,51.570733,GROCER_BAKERY,VERIFIED_CANDIDATE
277390,Mleczko Delikatesy,mleczko delikatesy,Retailers - other,"137-139 Greenford Road, Harrow",HA1 3QN,Harrow,-0.3356094,51.5580222,GROCER_BAKERY,VERIFIED_CANDIDATE
471049,Morrisons,morrisons,Retailers - supermarkets/hypermarkets,"Unit 1 Trident Point, 19 Pinner Road",HA1 4FR,Harrow,-0.3427626,51.5804964,GROCER_BAKERY,LOCATION_VERIFICATION
1883953,Asda Express Harrow Headstone Drive,asda express harrow headstone drive,Retailers - supermarkets/hypermarkets,"2 Hetherington Street, Harrow Harrow",HA1 4RQ,Harrow,-0.3413309,51.5933814,GROCER_BAKERY,VERIFIED_CANDIDATE
1124956,Baranis,baranis,Retailers - other,"3 Cumberland Court, Princes Drive",HA1 4UD,Harrow,-0.339104,51.593311,GROCER_BAKERY,VERIFIED_CANDIDATE
1885520,Sainsbury's,sainsbury s,Retailers - other,"2 Eastman Road, Harrow Harrow",HA1 4WB,Harrow,-0.3484175,51.596267,GROCER_BAKERY,LOCATION_VERIFICATION
277138,Wenzel's,wenzel s,Retailers - other,"239 Northolt Road, South Harrow",HA2 0AT,Harrow,-0.353802,51.57173,CORE_BAKERY,LOCATION_VERIFICATION
277007,Waitrose,waitrose,Retailers - supermarkets/hypermarkets,"Waitrose Limited, 140 Northolt Road",HA2 0EG,Harrow,-0.3516333,51.5675818,GROCER_BAKERY,SUPERMARKET_SUPPLEMENT
276930,Waitrose Petrol Station,waitrose petrol station,Retailers - supermarkets/hypermarkets,"Service Station Adjacent To 140, Northolt Road",HA2 0EG,Harrow,-0.352159,51.567679,GROCER_BAKERY,VERIFIED_CANDIDATE
277278,Costcutter Harrow limited,costcutter harrow limited,Retailers - other,"Units 1 & 2, Lime Terrace",HA2 0ET,Harrow,-0.363908,51.57117,GROCER_BAKERY,VERIFIED_CANDIDATE
1960481,Eastern European bakery,eastern european bakery,Takeaway/sandwich shop,"Unit 14 South Harrow Market Northolt Road, Harrow",HA2 0EU,Harrow,-0.3530113,51.5651016,CORE_BAKERY,VERIFIED_CANDIDATE
1717838,Rogalik,rogalik,Retailers - other,"Shop 5, South Harrow Market",HA2 0EU,Harrow,-0.353046,51.565101,GROCER_BAKERY,VERIFIED_CANDIDATE
277388,VB & Sons,vb and sons,Retailers - other,"539-545 Pinner Road, Harrow",HA2 6EQ,Harrow,-0.363604,51.589303,GROCER_BAKERY,VERIFIED_CANDIDATE
1199805,Coffee Haven,coffee haven,Restaurant/Cafe/Canteen,"Wyevale Garden Centre, Headstone Lane",HA2 6NB,Harrow,-0.357982993125916,51.6029052734375,BAKERY_CAFE,VERIFIED_CANDIDATE
1748207,Harrow Superstore,harrow superstore,Retailers - other,"83 Station Road, North Harrow",HA2 7SW,Harrow,-0.36206434,51.58483856,GROCER_BAKERY,VERIFIED_CANDIDATE
1717832,KTM Mini Mart,ktm mini mart,Retailers - other,"9 Broadway Parade, Pinner Road",HA2 7SY,Harrow,-0.3616709,51.5858876,GROCER_BAKERY,VERIFIED_CANDIDATE
276369,Wenzel's,wenzel s,Retailers - other,"4 Broadway Parade, Pinner Road",HA2 7SY,Harrow,-0.361727,51.586094,CORE_BAKERY,VERIFIED_CANDIDATE
1242207,Eggfree Cakebox,eggfree cakebox,Retailers - other,"280 Northolt Road, South Harrow",HA2 8EB,Harrow,-0.355398,51.563489,CORE_BAKERY,LOCATION_VERIFICATION
1406893,Aldi Stores Ltd.,aldi stores ltd,Retailers - supermarkets/hypermarkets,"330 332, Northolt Road",HA2 8EQ,Harrow,-0.356954,51.5621984,GROCER_BAKERY,LOCATION_VERIFICATION
1803285,RADHE INDIAN GROCERY STORE LTD,radhe indian grocery store ltd,Retailers - other,"343 Northolt Road, South Harrow",HA2 8JB,Harrow,-0.3564741,51.5619039,GROCER_BAKERY,VERIFIED_CANDIDATE
277437,Asda,asda,Retailers - supermarkets/hypermarkets,"469-491 Northolt Road, South Harrow",HA2 8JN,Harrow,-0.3608621,51.5578288,GROCER_BAKERY,SUPERMARKET_SUPPLEMENT
748015,La Claudia,la claudia,Retailers - other,"330 Eastcote Lane, South Harrow",HA2 9AJ,Harrow,-0.374294,51.561566,GROCER_BAKERY,VERIFIED_CANDIDATE
1772472,Bharatiya Cash and Carry,bharatiya cash and carry,Retailers - supermarkets/hypermarkets,"178 Alexandra Avenue, Harrow",HA2 9BN,Harrow,-0.365519,51.564484,GROCER_BAKERY,VERIFIED_CANDIDATE
457840,Tesco,tesco,Retailers - other,"Tesco Extra, 221 Alexandra Avenue",HA2 9DL,Harrow,-0.3666284,51.5647883,GROCER_BAKERY,SUPERMARKET_SUPPLEMENT
1742762,Top Nourish,top nourish,Restaurant/Cafe/Canteen,"475 Alexandra Avenue, Harrow",HA2 9RY,Harrow,-0.3710543,51.5749754,BAKERY_CAFE,VERIFIED_CANDIDATE
1332433,Kandy's Cafe,kandy s cafe,Mobile caterer,,HA3 ,Harrow,,,BAKERY_CAFE,VERIFIED_CANDIDATE
816514,Asda,asda,Retailers - supermarkets/hypermarkets,"35-43 High Street, Wealdstone",HA3 5DE,Harrow,-0.33577,51.594873,GROCER_BAKERY,SUPERMARKET_SUPPLEMENT
1730649,Londis Esso High Weald Service Station,londis esso high weald service station,Retailers - other,"185 High Street, Wealdstone",HA3 5EA,Harrow,-0.338037,51.59959,GROCER_BAKERY,VERIFIED_CANDIDATE
1221378,Harrow Food Centre Ltd,harrow food centre ltd,Retailers - supermarkets/hypermarkets,"16-18 Headstone Drive, Wealdstone",HA3 5QH,Harrow,-0.3361998,51.594,GROCER_BAKERY,VERIFIED_CANDIDATE
1942860,SALASAR SWEET,salasar sweet,Retailers - other,"20-22 Headstone Drive, Harrow",HA3 5QH,Harrow,-0.3363887,51.5939667,GROCER_BAKERY,VERIFIED_CANDIDATE
1039110,Wenzel's,wenzel s,Manufacturers/packers,"425 High Road, Harrow",HA3 6EJ,Harrow,-0.34056,51.605651,CORE_BAKERY,LOCATION_VERIFICATION
1265278,Lidl,lidl,Retailers - supermarkets/hypermarkets,"354 High Road, Harrow",HA3 6HF,Harrow,-0.3392524,51.606489,GROCER_BAKERY,LOCATION_VERIFICATION
276426,Waitrose,waitrose,Retailers - supermarkets/hypermarkets,"350 High Road, Harrow",HA3 6HF,Harrow,-0.339583,51.6053426,GROCER_BAKERY,SUPERMARKET_SUPPLEMENT
1748215,Greggs PLC,greggs plc,Retailers - other,"48 High Street, Wealdstone",HA3 7AE,Harrow,-0.3349575,51.594414,BAKERY_CAFE,LOCATION_VERIFICATION
276606,Wenzel's,wenzel s,Retailers - other,"60 High Street, Wealdstone",HA3 7AF,Harrow,-0.33502,51.594854,CORE_BAKERY,LOCATION_VERIFICATION
1705255,Fotoor,fotoor,Takeaway/sandwich shop,"106A High Street, Wealdstone",HA3 7AH,Harrow,-0.335217,51.5963961,CORE_BAKERY,VERIFIED_CANDIDATE
276944,"Pradip Sweets & Savories, Vaghaar Restaurant",pradip sweets and savories vaghaar restaurant,Restaurant/Cafe/Canteen,"152-156 Kenton Road, Harrow",HA3 8AZ,Harrow,-0.315726,51.5831149,BAKERY_CAFE,VERIFIED_CANDIDATE
276946,Pick N Save,pick n save,Retailers - other,"202-204 Kenton Road, Harrow",HA3 8BX,Harrow,-0.3136148,51.5843884,GROCER_BAKERY,VERIFIED_CANDIDATE
1863322,Asda Express PFS Belmont,asda express pfs belmont,Retailers - supermarkets/hypermarkets,"Belmont Circle Service Station, Belmont Circle Belmont Harrow",HA3 8RF,Harrow,-0.3173204,51.6011523,GROCER_BAKERY,VERIFIED_CANDIDATE
964905,Wenzel's,wenzel s,Retailers - other,"24 Belmont Circle, Belmont",HA3 8RF,Harrow,-0.31826941,51.60156921,CORE_BAKERY,LOCATION_VERIFICATION
816498,Happy Shopper,happy shopper,Retailers - other,"223 Kenton Lane, Harrow",HA3 8RP,Harrow,-0.312895,51.595805,GROCER_BAKERY,LOCATION_VERIFICATION
493156,Wenzel's,wenzel s,Retailers - other,"250 Streatfield Road, Harrow",HA3 9BY,Harrow,-0.295828,51.595478,CORE_BAKERY,LOCATION_VERIFICATION
1692452,MIR Food Centre,mir food centre,Retailers - supermarkets/hypermarkets,"201-203 Streatfield Road, Harrow",HA3 9DA,Harrow,-0.295575,51.5959457,GROCER_BAKERY,SUPERMARKET_SUPPLEMENT
277172,Meera,meera,Retailers - other,"205 Streatfield Road, Harrow",HA3 9DA,Harrow,-0.295824,51.595964,GROCER_BAKERY,VERIFIED_CANDIDATE
276806,Triple - A,triple a,Retailers - other,"217-219 Streatfield Road, Harrow",HA3 9DA,Harrow,-0.295824,51.595964,GROCER_BAKERY,VERIFIED_CANDIDATE
277302,Daisys in the Park,daisys in the park,Restaurant/Cafe/Canteen,"West House Gallery, West End Lane",HA5 1AE,Harrow,-0.3866705,51.5924738,BAKERY_CAFE,VERIFIED_CANDIDATE
276449,Tesco,tesco,Retailers - supermarkets/hypermarkets,"1 Ash Hill Drive, Pinner",HA5 2AG,Harrow,-0.395423,51.596999,GROCER_BAKERY,SUPERMARKET_SUPPLEMENT
276932,Lidl,lidl,Retailers - supermarkets/hypermarkets,"69 Bridge Street, Pinner",HA5 3HZ,Harrow,-0.385277,51.595241,GROCER_BAKERY,LOCATION_VERIFICATION
1400396,Bread of Life,bread of life,Retailers - other,"Pinner Delivery Office, 67 Bridge Street",HA5 3JB,Harrow,-0.3851489,51.5950528,CORE_BAKERY,VERIFIED_CANDIDATE
816501,Copper Kettle,copper kettle,Restaurant/Cafe/Canteen,"34 Bridge Street, Pinner",HA5 3JF,Harrow,-0.383835,51.595221,BAKERY_CAFE,VERIFIED_CANDIDATE
816500,Wenzel's,wenzel s,Retailers - other,"55 Bridge Street, Pinner",HA5 3JR,Harrow,-0.384361,51.595012,CORE_BAKERY,LOCATION_VERIFICATION
1833981,Kafeador,kafeador,Restaurant/Cafe/Canteen,"414 Uxbridge Road, Pinner",HA5 4HP,Harrow,-0.3762791,51.607331,BAKERY_CAFE,VERIFIED_CANDIDATE
1863318,Doolchee Coffee & Dessert,doolchee coffee and dessert,Restaurant/Cafe/Canteen,"336 Uxbridge Road, Hatch End Pinner",HA5 4HR,Harrow,-0.3748353,51.6077854,BAKERY_CAFE,VERIFIED_CANDIDATE
943452,Caffe Pascucci (Brothers Caffe Ltd),caffe pascucci brothers caffe ltd,Restaurant/Cafe/Canteen,"385 Uxbridge Road, Hatch End",HA5 4JN,Harrow,-0.372503,51.608103,BAKERY_CAFE,VERIFIED_CANDIDATE
276520,Morrisons,morrisons,Restaurant/Cafe/Canteen,"299 Uxbridge Road, Hatch End",HA5 4QT,Harrow,-0.364908,51.608042,GROCER_BAKERY,VERIFIED_CANDIDATE
1314139,Rayners Food Centre,rayners food centre,Retailers - supermarkets/hypermarkets,"416 - 420 Rayners Lane, Harrow",HA5 5DY,Harrow,-0.3708797,51.5770323,GROCER_BAKERY,SUPERMARKET_SUPPLEMENT
1718565,Cakebox,cakebox,Retailers - other,"335 Rayners Lane, Harrow",HA5 5EN,Harrow,-0.371394,51.576121,CORE_BAKERY,LOCATION_VERIFICATION
276468,Sainsbury's,sainsbury s,Retailers - supermarkets/hypermarkets,"387-395 Rayners Lane, Harrow",HA5 5ER,Harrow,-0.371476,51.576653,GROCER_BAKERY,LOCATION_VERIFICATION
276820,Wenzel's,wenzel s,Retailers - other,"423 Rayners Lane, Harrow",HA5 5ER,Harrow,-0.371476,51.576653,CORE_BAKERY,LOCATION_VERIFICATION
276619,Sainsbury's,sainsbury s,Retailers - supermarkets/hypermarkets,"12 Barters Walk, Pinner",HA5 5LU,Harrow,-0.3806897,51.5933726,GROCER_BAKERY,LOCATION_VERIFICATION
1890769,Cake House Bakery,cake house bakery,Retailers - other,"429 Honeypot Lane, Stanmore",HA7 1JJ,Harrow,-0.2950385,51.5964958,CORE_BAKERY,LOCATION_VERIFICATION
1866049,MahaPrasad LTD,mahaprasad ltd,Retailers - other,"502-504 Honeypot Lane, Stanmore",HA7 1JR,Harrow,-0.2963022,51.6018894,GROCER_BAKERY,VERIFIED_CANDIDATE
1913688,Coco's,coco s,Restaurant/Cafe/Canteen,"25-29 Church Road, Stanmore",HA7 4AR,Harrow,-0.312364,51.617541,BAKERY_CAFE,VERIFIED_CANDIDATE
1222712,Oak Caffe Stanmore,oak caffe stanmore,Restaurant/Cafe/Canteen,"22 Church Road, Stanmore",HA7 4AW,Harrow,-0.311823,51.617336,BAKERY_CAFE,VERIFIED_CANDIDATE
1643156,Yosi's Boulangerie,yosi s boulangerie,Takeaway/sandwich shop,"6 Church Road, Stanmore",HA7 4AW,Harrow,-0.311823,51.617336,CORE_BAKERY,VERIFIED_CANDIDATE
276567,Sainsbury's,sainsbury s,Retailers - supermarkets/hypermarkets,"1-9 The Broadway, Stanmore",HA7 4DA,Harrow,-0.311124,51.617487,GROCER_BAKERY,LOCATION_VERIFICATION
1937922,7th Heaven Stanmore,7th heaven stanmore,Other catering premises,"36 The Broadway, Stanmore",HA7 4DU,Harrow,-0.3097591,51.6177926,BAKERY_CAFE,VERIFIED_CANDIDATE
276834,Lidl,lidl,Retailers - supermarkets/hypermarkets,"80-82 The Broadway, Stanmore",HA7 4DU,Harrow,-0.309168,51.618007,GROCER_BAKERY,LOCATION_VERIFICATION
607081,Wenzel's,wenzel s,Retailers - other,"34 The Broadway, Stanmore",HA7 4DU,Harrow,-0.309169,51.618008,CORE_BAKERY,LOCATION_VERIFICATION
1958183,Mama Bakery & Brunch Ltd,mama bakery and brunch ltd,Other catering premises,,HA8 ,Harrow,,,BAKERY_CAFE,VERIFIED_CANDIDATE
1900287,Blended London,blended london,Other catering premises,"195C Burnt Oak Broadway, Edgware",HA8 5EH,Harrow,-0.2713769,51.6034586,BAKERY_CAFE,LOCATION_VERIFICATION
1937591,Aroma Bakerky,aroma bakerky,Other catering premises,"143 Burnt Oak Broadway, Edgware",HA8 5EJ,Harrow,-0.2702731,51.6024802,CORE_BAKERY,VERIFIED_CANDIDATE
1377392,Patisserie Romana,patisserie romana,Manufacturers/packers,"129 Burnt Oak Broadway, Edgware",HA8 5EJ,Harrow,-0.27035,51.602569,CORE_BAKERY,VERIFIED_CANDIDATE
903801,Class Food Centre,class food centre,Retailers - supermarkets/hypermarkets,"97-99 Burnt Oak Broadway, Edgware",HA8 5EP,Harrow,-0.268093,51.600764,GROCER_BAKERY,SUPERMARKET_SUPPLEMENT
1617761,Maya Food Centre,maya food centre,Retailers - supermarkets/hypermarkets,"67 Burnt Oak Broadway, Edgware",HA8 5EP,Harrow,-0.267957,51.6007286,GROCER_BAKERY,SUPERMARKET_SUPPLEMENT
1377398,RAM'S CASH & CARRY LTD,ram s cash and carry ltd,Retailers - other,"18 North Parade, Mollison Way",HA8 5QH,Harrow,-0.278617,51.598177,GROCER_BAKERY,VERIFIED_CANDIDATE
276844,Shay Naiy Sweet Mart,shay naiy sweet mart,Retailers - other,"11 North Parade, Mollison Way",HA8 5QH,Harrow,-0.278617,51.598177,GROCER_BAKERY,VERIFIED_CANDIDATE
1718567,Sri Thurkkaa,sri thurkkaa,Retailers - supermarkets/hypermarkets,"9 North Parade, Mollison Way",HA8 5QH,Harrow,-0.2791594,51.5981325,GROCER_BAKERY,VERIFIED_CANDIDATE
1750947,Liams in the park,liams in the park,Takeaway/sandwich shop,"Canons Park Recreation Ground, Donnefield Avenue",HA8 6RJ,Harrow,-0.293952,51.608544,BAKERY_CAFE,VERIFIED_CANDIDATE
1057262,Wenzels,wenzels,Retailers - other,"21 Station Parade, Whitchurch Lane",HA8 6RW,Harrow,-0.2965936,51.6076039,CORE_BAKERY,LOCATION_VERIFICATION
276960,Lidl,lidl,Retailers - supermarkets/hypermarkets,"51-55 High Street, Edgware",HA8 7DD,Harrow,-0.2786918,51.6097645,GROCER_BAKERY,LOCATION_VERIFICATION
1679220,Cannon Mini Market ltd,cannon mini market ltd,Retailers - supermarkets/hypermarkets,"7 Canons Corner, Edgware",HA8 8AE,Harrow,-0.2932039,51.6213582,GROCER_BAKERY,VERIFIED_CANDIDATE
1923983,La Brioche,la brioche,Other catering premises,"2 Canons Corner, Edgware",HA8 8AE,Harrow,-0.2936101,51.6213101,BAKERY_CAFE,LOCATION_VERIFICATION
1279005,Tesco,tesco,Retailers - supermarkets/hypermarkets,"74 Whittington Way, Pinner",,Harrow,-0.3805337,51.5851783,GROCER_BAKERY,SUPERMARKET_SUPPLEMENT
1810490,My Trini Shop,my trini shop,Retailers - other,,RM1 ,Havering,,,GROCER_BAKERY,VERIFIED_CANDIDATE
1844133,Greggs PLC,greggs plc,Retailers - other,"U1A The Brewery, Romford",RM1 1AU,Havering,,,BAKERY_CAFE,LOCATION_VERIFICATION
372755,Sainsbury's,sainsbury s,Retailers - supermarkets/hypermarkets,"The Brewery, Romford",RM1 1AU,Havering,0.18071,51.575964,GROCER_BAKERY,LOCATION_VERIFICATION
373505,The Range / Iceland,the range iceland,Retailers - other,"1 The Brewery, Romford",RM1 1AU,Havering,0.18071,51.575964,GROCER_BAKERY,VERIFIED_CANDIDATE
1763125,Desserd by Irina,desserd by irina,Retailers - other,"28 High Street, Romford",RM1 1HR,Havering,0.1791219,51.5781082,BAKERY_CAFE,VERIFIED_CANDIDATE
372476,Greggs,greggs,Retailers - other,"57 South Street, Romford",RM1 1NL,Havering,0.182199,51.576907,CORE_BAKERY,LOCATION_VERIFICATION
1278088,Wenzel's the Bakers,wenzel s the bakers,Retailers - other,"81 South Street, Romford",RM1 1NL,Havering,0.1824841,51.5766157,CORE_BAKERY,VERIFIED_CANDIDATE
372472,Marks & Spencer,marks and spencer,Retailers - supermarkets/hypermarkets,"37-43 South Street, Romford",RM1 1NT,Havering,0.182169,51.577492,GROCER_BAKERY,SUPERMARKET_SUPPLEMENT
1735690,Dulce Limited,dulce limited,Retailers - supermarkets/hypermarkets,"148 South Street, Romford",RM1 1SX,Havering,0.1832661,51.5742158,GROCER_BAKERY,VERIFIED_CANDIDATE
1137802,Lidl,lidl,Retailers - supermarkets/hypermarkets,"Atlanta Boulevard, Romford",RM1 1TB,Havering,0.18289,51.574169,GROCER_BAKERY,LOCATION_VERIFICATION
1127165,Anjum's Food,anjum s food,Takeaway/sandwich shop,"90 Brentwood Road, Romford",RM1 2EL,Havering,0.190956,51.572032,BAKERY_CAFE,VERIFIED_CANDIDATE
1959152,Brentwood Premier,brentwood premier,Retailers - other,"54-56 Brentwood Road, Romford",RM1 2EP,Havering,0.189777,51.571829,GROCER_BAKERY,VERIFIED_CANDIDATE
571272,Sami Swoi Polish Delicatessen,sami swoi polish delicatessen,Retailers - other,"24 Victoria Road, Romford",RM1 2JH,Havering,0.18604,51.574551,GROCER_BAKERY,VERIFIED_CANDIDATE
653818,Home Bargains,home bargains,Retailers - other,"31-37 Market Place, Romford",RM1 3AB,Havering,0.182292,51.580071,GROCER_BAKERY,LOCATION_VERIFICATION
373512,Iceland,iceland,Retailers - supermarkets/hypermarkets,"49 Market Place, Romford",RM1 3AB,Havering,0.182292,51.580071,GROCER_BAKERY,LOCATION_VERIFICATION
372688,Romford Baptist Church,romford baptist church,Restaurant/Cafe/Canteen,"Main Road, Romford",RM1 3BL,Havering,0.185842,51.58094,BAKERY_CAFE,VERIFIED_CANDIDATE
373140,Greggs,greggs,Retailers - other,"1-3 Quadrant Arcade, Romford",RM1 3ED,Havering,0.181291,51.578156,CORE_BAKERY,LOCATION_VERIFICATION
1709064,Lins Artisan Desserts,lins artisan desserts,Restaurant/Cafe/Canteen,"4 Quadrant Arcade, Romford",RM1 3ED,Havering,0.181291,51.578156,BAKERY_CAFE,VERIFIED_CANDIDATE
373391,Asda,asda,Retailers - supermarkets/hypermarkets,"Mercury Gardens, Romford",RM1 3EE,Havering,0.185098,51.57929,GROCER_BAKERY,SUPERMARKET_SUPPLEMENT
783875,Bakers & Baristas,bakers and baristas,Restaurant/Cafe/Canteen,"Mercury Gardens, Romford",RM1 3EE,Havering,0.185098,51.57929,BAKERY_CAFE,VERIFIED_CANDIDATE
945539,Godfreys Of Hornchurch,godfreys of hornchurch,Retailers - other,"Mercury Gardens, Romford",RM1 3EE,Havering,0.185098,51.57929,CORE_BAKERY,LOCATION_VERIFICATION
1807725,Gusto Di Brunch,gusto di brunch,Restaurant/Cafe/Canteen,"Mercury Gardens, Romford",RM1 3EE,Havering,0.185098,51.57929,BAKERY_CAFE,VERIFIED_CANDIDATE
373168,Greggs,greggs,Retailers - other,"16 Western Road, Romford",RM1 3LD,Havering,0.183044999837875,51.5768852233887,CORE_BAKERY,LOCATION_VERIFICATION
1026385,Muffin Break,muffin break,Restaurant/Cafe/Canteen,"5 Lockwood Walk, Romford",RM1 3RH,Havering,0.183152005076408,51.5772323608398,BAKERY_CAFE,VERIFIED_CANDIDATE
1667176,Pret A Manger,pret a manger,Restaurant/Cafe/Canteen,"The Liberty, Romford",RM1 3RL,Havering,0.18348,51.57834,BAKERY_CAFE,LOCATION_VERIFICATION
373991,Above Rise Park Food & Wine,above rise park food and wine,Retailers - other,"Eastern Ave East, Romford",RM1 4NT,Havering,0.180865,51.592471,GROCER_BAKERY,VERIFIED_CANDIDATE
1797785,Sabsdeli,sabsdeli,Restaurant/Cafe/Canteen,"213c Pettits Lane North, Romford",RM1 4NU,Havering,0.180867,51.593101,BAKERY_CAFE,VERIFIED_CANDIDATE
626953,Sainsbury's,sainsbury s,Retailers - supermarkets/hypermarkets,"137-141 North Street, Romford",RM1 4QA,Havering,0.173548,51.584352,GROCER_BAKERY,LOCATION_VERIFICATION
1749340,Londis Harrow Service Station,londis harrow service station,Retailers - other,"132 Hornchurch Road, Hornchurch",RM11 1DR,Havering,0.20378,51.565065,GROCER_BAKERY,VERIFIED_CANDIDATE
1612521,Greggs PLC,greggs plc,Restaurant/Cafe/Canteen,"300 Hornchurch Road, Hornchurch",RM11 1PY,Havering,0.191976,51.565646,BAKERY_CAFE,LOCATION_VERIFICATION
372482,Tesco Extra,tesco extra,Retailers - supermarkets/hypermarkets,"300 Hornchurch Road, Hornchurch",RM11 1PY,Havering,0.191976,51.565646,GROCER_BAKERY,SUPERMARKET_SUPPLEMENT
1734854,Hornchurch Food Centre,hornchurch food centre,Retailers - supermarkets/hypermarkets,"176-178 Hornchurch Road, Hornchurch",RM11 1QL,Havering,0.200419,51.565082,GROCER_BAKERY,SUPERMARKET_SUPPLEMENT
372540,Iceland,iceland,Retailers - supermarkets/hypermarkets,"North Street, Hornchurch",RM11 1RL,Havering,0.219745,51.563127,GROCER_BAKERY,LOCATION_VERIFICATION
1040946,Lidl,lidl,Retailers - supermarkets/hypermarkets,"31 High Street, Hornchurch",RM11 1TP,Havering,0.215309,51.563274,GROCER_BAKERY,LOCATION_VERIFICATION
374050,Sainsbury's,sainsbury s,Retailers - supermarkets/hypermarkets,"101-105 High Street, Hornchurch",RM11 1TX,Havering,0.219582,51.562726,GROCER_BAKERY,LOCATION_VERIFICATION
1363571,Wenzel's the Bakers,wenzel s the bakers,Retailers - other,"119 High Street, Hornchurch",RM11 1TX,Havering,0.2195188,51.5626971,CORE_BAKERY,LOCATION_VERIFICATION
945533,Godfreys Of Hornchurch,godfreys of hornchurch,Retailers - other,"21 Butts Green Road, Hornchurch",RM11 2JS,Havering,0.219211,51.57052,CORE_BAKERY,LOCATION_VERIFICATION
945537,Godfreys of Hornchurch Bakery,godfreys of hornchurch bakery,Manufacturers/packers,"118 Ardleigh Green Road, Hornchurch",RM11 2SH,Havering,0.220873,51.584194,CORE_BAKERY,VERIFIED_CANDIDATE
1127170,Esso Service Station Hornchurch,esso service station hornchurch,Retailers - other,"6 Upper Rainham Road, Hornchurch",RM12 4BZ,Havering,0.1882558,51.5648622,GROCER_BAKERY,VERIFIED_CANDIDATE
373152,Greggs,greggs,Restaurant/Cafe/Canteen,"12-13 Broadway Parade, Elm Park",RM12 4RS,Havering,0.1987248,51.5507736,CORE_BAKERY,LOCATION_VERIFICATION
373172,Broadway Food & Wine,broadway food and wine,Retailers - other,"15-16 The Broadway, Hornchurch",RM12 4RW,Havering,0.198827,51.550329,GROCER_BAKERY,LOCATION_VERIFICATION
510712,Sainsbury's Local,sainsbury s local,Retailers - supermarkets/hypermarkets,"233 Elm Park Avenue, Hornchurch",RM12 4RX,Havering,0.1983784,51.5511437,GROCER_BAKERY,LOCATION_VERIFICATION
1777477,Fresh & Easy Food Centre,fresh and easy food centre,Retailers - supermarkets/hypermarkets,"204-206 Elm Park Avenue, Hornchurch",RM12 4SD,Havering,0.199353,51.5509482,GROCER_BAKERY,SUPERMARKET_SUPPLEMENT
1206779,All-IN's Hornchurch Cornershop,all in s hornchurch cornershop,Retailers - other,"135 Hornchurch Road, Hornchurch",RM12 4SZ,Havering,0.200671,51.56462,GROCER_BAKERY,VERIFIED_CANDIDATE
945532,Godfreys Of Hornchurch,godfreys of hornchurch,Retailers - other,"134 High Street, Hornchurch",RM12 4UH,Havering,0.218317,51.562543,CORE_BAKERY,VERIFIED_CANDIDATE
373841,Tesco Superstore,tesco superstore,Retailers - supermarkets/hypermarkets,"Airfield Way, Hornchurch",RM12 5AF,Havering,0.208247,51.543794,GROCER_BAKERY,SUPERMARKET_SUPPLEMENT
945535,Godfreys Of Hornchurch,godfreys of hornchurch,Retailers - other,"175 Station Lane, Hornchurch",RM12 6LL,Havering,0.219881,51.554959,CORE_BAKERY,LOCATION_VERIFICATION
374035,Greggs,greggs,Retailers - other,"148 High Street, Hornchurch",RM12 6QX,Havering,0.219966,51.562035,CORE_BAKERY,LOCATION_VERIFICATION
372606,Stop Once Express,stop once express,Retailers - other,"9-11 Suttons Lane, Hornchurch",RM12 6RD,Havering,0.219152,51.553309,GROCER_BAKERY,VERIFIED_CANDIDATE
848882,Sainsbury's,sainsbury s,Retailers - supermarkets/hypermarkets,"2 Suttons Lane, Hornchurch",RM12 6RJ,Havering,0.218798,51.551966,GROCER_BAKERY,LOCATION_VERIFICATION
1269759,Beam Service Station,beam service station,Retailers - other,"23 New Road, Rainham",RM13 8DP,Havering,0.199584,51.514402,GROCER_BAKERY,VERIFIED_CANDIDATE
1971113,Londis Beam,londis beam,Retailers - other,"23 New Road, Rainham",RM13 8DP,Havering,0.199584,51.514402,GROCER_BAKERY,VERIFIED_CANDIDATE
1971112,Pret A Manager,pret a manager,Restaurant/Cafe/Canteen,"23 New Road, Rainham",RM13 8DP,Havering,0.199584,51.514402,BAKERY_CAFE,VERIFIED_CANDIDATE
439275,Diamond Food & Wine Ltd,diamond food and wine ltd,Retailers - other,"135-137 New Road, Rainham",RM13 8ES,Havering,0.17474,51.524662,GROCER_BAKERY,VERIFIED_CANDIDATE
1622662,Sainsbury's,sainsbury s,Retailers - supermarkets/hypermarkets,"14 Halewood Way, Rainham",RM13 8QZ,Havering,0.16793,51.5244212,GROCER_BAKERY,LOCATION_VERIFICATION
653837,Costcutter,costcutter,Retailers - other,"193 Upminster Road South, Rainham",RM13 9BB,Havering,0.201203,51.52005,GROCER_BAKERY,LOCATION_VERIFICATION
373025,The Bagel Bar,the bagel bar,Takeaway/sandwich shop,"Upminster Road South, Rainham",RM13 9BD,Havering,0.200651,51.519979,BAKERY_CAFE,VERIFIED_CANDIDATE
373476,Perfect Bites,perfect bites,Retailers - other,"411 Upminster Road North, Rainham",RM13 9SA,Havering,0.215526,51.522316,BAKERY_CAFE,VERIFIED_CANDIDATE
373937,Tesco Extra,tesco extra,Retailers - supermarkets/hypermarkets,"Bridge Road, Rainham",RM13 9YZ,Havering,0.19067,51.520157,GROCER_BAKERY,SUPERMARKET_SUPPLEMENT
373938,Tesco Garage,tesco garage,Retailers - supermarkets/hypermarkets,"Bridge Road, Rainham",RM13 9YZ,Havering,0.19067,51.520157,GROCER_BAKERY,LOCATION_VERIFICATION
373732,Cranham Village Bakery,cranham village bakery,Retailers - other,"Front Lane, Upminster",RM14 1DY,Havering,0.267169,51.562184,CORE_BAKERY,VERIFIED_CANDIDATE
373175,Scrums,scrums,Restaurant/Cafe/Canteen,"135 Avon Road, Upminster",RM14 1RQ,Havering,0.267624,51.568731,BAKERY_CAFE,VERIFIED_CANDIDATE
1199917,Coffee Haven,coffee haven,Restaurant/Cafe/Canteen,"Nags Head Lane, Upminster",RM14 1TS,Havering,0.255347,51.594436,BAKERY_CAFE,LOCATION_VERIFICATION
859061,Tey Service Station,tey service station,Retailers - other,"54 Corbets Tey Road, Upminster",RM14 2AB,Havering,0.247092,51.552966,GROCER_BAKERY,VERIFIED_CANDIDATE
1894124,Brick Lane Bagel Upminster,brick lane bagel upminster,Retailers - other,"81 Corbets Tey Road, Upminster",RM14 2AJ,Havering,0.2481306,51.5536533,CORE_BAKERY,VERIFIED_CANDIDATE
373658,Iceland,iceland,Retailers - supermarkets/hypermarkets,"47-49 Corbets Tey Road, Upminster",RM14 2AL,Havering,0.312974,51.559699,GROCER_BAKERY,LOCATION_VERIFICATION
1405843,My Mini Mix,my mini mix,Retailers - other,"21 Corbets Tey Road, Upminster",RM14 2JS,Havering,0.2489487,51.5550546,GROCER_BAKERY,LOCATION_VERIFICATION
372594,The Corner Shop - Londis,the corner shop londis,Retailers - other,"148 Upminster Road, Hornchurch",RM14 2RB,Havering,0.2382,51.558442,GROCER_BAKERY,VERIFIED_CANDIDATE
1900300,Varleys,varleys,Restaurant/Cafe/Canteen,"15 Station Road, Upminster",RM14 2SJ,Havering,0.2491687,51.5569191,BAKERY_CAFE,VERIFIED_CANDIDATE
924444,The Station Pantry,the station pantry,Restaurant/Cafe/Canteen,"61 Station Road, Upminster",RM14 2SU,Havering,0.249591,51.558593,BAKERY_CAFE,VERIFIED_CANDIDATE
1049433,Greggs,greggs,Restaurant/Cafe/Canteen,"72 Station Road, Upminster",RM14 2TD,Havering,0.250535011291504,51.5584297180176,CORE_BAKERY,LOCATION_VERIFICATION
1950776,Welcome Upminster,welcome upminster,Retailers - supermarkets/hypermarkets,"28 Station Road, Upminster",RM14 2UB,Havering,0.249773,51.556737,GROCER_BAKERY,VERIFIED_CANDIDATE
1950779,Welcome Upminster,welcome upminster,Retailers - supermarkets/hypermarkets,"28 Station Road, Upminster",RM14 2UB,Havering,0.249773,51.556737,GROCER_BAKERY,LOCATION_VERIFICATION
848893,Shell Service Station & Deli 2 Go,shell service station and deli 2 go,Retailers - other,"168-170 St Mary's Lane, Upminster",RM14 3BS,Havering,0.250707,51.556071,GROCER_BAKERY,VERIFIED_CANDIDATE
1373280,The Sweet Rose Cakery,the sweet rose cakery,Restaurant/Cafe/Canteen,"162 St Mary's Lane, Upminster",RM14 3BS,Havering,0.250707,51.556071,BAKERY_CAFE,VERIFIED_CANDIDATE
1450738,Brick Lane Bagel Co,brick lane bagel co,Restaurant/Cafe/Canteen,"87 Main Road, Romford",RM2 5EL,Havering,0.2001765,51.5868262,CORE_BAKERY,VERIFIED_CANDIDATE
1203614,Fillers Bakery,fillers bakery,Restaurant/Cafe/Canteen,"168 Heath Park Road, Romford",RM2 5XL,Havering,0.206447,51.57783,BAKERY_CAFE,VERIFIED_CANDIDATE
1763129,Wrights Faringdon,wrights faringdon,Restaurant/Cafe/Canteen,"Faringdon Avenue, Romford",RM3 0AB,Havering,0.216945,51.597209,BAKERY_CAFE,VERIFIED_CANDIDATE
1436098,Nisa Local,nisa local,Retailers - other,"1-3 Station Road, Harold Wood",RM3 0BP,Havering,0.232978309437169,51.5933112310048,GROCER_BAKERY,LOCATION_VERIFICATION
372572,Williams Bakery,williams bakery,Retailers - other,"35 Station Road, Harold Wood",RM3 0BS,Havering,0.234398,51.593892,CORE_BAKERY,VERIFIED_CANDIDATE
1667173,Greggs @ Tesco Extra,greggs tesco extra,Retailers - other,"Bryant Avenue, Romford",RM3 0LL,Havering,0.218437,51.593746,GROCER_BAKERY,VERIFIED_CANDIDATE
373844,Tesco Extra,tesco extra,Retailers - supermarkets/hypermarkets,"Bryant Avenue, Romford",RM3 0LL,Havering,0.218437,51.593746,GROCER_BAKERY,SUPERMARKET_SUPPLEMENT
373936,Tesco Garage,tesco garage,Retailers - supermarkets/hypermarkets,"Bryant Avenue, Romford",RM3 0LL,Havering,0.218437,51.593746,GROCER_BAKERY,LOCATION_VERIFICATION
1221112,The Hub,the hub,Restaurant/Cafe/Canteen,"11 Gubbins Lane, Romford",RM3 0QA,Havering,0.2330765,51.5895785,BAKERY_CAFE,LOCATION_VERIFICATION
1089756,Lidl,lidl,Retailers - supermarkets/hypermarkets,"131-133 Gooshays Drive, Romford",RM3 8AE,Havering,0.2242826,51.6057514,GROCER_BAKERY,LOCATION_VERIFICATION
373211,Sandersons Bakery,sandersons bakery,Retailers - other,"100 Hilldene Avenue, Romford",RM3 8DT,Havering,0.217671,51.606764,CORE_BAKERY,VERIFIED_CANDIDATE
374019,Greggs,greggs,Retailers - other,"4 Farnham Road, Romford",RM3 8DX,Havering,0.218532,51.606361,CORE_BAKERY,LOCATION_VERIFICATION
373656,Iceland,iceland,Retailers - supermarkets/hypermarkets,"10 Farnham Road, Romford",RM3 8DX,Havering,0.2183524,51.6064747,GROCER_BAKERY,LOCATION_VERIFICATION
373461,Sainsbury's,sainsbury s,Retailers - supermarkets/hypermarkets,"44 Farnham Road, Romford",RM3 8DX,Havering,0.218532,51.606361,GROCER_BAKERY,LOCATION_VERIFICATION
1360588,Budgens,budgens,Retailers - supermarkets/hypermarkets,"35 Briar Road, Romford",RM3 8SN,Havering,0.2138503,51.6001591,GROCER_BAKERY,LOCATION_VERIFICATION
373244,Sandersons Bakery,sandersons bakery,Retailers - other,"106 Petersfield Avenue, Romford",RM3 9PH,Havering,0.234955,51.604934,CORE_BAKERY,LOCATION_VERIFICATION
1896120,Cakes & Bakes,cakes and bakes,Retailers - other,"83-95 Hainault Road, Romford",RM5 3AH,Havering,0.1704542,51.5860593,CORE_BAKERY,LOCATION_VERIFICATION
373967,Tesco,tesco,Retailers - supermarkets/hypermarkets,"316-318 Collier Row Lane, Romford",RM5 3NL,Havering,0.163789,51.598309,GROCER_BAKERY,SUPERMARKET_SUPPLEMENT
1825198,Melo coffee and bakery,melo coffee and bakery,Retailers - other,"13a Collier Row Road, Romford",RM5 3NP,Havering,0.1623521,51.5988474,BAKERY_CAFE,VERIFIED_CANDIDATE
373977,Greggs,greggs,Retailers - other,"40 Collier Row Road, Romford",RM5 3PA,Havering,0.160978,51.599026,CORE_BAKERY,LOCATION_VERIFICATION
1542374,Brick Lane Bagel Co,brick lane bagel co,Restaurant/Cafe/Canteen,"81 Chase Cross Road, Romford",RM5 3PL,Havering,0.1679343,51.6005251,CORE_BAKERY,LOCATION_VERIFICATION
1924347,4 Coffee First Ltd,4 coffee first ltd,Restaurant/Cafe/Canteen,"199 Rush Green Road, Romford",RM7 0JR,Havering,0.1756997,51.565251,BAKERY_CAFE,VERIFIED_CANDIDATE
1770600,Tonys Bakery,tonys bakery,Restaurant/Cafe/Canteen,"59 White Hart Lane, Romford",RM7 8JB,Havering,0.157497,51.591689,BAKERY_CAFE,VERIFIED_CANDIDATE
372580,Iceland,iceland,Retailers - supermarkets/hypermarkets,"264 London Road, Romford",RM7 9NA,Havering,0.164205,51.574875,GROCER_BAKERY,LOCATION_VERIFICATION
854599,Budgens,budgens,Retailers - other,"57-63 London Road, Romford",RM7 9QA,Havering,0.175429,51.57509,GROCER_BAKERY,LOCATION_VERIFICATION
1665190,BB Fresh Pick,bb fresh pick,Retailers - other,"34 Victoria Road, Ruislip",HA4 0AG,Hillingdon,-0.4129729,51.5726182,GROCER_BAKERY,VERIFIED_CANDIDATE
1024168,Aldi Stores Limited,aldi stores limited,Retailers - supermarkets/hypermarkets,"Unit 1 Victoria Retail Park, Crown Road, Ruislip",HA4 0AJ,Hillingdon,-0.387932986021042,51.5561065673828,GROCER_BAKERY,LOCATION_VERIFICATION
518794,Manor Patisserie,manor patisserie,Retailers - other,"82 Victoria Road, Ruislip",HA4 0AL,Hillingdon,-0.411752,51.570928,CORE_BAKERY,VERIFIED_CANDIDATE
1010308,Asda,asda,Retailers - supermarkets/hypermarkets,"6 Old Dairy Lane, Ruislip",HA4 0FY,Hillingdon,-0.3997375,51.5590093,GROCER_BAKERY,SUPERMARKET_SUPPLEMENT
518679,Sainsbury's Supermarkets Ltd,sainsbury s supermarkets ltd,Retailers - supermarkets/hypermarkets,"J Sainsbury Plc, Long Drive, Ruislip",HA4 0HQ,Hillingdon,-0.396251,51.557085,GROCER_BAKERY,LOCATION_VERIFICATION
518932,Greggs,greggs,Retailers - other,"708 Field End Road, Ruislip",HA4 0QP,Hillingdon,-0.381202,51.560817,CORE_BAKERY,LOCATION_VERIFICATION
1066295,Lidl,lidl,Retailers - supermarkets/hypermarkets,"Lidl, Victoria Road, Ruislip",HA4 0QQ,Hillingdon,-0.397377997636795,51.5582618713379,GROCER_BAKERY,LOCATION_VERIFICATION
1427043,"BP, Londis & Pret a Manger",bp londis and pret a manger,Restaurant/Cafe/Canteen,"Victoria Road Service Station, Victoria Road, Ruislip",HA4 0SA,Hillingdon,-0.397466,51.55943,GROCER_BAKERY,VERIFIED_CANDIDATE
1945960,Pret A Manger,pret a manger,Restaurant/Cafe/Canteen,"Victoria Road Service Station, Victoria Road, Ruislip",HA4 0SA,Hillingdon,-0.397466,51.55943,BAKERY_CAFE,LOCATION_VERIFICATION
839004,Wenzels,wenzels,Retailers - other,"8 New Pond Parade, West End Road, Ruislip",HA4 6LR,Hillingdon,-0.413152,51.562629,CORE_BAKERY,LOCATION_VERIFICATION
1645431,Nisa Local,nisa local,Retailers - other,"16 High Street, Ruislip",HA4 7AN,Hillingdon,-0.4268315,51.576222,GROCER_BAKERY,LOCATION_VERIFICATION
520480,Sainsburys,sainsburys,Retailers - other,"48 High Street, Ruislip",HA4 7AS,Hillingdon,-0.426283,51.575521,GROCER_BAKERY,LOCATION_VERIFICATION
520497,Garlands Patisserie,garlands patisserie,Retailers - other,"27 High Street, Ruislip",HA4 7AU,Hillingdon,-0.426413,51.57635,CORE_BAKERY,VERIFIED_CANDIDATE
1714751,Ruislip Food Centre,ruislip food centre,Retailers - supermarkets/hypermarkets,"Jebsen House, 53-55 High Street, Ruislip",HA4 7BD,Hillingdon,-0.4250007,51.5749115,GROCER_BAKERY,SUPERMARKET_SUPPLEMENT
520496,Wenzels,wenzels,Retailers - other,"2 Ickenham Road, Ruislip",HA4 7BX,Hillingdon,-0.427468,51.573792,CORE_BAKERY,LOCATION_VERIFICATION
520481,Waitrose Ltd,waitrose ltd,Retailers - supermarkets/hypermarkets,"9 Kingsend, Ruislip",HA4 7DS,Hillingdon,-0.423035,51.571377,GROCER_BAKERY,LOCATION_VERIFICATION
1760847,GAIL's Ruislip,gail s ruislip,Restaurant/Cafe/Canteen,"63 High Street, Ruislip",HA4 8JB,Hillingdon,-0.424709,51.5745839,CORE_BAKERY,VERIFIED_CANDIDATE
520520,Iceland Foods Plc,iceland foods plc,Retailers - supermarkets/hypermarkets,"142 High Street, Ruislip",HA4 8LJ,Hillingdon,-0.423174,51.572772,GROCER_BAKERY,LOCATION_VERIFICATION
1603011,Opa! Greek Bakery & Patisserie,opa greek bakery and patisserie,Retailers - other,"154 High Street, Ruislip",HA4 8LJ,Hillingdon,-0.4232231,51.5729003,CORE_BAKERY,LOCATION_VERIFICATION
518806,Budgens,budgens,Retailers - other,"47 Victoria Road, Ruislip",HA4 9AB,Hillingdon,-0.412354,51.572708,GROCER_BAKERY,LOCATION_VERIFICATION
1077512,Wenzels,wenzels,Retailers - other,"31 Victoria Road, Ruislip",HA4 9AB,Hillingdon,-0.4124446,51.5728719,CORE_BAKERY,LOCATION_VERIFICATION
1558784,Langley Fresh,langley fresh,Retailers - other,"97 Victoria Road, Ruislip",HA4 9BN,Hillingdon,-0.411016,51.570927,GROCER_BAKERY,VERIFIED_CANDIDATE
518881,Morrisons Daily,morrisons daily,Retailers - other,"161 Whitby Road, Ruislip",HA4 9EB,Hillingdon,-0.394995,51.568182,GROCER_BAKERY,LOCATION_VERIFICATION
1299682,Francesca Cakes & Coffee,francesca cakes and coffee,Restaurant/Cafe/Canteen,"263 Field End Road, Eastcote",HA4 9NJ,Hillingdon,-0.3965453,51.5756748,BAKERY_CAFE,VERIFIED_CANDIDATE
939972,Aldi Stores Ltd,aldi stores ltd,Retailers - supermarkets/hypermarkets,"Aldi Stores Ltd, 127-133 Field End Road, Eastcote",HA5 1QH,Hillingdon,-0.3990765,51.579183,GROCER_BAKERY,LOCATION_VERIFICATION
1699406,Machiato,machiato,Restaurant/Cafe/Canteen,"125 Field End Road, Eastcote",HA5 1QH,Hillingdon,-0.3991574,51.5793152,BAKERY_CAFE,VERIFIED_CANDIDATE
519723,Wenzels the Bakers,wenzels the bakers,Retailers - other,"155 Field End Road, Eastcote",HA5 1QL,Hillingdon,-0.398989,51.578524,CORE_BAKERY,LOCATION_VERIFICATION
1782440,Feza's Eastcote Bakery,feza s eastcote bakery,Restaurant/Cafe/Canteen,"201 Field End Road, Eastcote",HA5 1QZ,Hillingdon,-0.3977011,51.5771316,CORE_BAKERY,VERIFIED_CANDIDATE
518924,Patisserie brione,patisserie brione,Retailers - other,"188 Field End Road, Eastcote",HA5 1RF,Hillingdon,-0.39888,51.577515,CORE_BAKERY,VERIFIED_CANDIDATE
518831,Budgens - Esso Petrol Station,budgens esso petrol station,Retailers - other,"High Road, Eastcote",HA5 2ET,Hillingdon,-0.407286,51.584769,GROCER_BAKERY,VERIFIED_CANDIDATE
519156,JP Newsagents,jp newsagents,Retailers - other,"Northwood Hills Post Office 71 Ryefield Parade, Joel Street, Northwood",HA6 1LW,Hillingdon,-0.409486,51.599897,GROCER_BAKERY,VERIFIED_CANDIDATE
519305,Wenzels,wenzels,Retailers - other,"75 Ryefield Parade, Joel Street, Northwood",HA6 1LW,Hillingdon,-0.409486,51.599897,CORE_BAKERY,VERIFIED_CANDIDATE
1807504,Northwood Hills Supermarket,northwood hills supermarket,Retailers - other,"44-46 The Broadway, Joel Street, Northwood",HA6 1PA,Hillingdon,-0.409785,51.6015132,GROCER_BAKERY,VERIFIED_CANDIDATE
1646936,Marjan,marjan,Restaurant/Cafe/Canteen,"6 Clive Parade, Maxwell Road, Northwood",HA6 2QF,Hillingdon,-0.425385,51.611531,BAKERY_CAFE,LOCATION_VERIFICATION
1528368,Cofix,cofix,Restaurant/Cafe/Canteen,"76 Green Lane, Northwood",HA6 2XS,Hillingdon,-0.4224029,51.6111613,BAKERY_CAFE,VERIFIED_CANDIDATE
537473,Waitrose Ltd,waitrose ltd,Retailers - supermarkets/hypermarkets,"52 Green Lane, Northwood",HA6 2XW,Hillingdon,-0.423329,51.611252,GROCER_BAKERY,LOCATION_VERIFICATION
579128,Wenzels,wenzels,Retailers - other,"23 Maxwell Road, Northwood",HA6 2XY,Hillingdon,-0.424932,51.611255,CORE_BAKERY,LOCATION_VERIFICATION
1813293,Bubbles n brownies,bubbles n brownies,Restaurant/Cafe/Canteen,"53 Green Lane, Northwood",HA6 3AE,Hillingdon,-0.4247851,51.6118866,BAKERY_CAFE,VERIFIED_CANDIDATE
1226256,Fruity Fresh (Western) Ltd,fruity fresh western ltd,Other catering premises,"37 Green Lane, Northwood",HA6 3AE,Hillingdon,-0.4253886,51.6119259,BAKERY_CAFE,VERIFIED_CANDIDATE
1669722,Olimera,olimera,Restaurant/Cafe/Canteen,"1 Eastbury Road, Northwood",HA6 3BG,Hillingdon,-0.423907995223999,51.611644744873,BAKERY_CAFE,VERIFIED_CANDIDATE
1591282,Laduree UK Ltd,laduree uk ltd,Retailers - other,"Airside Terminal 3, London Heathrow Airport, Hounslow",TW6 1QB,Hillingdon,-0.4592907,51.4704309,CORE_BAKERY,LOCATION_VERIFICATION
1149092,Fortnum & Masons Shop (Airside),fortnum and masons shop airside,Retailers - other,"Departures A Gate Level Terminal 5, Wellington Road, London Heathrow Airport",TW6 1QG,Hillingdon,-0.458294987678528,51.4708442687988,GROCER_BAKERY,VERIFIED_CANDIDATE
520370,Pret A Manger (Landside - store 0182),pret a manger landside store 0182,Takeaway/sandwich shop,"Commercial Unit D10 Terminal 3 Departures Level, Canberra Road, London Heathrow Airport",TW6 1QG,Hillingdon,-0.458483,51.470371,BAKERY_CAFE,VERIFIED_CANDIDATE
1570301,Pret a Manger,pret a manger,Restaurant/Cafe/Canteen,"Airside Pier 5 Terminal 3, canberra road, London Heathrow Airport",TW6 1QG,Hillingdon,,,BAKERY_CAFE,LOCATION_VERIFICATION
1035434,WHSmith - Arrivals,whsmith arrivals,Retailers - other,"Commercial Unit A11 Terminal 3 Arrivals Level, Camberley Road, London Heathrow Airport",TW6 1QG,Hillingdon,-0.4580802,51.4715443,GROCER_BAKERY,VERIFIED_CANDIDATE
1648392,Pret A Manger (Landside T5),pret a manger landside t5,Restaurant/Cafe/Canteen,"Departures Level Terminal 5, Wellington Road, London Heathrow Airport",TW6 2GA,Hillingdon,-0.487831,51.47328,BAKERY_CAFE,VERIFIED_CANDIDATE
1488295,Pret A Manger (Main concourse site),pret a manger main concourse site,Restaurant/Cafe/Canteen,"Departures Level 1 (airside) Terminal 5 (large cafe), Wellington Road, London Heathrow Airport",TW6 2GA,Hillingdon,,,BAKERY_CAFE,VERIFIED_CANDIDATE
519716,Starbucks (Airside),starbucks airside,Restaurant/Cafe/Canteen,"Commercial Unit Fc1 Terminal 5c, Wellington Road, London Heathrow Airport",TW6 2GB,Hillingdon,-0.481313,51.470947,BAKERY_CAFE,VERIFIED_CANDIDATE
1582351,T5 Costa Crew (Level 2 BA Staff) Landside,t5 costa crew level 2 ba staff landside,Restaurant/Cafe/Canteen,"Level 2 Landside Terminal 5, Wellington Road, London Heathrow Airport",TW6 2GT,Hillingdon,-0.4878089,51.4716798,BAKERY_CAFE,VERIFIED_CANDIDATE
1782447,Fortnum & Mason,fortnum and mason,Retailers - other,"Departures Level Terminal 4, Stratford Road, London Heathrow Airport",TW6 3XA,Hillingdon,-0.4473528,51.4596672,GROCER_BAKERY,LOCATION_VERIFICATION
1131824,WHSmith - Main Landside,whsmith main landside,Retailers - other,"Commercial Unit D7 Terminal 4 Departures Level, Stratford Road, London Heathrow Airport",TW6 3XA,Hillingdon,-0.447715997695923,51.4592666625977,GROCER_BAKERY,VERIFIED_CANDIDATE
1288969,Pret A Manger,pret a manger,Restaurant/Cafe/Canteen,"Terminal 2 The Queen's Terminal, Inner Ring East, London Heathrow Airport",TW69 1EW,Hillingdon,,,BAKERY_CAFE,LOCATION_VERIFICATION
519067,Wenzels The Bakers,wenzels the bakers,Retailers - other,"3 Crescent Parade, Uxbridge Road, Uxbridge",UB10 0LG,Hillingdon,-0.453076,51.533183,CORE_BAKERY,LOCATION_VERIFICATION
519034,Rahul Food & Wine Ltd,rahul food and wine ltd,Retailers - other,"3 Hillingdon Parade, Uxbridge Road, Uxbridge",UB10 0PE,Hillingdon,-0.447877,51.530021,GROCER_BAKERY,VERIFIED_CANDIDATE
1760838,Almys Naan Shop,almys naan shop,Retailers - other,"10 Lees Parade, Uxbridge Road, Uxbridge",UB10 0PQ,Hillingdon,-0.4493471,51.5307963,CORE_BAKERY,VERIFIED_CANDIDATE
519269,Boulangerie Maison De Soleil,boulangerie maison de soleil,Restaurant/Cafe/Canteen,"25 Swakeleys Road, Ickenham",UB10 8DF,Hillingdon,-0.444959,51.564476,BAKERY_CAFE,VERIFIED_CANDIDATE
519717,Wenzels the Bakers,wenzels the bakers,Retailers - other,"5 Swakeleys Road, Ickenham",UB10 8DF,Hillingdon,-0.444959,51.564476,CORE_BAKERY,LOCATION_VERIFICATION
1857025,Shell Little Waitrose,shell little waitrose,Retailers - supermarkets/hypermarkets,"53-55 High Road, Ickenham",UB10 8LF,Hillingdon,-0.442698,51.566442,GROCER_BAKERY,LOCATION_VERIFICATION
519478,Costcutter,costcutter,Retailers - other,"132 Ryefield Avenue, Uxbridge",UB10 9DA,Hillingdon,-0.440034,51.544808,GROCER_BAKERY,LOCATION_VERIFICATION
520184,Burrage & Sons Bakery,burrage and sons bakery,Retailers - other,"2 Sutton Court Road, Uxbridge",UB10 9HP,Hillingdon,-0.44936,51.541127,CORE_BAKERY,VERIFIED_CANDIDATE
621539,Morrisons Daily,morrisons daily,Retailers - other,"8 Sutton Court Road, Uxbridge",UB10 9HP,Hillingdon,-0.44936,51.541127,GROCER_BAKERY,LOCATION_VERIFICATION
520193,Bill The Baker,bill the baker,Retailers - other,"317 Long Lane, Hillingdon",UB10 9JU,Hillingdon,-0.449447,51.551712,CORE_BAKERY,VERIFIED_CANDIDATE
520238,Co-Operative Retail Services Ltd,co operative retail services ltd,Retailers - other,"384a Long Lane, Hillingdon",UB10 9PG,Hillingdon,-0.4483519,51.5511235,GROCER_BAKERY,VERIFIED_CANDIDATE
520221,Greggs,greggs,Retailers - other,"370 Long Lane, Uxbridge",UB10 9PG,Hillingdon,-0.448653,51.551297,CORE_BAKERY,LOCATION_VERIFICATION
519183,Greggs,greggs,Retailers - other,"Unit 4 The Arena, 1 Bennetsfield Road, West Drayton",UB11 1AA,Hillingdon,-0.444384,51.512395,CORE_BAKERY,LOCATION_VERIFICATION
580738,Masala Bazaar Approved cold store,masala bazaar approved cold store,Retailers - supermarkets/hypermarkets,"Carmel House, 4f Swallowfield Way, Hayes",UB3 1DQ,Hillingdon,-0.436635,51.50677,GROCER_BAKERY,SUPERMARKET_SUPPLEMENT
682350,"Asda Express PFS Heathrow, Greggs, Subway",asda express pfs heathrow greggs subway,Retailers - other,"Heathrow Service Station, Shepiston Lane, Hayes",UB3 1RW,Hillingdon,-0.446477,51.496173,GROCER_BAKERY,VERIFIED_CANDIDATE
1030146,Lidl,lidl,Retailers - supermarkets/hypermarkets,"1 Central Avenue, Hayes",UB3 2BN,Hillingdon,-0.41873899102211,51.5101089477539,GROCER_BAKERY,LOCATION_VERIFICATION
518687,Sainsbury,sainsbury,Retailers - supermarkets/hypermarkets,"J Sainsbury Plc Lombardy Retail Park, Coldharbour Lane, Hayes",UB3 3EX,Hillingdon,-0.405524,51.516702,GROCER_BAKERY,VERIFIED_CANDIDATE
1646930,Khosha Bakery,khosha bakery,Retailers - other,"3 Broadway Parade, Coldharbour Lane, Hayes",UB3 3HE,Hillingdon,-0.413741,51.510447,CORE_BAKERY,VERIFIED_CANDIDATE
520600,Sainsbury's Supermarkets Ltd,sainsbury s supermarkets ltd,Retailers - supermarkets/hypermarkets,"Sainsburys Local, 132 Coldharbour Lane, Hayes",UB3 3HG,Hillingdon,-0.412214010953903,51.5116767883301,GROCER_BAKERY,LOCATION_VERIFICATION
1646929,Kabir Bakery,kabir bakery,Retailers - other,"114-126 Coldharbour Lane, Hayes",UB3 3HL,Hillingdon,-0.414769,51.509462,BAKERY_CAFE,VERIFIED_CANDIDATE
811854,Asda Stores Ltd,asda stores ltd,Retailers - supermarkets/hypermarkets,"Asda Stores Ltd, Millington Road, Hayes",UB3 4AZ,Hillingdon,-0.428399,51.501993,GROCER_BAKERY,VERIFIED_CANDIDATE
520390,Greggs,greggs,Retailers - other,"25 Station Road, Hayes",UB3 4BD,Hillingdon,-0.418613,51.506664,CORE_BAKERY,LOCATION_VERIFICATION
520406,Iceland Foods Plc,iceland foods plc,Retailers - supermarkets/hypermarkets,"Iceland Foods Plc, 27-37 Station Road, Hayes",UB3 4DX,Hillingdon,-0.4184809,51.5062038,GROCER_BAKERY,LOCATION_VERIFICATION
520252,Zabka London,zabka london,Retailers - other,"322 High Street, Harlington",UB3 5DU,Hillingdon,-0.43493,51.485463,GROCER_BAKERY,VERIFIED_CANDIDATE
518696,Quality Foods - Quality Food Online,quality foods quality food online,Retailers - other,"1-3 Uxbridge Road, Hayes",UB4 0JN,Hillingdon,-0.392623,51.513091,GROCER_BAKERY,VERIFIED_CANDIDATE
782111,Mieszko Food City Limited,mieszko food city limited,Retailers - other,"784 Uxbridge Road, Hayes",UB4 0RS,Hillingdon,-0.416069,51.521007,GROCER_BAKERY,VERIFIED_CANDIDATE
519429,Noor Mahal Sweets,noor mahal sweets,Takeaway/sandwich shop,"670 Uxbridge Road, Hayes",UB4 0RY,Hillingdon,-0.412426,51.519655,CORE_BAKERY,VERIFIED_CANDIDATE
520611,Supreme Bakers,supreme bakers,Retailers - other,"658 Uxbridge Road, Hayes",UB4 0RY,Hillingdon,-0.412426,51.519655,CORE_BAKERY,VERIFIED_CANDIDATE
518875,Lidl,lidl,Retailers - supermarkets/hypermarkets,"482 Uxbridge Road, Hayes",UB4 0SD,Hillingdon,-0.408694,51.518381,GROCER_BAKERY,LOCATION_VERIFICATION
520435,Kingshill Bakery,kingshill bakery,Retailers - other,"300 Kingshill Avenue, Hayes",UB4 8BX,Hillingdon,-0.422993,51.531712,CORE_BAKERY,VERIFIED_CANDIDATE
1655696,Safa Hayes Food Centre Ltd,safa hayes food centre ltd,Retailers - other,"282 Kingshill Avenue, Hayes",UB4 8BY,Hillingdon,-0.421454,51.532024,GROCER_BAKERY,VERIFIED_CANDIDATE
520291,Iceland Foods Plc,iceland foods plc,Retailers - supermarkets/hypermarkets,"1314 Uxbridge Road, Hayes",UB4 8JG,Hillingdon,-0.434834,51.525693,GROCER_BAKERY,LOCATION_VERIFICATION
556035,Costcutter & Imayam's,costcutter and imayam s,Retailers - other,"101-103 Lansbury Drive, Hayes",UB4 8RW,Hillingdon,-0.420248,51.525623,GROCER_BAKERY,VERIFIED_CANDIDATE
1246608,Food Bazaar - Harbans General Trading Ltd,food bazaar harbans general trading ltd,Retailers - other,"266b Yeading Lane, Hayes",UB4 9AX,Hillingdon,-0.398602,51.528333,GROCER_BAKERY,VERIFIED_CANDIDATE
519364,Nisa Local,nisa local,Retailers - other,"12 - 14 Welbeck Court, Welbeck Avenue",UB4 9EY,Hillingdon,-0.406054,51.530431,GROCER_BAKERY,LOCATION_VERIFICATION
518863,Tesco,tesco,Retailers - supermarkets/hypermarkets,"Tesco Extra, Glencoe Road, Hayes",UB4 9SQ,Hillingdon,-0.385086,51.524865,GROCER_BAKERY,SUPERMARKET_SUPPLEMENT
1857018,Shell West Drayton,shell west drayton,Retailers - other,"Harmondsworth Road, West Drayton",UB7 0AE,Hillingdon,-0.474025,51.490033,GROCER_BAKERY,VERIFIED_CANDIDATE
520153,Madeirinhas Portuguese Delicatessen,madeirinhas portuguese delicatessen,Retailers - other,"47 Sipson Way, West Drayton",UB7 0DW,Hillingdon,-0.454784,51.483128,GROCER_BAKERY,VERIFIED_CANDIDATE
1229448,Sainsbury's,sainsbury s,Retailers - supermarkets/hypermarkets,"Waterside, Speedbird Way, West Drayton",UB7 0GA,Hillingdon,-0.487052,51.4855,GROCER_BAKERY,LOCATION_VERIFICATION
519846,Sainsburys,sainsburys,Retailers - supermarkets/hypermarkets,"Waterside, Speedbird Way, West Drayton",UB7 0GA,Hillingdon,-0.487052,51.4855,GROCER_BAKERY,LOCATION_VERIFICATION
1669723,Cake House Bakery,cake house bakery,Retailers - other,"26 High Street, Yiewsley",UB7 7DP,Hillingdon,-0.472444,51.511918,CORE_BAKERY,LOCATION_VERIFICATION
806357,Wenzels,wenzels,Retailers - other,"94-96 High Street, Yiewsley",UB7 7DU,Hillingdon,-0.4724628,51.5129444,CORE_BAKERY,LOCATION_VERIFICATION
519604,Tesco,tesco,Retailers - supermarkets/hypermarkets,"Tesco Extra, Chantry Close, West Drayton",UB7 7FP,Hillingdon,-0.477337,51.515569,GROCER_BAKERY,SUPERMARKET_SUPPLEMENT
518714,Aldi Stores Ltd,aldi stores ltd,Retailers - supermarkets/hypermarkets,"141-161 High Street, Yiewsley",UB7 7QN,Hillingdon,-0.474619,51.514527,GROCER_BAKERY,LOCATION_VERIFICATION
1777521,Shell Yiewsley,shell yiewsley,Retailers - other,"Service Station, 209 High Street, Yiewsley",UB7 7QP,Hillingdon,-0.4767659,51.5165793,GROCER_BAKERY,VERIFIED_CANDIDATE
1774799,B&M Retail,b and m retail,Retailers - supermarkets/hypermarkets,"1a Fairfield Road, West Drayton",UB7 8EY,Hillingdon,-0.471477,51.513677,GROCER_BAKERY,LOCATION_VERIFICATION
1807511,Nessy's & Normans,nessy s and normans,Restaurant/Cafe/Canteen,"5 Mulberry Parade, West Drayton",UB7 9AE,Hillingdon,-0.4580935,51.5044475,BAKERY_CAFE,VERIFIED_CANDIDATE
682348,Sainsbury's Supermarkets Ltd,sainsbury s supermarkets ltd,Retailers - supermarkets/hypermarkets,"Unit 1 Hampstead House, 2 Spring Promenade, West Drayton",UB7 9GL,Hillingdon,-0.459756,51.505673,GROCER_BAKERY,LOCATION_VERIFICATION
1935895,Uxbridge Grocery,uxbridge grocery,Retailers - other,"51 Windsor Street, Uxbridge",UB8 1AB,Hillingdon,-0.480595,51.54542,GROCER_BAKERY,VERIFIED_CANDIDATE
1436921,Lidl,lidl,Retailers - supermarkets/hypermarkets,"Unit 212 - 213 Intu Uxbridge The Chimes Shopping Centre, High Street, Uxbridge",UB8 1GA,Hillingdon,-0.4764721,51.5456743,GROCER_BAKERY,LOCATION_VERIFICATION
1909234,Patisserie Valerie,patisserie valerie,Restaurant/Cafe/Canteen,"63a High Street, Uxbridge",UB8 1JP,Hillingdon,-0.4813538,51.5480576,BAKERY_CAFE,LOCATION_VERIFICATION
1774794,Pret a Manger Uxbridge,pret a manger uxbridge,Restaurant/Cafe/Canteen,"48-49 High Street, Uxbridge",UB8 1JP,Hillingdon,-0.47997,51.5461459,BAKERY_CAFE,VERIFIED_CANDIDATE
1634844,Hefaure,hefaure,Restaurant/Cafe/Canteen,"168 High Street, Uxbridge",UB8 1JX,Hillingdon,-0.478544,51.5461728,BAKERY_CAFE,LOCATION_VERIFICATION
519903,Greggs,greggs,Retailers - other,"152-153 High Street, Uxbridge",UB8 1JY,Hillingdon,-0.479539,51.546819,CORE_BAKERY,LOCATION_VERIFICATION
1603008,Wenzel's the Bakers,wenzel s the bakers,Retailers - other,"164 High Street, Uxbridge",UB8 1JZ,Hillingdon,-0.478821,51.546297,CORE_BAKERY,LOCATION_VERIFICATION
1955031,Greggs,greggs,Retailers - other,"39-40 Market Square, Uxbridge",UB8 1LH,Hillingdon,-0.4802958,51.5464793,CORE_BAKERY,LOCATION_VERIFICATION
519885,Iceland Foods Plc,iceland foods plc,Retailers - supermarkets/hypermarkets,"27 Market Square, Uxbridge",UB8 1LH,Hillingdon,-0.481194,51.546049,GROCER_BAKERY,LOCATION_VERIFICATION
519922,Wenzels The Bakers,wenzels the bakers,Retailers - other,"29 Market Square, Uxbridge",UB8 1LH,Hillingdon,-0.481194,51.546049,CORE_BAKERY,LOCATION_VERIFICATION
1864621,Uxbridge Bargain Centre Ltd,uxbridge bargain centre ltd,Retailers - other,"7 Vine Street, Uxbridge",UB8 1QE,Hillingdon,-0.477687,51.5447099,GROCER_BAKERY,VERIFIED_CANDIDATE
1928159,Ambala,ambala,Other catering premises,"33 Belmont Road, Uxbridge",UB8 1QT,Hillingdon,-0.4787367,51.5478462,GROCER_BAKERY,LOCATION_VERIFICATION
518678,Sainsbury's Supermarkets Ltd,sainsbury s supermarkets ltd,Retailers - supermarkets/hypermarkets,"J Sainsbury Plc, York Road, Uxbridge",UB8 1QW,Hillingdon,-0.474848,51.548655,GROCER_BAKERY,LOCATION_VERIFICATION
519873,Marks & Spencer Plc,marks and spencer plc,Retailers - supermarkets/hypermarkets,"54 High Street, Uxbridge",UB8 1TL,Hillingdon,-0.480699,51.546627,GROCER_BAKERY,LOCATION_VERIFICATION
696931,Lidl,lidl,Retailers - supermarkets/hypermarkets,"Lidl UK GmbH, 137 Cowley Road, Uxbridge",UB8 2AG,Hillingdon,-0.482765,51.534793,GROCER_BAKERY,LOCATION_VERIFICATION
1649467,The Espresso Bakery,the espresso bakery,Restaurant/Cafe/Canteen,"34 High Road, Cowley",UB8 2HL,Hillingdon,-0.481195,51.522642,BAKERY_CAFE,VERIFIED_CANDIDATE
640083,1966,1966,Restaurant/Cafe/Canteen,"Bannerman Centre Brunel University, Kingston Lane, Uxbridge",UB8 3PH,Hillingdon,-0.472868,51.532857,BAKERY_CAFE,VERIFIED_CANDIDATE
519534,Costcutter - Brunel,costcutter brunel,Retailers - other,"Hamilton Centre Brunel University, Kingston Lane, Uxbridge",UB8 3PH,Hillingdon,-0.472868,51.532857,GROCER_BAKERY,VERIFIED_CANDIDATE
1513472,Costcutter,costcutter,Retailers - other,"24 High Street, Harefield",UB9 6BU,Hillingdon,-0.482555,51.603535,GROCER_BAKERY,LOCATION_VERIFICATION
1807507,Taste Temptation,taste temptation,Restaurant/Cafe/Canteen,"22 High Street, Harefield",UB9 6BU,Hillingdon,-0.4823907,51.6036772,BAKERY_CAFE,VERIFIED_CANDIDATE
519909,The Village Bakery,the village bakery,Retailers - other,"12a High Street, Harefield",UB9 6BU,Hillingdon,-0.482555,51.603535,CORE_BAKERY,LOCATION_VERIFICATION
1868178,Laila's,laila s,Restaurant/Cafe/Canteen,"7 High Street, Harefield",UB9 6BX,Hillingdon,-0.4819635,51.6038171,BAKERY_CAFE,VERIFIED_CANDIDATE
1956538,Mitchell's Village Kitchen,mitchell s village kitchen,Other catering premises,"White Heath Cottage, Plough Lane, Harefield",UB9 6PF,Hillingdon,-0.4840029,51.6141215,BAKERY_CAFE,VERIFIED_CANDIDATE
490345,Asda Stores Limited,asda stores limited,Retailers - supermarkets/hypermarkets,"Asda Superstore, Tilley Road, Feltham",TW13 4AU,Hounslow,-0.410988986492157,51.4466018676758,GROCER_BAKERY,VERIFIED_CANDIDATE
1909743,Cakeco – Feltham,cakeco feltham,Retailers - other,"Units 32  The Centre, High Street, Feltham",TW13 4AU,Hounslow,-0.4110301,51.4463526,CORE_BAKERY,VERIFIED_CANDIDATE
490970,Greggs,greggs,Retailers - other,"Unit 22b The Centre, High Street, Feltham",TW13 4AU,Hounslow,-0.409943,51.4466685,BAKERY_CAFE,LOCATION_VERIFICATION
1071186,Haji Baba Ltd T/A Asda,haji baba ltd t a asda,Retailers - other,"Asda Superstore, Tilley Road, Feltham",TW13 4AU,Hounslow,-0.410988986492157,51.4466018676758,GROCER_BAKERY,VERIFIED_CANDIDATE
1556194,Georginos Delights,georginos delights,Restaurant/Cafe/Canteen,"Kiosk 1 The Centre, High Street, Feltham",TW13 4BH,Hounslow,-0.4112741,51.4468979,BAKERY_CAFE,VERIFIED_CANDIDATE
491151,Iceland,iceland,Retailers - supermarkets/hypermarkets,"Unit 10 The Centre, High Street, Feltham",TW13 4BH,Hounslow,-0.410937994718552,51.4462928771973,GROCER_BAKERY,LOCATION_VERIFICATION
1501860,Wenzel’s the Bakers LTD,wenzel s the bakers ltd,Takeaway/sandwich shop,"Kiosk 4 The Centre, High Street, Feltham",TW13 4BH,Hounslow,-0.4112741,51.4468979,CORE_BAKERY,VERIFIED_CANDIDATE
491006,Aldi Stores Ltd,aldi stores ltd,Retailers - supermarkets/hypermarkets,"76-86 High Street, Feltham",TW13 4DD,Hounslow,-0.411194199195,51.4439255349827,GROCER_BAKERY,VERIFIED_CANDIDATE
490752,Tesco Stores Ltd (Main Store),tesco stores ltd main store,Retailers - supermarkets/hypermarkets,"98 High Street, Feltham",TW13 4EX,Hounslow,-0.4131914,51.4437951,GROCER_BAKERY,LOCATION_VERIFICATION
964997,Kubus Polish Shop,kubus polish shop,Retailers - other,"Units 1 & 2 Mercury House, 59 High Street",TW13 4EZ,Hounslow,-0.4121275,51.442726,GROCER_BAKERY,VERIFIED_CANDIDATE
490971,Greggs,greggs,Retailers - other,"8 Market Parade, Hampton Road West, Feltham",TW13 6AL,Hounslow,-0.3871328,51.4403239,CORE_BAKERY,LOCATION_VERIFICATION
1752516,POLSKIE DELIKATESY KOZIOLEK,polskie delikatesy koziolek,Retailers - other,"2 Rex House, Hampton Road West, Feltham",TW13 6AP,Hounslow,-0.3875057,51.4399487,GROCER_BAKERY,VERIFIED_CANDIDATE
490417,Everydays,everydays,Retailers - other,"109-111 Bear Road, Feltham",TW13 6SA,Hounslow,-0.3896703,51.4307686,GROCER_BAKERY,VERIFIED_CANDIDATE
1351410,Lisboa Loja Limited,lisboa loja limited,Restaurant/Cafe/Canteen,"125 Harlington Road West, Feltham",TW14 0JH,Hounslow,-0.409915000200272,51.4564056396484,GROCER_BAKERY,VERIFIED_CANDIDATE
491206,Tesco Stores Ltd (Main Store),tesco stores ltd main store,Retailers - supermarkets/hypermarkets,"Tesco Superstore, Dukes Green Avenue, Feltham",TW14 0LT,Hounslow,-0.415068000555038,51.4593086242676,GROCER_BAKERY,LOCATION_VERIFICATION
490590,Londis – Stone Willy’s,londis stone willy s,Retailers - other,"Hatton Cross Service Station, Great South West Road, Feltham",TW14 0PR,Hounslow,-0.424107998609543,51.4655609130859,GROCER_BAKERY,VERIFIED_CANDIDATE
490395,Greggs,greggs,Retailers - other,"382 Staines Road, Bedfont",TW14 8BT,Hounslow,-0.4294818,51.453662,BAKERY_CAFE,LOCATION_VERIFICATION
898243,Greggs,greggs,Restaurant/Cafe/Canteen,"Clockhouse Lane, Feltham",TW14 8RD,Hounslow,,,BAKERY_CAFE,LOCATION_VERIFICATION
491304,Lidl,lidl,Retailers - supermarkets/hypermarkets,"Lidl Uk Gmbh, New Road, Feltham",TW14 9BG,Hounslow,-0.40930500626564,51.4486923217773,GROCER_BAKERY,LOCATION_VERIFICATION
491236,Bulgarche,bulgarche,Retailers - other,"89 Bedfont Lane, Feltham",TW14 9BH,Hounslow,-0.4127786,51.4483134,GROCER_BAKERY,VERIFIED_CANDIDATE
1838711,Fresh Store1 Ltd,fresh store1 ltd,Retailers - other,"160 Bedfont Lane, Feltham",TW14 9NJ,Hounslow,-0.416371,51.4498016,GROCER_BAKERY,VERIFIED_CANDIDATE
1595203,Ballucci Hounslow,ballucci hounslow,Restaurant/Cafe/Canteen,"Unit 3 Kent Court, 716 London Road, Hounslow",TW3 1BH,Hounslow,-0.3537314,51.4710589,BAKERY_CAFE,VERIFIED_CANDIDATE
490165,Greggs,greggs,Retailers - other,"181 High Street, Hounslow",TW3 1BL,Hounslow,-0.3609235,51.4689099,BAKERY_CAFE,LOCATION_VERIFICATION
490405,Greggs,greggs,Retailers - other,"8 Trinity Parade, High Street, Hounslow",TW3 1HG,Hounslow,-0.36387699842453,51.468677520752,BAKERY_CAFE,LOCATION_VERIFICATION
490164,Pret a Manger,pret a manger,Restaurant/Cafe/Canteen,"198 High Street, Hounslow",TW3 1HL,Hounslow,-0.362738,51.4688984,BAKERY_CAFE,LOCATION_VERIFICATION
1662245,Cake House Bakery,cake house bakery,Retailers - other,"42a Lampton Road, Hounslow",TW3 1JH,Hounslow,-0.3672459,51.4706348,CORE_BAKERY,LOCATION_VERIFICATION
926801,Kredens @ 8 till late,kredens 8 till late,Retailers - other,"52-54 Lampton Road, Hounslow",TW3 1JQ,Hounslow,-0.3673356,51.4709832,GROCER_BAKERY,VERIFIED_CANDIDATE
490456,Hounslow Bazaar,hounslow bazaar,Retailers - other,"86-92 High Street, Hounslow",TW3 1NH,Hounslow,-0.3577768,51.4700133,GROCER_BAKERY,VERIFIED_CANDIDATE
490362,Asda,asda,Retailers - supermarkets/hypermarkets,"Asda The Blenheim Centre, Prince Regent Road, Hounslow",TW3 1NL,Hounslow,-0.361663013696671,51.4708557128906,GROCER_BAKERY,SUPERMARKET_SUPPLEMENT
1766932,Dukkan,dukkan,Retailers - supermarkets/hypermarkets,"Unit 3 The Blenheim Centre, Prince Regent Road",TW3 1NL,Hounslow,-0.361684,51.470857,GROCER_BAKERY,VERIFIED_CANDIDATE
490490,Haji Baba Ltd,haji baba ltd,Retailers - other,"Asda @ Blenheim Centre, Alexandra Road, Hounslow",TW3 1NL,Hounslow,-0.362132996320724,51.4711227416992,GROCER_BAKERY,VERIFIED_CANDIDATE
1466697,Karak Chaii Hounslow,karak chaii hounslow,Restaurant/Cafe/Canteen,"26c High Street, Hounslow",TW3 1NW,Hounslow,-0.3555293,51.4706122,BAKERY_CAFE,VERIFIED_CANDIDATE
1012216,Iceland Foods Limited,iceland foods limited,Retailers - other,"147-161 High Street, Hounslow",TW3 1QL,Hounslow,-0.3596205,51.4693223,GROCER_BAKERY,VERIFIED_CANDIDATE
718024,Carpatica Romanian Shop,carpatica romanian shop,Retailers - other,"Unit B, 115-117 High Street, Hounslow",TW3 1QT,Hounslow,-0.3582376,51.4695315,GROCER_BAKERY,VERIFIED_CANDIDATE
1930888,La Monica Shop,la monica shop,Retailers - other,"119a High Street, Hounslow",TW3 1QT,Hounslow,-0.3654477,51.470429,GROCER_BAKERY,VERIFIED_CANDIDATE
490414,BAZA Hounslow Limited,baza hounslow limited,Retailers - other,"Unit A, 79-83 High Street, Hounslow",TW3 1RB,Hounslow,-0.355962008237839,51.4700393676758,GROCER_BAKERY,VERIFIED_CANDIDATE
1944361,Kabuk Bakery,kabuk bakery,Manufacturers/packers,"63 High Street (Inside ), Hounslow",TW3 1RB,Hounslow,-0.3558381,51.4700725,GROCER_BAKERY,VERIFIED_CANDIDATE
577133,Mleczko Delikatesy,mleczko delikatesy,Retailers - other,"65-67 High Street, Hounslow",TW3 1RB,Hounslow,-0.3559617,51.4700392,GROCER_BAKERY,LOCATION_VERIFICATION
877069,Nirala Sweets,nirala sweets,Retailers - other,"35 High Street, Hounslow",TW3 1RH,Hounslow,-0.3547515,51.4704396,GROCER_BAKERY,LOCATION_VERIFICATION
490768,Platinum Food & Wine,platinum food and wine,Retailers - other,"12 Central Avenue, Hounslow",TW3 2QH,Hounslow,-0.3562185,51.4636941,GROCER_BAKERY,VERIFIED_CANDIDATE
1360941,Sainsbury's Supermarkets Ltd,sainsbury s supermarkets ltd,Retailers - other,"333 Bath Road, Hounslow",TW3 3DH,Hounslow,-0.385708004236221,51.4731063842773,GROCER_BAKERY,LOCATION_VERIFICATION
491058,Aldi Stores Ltd,aldi stores ltd,Retailers - supermarkets/hypermarkets,"Aldi, Hospital Road, Hounslow",TW3 3HY,Hounslow,-0.3720702,51.4675508,GROCER_BAKERY,LOCATION_VERIFICATION
1517878,Lidl,lidl,Retailers - supermarkets/hypermarkets,"Unit B, Hospital Road, Hounslow",TW3 3HY,Hounslow,-0.3707858,51.4677822,GROCER_BAKERY,LOCATION_VERIFICATION
621547,Lidl Great Britain Limited,lidl great britain limited,Retailers - supermarkets/hypermarkets,"Halfords Unit A, Hospital Road, Hounslow",TW3 3HY,Hounslow,-0.371109008789062,51.4677429199219,GROCER_BAKERY,VERIFIED_CANDIDATE
1963462,Jay’s Food,jay s food,Takeaway/sandwich shop,"108 Staines Road, Hounslow",TW3 3LH,Hounslow,-0.3703327,51.4667984,GROCER_BAKERY,VERIFIED_CANDIDATE
1731508,Langley Fresh,langley fresh,Farmers/growers,"30 Staines Road, Hounslow",TW3 3LZ,Hounslow,-0.3672116,51.4674072,GROCER_BAKERY,LOCATION_VERIFICATION
1109981,PREZELIER L582,prezelier l582,Retailers - other,"71A Bell Road, Hounslow",TW3 3NX,Hounslow,-0.3640099,51.46554551,CORE_BAKERY,VERIFIED_CANDIDATE
489961,Sylhet Bazar Limited,sylhet bazar limited,Retailers - other,"99 Kingsley Road, Hounslow",TW3 4AH,Hounslow,-0.3578291,51.4743701,GROCER_BAKERY,VERIFIED_CANDIDATE
1149972,Las Fierbinti - Bakery,las fierbinti bakery,Retailers - other,"117 Kingsley Road, Hounslow",TW3 4AJ,Hounslow,-0.3584562,51.4748725,CORE_BAKERY,VERIFIED_CANDIDATE
490071,Sainsbury's Local,sainsbury s local,Retailers - supermarkets/hypermarkets,"279 Staines Road, Hounslow",TW4 5AL,Hounslow,-0.378508,51.4654564,GROCER_BAKERY,LOCATION_VERIFICATION
490152,Staines Food & Wine Limited,staines food and wine limited,Retailers - other,"395 Staines Road, Hounslow",TW4 5AP,Hounslow,-0.3838664,51.4641774,GROCER_BAKERY,VERIFIED_CANDIDATE
490135,Chahal Sweet Centre,chahal sweet centre,Restaurant/Cafe/Canteen,"288 Staines Road, Hounslow",TW4 5BA,Hounslow,-0.3784592,51.4649481,BAKERY_CAFE,VERIFIED_CANDIDATE
1713486,Bakhtar Market London Ltd.,bakhtar market london ltd,Retailers - supermarkets/hypermarkets,"Section B- Global Trading Centre, 1b Amberley Way, Hounslow",TW4 6BH,Hounslow,-0.3981527,51.4629189,GROCER_BAKERY,VERIFIED_CANDIDATE
1930896,Bath Superstore Ltd,bath superstore ltd,Takeaway/sandwich shop,"Unit A Harrison House, 2 Earl Haig Close, Hounslow",TW4 7BJ,Hounslow,-0.3856487,51.4721902,GROCER_BAKERY,VERIFIED_CANDIDATE
1700250,Felys pastry,felys pastry,Retailers - other,"Kiosk 5 8 Cavendish Parade, Bath Road, Hounslow",TW4 7DJ,Hounslow,-0.3856729,51.4724991,CORE_BAKERY,VERIFIED_CANDIDATE
1822133,Naan Stop,naan stop,Takeaway/sandwich shop,"Kiosk 2 8 Cavendish Parade, Bath Road, Hounslow",TW4 7DJ,Hounslow,,,CORE_BAKERY,VERIFIED_CANDIDATE
1677636,Fresh Meat Hounslow Ltd,fresh meat hounslow ltd,Retailers - other,"364-366 Bath Road, Hounslow",TW4 7HT,Hounslow,-0.3890971,51.4734848,GROCER_BAKERY,VERIFIED_CANDIDATE
928530,Coffee and Cream / Cake Stop,coffee and cream cake stop,Restaurant/Cafe/Canteen,"320 Bath Road, Hounslow",TW4 7HW,Hounslow,-0.3873768,51.473097,BAKERY_CAFE,LOCATION_VERIFICATION
1516277,Sadda Superstore,sadda superstore,Retailers - supermarkets/hypermarkets,"354-356 Bath Road, Hounslow",TW4 7HW,Hounslow,-0.3886864,51.4733712,GROCER_BAKERY,SUPERMARKET_SUPPLEMENT
490309,Londis Hounslow Ltd,londis hounslow ltd,Retailers - other,"71 Salisbury Road, Hounslow",TW4 7NW,Hounslow,-0.3966554,51.4696182,GROCER_BAKERY,VERIFIED_CANDIDATE
490241,Produkty Polskie,produkty polskie,Retailers - other,"309 Vicarage Farm Road, Hounslow",TW5 0DT,Hounslow,,,GROCER_BAKERY,VERIFIED_CANDIDATE
799418,Sainsbury's Local,sainsbury s local,Retailers - supermarkets/hypermarkets,"78 Upper Sutton Lane, Hounslow",TW5 0PT,Hounslow,-0.3733287,51.4803729,GROCER_BAKERY,LOCATION_VERIFICATION
1556193,SREE GANESH SUPRSTORE LTD,sree ganesh suprstore ltd,Retailers - other,"162a Heston Road, Hounslow",TW5 0QU,Hounslow,-0.3724153,51.4841361,GROCER_BAKERY,VERIFIED_CANDIDATE
1752515,Greggs,greggs,Restaurant/Cafe/Canteen,"Asda Express, 270 Heston Road, Hounslow",TW5 0RG,Hounslow,-0.3716213,51.4884352,GROCER_BAKERY,LOCATION_VERIFICATION
490592,Rontec Esso Chiswick Flyover,rontec esso chiswick flyover,Takeaway/sandwich shop,"1 Great West Road, Hounslow",TW5 9AN,Hounslow,-0.392186,51.474993,GROCER_BAKERY,VERIFIED_CANDIDATE
950687,"Greggs in Forecourt, Heston East",greggs in forecourt heston east,Takeaway/sandwich shop,"Heston Services East, North Hyde Lane, Hounslow",TW5 9NA,Hounslow,-0.387881994247437,51.4885559082031,BAKERY_CAFE,VERIFIED_CANDIDATE
580981,Greggs,greggs,Takeaway/sandwich shop,"Heston services, Westbound",TW5 9NB,Hounslow,-0.396117985248566,51.4865837097168,CORE_BAKERY,LOCATION_VERIFICATION
855166,Greggs in Forecourt,greggs in forecourt,Takeaway/sandwich shop,"Heston Services West, Junction 2/3 M4",TW5 9NB,Hounslow,-0.396117985248566,51.4865837097168,BAKERY_CAFE,VERIFIED_CANDIDATE
490412,Mleczko Delicatesy,mleczko delicatesy,Retailers - other,"780 Bath Road, Hounslow",TW5 9SL,Hounslow,-0.4133862,51.4798679,GROCER_BAKERY,VERIFIED_CANDIDATE
491147,Harneet Food and Wine Ltd,harneet food and wine ltd,Retailers - other,"774 Bath Road, Hounslow",TW5 9TY,Hounslow,-0.4127037,51.4798649,GROCER_BAKERY,VERIFIED_CANDIDATE
855191,Karak Chaii Hounslow West,karak chaii hounslow west,Restaurant/Cafe/Canteen,"750 Bath Road, Hounslow",TW5 9TY,Hounslow,-0.4117246,51.4796116,BAKERY_CAFE,VERIFIED_CANDIDATE
490946,Ballucci,ballucci,Takeaway/sandwich shop,"479 London Road, Isleworth",TW7 4BX,Hounslow,-0.337973,51.474977,BAKERY_CAFE,VERIFIED_CANDIDATE
855177,Sainsbury's Local,sainsbury s local,Retailers - supermarkets/hypermarkets,"489 London Road, Isleworth",TW7 4BX,Hounslow,-0.3384269,51.474969,GROCER_BAKERY,LOCATION_VERIFICATION
490606,Shell Gillette Corner,shell gillette corner,Retailers - other,"882 Great West Road, Isleworth",TW7 5NG,Hounslow,-0.3283412,51.4834005,GROCER_BAKERY,VERIFIED_CANDIDATE
491129,Tesco Stores Ltd (Main Store),tesco stores ltd main store,Retailers - supermarkets/hypermarkets,"Tesco Extra, Syon Lane, Isleworth",TW7 5NZ,Hounslow,,,GROCER_BAKERY,LOCATION_VERIFICATION
491117,Syon Food and Wine Ltd,syon food and wine ltd,Retailers - other,"217 Twickenham Road, Isleworth",TW7 6AA,Hounslow,-0.3286562,51.4709184,GROCER_BAKERY,VERIFIED_CANDIDATE
1535453,ELISABETH PATISSERIE BAKERY CAFE LTD,elisabeth patisserie bakery cafe ltd,Restaurant/Cafe/Canteen,"20a St Johns Road, Isleworth",TW7 6NW,Hounslow,-0.3378328,51.4738033,BAKERY_CAFE,VERIFIED_CANDIDATE
490254,O Pamplet Ltd,o pamplet ltd,Restaurant/Cafe/Canteen,"14 South Street, Isleworth",TW7 7BG,Hounslow,-0.325461,51.4687578,BAKERY_CAFE,VERIFIED_CANDIDATE
490762,Joseph's Patisserie,joseph s patisserie,Restaurant/Cafe/Canteen,"30 Shrewsbury Walk, Isleworth",TW7 7DE,Hounslow,-0.3256225,51.4683986,BAKERY_CAFE,VERIFIED_CANDIDATE
1174078,South Street Ice Cream,south street ice cream,Manufacturers/packers,"13 Shrewsbury Walk, Isleworth",TW7 7DE,Hounslow,-0.3250038,51.4681515,BAKERY_CAFE,VERIFIED_CANDIDATE
490556,Lidl,lidl,Retailers - supermarkets/hypermarkets,"Unit 1 Ivybridge Retail Park, Twickenham Road, Isleworth",TW7 7DY,Hounslow,-0.3320124,51.4596248,GROCER_BAKERY,SUPERMARKET_SUPPLEMENT
490225,Tesco Stores Ltd (Main Store),tesco stores ltd main store,Retailers - supermarkets/hypermarkets,"Tesco, Mogden Lane, Isleworth",TW7 7JY,Hounslow,-0.3374143,51.459046,GROCER_BAKERY,VERIFIED_CANDIDATE
1791011,Mums Wholefood,mums wholefood,Retailers - supermarkets/hypermarkets,"Unit 8, 8 Kew Bridge Road, Brentford",TW8 0FJ,Hounslow,-0.288322,51.4880434,GROCER_BAKERY,VERIFIED_CANDIDATE
493072,Sainsbury's Local,sainsbury s local,Retailers - supermarkets/hypermarkets,"Unit 9 Kew Bridge Piazza, 8 Kew Bridge Road, Brentford",TW8 0FJ,Hounslow,-0.288322,51.4880434,GROCER_BAKERY,LOCATION_VERIFICATION
548393,Sainsbury's Local,sainsbury s local,Retailers - supermarkets/hypermarkets,"Unit 1 Burgoyne House, Ealing Road",TW8 0GB,Hounslow,-0.3025068,51.4905865,GROCER_BAKERY,LOCATION_VERIFICATION
490310,Lidl,lidl,Retailers - supermarkets/hypermarkets,"228-246 High Street, Brentford",TW8 0JG,Hounslow,-0.3056881,51.4838917,GROCER_BAKERY,LOCATION_VERIFICATION
490371,Best Quality Foods,best quality foods,Retailers - other,"3-4 Albany Parade, High Street, Brentford",TW8 0JW,Hounslow,-0.3013655,51.4857239,GROCER_BAKERY,VERIFIED_CANDIDATE
1545263,Greggs PLC,greggs plc,Takeaway/sandwich shop,"203 High Street, Brentford",TW8 8AH,Hounslow,-0.3083235,51.4833146,BAKERY_CAFE,LOCATION_VERIFICATION
1247018,Feather & Heart,feather and heart,Restaurant/Cafe/Canteen,"Unit 4 Brentford Lock, High Street, Brentford",TW8 8AQ,Hounslow,-0.3106915,51.4829566,BAKERY_CAFE,VERIFIED_CANDIDATE
1583269,Wm Morrisons Supermarket Limited,wm morrisons supermarket limited,Retailers - supermarkets/hypermarkets,"Land behind, 128 High Street, Brentford",TW8 8EW,Hounslow,-0.3090989,51.4827152,GROCER_BAKERY,VERIFIED_CANDIDATE
1706955,Gail's Brentford,gail s brentford,Restaurant/Cafe/Canteen,"2 West Bradbury Yard, Brentford",TW8 8GJ,Hounslow,-0.3079107,51.48295,BAKERY_CAFE,VERIFIED_CANDIDATE
491063,Brentford Dock Superstore,brentford dock superstore,Retailers - other,"Brentford Docks, Justin Close, Brentford",TW8 8QQ,Hounslow,-0.301304996013641,51.4822463989258,GROCER_BAKERY,VERIFIED_CANDIDATE
1545261,Lidl,lidl,Retailers - supermarkets/hypermarkets,"5 Bulls Bridge Industrial Estate, Hayes Road",UB2 5LN,Hounslow,-0.4054625,51.4990382,GROCER_BAKERY,LOCATION_VERIFICATION
490584,Shazan,shazan,Retailers - other,"(Tesco's Counter) Bulls Bridge Industrial Estate, Hayes Road, Southall",UB2 5LN,Hounslow,,,GROCER_BAKERY,VERIFIED_CANDIDATE
490935,Tesco Stores Ltd (Main Store),tesco stores ltd main store,Retailers - supermarkets/hypermarkets,"Unit 5 Bullsbridge Industrial Estate, Hayes Road, Southall",UB2 5LN,Hounslow,-0.4043454,51.4983704,GROCER_BAKERY,LOCATION_VERIFICATION
1543111,Londis Hayes (BP Hayes Service Station),londis hayes bp hayes service station,Retailers - other,"4 Hayes Road, Southall",UB2 5LZ,Hounslow,-0.3998649,51.4976418,GROCER_BAKERY,VERIFIED_CANDIDATE
707319,Costco Wholesale,costco wholesale,Retailers - supermarkets/hypermarkets,"Costco, Hayes Road, Southall",UB2 5XX,Hounslow,-0.404576003551483,51.4962959289551,GROCER_BAKERY,VERIFIED_CANDIDATE
490788,Sainsbury's Local,sainsbury s local,Retailers - supermarkets/hypermarkets,"15-16 The Broadway, Gunnersbury Lane, Acton",W3 8HR,Hounslow,-0.2818287,51.5021198,GROCER_BAKERY,LOCATION_VERIFICATION
490782,Pure in The Park,pure in the park,Restaurant/Cafe/Canteen,"The Cafe Gunnersbury Park, Popes Lane, Ealing",W3 8LQ,Hounslow,-0.287470996379852,51.4997596740723,BAKERY_CAFE,VERIFIED_CANDIDATE
490540,Gails Bakery,gails bakery,Retailers - other,"282-284 Chiswick High Road, Chiswick",W4 1PA,Hounslow,-0.259926,51.4926363,BAKERY_CAFE,VERIFIED_CANDIDATE
490005,Levent Borek,levent borek,Restaurant/Cafe/Canteen,"296 Chiswick High Road, Chiswick",W4 1PA,Hounslow,-0.2603608,51.4926436,BAKERY_CAFE,VERIFIED_CANDIDATE
1181759,Hotel Chocolat,hotel chocolat,Retailers - other,"208 Chiswick High Road, Chiswick",W4 1PD,Hounslow,-0.2566639,51.492845,BAKERY_CAFE,LOCATION_VERIFICATION
490216,Mali's,mali s,Restaurant/Cafe/Canteen,"216-218 Chiswick High Road, Chiswick",W4 1PD,Hounslow,-0.2575866,51.4928632,BAKERY_CAFE,VERIFIED_CANDIDATE
490036,Marks & Spencer,marks and spencer,Retailers - supermarkets/hypermarkets,"236 Chiswick High Road, Chiswick",W4 1PJ,Hounslow,-0.2578625,51.4928044,GROCER_BAKERY,LOCATION_VERIFICATION
733702,Nikki's Bakery,nikki s bakery,Restaurant/Cafe/Canteen,"184 Chiswick High Road, Chiswick",W4 1PP,Hounslow,-0.2555905,51.4929253,BAKERY_CAFE,VERIFIED_CANDIDATE
745462,Angie's Little Food Shop,angie s little food shop,Restaurant/Cafe/Canteen,"114 Chiswick High Road, Chiswick",W4 1PU,Hounslow,-0.2520978,51.4930208,BAKERY_CAFE,VERIFIED_CANDIDATE
490171,Sainsbury's Local,sainsbury s local,Retailers - supermarkets/hypermarkets,"118-120 Chiswick High Road, Chiswick",W4 1PU,Hounslow,-0.2522522,51.4930123,GROCER_BAKERY,LOCATION_VERIFICATION
493081,Hack & Veldt Delicatessen,hack and veldt delicatessen,Retailers - other,"94 Turnham Green Terrace, Chiswick",W4 1QN,Hounslow,-0.2550757,51.4947845,GROCER_BAKERY,VERIFIED_CANDIDATE
1154460,The Source Bulk Foods,the source bulk foods,Retailers - other,"24 Turnham Green Terrace, Chiswick",W4 1QP,Hounslow,-0.2550968,51.4934422,GROCER_BAKERY,VERIFIED_CANDIDATE
490102,Natoora,natoora,Retailers - other,"35 Turnham Green Terrace, Chiswick",W4 1RG,Hounslow,-0.2554467,51.4936731,GROCER_BAKERY,VERIFIED_CANDIDATE
489933,Oven District,oven district,Restaurant/Cafe/Canteen,"41 Turnham Green Terrace, Chiswick",W4 1RG,Hounslow,-0.2554546,51.4938045,BAKERY_CAFE,VERIFIED_CANDIDATE
1875899,Debbie Jo,debbie jo,Restaurant/Cafe/Canteen,"5 Chardin Road, Chiswick",W4 1RJ,Hounslow,,,BAKERY_CAFE,LOCATION_VERIFICATION
1862018,Frankie’s Bakery London,frankie s bakery london,Takeaway/sandwich shop,"3 Chiswick Common Road, Chiswick",W4 1RR,Hounslow,-0.2556527,51.4944271,CORE_BAKERY,VERIFIED_CANDIDATE
1110045,Matchado,matchado,Restaurant/Cafe/Canteen,"5 Chiswick Common Road, Chiswick",W4 1RR,Hounslow,-0.2558278,51.4944063,BAKERY_CAFE,VERIFIED_CANDIDATE
759419,Villa Di Geggiano,villa di geggiano,Restaurant/Cafe/Canteen,"66-68 Chiswick High Road, Chiswick",W4 1SY,Hounslow,-0.2494881,51.4934171,BAKERY_CAFE,VERIFIED_CANDIDATE
1501869,Ma Ma Boutique Bakery,ma ma boutique bakery,Retailers - other,"30, Chiswick High Road, Chiswick",W4 1TE,Hounslow,-0.2469585,51.4934768,CORE_BAKERY,VERIFIED_CANDIDATE
718019,Chateau Chiswick,chateau chiswick,Restaurant/Cafe/Canteen,"213 Chiswick High Road, Chiswick",W4 2DW,Hounslow,-0.2585855,51.4923565,BAKERY_CAFE,VERIFIED_CANDIDATE
836770,Urban Pantry,urban pantry,Restaurant/Cafe/Canteen,"15 Devonshire Road, Chiswick",W4 2EU,Hounslow,-0.2560095,51.4916465,BAKERY_CAFE,VERIFIED_CANDIDATE
491087,Arcane,arcane,Restaurant/Cafe/Canteen,"42 Devonshire Road, Chiswick",W4 2HD,Hounslow,-0.2554734,51.4913498,BAKERY_CAFE,VERIFIED_CANDIDATE
1822132,Mother’s Bakehouse,mother s bakehouse,Retailers - other,"14a - 16a Devonshire Road, Chiswick",W4 2HD,Hounslow,-0.2557482,51.4919645,CORE_BAKERY,VERIFIED_CANDIDATE
811499,The Coffee Traveller,the coffee traveller,Restaurant/Cafe/Canteen,"58 Thames Road, Chiswick",W4 3RE,Hounslow,-0.2807126,51.4866038,BAKERY_CAFE,VERIFIED_CANDIDATE
491008,Ozwald Copplepot,ozwald copplepot,Restaurant/Cafe/Canteen,"391 Chiswick High Road, Chiswick",W4 4AR,Hounslow,-0.2757301,51.4921988,BAKERY_CAFE,VERIFIED_CANDIDATE
1861998,Arthur's,arthur s,Restaurant/Cafe/Canteen,"Foyer Ground Floor  Barley Mow Centre, 10 Barley Mow Passage, Chiswick",W4 4PH,Hounslow,-0.2617453,51.4918458,BAKERY_CAFE,VERIFIED_CANDIDATE
1763272,N&R Ltd t/a Arthurs cafe,n and r ltd t a arthurs cafe,Restaurant/Cafe/Canteen,"Basement Store 10 Barley Mow Centre, 10 Barley Mow Passage, Chiswick",W4 4PH,Hounslow,-0.2617453,51.4918458,BAKERY_CAFE,VERIFIED_CANDIDATE
490614,Chiswick Flyover Service Station,chiswick flyover service station,Retailers - other,"Chiswick Flyover Service Station, 1 Great West Road, Brentford",W4 5QJ,Hounslow,-0.283500999212265,51.4917526245117,GROCER_BAKERY,VERIFIED_CANDIDATE
1750438,Greggs,greggs,Restaurant/Cafe/Canteen,"366 Chiswick High Road, Chiswick",W4 5TA,Hounslow,-0.26370294,51.49253495,CORE_BAKERY,LOCATION_VERIFICATION
490037,Waitrose,waitrose,Retailers - supermarkets/hypermarkets,"356-362 Chiswick High Road, Chiswick",W4 5TA,Hounslow,-0.263112,51.4927266,GROCER_BAKERY,SUPERMARKET_SUPPLEMENT
1563405,PRET A MANGER,pret a manger,Other catering premises,"336 Chiswick High Road, Chiswick",W4 5TL,Hounslow,-0.2622616,51.4926241,BAKERY_CAFE,LOCATION_VERIFICATION
1641212,Adelsa Artisan Design,adelsa artisan design,Other catering premises,"16 Belmont Terrace, Chiswick",W4 5UG,Hounslow,-0.2626197,51.4941941,BAKERY_CAFE,VERIFIED_CANDIDATE
490603,Sainsbury's,sainsbury s,Retailers - supermarkets/hypermarkets,"31 Essex Place, Chiswick",W4 5UT,Hounslow,-0.2651698,51.4935421,GROCER_BAKERY,LOCATION_VERIFICATION
855125,Kafe 23 Limited,kafe 23 limited,Restaurant/Cafe/Canteen,"Building 7 Chiswick Park, 566 Chiswick High Road, Chiswick",W4 5YA,Hounslow,-0.2756281,51.494624,BAKERY_CAFE,VERIFIED_CANDIDATE
1610196,PRET A MANGER,pret a manger,Other catering premises,"Building 3 Suite 101 Chiswick Park, 566 Chiswick High Road, Chiswick",W4 5YA,Hounslow,-0.273609,51.495767,BAKERY_CAFE,LOCATION_VERIFICATION
489890,Shell Hammersmith,shell hammersmith,Retailers - other,"372 Goldhawk Road, London",W6 0XF,Hounslow,-0.2447155,51.4960031,GROCER_BAKERY,VERIFIED_CANDIDATE
1616449,Kujawiak,kujawiak,Retailers - supermarkets/hypermarkets,"112 High Street, Hounslow",,Hounslow,-0.3590959,51.4698861,GROCER_BAKERY,LOCATION_VERIFICATION
417050,Pret A Manger,pret a manger,Takeaway/sandwich shop,"Pret A Manger, Basement And Ground Floors, 3-5 St John Street, London",EC1M 4AA,Islington,-0.101927,51.5200247,BAKERY_CAFE,LOCATION_VERIFICATION
416095,Pret A Manger,pret a manger,Takeaway/sandwich shop,"Pret A Manger, Basement And Ground Floors, 101-102 Turnmill Street, London",EC1M 5QP,Islington,-0.1042782,51.5203325,BAKERY_CAFE,LOCATION_VERIFICATION
1016807,Petit Pret,petit pret,Restaurant/Cafe/Canteen,"Petit Pret, 36-38 Cowcross Street, London",EC1M 6BY,Islington,-0.10461,51.5201932,BAKERY_CAFE,LOCATION_VERIFICATION
1590839,GAIL's Bakery,gail s bakery,Restaurant/Cafe/Canteen,"GAIL's Bakery, Basement And Ground Floors, 2-3 Cowcross Street, London",EC1M 6DR,Islington,-0.1021116,51.5200906,BAKERY_CAFE,LOCATION_VERIFICATION
1909927,"Sainsbury's, Units 1&2",sainsbury s units 1 and 2,Retailers - other,"Sainsbury's Units 1&2, 33 Charterhouse Street, London, EC1M 6HA",EC1M 6HA,Islington,-0.1049225,51.519048,GROCER_BAKERY,VERIFIED_CANDIDATE
417656,Paul,paul,Restaurant/Cafe/Canteen,"Paul, Lower Floors, 87 Charterhouse Street, London",EC1M 6HJ,Islington,-0.1020398,51.5197388,BAKERY_CAFE,LOCATION_VERIFICATION
416439,Slice Of Life Sandwich Bar,slice of life sandwich bar,Retailers - other,"Slice Of Life Sandwich Bar, Ground Floor East Boundary House, 91-93 Charterhouse Street, London",EC1M 6HR,Islington,-0.1013072,51.5200237,BAKERY_CAFE,VERIFIED_CANDIDATE
1421962,Catch Up Cafe London Limited,catch up cafe london limited,Restaurant/Cafe/Canteen,"Catch Up Cafe London Limited, Basement And Ground, 1 Goswell Road, London",EC1M 7AH,Islington,-0.0975643,51.5216357,BAKERY_CAFE,VERIFIED_CANDIDATE
1797718,Charles Artisan Bread,charles artisan bread,Restaurant/Cafe/Canteen,"Charles Artisan Bread, 7-21 Goswell Road, London, EC1M 7AH",EC1M 7AH,Islington,-0.0976395,51.5219067,CORE_BAKERY,LOCATION_VERIFICATION
416470,Pret A Manger,pret a manger,Takeaway/sandwich shop,"Pret A Manger, Basement And Ground Floor, 9-10 Charterhouse Buildings, London",EC1M 7AN,Islington,-0.09856192,51.52311241,BAKERY_CAFE,LOCATION_VERIFICATION
416720,Scotti's Snackbar,scotti s snackbar,Restaurant/Cafe/Canteen,"Scotti's Snackbar, 39-40 Clerkenwell Green, London, EC1R 0DU",EC1R 0DU,Islington,-0.1056359,51.5230433,BAKERY_CAFE,VERIFIED_CANDIDATE
1022994,Fourty Four The Green,fourty four the green,Takeaway/sandwich shop,"Fourty Four The Green, Basement And Ground Floor, 44 Clerkenwell Green, London",EC1R 0EG,Islington,-0.1051804,51.5232517,BAKERY_CAFE,VERIFIED_CANDIDATE
583134,Pret A Manger,pret a manger,Takeaway/sandwich shop,"Pret A Manger, Ground Floor, 95 Farringdon Road, London",EC1R 3BT,Islington,-0.1075207,51.5224352,BAKERY_CAFE,LOCATION_VERIFICATION
485850,Sainsbury's,sainsbury s,Retailers - supermarkets/hypermarkets,"Sainsbury's, 301 St John Street, London, EC1R 4AE",EC1R 4AE,Islington,-0.1049996,51.527952,GROCER_BAKERY,LOCATION_VERIFICATION
1012458,Pret A Manger,pret a manger,Takeaway/sandwich shop,"Pret A Manger, 21 Exmouth Market, London, EC1R 4QD",EC1R 4QD,Islington,-0.1099391,51.5256486,BAKERY_CAFE,LOCATION_VERIFICATION
416516,Sweet Boulangerie & Patisserie,sweet boulangerie and patisserie,Restaurant/Cafe/Canteen,"Sweet Boulangerie & Patisserie, Ground Floor, 64 Exmouth Market, London",EC1R 4QE,Islington,-0.1080856,51.5261943,CORE_BAKERY,VERIFIED_CANDIDATE
816985,Briki,briki,Restaurant/Cafe/Canteen,"Briki, 67 Exmouth Market, London, EC1R 4QL",EC1R 4QL,Islington,-0.1083951,51.5263791,BAKERY_CAFE,VERIFIED_CANDIDATE
417625,GAIL's Bakery,gail s bakery,Restaurant/Cafe/Canteen,"GAIL's Bakery, Basement And Ground Floor, 33-35 Exmouth Market, London",EC1R 4QL,Islington,-0.1093938,51.5259366,CORE_BAKERY,LOCATION_VERIFICATION
745710,Z Shoreditch,z shoreditch,Hotel/bed & breakfast/guest house,"Z Shoreditch, 136-144 City Road, London, EC1V 2NJ",EC1V 2NJ,Islington,-0.0885099,51.526839,BAKERY_CAFE,VERIFIED_CANDIDATE
417441,Waitrose,waitrose,Retailers - supermarkets/hypermarkets,"Waitrose, 174 St John Street, London, EC1V 4DE",EC1V 4DE,Islington,-0.1027058,51.524174,GROCER_BAKERY,SUPERMARKET_SUPPLEMENT
570640,Pret A Manger,pret a manger,Takeaway/sandwich shop,"Pret A Manger, Basement And Ground Floors, 182-184 St John Street, London",EC1V 4JZ,Islington,-0.103139,51.5245047,BAKERY_CAFE,LOCATION_VERIFICATION
570635,Pret A Manger,pret a manger,Takeaway/sandwich shop,"Pret A Manger, 402-404 St John Street, London, EC1V 4NJ",EC1V 4NJ,Islington,-0.1057796,51.5310401,BAKERY_CAFE,LOCATION_VERIFICATION
1825106,Rose & Rose,rose and rose,Restaurant/Cafe/Canteen,"Rose & Rose, 400 St John Street, London, EC1V 4NJ",EC1V 4NJ,Islington,-0.1057955,51.5310044,BAKERY_CAFE,VERIFIED_CANDIDATE
1691663,The Shoap,the shoap,Retailers - other,"The Shoap, Ground Floor And Basement, 406 St John Street, London",EC1V 4NJ,Islington,-0.105804,51.5311484,GROCER_BAKERY,VERIFIED_CANDIDATE
1210633,Retail 24,retail 24,Retailers - other,"Retail 24, Ground Floor, 192-194 Goswell Road, London",EC1V 7DT,Islington,-0.0998736,51.5264123,GROCER_BAKERY,LOCATION_VERIFICATION
416082,Best One Mini-Market,best one mini market,Retailers - other,"Best One Mini-Market, 94 Central Street, London, EC1V 8AJ",EC1V 8AJ,Islington,-0.0965561,51.5267991,GROCER_BAKERY,VERIFIED_CANDIDATE
416315,Kings Square Bakery,kings square bakery,Retailers - other,"Kings Square Bakery, 143-145 Central Street, London, EC1V 8AP",EC1V 8AP,Islington,-0.097433,51.5275507,CORE_BAKERY,VERIFIED_CANDIDATE
1965607,Owlie,owlie,Restaurant/Cafe/Canteen,"Owlie, 36 Old Street, London",EC1V 9AE,Islington,-0.096651,51.5238331,BAKERY_CAFE,VERIFIED_CANDIDATE
1204492,Trade,trade,Other catering premises,"Trade, 158 Old Street, London, EC1V 9BW",EC1V 9BW,Islington,,,BAKERY_CAFE,LOCATION_VERIFICATION
1247114,Marks & Spencer,marks and spencer,Retailers - supermarkets/hypermarkets,"Marks & Spencer, 201 Old Street, London, EC1V 9NP",EC1V 9NP,Islington,-0.0904912,51.5256573,GROCER_BAKERY,LOCATION_VERIFICATION
1220244,Noxy Brothers,noxy brothers,Restaurant/Cafe/Canteen,"Noxy Brothers, Unit A, 207 Old Street, London",EC1V 9NR,Islington,-0.0890847,51.5258502,BAKERY_CAFE,VERIFIED_CANDIDATE
1213938,Pret a Manger,pret a manger,Takeaway/sandwich shop,"Pret a Manger, 17 City Road, London, EC1Y 1AG",EC1Y 1AG,Islington,-0.0868927,51.5227749,BAKERY_CAFE,LOCATION_VERIFICATION
1888965,GAIL's Bakery Old Street,gail s bakery old street,Retailers - other,"GAIL's Bakery Old Street, 81 City Road, London, EC1Y 1BD",EC1Y 1BD,Islington,-0.0873663,51.5248869,CORE_BAKERY,VERIFIED_CANDIDATE
416239,Pret A Manger,pret a manger,Takeaway/sandwich shop,"Pret A Manger, Unit 1, 1 Oliver's Yard, London",EC1Y 1HQ,Islington,,,BAKERY_CAFE,LOCATION_VERIFICATION
1865812,EARLY BEES COFFEE LTD,early bees coffee ltd,Restaurant/Cafe/Canteen,"EARLY BEES COFFEE LTD, Unit 2 Lexington Apartments, 40 City Road, London",EC1Y 2AN,Islington,-0.0877346,51.5240117,BAKERY_CAFE,VERIFIED_CANDIDATE
1229528,Coco di Mama,coco di mama,Other catering premises,"Coco di Mama, 71 Chiswell Street, London, EC1Y 4AB",EC1Y 4AB,Islington,-0.0892507,51.5205112,BAKERY_CAFE,LOCATION_VERIFICATION
1241669,Pret A Manger,pret a manger,Takeaway/sandwich shop,"Pret A Manger, 70 Chiswell Street, London, EC1Y 4AB",EC1Y 4AB,Islington,-0.0895377,51.5205429,BAKERY_CAFE,LOCATION_VERIFICATION
724316,Pret A Manger,pret a manger,Restaurant/Cafe/Canteen,"Pret A Manger, 1 Cherry Tree Walk, London, EC1Y 8NX",EC1Y 8NX,Islington,-0.0922985,51.5217389,BAKERY_CAFE,LOCATION_VERIFICATION
416999,Waitrose,waitrose,Retailers - supermarkets/hypermarkets,"Waitrose, 6 Cherry Tree Walk, London",EC1Y 8NX,Islington,,,GROCER_BAKERY,SUPERMARKET_SUPPLEMENT
417245,Pret A Manger,pret a manger,Takeaway/sandwich shop,"Pret A Manger, Unit 1 Ground Floor Milbank House, 1 Finsbury Square, London",EC2A 1AE,Islington,-0.0875688,51.5207446,BAKERY_CAFE,LOCATION_VERIFICATION
1595788,Blank Street,blank street,Restaurant/Cafe/Canteen,"Blank Street, 50 Finsbury Square, London, EC2A 1HD",EC2A 1HD,Islington,-0.0868848,51.5202119,BAKERY_CAFE,LOCATION_VERIFICATION
1684138,Greggs,greggs,Retailers - other,"Greggs, 50 Finsbury Square, London, EC2A 1HD",EC2A 1HD,Islington,-0.0868848,51.5202119,CORE_BAKERY,LOCATION_VERIFICATION
417410,Marks & Spencer,marks and spencer,Retailers - supermarkets/hypermarkets,"Marks & Spencer, 70 Finsbury Pavement, London, EC2A 1SA",EC2A 1SA,Islington,-0.0872736,51.5195348,GROCER_BAKERY,LOCATION_VERIFICATION
1421957,Doufu,doufu,Retailers - other,"Doufu, 3 Paul Street, London, EC2A 4JJ",EC2A 4JJ,Islington,-0.0846707,51.5224778,GROCER_BAKERY,VERIFIED_CANDIDATE
417701,Angels Corner Mini Market,angels corner mini market,Retailers - other,"Angels Corner Mini Market, Shop, 2 Copenhagen Street, London",N1 0JD,Islington,-0.1097153,51.535573,GROCER_BAKERY,VERIFIED_CANDIDATE
1430814,The Passage Pantry,the passage pantry,Retailers - other,"The Passage Pantry, Basement and Ground, 351-352 Upper Street, London",N1 0PD,Islington,-0.1043404,51.5347938,GROCER_BAKERY,VERIFIED_CANDIDATE
1971491,Whole Foods Market,whole foods market,Retailers - supermarkets/hypermarkets,"Whole Foods Market, The Mall, 359 Upper Street, London",N1 0PD,Islington,,,GROCER_BAKERY,SUPERMARKET_SUPPLEMENT
1908009,Noxy Brothers,noxy brothers,Takeaway/sandwich shop,"Noxy Brothers, Ground Floor, 49 Upper Street, London",N1 0PN,Islington,-0.1045689,51.5351932,BAKERY_CAFE,LOCATION_VERIFICATION
724315,Pret A Manger,pret a manger,Restaurant/Cafe/Canteen,"Pret A Manger, 12 Parkfield Street, London, N1 0PS",N1 0PS,Islington,-0.1059656,51.5341996,BAKERY_CAFE,LOCATION_VERIFICATION
1403363,Saint Expresso,saint expresso,Takeaway/sandwich shop,"Saint Expresso, 1 Parkfield Street, London, N1 0PS",N1 0PS,Islington,-0.1067386,51.5339872,BAKERY_CAFE,VERIFIED_CANDIDATE
1658208,Blank Street,blank street,Restaurant/Cafe/Canteen,"Blank Street, 4 Upper Street, London, N1 0RP",N1 0RP,Islington,-0.1058403,51.5335141,BAKERY_CAFE,LOCATION_VERIFICATION
417144,Marks & Spencer,marks and spencer,Retailers - supermarkets/hypermarkets,"Marks & Spencer, Marks And Spencer, 3-7 Liverpool Road, London",N1 0RR,Islington,-0.10626082,51.53324497,GROCER_BAKERY,LOCATION_VERIFICATION
1104429,Oseyo,oseyo,Retailers - other,"Oseyo, Ground Floor, 15 Liverpool Road, London",N1 0RW,Islington,-0.1071222,51.5337776,GROCER_BAKERY,LOCATION_VERIFICATION
417515,Sainsbury's,sainsbury s,Retailers - supermarkets/hypermarkets,"Sainsbury's, 31-41 Liverpool Road, London",N1 0RW,Islington,-0.1072746,51.5342747,GROCER_BAKERY,LOCATION_VERIFICATION
416726,Waitrose,waitrose,Retailers - supermarkets/hypermarkets,"Waitrose, 21 Liverpool Road, London, N1 0RW",N1 0RW,Islington,-0.1074059,51.5338901,GROCER_BAKERY,SUPERMARKET_SUPPLEMENT
417734,Sweet Cafe,sweet cafe,Restaurant/Cafe/Canteen,"Sweet Cafe, Shop, 181 Caledonian Road, London",N1 0SL,Islington,-0.116943,51.5365346,BAKERY_CAFE,VERIFIED_CANDIDATE
1884024,Foca,foca,Restaurant/Cafe/Canteen,"Foca, 339 Caledonian Road, London",N1 1DW,Islington,-0.1175003,51.5422449,BAKERY_CAFE,VERIFIED_CANDIDATE
1881792,Mori Homemade London,mori homemade london,Restaurant/Cafe/Canteen,"Mori Homemade London, Ground Floor, 343 Caledonian Road, London",N1 1DW,Islington,,,BAKERY_CAFE,VERIFIED_CANDIDATE
416174,Sri Ram Convenience Store,sri ram convenience store,Retailers - other,"Sri Ram Convenience Store, 130 Liverpool Road, London, N1 1LA",N1 1LA,Islington,,,GROCER_BAKERY,VERIFIED_CANDIDATE
1971494,Copains Paris - Islington,copains paris islington,Restaurant/Cafe/Canteen,"Copains Paris - Islington, Basement And Ground Floor Front Right, 133 Upper Street, London",N1 1QP,Islington,,,CORE_BAKERY,VERIFIED_CANDIDATE
1561246,Bakery British Patagonia,bakery british patagonia,Retailers - other,"Bakery British Patagonia, 178 Upper Street, London, N1 1RG",N1 1RG,Islington,-0.1031895,51.5416636,CORE_BAKERY,VERIFIED_CANDIDATE
416904,Budgens,budgens,Retailers - other,"Budgens, 213-215 Upper Street, London, N1 1RL",N1 1RL,Islington,-0.103485,51.5435748,GROCER_BAKERY,LOCATION_VERIFICATION
1020154,Forequarter,forequarter,Retailers - other,"Forequarter, 213-215 Upper Street, London",N1 1RL,Islington,-0.103485,51.5435748,GROCER_BAKERY,VERIFIED_CANDIDATE
951994,Euphorium Bakery,euphorium bakery,Restaurant/Cafe/Canteen,"Euphorium Bakery, Basement And Ground Floors, 201-202 Upper Street, London",N1 1RQ,Islington,-0.1034,51.542845,BAKERY_CAFE,LOCATION_VERIFICATION
1635364,Philippe Conticini,philippe conticini,Restaurant/Cafe/Canteen,"Philippe Conticini, Restaurant Basement And Ground Floors, 206 Upper Street, London",N1 1RQ,Islington,-0.1034339,51.5430704,BAKERY_CAFE,VERIFIED_CANDIDATE
951980,Benita Bakery,benita bakery,Retailers - other,"Benita Bakery, Basement And Ground Floor, 238 Upper Street, London",N1 1RU,Islington,-0.1035609,51.5448709,BAKERY_CAFE,VERIFIED_CANDIDATE
1090968,Pret A Manger,pret a manger,Takeaway/sandwich shop,"Pret A Manger, Ground Floor Northway House, 257-258 Upper Street, London",N1 1RU,Islington,-0.1034351,51.5458131,BAKERY_CAFE,LOCATION_VERIFICATION
465452,Retail 24,retail 24,Retailers - other,"Retail 24, 249 Upper Street, London, N1 1RU",N1 1RU,Islington,-0.1034375,51.5454085,GROCER_BAKERY,LOCATION_VERIFICATION
1131957,Urban Social,urban social,Restaurant/Cafe/Canteen,"Urban Social, Ground Floor, 236 Upper Street, London",N1 1RU,Islington,-0.103623,51.544764,BAKERY_CAFE,VERIFIED_CANDIDATE
1497656,Superette,superette,Retailers - other,"Superette, 165 Upper Street, London, N1 1US",N1 1US,Islington,-0.1029911,51.540887,GROCER_BAKERY,VERIFIED_CANDIDATE
417517,Angel Delicatessen Limited,angel delicatessen limited,Retailers - other,"Angel Delicatessen Limited, 48 Cross Street, London, N1 2BA",N1 2BA,Islington,-0.1014077,51.5394315,GROCER_BAKERY,VERIFIED_CANDIDATE
724313,Sawyer & Gray,sawyer and gray,Restaurant/Cafe/Canteen,"Sawyer & Gray, Basement And Ground Floor, 290 St Paul's Road, London",N1 2LH,Islington,-0.1011942,51.5462894,BAKERY_CAFE,VERIFIED_CANDIDATE
1616935,Fantail,fantail,Restaurant/Cafe/Canteen,"Fantail, 274B St Paul's Road, London, N1 2LJ",N1 2LJ,Islington,-0.1005248,51.5464314,BAKERY_CAFE,VERIFIED_CANDIDATE
1087062,Sainsbury's,sainsbury s,Retailers - supermarkets/hypermarkets,"Sainsbury's, 89-95 St Paul's Road, St Paul's Road, London",N1 2NA,Islington,-0.1011888,51.5460735,GROCER_BAKERY,LOCATION_VERIFICATION
1712374,Sourdough Sophia,sourdough sophia,Retailers - other,"Sourdough Sophia, 119 Essex Road, London, N1 2SN",N1 2SN,Islington,-0.09836,51.53928,CORE_BAKERY,LOCATION_VERIFICATION
1204489,Gail's,gail s,Retailers - other,"Gail's, Basement And Ground Floors, 305-307 Upper Street, London",N1 2TU,Islington,-0.10234,51.53803,BAKERY_CAFE,LOCATION_VERIFICATION
417815,Paul,paul,Restaurant/Cafe/Canteen,"Paul, Ground Floor, 302 Upper Street, London",N1 2TU,Islington,-0.102093,51.5389031,BAKERY_CAFE,LOCATION_VERIFICATION
416794,Ottolenghi Ltd,ottolenghi ltd,Restaurant/Cafe/Canteen,"Ottolenghi Ltd, Basement And Ground Floors, 287 Upper Street, London",N1 2TZ,Islington,-0.1022744,51.5397423,BAKERY_CAFE,VERIFIED_CANDIDATE
416791,Shell Service Station,shell service station,Retailers - other,"Shell Service Station, 276 Upper Street, London, N1 2TZ",N1 2TZ,Islington,-0.1021593,51.5407746,GROCER_BAKERY,LOCATION_VERIFICATION
717225,Belle Epoque,belle epoque,Restaurant/Cafe/Canteen,"Belle Epoque, Basement And Ground Floors, 267 Upper Street, London",N1 2UQ,Islington,-0.1028564,51.5427373,CORE_BAKERY,VERIFIED_CANDIDATE
1665699,Nourished Communities,nourished communities,Retailers - other,"Nourished Communities, 263 Upper Street, London, N1 2UQ",N1 2UQ,Islington,-0.1029047,51.5429629,GROCER_BAKERY,LOCATION_VERIFICATION
416919,Sainsbury's,sainsbury s,Retailers - supermarkets/hypermarkets,"Sainsbury's, 317 Upper Street, London, N1 2XQ",N1 2XQ,Islington,-0.1029014,51.5373754,GROCER_BAKERY,LOCATION_VERIFICATION
417267,Sainsbury's,sainsbury s,Retailers - supermarkets/hypermarkets,"Sainsbury's, 325-331 Essex Road, London",N1 2YG,Islington,-0.0903629,51.5438742,GROCER_BAKERY,SUPERMARKET_SUPPLEMENT
1351158,Saperavi Social,saperavi social,Restaurant/Cafe/Canteen,"Saperavi Social, 212 Essex Road, London, N1 3AP",N1 3AP,Islington,,,BAKERY_CAFE,VERIFIED_CANDIDATE
1130290,The De Beauvoir Deli Co,the de beauvoir deli co,Restaurant/Cafe/Canteen,"The De Beauvoir Deli Co, Ground Floor, 99 Southgate Road, London",N1 3JS,Islington,-0.0852964,51.5412287,BAKERY_CAFE,VERIFIED_CANDIDATE
1499467,The De Beauvoir Wholefoods,the de beauvoir wholefoods,Retailers - other,"The De Beauvoir Wholefoods, 105-109 Southgate Road, London, N1 3JS",N1 3JS,Islington,-0.0853435,51.5414812,GROCER_BAKERY,VERIFIED_CANDIDATE
1007369,Trade,trade,Restaurant/Cafe/Canteen,"Trade, Front Unit at, 330 Essex Road, London",N1 3PB,Islington,-0.0903658,51.5434606,BAKERY_CAFE,VERIFIED_CANDIDATE
1385022,Petit Grind,petit grind,Restaurant/Cafe/Canteen,"Petit Grind, 30A Ball's Pond Road, London, N1 4AU",N1 4AU,Islington,-0.077141,51.5461938,BAKERY_CAFE,VERIFIED_CANDIDATE
416652,Gallo Nero,gallo nero,Retailers - other,"Gallo Nero, 45 Newington Green Road, London, N1 4QT",N1 4QT,Islington,-0.0876321,51.5481191,GROCER_BAKERY,VERIFIED_CANDIDATE
1696982,Quince Bakery,quince bakery,Retailers - other,"Quince Bakery, 267 New North Road, London, N1 7AA",N1 7AA,Islington,-0.0911756,51.537206,CORE_BAKERY,VERIFIED_CANDIDATE
1621918,Cooks and Books,cooks and books,Restaurant/Cafe/Canteen,"Cooks and Books, 200 New North Road, London, N1 7BJ",N1 7BJ,Islington,-0.0914656,51.5378582,BAKERY_CAFE,VERIFIED_CANDIDATE
1766677,Kipferl Patisserie Ltd,kipferl patisserie ltd,Retailers - other,"Kipferl Patisserie Ltd, Unit 2 Basement And Ground Floor Canonbury Yard Canonbury B, 190A New North Road, London",N1 7BJ,Islington,-0.0906802,51.5376746,BAKERY_CAFE,VERIFIED_CANDIDATE
1965631,Japanese Curry Bread – Kanazawa,japanese curry bread kanazawa,Retailers - other,"Japanese Curry Bread – Kanazawa, Shop 3, The Annexe Shops, Islington Green",N1 8DU,Islington,,,CORE_BAKERY,LOCATION_VERIFICATION
1092959,Brother Marcus,brother marcus,Restaurant/Cafe/Canteen,"Brother Marcus, Basement And Ground Floors At 37-39, 37-41 Camden Passage, London",N1 8EA,Islington,-0.1036305,51.535223,BAKERY_CAFE,LOCATION_VERIFICATION
1437204,Frequency,frequency,Restaurant/Cafe/Canteen,"Frequency, 13 Camden Passage, London, N1 8EA",N1 8EA,Islington,-0.1041125,51.5347272,BAKERY_CAFE,LOCATION_VERIFICATION
1439979,TRAMPOLINE,trampoline,Restaurant/Cafe/Canteen,"TRAMPOLINE, 27 Camden Passage, London, N1 8EA",N1 8EA,Islington,-0.1038855,51.5349843,BAKERY_CAFE,VERIFIED_CANDIDATE
1561247,Buns From Home,buns from home,Retailers - other,"Buns From Home, Shop, 12 Camden Passage, London",N1 8ED,Islington,-0.1035685,51.5349792,CORE_BAKERY,LOCATION_VERIFICATION
1300807,Kape Konnection,kape konnection,Takeaway/sandwich shop,"Kape Konnection, Shop, 10 Camden Passage, London",N1 8ED,Islington,-0.1037614,51.5348474,BAKERY_CAFE,VERIFIED_CANDIDATE
623414,Pistachio & Pickle Dairy,pistachio and pickle dairy,Retailers - other,"Pistachio & Pickle Dairy, 6 Camden Passage, London, N1 8ED",N1 8ED,Islington,-0.1038073,51.5347852,GROCER_BAKERY,VERIFIED_CANDIDATE
416741,Nibbles Sandwich Bar,nibbles sandwich bar,Restaurant/Cafe/Canteen,"Nibbles Sandwich Bar, Basement And Ground Floor, 38 St Peter's Street, London",N1 8JT,Islington,-0.0985325,51.534376,BAKERY_CAFE,VERIFIED_CANDIDATE
1439860,Jolene Colebrooke Row,jolene colebrooke row,Restaurant/Cafe/Canteen,"Jolene Colebrooke Row, 16B Essex Road, London, N1 8LN",N1 8LN,Islington,-0.1013556,51.5365261,BAKERY_CAFE,VERIFIED_CANDIDATE
416733,Planet Organic Limited,planet organic limited,Retailers - other,"Planet Organic Limited, Ground Floor Canon Collins House, 64 Essex Road, London",N1 8LR,Islington,-0.0994535,51.5378801,GROCER_BAKERY,VERIFIED_CANDIDATE
416477,Raab The Bakers,raab the bakers,Retailers - other,"Raab The Bakers, 136 Essex Road, London, N1 8LX",N1 8LX,Islington,-0.0976601,51.5393888,CORE_BAKERY,VERIFIED_CANDIDATE
1090965,Pophams,pophams,Retailers - other,"Pophams, 19 Prebend Street, London, N1 8PF",N1 8PF,Islington,-0.0964541,51.5368423,CORE_BAKERY,VERIFIED_CANDIDATE
417768,Pret A Manger,pret a manger,Takeaway/sandwich shop,"Pret A Manger, 54-60 York Way, London, N1 9AB",N1 9AB,Islington,-0.1221785,51.5333541,BAKERY_CAFE,LOCATION_VERIFICATION
1811940,Frothee,frothee,Restaurant/Cafe/Canteen,"Frothee, 60 Caledonian Road, London, N1 9DP",N1 9DP,Islington,-0.1199263,51.5323738,BAKERY_CAFE,VERIFIED_CANDIDATE
1296890,Greggs,greggs,Retailers - other,"Greggs, Ground Floor, 31 Chapel Market, London",N1 9EN,Islington,-0.1082366,51.5336787,CORE_BAKERY,LOCATION_VERIFICATION
1584317,Grown by Nature,grown by nature,Retailers - other,"Grown by Nature, 76 Chapel Market, London, N1 9ER",N1 9ER,Islington,-0.1092006,51.5333795,GROCER_BAKERY,LOCATION_VERIFICATION
1635373,Honeycake,honeycake,Restaurant/Cafe/Canteen,"Honeycake, 75 Chapel Market, London, N1 9ER",N1 9ER,Islington,-0.1091286,51.5333783,CORE_BAKERY,VERIFIED_CANDIDATE
1557523,Casa Fabrizi,casa fabrizi,Restaurant/Cafe/Canteen,"Casa Fabrizi, Basement And Ground Floors, 1 Chapel Market, London",N1 9EZ,Islington,-0.1108843,51.5334606,BAKERY_CAFE,VERIFIED_CANDIDATE
975118,Mercer & Co.,mercer and co,Restaurant/Cafe/Canteen,"Mercer & Co., Shop, 26A Chapel Market, London",N1 9EZ,Islington,-0.1085706,51.5336211,BAKERY_CAFE,VERIFIED_CANDIDATE
735156,Saint Espresso,saint espresso,Restaurant/Cafe/Canteen,"Saint Espresso, 4 Angel House, 20-32 Pentonville Road, London",N1 9HJ,Islington,-0.10814,51.5321843,BAKERY_CAFE,VERIFIED_CANDIDATE
735147,Sainsbury's,sainsbury s,Retailers - supermarkets/hypermarkets,"Sainsbury's, 266-268 Pentonville Road, London, N1 9JY",N1 9JY,Islington,-0.1205863,51.5310535,GROCER_BAKERY,LOCATION_VERIFICATION
416247,Pret A Manger,pret a manger,Takeaway/sandwich shop,"Pret A Manger, Basement And Ground Floors, 27 Islington High Street, London",N1 9LH,Islington,-0.1064103,51.5328668,BAKERY_CAFE,LOCATION_VERIFICATION
1813453,ZEIT FUR BROT,zeit fur brot,Restaurant/Cafe/Canteen,"ZEIT FUR BROT, Basement And Ground Floor, 1 Islington High Street, London",N1 9LQ,Islington,-0.1065861,51.5321053,CORE_BAKERY,VERIFIED_CANDIDATE
1885676,Gail's Bakery,gail s bakery,Restaurant/Cafe/Canteen,"Gail's Bakery, 286-288 Pentonville Road, London, N1 9NR",N1 9NR,Islington,-0.1217419,51.531,BAKERY_CAFE,LOCATION_VERIFICATION
1097570,Jolene,jolene,Restaurant/Cafe/Canteen,"Jolene, 21 Newington Green, London, N16 9PU",N16 9PU,Islington,-0.0842992,51.551239,BAKERY_CAFE,VERIFIED_CANDIDATE
1669470,Tarn Bakery,tarn bakery,Retailers - other,"Tarn Bakery, Basement And Ground Floors, 83 Hazellville Road, London",N19 3NB,Islington,-0.1297955,51.5719372,CORE_BAKERY,VERIFIED_CANDIDATE
653888,The Spoke,the spoke,Restaurant/Cafe/Canteen,"The Spoke, 710 Holloway Road, London, N19 3NH",N19 3NH,Islington,-0.1284303,51.5637143,BAKERY_CAFE,VERIFIED_CANDIDATE
1908004,Project Bagel,project bagel,Restaurant/Cafe/Canteen,"Project Bagel, Commercial Unit Shop, 660 Holloway Road, London",N19 3NU,Islington,-0.1263824,51.5626385,CORE_BAKERY,VERIFIED_CANDIDATE
1439871,Humdingers,humdingers,Retailers - other,"Humdingers, 524-526 Hornsey Road, London, N19 3QN",N19 3QN,Islington,-0.1236898,51.5695197,BAKERY_CAFE,VERIFIED_CANDIDATE
1881791,Nisa Archway,nisa archway,Retailers - other,"Nisa Archway, 250 St John's Way, London, N19 3RJ",N19 3RJ,Islington,-0.128592,51.569616,GROCER_BAKERY,VERIFIED_CANDIDATE
1965624,Londis and Subway-Hornsey Rise,londis and subway hornsey rise,Retailers - other,"Londis and Subway-Hornsey Rise, Commercial Unit, 89 Hornsey Rise, London",N19 3SH,Islington,-0.1275052,51.5735913,GROCER_BAKERY,VERIFIED_CANDIDATE
1203017,Wenzels The Bakers,wenzels the bakers,Retailers - other,"Wenzels The Bakers, Basement And Ground Floor, 4 Navigator Square, London",N19 3TD,Islington,-0.1345529,51.5660599,CORE_BAKERY,LOCATION_VERIFICATION
1108648,Whiskers & Cream,whiskers and cream,Restaurant/Cafe/Canteen,"Whiskers & Cream, 593 Holloway Road, London, N19 4DJ",N19 4DJ,Islington,-0.1283164,51.5633258,BAKERY_CAFE,VERIFIED_CANDIDATE
1839076,Dartmouth Mini Market,dartmouth mini market,Retailers - other,"Dartmouth Mini Market, Ground Floor, 120 Dartmouth Park Hill, London",N19 5HT,Islington,-0.1403959,51.5643092,GROCER_BAKERY,VERIFIED_CANDIDATE
1704975,Cricks Corner,cricks corner,Restaurant/Cafe/Canteen,"Cricks Corner, 80 Dartmouth Park Hill, London, N19 5HU",N19 5HU,Islington,-0.1405116,51.5632409,BAKERY_CAFE,VERIFIED_CANDIDATE
416173,Payless Food & Wine,payless food and wine,Retailers - other,"Payless Food & Wine, Ground Floor Shop, 116 Junction Road, London",N19 5LB,Islington,-0.1372265,51.5610126,GROCER_BAKERY,VERIFIED_CANDIDATE
1635361,Muffin Break,muffin break,Restaurant/Cafe/Canteen,"Muffin Break, Food Court Retail Area, The Whittington Hospital, Magdala Avenue",N19 5NF,Islington,,,BAKERY_CAFE,LOCATION_VERIFICATION
1728280,Sweety Cooky Ltd,sweety cooky ltd,Retailers - other,"Sweety Cooky Ltd, Ground Floor, 177 Junction Road, London",N19 5QA,Islington,-0.1370987,51.5602552,CORE_BAKERY,VERIFIED_CANDIDATE
583127,Greggs,greggs,Retailers - other,"Greggs, 33 Junction Road, London, N19 5QT",N19 5QT,Islington,-0.134784,51.5646428,CORE_BAKERY,LOCATION_VERIFICATION
417821,Bread and Bean,bread and bean,Restaurant/Cafe/Canteen,"Bread and Bean, Commercial Unit, 37 Junction Road, London",N19 5QU,Islington,-0.1349093,51.564402,BAKERY_CAFE,VERIFIED_CANDIDATE
1766669,Marks & Spencer Foodhall,marks and spencer foodhall,Retailers - supermarkets/hypermarkets,"Marks & Spencer Foodhall, 1 Archway Mall, London, N19 5RG",N19 5RG,Islington,-0.13501,51.566,GROCER_BAKERY,SUPERMARKET_SUPPLEMENT
1965605,Gail's,gail s,Restaurant/Cafe/Canteen,"Gail's, 8-10 Junction Road, London",N19 5RQ,Islington,-0.1350089,51.5651409,CORE_BAKERY,LOCATION_VERIFICATION
1691662,Sainsbury's,sainsbury s,Retailers - supermarkets/hypermarkets,"Sainsbury's, 14 Junction Road, London, N19 5RQ",N19 5RQ,Islington,-0.1352503,51.564884,GROCER_BAKERY,LOCATION_VERIFICATION
1472220,Phyllo Bakehouse,phyllo bakehouse,Retailers - other,"Phyllo Bakehouse, Basement And Ground Floor At 637, 637-639 Holloway Road, London",N19 5SS,Islington,-0.1313123,51.5641559,CORE_BAKERY,VERIFIED_CANDIDATE
417026,Sainsbury's,sainsbury s,Retailers - supermarkets/hypermarkets,"Sainsbury's, Ground Floor 641 - 643, 641-645 Holloway Road, London",N19 5SS,Islington,-0.1318935,51.564408,GROCER_BAKERY,LOCATION_VERIFICATION
1809969,Fresh Bake,fresh bake,Takeaway/sandwich shop,"Fresh Bake, 1 Station Place, London, N4 2DH",N4 2DH,Islington,-0.1054147,51.5644778,BAKERY_CAFE,LOCATION_VERIFICATION
682038,White Brothers,white brothers,Retailers - other,"White Brothers, Shop, 150 Blackstock Road, London",N4 2DY,Islington,-0.0989411,51.5609018,GROCER_BAKERY,VERIFIED_CANDIDATE
1823478,Fantail Finsbury Park,fantail finsbury park,Restaurant/Cafe/Canteen,"Fantail Finsbury Park, Ground Floor Front Park Gate House, 250-252 Seven Sisters Road, London",N4 2HU,Islington,-0.1056412,51.5638879,BAKERY_CAFE,VERIFIED_CANDIDATE
416014,Boulangerie Bon Matin,boulangerie bon matin,Restaurant/Cafe/Canteen,"Boulangerie Bon Matin, Basement And Ground Floor Shop, 178 Tollington Park, London",N4 3AJ,Islington,-0.1106912,51.5684117,CORE_BAKERY,VERIFIED_CANDIDATE
570641,Sainsbury's,sainsbury s,Retailers - supermarkets/hypermarkets,"Sainsbury's, The Parade, 15 Stroud Green Road, London",N4 3ED,Islington,,,GROCER_BAKERY,LOCATION_VERIFICATION
1688107,Hiden Finsbury,hiden finsbury,Restaurant/Cafe/Canteen,"Hiden Finsbury, Shop, 53 Stroud Green Road, London",N4 3EF,Islington,-0.1095907,51.5678095,BAKERY_CAFE,VERIFIED_CANDIDATE
1171225,Green & Glory,green and glory,Retailers - other,"Green & Glory, Shop, 55 Stroud Green Road, London",N4 3EG,Islington,-0.1097045,51.5678473,GROCER_BAKERY,VERIFIED_CANDIDATE
1375900,Boulangerie Bon Matin,boulangerie bon matin,Restaurant/Cafe/Canteen,"Boulangerie Bon Matin, 30 Wells Terrace, London, N4 3FP",N4 3FP,Islington,-0.1077085,51.5651803,BAKERY_CAFE,LOCATION_VERIFICATION
1439859,Gail's Bakery,gail s bakery,Restaurant/Cafe/Canteen,"Gail's Bakery, 15 City North Place, London",N4 3FU,Islington,-0.1072225,51.5647228,BAKERY_CAFE,LOCATION_VERIFICATION
1569080,Marks & Spencer,marks and spencer,Retailers - supermarkets/hypermarkets,"Marks & Spencer, 6 City North Place, London",N4 3FU,Islington,-0.1073899,51.5648604,GROCER_BAKERY,LOCATION_VERIFICATION
1700594,Stuff'd,stuff d,Restaurant/Cafe/Canteen,"Stuff'd, Ground Floor, 158 Fonthill Road, London",N4 3HP,Islington,-0.1081698,51.5634522,BAKERY_CAFE,VERIFIED_CANDIDATE
1403339,Lidl,lidl,Retailers - supermarkets/hypermarkets,"Lidl, Ground Floor reception Arts Building, 2-10 Morris Place, London",N4 3JG,Islington,-0.1077119,51.5661425,GROCER_BAKERY,LOCATION_VERIFICATION
1695098,Pret A Manger,pret a manger,Takeaway/sandwich shop,"Pret A Manger, Ground Floor, 9-10 Wells Terrace, London",N4 3JU,Islington,-0.1082076,51.5653232,BAKERY_CAFE,LOCATION_VERIFICATION
416157,Faros Bakery,faros bakery,Retailers - other,"Faros Bakery, 219 Seven Sisters Road, London, N4 3NG",N4 3NG,Islington,-0.1079465,51.5632687,CORE_BAKERY,VERIFIED_CANDIDATE
1423923,La Bonita,la bonita,Restaurant/Cafe/Canteen,"La Bonita, Ground Floor, 173 Seven Sisters Road, London",N4 3NS,Islington,-0.1102858,51.5625241,GROCER_BAKERY,VERIFIED_CANDIDATE
1805663,The Olive Bakery,the olive bakery,Restaurant/Cafe/Canteen,"The Olive Bakery, 93A Stroud Green Road, London, N4 3PX",N4 3PX,Islington,-0.1113153,51.5686736,BAKERY_CAFE,VERIFIED_CANDIDATE
417672,Sainsbury's,sainsbury s,Retailers - supermarkets/hypermarkets,"Sainsbury's, 175-179 Stroud Green Road, London, N4 3PZ",N4 3PZ,Islington,-0.114938,51.5703955,GROCER_BAKERY,LOCATION_VERIFICATION
1788544,The Blue Owl,the blue owl,Restaurant/Cafe/Canteen,"The Blue Owl, Ground Floor, 155 Stroud Green Road, London",N4 3PZ,Islington,-0.1140041,51.5699488,BAKERY_CAFE,VERIFIED_CANDIDATE
735159,Max's,max s,Restaurant/Cafe/Canteen,"Max's, 19 Crouch Hill, London, N4 4AP",N4 4AP,Islington,,,BAKERY_CAFE,VERIFIED_CANDIDATE
416498,Cinnamon Village,cinnamon village,Restaurant/Cafe/Canteen,"Cinnamon Village, Ground Floor, 162 Blackstock Road, London",N5 1HA,Islington,-0.098819,51.5603692,BAKERY_CAFE,VERIFIED_CANDIDATE
1605897,La Maison Highbury,la maison highbury,Restaurant/Cafe/Canteen,"La Maison Highbury, Ground Floor And Basement, 19 Calabria Road, London",N5 1JB,Islington,-0.1012474,51.547783,BAKERY_CAFE,VERIFIED_CANDIDATE
1224361,Fink's Gillespie,fink s gillespie,Restaurant/Cafe/Canteen,"Fink's Gillespie, Ground Floor, 88 Gillespie Road, London",N5 1LN,Islington,-0.1023576,51.5595813,BAKERY_CAFE,VERIFIED_CANDIDATE
417416,Greggs,greggs,Retailers - other,"Greggs, Shop, 3 Highbury Park, London",N5 1QJ,Islington,-0.0985077,51.5536467,BAKERY_CAFE,LOCATION_VERIFICATION
1470224,Highbury Natural,highbury natural,Retailers - other,"Highbury Natural, 21 Highbury Park, London, N5 1QJ",N5 1QJ,Islington,-0.0983316,51.5540665,GROCER_BAKERY,VERIFIED_CANDIDATE
1881797,Profile Highbury,profile highbury,Restaurant/Cafe/Canteen,"Profile Highbury, 1B Highbury Park, London, N5 1QJ",N5 1QJ,Islington,-0.0985274,51.5535211,BAKERY_CAFE,VERIFIED_CANDIDATE
975120,One Root Bakery,one root bakery,Restaurant/Cafe/Canteen,"One Root Bakery, Ground Floor, 69 Highbury Park, London",N5 1UA,Islington,-0.0982639,51.5560348,BAKERY_CAFE,VERIFIED_CANDIDATE
923946,Cinnamon Village,cinnamon village,Restaurant/Cafe/Canteen,"Cinnamon Village, Shop, 109 Highbury Park, London",N5 1UB,Islington,,,BAKERY_CAFE,LOCATION_VERIFICATION
417031,Le Peche Mignon,le peche mignon,Restaurant/Cafe/Canteen,"Le Peche Mignon, Ground Floor Shop At 6, 6 Ronalds Road, London",N5 1XH,Islington,-0.1077734,51.5500558,BAKERY_CAFE,VERIFIED_CANDIDATE
416224,Da Mario,da mario,Retailers - other,"Da Mario, 34 Highbury Park, London",N5 2AA,Islington,-0.097953,51.5541503,GROCER_BAKERY,VERIFIED_CANDIDATE
416541,La Fromagerie,la fromagerie,Retailers - other,"La Fromagerie, 30 Highbury Park, London, N5 2AA",N5 2AA,Islington,-0.0979856,51.5540609,GROCER_BAKERY,VERIFIED_CANDIDATE
1587439,Nourished Communities,nourished communities,Retailers - other,"Nourished Communities, 183 Blackstock Road, London, N5 2LL",N5 2LL,Islington,-0.0983775,51.5605779,GROCER_BAKERY,LOCATION_VERIFICATION
1688110,Good Manners,good manners,Takeaway/sandwich shop,"Good Manners, Kiosk 781 Outside, Canonbury Railway Station, Wallace Road",N5 2NL,Islington,,,BAKERY_CAFE,VERIFIED_CANDIDATE
1593936,Humdingers of Highbury - The Bakery,humdingers of highbury the bakery,Restaurant/Cafe/Canteen,"Humdingers of Highbury - The Bakery, Ground Floor, 88 Highbury Park, London",N5 2XE,Islington,-0.0979175,51.557423,BAKERY_CAFE,VERIFIED_CANDIDATE
1401699,Bread by Bike,bread by bike,Retailers - other,"Bread by Bike, Ground Floor, 32 Brecknock Road, London",N7 0DD,Islington,-0.1299409,51.5497549,CORE_BAKERY,VERIFIED_CANDIDATE
590108,Budgens,budgens,Retailers - other,"Budgens, 1-5 Campdale Road, London, N7 0EA",N7 0EA,Islington,-0.13186771,51.55757669,GROCER_BAKERY,LOCATION_VERIFICATION
1593943,Rehabot Enjera,rehabot enjera,Retailers - other,"Rehabot Enjera, Unit 12 and 13 Nags Head Covered Market, 22 Seven Sisters Road, London",N7 6AG,Islington,-0.1182503,51.5583178,CORE_BAKERY,VERIFIED_CANDIDATE
609561,Veggilush Ltd,veggilush ltd,Retailers - other,"Veggilush Ltd, Unit 49 And 50 Nags Head Covered Market, 22 Seven Sisters Road, London",N7 6AG,Islington,-0.1182503,51.5583178,GROCER_BAKERY,VERIFIED_CANDIDATE
524914,Sainsbury's,sainsbury s,Retailers - supermarkets/hypermarkets,"Sainsbury's, Part Ground Floor, 465 Holloway Road, London",N7 6BQ,Islington,-0.1234101,51.56019,GROCER_BAKERY,LOCATION_VERIFICATION
1222346,Broccoli,broccoli,Restaurant/Cafe/Canteen,"Broccoli, and 69A, 69 Hornsey Road, London",N7 6DG,Islington,-0.1118605,51.5562007,BAKERY_CAFE,VERIFIED_CANDIDATE
1437207,Acropolis Patisserie Ltd,acropolis patisserie ltd,Restaurant/Cafe/Canteen,"Acropolis Patisserie Ltd, Ground And First Floor, 466 Holloway Road, London",N7 6HT,Islington,,,CORE_BAKERY,VERIFIED_CANDIDATE
1439849,Holloway Local,holloway local,Retailers - other,"Holloway Local, 546 Holloway Road, London, N7 6JP",N7 6JP,Islington,-0.1220271,51.5597902,GROCER_BAKERY,VERIFIED_CANDIDATE
701777,Waitrose,waitrose,Retailers - supermarkets/hypermarkets,"Waitrose, 366 Holloway Road, London",N7 6PA,Islington,-0.1163843,51.5559947,GROCER_BAKERY,SUPERMARKET_SUPPLEMENT
416027,Morrisons,morrisons,Retailers - supermarkets/hypermarkets,"Morrisons, 10 Hertslet Road, London, N7 6PL",N7 6PL,Islington,-0.1166953,51.5571957,GROCER_BAKERY,LOCATION_VERIFICATION
1255910,Lidl,lidl,Retailers - supermarkets/hypermarkets,"Lidl, 422-434 Holloway Road, London, N7 6QA",N7 6QA,Islington,-0.1182327,51.5573463,GROCER_BAKERY,LOCATION_VERIFICATION
1373768,The Roasting Shed Ltd,the roasting shed ltd,Restaurant/Cafe/Canteen,"The Roasting Shed Ltd, 322 Hornsey Road, London, N7 7HE",N7 7HE,Islington,-0.1177233,51.5630484,BAKERY_CAFE,VERIFIED_CANDIDATE
1625326,Athenian Bakery,athenian bakery,Retailers - other,"Athenian Bakery, Commercial, 148 Seven Sisters Road, London",N7 7PL,Islington,-0.1132193,51.5610156,CORE_BAKERY,VERIFIED_CANDIDATE
1788554,Greggs,greggs,Takeaway/sandwich shop,"Greggs, Studio A, 154 Holloway Road, London",N7 8DD,Islington,-0.1098221,51.5510871,BAKERY_CAFE,LOCATION_VERIFICATION
1865811,Bagel Place,bagel place,Restaurant/Cafe/Canteen,"Bagel Place, Ground Floor, 249 Holloway Road, London",N7 8HG,Islington,-0.1113299,51.551597,BAKERY_CAFE,VERIFIED_CANDIDATE
417554,Miki's Paradise,miki s paradise,Restaurant/Cafe/Canteen,"Miki's Paradise, Shop, 221 Holloway Road, London",N7 8HG,Islington,-0.110769,51.5512102,BAKERY_CAFE,VERIFIED_CANDIDATE
1542025,Holloway Model Bakery,holloway model bakery,Retailers - other,"Holloway Model Bakery, Ground Floor, 66 Georges Road, London",N7 8HX,Islington,-0.1128641,51.5504257,BAKERY_CAFE,VERIFIED_CANDIDATE
1763594,Milly's Bakery Cafe,milly s bakery cafe,Restaurant/Cafe/Canteen,"Milly's Bakery Cafe, Shop, 130 Holloway Road, London",N7 8JE,Islington,-0.1091958,51.5505374,BAKERY_CAFE,VERIFIED_CANDIDATE
754474,The Barn,the barn,Restaurant/Cafe/Canteen,"The Barn, Flat 4, 60 Holloway Road, London",N7 8JL,Islington,-0.1071429,51.5489126,BAKERY_CAFE,VERIFIED_CANDIDATE
1764793,Boulangerie Pierre Alix,boulangerie pierre alix,Restaurant/Cafe/Canteen,"Boulangerie Pierre Alix, 151 Holloway Road, London, N7 8LX",N7 8LX,Islington,-0.1084766,51.5494467,CORE_BAKERY,VERIFIED_CANDIDATE
1688111,Little Lamezia,little lamezia,Restaurant/Cafe/Canteen,"Little Lamezia, Shop, 145 Holloway Road, London",N7 8LX,Islington,,,BAKERY_CAFE,VERIFIED_CANDIDATE
707881,Nisa Local,nisa local,Retailers - other,"Nisa Local, 476A Caledonian Road, London, N7 8TB",N7 8TB,Islington,-0.1177118,51.5486511,GROCER_BAKERY,LOCATION_VERIFICATION
1135885,Southpaw Coffee Ltd,southpaw coffee ltd,Restaurant/Cafe/Canteen,"Southpaw Coffee Ltd, Ground Floor, 2 Roman Way, London",N7 8XG,Islington,-0.1133065,51.5435714,BAKERY_CAFE,VERIFIED_CANDIDATE
417804,Kafeteryam,kafeteryam,Takeaway/sandwich shop,"Kafeteryam, Shop, 467 Caledonian Road, London",N7 9BA,Islington,-0.11821,51.5484612,BAKERY_CAFE,VERIFIED_CANDIDATE
1531794,Piccolo,piccolo,Restaurant/Cafe/Canteen,"Piccolo, 469 Caledonian Road, London, N7 9BA",N7 9BA,Islington,-0.1182188,51.5485963,BAKERY_CAFE,VERIFIED_CANDIDATE
1241667,Caravan Bakery @ Lambworks,caravan bakery lambworks,Retailers - other,"Caravan Bakery @ Lambworks, Lamb Works, North Road, London",N7 9DP,Islington,,,BAKERY_CAFE,VERIFIED_CANDIDATE
594263,Sainsbury's,sainsbury s,Retailers - supermarkets/hypermarkets,"Sainsbury's, 311 Holloway Road, London, N7 9DS",N7 9DS,Islington,-0.1138136,51.5536243,GROCER_BAKERY,LOCATION_VERIFICATION
1499443,The Corner Store,the corner store,Retailers - other,"The Corner Store, 2 Surr Street, London, N7 9EJ",N7 9EJ,Islington,-0.1218319,51.5491218,GROCER_BAKERY,VERIFIED_CANDIDATE
1782521,BloomsYard - Islington,bloomsyard islington,Restaurant/Cafe/Canteen,"BloomsYard - Islington, Ground Floor, 4-10 North Road, London",N7 9EY,Islington,-0.1209981,51.5494052,BAKERY_CAFE,VERIFIED_CANDIDATE
669078,Sainsbury's,sainsbury s,Retailers - supermarkets/hypermarkets,"Sainsbury's, 465B Caledonian Road, London, N7 9GX",N7 9GX,Islington,-0.1182633,51.5478686,GROCER_BAKERY,LOCATION_VERIFICATION
1175324,Smart Save Supermarket,smart save supermarket,Retailers - other,"Smart Save Supermarket, 1-2 Hillmarton Terrace, London, N7 9JR",N7 9JR,Islington,-0.1233696,51.5531122,GROCER_BAKERY,VERIFIED_CANDIDATE
1795972,H & A Patisserie,h and a patisserie,Retailers - other,"H & A Patisserie, Ground Floor, 398 York Way, London",N7 9LW,Islington,-0.128071,51.548574,CORE_BAKERY,VERIFIED_CANDIDATE
1747152,Cally Local,cally local,Retailers - other,"Cally Local, Shop, 490 Caledonian Road, London",N7 9RP,Islington,-0.1177288,51.5506837,BAKERY_CAFE,VERIFIED_CANDIDATE
1469051,63 Degrees,63 degrees,Takeaway/sandwich shop,"63 Degrees, 34 Islington Green, London",,Islington,-0.1028934,51.53588878,BAKERY_CAFE,VERIFIED_CANDIDATE
1171222,Marks & Spencer,marks and spencer,Retailers - supermarkets/hypermarkets,"Marks & Spencer, Hill House, 17 Highgate Hill, London",,Islington,-0.1530237,51.563879,GROCER_BAKERY,SUPERMARKET_SUPPLEMENT
834053,Sunflour Bakery,sunflour bakery,Retailers - other,"Sunflour Bakery, Ground Floor, 263 Caledonian Road, London",,Islington,-0.1171301,51.539685,BAKERY_CAFE,VERIFIED_CANDIDATE
334658,John Forrest Bakery,john forrest bakery,Manufacturers/packers,"401 King's Road, LONDON",SW10 0LR,Kensington and Chelsea,-0.177992,51.48267,CORE_BAKERY,VERIFIED_CANDIDATE
334807,Shell Chelsea,shell chelsea,Retailers - other,"49 Tadema Road, LONDON",SW10 0NY,Kensington and Chelsea,-0.182458,51.480446,GROCER_BAKERY,VERIFIED_CANDIDATE
605931,Sainsbury's,sainsbury s,Retailers - supermarkets/hypermarkets,"Local, 268 Fulham Road, LONDON",SW10 9EW,Kensington and Chelsea,-0.185072,51.483876,GROCER_BAKERY,LOCATION_VERIFICATION
899255,B Bagel Bakery Bar,b bagel bakery bar,Restaurant/Cafe/Canteen,"236D Fulham Road, LONDON",SW10 9NB,Kensington and Chelsea,-0.1826038,51.4852867,BAKERY_CAFE,VERIFIED_CANDIDATE
840518,Oree,oree,Restaurant/Cafe/Canteen,"Shop, 275-277 Fulham Road, LONDON",SW10 9PZ,Kensington and Chelsea,-0.178437,51.48737,BAKERY_CAFE,VERIFIED_CANDIDATE
719637,Sainsbury's Local,sainsbury s local,Retailers - supermarkets/hypermarkets,"295-297 Fulham Road, LONDON",SW10 9PZ,Kensington and Chelsea,-0.178438,51.487371,GROCER_BAKERY,LOCATION_VERIFICATION
333400,Starbucks Coffee Company (UK) Limited,starbucks coffee company uk limited,Restaurant/Cafe/Canteen,"Units A And B, 369 Fulham Road, LONDON",SW10 9TH,Kensington and Chelsea,-0.182981,51.483059,BAKERY_CAFE,VERIFIED_CANDIDATE
489737,Pret A Manger,pret a manger,Takeaway/sandwich shop,"367B Fulham Road, LONDON",SW10 9TN,Kensington and Chelsea,-0.18136,51.485258,BAKERY_CAFE,LOCATION_VERIFICATION
480464,Gail's,gail s,Retailers - other,"Basement and Ground Floor, 341 Fulham Road, LONDON",SW10 9TW,Kensington and Chelsea,-0.1805901,51.4859389,CORE_BAKERY,LOCATION_VERIFICATION
1206808,Marilou,marilou,Restaurant/Cafe/Canteen,"359 Fulham Road, LONDON",SW10 9TW,Kensington and Chelsea,-0.18089,51.485826,GROCER_BAKERY,VERIFIED_CANDIDATE
1489985,Buns From Home,buns from home,Manufacturers/packers,"Sloane Square Underground Station, Sloane Square, LONDON",SW1W 8BB,Kensington and Chelsea,-0.1558302,51.4922241,CORE_BAKERY,LOCATION_VERIFICATION
938294,Bread Ahead,bread ahead,Manufacturers/packers,"249 Pavilion Road, LONDON",SW1X 0BP,Kensington and Chelsea,-0.158553,51.493265,CORE_BAKERY,LOCATION_VERIFICATION
922814,Natoora,natoora,Retailers - other,"245 Pavilion Road, LONDON",SW1X 0BP,Kensington and Chelsea,-0.158553,51.493265,GROCER_BAKERY,LOCATION_VERIFICATION
1716175,Ottolenghi,ottolenghi,Retailers - other,"261 Pavilion Road, LONDON",SW1X 0BP,Kensington and Chelsea,-0.1583963,51.492862,BAKERY_CAFE,LOCATION_VERIFICATION
983794,The Roasting Party,the roasting party,Restaurant/Cafe/Canteen,"253 Pavilion Road, LONDON",SW1X 0BP,Kensington and Chelsea,-0.158518999814987,51.493049621582,BAKERY_CAFE,VERIFIED_CANDIDATE
1667825,L'Eto Bakery,l eto bakery,Restaurant/Cafe/Canteen,"44 Hans Crescent, LONDON",SW1X 0LZ,Kensington and Chelsea,-0.1621279,51.4998235,BAKERY_CAFE,VERIFIED_CANDIDATE
1833860,Godiva Harrods,godiva harrods,Retailers - other,"Harrods, 87-135 Brompton Road, LONDON",SW1X 7XL,Kensington and Chelsea,-0.163052,51.499603,BAKERY_CAFE,VERIFIED_CANDIDATE
1658911,Laduree UK Ltd,laduree uk ltd,Retailers - other,"Harrods, 87-135 Brompton Road, LONDON",SW1X 7XL,Kensington and Chelsea,-0.163052,51.499603,CORE_BAKERY,LOCATION_VERIFICATION
1367118,William Curley,william curley,Retailers - other,"Harrods, 87-135 Brompton Road, LONDON",SW1X 7XL,Kensington and Chelsea,-0.163052,51.499603,CORE_BAKERY,VERIFIED_CANDIDATE
973005,Harrods Roast and Bake,harrods roast and bake,Restaurant/Cafe/Canteen,"25 Basil Street, LONDON",SW3 1BB,Kensington and Chelsea,-0.161927,51.49857,BAKERY_CAFE,VERIFIED_CANDIDATE
333438,Pret A Manger,pret a manger,Restaurant/Cafe/Canteen,"132 Brompton Road, LONDON",SW3 1HY,Kensington and Chelsea,-0.166028,51.498706,BAKERY_CAFE,LOCATION_VERIFICATION
333577,Jeroboams,jeroboams,Retailers - other,"Shop, 56 Walton Street, LONDON",SW3 1RB,Kensington and Chelsea,,,GROCER_BAKERY,VERIFIED_CANDIDATE
1680255,Vivel Co Uk Ltd,vivel co uk ltd,Retailers - other,"291 Brompton Road, LONDON",SW3 2DY,Kensington and Chelsea,-0.1685469,51.4942495,CORE_BAKERY,VERIFIED_CANDIDATE
1019398,ELAN,elan,Restaurant/Cafe/Canteen,"239 Brompton Road, LONDON",SW3 2EP,Kensington and Chelsea,-0.168602,51.49666,BAKERY_CAFE,VERIFIED_CANDIDATE
333852,Jaks,jaks,Restaurant/Cafe/Canteen,"77 Walton Street, LONDON",SW3 2HT,Kensington and Chelsea,-0.166747,51.494787,BAKERY_CAFE,VERIFIED_CANDIDATE
334821,La Picena,la picena,Retailers - other,"Basement and Ground Floor Shop, 5 Walton Street, LONDON",SW3 2JD,Kensington and Chelsea,-0.164902,51.495864,GROCER_BAKERY,VERIFIED_CANDIDATE
676404,Sainsbury's,sainsbury s,Retailers - supermarkets/hypermarkets,"75 Sloane Avenue, LONDON",SW3 3DJ,Kensington and Chelsea,-0.166345,51.492245,GROCER_BAKERY,LOCATION_VERIFICATION
1611182,Andreas,andreas,Retailers - other,"6-8 Cale Street, LONDON",SW3 3QU,Kensington and Chelsea,-0.1666827,51.4908032,GROCER_BAKERY,VERIFIED_CANDIDATE
1576117,Birley Bakery,birley bakery,Restaurant/Cafe/Canteen,"28-30 Cale Street, LONDON",SW3 3QU,Kensington and Chelsea,-0.1672061,51.4906855,CORE_BAKERY,VERIFIED_CANDIDATE
1021408,Paxton and Whitfield,paxton and whitfield,Retailers - other,"22 Cale Street, LONDON",SW3 3QU,Kensington and Chelsea,-0.166896,51.490707,GROCER_BAKERY,LOCATION_VERIFICATION
334510,Pie Man Food Company,pie man food company,Takeaway/sandwich shop,"16 Cale Street, LONDON",SW3 3QU,Kensington and Chelsea,-0.166896,51.490707,BAKERY_CAFE,VERIFIED_CANDIDATE
463326,The Chelsea Food & Wine Company Ltd,the chelsea food and wine company ltd,Retailers - other,"20 Cale Street, LONDON",SW3 3QU,Kensington and Chelsea,-0.166896,51.490707,GROCER_BAKERY,VERIFIED_CANDIDATE
1437862,Soho Home Ground by Coco,soho home ground by coco,Restaurant/Cafe/Canteen,"6 Duke Of York Square, LONDON",SW3 4LY,Kensington and Chelsea,-0.1607738,51.4908725,BAKERY_CAFE,VERIFIED_CANDIDATE
1279693,The Black Penny,the black penny,Restaurant/Cafe/Canteen,"55 Duke Of York Square, LONDON",SW3 4LY,Kensington and Chelsea,-0.1580049,51.4916654,BAKERY_CAFE,LOCATION_VERIFICATION
668409,Pret A Manger,pret a manger,Restaurant/Cafe/Canteen,"Unit 1A, 35 King's Road, LONDON",SW3 4NB,Kensington and Chelsea,-0.161817997694016,51.4901885986328,BAKERY_CAFE,LOCATION_VERIFICATION
334501,Marks & Spencer,marks and spencer,Retailers - supermarkets/hypermarkets,"85-95 King's Road, LONDON",SW3 4NX,Kensington and Chelsea,-0.164258,51.488966,GROCER_BAKERY,LOCATION_VERIFICATION
1758928,Heidi,heidi,Retailers - other,"Royal Hospital, Royal Hospital Road, LONDON",SW3 4SR,Kensington and Chelsea,-0.159127,51.486889,BAKERY_CAFE,VERIFIED_CANDIDATE
1799332,Whole Foods Market,whole foods market,Retailers - supermarkets/hypermarkets,"120 King's Road, LONDON",SW3 4TR,Kensington and Chelsea,-0.16278253,51.4900621,GROCER_BAKERY,SUPERMARKET_SUPPLEMENT
333746,Paul,paul,Restaurant/Cafe/Canteen,"134 King's Road, LONDON",SW3 4XB,Kensington and Chelsea,,,BAKERY_CAFE,LOCATION_VERIFICATION
489735,Gail's,gail s,Restaurant/Cafe/Canteen,"209 King's Road, LONDON",SW3 5ED,Kensington and Chelsea,-0.169498,51.486881,CORE_BAKERY,LOCATION_VERIFICATION
333774,Londis/Chelsea Food Fayre,londis chelsea food fayre,Retailers - other,"237 King's Road, LONDON",SW3 5EJ,Kensington and Chelsea,-0.17119,51.486368,GROCER_BAKERY,VERIFIED_CANDIDATE
1704186,Fabrique Bakery,fabrique bakery,Retailers - other,"273 King's Road, LONDON",SW3 5EN,Kensington and Chelsea,-0.1727047,51.4857444,CORE_BAKERY,VERIFIED_CANDIDATE
1965808,Focaccia Mia Ltd,focaccia mia ltd,Restaurant/Cafe/Canteen,"20A Chelsea Manor Street, LONDON",SW3 5UB,Kensington and Chelsea,,,BAKERY_CAFE,LOCATION_VERIFICATION
1594989,Jeroboams,jeroboams,Pub/bar/nightclub,"336 King's Road, LONDON",SW3 5UR,Kensington and Chelsea,-0.1744911,51.4853765,GROCER_BAKERY,LOCATION_VERIFICATION
1827794,Caserta Deli LTD,caserta deli ltd,Restaurant/Cafe/Canteen,"382 King's Road, LONDON",SW3 5UZ,Kensington and Chelsea,-0.17689,51.4840919,BAKERY_CAFE,LOCATION_VERIFICATION
1732042,KetoBee,ketobee,Takeaway/sandwich shop,"372 King's Road, LONDON",SW3 5UZ,Kensington and Chelsea,-0.176735,51.484206,BAKERY_CAFE,VERIFIED_CANDIDATE
1350183,Prezzemolo & Vitale,prezzemolo and vitale,Retailers - supermarkets/hypermarkets,"388-390 King's Road, LONDON",SW3 5UZ,Kensington and Chelsea,-0.1770881,51.4840139,GROCER_BAKERY,SUPERMARKET_SUPPLEMENT
1627526,Waitrose,waitrose,Retailers - supermarkets/hypermarkets,"196-198 King's Road, LONDON",SW3 5XP,Kensington and Chelsea,-0.167031,51.488416,GROCER_BAKERY,SUPERMARKET_SUPPLEMENT
1799321,Makers,makers,Retailers - other,"2-4 Queen's Elm Parade, Old Church Street, LONDON",SW3 6EJ,Kensington and Chelsea,-0.1753142,51.4892921,BAKERY_CAFE,VERIFIED_CANDIDATE
333407,Here,here,Retailers - other,"Chelsea Farmers Market, 125-135 Sydney Street, LONDON",SW3 6NR,Kensington and Chelsea,-0.169777,51.488548,GROCER_BAKERY,VERIFIED_CANDIDATE
1799324,Reemies Cakes,reemies cakes,Restaurant/Cafe/Canteen,"137 Fulham Road, LONDON",SW3 6SD,Kensington and Chelsea,-0.1704945,51.4923825,CORE_BAKERY,VERIFIED_CANDIDATE
409871,Pret A Manger,pret a manger,Takeaway/sandwich shop,"230 Earl's Court Road, LONDON",SW5 9AA,Kensington and Chelsea,-0.19315,51.491951,BAKERY_CAFE,LOCATION_VERIFICATION
640112,Marks & Spencer,marks and spencer,Retailers - supermarkets/hypermarkets,"266-268 Earl's Court Road, LONDON",SW5 9AS,Kensington and Chelsea,-0.192015,51.49116,GROCER_BAKERY,LOCATION_VERIFICATION
333593,Krystals,krystals,Retailers - other,"320-322 Earl's Court Road, LONDON",SW5 9BQ,Kensington and Chelsea,-0.190844,51.489802,GROCER_BAKERY,LOCATION_VERIFICATION
1223539,Dolci Coffe & Juice Ltd,dolci coffe and juice ltd,Restaurant/Cafe/Canteen,"176 Earl's Court Road, LONDON",SW5 9QQ,Kensington and Chelsea,-0.195157,51.493654,BAKERY_CAFE,VERIFIED_CANDIDATE
924881,Paul,paul,Restaurant/Cafe/Canteen,"185 Earl's Court Road, LONDON",SW5 9RB,Kensington and Chelsea,-0.192848,51.492305,BAKERY_CAFE,LOCATION_VERIFICATION
334912,Greggs,greggs,Takeaway/sandwich shop,"Ground Floor, 183 Earl's Court Road, LONDON",SW5 9RD,Kensington and Chelsea,-0.19296,51.492388,CORE_BAKERY,LOCATION_VERIFICATION
334261,Maroush Bakehouse,maroush bakehouse,Restaurant/Cafe/Canteen,"131-135 Earl's Court Road, LONDON",SW5 9RH,Kensington and Chelsea,-0.19423,51.493415,CORE_BAKERY,VERIFIED_CANDIDATE
455529,Knights Food Fayre,knights food fayre,Retailers - other,"9 Montpelier Street, LONDON",SW7 1EX,Kensington and Chelsea,-0.165875,51.498928,GROCER_BAKERY,VERIFIED_CANDIDATE
1630551,The Lavery,the lavery,Restaurant/Cafe/Canteen,"5 Cromwell Place, LONDON",SW7 2JE,Kensington and Chelsea,-0.1744704,51.4952681,BAKERY_CAFE,VERIFIED_CANDIDATE
1871350,GAIL's Bakery Cromwell Place,gail s bakery cromwell place,Restaurant/Cafe/Canteen,"17-18 Cromwell Place, LONDON",SW7 2LB,Kensington and Chelsea,-0.1750211,51.4943025,CORE_BAKERY,VERIFIED_CANDIDATE
1436410,Philippe Conticini Limited,philippe conticini limited,Restaurant/Cafe/Canteen,"24-25 Cromwell Place, LONDON",SW7 2LD,Kensington and Chelsea,-0.174391,51.494574,CORE_BAKERY,VERIFIED_CANDIDATE
333587,Paul,paul,Restaurant/Cafe/Canteen,"41 Thurloe Street, LONDON",SW7 2LQ,Kensington and Chelsea,-0.174028,51.494631,BAKERY_CAFE,LOCATION_VERIFICATION
1699903,Buns & Tea,buns and tea,Restaurant/Cafe/Canteen,"Basement And Ground Floor, 30 Thurloe Street, LONDON",SW7 2LT,Kensington and Chelsea,-0.1737886,51.4943043,BAKERY_CAFE,VERIFIED_CANDIDATE
1841390,Fresh Bake,fresh bake,Takeaway/sandwich shop,"Kiosk Booking Hall  South Kensington Underground Station, Pelham Street, LONDON",SW7 2NB,Kensington and Chelsea,-0.173935,51.494081,BAKERY_CAFE,LOCATION_VERIFICATION
1502168,Bread Ahead,bread ahead,Manufacturers/packers,"5-7 Pelham Street, LONDON",SW7 2ND,Kensington and Chelsea,-0.1743443,51.4940971,CORE_BAKERY,LOCATION_VERIFICATION
1538699,Brother Marcus,brother marcus,Restaurant/Cafe/Canteen,"1-3 Pelham Street, LONDON",SW7 2ND,Kensington and Chelsea,-0.174381,51.494106,BAKERY_CAFE,LOCATION_VERIFICATION
699609,Fresh Bake,fresh bake,Takeaway/sandwich shop,"South Kensington Underground Station, Pelham Street, LONDON",SW7 2ND,Kensington and Chelsea,-0.17438,51.494106,BAKERY_CAFE,VERIFIED_CANDIDATE
1175111,Kova Patisserie,kova patisserie,Restaurant/Cafe/Canteen,"Basement And Ground Floor, 16 Old Brompton Road, LONDON",SW7 3DL,Kensington and Chelsea,-0.175031,51.493856,CORE_BAKERY,LOCATION_VERIFICATION
335007,La Brioche,la brioche,Restaurant/Cafe/Canteen,"40 Old Brompton Road, LONDON",SW7 3DX,Kensington and Chelsea,-0.175818,51.493472,BAKERY_CAFE,VERIFIED_CANDIDATE
1437863,Suzette,suzette,Restaurant/Cafe/Canteen,"16 Bute Street, LONDON",SW7 3EX,Kensington and Chelsea,-0.1761183,51.4936841,BAKERY_CAFE,VERIFIED_CANDIDATE
1192810,Trevi Tiramisu,trevi tiramisu,Restaurant/Cafe/Canteen,"29 Bute Street, LONDON",SW7 3EY,Kensington and Chelsea,-0.176578,51.493565,CORE_BAKERY,VERIFIED_CANDIDATE
1367114,Kensington Express,kensington express,Retailers - other,"11 Old Brompton Road, LONDON",SW7 3HZ,Kensington and Chelsea,-0.1741225,51.4935181,GROCER_BAKERY,VERIFIED_CANDIDATE
333671,Pret A Manger,pret a manger,Restaurant/Cafe/Canteen,"15-17 Old Brompton Road, LONDON",SW7 3HZ,Kensington and Chelsea,-0.174135,51.493401,BAKERY_CAFE,LOCATION_VERIFICATION
333958,Starbucks Coffee Company (UK) Limited,starbucks coffee company uk limited,Takeaway/sandwich shop,"19 Old Brompton Road, LONDON",SW7 3HZ,Kensington and Chelsea,-0.174134999513626,51.4934005737305,BAKERY_CAFE,LOCATION_VERIFICATION
1370650,The Hummingbird Bakery,the hummingbird bakery,Restaurant/Cafe/Canteen,"47 Old Brompton Road, LONDON",SW7 3JP,Kensington and Chelsea,-0.175508,51.493296,CORE_BAKERY,VERIFIED_CANDIDATE
334085,Little Waitrose,little waitrose,Retailers - supermarkets/hypermarkets,"99-103 Old Brompton Road, LONDON",SW7 3LE,Kensington and Chelsea,-0.177874,51.49211,GROCER_BAKERY,VERIFIED_CANDIDATE
615443,Aux Merveilleux De Fred,aux merveilleux de fred,Takeaway/sandwich shop,"88 Old Brompton Road, LONDON",SW7 3LQ,Kensington and Chelsea,-0.17727,51.492811,CORE_BAKERY,VERIFIED_CANDIDATE
1202407,Molly Rose Bakery,molly rose bakery,Manufacturers/packers,"74 Old Brompton Road, LONDON",SW7 3LQ,Kensington and Chelsea,-0.17727,51.492811,BAKERY_CAFE,VERIFIED_CANDIDATE
1847436,Toki And You,toki and you,Restaurant/Cafe/Canteen,"50 Harrington Road, LONDON",SW7 3ND,Kensington and Chelsea,-0.1784543,51.4939902,BAKERY_CAFE,VERIFIED_CANDIDATE
334461,Sainsbury's,sainsbury s,Retailers - supermarkets/hypermarkets,"158A Cromwell Road, LONDON",SW7 4EJ,Kensington and Chelsea,-0.18792,51.495611,GROCER_BAKERY,LOCATION_VERIFICATION
333493,The Bentley London,the bentley london,Restaurant/Cafe/Canteen,"27-33 Harrington Gardens, LONDON",SW7 4JX,Kensington and Chelsea,-0.184186,51.492775,BAKERY_CAFE,VERIFIED_CANDIDATE
335038,Partridges,partridges,Retailers - other,"17-19 Gloucester Road, LONDON",SW7 4PL,Kensington and Chelsea,-0.183599,51.498116,GROCER_BAKERY,VERIFIED_CANDIDATE
333521,Starbucks Coffee Company (UK) Limited,starbucks coffee company uk limited,Restaurant/Cafe/Canteen,"29-35 Gloucester Road, LONDON",SW7 4PL,Kensington and Chelsea,-0.1834991,51.4979083,BAKERY_CAFE,LOCATION_VERIFICATION
334286,Fait Maison,fait maison,Restaurant/Cafe/Canteen,"50 Gloucester Road, LONDON",SW7 4QT,Kensington and Chelsea,-0.184061,51.498096,CORE_BAKERY,LOCATION_VERIFICATION
1063934,Sakurado London,sakurado london,Restaurant/Cafe/Canteen,"Basement And Ground Floor, 14 Gloucester Road, LONDON",SW7 4RB,Kensington and Chelsea,-0.184004,51.499156,CORE_BAKERY,VERIFIED_CANDIDATE
1577854,Blank Street,blank street,Restaurant/Cafe/Canteen,"1-2 Gloucester Road Arcade, 128 Gloucester Road, LONDON",SW7 4SF,Kensington and Chelsea,-0.183555,51.494509,BAKERY_CAFE,LOCATION_VERIFICATION
1727432,Unico Gelato,unico gelato,Manufacturers/packers,"Unit 15  Gloucester Road Arcade, 128 Gloucester Road, LONDON",SW7 4SF,Kensington and Chelsea,-0.183555,51.494509,BAKERY_CAFE,LOCATION_VERIFICATION
333425,Waitrose,waitrose,Retailers - supermarkets/hypermarkets,"1-2 Gloucester Road Arcade, 128 Gloucester Road, LONDON",SW7 4SF,Kensington and Chelsea,-0.183555,51.494509,GROCER_BAKERY,SUPERMARKET_SUPPLEMENT
1178151,Gail's Bakery,gail s bakery,Restaurant/Cafe/Canteen,"103 Gloucester Road, LONDON",SW7 4SS,Kensington and Chelsea,-0.182125,51.494244,CORE_BAKERY,LOCATION_VERIFICATION
333574,Paul,paul,Restaurant/Cafe/Canteen,"Ground Floor, 73 Gloucester Road, LONDON",SW7 4SS,Kensington and Chelsea,-0.182125,51.494244,BAKERY_CAFE,LOCATION_VERIFICATION
434217,Pret a Manger,pret a manger,Restaurant/Cafe/Canteen,"99 Gloucester Road, LONDON",SW7 4SS,Kensington and Chelsea,-0.182126,51.494244,BAKERY_CAFE,LOCATION_VERIFICATION
334732,Starbucks Coffee Company (UK) Limited,starbucks coffee company uk limited,Restaurant/Cafe/Canteen,"83 Gloucester Road, LONDON",SW7 4SS,Kensington and Chelsea,-0.182126,51.494244,BAKERY_CAFE,LOCATION_VERIFICATION
1469898,Fait Maison,fait maison,Restaurant/Cafe/Canteen,"144-146 Gloucester Road, LONDON",SW7 4SZ,Kensington and Chelsea,-0.1823738,51.4936013,BAKERY_CAFE,LOCATION_VERIFICATION
1719966,Elixis,elixis,Restaurant/Cafe/Canteen,"Ground Floor, 123 Gloucester Road, LONDON",SW7 4TE,Kensington and Chelsea,-0.1814973,51.4931831,BAKERY_CAFE,VERIFIED_CANDIDATE
1616181,HJEM South Kensington,hjem south kensington,Restaurant/Cafe/Canteen,"157 Gloucester Road, LONDON",SW7 4TH,Kensington and Chelsea,-0.1801519,51.4915165,BAKERY_CAFE,VERIFIED_CANDIDATE
334836,Sainsbury's,sainsbury s,Retailers - supermarkets/hypermarkets,"2 Canal Way, LONDON",W10 5AZ,Kensington and Chelsea,-0.217825,51.52631,GROCER_BAKERY,SUPERMARKET_SUPPLEMENT
1588443,MUG,mug,Restaurant/Cafe/Canteen,"9 Dalgarno Gardens, LONDON",W10 5LL,Kensington and Chelsea,-0.2264429,51.5221262,BAKERY_CAFE,VERIFIED_CANDIDATE
1375016,Blakes,blakes,Restaurant/Cafe/Canteen,"112 Ladbroke Grove, LONDON",W10 5NE,Kensington and Chelsea,-0.209786,51.517385,BAKERY_CAFE,LOCATION_VERIFICATION
1029607,Pret - A - Manger,pret a manger,Restaurant/Cafe/Canteen,"140 Ladbroke Grove, LONDON",W10 5NE,Kensington and Chelsea,-0.2100171,51.5177693,BAKERY_CAFE,LOCATION_VERIFICATION
1382583,Klear Labs,klear labs,Restaurant/Cafe/Canteen,"93 Golborne Road, LONDON",W10 5NL,Kensington and Chelsea,-0.2087819,51.5214621,BAKERY_CAFE,VERIFIED_CANDIDATE
334514,Lisboa Patisserie,lisboa patisserie,Retailers - other,"55-57 Golborne Road, LONDON",W10 5NR,Kensington and Chelsea,-0.207487,51.522349,CORE_BAKERY,VERIFIED_CANDIDATE
334425,Rainbow News,rainbow news,Retailers - other,"Shop, 63 Golborne Road, LONDON",W10 5NR,Kensington and Chelsea,-0.207487002015114,51.5223503112793,GROCER_BAKERY,VERIFIED_CANDIDATE
756202,Maharajah Food & Wine Limited,maharajah food and wine limited,Retailers - other,"30 Golborne Road, LONDON",W10 5PF,Kensington and Chelsea,-0.206987,51.5237,GROCER_BAKERY,VERIFIED_CANDIDATE
719644,Bluebelles,bluebelles,Restaurant/Cafe/Canteen,"Ground Floor, 320 Portobello Road, LONDON",W10 5RU,Kensington and Chelsea,-0.210031,51.521417,BAKERY_CAFE,VERIFIED_CANDIDATE
1343329,Layla Bakery,layla bakery,Manufacturers/packers,"332 Portobello Road, LONDON",W10 5RU,Kensington and Chelsea,-0.2105237,51.5216901,CORE_BAKERY,VERIFIED_CANDIDATE
1003951,Lowry & Baker,lowry and baker,Restaurant/Cafe/Canteen,"339 Portobello Road, LONDON",W10 5SA,Kensington and Chelsea,-0.210595,51.521381,BAKERY_CAFE,VERIFIED_CANDIDATE
1704195,Lowry&Baker,lowry and baker,Restaurant/Cafe/Canteen,"Ground Floor, 341 Portobello Road, LONDON",W10 5SA,Kensington and Chelsea,-0.210538,51.521343,BAKERY_CAFE,LOCATION_VERIFICATION
1217658,Three Four Five Portobello Road,three four five portobello road,Restaurant/Cafe/Canteen,"345 Portobello Road, LONDON",W10 5SA,Kensington and Chelsea,-0.2105167,51.5213357,BAKERY_CAFE,VERIFIED_CANDIDATE
1750796,Lucky Bean - Pall Mall,lucky bean pall mall,Restaurant/Cafe/Canteen,"124-128 Barlby Road, LONDON",W10 6BL,Kensington and Chelsea,-0.2187566,51.5230458,BAKERY_CAFE,VERIFIED_CANDIDATE
334202,Sainsbury's,sainsbury s,Retailers - supermarkets/hypermarkets,"Sainsburys, 161-165 Ladbroke Grove, LONDON",W10 6HJ,Kensington and Chelsea,-0.2105023,51.5176671,GROCER_BAKERY,LOCATION_VERIFICATION
333982,St. Helen's Bakery,st helen s bakery,Manufacturers/packers,"Ground Floor, 61 St Helen's Gardens, LONDON",W10 6LL,Kensington and Chelsea,-0.218941,51.518783,CORE_BAKERY,VERIFIED_CANDIDATE
1558895,Kensington Gardens Tea & Chocolaterie,kensington gardens tea and chocolaterie,Other catering premises,,W11 ,Kensington and Chelsea,,,CORE_BAKERY,VERIFIED_CANDIDATE
913526,The Butter Bakery,the butter bakery,Retailers - other,"219 Westbourne Park Road, LONDON",W11 1EA,Kensington and Chelsea,-0.201123,51.517737,BAKERY_CAFE,VERIFIED_CANDIDATE
1294520,Buns from Home,buns from home,Manufacturers/packers,"128 Talbot Road, LONDON",W11 1JA,Kensington and Chelsea,-0.20456,51.516127,CORE_BAKERY,VERIFIED_CANDIDATE
842221,Fabrique,fabrique,Restaurant/Cafe/Canteen,"212 Portobello Road, LONDON",W11 1LA,Kensington and Chelsea,-0.205223,51.516469,CORE_BAKERY,VERIFIED_CANDIDATE
716743,Sainsbury's,sainsbury s,Retailers - supermarkets/hypermarkets,"188-192 Portobello Road, LONDON",W11 1LA,Kensington and Chelsea,-0.205224,51.51647,GROCER_BAKERY,LOCATION_VERIFICATION
334373,Greggs,greggs,Takeaway/sandwich shop,"238 Portobello Road, LONDON",W11 1LJ,Kensington and Chelsea,-0.205843,51.517235,CORE_BAKERY,LOCATION_VERIFICATION
1538702,Bottega Pastella,bottega pastella,Retailers - other,"Unit 2, 253 Portobello Road, LONDON",W11 1LR,Kensington and Chelsea,-0.206628,51.5175558,BAKERY_CAFE,VERIFIED_CANDIDATE
335034,Starbucks Coffee Company (UK) Limited,starbucks coffee company uk limited,Restaurant/Cafe/Canteen,"227 Portobello Road, LONDON",W11 1LT,Kensington and Chelsea,-0.206193,51.517114,BAKERY_CAFE,LOCATION_VERIFICATION
334960,Books for Cooks,books for cooks,Other catering premises,"Ground Floor, 4 Blenheim Crescent, LONDON",W11 1NN,Kensington and Chelsea,-0.205605,51.515927,BAKERY_CAFE,VERIFIED_CANDIDATE
1564058,Equivalence,equivalence,Restaurant/Cafe/Canteen,"212 Kensington Park Road, LONDON",W11 1NR,Kensington and Chelsea,-0.206083,51.516249,BAKERY_CAFE,VERIFIED_CANDIDATE
1357064,PEPPERON,pepperon,Restaurant/Cafe/Canteen,"72 Lancaster Road, LONDON",W11 1QR,Kensington and Chelsea,-0.205295,51.517955,BAKERY_CAFE,VERIFIED_CANDIDATE
333441,Ottolenghi,ottolenghi,Restaurant/Cafe/Canteen,"63 Ledbury Road, LONDON",W11 2AD,Kensington and Chelsea,-0.19955,51.514899,BAKERY_CAFE,VERIFIED_CANDIDATE
1382587,The hummingbird Bakery,the hummingbird bakery,Restaurant/Cafe/Canteen,"Ground Floor, 133 Portobello Road, LONDON",W11 2DY,Kensington and Chelsea,-0.204074,51.514186,CORE_BAKERY,LOCATION_VERIFICATION
333712,Gail's,gail s,Restaurant/Cafe/Canteen,"138 Portobello Road, LONDON",W11 2DZ,Kensington and Chelsea,-0.204199,51.514692,CORE_BAKERY,VERIFIED_CANDIDATE
1029608,Maison Puget French Bakeries,maison puget french bakeries,Manufacturers/packers,"148-150 Portobello Road, LONDON",W11 2DZ,Kensington and Chelsea,-0.204199,51.514692,CORE_BAKERY,VERIFIED_CANDIDATE
1681902,Chai Guys Bakehouse,chai guys bakehouse,Restaurant/Cafe/Canteen,"Ground Floor, 193 Portobello Road, LONDON",W11 2ED,Kensington and Chelsea,-0.2050448,51.5156947,CORE_BAKERY,VERIFIED_CANDIDATE
579428,Biscuiteers Limited,biscuiteers limited,Retailers - other,"194 Kensington Park Road, LONDON",W11 2ES,Kensington and Chelsea,-0.205594,51.515477,BAKERY_CAFE,VERIFIED_CANDIDATE
1110893,Natoora,natoora,Retailers - other,"Ground Floor, 5 Elgin Crescent, LONDON",W11 2JA,Kensington and Chelsea,-0.204772,51.5149351,GROCER_BAKERY,LOCATION_VERIFICATION
1723783,Bagels Notting Hill Limited,bagels notting hill limited,Restaurant/Cafe/Canteen,"Basement and Ground Floors, 120 Kensington Park Road, LONDON",W11 2PW,Kensington and Chelsea,-0.2039483,51.51316,CORE_BAKERY,VERIFIED_CANDIDATE
1760585,Notting Hill Bakery,notting hill bakery,Retailers - other,"Ground Floor, 283 Westbourne Grove, LONDON",W11 2QA,Kensington and Chelsea,-0.2030464,51.513371,CORE_BAKERY,VERIFIED_CANDIDATE
1958412,Frenchies by Young Ldn,frenchies by young ldn,Restaurant/Cafe/Canteen,"Shop, 228 Westbourne Grove, LONDON",W11 2RH,Kensington and Chelsea,-0.2012885,51.5144591,BAKERY_CAFE,VERIFIED_CANDIDATE
1827797,Nathalie,nathalie,Restaurant/Cafe/Canteen,"235 Westbourne Grove, LONDON",W11 2SE,Kensington and Chelsea,-0.200653,51.5141256,BAKERY_CAFE,LOCATION_VERIFICATION
744684,La Piccola Delicatessen,la piccola delicatessen,Retailers - other,"4 Clarendon Road, LONDON",W11 3AA,Kensington and Chelsea,-0.206926,51.507261,BAKERY_CAFE,VERIFIED_CANDIDATE
1795106,Pregio,pregio,Restaurant/Cafe/Canteen,"Basement and Ground Floor, 8 Ladbroke Grove, LONDON",W11 3BG,Kensington and Chelsea,-0.2032133,51.5084006,BAKERY_CAFE,LOCATION_VERIFICATION
1804716,Just Ripe,just ripe,Retailers - other,"52 Portobello Road, LONDON",W11 3DL,Kensington and Chelsea,-0.1996502,51.5117812,GROCER_BAKERY,LOCATION_VERIFICATION
1765893,Amapola Bakery Cafe,amapola bakery cafe,Retailers - other,"Basement And Ground Floor, 17 Pembridge Road, LONDON",W11 3HG,Kensington and Chelsea,-0.1974693,51.5099481,BAKERY_CAFE,VERIFIED_CANDIDATE
1083744,Brown and Rosie,brown and rosie,Restaurant/Cafe/Canteen,"Ground Floor, 21 Pembridge Road, LONDON",W11 3HG,Kensington and Chelsea,-0.1974999,51.5100305,BAKERY_CAFE,VERIFIED_CANDIDATE
1455602,Cheeky Scone,cheeky scone,Restaurant/Cafe/Canteen,"43 Pembridge Road, LONDON",W11 3HG,Kensington and Chelsea,-0.1976093,51.5105448,CORE_BAKERY,VERIFIED_CANDIDATE
1855167,Paris Baguette Notting Hill Gate,paris baguette notting hill gate,Manufacturers/packers,"57 Pembridge Road, LONDON",W11 3HG,Kensington and Chelsea,-0.1976686,51.5108695,BAKERY_CAFE,VERIFIED_CANDIDATE
334647,Starbucks Coffee Company (UK) Limited,starbucks coffee company uk limited,Restaurant/Cafe/Canteen,"Basement and Ground Floor, 26 Pembridge Road, LONDON",W11 3HL,Kensington and Chelsea,-0.196993,51.509554,BAKERY_CAFE,LOCATION_VERIFICATION
1677308,Amazon E.U S.A.R.L,amazon e u s a r l,Retailers - supermarkets/hypermarkets,"66-68 Notting Hill Gate, LONDON",W11 3HT,Kensington and Chelsea,-0.1959005,51.5092955,GROCER_BAKERY,SUPERMARKET_SUPPLEMENT
1542758,Blank Street,blank street,Restaurant/Cafe/Canteen,"59 Notting Hill Gate, LONDON",W11 3JS,Kensington and Chelsea,-0.196546,51.508837,BAKERY_CAFE,LOCATION_VERIFICATION
877754,Paul,paul,Restaurant/Cafe/Canteen,"61 Notting Hill Gate, LONDON",W11 3JS,Kensington and Chelsea,-0.196546,51.508836,BAKERY_CAFE,LOCATION_VERIFICATION
333413,Pret A Manger,pret a manger,Takeaway/sandwich shop,"65-67 Notting Hill Gate, LONDON",W11 3JS,Kensington and Chelsea,-0.196546,51.508837,BAKERY_CAFE,LOCATION_VERIFICATION
1594991,Kuro Bakery,kuro bakery,Retailers - other,"95 Notting Hill Gate, LONDON",W11 3JZ,Kensington and Chelsea,-0.1975564,51.5087061,CORE_BAKERY,VERIFIED_CANDIDATE
1793724,Sweavory Limited,sweavory limited,Restaurant/Cafe/Canteen,"89 Notting Hill Gate, LONDON",W11 3JZ,Kensington and Chelsea,-0.1973782,51.5087337,CORE_BAKERY,VERIFIED_CANDIDATE
1286254,Marks & Spencer Simply Foods Ltd,marks and spencer simply foods ltd,Retailers - supermarkets/hypermarkets,"104-106 Notting Hill Gate, LONDON",W11 3QA,Kensington and Chelsea,-0.1979682,51.5091205,GROCER_BAKERY,VERIFIED_CANDIDATE
1811336,Oseyo,oseyo,Retailers - other,"102 Notting Hill Gate, LONDON",W11 3QA,Kensington and Chelsea,-0.1978087,51.509145,GROCER_BAKERY,LOCATION_VERIFICATION
1316223,Entree 2008 LTD,entree 2008 ltd,Restaurant/Cafe/Canteen,"138 Notting Hill Gate, LONDON",W11 3QG,Kensington and Chelsea,-0.199831,51.50886,BAKERY_CAFE,VERIFIED_CANDIDATE
716758,Waitrose,waitrose,Retailers - supermarkets/hypermarkets,"132-136 Notting Hill Gate, LONDON",W11 3QG,Kensington and Chelsea,-0.1991368,51.5089111,GROCER_BAKERY,SUPERMARKET_SUPPLEMENT
1704190,Buns From Home,buns from home,Restaurant/Cafe/Canteen,"Ground Floor Right, 92A Holland Park Avenue, LONDON",W11 3RB,Kensington and Chelsea,-0.2065091,51.5071383,CORE_BAKERY,LOCATION_VERIFICATION
1958433,GAIL's Bakery Holland Park,gail s bakery holland park,Restaurant/Cafe/Canteen,"Ground Floor, 76 Holland Park Avenue, LONDON",W11 3RB,Kensington and Chelsea,-0.206392,51.50727,CORE_BAKERY,VERIFIED_CANDIDATE
615434,Jeroboams,jeroboams,Retailers - other,"96 Holland Park Avenue, LONDON",W11 3RB,Kensington and Chelsea,-0.20657,51.507156,GROCER_BAKERY,LOCATION_VERIFICATION
333826,Paul,paul,Restaurant/Cafe/Canteen,"82 Holland Park Avenue, LONDON",W11 3RB,Kensington and Chelsea,-0.20657,51.507156,BAKERY_CAFE,LOCATION_VERIFICATION
1108130,Pret A Manger,pret a manger,Restaurant/Cafe/Canteen,"84 Holland Park Avenue, LONDON",W11 3RB,Kensington and Chelsea,-0.206569999456406,51.5071563720703,BAKERY_CAFE,LOCATION_VERIFICATION
1644982,Unico Gelato,unico gelato,Manufacturers/packers,"78 Holland Park Avenue, LONDON",W11 3RB,Kensington and Chelsea,-0.20588,51.5072814,BAKERY_CAFE,VERIFIED_CANDIDATE
1697983,Supermarket of Dreams,supermarket of dreams,Takeaway/sandwich shop,"1 Clarendon Road, LONDON",W11 4JA,Kensington and Chelsea,-0.2070978,51.5070932,GROCER_BAKERY,LOCATION_VERIFICATION
1857086,Little Julie's,little julie s,Restaurant/Cafe/Canteen,"102 Portland Road, LONDON",W11 4LX,Kensington and Chelsea,,,BAKERY_CAFE,VERIFIED_CANDIDATE
1556867,Bens Grocer of Holland Park,bens grocer of holland park,Retailers - other,"118 Holland Park Avenue, LONDON",W11 4UA,Kensington and Chelsea,-0.2079191,51.506728,GROCER_BAKERY,VERIFIED_CANDIDATE
334643,Lidgates,lidgates,Manufacturers/packers,"110 Holland Park Avenue, LONDON",W11 4UA,Kensington and Chelsea,-0.207635,51.506831,GROCER_BAKERY,VERIFIED_CANDIDATE
1286251,Supermarket of Dreams,supermarket of dreams,Retailers - supermarkets/hypermarkets,"126 Holland Park Avenue, LONDON",W11 4UE,Kensington and Chelsea,-0.2085142,51.5066202,GROCER_BAKERY,SUPERMARKET_SUPPLEMENT
1608236,London Visitors Hotel,london visitors hotel,Restaurant/Cafe/Canteen,"42-44 Holland Road, LONDON",W14 8BB,Kensington and Chelsea,-0.2076913,51.4982175,BAKERY_CAFE,VERIFIED_CANDIDATE
489738,Sainsbury's,sainsbury s,Retailers - supermarkets/hypermarkets,"346 Kensington High Street, LONDON",W14 8NS,Kensington and Chelsea,-0.205114,51.497269,GROCER_BAKERY,LOCATION_VERIFICATION
335024,Tesco,tesco,Retailers - supermarkets/hypermarkets,"100A West Cromwell Road, LONDON",W14 8PB,Kensington and Chelsea,-0.201606,51.493052,GROCER_BAKERY,SUPERMARKET_SUPPLEMENT
1582146,Dendara Ltd,dendara ltd,Manufacturers/packers,"43 Kensington Church Street, LONDON",W8 4BA,Kensington and Chelsea,-0.1924574,51.5040262,BAKERY_CAFE,VERIFIED_CANDIDATE
499784,Sainsbury's,sainsbury s,Retailers - supermarkets/hypermarkets,"61-65 Kensington Church Street, LONDON",W8 4BA,Kensington and Chelsea,-0.193459,51.504176,GROCER_BAKERY,LOCATION_VERIFICATION
1739199,Sip & Rise,sip and rise,Restaurant/Cafe/Canteen,"Ground Floor, 73 Kensington Church Street, LONDON",W8 4BG,Kensington and Chelsea,-0.1938383,51.5045966,BAKERY_CAFE,VERIFIED_CANDIDATE
727853,La Caffettiera,la caffettiera,Restaurant/Cafe/Canteen,"40A Kensington Church Street, LONDON",W8 4BX,Kensington and Chelsea,-0.192806,51.50431,BAKERY_CAFE,VERIFIED_CANDIDATE
1958529,Jackie's Counter,jackie s counter,Restaurant/Cafe/Canteen,"178 Kensington Church Street, LONDON",W8 4DP,Kensington and Chelsea,-0.1947976,51.5083973,BAKERY_CAFE,VERIFIED_CANDIDATE
1855174,Nisa Local,nisa local,Retailers - supermarkets/hypermarkets,"190 Kensington Church Street, LONDON",W8 4DP,Kensington and Chelsea,-0.1949334,51.5086062,GROCER_BAKERY,LOCATION_VERIFICATION
489733,Candella,candella,Restaurant/Cafe/Canteen,"34 Kensington Church Street, LONDON",W8 4HA,Kensington and Chelsea,-0.191838,51.504007,BAKERY_CAFE,VERIFIED_CANDIDATE
1101342,Jumo,jumo,Restaurant/Cafe/Canteen,"32B Kensington Church Street, LONDON",W8 4HA,Kensington and Chelsea,-0.191838,51.504007,BAKERY_CAFE,VERIFIED_CANDIDATE
334307,Crispins Food & Wine,crispins food and wine,Retailers - other,"Ground Floor, 11 Kensington Church Street, LONDON",W8 4LF,Kensington and Chelsea,-0.191849,51.502982,GROCER_BAKERY,VERIFIED_CANDIDATE
1855165,Ta'mini Lebanese Bakery,ta mini lebanese bakery,Retailers - other,"15 Kensington Church Street, LONDON",W8 4LF,Kensington and Chelsea,-0.1918132,51.5029737,CORE_BAKERY,LOCATION_VERIFICATION
609415,Portland 24/7,portland 24 7,Retailers - other,"33 Kensington High Street, LONDON",W8 5EA,Kensington and Chelsea,-0.188841,51.502181,GROCER_BAKERY,VERIFIED_CANDIDATE
1680257,Entree Bakery,entree bakery,Restaurant/Cafe/Canteen,"10 Kensington Square, LONDON",W8 5EP,Kensington and Chelsea,-0.1891871,51.5005232,BAKERY_CAFE,LOCATION_VERIFICATION
333447,Locanda Ottoemezzo,locanda ottoemezzo,Restaurant/Cafe/Canteen,"2-4 Thackeray Street, LONDON",W8 5ET,Kensington and Chelsea,-0.188546,51.500531,BAKERY_CAFE,VERIFIED_CANDIDATE
1017332,Hjem Kensington,hjem kensington,Restaurant/Cafe/Canteen,"3 Launceston Place, LONDON",W8 5RL,Kensington and Chelsea,-0.185341000556946,51.4985122680664,BAKERY_CAFE,VERIFIED_CANDIDATE
333654,Whole Foods Market,whole foods market,Retailers - supermarkets/hypermarkets,"63-97 Kensington High Street, LONDON",W8 5SE,Kensington and Chelsea,-0.190627,51.501462,GROCER_BAKERY,SUPERMARKET_SUPPLEMENT
1658901,Aux Merveilleux de Fred,aux merveilleux de fred,Retailers - other,"Unit 9  Kensington Arcade, 123 Kensington High Street, LONDON",W8 5SF,Kensington and Chelsea,-0.192514,51.500753,CORE_BAKERY,LOCATION_VERIFICATION
1704192,Bagel Factory,bagel factory,Takeaway/sandwich shop,"Former Units 7 and 8  Kensington Arcade, 123 Kensington High Street, LONDON",W8 5SF,Kensington and Chelsea,-0.1925651,51.500819,BAKERY_CAFE,LOCATION_VERIFICATION
1888785,Casa Crunchy,casa crunchy,Takeaway/sandwich shop,"Unit 8  Kensington Arcade, 123 Kensington High Street, LONDON",W8 5SF,Kensington and Chelsea,-0.1925651,51.500819,BAKERY_CAFE,VERIFIED_CANDIDATE
1540326,Gail's Limited,gail s limited,Retailers - other,"Unit 6  Kensington Arcade, 123 Kensington High Street, LONDON",W8 5SF,Kensington and Chelsea,-0.19308786,51.5009431,CORE_BAKERY,VERIFIED_CANDIDATE
334908,Pret A Manger,pret a manger,Takeaway/sandwich shop,"Units 14 And 16  Kensington Arcade, 123 Kensington High Street, LONDON",W8 5SF,Kensington and Chelsea,-0.192514,51.500753,BAKERY_CAFE,LOCATION_VERIFICATION
1926273,SAKURADO LONDON PATISSERIE,sakurado london patisserie,Restaurant/Cafe/Canteen,"Unit 11  Kensington Arcade, 123 Kensington High Street, LONDON",W8 5SF,Kensington and Chelsea,-0.192514,51.500753,CORE_BAKERY,LOCATION_VERIFICATION
334885,Marks & Spencer,marks and spencer,Retailers - supermarkets/hypermarkets,"113 Kensington High Street, LONDON",W8 5SQ,Kensington and Chelsea,-0.191578,51.500739,GROCER_BAKERY,LOCATION_VERIFICATION
334002,Nouvelle Delicatessen,nouvelle delicatessen,Retailers - other,"69 Abingdon Road, LONDON",W8 6AW,Kensington and Chelsea,-0.195669,51.497484,BAKERY_CAFE,VERIFIED_CANDIDATE
1623136,Bonbon,bonbon,Restaurant/Cafe/Canteen,"Basement and Ground, 197 Kensington High Street, LONDON",W8 6BA,Kensington and Chelsea,-0.1960678,51.4997092,BAKERY_CAFE,LOCATION_VERIFICATION
1006019,Gail's,gail s,Restaurant/Cafe/Canteen,"Basement And Ground Floor, 240-242 Kensington High Street, LONDON",W8 6ND,Kensington and Chelsea,-0.200500994920731,51.4987983703613,BAKERY_CAFE,LOCATION_VERIFICATION
1587022,La Piccola Deli,la piccola deli,Restaurant/Cafe/Canteen,"270 Kensington High Street, LONDON",W8 6ND,Kensington and Chelsea,-0.200559,51.498791,BAKERY_CAFE,LOCATION_VERIFICATION
1873667,LaBakery,labakery,Restaurant/Cafe/Canteen,"260 Kensington High Street, LONDON",W8 6ND,Kensington and Chelsea,-0.200559,51.498791,BAKERY_CAFE,VERIFIED_CANDIDATE
1873668,LaBakery,labakery,Restaurant/Cafe/Canteen,"246 Kensington High Street, LONDON",W8 6ND,Kensington and Chelsea,-0.200500994920731,51.4987983703613,BAKERY_CAFE,LOCATION_VERIFICATION
333737,La Piccola Deli,la piccola deli,Retailers - other,"20 Stratford Road, LONDON",W8 6QD,Kensington and Chelsea,-0.192996,51.49658,BAKERY_CAFE,VERIFIED_CANDIDATE
333485,Fait Maison,fait maison,Restaurant/Cafe/Canteen,"3 Stratford Road, LONDON",W8 6RQ,Kensington and Chelsea,-0.192929,51.496821,BAKERY_CAFE,VERIFIED_CANDIDATE
333529,Waitrose,waitrose,Retailers - supermarkets/hypermarkets,"243 Kensington High Street, LONDON",W8 6SA,Kensington and Chelsea,-0.197781,51.499081,GROCER_BAKERY,SUPERMARKET_SUPPLEMENT
1495574,Paris Baguette,paris baguette,Manufacturers/packers,"129 Kensington High Street, LONDON",W8 6SU,Kensington and Chelsea,-0.193444,51.5006652,BAKERY_CAFE,VERIFIED_CANDIDATE
1513676,Damascene Rose Deli,damascene rose deli,Retailers - other,"168 Kensington High Street, LONDON",W8 7RG,Kensington and Chelsea,-0.1960144,51.5002147,GROCER_BAKERY,VERIFIED_CANDIDATE
1710048,La Mart,la mart,Retailers - supermarkets/hypermarkets,"172-174 Kensington High Street, LONDON",W8 7RG,Kensington and Chelsea,-0.197052,51.500023,GROCER_BAKERY,SUPERMARKET_SUPPLEMENT
1603346,Kuro Bakery,kuro bakery,Retailers - other,"3A Hillgate Street, LONDON",W8 7SP,Kensington and Chelsea,-0.197432,51.508293,BAKERY_CAFE,LOCATION_VERIFICATION
766569,Egg Break,egg break,Restaurant/Cafe/Canteen,"30 Uxbridge Street, LONDON",W8 7TA,Kensington and Chelsea,-0.198022,51.50832,BAKERY_CAFE,VERIFIED_CANDIDATE
1360156,Le Choux,le choux,Manufacturers/packers,"332 Ladbroke Grove, LONDON",,Kensington and Chelsea,-0.2145228,51.5256676,CORE_BAKERY,VERIFIED_CANDIDATE
1411609,Libby's Gluten Free and Sugar Free Bakery,libby s gluten free and sugar free bakery,Restaurant/Cafe/Canteen,"61 Ledbury Road, LONDON",,Kensington and Chelsea,-0.1992966,51.5141678,CORE_BAKERY,VERIFIED_CANDIDATE
1588439,Lucky Bean Cafe Ltd,lucky bean cafe ltd,Restaurant/Cafe/Canteen,"332 Ladbroke Grove, LONDON",,Kensington and Chelsea,-0.2145228,51.5256676,BAKERY_CAFE,VERIFIED_CANDIDATE
1689322,The Baguette Deli,the baguette deli,Restaurant/Cafe/Canteen,"1A Hollywood Road, LONDON",,Kensington and Chelsea,-0.1830586,51.4850779,BAKERY_CAFE,VERIFIED_CANDIDATE
1958444,Whole Foods Market,whole foods market,Retailers - supermarkets/hypermarkets,"Development Site, 66-74 Notting Hill Gate, LONDON",,Kensington and Chelsea,-0.1959188,51.5093947,GROCER_BAKERY,SUPERMARKET_SUPPLEMENT
1385761,Grape Tree,grape tree,Retailers - other,"11 Eden Walk, Kingston Upon Thames",KT1 1BP,Kingston-Upon-Thames,-0.303808,51.4095416,GROCER_BAKERY,VERIFIED_CANDIDATE
1386150,Paul,paul,Restaurant/Cafe/Canteen,"5 Eden Walk, Kingston Upon Thames",KT1 1BP,Kingston-Upon-Thames,-0.3034638,51.4095186,BAKERY_CAFE,LOCATION_VERIFICATION
1385848,Sainsbury's,sainsbury s,Retailers - supermarkets/hypermarkets,"6-12 Eden Walk, Kingston Upon Thames",KT1 1BU,Kingston-Upon-Thames,-0.3033712,51.4096881,GROCER_BAKERY,LOCATION_VERIFICATION
1385963,Londis Newspoint,londis newspoint,Retailers - other,"7 Adams Walk, Kingston Upon Thames",KT1 1DF,Kingston-Upon-Thames,-0.3016681,51.410248,GROCER_BAKERY,VERIFIED_CANDIDATE
1385266,Best One,best one,Retailers - other,"38 High Street, Kingston Upon Thames",KT1 1HL,Kingston-Upon-Thames,-0.307644993066788,51.4082298278809,GROCER_BAKERY,LOCATION_VERIFICATION
1629946,Kappuccino,kappuccino,Restaurant/Cafe/Canteen,"2 Jerome Place, Kingston Upon Thames",KT1 1HT,Kingston-Upon-Thames,-0.307825393252279,51.4094014002638,BAKERY_CAFE,VERIFIED_CANDIDATE
1385357,Fortunella,fortunella,Restaurant/Cafe/Canteen,"8 Apple Market, Kingston Upon Thames",KT1 1JE,Kingston-Upon-Thames,-0.3057993,51.4093546,BAKERY_CAFE,VERIFIED_CANDIDATE
1385864,Greggs,greggs,Retailers - other,"28 Market Place, Kingston Upon Thames",KT1 1JH,Kingston-Upon-Thames,-0.3057436,51.4096955,CORE_BAKERY,LOCATION_VERIFICATION
1385499,Pret A Manger,pret a manger,Restaurant/Cafe/Canteen,"23 Market Place, Kingston Upon Thames",KT1 1JP,Kingston-Upon-Thames,-0.3057279,51.4101179,BAKERY_CAFE,LOCATION_VERIFICATION
1855134,Alsayed Greengrocer Ltd,alsayed greengrocer ltd,Retailers - other,"Stall 1, Ancient Market, Market Place, Kingston Upon Thames",KT1 1JS,Kingston-Upon-Thames,-0.3062172,51.4097203,GROCER_BAKERY,VERIFIED_CANDIDATE
1386459,Olivier's Bakery,olivier s bakery,Retailers - other,"Stall 14, Ancient Market, Market Place, Kingston Upon Thames",KT1 1JS,Kingston-Upon-Thames,-0.3062172,51.4097203,CORE_BAKERY,VERIFIED_CANDIDATE
1561860,Glutopia Cake Boutique,glutopia cake boutique,Restaurant/Cafe/Canteen,"Unit 3, The Griffin Centre, Market Place, Kingston Upon Thames",KT1 1JT,Kingston-Upon-Thames,-0.3064754,51.4089597,BAKERY_CAFE,VERIFIED_CANDIDATE
1385546,Mimosa,mimosa,Restaurant/Cafe/Canteen,"Unit 1 The Griffin Centre, Market Place, Kingston Upon Thames",KT1 1JT,Kingston-Upon-Thames,-0.3068891,51.4090466,BAKERY_CAFE,VERIFIED_CANDIDATE
1385990,Marks & Spencer Foodhall,marks and spencer foodhall,Retailers - supermarkets/hypermarkets,"26-32 Clarence Street, Kingston Upon Thames",KT1 1NU,Kingston-Upon-Thames,-0.3037643,51.4106482,GROCER_BAKERY,SUPERMARKET_SUPPLEMENT
1385271,Local Hero,local hero,Restaurant/Cafe/Canteen,"22 Thames Street, Kingston Upon Thames",KT1 1PE,Kingston-Upon-Thames,-0.3065843,51.4106788,BAKERY_CAFE,VERIFIED_CANDIDATE
1747899,Patisserie Les 3 Chocolats,patisserie les 3 chocolats,Restaurant/Cafe/Canteen,"28 Thames Street, Kingston Upon Thames",KT1 1PE,Kingston-Upon-Thames,-0.3065814,51.4107597,CORE_BAKERY,VERIFIED_CANDIDATE
1560267,Oseyo,oseyo,Retailers - supermarkets/hypermarkets,"99-101 Clarence Street, Kingston Upon Thames",KT1 1QY,Kingston-Upon-Thames,-0.3014114,51.4109636,GROCER_BAKERY,LOCATION_VERIFICATION
1385322,Pret A Manger,pret a manger,Restaurant/Cafe/Canteen,"85-87 Clarence Street, Kingston Upon Thames",KT1 1RB,Kingston-Upon-Thames,-0.3020034,51.4109003,BAKERY_CAFE,LOCATION_VERIFICATION
1527165,Gail's Bakery - Kingston,gail s bakery kingston,Takeaway/sandwich shop,"3 - 5 Church Street, Kingston Upon Thames",KT1 1RW,Kingston-Upon-Thames,-0.3056247,51.4101883,CORE_BAKERY,VERIFIED_CANDIDATE
1385568,Greggs,greggs,Retailers - other,"14 Castle Street, Kingston Upon Thames",KT1 1SS,Kingston-Upon-Thames,-0.3016695,51.411372,CORE_BAKERY,LOCATION_VERIFICATION
1612888,Kingston Food & Wine,kingston food and wine,Retailers - other,"42 Fife Road, Kingston Upon Thames",KT1 1SU,Kingston-Upon-Thames,-0.302432,51.4117427,GROCER_BAKERY,VERIFIED_CANDIDATE
1385633,Huffkins Bakery & Cafe Tearooms,huffkins bakery and cafe tearooms,Restaurant/Cafe/Canteen,"John Lewis, Wood Street, Kingston Upon Thames",KT1 1TE,Kingston-Upon-Thames,-0.306331,51.411449,BAKERY_CAFE,VERIFIED_CANDIDATE
1385976,Waitrose,waitrose,Retailers - supermarkets/hypermarkets,"Waitrose John Lewis, Wood Street, Kingston Upon Thames",KT1 1TE,Kingston-Upon-Thames,-0.3066726,51.4115981,GROCER_BAKERY,SUPERMARKET_SUPPLEMENT
1558352,Mason And Rye,mason and rye,Restaurant/Cafe/Canteen,"Bentalls Department Store, The Bentall Centre, Wood Street, Kingston Upon Thames",KT1 1TX,Kingston-Upon-Thames,-0.304397,51.4123958,BAKERY_CAFE,VERIFIED_CANDIDATE
1946993,Sainsburys Supermarkets,sainsburys supermarkets,Retailers - supermarkets/hypermarkets,"Unit 1, Kingston Station, Wood Street, Kingston Upon Thames",KT1 1UJ,Kingston-Upon-Thames,-0.3013146,51.4126288,GROCER_BAKERY,LOCATION_VERIFICATION
1385492,Sainsbury's,sainsbury s,Retailers - supermarkets/hypermarkets,"75 Penrhyn Road, Kingston Upon Thames",KT1 2EQ,Kingston-Upon-Thames,-0.3039651,51.4022232,GROCER_BAKERY,LOCATION_VERIFICATION
1838960,Grewals Budgens,grewals budgens,Retailers - supermarkets/hypermarkets,"9 Heritage Walk, Kingston Upon Thames",KT1 2US,Kingston-Upon-Thames,-0.3030201,51.4085267,GROCER_BAKERY,VERIFIED_CANDIDATE
1385688,The Co-Operative,the co operative,Retailers - supermarkets/hypermarkets,"16 Lower Marsh Lane, Kingston Upon Thames",KT1 3BJ,Kingston-Upon-Thames,-0.2945577,51.4011964,GROCER_BAKERY,LOCATION_VERIFICATION
1640868,ADA Food Centre,ada food centre,Retailers - supermarkets/hypermarkets,"36 Cambridge Road, Kingston Upon Thames",KT1 3JY,Kingston-Upon-Thames,-0.2900295,51.40962,GROCER_BAKERY,VERIFIED_CANDIDATE
1385700,Kingston Food Centre,kingston food centre,Retailers - supermarkets/hypermarkets,"11 Richmond Road, Kingston Upon Thames",KT2 5BW,Kingston-Upon-Thames,-0.300917,51.4130517,GROCER_BAKERY,SUPERMARKET_SUPPLEMENT
1386717,Shell Waitrose Kingstonian,shell waitrose kingstonian,Retailers - other,"164 Richmond Road, Kingston Upon Thames",KT2 5HD,Kingston-Upon-Thames,-0.3016122,51.4195093,GROCER_BAKERY,VERIFIED_CANDIDATE
1385386,The Co-Operative,the co operative,Retailers - supermarkets/hypermarkets,"178 Kings Road, Kingston Upon Thames",KT2 5HU,Kingston-Upon-Thames,-0.2935344,51.4191554,GROCER_BAKERY,LOCATION_VERIFICATION
1386001,Sainsbury's,sainsbury s,Retailers - supermarkets/hypermarkets,"Sainsburys, Sury Basin, Kingston Upon Thames",KT2 5NZ,Kingston-Upon-Thames,-0.303036,51.41579,GROCER_BAKERY,LOCATION_VERIFICATION
1666758,L'Assaggino Kingston,l assaggino kingston,Restaurant/Cafe/Canteen,"55 - 57 Park Road, Kingston Upon Thames",KT2 6DB,Kingston-Upon-Thames,-0.2884559,51.4155385,BAKERY_CAFE,VERIFIED_CANDIDATE
1583159,Lidl Great Britain Limited,lidl great britain limited,Retailers - supermarkets/hypermarkets,"64 Gordon Road, Kingston Upon Thames",KT2 6FN,Kingston-Upon-Thames,-0.2905221,51.4126037,GROCER_BAKERY,LOCATION_VERIFICATION
1386250,Asda Stores Limited,asda stores limited,Retailers - supermarkets/hypermarkets,"142 London Road, Kingston Upon Thames",KT2 6QL,Kingston-Upon-Thames,-0.2902737,51.4113564,GROCER_BAKERY,LOCATION_VERIFICATION
1386421,Sainsbury's,sainsbury s,Retailers - other,"Hanover House, 76 Coombe Road, Kingston Upon Thames",KT2 7AZ,Kingston-Upon-Thames,-0.28335,51.412671,GROCER_BAKERY,LOCATION_VERIFICATION
1903825,Londis Kingston Road,londis kingston road,Retailers - other,"269 Kingston Road, New Malden",KT3 3FN,Kingston-Upon-Thames,-0.274816,51.4037565,GROCER_BAKERY,VERIFIED_CANDIDATE
1883332,Londis Rose Cottage,londis rose cottage,Retailers - supermarkets/hypermarkets,"Shop, Petrol Station, 159 Kingston Road, New Malden",KT3 3NS,Kingston-Upon-Thames,-0.2671917,51.4015152,GROCER_BAKERY,VERIFIED_CANDIDATE
1385550,Choice Cake & Coffee,choice cake and coffee,Restaurant/Cafe/Canteen,"117-119 Kingston Road, New Malden",KT3 3NX,Kingston-Upon-Thames,-0.2644001,51.4006314,BAKERY_CAFE,VERIFIED_CANDIDATE
1385257,Lidl UK GMBH,lidl uk gmbh,Retailers - supermarkets/hypermarkets,"31-35 Blagdon Road, New Malden",KT3 4AH,Kingston-Upon-Thames,-0.2538214,51.4002894,GROCER_BAKERY,LOCATION_VERIFICATION
1386328,Manuels,manuels,Manufacturers/packers,"87 High Street, New Malden",KT3 4BP,Kingston-Upon-Thames,-0.2561964,51.4010392,BAKERY_CAFE,VERIFIED_CANDIDATE
1385510,Cake & Bingsoo,cake and bingsoo,Restaurant/Cafe/Canteen,"39 High Street, New Malden",KT3 4BY,Kingston-Upon-Thames,-0.2567757,51.4023393,BAKERY_CAFE,VERIFIED_CANDIDATE
1386373,Greggs,greggs,Retailers - other,"146 High Street, New Malden",KT3 4EP,Kingston-Upon-Thames,-0.2550373,51.3995897,CORE_BAKERY,LOCATION_VERIFICATION
1793035,New Malden International Foods,new malden international foods,Retailers - supermarkets/hypermarkets,"138 - 140 High Street, New Malden",KT3 4EP,Kingston-Upon-Thames,-0.2551648,51.3997131,GROCER_BAKERY,SUPERMARKET_SUPPLEMENT
1692095,M&S Food,m and s food,Retailers - supermarkets/hypermarkets,"56 High Street, New Malden",KT3 4EZ,Kingston-Upon-Thames,-0.2558722,51.4018324,GROCER_BAKERY,SUPERMARKET_SUPPLEMENT
1385887,Waitrose,waitrose,Retailers - supermarkets/hypermarkets,"24-28 High Street, New Malden",KT3 4HE,Kingston-Upon-Thames,-0.2557217,51.4023877,GROCER_BAKERY,SUPERMARKET_SUPPLEMENT
1386028,Vaniyan Foods 4 U,vaniyan foods 4 u,Retailers - other,"103 Burlington Road, New Malden",KT3 4LR,Kingston-Upon-Thames,-0.2493629,51.3992106,GROCER_BAKERY,VERIFIED_CANDIDATE
1794621,Sainsburys Supermarkets Ltd.,sainsburys supermarkets ltd,Retailers - supermarkets/hypermarkets,"9 Coombe Road, New Malden",KT3 4QG,Kingston-Upon-Thames,-0.2567162,51.4043753,GROCER_BAKERY,LOCATION_VERIFICATION
1385289,JL Enterprises (Premier Foods),jl enterprises premier foods,Retailers - other,"128 Malden Road, New Malden",KT3 6DD,Kingston-Upon-Thames,-0.2549897,51.3981951,GROCER_BAKERY,VERIFIED_CANDIDATE
1728900,Dar Al Zaad,dar al zaad,Retailers - supermarkets/hypermarkets,"384 Malden Road, Worcester Park",KT4 7NL,Kingston-Upon-Thames,-0.2510656,51.3846521,GROCER_BAKERY,SUPERMARKET_SUPPLEMENT
1385898,Plough Bakery,plough bakery,Manufacturers/packers,"374 Malden Road, Worcester Park",KT4 7NL,Kingston-Upon-Thames,-0.2516402,51.3849286,CORE_BAKERY,VERIFIED_CANDIDATE
1386351,Sucklings Bakers,sucklings bakers,Takeaway/sandwich shop,"110 Villiers Avenue, Surbiton",KT5 8BH,Kingston-Upon-Thames,-0.2948795,51.4009431,BAKERY_CAFE,VERIFIED_CANDIDATE
1955493,KoffeeROOM LTD,koffeeroom ltd,Restaurant/Cafe/Canteen,"96 Alexandra Drive, Surbiton",KT5 9AG,Kingston-Upon-Thames,-0.2828056,51.3900586,BAKERY_CAFE,VERIFIED_CANDIDATE
1488272,Sainsburys,sainsburys,Retailers - supermarkets/hypermarkets,"118 Raeburn Avenue, Surbiton",KT5 9EA,Kingston-Upon-Thames,-0.281546,51.390124,GROCER_BAKERY,LOCATION_VERIFICATION
1386403,The French Tarte,the french tarte,Retailers - other,"83 Maple Road, Surbiton",KT6 4AW,Kingston-Upon-Thames,-0.307861,51.395035,BAKERY_CAFE,VERIFIED_CANDIDATE
1520056,Morrisons Daily,morrisons daily,Retailers - other,"2 Victoria Road, Surbiton",KT6 4JU,Kingston-Upon-Thames,-0.30486,51.3931269,GROCER_BAKERY,LOCATION_VERIFICATION
1604836,Pret A Manger,pret a manger,Restaurant/Cafe/Canteen,"8 Victoria Road, Surbiton",KT6 4JU,Kingston-Upon-Thames,-0.3052824,51.392913,BAKERY_CAFE,LOCATION_VERIFICATION
1386349,Sainsbury's,sainsbury s,Retailers - supermarkets/hypermarkets,"50-58 Victoria Road, Surbiton",KT6 4NG,Kingston-Upon-Thames,-0.3077822,51.3914515,GROCER_BAKERY,LOCATION_VERIFICATION
1385960,Greggs,greggs,Retailers - other,"77 Victoria Road, Surbiton",KT6 4NS,Kingston-Upon-Thames,-0.3055513,51.3925015,CORE_BAKERY,LOCATION_VERIFICATION
1638987,M&S Food,m and s food,Retailers - supermarkets/hypermarkets,"78 Victoria Road, Surbiton",KT6 4NS,Kingston-Upon-Thames,-0.3054291,51.3925056,GROCER_BAKERY,SUPERMARKET_SUPPLEMENT
1763689,RR TASTY,rr tasty,Restaurant/Cafe/Canteen,"88 Victoria Road, Surbiton",KT6 4NS,Kingston-Upon-Thames,-0.3045509,51.3929336,BAKERY_CAFE,VERIFIED_CANDIDATE
1385327,Sainsbury's Local,sainsbury s local,Retailers - other,"Unit 2, Surbiton Railway Station, Victoria Road, Surbiton",KT6 4PE,Kingston-Upon-Thames,-0.3039357,51.3924661,GROCER_BAKERY,LOCATION_VERIFICATION
1640865,Pickled Pantry,pickled pantry,Restaurant/Cafe/Canteen,"7 Central Parade, St Mark's Hill, Surbiton",KT6 4PJ,Kingston-Upon-Thames,,,BAKERY_CAFE,VERIFIED_CANDIDATE
1385924,Waitrose,waitrose,Retailers - supermarkets/hypermarkets,"15A Claremont Road, Surbiton",KT6 4QR,Kingston-Upon-Thames,-0.3050212,51.3938217,GROCER_BAKERY,SUPERMARKET_SUPPLEMENT
1885257,Gail's Bakery Surbiton,gail s bakery surbiton,Restaurant/Cafe/Canteen,"1 Claremont Road, Surbiton",KT6 4QS,Kingston-Upon-Thames,,,CORE_BAKERY,VERIFIED_CANDIDATE
1723229,Best One,best one,Retailers - other,"3 Surbiton Parade, St Mark's Hill, Surbiton",KT6 4RB,Kingston-Upon-Thames,,,GROCER_BAKERY,LOCATION_VERIFICATION
1794623,Monte Bianco Coffee Ltd,monte bianco coffee ltd,Restaurant/Cafe/Canteen,"5 Brighton Road, Surbiton",KT6 5LX,Kingston-Upon-Thames,-0.3090248,51.3908849,BAKERY_CAFE,VERIFIED_CANDIDATE
1386487,Sainsbury's,sainsbury s,Retailers - supermarkets/hypermarkets,"143 Ewell Road, Surbiton",KT6 6AW,Kingston-Upon-Thames,-0.297423,51.3890366,GROCER_BAKERY,LOCATION_VERIFICATION
1866717,Londis,londis,Retailers - supermarkets/hypermarkets,"86 - 88 Ewell Road, Surbiton",KT6 6EX,Kingston-Upon-Thames,-0.2985228,51.3907509,GROCER_BAKERY,SUPERMARKET_SUPPLEMENT
1386157,Carmella Patisserie,carmella patisserie,Retailers - other,"132 Ewell Road, Surbiton",KT6 6HE,Kingston-Upon-Thames,-0.2980269,51.3893948,CORE_BAKERY,LOCATION_VERIFICATION
1822569,Kingston International Market,kingston international market,Retailers - supermarkets/hypermarkets,"78 - 80 Tolworth Broadway, Tolworth",KT6 7HR,Kingston-Upon-Thames,,,GROCER_BAKERY,VERIFIED_CANDIDATE
1385792,Kourosh Supermarket,kourosh supermarket,Retailers - supermarkets/hypermarkets,"106 Tolworth Broadway, Surbiton",KT6 7HT,Kingston-Upon-Thames,-0.2820216,51.3800066,GROCER_BAKERY,SUPERMARKET_SUPPLEMENT
1905099,Brotherdough Co.,brotherdough co,Restaurant/Cafe/Canteen,"4 Arcade Parade, Elm Road, Chessington",KT9 1AB,Kingston-Upon-Thames,-0.3060999,51.3674259,CORE_BAKERY,VERIFIED_CANDIDATE
1596335,Hook Cafe And Bakery,hook cafe and bakery,Restaurant/Cafe/Canteen,"Hook Centre, Hook Road, Chessington",KT9 1EJ,Kingston-Upon-Thames,-0.3064251,51.3679592,BAKERY_CAFE,VERIFIED_CANDIDATE
1386412,Greggs,greggs,Retailers - other,"332 Hook Road, Chessington",KT9 1NU,Kingston-Upon-Thames,-0.3070976,51.3671706,CORE_BAKERY,LOCATION_VERIFICATION
1385381,Sainsbury's,sainsbury s,Retailers - supermarkets/hypermarkets,"324 Hook Road, Chessington",KT9 1NU,Kingston-Upon-Thames,-0.3072315,51.367397,GROCER_BAKERY,LOCATION_VERIFICATION
1386282,Sainsbury's,sainsbury s,Retailers - supermarkets/hypermarkets,"8-14 North Parade, Chessington",KT9 1QF,Kingston-Upon-Thames,-0.2988361,51.3640148,GROCER_BAKERY,LOCATION_VERIFICATION
1520057,Morrisons Daily,morrisons daily,Retailers - other,"16 - 18 North Parade, Chessington",KT9 1QJ,Kingston-Upon-Thames,-0.2987067,51.3641241,GROCER_BAKERY,LOCATION_VERIFICATION
1783143,Lidl Great Britain Limited,lidl great britain limited,Retailers - supermarkets/hypermarkets,"64 Leatherhead Road, Chessington",KT9 2HY,Kingston-Upon-Thames,-0.3102794,51.3606874,GROCER_BAKERY,SUPERMARKET_SUPPLEMENT
1488274,Blossom And Brew       Bloom Sandwiches,blossom and brew bloom sandwiches,Restaurant/Cafe/Canteen,"2 Chessington Parade, Chessington",KT9 2PH,Kingston-Upon-Thames,,,BAKERY_CAFE,VERIFIED_CANDIDATE
1894703,VANILLA PATISSERIE LTD,vanilla patisserie ltd,Retailers - other,"1 Vale Parade, Kingston Vale",SW15 3PS,Kingston-Upon-Thames,-0.2576138,51.4350497,CORE_BAKERY,VERIFIED_CANDIDATE
1751990,Jana Food Centre,jana food centre,Retailers - supermarkets/hypermarkets,"69 - 73 Robin Hood Way, Kingston Vale",SW15 3PW,Kingston-Upon-Thames,,,GROCER_BAKERY,SUPERMARKET_SUPPLEMENT
1910854,Greggs Robinhood North,greggs robinhood north,Restaurant/Cafe/Canteen,"Robin Hood North Service Station, 325 Robin Hood Way, Kingston Vale",SW20 0AB,Kingston-Upon-Thames,-0.2512815,51.4162839,BAKERY_CAFE,VERIFIED_CANDIDATE
1341579,Greggs,greggs,Takeaway/sandwich shop,"93-94 Lower Marsh, London",SE1 7AB,Lambeth,-0.111726,51.501495,CORE_BAKERY,LOCATION_VERIFICATION
1783938,Tokyo Bagel,tokyo bagel,Takeaway/sandwich shop,"101B Lower Marsh, London",SE1 7AB,Lambeth,-0.112045,51.5012636,BAKERY_CAFE,VERIFIED_CANDIDATE
1958270,The Glitch,the glitch,Restaurant/Cafe/Canteen,"134 - 135 Lower Marsh, London",SE1 7AE,Lambeth,-0.1140275,51.5003279,BAKERY_CAFE,VERIFIED_CANDIDATE
1754271,Chocolate Dino Company,chocolate dino company,Other catering premises,"36 Kennington Road, London",SE1 7BL,Lambeth,-0.1122446,51.4974485,BAKERY_CAFE,VERIFIED_CANDIDATE
1630714,Gail's,gail s,Restaurant/Cafe/Canteen,"18 - 20 Kennington Road, London",SE1 7BL,Lambeth,-0.112304,51.497601,CORE_BAKERY,LOCATION_VERIFICATION
1929752,Paris Baguette Southbank,paris baguette southbank,Restaurant/Cafe/Canteen,"26 Casson Square, London",SE1 7BQ,Lambeth,-0.1158117,51.504437,BAKERY_CAFE,VERIFIED_CANDIDATE
1264068,The Black Penny,the black penny,Restaurant/Cafe/Canteen,"17 Casson Square, London",SE1 7BQ,Lambeth,-0.1160547,51.5041101,BAKERY_CAFE,LOCATION_VERIFICATION
1864603,Beeyond,beeyond,Restaurant/Cafe/Canteen,"Business, 2 Hercules Road, London",SE1 7DP,Lambeth,-0.112829,51.498509,BAKERY_CAFE,VERIFIED_CANDIDATE
988828,Sainsburys,sainsburys,Retailers - supermarkets/hypermarkets,"107 Westminster Bridge Road, London",SE1 7HR,Lambeth,-0.113053999841213,51.4989967346191,GROCER_BAKERY,LOCATION_VERIFICATION
1831573,Rise And Dine,rise and dine,Restaurant/Cafe/Canteen,"93 Lambeth Road, London",SE1 7JH,Lambeth,-0.116821,51.495003,BAKERY_CAFE,VERIFIED_CANDIDATE
911501,Delice De France (Platform 6/7),delice de france platform 6 7,Restaurant/Cafe/Canteen,"The Concourse, Waterloo Station, London",SE1 7LY,Lambeth,-0.113271,51.503157,BAKERY_CAFE,VERIFIED_CANDIDATE
1687415,Greggs PLC,greggs plc,Retailers - other,"Unit 43B, The Concourse, Waterloo Station, London",SE1 7LY,Lambeth,-0.113271,51.503157,BAKERY_CAFE,LOCATION_VERIFICATION
483170,Marks & Spencer Main Store  (Opp Plat 6&7),marks and spencer main store opp plat 6 and 7,Retailers - supermarkets/hypermarkets,"The Concourse, Waterloo Station, London",SE1 7LY,Lambeth,-0.113271,51.503157,GROCER_BAKERY,SUPERMARKET_SUPPLEMENT
483826,Marks & Spencer Simply Food (near Plat 19),marks and spencer simply food near plat 19,Retailers - supermarkets/hypermarkets,"Unit 16, The Concourse, Waterloo Station, London",SE1 7LY,Lambeth,-0.113271,51.503157,GROCER_BAKERY,VERIFIED_CANDIDATE
690914,Pret A Manger,pret a manger,Restaurant/Cafe/Canteen,"The Concourse, Waterloo Station, London",SE1 7LY,Lambeth,-0.113271,51.503157,BAKERY_CAFE,LOCATION_VERIFICATION
991354,Pure,pure,Takeaway/sandwich shop,"Unit 17, The Concourse, Waterloo Station, London",SE1 7LY,Lambeth,-0.113270998001099,51.5031547546387,BAKERY_CAFE,LOCATION_VERIFICATION
557721,The Bagel Factory,the bagel factory,Restaurant/Cafe/Canteen,"The Concourse, Waterloo Station, London",SE1 7LY,Lambeth,-0.113271,51.503157,BAKERY_CAFE,VERIFIED_CANDIDATE
1797964,West Cornwall Pasty,west cornwall pasty,Takeaway/sandwich shop,"The Concourse, Waterloo Station, London",SE1 7LY,Lambeth,-0.113271,51.503157,CORE_BAKERY,LOCATION_VERIFICATION
1080314,Gail's Bakery Southbank,gail s bakery southbank,Restaurant/Cafe/Canteen,"28 York Road, London",SE1 7ND,Lambeth,-0.114647999405861,51.5043754577637,CORE_BAKERY,VERIFIED_CANDIDATE
1575880,Aji Bakery & Cafe  (Lower Level),aji bakery and cafe lower level,Restaurant/Cafe/Canteen,"County Hall Riverside Building, Westminster Bridge Road, London",SE1 7PB,Lambeth,-0.119264,51.50283,BAKERY_CAFE,VERIFIED_CANDIDATE
1342955,Aji Bakery Cafe,aji bakery cafe,Restaurant/Cafe/Canteen,"County Hall Riverside Building, Westminster Bridge Road, London",SE1 7PB,Lambeth,-0.119264,51.50283,BAKERY_CAFE,VERIFIED_CANDIDATE
1028889,Balance,balance,Restaurant/Cafe/Canteen,"42-43 Lower Marsh, London",SE1 7RG,Lambeth,-0.111845999956131,51.501049041748,BAKERY_CAFE,VERIFIED_CANDIDATE
484290,Greensmiths,greensmiths,Restaurant/Cafe/Canteen,"27 Lower Marsh, London",SE1 7RG,Lambeth,-0.111846,51.501047,GROCER_BAKERY,VERIFIED_CANDIDATE
1264073,Gail's Bakery,gail s bakery,Restaurant/Cafe/Canteen,"73 The Cut, London",SE1 8LL,Lambeth,-0.1081254,51.5026339,BAKERY_CAFE,LOCATION_VERIFICATION
483823,Sainsbury's,sainsbury s,Retailers - supermarkets/hypermarkets,"55A The Cut, London",SE1 8LL,Lambeth,-0.107944,51.502702,GROCER_BAKERY,LOCATION_VERIFICATION
1966034,Panopolis,panopolis,Takeaway/sandwich shop,"12A Mepham Street, London",SE1 8SQ,Lambeth,-0.1131266,51.5036497,BAKERY_CAFE,LOCATION_VERIFICATION
484038,Konditor And Cook,konditor and cook,Manufacturers/packers,"22 Cornwall Road, London",SE1 8TW,Lambeth,-0.110477,51.504514,CORE_BAKERY,VERIFIED_CANDIDATE
483047,Sainsbury's,sainsbury s,Retailers - supermarkets/hypermarkets,"101 Waterloo Road, London",SE1 8UL,Lambeth,-0.110076,51.502727,GROCER_BAKERY,LOCATION_VERIFICATION
1877962,Backstage,backstage,Restaurant/Cafe/Canteen,"The Old Vic Backstage, 131 Waterloo Road, London",SE1 8UR,Lambeth,-0.109024,51.501812,BAKERY_CAFE,VERIFIED_CANDIDATE
1939853,Beany Green - Southbank,beany green southbank,Restaurant/Cafe/Canteen,"Cafe Kiosk Outside Royal Festival Hall, South Bank, London",SE1 8XX,Lambeth,-0.1179573,51.5056794,BAKERY_CAFE,VERIFIED_CANDIDATE
1502101,Pret A Manger,pret a manger,Restaurant/Cafe/Canteen,"Unit 4, Royal Festival Hall, South Bank, London",SE1 8XX,Lambeth,-0.1167701,51.5057946,BAKERY_CAFE,LOCATION_VERIFICATION
958882,Sugar Pot,sugar pot,Restaurant/Cafe/Canteen,"248 Kennington Park Road, London",SE11 4DA,Lambeth,-0.110606,51.484319,BAKERY_CAFE,VERIFIED_CANDIDATE
1561275,Nisa Local,nisa local,Retailers - other,"407 Kennington Road, London",SE11 4PT,Lambeth,-0.1101823,51.4849603,GROCER_BAKERY,LOCATION_VERIFICATION
576804,Sally White,sally white,Retailers - other,"353 Kennington Road, London",SE11 4QE,Lambeth,-0.110963,51.487553,BAKERY_CAFE,VERIFIED_CANDIDATE
483387,Payless Food & Wine,payless food and wine,Retailers - other,"322 Kennington Lane, London",SE11 5HY,Lambeth,-0.119719,51.486534,GROCER_BAKERY,LOCATION_VERIFICATION
484167,Tesco,tesco,Retailers - supermarkets/hypermarkets,"Tesco Stores, Kennington Lane, London",SE11 5QU,Lambeth,-0.113545,51.48675,GROCER_BAKERY,SUPERMARKET_SUPPLEMENT
1630716,Sexi Coffi Limited,sexi coffi limited,Takeaway/sandwich shop,"8A Harleyford Street, London",SE11 5SY,Lambeth,-0.1127592,51.4825468,BAKERY_CAFE,VERIFIED_CANDIDATE
1104351,Share Community,share community,Restaurant/Cafe/Canteen,"5 Beaufoy Walk, London",SE11 6AA,Lambeth,-0.1150355,51.4913529,BAKERY_CAFE,VERIFIED_CANDIDATE
484195,Millenium Food & Wine,millenium food and wine,Retailers - other,"119 Kennington Road, London",SE11 6SF,Lambeth,-0.110515,51.49421,GROCER_BAKERY,VERIFIED_CANDIDATE
1092094,Budgens,budgens,Retailers - other,"63-65 Westow Hill, London",SE19 1TS,Lambeth,-0.080301,51.419844,GROCER_BAKERY,LOCATION_VERIFICATION
733546,Niazi Food & Wine,niazi food and wine,Retailers - other,"12 Crystal Palace Parade, London",SE19 1UA,Lambeth,-0.078696,51.420384,GROCER_BAKERY,VERIFIED_CANDIDATE
981615,Londis Rosendale,londis rosendale,Retailers - other,"109A Rosendale Road, London",SE21 8EZ,Lambeth,-0.0946820005774498,51.4368324279785,GROCER_BAKERY,VERIFIED_CANDIDATE
1947747,Chococo,chococo,Restaurant/Cafe/Canteen,"7 Croxted Road, London",SE21 8SZ,Lambeth,-0.091045,51.436413,BAKERY_CAFE,LOCATION_VERIFICATION
945165,Dough Artisan Bakehouse,dough artisan bakehouse,Retailers - other,"Arch 284, Milkwood Road, London",SE24 0EZ,Lambeth,-0.101579,51.453005,BAKERY_CAFE,VERIFIED_CANDIDATE
1889451,Martins Bites Snacks & Meals,martins bites snacks and meals,Takeaway/sandwich shop,"Unit 7, 250 Milkwood Road, London",SE24 0HG,Lambeth,-0.1025751,51.4589743,BAKERY_CAFE,VERIFIED_CANDIDATE
484408,Sesami,sesami,Retailers - other,"307 Railton Road, London",SE24 0JN,Lambeth,-0.101989,51.45285,BAKERY_CAFE,VERIFIED_CANDIDATE
483197,Blackbird Bakery,blackbird bakery,Retailers - other,"230 Railton Road, London",SE24 0JT,Lambeth,-0.1022894,51.4526747,BAKERY_CAFE,LOCATION_VERIFICATION
1687365,Gail's,gail s,Restaurant/Cafe/Canteen,"214 - 216 Railton Road, London",SE24 0JT,Lambeth,-0.1026086,51.4529586,CORE_BAKERY,LOCATION_VERIFICATION
1766845,Bunhead Bakery,bunhead bakery,Takeaway/sandwich shop,"145 Dulwich Road, London",SE24 0NG,Lambeth,-0.102351,51.4525767,CORE_BAKERY,VERIFIED_CANDIDATE
483016,Sainsbury's,sainsbury s,Retailers - supermarkets/hypermarkets,"132A Herne Hill, London",SE24 9QJ,Lambeth,-0.10138,51.453289,GROCER_BAKERY,LOCATION_VERIFICATION
1870252,Brucan Bakery,brucan bakery,Restaurant/Cafe/Canteen,"4 Hannen Road, London",SE27 0DT,Lambeth,-0.1036181,51.4320666,CORE_BAKERY,VERIFIED_CANDIDATE
729720,Otter Trading,otter trading,Restaurant/Cafe/Canteen,"17 Knight's Hill, London",SE27 0HS,Lambeth,-0.104104,51.430996,BAKERY_CAFE,VERIFIED_CANDIDATE
1758381,Sweet Carolina The Kiosk,sweet carolina the kiosk,Restaurant/Cafe/Canteen,"West Norwood Railway Station, Knight's Hill, London",SE27 0HS,Lambeth,-0.104103997349739,51.4309959411621,BAKERY_CAFE,VERIFIED_CANDIDATE
1071940,Sweet Carolina Kitchen & Bar,sweet carolina kitchen and bar,Restaurant/Cafe/Canteen,"2 Knight's Hill, London",SE27 0HY,Lambeth,-0.104178,51.43267,BAKERY_CAFE,VERIFIED_CANDIDATE
722868,Pintadera,pintadera,Restaurant/Cafe/Canteen,"Ground Floor, 50 Knight's Hill, London",SE27 0JD,Lambeth,-0.104513,51.431182,BAKERY_CAFE,VERIFIED_CANDIDATE
1878421,Portucale,portucale,Restaurant/Cafe/Canteen,"380A - 382 Norwood Road, London",SE27 9AA,Lambeth,-0.104333,51.434147,BAKERY_CAFE,VERIFIED_CANDIDATE
484362,Greggs,greggs,Retailers - other,"324 Norwood Road, London",SE27 9AF,Lambeth,-0.104402,51.435263,BAKERY_CAFE,LOCATION_VERIFICATION
1107547,Platinum Bakery,platinum bakery,Other catering premises,"330 Norwood Road, London",SE27 9AF,Lambeth,-0.104402,51.435263,CORE_BAKERY,VERIFIED_CANDIDATE
483441,Sainsbury's,sainsbury s,Retailers - supermarkets/hypermarkets,"364 - 366 Norwood Road, London",SE27 9AG,Lambeth,-0.106160651163846,51.4407078834836,GROCER_BAKERY,LOCATION_VERIFICATION
1342953,Florentine Bakery,florentine bakery,Other catering premises,"463 Norwood Road, London",SE27 9DJ,Lambeth,-0.1042708,51.4364566,CORE_BAKERY,VERIFIED_CANDIDATE
640157,Sweet Portugal,sweet portugal,Restaurant/Cafe/Canteen,"469 Norwood Road, London",SE27 9DJ,Lambeth,-0.104042,51.43595,BAKERY_CAFE,VERIFIED_CANDIDATE
981601,Harts News,harts news,Retailers - other,"116 Norwood High Street, London",SE27 9NH,Lambeth,-0.100780002772808,51.4282341003418,GROCER_BAKERY,VERIFIED_CANDIDATE
1031684,Budgens,budgens,Retailers - other,"207 Gipsy Road, London",SE27 9QY,Lambeth,-0.0887815,51.4270935,GROCER_BAKERY,LOCATION_VERIFICATION
981567,Costcutter,costcutter,Retailers - other,"248 Gipsy Road, London",SE27 9RB,Lambeth,-0.0874300003051758,51.4272003173828,GROCER_BAKERY,LOCATION_VERIFICATION
576831,Costcutter,costcutter,Retailers - other,"122 Denmark Hill, London",SE5 8RX,Lambeth,-0.093175,51.470593,GROCER_BAKERY,LOCATION_VERIFICATION
483307,The Bread Of Life Bakery,the bread of life bakery,Retailers - other,"19 Coldharbour Lane, London",SE5 9NR,Lambeth,-0.09378,51.470594,BAKERY_CAFE,VERIFIED_CANDIDATE
1317391,Budgens,budgens,Retailers - supermarkets/hypermarkets,"112 - 114 Coldharbour Lane, London",SE5 9PZ,Lambeth,-0.097774,51.469427,GROCER_BAKERY,LOCATION_VERIFICATION
1381084,Baguette & Co,baguette and co,Takeaway/sandwich shop,"Kings College Hospital, Denmark Hill, London",SE5 9RS,Lambeth,-0.092318,51.468367,BAKERY_CAFE,VERIFIED_CANDIDATE
1381083,Costa - Main Entrance,costa main entrance,Takeaway/sandwich shop,"Kings College Hospital, Denmark Hill, London",SE5 9RS,Lambeth,-0.092318,51.468367,BAKERY_CAFE,VERIFIED_CANDIDATE
981421,Mark & Spencers,mark and spencers,Retailers - other,"Kings College Hospital, Denmark Hill, London",SE5 9RS,Lambeth,-0.092318,51.468367,GROCER_BAKERY,VERIFIED_CANDIDATE
482978,Sainsbury's,sainsbury s,Retailers - supermarkets/hypermarkets,"23 Balham Hill, London",SW12 9DY,Lambeth,-0.147199,51.452458,GROCER_BAKERY,LOCATION_VERIFICATION
1379945,Batch & Co SW16,batch and co sw16,Restaurant/Cafe/Canteen,"212 Streatham High Road, London",SW16 1BB,Lambeth,-0.12982,51.431148,BAKERY_CAFE,VERIFIED_CANDIDATE
483334,Lidl,lidl,Retailers - supermarkets/hypermarkets,"222 - 224 Streatham High Road, London",SW16 1BB,Lambeth,-0.129792,51.431472,GROCER_BAKERY,LOCATION_VERIFICATION
1113406,Greggs,greggs,Retailers - other,"158 Streatham High Road, London",SW16 1BJ,Lambeth,-0.129493996500969,51.4327812194824,CORE_BAKERY,LOCATION_VERIFICATION
484517,Sainsbury's,sainsbury s,Retailers - supermarkets/hypermarkets,"172-176 Streatham High Road, London",SW16 1BJ,Lambeth,-0.129494,51.43278,GROCER_BAKERY,LOCATION_VERIFICATION
483670,Thompson Delicatessen,thompson delicatessen,Retailers - other,"2 Streatham High Road, London",SW16 1DB,Lambeth,-0.127685,51.437616,GROCER_BAKERY,VERIFIED_CANDIDATE
1898965,The Ronie,the ronie,Takeaway/sandwich shop,"8 - 9 Streatleigh Parade, Streatham High Road, London",SW16 1EQ,Lambeth,-0.127027,51.437524,BAKERY_CAFE,VERIFIED_CANDIDATE
830141,Brooks & Gao,brooks and gao,Restaurant/Cafe/Canteen,"28 The High Parade, Streatham High Road, London",SW16 1EX,Lambeth,-0.12788,51.434615,BAKERY_CAFE,VERIFIED_CANDIDATE
1523433,Blackbird,blackbird,Other catering premises,"10 Astoria Parade, Streatham High Road, London",SW16 1PR,Lambeth,-0.1285922,51.4324412,BAKERY_CAFE,LOCATION_VERIFICATION
1059463,Budgens,budgens,Retailers - other,"Petrol Filling Station, 120 Leigham Court Road, London",SW16 2RW,Lambeth,-0.117369,51.432702,GROCER_BAKERY,LOCATION_VERIFICATION
484534,Sainsbury's,sainsbury s,Retailers - supermarkets/hypermarkets,"480 Streatham High Road, London",SW16 3PY,Lambeth,-0.129293,51.419737,GROCER_BAKERY,LOCATION_VERIFICATION
1486183,Snak Tank,snak tank,Takeaway/sandwich shop,"580 Streatham High Road, London",SW16 3QQ,Lambeth,-0.1260927,51.4165201,BAKERY_CAFE,VERIFIED_CANDIDATE
1811264,Cut The Mustard Ltd,cut the mustard ltd,Other catering premises,"420B Streatham High Road, London",SW16 3SN,Lambeth,-0.129542,51.422097,BAKERY_CAFE,VERIFIED_CANDIDATE
1434349,David's Deli,david s deli,Retailers - other,"2 Ellison Road, London",SW16 5BY,Lambeth,-0.134094486485438,51.4177505035579,GROCER_BAKERY,LOCATION_VERIFICATION
1885788,Flakey Bs Patties,flakey bs patties,Takeaway/sandwich shop,"3 Station Approach, Estreham Road, London",SW16 5NR,Lambeth,-0.135342,51.418476,CORE_BAKERY,VERIFIED_CANDIDATE
1823541,Cut The Mustard Early Road,cut the mustard early road,Restaurant/Cafe/Canteen,"212A Eardley Road, London",SW16 5TF,Lambeth,-0.136442,51.418295,BAKERY_CAFE,VERIFIED_CANDIDATE
1107536,Streatham Superstore,streatham superstore,Retailers - other,"165 Streatham High Road, London",SW16 6EG,Lambeth,-0.130799,51.428295,GROCER_BAKERY,VERIFIED_CANDIDATE
1416127,Tradicao Acougue & Mercearia Limited,tradicao acougue and mercearia limited,Retailers - other,"2 Hopton Parade, Streatham High Road, London, LONDON",SW16 6EP,Lambeth,-0.130529,51.4255208,GROCER_BAKERY,VERIFIED_CANDIDATE
1766855,Urbano Bakery & Cafe,urbano bakery and cafe,Restaurant/Cafe/Canteen,"6 Hopton Parade, Streatham High Road, London",SW16 6EP,Lambeth,-0.1304767,51.425394,BAKERY_CAFE,VERIFIED_CANDIDATE
1319985,Greggs @ Tesco,greggs tesco,Takeaway/sandwich shop,"384 Streatham High Road, London",SW16 6HP,Lambeth,-0.131255,51.425596,GROCER_BAKERY,LOCATION_VERIFICATION
623106,Tesco,tesco,Retailers - supermarkets/hypermarkets,"384 Streatham High Road, London",SW16 6HP,Lambeth,-0.131255,51.425596,GROCER_BAKERY,SUPERMARKET_SUPPLEMENT
484324,Shreeji News,shreeji news,Retailers - other,"22 Mitcham Lane, London",SW16 6NN,Lambeth,-0.132261,51.428444,GROCER_BAKERY,VERIFIED_CANDIDATE
729730,F.Mondays,f mondays,Retailers - other,"112A Brixton Hill, London",SW2 1AH,Lambeth,-0.120457,51.454199,BAKERY_CAFE,VERIFIED_CANDIDATE
483363,Sainsbury's,sainsbury s,Retailers - supermarkets/hypermarkets,"266 - 270 Brixton Hill, London",SW2 1HP,Lambeth,-0.124591,51.446757,GROCER_BAKERY,LOCATION_VERIFICATION
509162,Sainsbury's,sainsbury s,Retailers - supermarkets/hypermarkets,"76 Brixton Hill, London",SW2 1QW,Lambeth,-0.119578,51.455642,GROCER_BAKERY,LOCATION_VERIFICATION
665343,Sainsbury's,sainsbury s,Retailers - supermarkets/hypermarkets,"2 Tulse Hill, London",SW2 2TP,Lambeth,-0.113496,51.453737,GROCER_BAKERY,LOCATION_VERIFICATION
945166,Batch & Co,batch and co,Restaurant/Cafe/Canteen,"54 Streatham Hill, London",SW2 4RD,Lambeth,-0.125302,51.441336,BAKERY_CAFE,VERIFIED_CANDIDATE
1659836,Delice,delice,Restaurant/Cafe/Canteen,"122 Streatham Hill, London",SW2 4RS,Lambeth,-0.1261526,51.4400281,BAKERY_CAFE,VERIFIED_CANDIDATE
1009672,Marks & Spencer,marks and spencer,Retailers - supermarkets/hypermarkets,"Unit 4 142-170 Streatham Hill, London",SW2 4RU,Lambeth,-0.126968994736671,51.4386024475098,GROCER_BAKERY,LOCATION_VERIFICATION
1583633,Budgens,budgens,Retailers - other,"41 Streatham Hill, London",SW2 4TP,Lambeth,-0.124429002404213,51.441234588623,GROCER_BAKERY,LOCATION_VERIFICATION
483312,Sainsbury's,sainsbury s,Retailers - supermarkets/hypermarkets,"Sainsburys Local, 47A - 47B Streatham Hill, London",SW2 4TS,Lambeth,-0.125175,51.440588,GROCER_BAKERY,LOCATION_VERIFICATION
1875593,Gail's Bakery Streatham Hill,gail s bakery streatham hill,Restaurant/Cafe/Canteen,"57 - 59 Streatham Hill, London",SW2 4TX,Lambeth,-0.1253451,51.4400691,CORE_BAKERY,VERIFIED_CANDIDATE
1906621,Dear Jay - Cookery And Bar,dear jay cookery and bar,Restaurant/Cafe/Canteen,"113 - 117 Streatham Hill, London",SW2 4UG,Lambeth,-0.126402,51.438396,BAKERY_CAFE,VERIFIED_CANDIDATE
1681105,Bakers Dozen Bakery,bakers dozen bakery,Other catering premises,"40 New Park Road, London",SW2 4UN,Lambeth,-0.1254572,51.4485781,CORE_BAKERY,VERIFIED_CANDIDATE
482932,Tesco,tesco,Retailers - supermarkets/hypermarkets,"13 Acre Lane, London",SW2 5RS,Lambeth,-0.119779,51.459863,GROCER_BAKERY,SUPERMARKET_SUPPLEMENT
483068,Lidl,lidl,Retailers - supermarkets/hypermarkets,"Lidl Store, 71 - 73 Acre Lane, London",SW2 5TN,Lambeth,-0.123265,51.459451,GROCER_BAKERY,LOCATION_VERIFICATION
981449,Aries Bakehouse,aries bakehouse,Restaurant/Cafe/Canteen,"99 Acre Lane, London",SW2 5TU,Lambeth,-0.125366002321243,51.4594573974609,CORE_BAKERY,VERIFIED_CANDIDATE
482936,Costcutter,costcutter,Retailers - other,"97 Acre Lane, London",SW2 5TU,Lambeth,-0.125366,51.459458,GROCER_BAKERY,LOCATION_VERIFICATION
1037798,Madelina,madelina,Restaurant/Cafe/Canteen,"Ground Floor, 105 Acre Lane, London",SW2 5TU,Lambeth,-0.1255581,51.45947,BAKERY_CAFE,LOCATION_VERIFICATION
483057,North Street Deli,north street deli,Retailers - other,"26 North Street, London",SW4 0HB,Lambeth,-0.1424243,51.4666898,BAKERY_CAFE,VERIFIED_CANDIDATE
1931137,Blank Street,blank street,Restaurant/Cafe/Canteen,"2 -4 The Pavement, London",SW4 0HY,Lambeth,-0.1383647,51.4620751,BAKERY_CAFE,LOCATION_VERIFICATION
1797962,Common,common,Restaurant/Cafe/Canteen,"17 The Pavement, London",SW4 0HY,Lambeth,-0.1396701,51.4619887,BAKERY_CAFE,VERIFIED_CANDIDATE
1885792,Pret A Manger - Clapham Common,pret a manger clapham common,Restaurant/Cafe/Canteen,"1 The Pavement, London",SW4 0HY,Lambeth,-0.139296,51.462063,BAKERY_CAFE,VERIFIED_CANDIDATE
1288131,Trude's Grocery,trude s grocery,Retailers - other,"10 The Pavement, London",SW4 0HY,Lambeth,-0.1392197,51.4619358,GROCER_BAKERY,VERIFIED_CANDIDATE
517203,Waitrose Ltd,waitrose ltd,Retailers - supermarkets/hypermarkets,"5 The Pavement, London",SW4 0HY,Lambeth,-0.139295995235443,51.4620628356934,GROCER_BAKERY,LOCATION_VERIFICATION
1935507,Buddy's Bakery,buddy s bakery,Restaurant/Cafe/Canteen,"Ground Floor, 25 The Pavement, London",SW4 0JA,Lambeth,-0.1400927,51.4624173,BAKERY_CAFE,VERIFIED_CANDIDATE
1871213,Sainsbury's Local,sainsbury s local,Retailers - supermarkets/hypermarkets,"53 Old Town, London",SW4 0JQ,Lambeth,-0.1409336,51.4636896,GROCER_BAKERY,LOCATION_VERIFICATION
1363658,ARCH Clapham,arch clapham,Restaurant/Cafe/Canteen,"Arch 642, 4 Voltaire Road, London",SW4 6DT,Lambeth,-0.136486,51.466721,BAKERY_CAFE,VERIFIED_CANDIDATE
950569,Sainsbury's,sainsbury s,Retailers - supermarkets/hypermarkets,"2A - 2D Binfield Road, London",SW4 6TA,Lambeth,-0.122792,51.472725,GROCER_BAKERY,LOCATION_VERIFICATION
747525,Brickwood Coffee And Bread,brickwood coffee and bread,Restaurant/Cafe/Canteen,"Ground Floor, 16 Clapham Common South Side, London",SW4 7AB,Lambeth,-0.138667,51.460883,BAKERY_CAFE,VERIFIED_CANDIDATE
1875615,Shaggys Caribbean Cuisine And Bakery,shaggys caribbean cuisine and bakery,Takeaway/sandwich shop,"7 Ascot Parade, Clapham Park Road, London",SW4 7EY,Lambeth,-0.1298588,51.4599074,BAKERY_CAFE,VERIFIED_CANDIDATE
482986,The Corner Shop,the corner shop,Retailers - other,"1 Bedford Road, London",SW4 7SH,Lambeth,-0.129158,51.464941,GROCER_BAKERY,LOCATION_VERIFICATION
483957,Sainsbury's,sainsbury s,Retailers - supermarkets/hypermarkets,"Sainsburys, 133 Clapham High Street, London",SW4 7SL,Lambeth,-0.135901,51.462351,GROCER_BAKERY,LOCATION_VERIFICATION
950565,Sainsbury's,sainsbury s,Retailers - supermarkets/hypermarkets,"33 Clapham High Street, London",SW4 7TP,Lambeth,-0.131397,51.464041,GROCER_BAKERY,LOCATION_VERIFICATION
483961,Greggs,greggs,Retailers - other,"166 Clapham High Street, London",SW4 7UG,Lambeth,-0.137145,51.462559,BAKERY_CAFE,LOCATION_VERIFICATION
1875602,Marks & Spencer,marks and spencer,Retailers - supermarkets/hypermarkets,"156-164 Clapham High Street Clapham Common, London",SW4 7UG,Lambeth,-0.136872,51.4626719,GROCER_BAKERY,LOCATION_VERIFICATION
576803,Payless Food & Wine,payless food and wine,Retailers - other,"60 Clapham High Street, London",SW4 7UL,Lambeth,-0.133662,51.463601,GROCER_BAKERY,LOCATION_VERIFICATION
534932,Sainsbury's,sainsbury s,Retailers - supermarkets/hypermarkets,"2 Mullins Place, London",SW4 8EU,Lambeth,-0.133306,51.449396,GROCER_BAKERY,LOCATION_VERIFICATION
483345,Tesco,tesco,Retailers - supermarkets/hypermarkets,"Tesco Store, 128 Clapham Common South Side, London",SW4 9DF,Lambeth,-0.146530002355576,51.4529876708984,GROCER_BAKERY,SUPERMARKET_SUPPLEMENT
858061,Gail's,gail s,Restaurant/Cafe/Canteen,"71 Abbeville Road, London",SW4 9JW,Lambeth,-0.139718,51.454848,BAKERY_CAFE,LOCATION_VERIFICATION
517198,Sainsbury's,sainsbury s,Retailers - supermarkets/hypermarkets,"36-38 Abbeville Road, London",SW4 9NG,Lambeth,-0.139875,51.454176,GROCER_BAKERY,LOCATION_VERIFICATION
844313,Wedding House Patisserie,wedding house patisserie,Restaurant/Cafe/Canteen,"1A - 2A Victoria House, South Lambeth Road, London",SW8 1QT,Lambeth,-0.124016,51.480092,BAKERY_CAFE,VERIFIED_CANDIDATE
484438,Tony's Delicatessen 1,tony s delicatessen 1,Retailers - other,"Ground Floor, 39 South Lambeth Road, London",SW8 1RH,Lambeth,-0.124011,51.482313,GROCER_BAKERY,VERIFIED_CANDIDATE
1558887,Gail's,gail s,Takeaway/sandwich shop,"84 South Lambeth Road, London",SW8 1RL,Lambeth,-0.1247601,51.4818692,BAKERY_CAFE,LOCATION_VERIFICATION
1870244,Cocomart,cocomart,Restaurant/Cafe/Canteen,"Arches 9 And 10, Miles Street, London",SW8 1RZ,Lambeth,-0.1264565,51.4824882,GROCER_BAKERY,VERIFIED_CANDIDATE
729726,Sainsbury's,sainsbury s,Retailers - supermarkets/hypermarkets,"7 - 11 South Lambeth Place, London",SW8 1SP,Lambeth,-0.123662,51.485563,GROCER_BAKERY,LOCATION_VERIFICATION
1885791,Pret A Manger - Stockwell,pret a manger stockwell,Restaurant/Cafe/Canteen,"354 - 358 South Lambeth Road, London",SW8 1UG,Lambeth,-0.1221744,51.4732693,BAKERY_CAFE,VERIFIED_CANDIDATE
1291293,0086 Ltd (0086 Supermarket),0086 ltd 0086 supermarket,Retailers - other,"Unit E 2 Hebden Place, London",SW8 2FR,Lambeth,-0.1282446,51.4804951,GROCER_BAKERY,VERIFIED_CANDIDATE
484661,Delicias De Portugal,delicias de portugal,Retailers - other,"280 Wandsworth Road, London",SW8 2JR,Lambeth,-0.133161,51.474114,GROCER_BAKERY,VERIFIED_CANDIDATE
483541,Pret A Manger,pret a manger,Takeaway/sandwich shop,"21A St George Wharf, London",SW8 2LE,Lambeth,-0.125881,51.485545,BAKERY_CAFE,LOCATION_VERIFICATION
484644,Sainsbury's - Main Store,sainsbury s main store,Retailers - supermarkets/hypermarkets,"Sainsburys, 62 Wandsworth Road, London",SW8 2LF,Lambeth,-0.128248,51.481554,GROCER_BAKERY,SUPERMARKET_SUPPLEMENT
483106,Sainsbury's,sainsbury s,Retailers - supermarkets/hypermarkets,"646 - 650 Wandsworth Road, London",SW8 3SB,Lambeth,-0.150043,51.466486,GROCER_BAKERY,LOCATION_VERIFICATION
483862,Di Lieto,di lieto,Restaurant/Cafe/Canteen,"2A South Island Place, London",SW9 0DX,Lambeth,-0.113901,51.478482,BAKERY_CAFE,VERIFIED_CANDIDATE
483981,Price Cutter,price cutter,Retailers - other,"42 Clapham Road, London",SW9 0JQ,Lambeth,-0.114654,51.480131,GROCER_BAKERY,VERIFIED_CANDIDATE
483282,Delicatessen Serrana Ltd,delicatessen serrana ltd,Retailers - other,"Business, 224 Clapham Road, London",SW9 0PZ,Lambeth,-0.12102,51.474154,GROCER_BAKERY,VERIFIED_CANDIDATE
830139,Lidl,lidl,Retailers - supermarkets/hypermarkets,"189 Clapham Road, London",SW9 0QE,Lambeth,-0.120244,51.473395,GROCER_BAKERY,LOCATION_VERIFICATION
1689856,Rhoda Authentic,rhoda authentic,Restaurant/Cafe/Canteen,"56 Brixton Road, London",SW9 6BS,Lambeth,-0.1121672,51.4790931,BAKERY_CAFE,VERIFIED_CANDIDATE
1158838,Hank & Ginger,hank and ginger,Restaurant/Cafe/Canteen,"Cafe, Canterbury Court, 1 - 3 Brixton Road, London",SW9 6DE,Lambeth,-0.110264,51.48041,BAKERY_CAFE,VERIFIED_CANDIDATE
606760,Sainsbury's,sainsbury s,Retailers - supermarkets/hypermarkets,"379 Brixton Road, London",SW9 7DE,Lambeth,-0.11396,51.464473,GROCER_BAKERY,LOCATION_VERIFICATION
946753,Brixton Blend,brixton blend,Restaurant/Cafe/Canteen,"8 Tunstall Road, London",SW9 8BN,Lambeth,-0.115408,51.462877,BAKERY_CAFE,VERIFIED_CANDIDATE
911506,Marks & Spencer,marks and spencer,Retailers - supermarkets/hypermarkets,"446 - 450 Brixton Road, London",SW9 8ED,Lambeth,-0.115554,51.463509,GROCER_BAKERY,LOCATION_VERIFICATION
1889458,Another Brother,another brother,Restaurant/Cafe/Canteen,"472 - 488 Brixton Road, London",SW9 8EH,Lambeth,-0.1155784,51.4623586,BAKERY_CAFE,LOCATION_VERIFICATION
1271648,Paula's Bakery,paula s bakery,Retailers - other,"Ground Floor, 516 Brixton Road, London",SW9 8EN,Lambeth,-0.116026,51.461511,CORE_BAKERY,VERIFIED_CANDIDATE
1015201,Pret A Manger,pret a manger,Retailers - supermarkets/hypermarkets,"417 Brixton Road, London",SW9 8HE,Lambeth,-0.114564001560211,51.4627456665039,BAKERY_CAFE,LOCATION_VERIFICATION
482997,Sainsbury's,sainsbury s,Retailers - supermarkets/hypermarkets,"425 Brixton Road, London",SW9 8HE,Lambeth,-0.114564,51.462747,GROCER_BAKERY,LOCATION_VERIFICATION
483011,Greggs,greggs,Retailers - other,"4 Electric Avenue, London",SW9 8JX,Lambeth,-0.114305,51.462401,BAKERY_CAFE,LOCATION_VERIFICATION
1080323,L'Atelier Patisserie,l atelier patisserie,Restaurant/Cafe/Canteen,"29 Market Row, London",SW9 8LB,Lambeth,-0.1133028,51.4620342,CORE_BAKERY,VERIFIED_CANDIDATE
1424407,Ma Soda Ltd,ma soda ltd,Retailers - other,"Unit 17, Granville Arcade, Coldharbour Lane, London",SW9 8PR,Lambeth,-0.111819,51.46263,GROCER_BAKERY,VERIFIED_CANDIDATE
1752801,Brewgels,brewgels,Restaurant/Cafe/Canteen,"Unit 66, Granville Arcade, Coldharbour Lane, London",SW9 8PS,Lambeth,-0.1118753,51.4625006,BAKERY_CAFE,VERIFIED_CANDIDATE
1663463,Irene,irene,Restaurant/Cafe/Canteen,"77 - 78 Granville Arcade, Coldharbour Lane, London",SW9 8PS,Lambeth,-0.111819,51.462631,CORE_BAKERY,LOCATION_VERIFICATION
1271647,Iya Ibadan,iya ibadan,Retailers - other,"Unit 69, Granville Arcade, Coldharbour Lane, London",SW9 8PS,Lambeth,-0.111781999468803,51.4626197814941,GROCER_BAKERY,VERIFIED_CANDIDATE
1928272,Grey Diamonds Bakery And Takeaway,grey diamonds bakery and takeaway,Takeaway/sandwich shop,"Ground Floor, 67 Atlantic Road, London",SW9 8PU,Lambeth,-0.111117,51.4612795,CORE_BAKERY,VERIFIED_CANDIDATE
955664,Parissi,parissi,Restaurant/Cafe/Canteen,"76 Atlantic Road, London",SW9 8PX,Lambeth,-0.111264,51.460733,BAKERY_CAFE,VERIFIED_CANDIDATE
508083,Payless Food & Wine,payless food and wine,Retailers - other,"Shop, 324 Coldharbour Lane, London",SW9 8QH,Lambeth,-0.108348,51.463024,GROCER_BAKERY,LOCATION_VERIFICATION
484011,Loco,loco,Retailers - other,"233 Coldharbour Lane, London",SW9 8RR,Lambeth,-0.102966,51.465042,GROCER_BAKERY,VERIFIED_CANDIDATE
483989,Greggs,greggs,Retailers - other,"312 Clapham Road, London",SW9 9AE,Lambeth,-0.124601,51.4711,BAKERY_CAFE,LOCATION_VERIFICATION
942309,Sainsbury's,sainsbury s,Retailers - supermarkets/hypermarkets,"314 - 318 Clapham Road, London",SW9 9AE,Lambeth,-0.124601,51.4711,GROCER_BAKERY,LOCATION_VERIFICATION
942310,Sainsbury's,sainsbury s,Retailers - supermarkets/hypermarkets,"399 - 407 Clapham Road, London",SW9 9BT,Lambeth,-0.128219,51.466769,GROCER_BAKERY,LOCATION_VERIFICATION
1797952,Bits & Bobs Bakery,bits and bobs bakery,Takeaway/sandwich shop,"92 - 96 Stockwell Road, London",SW9 9HR,Lambeth,-0.1194197,51.4687242,BAKERY_CAFE,VERIFIED_CANDIDATE
1904832,OPO Bakery - Slab City,opo bakery slab city,Restaurant/Cafe/Canteen,"76 Landor Road, London",SW9 9PH,Lambeth,-0.1257055,51.4657133,CORE_BAKERY,VERIFIED_CANDIDATE
484472,Ilha Dourada,ilha dourada,Restaurant/Cafe/Canteen,"65 Stockwell Road, London",SW9 9QA,Lambeth,-0.119993,51.470073,BAKERY_CAFE,VERIFIED_CANDIDATE
484478,Funchal Bakery,funchal bakery,Retailers - other,"141 - 143 Stockwell Road, London",SW9 9TN,Lambeth,-0.1171221,51.4671765,BAKERY_CAFE,VERIFIED_CANDIDATE
484477,O'Cantinho De Portugal,o cantinho de portugal,Restaurant/Cafe/Canteen,"135-137 Stockwell Road, London",SW9 9TN,Lambeth,-0.117414,51.467307,BAKERY_CAFE,VERIFIED_CANDIDATE
981448,Lulu's & Llewelyn's,lulu s and llewelyn s,Restaurant/Cafe/Canteen,"291- 295  Railton Road, London, SE24",,Lambeth,-0.1027966,51.4532854,BAKERY_CAFE,VERIFIED_CANDIDATE
1094396,Mark & Spencer,mark and spencer,Retailers - supermarkets/hypermarkets,"Unit 1C Building 1 Southbank Place, London, SE1",,Lambeth,-0.0812688,51.5053361,GROCER_BAKERY,VERIFIED_CANDIDATE
1755670,Greggs,greggs,Restaurant/Cafe/Canteen,"439A Bromley Road, London",BR1 4PH,Lewisham,-0.00417,51.425209,CORE_BAKERY,LOCATION_VERIFICATION
1599843,BP Service Station,bp service station,Retailers - other,"411 Bromley Road, London",BR1 4PJ,Lewisham,-0.0076756,51.4267247,GROCER_BAKERY,LOCATION_VERIFICATION
1598879,Costcutter,costcutter,Retailers - other,"427 Bromley Road, London",BR1 4PJ,Lewisham,-0.005587,51.426016,GROCER_BAKERY,LOCATION_VERIFICATION
1804103,Cakes and Bakes,cakes and bakes,Retailers - other,"450 Bromley Road, London",BR1 4PP,Lewisham,-0.004674,51.424849,CORE_BAKERY,LOCATION_VERIFICATION
1872207,Sara Euromarket,sara euromarket,Retailers - other,"Sara East European Market, 497 Bromley Road, London",BR1 4PQ,Lewisham,-0.0029794,51.4235783,GROCER_BAKERY,VERIFIED_CANDIDATE
1598694,Sponge Kitchens Ltd,sponge kitchens ltd,Restaurant/Cafe/Canteen,"473 Bromley Road, London",BR1 4PQ,Lewisham,-0.003177,51.423888,CORE_BAKERY,VERIFIED_CANDIDATE
1599205,Sainsbury's,sainsbury s,Retailers - supermarkets/hypermarkets,"Sainsburys Supermarket, 342 Baring Road, London",SE12 0DU,Lewisham,0.021009,51.432826,GROCER_BAKERY,LOCATION_VERIFICATION
1600414,Milk,milk,Restaurant/Cafe/Canteen,"MILK, 164 Manor Lane, London",SE12 8LP,Lewisham,0.0054541,51.4516091,BAKERY_CAFE,VERIFIED_CANDIDATE
1933505,PAPERONE LTD,paperone ltd,Retailers - other,"Paperone Ltd (Londis), 120 Burnt Ash Road, London",SE12 8PU,Lewisham,0.012276,51.4506199,GROCER_BAKERY,VERIFIED_CANDIDATE
1598603,J Sainsbury plc,j sainsbury plc,Retailers - supermarkets/hypermarkets,"Sainsbury's, 14 Burnt Ash Road, London",SE12 8PZ,Lewisham,0.0101157,51.4561606,GROCER_BAKERY,VERIFIED_CANDIDATE
1916768,Morrisons Daily,morrisons daily,Retailers - other,"125 Burnt Ash Road, London",SE12 8RA,Lewisham,0.012632,51.451082,GROCER_BAKERY,LOCATION_VERIFICATION
1848533,Pret A Manger,pret a manger,Restaurant/Cafe/Canteen,"Unit A2, River Mill 2, Station Road, London",SE13 5FQ,Lewisham,,,BAKERY_CAFE,LOCATION_VERIFICATION
1599502,NISA LOCAL,nisa local,Retailers - other,"2-6 Staplehurst Road, London",SE13 5NB,Lewisham,-0.000162,51.45309,GROCER_BAKERY,LOCATION_VERIFICATION
1599626,Sainsbury's Supermarkets Ltd,sainsbury s supermarkets ltd,Retailers - supermarkets/hypermarkets,"Sainsbury's Supermarket Ltd, Sainsbury Local, 9 Staplehurst Road, London",SE13 5ND,Lewisham,-0.0010649,51.4529523,GROCER_BAKERY,LOCATION_VERIFICATION
1599117,La Fontaine,la fontaine,Retailers - other,"69 Lee High Road, London",SE13 5NS,Lewisham,-0.006566,51.461707,BAKERY_CAFE,VERIFIED_CANDIDATE
1787344,Quick Shopping,quick shopping,Retailers - other,"262 Lee High Road, London",SE13 5PL,Lewisham,0.000447,51.458449,GROCER_BAKERY,VERIFIED_CANDIDATE
1599197,Lidl,lidl,Retailers - supermarkets/hypermarkets,"104-120 Lee High Road, London",SE13 5PR,Lewisham,-0.0054407,51.4605448,GROCER_BAKERY,LOCATION_VERIFICATION
1600948,The Corner Shop,the corner shop,Retailers - other,"23 Brandram Road, London",SE13 5RT,Lewisham,0.001322,51.45936,GROCER_BAKERY,LOCATION_VERIFICATION
1599294,Pistachios in the Park,pistachios in the park,Restaurant/Cafe/Canteen,"Pistachios In The Park, Manor House Gardens, Manor Lane, London",SE13 5TA,Lewisham,,,BAKERY_CAFE,LOCATION_VERIFICATION
1598920,Antonio Delicatessen,antonio delicatessen,Retailers - other,"23 Lewis Grove, London",SE13 6BG,Lewisham,-0.00947,51.461792,GROCER_BAKERY,VERIFIED_CANDIDATE
1598790,Greggs,greggs,Retailers - other,"114 Lewisham High Street, London",SE13 6JG,Lewisham,-0.010786,51.461985,CORE_BAKERY,LOCATION_VERIFICATION
1755669,Greggs,greggs,Restaurant/Cafe/Canteen,"114 Lewisham High Street, London",SE13 6JG,Lewisham,-0.010786,51.461985,CORE_BAKERY,LOCATION_VERIFICATION
1720409,Marks & Spencer,marks and spencer,Retailers - other,"122-126 Lewisham High Street, Hither Green, London",SE13 6JG,Lewisham,-0.010786,51.461985,GROCER_BAKERY,SUPERMARKET_SUPPLEMENT
1598633,Marks and Spencer,marks and spencer,Restaurant/Cafe/Canteen,"Marks & Spencer, 122-126 Lewisham High Street, Hither Green, London",SE13 6JG,Lewisham,-0.0113371,51.4620029,BAKERY_CAFE,LOCATION_VERIFICATION
1598637,H Hirst & Sons,h hirst and sons,Retailers - other,"350 Lewisham High Street, Hither Green, London",SE13 6LE,Lewisham,-0.015243,51.456143,CORE_BAKERY,VERIFIED_CANDIDATE
1599967,Muffin Break Lewisham Hospital,muffin break lewisham hospital,Restaurant/Cafe/Canteen,"University Hospital Lewisham, 390-396 Lewisham High Street, London",SE13 6LQ,Lewisham,-0.0170768,51.4524687,BAKERY_CAFE,VERIFIED_CANDIDATE
1636169,Pret,pret,Takeaway/sandwich shop,"PRET A MANGER, 357-361 Lewisham High Street, London",SE13 6NZ,Lewisham,-0.0161307,51.4520481,BAKERY_CAFE,LOCATION_VERIFICATION
1600669,Ed Baker,ed baker,Retailers - other,"38-40 Campshill Road, London",SE13 6QT,Lewisham,-0.0107435,51.4557878,CORE_BAKERY,VERIFIED_CANDIDATE
1600734,Le Delice Bakery,le delice bakery,Retailers - other,"Le D?lice Bakery, 232 Hither Green Lane, London",SE13 6RT,Lewisham,-0.0059301,51.4503013,CORE_BAKERY,VERIFIED_CANDIDATE
1599494,Rumbles,rumbles,Restaurant/Cafe/Canteen,"259 Algernon Road, London",SE13 7AG,Lewisham,-0.019506,51.45743,CORE_BAKERY,VERIFIED_CANDIDATE
1599461,Sainsbury's,sainsbury s,Retailers - supermarkets/hypermarkets,"Sainsbury Local, 53 Loampit Vale, London",SE13 7DJ,Lewisham,-0.0154216,51.4644192,GROCER_BAKERY,LOCATION_VERIFICATION
1599187,Costa Ltd,costa ltd,Restaurant/Cafe/Canteen,"Unit 41a, Lewisham Shopping Centre, Hither Green, London",SE13 7EP,Lewisham,-0.0118895,51.4625428,BAKERY_CAFE,LOCATION_VERIFICATION
1755671,Greggs,greggs,Restaurant/Cafe/Canteen,"Unit 13, Lewisham Shopping Centre, Hither Green, London",SE13 7EP,Lewisham,-0.0121569,51.4610276,BAKERY_CAFE,LOCATION_VERIFICATION
1598844,Greggs South East,greggs south east,Retailers - other,"Greggs Unit 13, Lewisham Shopping Centre, Hither Green, London",SE13 7EP,Lewisham,-0.0117175,51.4617931,CORE_BAKERY,LOCATION_VERIFICATION
1600765,Muffin Break,muffin break,Restaurant/Cafe/Canteen,"Unit 74, Lewisham Shopping Centre, London",SE13 7EP,Lewisham,-0.0120681,51.4617455,BAKERY_CAFE,LOCATION_VERIFICATION
1598650,Sainsbury's Supermarkets Ltd.,sainsbury s supermarkets ltd,Retailers - supermarkets/hypermarkets,"Sainsbury's Central Square, Lewisham Shopping Centre, Molesworth Street, Ladywell",SE13 7HB,Lewisham,-0.0123308,51.4623255,GROCER_BAKERY,LOCATION_VERIFICATION
1848542,Shazan,shazan,Retailers - other,"Tesco Superstore, 290-290a Lewisham Road, London",SE13 7PA,Lewisham,-0.01268,51.466549,GROCER_BAKERY,LOCATION_VERIFICATION
1598629,Tesco,tesco,Retailers - supermarkets/hypermarkets,"Tesco Superstore, 290-290a Lewisham Road, Ladywell, London",SE13 7PA,Lewisham,-0.0131982,51.4672143,GROCER_BAKERY,SUPERMARKET_SUPPLEMENT
1600226,Costa Limited,costa limited,Restaurant/Cafe/Canteen,"Lewisham Railway Station, Junction Approach, Ladywell, London",SE13 7RY,Lewisham,-0.01402,51.465736,BAKERY_CAFE,LOCATION_VERIFICATION
1599600,Asda Stores Ltd,asda stores ltd,Retailers - supermarkets/hypermarkets,"Asda Stores Unit 1 and 2, Thurston Point, Thurston Road, London",SE13 7SD,Lewisham,-0.0143678,51.464815,GROCER_BAKERY,LOCATION_VERIFICATION
1599043,Spalding & Sparrow (Londis),spalding and sparrow londis,Retailers - other,"61 Loampit Hill, London",SE13 7SZ,Lewisham,-0.022416,51.46702,GROCER_BAKERY,VERIFIED_CANDIDATE
1599301,Le Delice,le delice,Restaurant/Cafe/Canteen,"38 Ladywell Road, Ladywell, London",SE13 7UZ,Lewisham,-0.020211,51.456434,BAKERY_CAFE,LOCATION_VERIFICATION
1704545,Budgens,budgens,Retailers - other,"Williamson House, 47 Pomeroy Street, London",SE14 5BG,Lewisham,-0.0525212,51.4755993,GROCER_BAKERY,LOCATION_VERIFICATION
1704541,Awake Coffee & Bakery,awake coffee and bakery,Restaurant/Cafe/Canteen,"161 New Cross Road, London",SE14 5DG,Lewisham,-0.046314999461174,51.4748573303223,BAKERY_CAFE,VERIFIED_CANDIDATE
1599868,One Stop,one stop,Retailers - other,"167 - 169 New Cross Road, London",SE14 5DG,Lewisham,-0.0464378,51.4750753,GROCER_BAKERY,LOCATION_VERIFICATION
1704556,Juanchito,juanchito,Restaurant/Cafe/Canteen,"La Placita Mall, 149 New Cross Road, London",SE14 5DJ,Lewisham,,,BAKERY_CAFE,VERIFIED_CANDIDATE
1928327,Juanchito,juanchito,Restaurant/Cafe/Canteen,"Unit 11-12, 149 New Cross Road, London",SE14 5DJ,Lewisham,-0.0467465,51.4756021,BAKERY_CAFE,LOCATION_VERIFICATION
1811290,Totus Latin Shop,totus latin shop,Retailers - other,"Tottus Latin Shop Ltd, Ground Floor, 133 New Cross Road, London",SE14 5DJ,Lewisham,-0.0473632,51.475999,GROCER_BAKERY,VERIFIED_CANDIDATE
1599142,Purns Ltd,purns ltd,Retailers - other,"Costcutters, 4-6 Wild Goose Drive, London",SE14 5LL,Lewisham,-0.051219,51.4730416,GROCER_BAKERY,VERIFIED_CANDIDATE
1599063,Cafe Boulangerie,cafe boulangerie,Restaurant/Cafe/Canteen,"Ground Floor Unit, 258 New Cross Road, London",SE14 5PL,Lewisham,-0.0408415,51.4746132,BAKERY_CAFE,VERIFIED_CANDIDATE
1924694,Focaccia Mia Ltd,focaccia mia ltd,Retailers - other,"Unit, 9 Block C Juno Enterprise Centre, Juno Way, London",SE14 5RW,Lewisham,-0.0461542,51.4837308,BAKERY_CAFE,VERIFIED_CANDIDATE
1880956,B&M Retail Ltd,b and m retail ltd,Retailers - other,"B&M Unit 2, New Cross Gate Retail Park, New Cross Road, London",SE14 5UQ,Lewisham,-0.0421935,51.475661,GROCER_BAKERY,LOCATION_VERIFICATION
1598703,J Sainsbury PLC,j sainsbury plc,Retailers - supermarkets/hypermarkets,"Sainsbury's, Sainsbury New Cross Gate Retail Park, New Cross Road, London",SE14 5UQ,Lewisham,-0.0423529,51.4773183,GROCER_BAKERY,LOCATION_VERIFICATION
1600844,Starbucks Coffee Company (UK) Limited,starbucks coffee company uk limited,Restaurant/Cafe/Canteen,"Starbucks Caffe Unit D Sainsbury, 263 New Cross Road, London",SE14 5UQ,Lewisham,-0.0411419,51.4749959,BAKERY_CAFE,LOCATION_VERIFICATION
1599250,Sainsbury's Supermarket Ltd,sainsbury s supermarket ltd,Retailers - supermarkets/hypermarkets,"Sainsbury's, Ground Floor Unit, 33-35 Lewisham Way, London",SE14 6PP,Lewisham,-0.0347715,51.4751231,GROCER_BAKERY,LOCATION_VERIFICATION
1599590,Two Spoons,two spoons,Restaurant/Cafe/Canteen,"72 Honor Oak Park, London",SE23 1DY,Lewisham,-0.043281,51.449457,BAKERY_CAFE,VERIFIED_CANDIDATE
1770847,Sainsbury's Local,sainsbury s local,Retailers - other,"55-59 Honor Oak Park, Crofton Park, London",SE23 1EA,Lewisham,-0.044588,51.4492978,GROCER_BAKERY,LOCATION_VERIFICATION
1600107,"MK Convenience Store Ltd.,",mk convenience store ltd,Retailers - other,"Ground Floor Unit, 137-139 Stanstead Road, Catford, London",SE23 1HH,Lewisham,-0.0464342,51.442458,GROCER_BAKERY,VERIFIED_CANDIDATE
1770963,Greggs,greggs,Takeaway/sandwich shop,"Greggs (MFG Forest Hill Service Station), 163-171 Stanstead Road, Catford, London",SE23 1HP,Lewisham,-0.0446843,51.4426626,BAKERY_CAFE,LOCATION_VERIFICATION
1690109,Marchetti,marchetti,Restaurant/Cafe/Canteen,"315 Stanstead Road, Catford, London",SE23 1JB,Lewisham,-0.035072,51.442548,BAKERY_CAFE,LOCATION_VERIFICATION
1600621,Marvellous Beans and Greens,marvellous beans and greens,Retailers - other,"72 Brockley Rise, London",SE23 1LN,Lewisham,-0.0407436,51.4479925,GROCER_BAKERY,VERIFIED_CANDIDATE
1599933,RISE ( Rise London Ltd),rise rise london ltd,Restaurant/Cafe/Canteen,"108 Brockley Rise, London",SE23 1NH,Lewisham,-0.038921,51.449429,BAKERY_CAFE,VERIFIED_CANDIDATE
1600496,Glorious Food and Wine,glorious food and wine,Retailers - other,"12 Perry Vale, Forest Hill, London",SE23 2LD,Lewisham,-0.051924,51.439798,GROCER_BAKERY,VERIFIED_CANDIDATE
1636092,Pantry,pantry,Retailers - other,"14 Perry Vale, London",SE23 2LD,Lewisham,-0.0520454,51.4397726,GROCER_BAKERY,VERIFIED_CANDIDATE
1959665,ConviMart,convimart,Retailers - other,"9A Perry Vale, London",SE23 2NE,Lewisham,-0.0515929,51.4395852,GROCER_BAKERY,VERIFIED_CANDIDATE
1745875,Canvas & Cream,canvas and cream,Restaurant/Cafe/Canteen,"18 London Road, London",SE23 3HF,Lewisham,-0.055549,51.439823,BAKERY_CAFE,VERIFIED_CANDIDATE
1636300,Sainsbury's Forest Hill,sainsbury s forest hill,Retailers - other,"34-48 London Road, London",SE23 3HF,Lewisham,-0.0555259,51.4398125,GROCER_BAKERY,VERIFIED_CANDIDATE
1770958,Colicci,colicci,Restaurant/Cafe/Canteen,"Horniman Museum, 100 London Road, London",SE23 3PQ,Lewisham,-0.060774,51.441141,BAKERY_CAFE,LOCATION_VERIFICATION
1787331,Henwen's,henwen s,Retailers - other,"49, London Road, London",SE23 3TY,Lewisham,-0.0562657,51.4396719,GROCER_BAKERY,VERIFIED_CANDIDATE
1906214,One Stop,one stop,Retailers - other,"20-22 Dartmouth Road, London",SE23 3XU,Lewisham,-0.0546868,51.4382248,GROCER_BAKERY,LOCATION_VERIFICATION
1600109,The Moustache,the moustache,Restaurant/Cafe/Canteen,"99 Kirkdale, London",SE26 4BL,Lewisham,-0.0606855,51.4324788,BAKERY_CAFE,VERIFIED_CANDIDATE
1600265,Aldi Stores Ltd,aldi stores ltd,Retailers - supermarkets/hypermarkets,"Unit 1 And 2, Bell Green Retail Park, Bell Green, London",SE26 4PR,Lewisham,-0.0325479991734028,51.4319648742676,GROCER_BAKERY,LOCATION_VERIFICATION
1599370,Costa Ltd,costa ltd,Restaurant/Cafe/Canteen,"COSTA Ltd Next Unit 4, Bell Green Retail Park, Bell Green, London",SE26 4PR,Lewisham,-0.0337294,51.4310413,BAKERY_CAFE,LOCATION_VERIFICATION
1598719,Sainsburys,sainsburys,Retailers - supermarkets/hypermarkets,"Sainsbury's Sava Centre, Southend Lane, Bellingham, London",SE26 4PU,Lewisham,,,GROCER_BAKERY,LOCATION_VERIFICATION
1924682,Sainsburys,sainsburys,Retailers - supermarkets/hypermarkets,"313 - 315 Kirkdale, London",SE26 4QB,Lewisham,-0.0555648,51.4270342,GROCER_BAKERY,LOCATION_VERIFICATION
1600730,Kirkdale Convenience,kirkdale convenience,Retailers - other,"297 Kirkdale, London",SE26 4QD,Lewisham,-0.056806,51.428189,GROCER_BAKERY,VERIFIED_CANDIDATE
955811,Sydenham Service Station,sydenham service station,Retailers - other,"277-283 Kirkdale, London",SE26 4QD,Lewisham,-0.0563809,51.4278031,GROCER_BAKERY,VERIFIED_CANDIDATE
1705434,Paro International food Store Ltd,paro international food store ltd,Retailers - other,"Paro International Food Store Ltd, 107 Kirkdale, London",SE26 4QJ,Lewisham,-0.0602593,51.4320132,GROCER_BAKERY,VERIFIED_CANDIDATE
1957002,Doma,doma,Restaurant/Cafe/Canteen,"172 Dartmouth Road, London",SE26 4QZ,Lewisham,-0.060339,51.432744,BAKERY_CAFE,VERIFIED_CANDIDATE
1848544,Londis Sydenham,londis sydenham,Retailers - other,"268 Kirkdale, London",SE26 4RS,Lewisham,-0.055653,51.426533,GROCER_BAKERY,VERIFIED_CANDIDATE
1938248,Home Park Convenience,home park convenience,Retailers - other,"307 Sydenham Road, London",SE26 5EW,Lewisham,-0.040304,51.427555,GROCER_BAKERY,VERIFIED_CANDIDATE
1598792,Lidl UK Gmbh,lidl uk gmbh,Retailers - supermarkets/hypermarkets,"Lidl, 106-112 Sydenham Road, London",SE26 5JX,Lewisham,-0.0481187,51.4252197,GROCER_BAKERY,LOCATION_VERIFICATION
1848545,The Divine Heart - Divine Doggy Caf?,the divine heart divine doggy caf,Restaurant/Cafe/Canteen,"The Divine Heart Space  - Divine Doggy Caf?, 80 Sydenham Road, London",SE26 5JX,Lewisham,-0.0493244,51.4256175,BAKERY_CAFE,VERIFIED_CANDIDATE
1600800,Blackbird Bakery Limited,blackbird bakery limited,Retailers - other,"Ground Floor Unit, 109 Sydenham Road, London",SE26 5UA,Lewisham,-0.0493518,51.4259867,CORE_BAKERY,LOCATION_VERIFICATION
1755675,Greggs,greggs,Restaurant/Cafe/Canteen,"28 Tranquil Vale, Blackheath, London",SE3 0AX,Lewisham,0.009024,51.46627,BAKERY_CAFE,LOCATION_VERIFICATION
1598688,Greggs South East,greggs south east,Retailers - other,"Greggs, 28 Tranquil Vale, Blackheath, London",SE3 0AX,Lewisham,0.0089613,51.4662613,CORE_BAKERY,LOCATION_VERIFICATION
1636144,Morrisons Daily,morrisons daily,Retailers - other,"20 Tranquil Vale, Blackheath, London",SE3 0AX,Lewisham,0.009024,51.46627,GROCER_BAKERY,LOCATION_VERIFICATION
1598826,Boulangerie Jade,boulangerie jade,Restaurant/Cafe/Canteen,"44 Tranquil Vale, Blackheath, London",SE3 0BD,Lewisham,0.008095,51.466744,CORE_BAKERY,LOCATION_VERIFICATION
1599130,Best One,best one,Retailers - other,"11 Tranquil Vale, Blackheath, London",SE3 0BU,Lewisham,0.008061,51.466304,GROCER_BAKERY,LOCATION_VERIFICATION
1598746,Costa Limited,costa limited,Restaurant/Cafe/Canteen,"41 Tranquil Vale, Blackheath, London",SE3 0BU,Lewisham,0.008061,51.466304,BAKERY_CAFE,LOCATION_VERIFICATION
1599031,La Petite Boulangerie Jade,la petite boulangerie jade,Restaurant/Cafe/Canteen,"28A Blackheath Village, Blackheath, London",SE3 9SY,Lewisham,0.008798,51.46505,CORE_BAKERY,VERIFIED_CANDIDATE
1599243,Pistachios Hilly Fields,pistachios hilly fields,Restaurant/Cafe/Canteen,"PISTACHIOS HILLY FIELDS, Hilly Fields, Eastern Road, London",SE4 1LB,Lewisham,,,BAKERY_CAFE,VERIFIED_CANDIDATE
1599925,R & A Food  and Wine Ltd,r and a food and wine ltd,Retailers - other,"227 Lewisham Way, London",SE4 1UY,Lewisham,-0.028785,51.470571,GROCER_BAKERY,VERIFIED_CANDIDATE
1720379,Doorstep Bakery,doorstep bakery,Takeaway/sandwich shop,"23 Brockley Cross, London",SE4 2AB,Lewisham,-0.036165,51.465372,CORE_BAKERY,VERIFIED_CANDIDATE
1731892,DREAM STORY,dream story,Restaurant/Cafe/Canteen,"Dream Story Coffee, Ground Floor Unit, 361 Brockley Road, London",SE4 2AG,Lewisham,-0.0360857,51.4559058,BAKERY_CAFE,VERIFIED_CANDIDATE
1599469,Fred's London Ltd,fred s london ltd,Restaurant/Cafe/Canteen,"Fred's, 358 Brockley Road, London",SE4 2BY,Lewisham,-0.0374052,51.4550321,BAKERY_CAFE,VERIFIED_CANDIDATE
1599421,Jones of Brockley Limited,jones of brockley limited,Retailers - other,"Ground Floor Unit, 354 Brockley Road, London",SE4 2BY,Lewisham,-0.0373056,51.4551056,GROCER_BAKERY,VERIFIED_CANDIDATE
1599029,Budgens,budgens,Retailers - supermarkets/hypermarkets,"Jays Budgens Of Crofton Park, 400-406 Brockley Road, London",SE4 2DH,Lewisham,-0.0382828,51.4536978,GROCER_BAKERY,LOCATION_VERIFICATION
1866472,JAYS BUDGENS OF CROFTON PARK,jays budgens of crofton park,Retailers - other,"Jays Budgens Of Crofton Park, 400-406 Brockley Road, London",SE4 2DH,Lewisham,-0.0382828,51.4536978,GROCER_BAKERY,VERIFIED_CANDIDATE
1600524,Good As Gold London Ltd,good as gold london ltd,Restaurant/Cafe/Canteen,"209-211 Mantle Road, London",SE4 2EW,Lewisham,-0.039098,51.463784,BAKERY_CAFE,VERIFIED_CANDIDATE
1599317,Sainsburys,sainsburys,Retailers - supermarkets/hypermarkets,"Sainsbury's, 209-211 Mantle Road, London",SE4 2EW,Lewisham,-0.0390071,51.4639387,GROCER_BAKERY,LOCATION_VERIFICATION
1600018,SPAR,spar,Retailers - supermarkets/hypermarkets,"Spar Convenience Store, 4 Mantle Road, London",SE4 2EX,Lewisham,-0.0378061,51.4648141,GROCER_BAKERY,SUPERMARKET_SUPPLEMENT
1599700,Co-operative Group Food Ltd,co operative group food ltd,Retailers - supermarkets/hypermarkets,"Co-Operative Retail Services Ltd, 383 Brockley Road, London",SE4 2PH,Lewisham,-0.03713157,51.45483436,GROCER_BAKERY,LOCATION_VERIFICATION
1600121,Best One,best one,Retailers - other,"305-307 Brockley Road, London",SE4 2QZ,Lewisham,-0.033665,51.459556,GROCER_BAKERY,LOCATION_VERIFICATION
955767,Co-Operative,co operative,Retailers - supermarkets/hypermarkets,"294 - 296 Brockley Road, Crofton Park, London",SE4 2RA,Lewisham,-0.0342051,51.4591601,GROCER_BAKERY,LOCATION_VERIFICATION
1599523,Sainsbury's Local,sainsbury s local,Retailers - supermarkets/hypermarkets,"Sainsbury's, Sainsburys Supermarket Ltd Langtry Court, 180 Brockley Road, London",SE4 2RR,Lewisham,-0.0367103,51.4645169,GROCER_BAKERY,LOCATION_VERIFICATION
1599501,SALTHOUSE BOTTLES,salthouse bottles,Retailers - other,"Salthouse Bottles, 12 Coulgate Street, London",SE4 2RW,Lewisham,-0.0366008,51.4637147,GROCER_BAKERY,VERIFIED_CANDIDATE
1599002,The Broca,the broca,Restaurant/Cafe/Canteen,"3-4 Coulgate Street, London",SE4 2RW,Lewisham,-0.0368378,51.464564,BAKERY_CAFE,VERIFIED_CANDIDATE
1600030,Kouttone,kouttone,Other catering premises,,SE6 ,Lewisham,,,CORE_BAKERY,VERIFIED_CANDIDATE
1739258,Greggs,greggs,Restaurant/Cafe/Canteen,"The Cooperative Food, 205-209 Brownhill Road, London",SE6 1AA,Lewisham,-0.007427,51.4453071,GROCER_BAKERY,LOCATION_VERIFICATION
1662787,Rotec Catford,rotec catford,Retailers - other,"The Cooperative Food, 205-209 Brownhill Road, London",SE6 1AA,Lewisham,-0.007427,51.4453071,GROCER_BAKERY,VERIFIED_CANDIDATE
1598593,Newsagents,newsagents,Retailers - other,"Malcolms Newsagent/Londis, 89-93 Boundfield Road, London",SE6 1PH,Lewisham,0.0029635,51.434817,GROCER_BAKERY,VERIFIED_CANDIDATE
1600036,Shell Service Station,shell service station,Retailers - other,"Verdant Court, Verdant Lane, London",SE6 1TP,Lewisham,,,GROCER_BAKERY,LOCATION_VERIFICATION
1598757,Lidl,lidl,Retailers - supermarkets/hypermarkets,"Unit, 2B Catford Island, Plassy Road, London",SE6 2DD,Lewisham,-0.0188911,51.4444688,GROCER_BAKERY,LOCATION_VERIFICATION
1598769,TFC Catford Ltd,tfc catford ltd,Retailers - other,"163-165 Bromley Road, London",SE6 2NZ,Lewisham,-0.018,51.436694,GROCER_BAKERY,VERIFIED_CANDIDATE
1598875,Costcutter,costcutter,Retailers - other,"209-211 Bromley Road, London",SE6 2PG,Lewisham,-0.017376,51.434156,GROCER_BAKERY,LOCATION_VERIFICATION
1599624,B&M Retail Ltd,b and m retail ltd,Retailers - supermarkets/hypermarkets,"B&M, Unit 2 Bromley Retail Park, 124-138 Bromley Road, London",SE6 2QU,Lewisham,-0.0201064,51.4369983,GROCER_BAKERY,LOCATION_VERIFICATION
1872205,Pausa,pausa,Restaurant/Cafe/Canteen,"Pausa Cafe Dunelm, Unit 4 Bromley Retail Park, 124-138 Bromley Road, London",SE6 2QU,Lewisham,-0.0201064,51.4369983,BAKERY_CAFE,VERIFIED_CANDIDATE
1598697,Lidl,lidl,Retailers - other,"New Hereditament, 237-249 Southend Lane, London",SE6 3RS,Lewisham,-0.0264655,51.426323,GROCER_BAKERY,LOCATION_VERIFICATION
1693695,La Ciabatta,la ciabatta,Restaurant/Cafe/Canteen,"119 Rushey Green, London",SE6 4AA,Lewisham,-0.018456,51.446432,BAKERY_CAFE,VERIFIED_CANDIDATE
1745874,KAALI CONVENIENCE STORE LTD,kaali convenience store ltd,Retailers - other,"Kaali Convenience Store Ltd, 111 Rushey Green, London",SE6 4AF,Lewisham,-0.0182253,51.4468856,GROCER_BAKERY,VERIFIED_CANDIDATE
1599184,Tesco's,tesco s,Retailers - supermarkets/hypermarkets,"Tesco, The George, 1 Rushey Green, London",SE6 4AS,Lewisham,-0.0166638,51.4503754,GROCER_BAKERY,VERIFIED_CANDIDATE
1600040,Sainsburys Catford Station,sainsburys catford station,Retailers - supermarkets/hypermarkets,"Unit, 2 Grosvenor Court, Adenmore Road, London",SE6 4FD,Lewisham,-0.0256498,51.44464,GROCER_BAKERY,VERIFIED_CANDIDATE
1693703,Catford Express,catford express,Retailers - other,"Ground Floor Unit, 152 Rushey Green, London",SE6 4HQ,Lewisham,-0.0199191,51.4459879,GROCER_BAKERY,VERIFIED_CANDIDATE
1598755,Greggs Bakers,greggs bakers,Retailers - other,"136 Rushey Green, London",SE6 4HQ,Lewisham,-0.019907,51.44615,CORE_BAKERY,VERIFIED_CANDIDATE
1897525,Aldi Stores Limited,aldi stores limited,Retailers - supermarkets/hypermarkets,"Aldi Stores, Aldi, 42-52 Rushey Green, London",SE6 4JD,Lewisham,,,GROCER_BAKERY,LOCATION_VERIFICATION
1950753,Servesmiths,servesmiths,Restaurant/Cafe/Canteen,"28 Rushey Green, London",SE6 4JF,Lewisham,-0.0175232,51.4498054,BAKERY_CAFE,VERIFIED_CANDIDATE
1598665,Tesco,tesco,Retailers - supermarkets/hypermarkets,"14-21 Winslade Way, London",SE6 4JU,Lewisham,-0.020477,51.446277,GROCER_BAKERY,SUPERMARKET_SUPPLEMENT
1600682,Mr Beigel,mr beigel,Takeaway/sandwich shop,"8A Station Buildings, Catford Road, London",SE6 4QZ,Lewisham,-0.0232526,51.4447762,BAKERY_CAFE,VERIFIED_CANDIDATE
255064,Broadway Food and Wine,broadway food and wine,Retailers - other,"31 Catford Broadway, London",SE6 4SN,Lewisham,-0.021008,51.445665,GROCER_BAKERY,VERIFIED_CANDIDATE
1665587,Sam Grocers Ltd,sam grocers ltd,Retailers - other,"10-12 Holbeach Road, London",SE6 4TW,Lewisham,-0.020511,51.447159,GROCER_BAKERY,VERIFIED_CANDIDATE
1600462,Tugaliciouz,tugaliciouz,Other catering premises,,SE8 ,Lewisham,,,BAKERY_CAFE,VERIFIED_CANDIDATE
1840424,Intervallo,intervallo,Takeaway/sandwich shop,"INTERVALLO, Ground Floor Unit, 205 Deptford High Street, London",SE8 3NT,Lewisham,-0.026553,51.4806954,BAKERY_CAFE,VERIFIED_CANDIDATE
1600645,Tonys Daily,tonys daily,Retailers - other,"Ground Floor Unit, 144 Deptford High Street, London",SE8 3PQ,Lewisham,-0.0258415,51.4791637,GROCER_BAKERY,VERIFIED_CANDIDATE
255434,Gayatri Supermarket,gayatri supermarket,Retailers - other,"3-4 Golden Hind Place, Grove Street, London",SE8 3QG,Lewisham,-0.0350041,51.4894707,GROCER_BAKERY,VERIFIED_CANDIDATE
1712316,Gayatri Supermarket,gayatri supermarket,Retailers - other,"3-4 Golden Hind Place, Grove Street, London",SE8 3QG,Lewisham,-0.0350041,51.4894707,GROCER_BAKERY,LOCATION_VERIFICATION
1599431,Asda Stores Ltd,asda stores ltd,Retailers - supermarkets/hypermarkets,"5-9 Deptford High Street, London",SE8 4AD,Lewisham,-0.026197,51.475825,GROCER_BAKERY,LOCATION_VERIFICATION
1599283,London Agege Bread Bakers Ltd,london agege bread bakers ltd,Takeaway/sandwich shop,"London Agege Bread Bakers Limited, 32 Deptford High Street, London",SE8 4AF,Lewisham,-0.0256973,51.4758338,CORE_BAKERY,VERIFIED_CANDIDATE
1782420,ZE-ZE,ze ze,Restaurant/Cafe/Canteen,"Arch 7, 4 Market Yard, Deptford, London",SE8 4BX,Lewisham,-0.0269551,51.4783919,BAKERY_CAFE,VERIFIED_CANDIDATE
1967034,TOAD Bakery,toad bakery,Retailers - other,"125 Deptford High Street, London",SE8 4NS,Lewisham,-0.0262412,51.4782441,CORE_BAKERY,LOCATION_VERIFICATION
1731903,The Bakers Art,the bakers art,Retailers - other,"2A Creekside, London",SE8 4SA,Lewisham,-0.021965,51.476796,CORE_BAKERY,VERIFIED_CANDIDATE
1598695,LIDL,lidl,Retailers - supermarkets/hypermarkets,"Lidl, 0 Bestwood Street, London",SE8 5AB,Lewisham,,,GROCER_BAKERY,LOCATION_VERIFICATION
1599551,Lidl UK GMBH,lidl uk gmbh,Retailers - supermarkets/hypermarkets,"Lidl, 0 Bestwood Street, London",SE8 5AB,Lewisham,,,GROCER_BAKERY,LOCATION_VERIFICATION
1704532,Lidl,lidl,Retailers - supermarkets/hypermarkets,"159 Bestwood Street, London",SE8 5AW,Lewisham,-0.0439521,51.4897462,GROCER_BAKERY,LOCATION_VERIFICATION
1599517,The Pear Tree @ Greenland Place,the pear tree greenland place,Restaurant/Cafe/Canteen,"Unit D, Copenhagen Court, Yeoman Street, London",SE8 5ER,Lewisham,-0.0387255,51.4913675,BAKERY_CAFE,VERIFIED_CANDIDATE
1852771,Peche Mignon Londres,peche mignon londres,Restaurant/Cafe/Canteen,"80 Parkside Business Estate, Blackhorse Road, London",SE8 5HZ,Lewisham,-0.0364594,51.4854392,BAKERY_CAFE,VERIFIED_CANDIDATE
1720388,Sylva London,sylva london,Restaurant/Cafe/Canteen,"Deptford Park Cafe, Folkestone Gardens, Trundleys Road, London",SE8 5JE,Lewisham,-0.039991,51.4826926,BAKERY_CAFE,VERIFIED_CANDIDATE
703961,Sunshine Food and Wine,sunshine food and wine,Retailers - other,"378 Grove Road, Mitcham, Merton",CR4 1AB,Merton,-0.144668,51.4122527,GROCER_BAKERY,LOCATION_VERIFICATION
1109961,Lidl,lidl,Retailers - other,"23 Streatham Road, Mitcham, Merton",CR4 2AD,Merton,-0.1587444,51.4117402,GROCER_BAKERY,LOCATION_VERIFICATION
745132,Mieszko Food City,mieszko food city,Retailers - supermarkets/hypermarkets,"180 - 184 Streatham Road, Mitcham, Merton",CR4 2AF,Merton,-0.1523133,51.4169925,GROCER_BAKERY,SUPERMARKET_SUPPLEMENT
745119,TRMP,trmp,Retailers - other,"147 Streatham Road, Mitcham, Merton",CR4 2AG,Merton,-0.1540132,51.4149573,GROCER_BAKERY,VERIFIED_CANDIDATE
703957,Wheatsheaf,wheatsheaf,Retailers - other,"98 Church Road, Mitcham, Merton",CR4 3BW,Merton,-0.1767859,51.4060851,GROCER_BAKERY,VERIFIED_CANDIDATE
669658,Lidl,lidl,Retailers - supermarkets/hypermarkets,"Supermarket 9 - 17 Western Road, Mitcham, Merton",CR4 3ED,Merton,-0.1661896,51.4058457,GROCER_BAKERY,LOCATION_VERIFICATION
480258,Asda,asda,Retailers - supermarkets/hypermarkets,"Unit 1 James Estate Bond Road, Mitcham, Merton",CR4 3HG,Merton,-0.1682336,51.4074548,GROCER_BAKERY,SUPERMARKET_SUPPLEMENT
199941,Emmanuel Grocery,emmanuel grocery,Retailers - other,"13 Fair Green Parade London Road, Mitcham, Merton",CR4 3NA,Merton,,,GROCER_BAKERY,VERIFIED_CANDIDATE
232151,Greggs,greggs,Retailers - other,"11 Fair Green Parade London Road, Mitcham, Merton",CR4 3NA,Merton,-0.1644182,51.4052862,CORE_BAKERY,LOCATION_VERIFICATION
1030829,Pawelek Polish Food Ltd,pawelek polish food ltd,Retailers - other,"323 - 323A London Road, Mitcham, Merton",CR4 4BE,Merton,-0.1689726,51.4004885,GROCER_BAKERY,VERIFIED_CANDIDATE
552907,Tesco,tesco,Retailers - supermarkets/hypermarkets,"300 Beverley Way, New Malden, Merton",KT3 4PJ,Merton,-0.2403057,51.4023634,GROCER_BAKERY,SUPERMARKET_SUPPLEMENT
1638548,Pret A Manger,pret a manger,Restaurant/Cafe/Canteen,"Kingston Auto Centre Shannon Corner Malden Way, New Malden, Merton",KT3 6HF,Merton,,,BAKERY_CAFE,LOCATION_VERIFICATION
530983,Sima Bros,sima bros,Retailers - other,"347 West Barnes Lane, New Malden, Merton",KT3 6JF,Merton,-0.2380383,51.3950036,GROCER_BAKERY,VERIFIED_CANDIDATE
903137,Sainsbury's,sainsbury s,Retailers - supermarkets/hypermarkets,"198 - 202 Martin Way, Morden, Merton",SM4 4AJ,Merton,-0.2099578,51.4026972,GROCER_BAKERY,LOCATION_VERIFICATION
564626,Shell South Merton,shell south merton,Retailers - other,"262 Martin Way, Morden, Merton",SM4 4AW,Merton,-0.2137787,51.4035572,GROCER_BAKERY,VERIFIED_CANDIDATE
1743906,Lillie's In The Garden,lillie s in the garden,Restaurant/Cafe/Canteen,"Merton And Sutton Cemetery Garth Road, Morden, Merton",SM4 4NT,Merton,,,BAKERY_CAFE,VERIFIED_CANDIDATE
1288902,Metronome,metronome,Restaurant/Cafe/Canteen,"8 Crown Lane, Morden, Merton",SM4 5BL,Merton,-0.1955026,51.4018264,BAKERY_CAFE,VERIFIED_CANDIDATE
669665,Bulka Z Maslem,bulka z maslem,Retailers - other,"5 Morden Court Parade London Road, Morden, Merton",SM4 5HJ,Merton,-0.1964776,51.3999684,GROCER_BAKERY,VERIFIED_CANDIDATE
1078010,Instagrab Pretzel,instagrab pretzel,Restaurant/Cafe/Canteen,"11 - 13 London Road, Morden, Merton",SM4 5HT,Merton,-0.1964696,51.3994396,BAKERY_CAFE,VERIFIED_CANDIDATE
688277,Sainsbury's,sainsbury s,Retailers - supermarkets/hypermarkets,"Supermarket Peel House 34 - 44 London Road, Morden, Merton",SM4 5HT,Merton,-0.1931657,51.4030531,GROCER_BAKERY,SUPERMARKET_SUPPLEMENT
1868143,40 Cakes,40 cakes,Retailers - other,"25B Abbotsbury Road, Morden, Merton",SM4 5LJ,Merton,-0.1920154,51.4023932,CORE_BAKERY,VERIFIED_CANDIDATE
1030828,Global Food Store (Morden) Ltd.,global food store morden ltd,Retailers - other,"31 Abbotsbury Road, Morden, Merton",SM4 5LJ,Merton,-0.1921213,51.4022599,GROCER_BAKERY,VERIFIED_CANDIDATE
480276,Polonez Polish Delicatessen,polonez polish delicatessen,Retailers - other,"29 Abbotsbury Road, Morden, Merton",SM4 5LJ,Merton,-0.1920904,51.4023134,GROCER_BAKERY,VERIFIED_CANDIDATE
860675,Iceland,iceland,Retailers - supermarkets/hypermarkets,"37 Aberconway Road, Morden, Merton",SM4 5LN,Merton,-0.19310146,51.40153873,GROCER_BAKERY,LOCATION_VERIFICATION
578966,Lidl,lidl,Retailers - supermarkets/hypermarkets,"29 - 31 Aberconway Road, Morden, Merton",SM4 5LN,Merton,-0.1936931,51.401401,GROCER_BAKERY,LOCATION_VERIFICATION
801010,Sainsbury's,sainsbury s,Retailers - supermarkets/hypermarkets,"144 Central Road, Morden, Merton",SM4 5RL,Merton,-0.1937473,51.3953268,GROCER_BAKERY,LOCATION_VERIFICATION
958709,Londis Wandle,londis wandle,Retailers - other,"Wandle Service Station 4 Bishopsford Road, Morden, Merton",SM4 6AW,Merton,-0.174087,51.3948041,GROCER_BAKERY,VERIFIED_CANDIDATE
836748,Save Express,save express,Retailers - other,"Shop 297 Northborough Road, Streatham, London, Merton",SW16 4TR,Merton,-0.1363685,51.4042237,GROCER_BAKERY,VERIFIED_CANDIDATE
578964,Lidl,lidl,Retailers - supermarkets/hypermarkets,"216 Rowan Road, Streatham, London, Merton",SW16 5HX,Merton,-0.1389692,51.4112076,GROCER_BAKERY,LOCATION_VERIFICATION
1022850,Lidl,lidl,Retailers - supermarkets/hypermarkets,"Unit 1 Plough Lane Retail Park Plough Lane, Summerstown, Merton",SW17 0BW,Merton,-0.1843957,51.430985,GROCER_BAKERY,LOCATION_VERIFICATION
578970,Lidl,lidl,Retailers - supermarkets/hypermarkets,"14 London Road, Tooting, Merton",SW17 9HW,Merton,-0.1637975,51.4196781,GROCER_BAKERY,LOCATION_VERIFICATION
1931808,Il Mulino Bakery/Delicatessen / Luigi Cafe’,il mulino bakery delicatessen luigi cafe,Restaurant/Cafe/Canteen,"41 London Road, Tooting, Merton",SW17 9JR,Merton,,,BAKERY_CAFE,VERIFIED_CANDIDATE
1625246,Cocobeanz,cocobeanz,Restaurant/Cafe/Canteen,"Unit 1 2 Christchurch Road, Colliers Wood, Merton",SW18 2NX,Merton,,,BAKERY_CAFE,VERIFIED_CANDIDATE
958712,Sainsbury's,sainsbury s,Retailers - supermarkets/hypermarkets,"102 Haydons Road, Wimbledon, Merton",SW19 1AW,Merton,-0.1873332,51.4200905,GROCER_BAKERY,LOCATION_VERIFICATION
200008,Better Choice Food and Wine,better choice food and wine,Retailers - other,"188 Merton High Street, Colliers Wood, Merton",SW19 1AY,Merton,-0.1899031,51.4159613,GROCER_BAKERY,VERIFIED_CANDIDATE
480242,Marks & Spencer,marks and spencer,Retailers - supermarkets/hypermarkets,"1 Merton High Street, Colliers Wood, Merton",SW19 1DD,Merton,,,GROCER_BAKERY,LOCATION_VERIFICATION
455446,Sainsbury's,sainsbury s,Retailers - supermarkets/hypermarkets,"1 Merton High Street, Colliers Wood, Merton",SW19 1DD,Merton,,,GROCER_BAKERY,LOCATION_VERIFICATION
1931801,Merton Convenience LTD,merton convenience ltd,Retailers - other,"115 Merton Road, Wimbledon, Merton",SW19 1ED,Merton,-0.194208,51.4194227,GROCER_BAKERY,VERIFIED_CANDIDATE
1333027,Bonjour Brioche,bonjour brioche,Restaurant/Cafe/Canteen,"88 Quicks Road, Wimbledon, Merton",SW19 1EX,Merton,-0.1908922,51.4189747,BAKERY_CAFE,LOCATION_VERIFICATION
1013863,X O Chocolate,x o chocolate,Restaurant/Cafe/Canteen,"87 Quicks Road, Wimbledon, Merton",SW19 1EX,Merton,-0.1909978,51.4190464,BAKERY_CAFE,VERIFIED_CANDIDATE
585669,Sainsbury's,sainsbury s,Retailers - supermarkets/hypermarkets,"7 - 11 Kingston Road, Wimbledon, Merton",SW19 1JX,Merton,-0.1932921,51.4158796,GROCER_BAKERY,LOCATION_VERIFICATION
430966,La Bottega Del Pane,la bottega del pane,Restaurant/Cafe/Canteen,"171 Kingston Road, Wimbledon, Merton",SW19 1LH,Merton,-0.2011367,51.4148919,CORE_BAKERY,VERIFIED_CANDIDATE
1743901,Gails,gails,Restaurant/Cafe/Canteen,"33 The Broadway, Wimbledon, Merton",SW19 1QB,Merton,-0.2051686,51.419829,BAKERY_CAFE,LOCATION_VERIFICATION
455478,W M Morrisons Supermarket Limited,w m morrisons supermarket limited,Retailers - supermarkets/hypermarkets,"Supermarket 51 The Broadway, Wimbledon, Merton",SW19 1QD,Merton,-0.2043372,51.4195708,GROCER_BAKERY,VERIFIED_CANDIDATE
1583651,Tradicao,tradicao,Retailers - other,"30 The Broadway, Wimbledon, Merton",SW19 1RE,Merton,-0.2040185,51.4200756,GROCER_BAKERY,VERIFIED_CANDIDATE
1782346,Thrift Bakery,thrift bakery,Restaurant/Cafe/Canteen,"3 Broadway Court, Wimbledon, Merton",SW19 1RG,Merton,,,CORE_BAKERY,VERIFIED_CANDIDATE
1003642,Sainsbury's,sainsbury s,Retailers - supermarkets/hypermarkets,"120 The Broadway, Wimbledon, Merton",SW19 1RH,Merton,-0.199771,51.4193507,GROCER_BAKERY,LOCATION_VERIFICATION
200012,Tesco,tesco,Retailers - supermarkets/hypermarkets,"164 - 178 High Street Collier's Wood, Colliers Wood, Merton",SW19 2BN,Merton,-0.1782642,51.4187706,GROCER_BAKERY,SUPERMARKET_SUPPLEMENT
1905557,Chaaye Khana,chaaye khana,Restaurant/Cafe/Canteen,"3 Britannia Point 7 - 9 Christchurch Road, Colliers Wood, Merton",SW19 2FA,Merton,-0.1784015,51.4173856,BAKERY_CAFE,VERIFIED_CANDIDATE
1270475,Lidl,lidl,Retailers - other,"Unit 6 And 7 The Tandem Centre Tandem Way, Colliers Wood, Merton",SW19 2TY,Merton,-0.1781042,51.4135312,GROCER_BAKERY,LOCATION_VERIFICATION
375808,G S Minimarket,g s minimarket,Retailers - other,"114 Morden Road, Wimbledon, Merton",SW19 3BP,Merton,,,GROCER_BAKERY,VERIFIED_CANDIDATE
552903,Sainsbury's,sainsbury s,Retailers - supermarkets/hypermarkets,"8 - 12 Worple Road, Wimbledon, Merton",SW19 4DD,Merton,-0.2088689,51.4212925,GROCER_BAKERY,LOCATION_VERIFICATION
1654921,Bebeto,bebeto,Manufacturers/packers,"Swan Court 11-17 Worple Road, Wimbledon, Merton",SW19 4JS,Merton,-0.2095236,51.4218773,BAKERY_CAFE,VERIFIED_CANDIDATE
1712470,KAUAI Wimbledon,kauai wimbledon,Restaurant/Cafe/Canteen,"21 - 33 Worple Road, Wimbledon, Merton",SW19 4JS,Merton,,,BAKERY_CAFE,VERIFIED_CANDIDATE
1178061,Siena Co-operative Ltd trading as The Southern Co-operative,siena co operative ltd trading as the southern co operative,Retailers - other,"85 Ridgway, Wimbledon, Merton",SW19 4ST,Merton,-0.2201875,51.4210246,GROCER_BAKERY,VERIFIED_CANDIDATE
1848825,Gails Bakery,gails bakery,Retailers - other,"9 High Street, Wimbledon, Merton",SW19 5DX,Merton,-0.2162,51.4244,BAKERY_CAFE,LOCATION_VERIFICATION
232126,Maison St. Cassien,maison st cassien,Restaurant/Cafe/Canteen,"71 High Street, Wimbledon, Merton",SW19 5EE,Merton,-0.2177,51.4255,BAKERY_CAFE,VERIFIED_CANDIDATE
1647391,Jeroboams,jeroboams,Retailers - other,"77 High Street, Wimbledon, Merton",SW19 5EG,Merton,-0.2171939,51.4253715,GROCER_BAKERY,LOCATION_VERIFICATION
950347,Paul,paul,Restaurant/Cafe/Canteen,"87 High Street, Wimbledon, Merton",SW19 5EG,Merton,-0.2165358,51.4249373,BAKERY_CAFE,LOCATION_VERIFICATION
1961731,Sainsbury's Supermarkets,sainsbury s supermarkets,Retailers - supermarkets/hypermarkets,"97-98 High Street, Wimbledon, Merton",SW19 5UA,Merton,-0.2156868,51.4245418,GROCER_BAKERY,LOCATION_VERIFICATION
1827452,Blackstone Coffee Ltd,blackstone coffee ltd,Restaurant/Cafe/Canteen,"7 Leopold Road, Wimbledon, Merton",SW19 7BB,Merton,-0.2006891,51.4271244,BAKERY_CAFE,VERIFIED_CANDIDATE
505278,Waitrose Ltd,waitrose ltd,Retailers - supermarkets/hypermarkets,"Street Record Alexandra Road, Wimbledon, Merton",SW19 7JY,Merton,,,GROCER_BAKERY,LOCATION_VERIFICATION
505244,Greggs,greggs,Retailers - other,"17 Wimbledon Bridge, Wimbledon, Merton",SW19 7NH,Merton,-0.2065081,51.4210383,CORE_BAKERY,LOCATION_VERIFICATION
199862,Krystals,krystals,Retailers - other,"23 - 25 Wimbledon Bridge, Wimbledon, Merton",SW19 7NH,Merton,-0.2067042,51.4210827,GROCER_BAKERY,VERIFIED_CANDIDATE
1833015,Pret a Manger Ltd,pret a manger ltd,Restaurant/Cafe/Canteen,"21 Wimbledon Bridge, Wimbledon, Merton",SW19 7NH,Merton,-0.2066102,51.4210884,BAKERY_CAFE,LOCATION_VERIFICATION
1538763,Greggs PLC,greggs plc,Retailers - other,"Unit 2bh Wimbledon Railway Station Wimbledon Bridge, Wimbledon, Merton",SW19 7NL,Merton,-0.2065529,51.4213622,BAKERY_CAFE,LOCATION_VERIFICATION
801007,The Savanna,the savanna,Retailers - other,"Unit 9ob Wimbledon Railway Station Wimbledon Bridge, Wimbledon, Merton",SW19 7NL,Merton,-0.2065529,51.4213622,GROCER_BAKERY,LOCATION_VERIFICATION
669659,Waitrose,waitrose,Retailers - supermarkets/hypermarkets,"2 Wimbledon Hill Road, Wimbledon, Merton",SW19 7NS,Merton,-0.2074667,51.4207255,GROCER_BAKERY,SUPERMARKET_SUPPLEMENT
1805631,Aldi Stores Limited,aldi stores limited,Retailers - other,"4 Wimbledon Bridge, Wimbledon, Merton",SW19 7NW,Merton,-0.2068926,51.4206564,GROCER_BAKERY,LOCATION_VERIFICATION
1788373,FELT Bakery,felt bakery,Restaurant/Cafe/Canteen,"156 Arthur Road, Wimbledon, Merton",SW19 8AQ,Merton,-0.197615,51.4348628,CORE_BAKERY,VERIFIED_CANDIDATE
480238,Sainsbury's,sainsbury s,Retailers - supermarkets/hypermarkets,"400 Durnsford Road, Wimbledon, Merton",SW19 8DZ,Merton,-0.1975762,51.4390434,GROCER_BAKERY,LOCATION_VERIFICATION
1610346,Greggs,greggs,Restaurant/Cafe/Canteen,"Unit 1a Retail Park Plough Lane, Wimbledon, Merton",SW19 8HA,Merton,,,CORE_BAKERY,LOCATION_VERIFICATION
1591242,Brew N Bites,brew n bites,Restaurant/Cafe/Canteen,"290 Haydons Road, Wimbledon, Merton",SW19 8JZ,Merton,-0.1905702,51.4264108,BAKERY_CAFE,VERIFIED_CANDIDATE
1625242,Sandra Chef Bakery,sandra chef bakery,Restaurant/Cafe/Canteen,"288 Haydons Road, Wimbledon, Merton",SW19 8JZ,Merton,-0.1905732,51.4263533,BAKERY_CAFE,VERIFIED_CANDIDATE
505249,Marks & Spencer,marks and spencer,Retailers - supermarkets/hypermarkets,"Unit Lsu1 Wimbledon Quarter 4 Queen's Road, Wimbledon, Merton",SW19 8ND,Merton,-0.2040874,51.421679,GROCER_BAKERY,LOCATION_VERIFICATION
1616366,Home Bargains,home bargains,Retailers - other,"1B Weir Road, Wimbledon, Merton",SW19 8UG,Merton,-0.1921221,51.4308094,GROCER_BAKERY,LOCATION_VERIFICATION
1929651,Taitussi Bakery,taitussi bakery,Restaurant/Cafe/Canteen,"Unit 9 Karma Kitchen 18 Weir Road, Wimbledon, Merton",SW19 8UG,Merton,-0.1911352,51.4323525,CORE_BAKERY,VERIFIED_CANDIDATE
1932770,Vallebona,vallebona,Distributors/Transporters,"Unit 14 55 - 59 Weir Road, Wimbledon, Merton",SW19 8UG,Merton,-0.1916059,51.4368292,GROCER_BAKERY,VERIFIED_CANDIDATE
1675052,Waitrose & Partners Raynes Park,waitrose and partners raynes park,Retailers - supermarkets/hypermarkets,"21 - 23 Coombe Lane, Raynes Park, Merton",SW20 0BS,Merton,-0.2342903,51.4088759,GROCER_BAKERY,SUPERMARKET_SUPPLEMENT
199905,The Savanna,the savanna,Retailers - other,"Raynes Park Railway Station Grand Drive, Raynes Park, Merton",SW20 0JY,Merton,-0.2301985,51.408802,GROCER_BAKERY,VERIFIED_CANDIDATE
505221,Greggs,greggs,Retailers - other,"36 Coombe Lane, Raynes Park, Merton",SW20 0LA,Merton,-0.2304674,51.4096543,CORE_BAKERY,LOCATION_VERIFICATION
200174,Tony's,tony s,Retailers - other,"348 Coombe Lane, Raynes Park, Merton",SW20 0RJ,Merton,-0.248102,51.4144935,GROCER_BAKERY,VERIFIED_CANDIDATE
1875666,Lockdown Bakehouse,lockdown bakehouse,Restaurant/Cafe/Canteen,"82 Durham Road, Raynes Park, Merton",SW20 0TL,Merton,-0.232994,51.4120063,BAKERY_CAFE,LOCATION_VERIFICATION
1063687,Philippa's Fine Foods,philippa s fine foods,Restaurant/Cafe/Canteen,"568 Kingston Road, Raynes Park, Merton",SW20 8DR,Merton,-0.2243825,51.4098805,BAKERY_CAFE,VERIFIED_CANDIDATE
1620093,Milk No Milk,milk no milk,Restaurant/Cafe/Canteen,"281 Kingston Road, Raynes Park, Merton",SW20 8LB,Merton,,,BAKERY_CAFE,VERIFIED_CANDIDATE
1805633,Yayhouse,yayhouse,Restaurant/Cafe/Canteen,"330 Kingston Road, Raynes Park, Merton",SW20 8LR,Merton,-0.2155966,51.4085403,BAKERY_CAFE,VERIFIED_CANDIDATE
1495711,Three Apes,three apes,Restaurant/Cafe/Canteen,"26 Coombe Lane, Raynes Park, Merton",SW20 8ND,Merton,-0.2294584,51.4096613,BAKERY_CAFE,VERIFIED_CANDIDATE
375885,Sainsbury's,sainsbury s,Retailers - supermarkets/hypermarkets,"213 Worple Road, Raynes Park, Merton",SW20 8QY,Merton,,,GROCER_BAKERY,LOCATION_VERIFICATION
1588760,Cavan Bakery,cavan bakery,Retailers - other,"143 Arthur Road, Wimbledon, Merton",,Merton,-0.1994214,51.4348176,CORE_BAKERY,LOCATION_VERIFICATION
200046,Greggs,greggs,Retailers - other,"54 London Road, Morden, Merton",,Merton,-0.1938699,51.4027635,BAKERY_CAFE,LOCATION_VERIFICATION
505274,Pret A Manger,pret a manger,Takeaway/sandwich shop,"Former 4 Wimbledon Hill Road, Wimbledon, Merton",,Merton,-0.2073554,51.4209613,BAKERY_CAFE,LOCATION_VERIFICATION
1901391,Tesco Stores Limited,tesco stores limited,Retailers - other,"Boundary Business Court 92 - 94 Church Road, Mitcham, Merton",,Merton,-0.175845,51.4053666,GROCER_BAKERY,LOCATION_VERIFICATION
1281545,The Bakineer,the bakineer,Other catering premises,,E12 ,Newham,,,CORE_BAKERY,VERIFIED_CANDIDATE
641084,Jalaram Sweet Mart,jalaram sweet mart,Retailers - other,"649 Romford Road, Manor Park, London",E12 5AD,Newham,0.045371,51.550092,GROCER_BAKERY,VERIFIED_CANDIDATE
1245711,Bagel Town,bagel town,Restaurant/Cafe/Canteen,"556 Romford Road, Manor Park, London",E12 5AF,Newham,0.044951,51.5494972,BAKERY_CAFE,VERIFIED_CANDIDATE
1379069,Cafiteria Ltd,cafiteria ltd,Restaurant/Cafe/Canteen,"552A Romford Road, Manor Park, London",E12 5AF,Newham,0.0448321,51.5494183,BAKERY_CAFE,VERIFIED_CANDIDATE
1754693,Global Fresh Bazaar,global fresh bazaar,Retailers - supermarkets/hypermarkets,"658 - 660 Romford Road, Manor Park, London",E12 5AQ,Newham,0.0495040353127825,51.5514141259477,GROCER_BAKERY,SUPERMARKET_SUPPLEMENT
771897,Al Kareem Sweets & Bakers,al kareem sweets and bakers,Retailers - other,"731 Romford Road, Manor Park, London",E12 5AW,Newham,0.048778,51.551444,GROCER_BAKERY,VERIFIED_CANDIDATE
1910792,Magazin Romanesc Satu Mare,magazin romanesc satu mare,Retailers - other,"841 Romford Road, Manor Park, London",E12 5JY,Newham,0.054929,51.553503,GROCER_BAKERY,VERIFIED_CANDIDATE
1797829,Bagel Town,bagel town,Restaurant/Cafe/Canteen,"105 Church Road, Manor Park, London",E12 6AE,Newham,0.053313,51.548046,BAKERY_CAFE,LOCATION_VERIFICATION
640647,Coffee & Cream / Cake Stop,coffee and cream cake stop,Restaurant/Cafe/Canteen,"748 - 750 Romford Road, Manor Park, London",E12 6BU,Newham,0.0542908,51.5528681,BAKERY_CAFE,VERIFIED_CANDIDATE
1472173,Smart Portuguese Groceries,smart portuguese groceries,Retailers - other,"764 Romford Road, Manor Park, London",E12 6BU,Newham,0.0546920001506805,51.5530319213867,GROCER_BAKERY,VERIFIED_CANDIDATE
640968,Novelty Bakery,novelty bakery,Retailers - other,"393 High Street North, Manor Park, London",E12 6PG,Newham,0.049283,51.545033,CORE_BAKERY,VERIFIED_CANDIDATE
1801327,Sabras Sweetmart,sabras sweetmart,Takeaway/sandwich shop,"400 High Street North, Manor Park, London",E12 6RH,Newham,0.049225,51.545978,GROCER_BAKERY,VERIFIED_CANDIDATE
934054,Ideal Sweets & Bakers,ideal sweets and bakers,Retailers - other,"296 High Street North, Manor Park, London",E12 6SA,Newham,0.050357,51.542612,GROCER_BAKERY,VERIFIED_CANDIDATE
640962,Nirala Sweets,nirala sweets,Retailers - other,"316 High Street North, Manor Park, London",E12 6SA,Newham,0.050357,51.542613,CORE_BAKERY,VERIFIED_CANDIDATE
849330,Costcutter,costcutter,Retailers - other,"2 - 6 High Street, Plaistow, London",E13 0AJ,Newham,0.019405,51.5308846,GROCER_BAKERY,LOCATION_VERIFICATION
1829401,Raval Food & Wine Ltd,raval food and wine ltd,Retailers - other,"11 Terrace Road, Plaistow, London",E13 0LP,Newham,0.0223983,51.5330362,GROCER_BAKERY,VERIFIED_CANDIDATE
1767018,Nisa Local,nisa local,Retailers - other,"53 Stratford Road, Plaistow, London",E13 0NF,Newham,0.020772,51.533045,GROCER_BAKERY,LOCATION_VERIFICATION
1711199,Arya Hussain Convenience Store Ltd,arya hussain convenience store ltd,Retailers - other,"161A Plashet Road, Plaistow, London",E13 0QZ,Newham,0.030218,51.5376851,GROCER_BAKERY,VERIFIED_CANDIDATE
1961220,Bubble & Bites,bubble and bites,Restaurant/Cafe/Canteen,"177 Plashet Road, Plaistow, London",E13 0QZ,Newham,0.0307203,51.5376314,BAKERY_CAFE,VERIFIED_CANDIDATE
1010362,Balaam Confectionery And Grocery Store,balaam confectionery and grocery store,Retailers - other,"129 Balaam Street, Plaistow, London",E13 8AF,Newham,0.023765,51.526725,GROCER_BAKERY,VERIFIED_CANDIDATE
813704,Iceland Plc - Balaam Street,iceland plc balaam street,Retailers - supermarkets/hypermarkets,"359 - 363 Barking Road, Plaistow, London",E13 8EE,Newham,0.0221343,51.522502,GROCER_BAKERY,VERIFIED_CANDIDATE
1909112,The Brazilian Pastry Factory,the brazilian pastry factory,Takeaway/sandwich shop,"335 Barking Road, Plaistow, London",E13 8EE,Newham,0.0212021,51.5219777,CORE_BAKERY,VERIFIED_CANDIDATE
837095,Food And Wine / Rimitrend Ltd,food and wine rimitrend ltd,Retailers - other,"296 Barking Road, Plaistow, London",E13 8HR,Newham,0.018342,51.520146,GROCER_BAKERY,VERIFIED_CANDIDATE
1827612,ArVhee,arvhee,Retailers - other,"2A Jutland Road, Plaistow, London",E13 8HZ,Newham,0.0216719,51.5215199,CORE_BAKERY,VERIFIED_CANDIDATE
1960156,Bangladesh Cash And Carry,bangladesh cash and carry,Retailers - other,"532 Barking Road, Plaistow, London",E13 8QE,Newham,0.028616,51.525266,GROCER_BAKERY,VERIFIED_CANDIDATE
1836281,Swiss Cream & Coffee,swiss cream and coffee,Restaurant/Cafe/Canteen,"538C Barking Road, Plaistow, London",E13 8QE,Newham,0.0291031,51.5255821,BAKERY_CAFE,VERIFIED_CANDIDATE
640918,Greggs Of Enfield,greggs of enfield,Retailers - other,"380 Green Street, Upton Park, London",E13 9AP,Newham,0.03453,51.536638,CORE_BAKERY,LOCATION_VERIFICATION
1516673,Lidl,lidl,Retailers - supermarkets/hypermarkets,"374 - 378 Green Street, Upton Park, London",E13 9AP,Newham,0.0345694,51.5359909,GROCER_BAKERY,LOCATION_VERIFICATION
640923,Auntie's Bakery,auntie s bakery,Retailers - other,"409 Green Street, Upton Park, London",E13 9AU,Newham,0.0361294,51.5341682,CORE_BAKERY,VERIFIED_CANDIDATE
1793705,Ambrosia,ambrosia,Retailers - other,"19 - 20 Queens Market, Upton Park, London",E13 9BA,Newham,0.0341343,51.5346405,GROCER_BAKERY,VERIFIED_CANDIDATE
1844774,Bagel City London,bagel city london,Takeaway/sandwich shop,"482 Green Street, Upton Park, London",E13 9DB,Newham,0.0365571,51.53271,CORE_BAKERY,VERIFIED_CANDIDATE
1649286,Nisa Local,nisa local,Retailers - other,"531 Barking Road, Plaistow, London",E13 9EZ,Newham,0.031002,51.527365,GROCER_BAKERY,LOCATION_VERIFICATION
1887652,Sweet Town And Grill,sweet town and grill,Restaurant/Cafe/Canteen,"594 Barking Road, Plaistow, London",E13 9JY,Newham,0.031873,51.527494,BAKERY_CAFE,VERIFIED_CANDIDATE
1047539,Pret A Manger,pret a manger,Restaurant/Cafe/Canteen,"Unit 2 Southern Ticket Hall, Stratford Station, Station Street, Stratford",E15 1AZ,Newham,-0.00331,51.5412647,BAKERY_CAFE,LOCATION_VERIFICATION
640772,Pret A Manger,pret a manger,Restaurant/Cafe/Canteen,"21 Station Street, Stratford, London",E15 1DA,Newham,-0.0027505,51.5417298,BAKERY_CAFE,LOCATION_VERIFICATION
641135,Morrisons,morrisons,Retailers - supermarkets/hypermarkets,"15 The Grove, Stratford, London",E15 1EN,Newham,0.0047160000540316,51.5446624755859,GROCER_BAKERY,LOCATION_VERIFICATION
1006734,Shazan Counter Within Morrisons,shazan counter within morrisons,Retailers - other,"15 The Grove, Stratford, London",E15 1EN,Newham,0.0047160000540316,51.5446624755859,GROCER_BAKERY,VERIFIED_CANDIDATE
1931476,Crave Lab,crave lab,Restaurant/Cafe/Canteen,"1 Leytonstone Road, Stratford, London",E15 1JA,Newham,0.004416,51.5461058,BAKERY_CAFE,VERIFIED_CANDIDATE
965648,Stratford Tidjara Ltd,stratford tidjara ltd,Retailers - other,"204 The Grove, Stratford, London",E15 1NS,Newham,0.004034,51.544232,GROCER_BAKERY,VERIFIED_CANDIDATE
1970564,Gustul Romanesc,gustul romanesc,Retailers - other,"112 Leytonstone Road, Stratford, London",E15 1TQ,Newham,0.00563,51.550364,GROCER_BAKERY,VERIFIED_CANDIDATE
641146,Greggs South East,greggs south east,Retailers - other,"Unit 52, West Mall, The Mall, Stratford",E15 1XE,Newham,-0.000441000011051,51.5418357849121,CORE_BAKERY,VERIFIED_CANDIDATE
864084,Lidl UK,lidl uk,Retailers - supermarkets/hypermarkets,"Units 41 And 42, West Mall, The Mall, Stratford",E15 1XE,Newham,-0.000441,51.541835,GROCER_BAKERY,LOCATION_VERIFICATION
654119,Sainsbury's,sainsbury s,Retailers - supermarkets/hypermarkets,"Units 38 To 40, West Mall, The Mall, Stratford",E15 1XE,Newham,-0.000441,51.541835,GROCER_BAKERY,LOCATION_VERIFICATION
1083375,Iceland Plc - Stratford,iceland plc stratford,Retailers - supermarkets/hypermarkets,"Unit 74 To 76, North Mall, The Mall, Stratford",E15 1XQ,Newham,0.0014690000098198,51.5419731140137,GROCER_BAKERY,VERIFIED_CANDIDATE
1914661,Lakcakes,lakcakes,Restaurant/Cafe/Canteen,"Unit 6, Market Village, 70 - 73 The Mall, Stratford",E15 1XQ,Newham,0.001378,51.5419491,CORE_BAKERY,VERIFIED_CANDIDATE
1723245,Para Sa Pinoy Atbp,para sa pinoy atbp,Retailers - other,"Unit 15, Market Village, 70 - 73 The Mall, Stratford",E15 1XQ,Newham,0.001378,51.5419491,GROCER_BAKERY,VERIFIED_CANDIDATE
1833719,Baba's Coffee Ltd,baba s coffee ltd,Restaurant/Cafe/Canteen,"5B Chimney Walk, Stratford, London",E15 2TP,Newham,-0.0100635,51.5312659,BAKERY_CAFE,VERIFIED_CANDIDATE
1651103,Greggs PLC,greggs plc,Retailers - other,"107 Plaistow Road, Stratford, London",E15 3ET,Newham,0.0112423,51.5337768,BAKERY_CAFE,LOCATION_VERIFICATION
849288,Plaistow Local Express (Felek Ltd),plaistow local express felek ltd,Retailers - other,"196 Plaistow Road, Stratford, London",E15 3HJ,Newham,0.013788,51.533561,GROCER_BAKERY,VERIFIED_CANDIDATE
807216,Portway Food Shop,portway food shop,Retailers - other,"76 Portway, Stratford, London",E15 3QJ,Newham,0.013521,51.537,GROCER_BAKERY,VERIFIED_CANDIDATE
864136,Sainsbury's,sainsbury s,Retailers - supermarkets/hypermarkets,"165 - 167 Romford Road, Stratford, London",E15 4JF,Newham,0.014499,51.544457,GROCER_BAKERY,LOCATION_VERIFICATION
1737443,"Dolce Vita - Cake, Pastry & Bakery",dolce vita cake pastry and bakery,Restaurant/Cafe/Canteen,"359 High Street, Stratford, London",E15 4QZ,Newham,-0.000216,51.53907,BAKERY_CAFE,VERIFIED_CANDIDATE
1720549,Kellys Bakes At Discover Childrens Story Centre,kellys bakes at discover childrens story centre,Retailers - other,"The Children Discovery Centre, 383 - 387 High Street, Stratford, London",E15 4QZ,Newham,-0.0001631,51.5390348,BAKERY_CAFE,VERIFIED_CANDIDATE
640954,The Pantry,the pantry,Restaurant/Cafe/Canteen,"357 High Street, Stratford, London",E15 4QZ,Newham,-0.000216,51.53907,BAKERY_CAFE,LOCATION_VERIFICATION
1782516,Perky Blenders (Expressway),perky blenders expressway,Restaurant/Cafe/Canteen,"Expressway Studios, 1 Dock Road, Silvertown, London",E16 1AH,Newham,0.0157961,51.5059823,BAKERY_CAFE,VERIFIED_CANDIDATE
1595468,Breadmeister,breadmeister,Retailers - other,"13 Silvertown Way, Canning Town, London",E16 1DH,Newham,0.0099988,51.5127568,CORE_BAKERY,VERIFIED_CANDIDATE
1525420,Sainsburys Local,sainsburys local,Retailers - supermarkets/hypermarkets,"23 Silvertown Way, Canning Town, London",E16 1DH,Newham,0.0107209,51.5118652,GROCER_BAKERY,VERIFIED_CANDIDATE
1795612,Lidl,lidl,Retailers - supermarkets/hypermarkets,"19 - 23 Minnie Baldock Street, Canning Town, London",E16 1DT,Newham,0.0102992,51.514543,GROCER_BAKERY,LOCATION_VERIFICATION
1370361,Pelene Retail Ltd Ground Floor - Supermarket & Deli,pelene retail ltd ground floor supermarket and deli,Retailers - supermarkets/hypermarkets,"112 Silvertown Way, Canning Town, London",E16 1EA,Newham,0.010823,51.51274,GROCER_BAKERY,VERIFIED_CANDIDATE
1867334,Palooza,palooza,Restaurant/Cafe/Canteen,"8 - 11 Rathbone Market, Barking Road, Canning Town, London",E16 1EH,Newham,0.0114676,51.5165304,BAKERY_CAFE,VERIFIED_CANDIDATE
813706,Iceland,iceland,Retailers - supermarkets/hypermarkets,"146 - 148 Barking Road, Canning Town, London",E16 1EN,Newham,0.012417,51.517514,GROCER_BAKERY,LOCATION_VERIFICATION
1601090,The Milk Tree,the milk tree,Restaurant/Cafe/Canteen,"34 Barking Road, Canning Town, London",E16 1EQ,Newham,0.010131,51.516322,BAKERY_CAFE,VERIFIED_CANDIDATE
852734,Nisa Victoria Food,nisa victoria food,Retailers - other,"Unit C, Westgate Apartments, 14 Western Gateway, Canning Town",E16 1FD,Newham,0.0219485,51.5081924,GROCER_BAKERY,VERIFIED_CANDIDATE
919446,Morrisons,morrisons,Retailers - supermarkets/hypermarkets,"3 Silvertown Square, Canning Town, London",E16 1GW,Newham,0.0104205,51.5149212,GROCER_BAKERY,LOCATION_VERIFICATION
1776427,Budgens Canning Town,budgens canning town,Retailers - other,"10 - 12 Shirley Street, Canning Town, London",E16 1HU,Newham,0.0119567,51.5130269,GROCER_BAKERY,VERIFIED_CANDIDATE
1833711,Nemunas Ltd,nemunas ltd,Retailers - other,"50 Fife Road, Canning Town, London",E16 1QB,Newham,0.018232,51.515715,GROCER_BAKERY,VERIFIED_CANDIDATE
919374,Bagel Factory - Centre Unit (N11),bagel factory centre unit n11,Takeaway/sandwich shop,"Unit 11 Level 1, ExCel, 1 Western Gateway, Canning Town",E16 1XL,Newham,0.0286735,51.5081343,BAKERY_CAFE,VERIFIED_CANDIDATE
1663586,Bagel Factory - West Unit (N2),bagel factory west unit n2,Takeaway/sandwich shop,"ExCel, 1 Western Gateway, Canning Town, London",E16 1XL,Newham,0.027108,51.50817,BAKERY_CAFE,VERIFIED_CANDIDATE
1439158,Pret A Manger,pret a manger,Restaurant/Cafe/Canteen,"2 Minnie Baldock Street, Canning Town, London",E16 1YE,Newham,0.0091016,51.5149977,BAKERY_CAFE,LOCATION_VERIFICATION
640247,The Girl Of Sandwiches,the girl of sandwiches,Takeaway/sandwich shop,"11 Albert Road, North Woolwich, London",E16 2DW,Newham,0.04631,51.502225,BAKERY_CAFE,VERIFIED_CANDIDATE
696066,Costcutter - Nisa,costcutter nisa,Retailers - other,"8 - 10 Pier Parade, North Woolwich, London",E16 2LJ,Newham,0.0629191,51.5012418,GROCER_BAKERY,VERIFIED_CANDIDATE
1176374,Little Hudson,little hudson,Restaurant/Cafe/Canteen,"4 Starboard Way, Silvertown, London",E16 2PF,Newham,0.029979,51.5009314,BAKERY_CAFE,VERIFIED_CANDIDATE
1639044,Azuolas,azuolas,Retailers - other,"7 Royal Crest Avenue, Silvertown, London",E16 2PG,Newham,0.0299288,51.5008757,GROCER_BAKERY,VERIFIED_CANDIDATE
864056,Pret A Manger,pret a manger,Restaurant/Cafe/Canteen,"London City Airport, Hartmann Road, Silvertown, London",E16 2PX,Newham,0.048006,51.503733,BAKERY_CAFE,LOCATION_VERIFICATION
1655254,Soul And Grain,soul and grain,Takeaway/sandwich shop,"Room C1 24, City Aviation House, Hartmann Road, Silvertown",E16 2PX,Newham,0.0464361,51.5041475,BAKERY_CAFE,LOCATION_VERIFICATION
1132125,Costa Outlet,costa outlet,Restaurant/Cafe/Canteen,"Eastern Academic Building, 4 - 6 University Way, Beckton, London",E16 2RD,Newham,0.064757,51.507405,BAKERY_CAFE,VERIFIED_CANDIDATE
1132138,Starbucks Outlet,starbucks outlet,Restaurant/Cafe/Canteen,"University Of East London Dockland Campus, University Way, Beckton, London",E16 2RD,Newham,0.0685895,51.5076356,BAKERY_CAFE,VERIFIED_CANDIDATE
1079194,Twenty Second Coffee,twenty second coffee,Restaurant/Cafe/Canteen,"38 Royal Crest Avenue, Silvertown, London",E16 2TF,Newham,0.0272549,51.4995902,BAKERY_CAFE,VERIFIED_CANDIDATE
1691031,Nisa Local,nisa local,Retailers - other,"5 - 9 Freemasons Road, Canning Town, London",E16 3AR,Newham,0.0255020000040531,51.5106773376465,GROCER_BAKERY,LOCATION_VERIFICATION
1728110,Plant Lovers London,plant lovers london,Restaurant/Cafe/Canteen,"29 Freemasons Road, Canning Town, London",E16 3AR,Newham,0.02549,51.510689,BAKERY_CAFE,VERIFIED_CANDIDATE
1570912,Greggs PLC,greggs plc,Retailers - other,"5 Cundy Road, Canning Town, London",E16 3DJ,Newham,0.0329143,51.5111363,BAKERY_CAFE,LOCATION_VERIFICATION
1793706,Sainsbury's,sainsbury s,Retailers - supermarkets/hypermarkets,"14 - 16 Avery Avenue, Canning Town, London",E16 4BF,Newham,0.0039612,51.5264554,GROCER_BAKERY,LOCATION_VERIFICATION
1522094,Greggs PLC,greggs plc,Retailers - other,"5 Hermit Road, Canning Town, London",E16 4HP,Newham,0.0127753,51.5185166,CORE_BAKERY,LOCATION_VERIFICATION
1377053,Studio Baristas,studio baristas,Restaurant/Cafe/Canteen,"Unit 201, 8 Cody Road, Canning Town, London",E16 4SR,Newham,,,BAKERY_CAFE,VERIFIED_CANDIDATE
1540042,Sainsbury's,sainsbury s,Retailers - supermarkets/hypermarkets,"75 Celebration Avenue, Stratford, London",E20 1DB,Newham,-0.0085096,51.547656,GROCER_BAKERY,LOCATION_VERIFICATION
1770025,Bobo & Wild - Stratford,bobo and wild stratford,Restaurant/Cafe/Canteen,"3 - 4 West Park Walk, Stratford, London",E20 1DH,Newham,-0.0101616,51.5467673,BAKERY_CAFE,VERIFIED_CANDIDATE
771889,Costa Ltd,costa ltd,Restaurant/Cafe/Canteen,"17 The Arcade, Westfield Stratford City, Montfichet Road, Stratford",E20 1EH,Newham,-0.0066118,51.5435957,BAKERY_CAFE,VERIFIED_CANDIDATE
640505,Greggs,greggs,Retailers - other,"36 The Arcade, Westfield Stratford City, Montfichet Road, Stratford",E20 1EH,Newham,,,CORE_BAKERY,LOCATION_VERIFICATION
640543,Marks & Spencer,marks and spencer,Retailers - supermarkets/hypermarkets,"43 The Arcade, Westfield Stratford City, Montfichet Road, Stratford",E20 1EH,Newham,-0.0063590002246201,51.5443458557129,GROCER_BAKERY,SUPERMARKET_SUPPLEMENT
737494,Waitrose - Food Hall,waitrose food hall,Retailers - supermarkets/hypermarkets,"1 The Arcade, Westfield Stratford City, Montfichet Road, Stratford",E20 1EH,Newham,-0.0063590002246201,51.5443458557129,GROCER_BAKERY,SUPERMARKET_SUPPLEMENT
1917851,Gail's Bakery - Westfield Stratford,gail s bakery westfield stratford,Restaurant/Cafe/Canteen,"157 The Street, Westfield Stratford City, Montfichet Road, Stratford",E20 1EN,Newham,-0.0068698,51.5432947,CORE_BAKERY,VERIFIED_CANDIDATE
640564,Pret A Manger,pret a manger,Restaurant/Cafe/Canteen,"202 The Gallery, Westfield Stratford City, Montfichet Road, Stratford",E20 1ES,Newham,-0.0067646,51.5434358,BAKERY_CAFE,LOCATION_VERIFICATION
1020728,Ginger & Mint,ginger and mint,Restaurant/Cafe/Canteen,"13 - 14 Victory Parade, Stratford, London",E20 1FS,Newham,-0.0112123,51.5473127,BAKERY_CAFE,VERIFIED_CANDIDATE
1548661,Tina We Salute You,tina we salute you,Pub/bar/nightclub,"2 Olympic Park Avenue, Stratford, London",E20 1FT,Newham,-0.012948,51.54646,BAKERY_CAFE,VERIFIED_CANDIDATE
1542682,Charles Artisan Bread,charles artisan bread,Retailers - other,"8 Abercrombie Road, Stratford, London",E20 1FU,Newham,-0.0140306,51.5494963,CORE_BAKERY,VERIFIED_CANDIDATE
919624,Colicci,colicci,Restaurant/Cafe/Canteen,"Chestnut Plaza, Westfield Stratford City, Montfichet Road, Stratford",E20 1GL,Newham,-0.0063590002246201,51.5443458557129,BAKERY_CAFE,VERIFIED_CANDIDATE
1589977,Brick Lane Bagel Co,brick lane bagel co,Restaurant/Cafe/Canteen,"14 Great Eastern Market, Westfield Stratford City, Montfichet Road, Stratford",E20 1GP,Newham,-0.0063590002246201,51.5443458557129,CORE_BAKERY,LOCATION_VERIFICATION
1649962,Joe Blakes,joe blakes,Restaurant/Cafe/Canteen,"Great Eastern Market, Westfield Stratford City, Montfichet Road, Stratford",E20 1GP,Newham,-0.0063590002246201,51.5443458557129,BAKERY_CAFE,LOCATION_VERIFICATION
1836289,X2 Bakery And Pastry,x2 bakery and pastry,Retailers - other,"16 Great Eastern Market, Westfield Stratford City, Montfichet Road, Stratford",E20 1GP,Newham,-0.0087814,51.5438256,CORE_BAKERY,VERIFIED_CANDIDATE
1552555,Bakehouse By Signorelli,bakehouse by signorelli,Retailers - other,"1 Fortunes Walk, Stratford, London",E20 1JJ,Newham,-0.0084392,51.548103,CORE_BAKERY,VERIFIED_CANDIDATE
1029998,Pret A Manger,pret a manger,Restaurant/Cafe/Canteen,"6 - 7 Endeavour Square, Stratford, London",E20 1JN,Newham,-0.0091265,51.5414014,BAKERY_CAFE,LOCATION_VERIFICATION
1105615,Signorelli,signorelli,Restaurant/Cafe/Canteen,"15 Endeavour Square, Stratford, London",E20 1JN,Newham,-0.0091912,51.542025,BAKERY_CAFE,VERIFIED_CANDIDATE
1702401,Mishtiwala Coffee Point,mishtiwala coffee point,Restaurant/Cafe/Canteen,"63 Plashet Grove, East Ham, London",E6 1AD,Newham,0.0374007,51.5370748,BAKERY_CAFE,VERIFIED_CANDIDATE
919484,Smart Shopper UK Ltd,smart shopper uk ltd,Retailers - other,"85 - 87 Katherine Road, East Ham, London",E6 1EW,Newham,0.0464617,51.5343,GROCER_BAKERY,VERIFIED_CANDIDATE
1686900,Lidl,lidl,Retailers - supermarkets/hypermarkets,"363 Barking Road, East Ham, London",E6 1FG,Newham,0.0535395,51.5331786,GROCER_BAKERY,LOCATION_VERIFICATION
746056,D&D Cakes & Pastry,d and d cakes and pastry,Retailers - other,"41 High Street North, East Ham, London",E6 1HS,Newham,0.053157,51.534335,CORE_BAKERY,VERIFIED_CANDIDATE
776181,Sainsbury's,sainsbury s,Retailers - supermarkets/hypermarkets,"2 - 10 Myrtle Road, East Ham, London",E6 1HU,Newham,0.052629,51.534452,GROCER_BAKERY,LOCATION_VERIFICATION
1885872,Cakes & Bakes Original,cakes and bakes original,Retailers - other,"115 High Street North, East Ham, London",E6 1HZ,Newham,0.051929,51.536218,CORE_BAKERY,VERIFIED_CANDIDATE
785560,Greggs,greggs,Retailers - other,"95 High Street North, East Ham, London",E6 1HZ,Newham,0.051929,51.536218,BAKERY_CAFE,LOCATION_VERIFICATION
1901078,Magazin Romanesc,magazin romanesc,Retailers - other,"165 High Street North, East Ham, London",E6 1JB,Newham,0.05112,51.538094,GROCER_BAKERY,LOCATION_VERIFICATION
1231333,Fab Cakes,fab cakes,Restaurant/Cafe/Canteen,"227 High Street North, East Ham, London",E6 1JG,Newham,0.0507618,51.5398274,BAKERY_CAFE,VERIFIED_CANDIDATE
1679937,Magazin Romanesc,magazin romanesc,Retailers - other,"Basement And Ground Floor, 207 High Street North, East Ham, London",E6 1JG,Newham,0.0506717,51.5391438,GROCER_BAKERY,LOCATION_VERIFICATION
1710279,Spice Of Asia,spice of asia,Retailers - supermarkets/hypermarkets,"255 - 263 Barking Road, East Ham, London",E6 1LB,Newham,0.0492173,51.5324083,GROCER_BAKERY,SUPERMARKET_SUPPLEMENT
1156160,Iceland East Ham,iceland east ham,Retailers - supermarkets/hypermarkets,"66 High Street North, East Ham, London",E6 2HJ,Newham,0.053672,51.534236,GROCER_BAKERY,VERIFIED_CANDIDATE
747715,Lidl UK,lidl uk,Retailers - supermarkets/hypermarkets,"182 - 184 High Street North, East Ham, London",E6 2JA,Newham,0.051435,51.539005,GROCER_BAKERY,LOCATION_VERIFICATION
1721250,Cakes & Bakes,cakes and bakes,Retailers - other,"417 Barking Road, East Ham, London",E6 2JX,Newham,0.0561446,51.5335102,CORE_BAKERY,LOCATION_VERIFICATION
1830673,Ardealu,ardealu,Retailers - other,"555 Barking Road, East Ham, London",E6 2LW,Newham,0.063259,51.534203,GROCER_BAKERY,VERIFIED_CANDIDATE
1922408,Mile12Mart,mile12mart,Retailers - other,"222 Barking Road, East Ham, London",E6 3BB,Newham,0.0487473,51.531895,GROCER_BAKERY,VERIFIED_CANDIDATE
1094179,Bread Club / Central Park Cafe,bread club central park cafe,Restaurant/Cafe/Canteen,"Central Park Cafe, High Street South, East Ham, London",E6 3DW,Newham,0.042423,51.528705,BAKERY_CAFE,VERIFIED_CANDIDATE
641007,Asda Stores,asda stores,Retailers - supermarkets/hypermarkets,"Asda Superstore, Tollgate Road, Beckton, London",E6 5JP,Newham,0.057746,51.514903,GROCER_BAKERY,SUPERMARKET_SUPPLEMENT
1333659,Cake Box Beckton,cake box beckton,Mobile caterer,"Asda Superstore, Tollgate Road, Beckton, London",E6 5JP,Newham,0.057746,51.514903,GROCER_BAKERY,VERIFIED_CANDIDATE
919728,Lidl UK,lidl uk,Retailers - supermarkets/hypermarkets,"198 Tollgate Road, Beckton, London",E6 5YA,Newham,0.0542229,51.515801,GROCER_BAKERY,LOCATION_VERIFICATION
1740125,Mackbear Coffee Co Ltd,mackbear coffee co ltd,Restaurant/Cafe/Canteen,"1 High Street South, East Ham, London",E6 6EN,Newham,0.05540268,51.53177998,BAKERY_CAFE,VERIFIED_CANDIDATE
640886,Sainsbury's,sainsbury s,Retailers - supermarkets/hypermarkets,"1 Claps Gate Lane, Beckton, London",E6 6JF,Newham,0.065863,51.521325,GROCER_BAKERY,LOCATION_VERIFICATION
897398,Sainsbury's Online,sainsbury s online,Retailers - supermarkets/hypermarkets,"1 Claps Gate Lane, Beckton, London",E6 6JF,Newham,0.065863,51.521325,GROCER_BAKERY,VERIFIED_CANDIDATE
1047541,Food Bazar (LDN) Ltd,food bazar ldn ltd,Retailers - supermarkets/hypermarkets,"Unit 2, Beckton Retail Park, Alpine Way, Beckton",E6 6LA,Newham,0.0615056,51.5171661,GROCER_BAKERY,VERIFIED_CANDIDATE
817851,Iceland - Beckton,iceland beckton,Retailers - supermarkets/hypermarkets,"Unit 1, Beckton Retail Park, Alpine Way, Beckton",E6 6LA,Newham,0.065018,51.517949,GROCER_BAKERY,VERIFIED_CANDIDATE
837094,Lituanica UK Ltd Supermarket,lituanica uk ltd supermarket,Retailers - other,"Unit 4 Part, Beckton Retail Park, Alpine Way, Beckton",E6 6LA,Newham,0.0614395,51.5169784,GROCER_BAKERY,VERIFIED_CANDIDATE
1274362,Lidl,lidl,Retailers - supermarkets/hypermarkets,"4 Claps Gate Lane, Beckton, London",E6 6LG,Newham,0.0691063,51.5207967,GROCER_BAKERY,LOCATION_VERIFICATION
1770017,Aldi Stores Ltd,aldi stores ltd,Retailers - supermarkets/hypermarkets,"Unit 6, Beckton Triangle Retail Park, Claps Gate Lane, Beckton",E6 6LH,Newham,0.070309,51.523071,GROCER_BAKERY,LOCATION_VERIFICATION
1844779,Greggs PLC,greggs plc,Retailers - other,"Unit 16B, Gallions Reach Shopping Park, 3 Armada Way, Beckton",E6 7ER,Newham,0.0806299,51.5171072,BAKERY_CAFE,LOCATION_VERIFICATION
640808,Tesco,tesco,Retailers - supermarkets/hypermarkets,"1 Armada Way, Beckton, London",E6 7ER,Newham,0.0761953,51.5169279,GROCER_BAKERY,SUPERMARKET_SUPPLEMENT
1086039,Wild Goose Arches,wild goose arches,Retailers - other,"Railway Arches 370 And 371, Station Road, Forest Gate, London",E7 0AB,Newham,0.020921,51.553645,BAKERY_CAFE,VERIFIED_CANDIDATE
1525425,Bagel Eats,bagel eats,Restaurant/Cafe/Canteen,"Unit 3, 118 Woodgrange Road, Forest Gate, London",E7 0EW,Newham,0.0254009999334812,51.550895690918,BAKERY_CAFE,LOCATION_VERIFICATION
1372759,Polonez,polonez,Retailers - other,"86 - 88 Woodgrange Road, Forest Gate, London",E7 0EW,Newham,0.0253964,51.5505562,GROCER_BAKERY,VERIFIED_CANDIDATE
1782515,Asha Bread,asha bread,Mobile caterer,"Woodgrange Market, Sebert Road, Forest Gate, London",E7 0NQ,Newham,,,CORE_BAKERY,VERIFIED_CANDIDATE
813685,Iceland - Woodgrange,iceland woodgrange,Retailers - supermarkets/hypermarkets,"4 Woodgrange Road, Forest Gate, London",E7 0QH,Newham,0.0258171,51.5467294,GROCER_BAKERY,VERIFIED_CANDIDATE
869967,City Sweet Centre,city sweet centre,Retailers - other,"510 - 512 Romford Road, Forest Gate, London",E7 8AF,Newham,0.039902,51.548127,GROCER_BAKERY,VERIFIED_CANDIDATE
1780815,Lidl Great Britain Limited,lidl great britain limited,Retailers - supermarkets/hypermarkets,"43 Woodgrange Road, Forest Gate, London",E7 8BA,Newham,0.024984,51.547676,GROCER_BAKERY,LOCATION_VERIFICATION
1955714,Lavi Cafe Ltd,lavi cafe ltd,Restaurant/Cafe/Canteen,"521 Katherine Road, Forest Gate, London",E7 8DR,Newham,0.0362148,51.5460432,BAKERY_CAFE,VERIFIED_CANDIDATE
1790646,Rafiq Sweets & Bakers,rafiq sweets and bakers,Retailers - other,"135 Green Street, Forest Gate, London",E7 8JE,Newham,0.0325375,51.543787,CORE_BAKERY,VERIFIED_CANDIDATE
979266,Muzda Bakery,muzda bakery,Retailers - other,"129 Green Street, Forest Gate, London",E7 8JF,Newham,0.032173,51.544584,BAKERY_CAFE,VERIFIED_CANDIDATE
1130115,Ambala,ambala,Retailers - other,"104 Green Street, Forest Gate, London",E7 8JG,Newham,0.0321828,51.5435953,GROCER_BAKERY,LOCATION_VERIFICATION
726670,Gafoor Pure Halal Retail Ltd,gafoor pure halal retail ltd,Retailers - other,"134 Green Street, Forest Gate, London",E7 8JQ,Newham,0.032258,51.542954,GROCER_BAKERY,VERIFIED_CANDIDATE
1914654,Banoful,banoful,Retailers - other,"178 Green Street, Forest Gate, London",E7 8JT,Newham,0.032434,51.541728,CORE_BAKERY,LOCATION_VERIFICATION
765275,The Urban Chocolatier,the urban chocolatier,Restaurant/Cafe/Canteen,"Unit 30, 232 - 236 Green Street, Forest Gate, London",E7 8LE,Newham,0.032353,51.539895,BAKERY_CAFE,LOCATION_VERIFICATION
1107747,Nawal,nawal,Retailers - other,"282 Green Street, Forest Gate, London",E7 8LF,Newham,0.0333427,51.5382334,GROCER_BAKERY,LOCATION_VERIFICATION
1379052,Mala Holdings,mala holdings,Retailers - other,"376 Katherine Road, Forest Gate, London",E7 8NW,Newham,0.0376122,51.5421341,GROCER_BAKERY,VERIFIED_CANDIDATE
860752,One Stop Shop,one stop shop,Retailers - other,"296 Romford Road, Forest Gate, London",E7 9HD,Newham,0.02457,51.546163,GROCER_BAKERY,VERIFIED_CANDIDATE
1639046,Wentys Tropical Foods Limited,wentys tropical foods limited,Retailers - other,"26 Upton Lane, Forest Gate, London",E7 9LN,Newham,0.025746,51.545037,GROCER_BAKERY,VERIFIED_CANDIDATE
1398406,Daily Fresh,daily fresh,Retailers - other,"51 - 53 Upton Lane, Forest Gate, London",E7 9PA,Newham,0.026279,51.54501,GROCER_BAKERY,LOCATION_VERIFICATION
1806313,Maswala,maswala,Retailers - other,"39 Upton Lane, Forest Gate, London",E7 9PA,Newham,0.026279,51.54501,GROCER_BAKERY,VERIFIED_CANDIDATE
1829372,Pascheal's,pascheal s,Retailers - other,"17 Upton Lane, Forest Gate, London",E7 9PA,Newham,0.0262314,51.545326,GROCER_BAKERY,VERIFIED_CANDIDATE
1875164,Kneaded,kneaded,Retailers - other,"91C Upton Lane, Forest Gate, London",E7 9PB,Newham,0.0265968,51.5428377,CORE_BAKERY,VERIFIED_CANDIDATE
1589139,The Wagon Wanstead,the wagon wanstead,Restaurant/Cafe/Canteen,"3 High Street, Wanstead",E11 2AA,Redbridge,0.0237067,51.5800901,BAKERY_CAFE,VERIFIED_CANDIDATE
983825,Gail's Bakery Wanstead,gail s bakery wanstead,Retailers - other,"55-57 High Street, Wanstead",E11 2AE,Redbridge,0.0261020008474588,51.5783653259277,CORE_BAKERY,VERIFIED_CANDIDATE
443414,Greggs the Bakers,greggs the bakers,Retailers - other,"85 High Street, Wanstead",E11 2AE,Redbridge,0.026198,51.578248,CORE_BAKERY,LOCATION_VERIFICATION
859283,Ginger Pig,ginger pig,Retailers - other,"3 Clock House Parade, High Street, Wanstead",E11 2AG,Redbridge,0.026612,51.577818,GROCER_BAKERY,LOCATION_VERIFICATION
443660,Belgique (Wanstead) Ltd,belgique wanstead ltd,Restaurant/Cafe/Canteen,"Ground Floor, 29 Cambridge Park, Wanstead",E11 2PU,Redbridge,0.026706,51.575388,BAKERY_CAFE,VERIFIED_CANDIDATE
1091602,La Bakerie,la bakerie,Retailers - other,"119a High Street, Wanstead",E11 2RL,Redbridge,0.027674,51.576712,BAKERY_CAFE,VERIFIED_CANDIDATE
918674,The Barrel Boulangerie,the barrel boulangerie,Restaurant/Cafe/Canteen,"151 High Street, Wanstead",E11 2RL,Redbridge,0.027674,51.576712,BAKERY_CAFE,LOCATION_VERIFICATION
1601387,Asda Express Greggs Aldersbrook,asda express greggs aldersbrook,Retailers - other,"Aldersbrook Service Station, 19 Aldersbrook Road, Wanstead",E12 5HH,Redbridge,0.033872,51.562323,GROCER_BAKERY,VERIFIED_CANDIDATE
840139,Euro Garages Ltd (Greggs),euro garages ltd greggs,Retailers - other,"Aldersbrook Service Station, 19 Aldersbrook Road, Wanstead",E12 5HH,Redbridge,0.033872,51.562323,GROCER_BAKERY,VERIFIED_CANDIDATE
1807671,Bake & Brew Ltd,bake and brew ltd,Takeaway/sandwich shop,,E18 ,Redbridge,,,BAKERY_CAFE,VERIFIED_CANDIDATE
1803371,Woodford Patisserie,woodford patisserie,Retailers - other,"128a George Lane, South Woodford",E18 1AD,Redbridge,,,CORE_BAKERY,VERIFIED_CANDIDATE
443999,Greggs the Bakers,greggs the bakers,Retailers - other,"168 George Lane, South Woodford",E18 1AY,Redbridge,0.024567,51.593842,CORE_BAKERY,LOCATION_VERIFICATION
1087839,Heron's Nest,heron s nest,Takeaway/sandwich shop,"Unit 7 The Galleria, 180-182 George Lane, South Woodford",E18 1AY,Redbridge,0.023838,51.5943265,CORE_BAKERY,VERIFIED_CANDIDATE
443674,International Supermarket,international supermarket,Retailers - supermarkets/hypermarkets,"146-150 George Lane, South Woodford",E18 1AY,Redbridge,0.024567,51.593842,GROCER_BAKERY,SUPERMARKET_SUPPLEMENT
444273,Sainsbury's,sainsbury s,Retailers - supermarkets/hypermarkets,"176 George Lane, South Woodford",E18 1AY,Redbridge,0.024567,51.593842,GROCER_BAKERY,LOCATION_VERIFICATION
1556561,Bread & Oregano,bread and oregano,Restaurant/Cafe/Canteen,"90 George Lane, South Woodford",E18 1JJ,Redbridge,0.0282300002872944,51.5917930603027,BAKERY_CAFE,LOCATION_VERIFICATION
1107204,Ana's cakes and coffee,ana s cakes and coffee,Other catering premises,"1d Cowslip Road, South Woodford",E18 1JN,Redbridge,0.030279,51.592421,BAKERY_CAFE,VERIFIED_CANDIDATE
1519353,Gail's Bakery,gail s bakery,Takeaway/sandwich shop,"20-21 Electric Parade, George Lane, South Woodford",E18 2LY,Redbridge,0.0241122,51.5949277,BAKERY_CAFE,LOCATION_VERIFICATION
443431,Waitrose,waitrose,Retailers - supermarkets/hypermarkets,"92-96 High Road, South Woodford",E18 2NA,Redbridge,0.022437,51.595291,GROCER_BAKERY,SUPERMARKET_SUPPLEMENT
1611334,Le Mahzen Chocolatier,le mahzen chocolatier,Retailers - other,"239 High Road, South Woodford",E18 2PB,Redbridge,0.0200914,51.5994683,BAKERY_CAFE,VERIFIED_CANDIDATE
1774663,Muffin Break,muffin break,Restaurant/Cafe/Canteen,"Unit, 2LL The Exchange, High Road",IG1 1AR,Redbridge,0.0718586,51.5601311,BAKERY_CAFE,LOCATION_VERIFICATION
1888937,Bagel Town,bagel town,Takeaway/sandwich shop,"Level 1 Lower The Exchange, High Road, Ilford",IG1 1AS,Redbridge,,,BAKERY_CAFE,LOCATION_VERIFICATION
1684186,Lidl,lidl,Retailers - supermarkets/hypermarkets,"155-161 High Road, Ilford",IG1 1DG,Redbridge,0.0731868,51.5591994,GROCER_BAKERY,LOCATION_VERIFICATION
443198,Iceland,iceland,Retailers - supermarkets/hypermarkets,"60 High Road, Ilford",IG1 1DL,Redbridge,0.0709,51.558313,GROCER_BAKERY,LOCATION_VERIFICATION
1564254,Wenzel’s the Bakers,wenzel s the bakers,Takeaway/sandwich shop,"98 High Road, Ilford",IG1 1DS,Redbridge,0.0722224,51.5586411,CORE_BAKERY,LOCATION_VERIFICATION
1961897,Heriots Patisserie,heriots patisserie,Restaurant/Cafe/Canteen,"Mm Ilford, 3 Chadwick Road, Ilford",IG1 1EQ,Redbridge,0.0738987,51.5580715,CORE_BAKERY,LOCATION_VERIFICATION
1961906,Shukran Bakalva and Kunefe,shukran bakalva and kunefe,Takeaway/sandwich shop,"Mm Ilford, 3 Chadwick Road, Ilford",IG1 1EQ,Redbridge,0.0738987,51.5580715,CORE_BAKERY,VERIFIED_CANDIDATE
443718,Sainsbury's,sainsbury s,Retailers - supermarkets/hypermarkets,"168-170 High Road, Ilford",IG1 1LL,Redbridge,0.0749910026788712,51.559139251709,GROCER_BAKERY,LOCATION_VERIFICATION
443615,Sam 99p Ltd,sam 99p ltd,Retailers - other,"194-196 High Road, Ilford",IG1 1LR,Redbridge,0.076142,51.559371,GROCER_BAKERY,VERIFIED_CANDIDATE
443451,Lidl,lidl,Retailers - supermarkets/hypermarkets,"261-275 High Road, Ilford",IG1 1NJ,Redbridge,0.078896,51.5606,GROCER_BAKERY,LOCATION_VERIFICATION
570065,Azad Food Centre,azad food centre,Retailers - supermarkets/hypermarkets,"411-413 High Road, Ilford",IG1 1TJ,Redbridge,0.084549,51.561497,GROCER_BAKERY,SUPERMARKET_SUPPLEMENT
1222944,Mithi Caffe & Sweets,mithi caffe and sweets,Other catering premises,"Flat 1 Balfour House, 394-398 High Road, Ilford",IG1 1TL,Redbridge,0.0853366,51.5612034,BAKERY_CAFE,VERIFIED_CANDIDATE
444252,Sainsbury's,sainsbury s,Retailers - supermarkets/hypermarkets,"55 Roden Street, Ilford",IG1 2AA,Redbridge,0.067963,51.55653,GROCER_BAKERY,LOCATION_VERIFICATION
544631,Gourmet,gourmet,Retailers - other,"94 Ilford Lane, Ilford",IG1 2LD,Redbridge,0.07243,51.554203,CORE_BAKERY,VERIFIED_CANDIDATE
1349483,Chashni sweets & bakers,chashni sweets and bakers,Retailers - other,"194 Ilford Lane, Ilford",IG1 2LJ,Redbridge,0.0739606,51.55147,BAKERY_CAFE,VERIFIED_CANDIDATE
443717,Sri Store Ltd,sri store ltd,Retailers - other,"396-400 Ilford Lane, Ilford",IG1 2NB,Redbridge,0.076126,51.547312,GROCER_BAKERY,VERIFIED_CANDIDATE
1246658,Paul's Bakery,paul s bakery,Retailers - other,"99 Ilford Lane, Ilford",IG1 2RJ,Redbridge,0.071961,51.5553991,CORE_BAKERY,LOCATION_VERIFICATION
1388045,Gourmet Bakers & Sweets,gourmet bakers and sweets,Retailers - other,"133 Ilford Lane, Ilford",IG1 2RP,Redbridge,0.07303,51.554085,BAKERY_CAFE,VERIFIED_CANDIDATE
1318112,Nawal,nawal,Retailers - other,"Unit 1, 211 Ilford Lane, Ilford",IG1 2RU,Redbridge,0.0742009,51.5519963,GROCER_BAKERY,LOCATION_VERIFICATION
443680,Nirala (Sweet Mahal Ltd),nirala sweet mahal ltd,Retailers - other,"225 Ilford Lane, Ilford",IG1 2RZ,Redbridge,0.0744123,51.5515699,GROCER_BAKERY,VERIFIED_CANDIDATE
570064,Lifestyle Express,lifestyle express,Retailers - other,"411 Ilford Lane, Ilford",IG1 2SN,Redbridge,0.076825,51.5465,GROCER_BAKERY,VERIFIED_CANDIDATE
1752836,Greggs PLC,greggs plc,Takeaway/sandwich shop,"28 Cranbrook Road, Ilford",IG1 4NE,Redbridge,0.0702582,51.5598356,BAKERY_CAFE,LOCATION_VERIFICATION
1015144,Icakes,icakes,Takeaway/sandwich shop,"40 Cranbrook Road, Ilford",IG1 4NF,Redbridge,0.070127,51.560044,CORE_BAKERY,VERIFIED_CANDIDATE
654128,Ambala Foods Ltd,ambala foods ltd,Takeaway/sandwich shop,"98 Cranbrook Road, Ilford",IG1 4NH,Redbridge,0.069604,51.561222,BAKERY_CAFE,VERIFIED_CANDIDATE
1916167,Londek Food plus,londek food plus,Retailers - other,"66 Cranbrook Road, Ilford",IG1 4NH,Redbridge,0.0700943,51.5606748,GROCER_BAKERY,VERIFIED_CANDIDATE
1045243,Blend 93 Ltd,blend 93 ltd,Restaurant/Cafe/Canteen,"525 Cranbrook Road, Ilford",IG2 6HA,Redbridge,0.065956,51.57527,BAKERY_CAFE,VERIFIED_CANDIDATE
443113,Iceland,iceland,Retailers - supermarkets/hypermarkets,"531-533 Cranbrook Road, Ilford",IG2 6HA,Redbridge,0.065956,51.57527,GROCER_BAKERY,LOCATION_VERIFICATION
443794,Sainsbury's,sainsbury s,Retailers - supermarkets/hypermarkets,"555-557 Cranbrook Road, Ilford",IG2 6HE,Redbridge,0.065807,51.575822,GROCER_BAKERY,LOCATION_VERIFICATION
668378,Where 2 Save,where 2 save,Retailers - other,"380-386 Cranbrook Road, Ilford",IG2 6HW,Redbridge,0.06661,51.575708,GROCER_BAKERY,VERIFIED_CANDIDATE
1302027,Ajwa sweets,ajwa sweets,Retailers - other,"470 Cranbrook Road, Ilford",IG2 6LE,Redbridge,0.0686205,51.5771575,BAKERY_CAFE,VERIFIED_CANDIDATE
1725215,Lidl Great Britain Limited,lidl great britain limited,Retailers - supermarkets/hypermarkets,"2 Springfield Drive, Barkingside",IG2 6QG,Redbridge,0.0825697,51.5744512,GROCER_BAKERY,SUPERMARKET_SUPPLEMENT
444344,Shalom Hot Bagel Bakery,shalom hot bagel bakery,Retailers - other,"35 Woodford Avenue, Ilford",IG2 6UF,Redbridge,0.065196,51.577307,CORE_BAKERY,VERIFIED_CANDIDATE
1907941,Cakes & Bakes,cakes and bakes,Retailers - other,"6 Central Parade, Ley Street, Ilford",IG2 7DE,Redbridge,0.083759,51.572941,CORE_BAKERY,LOCATION_VERIFICATION
443919,Sathyam,sathyam,Retailers - other,"2-3 Central Parade, Ley Street, Ilford",IG2 7DE,Redbridge,0.083759,51.572941,GROCER_BAKERY,VERIFIED_CANDIDATE
444179,BP Newbury Centre Service Station,bp newbury centre service station,Retailers - other,"758-768 Eastern Avenue, Ilford",IG2 7HU,Redbridge,0.08431,51.5733,GROCER_BAKERY,VERIFIED_CANDIDATE
443102,Sainsbury's,sainsbury s,Retailers - supermarkets/hypermarkets,"Units 1 And 2, King George Avenue, Newbury Park",IG2 7SH,Redbridge,0.0871409997344017,51.5812339782715,GROCER_BAKERY,LOCATION_VERIFICATION
809977,Payless Food & Wine,payless food and wine,Retailers - other,"8 Electric Parade, Seven Kings Road, Seven Kings",IG3 8BY,Redbridge,0.097627,51.563224,GROCER_BAKERY,LOCATION_VERIFICATION
443401,Budgens,budgens,Retailers - other,"105-107 Meads Lane, Seven Kings",IG3 8NT,Redbridge,0.09867,51.570814,GROCER_BAKERY,LOCATION_VERIFICATION
443945,BNR Convenience Store Ltd,bnr convenience store ltd,Retailers - other,"772 High Road, Goodmayes",IG3 8SY,Redbridge,0.108835,51.56627,GROCER_BAKERY,VERIFIED_CANDIDATE
977932,Magazin Romanesc,magazin romanesc,Retailers - other,"817 High Road, Goodmayes",IG3 8TD,Redbridge,0.108630999922752,51.566535949707,GROCER_BAKERY,LOCATION_VERIFICATION
442860,Lucky Prime Store,lucky prime store,Retailers - other,"351 Green Lane, Seven Kings",IG3 9TH,Redbridge,0.0992716,51.5611172,GROCER_BAKERY,VERIFIED_CANDIDATE
1901574,The Pantry,the pantry,Takeaway/sandwich shop,"26-28 Goodmayes Road, Goodmayes",IG3 9UN,Redbridge,0.1102688,51.5661549,BAKERY_CAFE,LOCATION_VERIFICATION
1497453,Pret A Manger ( K & M Redbridge ltd),pret a manger k and m redbridge ltd,Restaurant/Cafe/Canteen,130 Eastern Avenue,IG4 5AQ,Redbridge,0.046727,51.5757667,BAKERY_CAFE,VERIFIED_CANDIDATE
1397398,Artful Blend,artful blend,Other catering premises,"8 Roding Lane South, Ilford",IG4 5NX,Redbridge,0.0454285,51.5771864,BAKERY_CAFE,VERIFIED_CANDIDATE
1427562,Tesco Family Dining Ltd,tesco family dining ltd,Restaurant/Cafe/Canteen,"Family Dining Tesco, 796 Cranbrook Road, Ilford",IG6 1HZ,Redbridge,0.0818758,51.5861317,GROCER_BAKERY,VERIFIED_CANDIDATE
444209,Tesco Stores Ltd (Store),tesco stores ltd store,Retailers - supermarkets/hypermarkets,"796 Cranbrook Road, Ilford",IG6 1HZ,Redbridge,0.081444,51.587326,GROCER_BAKERY,LOCATION_VERIFICATION
443100,Sainsbury's,sainsbury s,Retailers - supermarkets/hypermarkets,"92-100 Tanners Lane, Barkingside",IG6 1QE,Redbridge,0.082536,51.588179,GROCER_BAKERY,LOCATION_VERIFICATION
444094,Greggs the Bakers,greggs the bakers,Retailers - other,"75 High Street, Barkingside",IG6 2AF,Redbridge,0.081893,51.590528,CORE_BAKERY,LOCATION_VERIFICATION
698640,Veemart,veemart,Retailers - other,"115-125 High Street, Barkingside",IG6 2AJ,Redbridge,0.083857,51.592741,GROCER_BAKERY,VERIFIED_CANDIDATE
443458,Iceland,iceland,Retailers - supermarkets/hypermarkets,"23 High Street, Barkingside",IG6 2AW,Redbridge,0.080665,51.588922,GROCER_BAKERY,LOCATION_VERIFICATION
668388,Sheikh Halal Ltd,sheikh halal ltd,Retailers - other,"8 High Street, Barkingside",IG6 2DF,Redbridge,0.081342,51.588901,GROCER_BAKERY,VERIFIED_CANDIDATE
1777931,Nawal,nawal,Retailers - other,"40 High Street, Barkingside",IG6 2DQ,Redbridge,0.0818135,51.5894431,GROCER_BAKERY,LOCATION_VERIFICATION
443922,Adas,adas,Retailers - other,"7 State Parade, High Street, Barkingside",IG6 2EY,Redbridge,0.084368,51.593497,GROCER_BAKERY,VERIFIED_CANDIDATE
1358139,Cherry Land Patisserie,cherry land patisserie,Takeaway/sandwich shop,"115 Fencepiece Road, Ilford",IG6 2LD,Redbridge,0.0839395,51.6022012,BAKERY_CAFE,VERIFIED_CANDIDATE
595054,Lidl,lidl,Retailers - supermarkets/hypermarkets,"250-260 Fencepiece Road, Ilford",IG6 2SU,Redbridge,0.084819,51.603659,GROCER_BAKERY,LOCATION_VERIFICATION
444099,Greggs The Bakers,greggs the bakers,Retailers - other,"197 Manford Way, Chigwell",IG7 4DJ,Redbridge,0.107382,51.608481,CORE_BAKERY,LOCATION_VERIFICATION
1380033,Wenzels the Bakers,wenzels the bakers,Other catering premises,"159 Manford Way, Chigwell",IG7 4DN,Redbridge,0.1051087,51.6084242,CORE_BAKERY,LOCATION_VERIFICATION
443855,Bread and Marmalade Cafe,bread and marmalade cafe,Restaurant/Cafe/Canteen,"117 Snakes Lane West, Woodford Green",IG8 0DY,Redbridge,0.03248,51.607122,BAKERY_CAFE,VERIFIED_CANDIDATE
443059,Belgique (Woodford) Ltd,belgique woodford ltd,Retailers - other,"Ground Floor, 11 The Broadway, Woodford Green",IG8 0HL,Redbridge,0.033297,51.607944,BAKERY_CAFE,VERIFIED_CANDIDATE
443879,Sainsbury's,sainsbury s,Retailers - supermarkets/hypermarkets,"27-28 The Broadway, Woodford Green",IG8 0HQ,Redbridge,0.034019,51.60795,GROCER_BAKERY,LOCATION_VERIFICATION
1777927,Honey I’m Home,honey i m home,Restaurant/Cafe/Canteen,"451 High Road, Woodford Green",IG8 0XE,Redbridge,0.02190288,51.6100849,BAKERY_CAFE,VERIFIED_CANDIDATE
444241,Shepherds,shepherds,Retailers - other,"108 Snakes Lane East, Woodford Green",IG8 7HY,Redbridge,0.038709,51.60786,BAKERY_CAFE,VERIFIED_CANDIDATE
443074,Londis Snake Lane,londis snake lane,Retailers - other,"128 Snakes Lane East, Woodford Green",IG8 7HZ,Redbridge,0.039766,51.607598,GROCER_BAKERY,VERIFIED_CANDIDATE
704003,Phoeby's,phoeby s,Restaurant/Cafe/Canteen,"14 Jubilee Parade, Snakes Lane East, Woodford Green",IG8 7QG,Redbridge,0.036359,51.607631,BAKERY_CAFE,VERIFIED_CANDIDATE
1137425,Magazin Romanesc,magazin romanesc,Restaurant/Cafe/Canteen,"730 Chigwell Road, Woodford Green",IG8 8AL,Redbridge,0.0556276,51.606819,GROCER_BAKERY,LOCATION_VERIFICATION
443272,Tesco Stores Ltd,tesco stores ltd,Retailers - supermarkets/hypermarkets,"Southend Road, Woodford Green",IG8 8GE,Redbridge,0.040153,51.592079,GROCER_BAKERY,LOCATION_VERIFICATION
443567,Four Brothers,four brothers,Retailers - other,"52 Station Road, Chadwell Heath",RM6 4BU,Redbridge,0.129658,51.567837,GROCER_BAKERY,VERIFIED_CANDIDATE
1137426,Costa Limited,costa limited,Restaurant/Cafe/Canteen,"Unit 2a Goodmayes Retail Park, 850-860 High Road, Chadwell Heath",RM6 4HX,Redbridge,0.11760900169611,51.5672264099121,BAKERY_CAFE,VERIFIED_CANDIDATE
1222450,Shazans Counters,shazans counters,Retailers - other,"Tesco Extra, 822 High Road, Chadwell Heath",RM6 4HY,Redbridge,0.111922,51.566556,GROCER_BAKERY,VERIFIED_CANDIDATE
443349,Tesco Stores Ltd (Store),tesco stores ltd store,Retailers - supermarkets/hypermarkets,"822 High Road, Chadwell Heath",RM6 4HY,Redbridge,0.111922,51.566556,GROCER_BAKERY,VERIFIED_CANDIDATE
444236,Chadwell Heath Premier,chadwell heath premier,Retailers - other,"67 Chadwell Heath Lane, Chadwell Heath",RM6 4NP,Redbridge,0.125461,51.572841,GROCER_BAKERY,VERIFIED_CANDIDATE
444237,Mr Bunns Bakery,mr bunns bakery,Retailers - other,"69 Chadwell Heath Lane, Chadwell Heath",RM6 4NP,Redbridge,0.125461,51.572841,CORE_BAKERY,VERIFIED_CANDIDATE
1371558,Iceland Foods Limited,iceland foods limited,Retailers - supermarkets/hypermarkets,"Grove Farm Retail Park, 1015-1021 High Road, Chadwell Heath",,Redbridge,0.1221205,51.570008,GROCER_BAKERY,LOCATION_VERIFICATION
1531433,Swirldrop Treats,swirldrop treats,Takeaway/sandwich shop,"522 High Road, Seven Kings",,Redbridge,-0.29670043,51.55259506,BAKERY_CAFE,VERIFIED_CANDIDATE
1800879,Sainsbury's Supermarkets Ltd,sainsbury s supermarkets ltd,Retailers - other,"59 - 61 High Street, Hampton Wick, Richmond Upon Thames",KT1 4DG,Richmond-Upon-Thames,-0.3123273,51.4138127,GROCER_BAKERY,LOCATION_VERIFICATION
1575243,Pistachio's in the Park,pistachio s in the park,Restaurant/Cafe/Canteen,"Kings Field Pavilion Church Grove, Kingston Upon Thames, Richmond Upon Thames",KT1 4ET,Richmond-Upon-Thames,-0.3124636,51.4111233,BAKERY_CAFE,VERIFIED_CANDIDATE
1575524,Colicci,colicci,Restaurant/Cafe/Canteen,"Kingston Gate Lodge Richmond Park, Kingston Upon Thames, Richmond Upon Thames",KT2 5JN,Richmond-Upon-Thames,-0.2862031,51.420418,BAKERY_CAFE,LOCATION_VERIFICATION
1574673,Greggs,greggs,Retailers - other,"430 Richmond Road, Kingston Upon Thames, Richmond Upon Thames",KT2 5PU,Richmond-Upon-Thames,,,CORE_BAKERY,LOCATION_VERIFICATION
1735821,Starbarks Ltd,starbarks ltd,Restaurant/Cafe/Canteen,"432 Richmond Road, Kingston Upon Thames, Richmond Upon Thames",KT2 5PU,Richmond-Upon-Thames,,,BAKERY_CAFE,VERIFIED_CANDIDATE
1904275,Cavan Bakery,cavan bakery,Retailers - other,"309 Richmond Road, Kingston Upon Thames, Richmond Upon Thames",KT2 5QU,Richmond-Upon-Thames,-0.307366,51.4307701,CORE_BAKERY,LOCATION_VERIFICATION
1574426,Ham Cross Service Station,ham cross service station,Retailers - other,"297 Richmond Road, Kingston Upon Thames, Richmond Upon Thames",KT2 5QU,Richmond-Upon-Thames,-0.3076344,51.4305132,GROCER_BAKERY,VERIFIED_CANDIDATE
1768277,Sainsbury's,sainsbury s,Retailers - supermarkets/hypermarkets,"19 - 23 Upper Ham Road, Ham, Richmond Upon Thames",KT2 5QX,Richmond-Upon-Thames,-0.3073604,51.4313096,GROCER_BAKERY,LOCATION_VERIFICATION
1574924,Company of Cooks by Compass Group UK,company of cooks by compass group uk,Restaurant/Cafe/Canteen,"Hampton Court Palace Hampton Court Road, Hampton, Richmond Upon Thames",KT8 9AU,Richmond-Upon-Thames,,,BAKERY_CAFE,LOCATION_VERIFICATION
1592322,The Coppernose,the coppernose,Restaurant/Cafe/Canteen,"1 Palace Gate Hampton Court Road, Hampton, Richmond Upon Thames",KT8 9BN,Richmond-Upon-Thames,-0.3421115,51.404847,BAKERY_CAFE,VERIFIED_CANDIDATE
1575298,The Barnes Bakehouse,the barnes bakehouse,Other catering premises,,SW13,Richmond-Upon-Thames,,,CORE_BAKERY,VERIFIED_CANDIDATE
1590083,Lockdown Bakehouse,lockdown bakehouse,Restaurant/Cafe/Canteen,"56 Church Road, Barnes, Richmond Upon Thames",SW13 0DQ,Richmond-Upon-Thames,-0.2412313,51.4746429,BAKERY_CAFE,VERIFIED_CANDIDATE
1574393,Morrisons Daily,morrisons daily,Retailers - other,"96 Church Road, Barnes, Richmond Upon Thames",SW13 0DQ,Richmond-Upon-Thames,,,GROCER_BAKERY,LOCATION_VERIFICATION
1574271,Dolce Crema,dolce crema,Restaurant/Cafe/Canteen,"3 The Broadway, Barnes, Richmond Upon Thames",SW13 0NY,Richmond-Upon-Thames,-0.2559522,51.4703753,BAKERY_CAFE,VERIFIED_CANDIDATE
1574761,Sainsbury's,sainsbury s,Retailers - supermarkets/hypermarkets,"Ground Floor 9 - 11 White Hart Lane, Barnes, Richmond Upon Thames",SW13 0PX,Richmond-Upon-Thames,-0.2553,51.4704,GROCER_BAKERY,LOCATION_VERIFICATION
1574438,iLocal,ilocal,Retailers - other,"42 White Hart Lane, Barnes, Richmond Upon Thames",SW13 0PZ,Richmond-Upon-Thames,-0.2550665,51.4690582,GROCER_BAKERY,VERIFIED_CANDIDATE
1931893,Fat goose bakery,fat goose bakery,Retailers - other,"176 Castelnau, Barnes, Richmond Upon Thames",SW13 9DH,Richmond-Upon-Thames,-0.2332181,51.4852597,CORE_BAKERY,VERIFIED_CANDIDATE
1574555,Spoonful,spoonful,Retailers - other,"174 Castelnau, Barnes, Richmond Upon Thames",SW13 9DH,Richmond-Upon-Thames,-0.233249,51.4852062,BAKERY_CAFE,VERIFIED_CANDIDATE
1684245,Sips & Bites Ltd,sips and bites ltd,Retailers - other,"185 Castelnau, Barnes, Richmond Upon Thames",SW13 9ER,Richmond-Upon-Thames,-0.2337374,51.4852406,BAKERY_CAFE,VERIFIED_CANDIDATE
1654955,Barnes Pantry,barnes pantry,Retailers - other,"63 - 65 Church Road, Barnes, Richmond Upon Thames",SW13 9HH,Richmond-Upon-Thames,-0.2440682,51.4742627,GROCER_BAKERY,VERIFIED_CANDIDATE
1574324,GAIL's Barnes,gail s barnes,Restaurant/Cafe/Canteen,"49 Church Road, Barnes, Richmond Upon Thames",SW13 9HH,Richmond-Upon-Thames,-0.2445751,51.4741893,CORE_BAKERY,VERIFIED_CANDIDATE
1840500,Brekky,brekky,Restaurant/Cafe/Canteen,"147 Church Road, Barnes, Richmond Upon Thames",SW13 9HR,Richmond-Upon-Thames,,,BAKERY_CAFE,VERIFIED_CANDIDATE
1858002,The Base,the base,Restaurant/Cafe/Canteen,"3 Liffords Place, Barnes, Richmond Upon Thames",SW13 9LR,Richmond-Upon-Thames,-0.249704,51.4733667,BAKERY_CAFE,LOCATION_VERIFICATION
1690070,Marks & Spencer,marks and spencer,Retailers - supermarkets/hypermarkets,"28 Barnes High Street, Barnes, London, Richmond Upon Thames",SW13 9LW,Richmond-Upon-Thames,,,GROCER_BAKERY,LOCATION_VERIFICATION
1574329,Sainsbury's,sainsbury s,Retailers - supermarkets/hypermarkets,"11 Barnes High Street, Barnes, London, Richmond Upon Thames",SW13 9LW,Richmond-Upon-Thames,,,GROCER_BAKERY,LOCATION_VERIFICATION
1949828,The Parish Bakery,the parish bakery,Retailers - other,"The Parish Bakery 13 Barnes High Street, Barnes, London, Richmond Upon Thames",SW13 9LW,Richmond-Upon-Thames,,,CORE_BAKERY,LOCATION_VERIFICATION
1575424,Blue Tree Kitchen Ltd,blue tree kitchen ltd,Retailers - other,"261 Lonsdale Road, Barnes, Richmond Upon Thames",SW13 9QL,Richmond-Upon-Thames,-0.248695,51.4775332,BAKERY_CAFE,VERIFIED_CANDIDATE
1574569,The Cavan Bakery Ltd,the cavan bakery ltd,Retailers - other,"51 Sheen Lane, East Sheen, Richmond Upon Thames",SW14 8AB,Richmond-Upon-Thames,-0.266448,51.4672953,CORE_BAKERY,LOCATION_VERIFICATION
1574893,Boutique Cafe,boutique cafe,Restaurant/Cafe/Canteen,"131 Sheen Lane, East Sheen, Richmond Upon Thames",SW14 8AE,Richmond-Upon-Thames,-0.266557,51.4652358,BAKERY_CAFE,VERIFIED_CANDIDATE
1932813,The Sixth Element,the sixth element,Restaurant/Cafe/Canteen,"210 Upper Richmond Road West, East Sheen, Richmond Upon Thames",SW14 8AH,Richmond-Upon-Thames,-0.2644322,51.4650785,BAKERY_CAFE,VERIFIED_CANDIDATE
1928518,LE SWINE / LOUBMAN LTD,le swine loubman ltd,Restaurant/Cafe/Canteen,"170 Upper Richmond Road West, East Sheen, Richmond Upon Thames",SW14 8AW,Richmond-Upon-Thames,-0.2622616,51.4652295,BAKERY_CAFE,VERIFIED_CANDIDATE
1574117,Artisan,artisan,Restaurant/Cafe/Canteen,"139 Sheen Lane, East Sheen, Richmond Upon Thames",SW14 8LR,Richmond-Upon-Thames,-0.2663114,51.4646267,BAKERY_CAFE,LOCATION_VERIFICATION
1666073,MFG Mortlake - Londis,mfg mortlake londis,Retailers - other,"Mfg 16-26 Sheen Lane, Mortlake, London, Richmond Upon Thames",SW14 8LW,Richmond-Upon-Thames,,,GROCER_BAKERY,VERIFIED_CANDIDATE
1743933,Boulangerie Jade,boulangerie jade,Restaurant/Cafe/Canteen,"313 Upper Richmond Road West, East Sheen, Richmond Upon Thames",SW14 8QR,Richmond-Upon-Thames,-0.2639111,51.4648044,BAKERY_CAFE,LOCATION_VERIFICATION
1574503,Sheen Polish Delicatessen,sheen polish delicatessen,Retailers - other,"333 Upper Richmond Road West, East Sheen, Richmond Upon Thames",SW14 8QR,Richmond-Upon-Thames,-0.2647189,51.464732,GROCER_BAKERY,VERIFIED_CANDIDATE
1949827,The Parish Bakery,the parish bakery,Retailers - other,"205 Upper Richmond Road West, East Sheen, Richmond Upon Thames",SW14 8QT,Richmond-Upon-Thames,-0.2613106,51.4649715,CORE_BAKERY,VERIFIED_CANDIDATE
1631264,Puccino's,puccino s,Restaurant/Cafe/Canteen,"Twickenham Railway Station Unit F London Road, Twickenham, Richmond Upon Thames",TW1 1BD,Richmond-Upon-Thames,-0.3303667,51.4500309,BAKERY_CAFE,LOCATION_VERIFICATION
1854358,Sainsbury's,sainsbury s,Retailers - other,"82 London Road, Twickenham, Richmond Upon Thames",TW1 1BD,Richmond-Upon-Thames,-0.3302918,51.4501342,GROCER_BAKERY,LOCATION_VERIFICATION
1902191,Gail's Bakery St Margaret,gail s bakery st margaret,Restaurant/Cafe/Canteen,"125 St Margarets Road, Twickenham, Richmond Upon Thames",TW1 1RG,Richmond-Upon-Thames,,,CORE_BAKERY,VERIFIED_CANDIDATE
1784037,Lidl,lidl,Retailers - other,"383 Richmond Road, Twickenham, Richmond Upon Thames",TW1 2EF,Richmond-Upon-Thames,-0.3105535,51.4557966,GROCER_BAKERY,LOCATION_VERIFICATION
1629163,Lallapolosa Baking Company,lallapolosa baking company,Restaurant/Cafe/Canteen,"363 Richmond Road, Twickenham, Richmond Upon Thames",TW1 2EJ,Richmond-Upon-Thames,-0.3113246,51.4552686,BAKERY_CAFE,VERIFIED_CANDIDATE
1574290,The Broadway Stores,the broadway stores,Retailers - other,"119 - 121 St Margarets Road, Twickenham, Richmond Upon Thames",TW1 2LH,Richmond-Upon-Thames,,,GROCER_BAKERY,VERIFIED_CANDIDATE
1629152,Orleans Garden Kiosk Ltd,orleans garden kiosk ltd,Restaurant/Cafe/Canteen,"Orleans Gardens Cafe Orleans Road, Twickenham, Richmond Upon Thames",TW1 3BL,Richmond-Upon-Thames,,,BAKERY_CAFE,VERIFIED_CANDIDATE
1575427,Bones Espresso Ltd,bones espresso ltd,Restaurant/Cafe/Canteen,"28 York Street, Twickenham, Richmond Upon Thames",TW1 3LJ,Richmond-Upon-Thames,,,BAKERY_CAFE,VERIFIED_CANDIDATE
1574519,Rosie Chai,rosie chai,Retailers - other,"13 Church Street, Twickenham, Richmond Upon Thames",TW1 3NJ,Richmond-Upon-Thames,-0.3267998,51.4469567,BAKERY_CAFE,VERIFIED_CANDIDATE
1575357,Gail's Bakery,gail s bakery,Restaurant/Cafe/Canteen,"35 Church Street, Twickenham, Richmond Upon Thames",TW1 3NR,Richmond-Upon-Thames,-0.3275357,51.4465086,BAKERY_CAFE,LOCATION_VERIFICATION
1574216,Waitrose,waitrose,Retailers - supermarkets/hypermarkets,"50 London Road, Twickenham, Richmond Upon Thames",TW1 3RJ,Richmond-Upon-Thames,-0.328797,51.4485612,GROCER_BAKERY,SUPERMARKET_SUPPLEMENT
1575242,Pret A Manger,pret a manger,Restaurant/Cafe/Canteen,"21 King Street, Twickenham, Richmond Upon Thames",TW1 3SF,Richmond-Upon-Thames,,,BAKERY_CAFE,LOCATION_VERIFICATION
1574763,Greggs,greggs,Retailers - other,"8 King Street, Twickenham, Richmond Upon Thames",TW1 3SN,Richmond-Upon-Thames,-0.3285835,51.4465865,CORE_BAKERY,LOCATION_VERIFICATION
1575401,Twickenham express,twickenham express,Retailers - other,"63 London Road, Twickenham, Richmond Upon Thames",TW1 3SZ,Richmond-Upon-Thames,-0.3297473,51.4486084,GROCER_BAKERY,VERIFIED_CANDIDATE
1575355,Double Deli LTD,double deli ltd,Restaurant/Cafe/Canteen,"19 Heath Road, Twickenham, Richmond Upon Thames",TW1 4AW,Richmond-Upon-Thames,-0.3311387,51.4451841,GROCER_BAKERY,VERIFIED_CANDIDATE
1844519,Harvest Haven,harvest haven,Retailers - other,"17 Heath Road, Twickenham, Richmond Upon Thames",TW1 4AW,Richmond-Upon-Thames,-0.3308988,51.4452121,GROCER_BAKERY,VERIFIED_CANDIDATE
1854352,Sahtain Café/Breakfast Beauties/Brekkie Bagels/Sunny and Fine’s Breakfast Burritos,sahtain café breakfast beauties brekkie bagels sunny and fine s breakfast burritos,Restaurant/Cafe/Canteen,"41 Heath Road, Twickenham, Richmond Upon Thames",TW1 4AW,Richmond-Upon-Thames,-0.3320788,51.4450537,BAKERY_CAFE,VERIFIED_CANDIDATE
1575369,Buongiorno,buongiorno,Restaurant/Cafe/Canteen,"Unit 2 At 149 Heath Road, Twickenham, Richmond Upon Thames",TW1 4BH,Richmond-Upon-Thames,-0.3369665,51.4451428,BAKERY_CAFE,VERIFIED_CANDIDATE
1875649,The Jolly Baker Enterprises Ltd,the jolly baker enterprises ltd,Restaurant/Cafe/Canteen,"158 Heath Road, Twickenham, Richmond Upon Thames",TW1 4BN,Richmond-Upon-Thames,-0.3373163,51.4454698,CORE_BAKERY,VERIFIED_CANDIDATE
1574172,Marks & Spencer Simply Foods,marks and spencer simply foods,Retailers - supermarkets/hypermarkets,"2 - 4 Heath Road, Twickenham, Richmond Upon Thames",TW1 4BZ,Richmond-Upon-Thames,-0.3303694,51.4457577,GROCER_BAKERY,SUPERMARKET_SUPPLEMENT
1574218,Sainsbury's,sainsbury s,Retailers - supermarkets/hypermarkets,"42 - 44 Friars Stile Road, Richmond, Richmond Upon Thames",TW10 6NQ,Richmond-Upon-Thames,-0.296952,51.4550877,GROCER_BAKERY,LOCATION_VERIFICATION
1574535,The Richmond Hill Bakery,the richmond hill bakery,Retailers - other,"54 Friars Stile Road, Richmond, Richmond Upon Thames",TW10 6NQ,Richmond-Upon-Thames,-0.2964485,51.455467,CORE_BAKERY,VERIFIED_CANDIDATE
1574136,Kapucin,kapucin,Restaurant/Cafe/Canteen,"18B Hill Rise, Richmond, Richmond Upon Thames",TW10 6UA,Richmond-Upon-Thames,-0.3049056,51.4579726,BAKERY_CAFE,VERIFIED_CANDIDATE
1574537,Hansel & Pretzel,hansel and pretzel,Restaurant/Cafe/Canteen,"71 Ham Street, Ham, Richmond Upon Thames",TW10 7HW,Richmond-Upon-Thames,-0.3137,51.438469,CORE_BAKERY,VERIFIED_CANDIDATE
1574754,Puccino's,puccino s,Restaurant/Cafe/Canteen,"Puccinos Platform 2 Teddington Railway Station Victoria Road, Teddington, Richmond Upon Thames",TW11 0BD,Richmond-Upon-Thames,-0.3327482,51.4243952,BAKERY_CAFE,VERIFIED_CANDIDATE
1629166,Local Hero Teddington Ltd,local hero teddington ltd,Restaurant/Cafe/Canteen,"59 Ground Floor Shop High Street, Teddington, London, Richmond Upon Thames",TW11 8HA,Richmond-Upon-Thames,-0.3310269,51.4273469,BAKERY_CAFE,VERIFIED_CANDIDATE
1574439,Sainsbury's Local,sainsbury s local,Retailers - supermarkets/hypermarkets,"196 High Street, Teddington, London, Richmond Upon Thames",TW11 8HU,Richmond-Upon-Thames,-0.3257109,51.4275537,GROCER_BAKERY,LOCATION_VERIFICATION
1704045,Girasole,girasole,Retailers - other,"154 High Street, Teddington, London, Richmond Upon Thames",TW11 8HZ,Richmond-Upon-Thames,-0.3273876,51.4273348,GROCER_BAKERY,VERIFIED_CANDIDATE
1675037,GAIL's Teddington,gail s teddington,Restaurant/Cafe/Canteen,"60 - 62 Broad Street, Teddington, Richmond Upon Thames",TW11 8QY,Richmond-Upon-Thames,-0.3366204,51.4258117,CORE_BAKERY,VERIFIED_CANDIDATE
1574487,The Cavan Bakery Ltd,the cavan bakery ltd,Retailers - other,"42 Broad Street, Teddington, Richmond Upon Thames",TW11 8QY,Richmond-Upon-Thames,-0.3376973,51.425863,CORE_BAKERY,LOCATION_VERIFICATION
1680738,Bonvivan,bonvivan,Restaurant/Cafe/Canteen,"31 Broad Street, Teddington, Richmond Upon Thames",TW11 8QZ,Richmond-Upon-Thames,-0.3384325,51.4262151,BAKERY_CAFE,VERIFIED_CANDIDATE
1574343,Tesco Metro,tesco metro,Retailers - supermarkets/hypermarkets,"20 - 28 Broad Street, Teddington, Richmond Upon Thames",TW11 8RF,Richmond-Upon-Thames,-0.3385459,51.425866,GROCER_BAKERY,LOCATION_VERIFICATION
1574481,Cavan Bakery,cavan bakery,Other catering premises,"Ground Floor Front 111 Stanley Road, Teddington, Richmond Upon Thames",TW11 8UB,Richmond-Upon-Thames,-0.3458811,51.4314641,CORE_BAKERY,VERIFIED_CANDIDATE
1862665,Co-operative,co operative,Retailers - supermarkets/hypermarkets,"210 Kingston Road, Teddington, Richmond Upon Thames",TW11 9JF,Richmond-Upon-Thames,-0.3189236,51.4208199,GROCER_BAKERY,LOCATION_VERIFICATION
1697006,Sainsbury's,sainsbury s,Retailers - supermarkets/hypermarkets,"303 - 305 Uxbridge Road, Hampton Hill, Richmond Upon Thames",TW12 1AW,Richmond-Upon-Thames,-0.3752137,51.4341966,GROCER_BAKERY,LOCATION_VERIFICATION
1784039,Little Waitrose,little waitrose,Retailers - other,"179-181 High Street, Hampton Hill, Richmond Upon Thames",TW12 1NL,Richmond-Upon-Thames,,,GROCER_BAKERY,LOCATION_VERIFICATION
1574468,The Cavan Bakery Ltd,the cavan bakery ltd,Retailers - other,"183 High Street, Hampton Hill, Richmond Upon Thames",TW12 1NL,Richmond-Upon-Thames,,,CORE_BAKERY,VERIFIED_CANDIDATE
1574361,Sainsbury's Local,sainsbury s local,Retailers - supermarkets/hypermarkets,"68 - 78 High Street, Hampton Hill, Richmond Upon Thames",TW12 1NY,Richmond-Upon-Thames,,,GROCER_BAKERY,LOCATION_VERIFICATION
1575386,The Bread Lady Ltd,the bread lady ltd,Manufacturers/packers,"Unit 14.1 Platts Eyot Lower Sunbury Road, Hampton, Richmond Upon Thames",TW12 2HF,Richmond-Upon-Thames,-0.3719721,51.4097531,CORE_BAKERY,VERIFIED_CANDIDATE
1737537,Waitrose,waitrose,Retailers - supermarkets/hypermarkets,"Field House 72 Oldfield Road, Hampton, Richmond Upon Thames",TW12 2HQ,Richmond-Upon-Thames,-0.3736192,51.4156033,GROCER_BAKERY,SUPERMARKET_SUPPLEMENT
1574579,Cavan Bakery,cavan bakery,Retailers - other,"2 Station Approach, Hampton, Richmond Upon Thames",TW12 2HZ,Richmond-Upon-Thames,-0.3704351,51.4169799,CORE_BAKERY,LOCATION_VERIFICATION
1574414,Sainsbury's,sainsbury s,Retailers - supermarkets/hypermarkets,"30 Tangley Park Road, Hampton, Richmond Upon Thames",TW12 3YH,Richmond-Upon-Thames,-0.3775482,51.4264846,GROCER_BAKERY,LOCATION_VERIFICATION
1574491,Sainsbury's,sainsbury s,Retailers - supermarkets/hypermarkets,"Sainsburys Local 32 - 38 The Green, Twickenham, Richmond Upon Thames",TW2 5AB,Richmond-Upon-Thames,-0.3411576,51.4446674,GROCER_BAKERY,LOCATION_VERIFICATION
1735817,Staines Road Service Station,staines road service station,Retailers - other,"110 - 130 Staines Road, Twickenham, Richmond Upon Thames",TW2 5AW,Richmond-Upon-Thames,-0.3524837,51.442276,GROCER_BAKERY,VERIFIED_CANDIDATE
1810989,Coop Twickenham - Hampton Road,coop twickenham hampton road,Retailers - other,"226 Hampton Road, Twickenham, Richmond Upon Thames",TW2 5NJ,Richmond-Upon-Thames,-0.3509587,51.4362746,GROCER_BAKERY,VERIFIED_CANDIDATE
1574249,Lidl,lidl,Retailers - supermarkets/hypermarkets,"50 South Road, Twickenham, Richmond Upon Thames",TW2 5NT,Richmond-Upon-Thames,,,GROCER_BAKERY,SUPERMARKET_SUPPLEMENT
1724923,Bargain Food & Wine,bargain food and wine,Retailers - other,"237 Powder Mill Lane, Twickenham, Richmond Upon Thames",TW2 6EH,Richmond-Upon-Thames,-0.3786895,51.449319,GROCER_BAKERY,VERIFIED_CANDIDATE
1693326,Raymonds,raymonds,Restaurant/Cafe/Canteen,"152 Nelson Road, Twickenham, Richmond Upon Thames",TW2 7BU,Richmond-Upon-Thames,-0.3592873,51.4531892,BAKERY_CAFE,VERIFIED_CANDIDATE
1574367,Altons,altons,Retailers - other,"37 Kneller Road, Twickenham, Richmond Upon Thames",TW2 7DF,Richmond-Upon-Thames,-0.3475308,51.4535185,GROCER_BAKERY,VERIFIED_CANDIDATE
1574466,Sainsbury's Local,sainsbury s local,Retailers - supermarkets/hypermarkets,"51 - 55 High Street, Whitton, Richmond Upon Thames",TW2 7LB,Richmond-Upon-Thames,-0.3575579,51.451468,GROCER_BAKERY,LOCATION_VERIFICATION
1684228,Cavan Bakery,cavan bakery,Retailers - other,"91 High Street, Whitton, Richmond Upon Thames",TW2 7LD,Richmond-Upon-Thames,-0.3576363,51.4506662,CORE_BAKERY,LOCATION_VERIFICATION
1575026,Greggs PLC,greggs plc,Retailers - other,"83 High Street, Whitton, Richmond Upon Thames",TW2 7LD,Richmond-Upon-Thames,-0.3575269,51.4509074,BAKERY_CAFE,LOCATION_VERIFICATION
1905599,7th Heaven,7th heaven,Restaurant/Cafe/Canteen,"100 High Street, Whitton, Richmond Upon Thames",TW2 7LN,Richmond-Upon-Thames,-0.3581711,51.4506017,BAKERY_CAFE,LOCATION_VERIFICATION
1574475,Your Bakery,your bakery,Other catering premises,"70 High Street, Whitton, Richmond Upon Thames",TW2 7LS,Richmond-Upon-Thames,-0.3582866,51.4513947,BAKERY_CAFE,VERIFIED_CANDIDATE
1575559,Al-Nour Supermarket,al nour supermarket,Retailers - supermarkets/hypermarkets,"22 - 24 High Street, Whitton, Richmond Upon Thames",TW2 7LT,Richmond-Upon-Thames,-0.3583098,51.4527528,GROCER_BAKERY,SUPERMARKET_SUPPLEMENT
1735818,Lidl,lidl,Retailers - supermarkets/hypermarkets,"38 - 48 High Street, Whitton, Richmond Upon Thames",TW2 7LT,Richmond-Upon-Thames,-0.3582539,51.4522215,GROCER_BAKERY,LOCATION_VERIFICATION
1574154,Waitrose & Partners,waitrose and partners,Retailers - supermarkets/hypermarkets,"4 Sheen Road, Richmond, Richmond Upon Thames",TW9 1AE,Richmond-Upon-Thames,-0.3019408,51.4618415,GROCER_BAKERY,LOCATION_VERIFICATION
1574997,Gail's Artisan Bakery,gail s artisan bakery,Restaurant/Cafe/Canteen,"12 Lichfield Terrace Sheen Road, Richmond, Richmond Upon Thames",TW9 1AS,Richmond-Upon-Thames,-0.3023287,51.4608342,BAKERY_CAFE,LOCATION_VERIFICATION
1574254,Paul,paul,Retailers - other,"13 The Quadrant, Richmond, Richmond Upon Thames",TW9 1BP,Richmond-Upon-Thames,-0.3031996,51.4620576,BAKERY_CAFE,LOCATION_VERIFICATION
1574251,Greggs,greggs,Retailers - other,"35 The Quadrant, Richmond, Richmond Upon Thames",TW9 1DN,Richmond-Upon-Thames,-0.302573,51.4622643,CORE_BAKERY,LOCATION_VERIFICATION
1735811,Sainsbury's Local,sainsbury s local,Retailers - other,"27D - 27E The Quadrant, Richmond, Richmond Upon Thames",TW9 1DN,Richmond-Upon-Thames,-0.3021202,51.4629124,GROCER_BAKERY,LOCATION_VERIFICATION
1878338,Blank Street,blank street,Restaurant/Cafe/Canteen,"28 George Street, Richmond, Richmond Upon Thames",TW9 1HY,Richmond-Upon-Thames,-0.3044023,51.4606811,BAKERY_CAFE,LOCATION_VERIFICATION
1956052,Paris Baguette,paris baguette,Retailers - other,"35A George Street, Richmond, Richmond Upon Thames",TW9 1HY,Richmond-Upon-Thames,-0.3036033,51.4608764,BAKERY_CAFE,LOCATION_VERIFICATION
1574143,Pret A Manger,pret a manger,Restaurant/Cafe/Canteen,"37 George Street, Richmond, Richmond Upon Thames",TW9 1HY,Richmond-Upon-Thames,-0.3035163,51.4608931,BAKERY_CAFE,LOCATION_VERIFICATION
1662282,Marks & Spencer,marks and spencer,Retailers - supermarkets/hypermarkets,"13 George Street, Richmond, Richmond Upon Thames",TW9 1JY,Richmond-Upon-Thames,-0.3053266,51.4598791,BAKERY_CAFE,LOCATION_VERIFICATION
1575115,Bonne Bouche,bonne bouche,Restaurant/Cafe/Canteen,"20 King Street, Richmond, Richmond Upon Thames",TW9 1ND,Richmond-Upon-Thames,-0.3068143,51.4600775,BAKERY_CAFE,LOCATION_VERIFICATION
1798378,Ottolenghi Ltd,ottolenghi ltd,Restaurant/Cafe/Canteen,"36 - 38 Hill Street, Richmond, Richmond Upon Thames",TW9 1TW,Richmond-Upon-Thames,-0.3055151,51.4586199,BAKERY_CAFE,LOCATION_VERIFICATION
1690063,Sainsbury's Supermarkets Ltd,sainsbury s supermarkets ltd,Retailers - supermarkets/hypermarkets,"Sainsbury's Supermarket Manor Road, Richmond, Richmond Upon Thames",TW9 1YB,Richmond-Upon-Thames,,,GROCER_BAKERY,LOCATION_VERIFICATION
1961934,Rae,rae,Restaurant/Cafe/Canteen,"235 Sandycombe Road, Richmond, Richmond Upon Thames",TW9 2EW,Richmond-Upon-Thames,-0.2865565,51.4728675,BAKERY_CAFE,VERIFIED_CANDIDATE
1574336,Richmond Deli Ltd,richmond deli ltd,Retailers - other,"217 Lower Mortlake Road, Richmond, Richmond Upon Thames",TW9 2LN,Richmond-Upon-Thames,-0.2924066,51.466586,GROCER_BAKERY,VERIFIED_CANDIDATE
1896594,Pret A Manger (Europe) Ltd,pret a manger europe ltd,Restaurant/Cafe/Canteen,"Richmond Railway Station Kew Road, Richmond, Richmond Upon Thames",TW9 2NA,Richmond-Upon-Thames,-0.3017165,51.4632321,BAKERY_CAFE,LOCATION_VERIFICATION
1752640,Kew Essentials,kew essentials,Retailers - other,"1 Mortlake Terrace Mortlake Road, Kew, Richmond Upon Thames",TW9 3DT,Richmond-Upon-Thames,-0.2865701,51.4828856,GROCER_BAKERY,VERIFIED_CANDIDATE
1704084,Sift Cakes,sift cakes,Restaurant/Cafe/Canteen,"5 Mortlake Terrace Mortlake Road, Kew, Richmond Upon Thames",TW9 3DT,Richmond-Upon-Thames,-0.2864764,51.4826954,BAKERY_CAFE,VERIFIED_CANDIDATE
1574560,Original Maids Of Honour Ltd,original maids of honour ltd,Retailers - other,"288 Kew Road, Kew, Richmond Upon Thames",TW9 3DU,Richmond-Upon-Thames,-0.2882932,51.4807165,BAKERY_CAFE,VERIFIED_CANDIDATE
353308,Fable,fable,Restaurant/Cafe/Canteen,"9 Station Approach, Kew, Richmond Upon Thames",TW9 3QB,Richmond-Upon-Thames,-0.2858429,51.4776951,BAKERY_CAFE,VERIFIED_CANDIDATE
1654954,Shell Little Waitrose Richmond,shell little waitrose richmond,Retailers - other,"22-24 Popham Gardens Lower Richmond Road, Richmond, Richmond Upon Thames",TW9 4LJ,Richmond-Upon-Thames,-0.28379,51.46808,GROCER_BAKERY,VERIFIED_CANDIDATE
1574957,Bagels Already,bagels already,Restaurant/Cafe/Canteen,"Kiosk Adjacent Platform 2 Richmond Railway Station Kew Road, Richmond, Richmond Upon Thames",,Richmond-Upon-Thames,-0.3017165,51.4632321,BAKERY_CAFE,VERIFIED_CANDIDATE
1575418,The Source Bulk Foods Richmond,the source bulk foods richmond,Retailers - supermarkets/hypermarkets,"16 The Quadrant, Richmond, Richmond Upon Thames",,Richmond-Upon-Thames,-0.3031217,51.4622183,GROCER_BAKERY,VERIFIED_CANDIDATE
807788,Gails artisan bakery,gails artisan bakery,Restaurant/Cafe/Canteen,"Unit C Neo Bankside, 70, Holland Street, London",SE1  9NX,Southwark,-0.100618,51.506666,CORE_BAKERY,VERIFIED_CANDIDATE
776614,The co-operative food group ltd,the co operative food group ltd,Retailers - supermarkets/hypermarkets,"136, Southwark Bridge Road, London",SE1 0DG,Southwark,-0.099151,51.500707,GROCER_BAKERY,VERIFIED_CANDIDATE
980453,Caravan bankside,caravan bankside,Restaurant/Cafe/Canteen,"Basement And Ground Floor Gre, 30, Great Guildford Street, London",SE1 0HS,Southwark,-0.0980539992451668,51.5045852661133,BAKERY_CAFE,VERIFIED_CANDIDATE
1135506,Pret a manger,pret a manger,Restaurant/Cafe/Canteen,"202, Union Street, London",SE1 0LX,Southwark,-0.10199,51.503838,BAKERY_CAFE,LOCATION_VERIFICATION
363731,Tesco,tesco,Retailers - supermarkets/hypermarkets,"Unit 1, 15, Great Suffolk Street, London",SE1 0NS,Southwark,-0.1010746,51.5051056,GROCER_BAKERY,SUPERMARKET_SUPPLEMENT
950283,Bankside sandwich shop,bankside sandwich shop,Restaurant/Cafe/Canteen,"142a, Southwark Street, London",SE1 0SW,Southwark,-0.101584,51.506313,BAKERY_CAFE,VERIFIED_CANDIDATE
654165,Sainsbury's,sainsbury s,Retailers - supermarkets/hypermarkets,"Ground Floor, 18, Great Suffolk Street, London",SE1 0UG,Southwark,-0.1013144,51.5053244,GROCER_BAKERY,LOCATION_VERIFICATION
542845,Pret a manger,pret a manger,Restaurant/Cafe/Canteen,"Ground Floor, 167, Borough High Street, London",SE1 1HR,Southwark,-0.091849,51.502711,BAKERY_CAFE,LOCATION_VERIFICATION
1579625,Lo banh mi,lo banh mi,Takeaway/sandwich shop,"Unit 1, 304, Borough High Street, London",SE1 1JJ,Southwark,-0.096289,51.4996816,BAKERY_CAFE,VERIFIED_CANDIDATE
1714784,Boulangerie patisserie,boulangerie patisserie,Restaurant/Cafe/Canteen,"212, Borough High Street, London",SE1 1JX,Southwark,-0.094209,51.501059,BAKERY_CAFE,VERIFIED_CANDIDATE
364879,Sainsbury's local,sainsbury s local,Retailers - supermarkets/hypermarkets,"Basement And Ground Floor, 116-118, Borough High Street, London",SE1 1LB,Southwark,-0.0923611,51.5029029,GROCER_BAKERY,LOCATION_VERIFICATION
1710664,St john bakery,st john bakery,Restaurant/Cafe/Canteen,"Unit 4a, 180, Borough High Street, London",SE1 1LB,Southwark,-0.093758,51.5016599,CORE_BAKERY,VERIFIED_CANDIDATE
362995,Pret a manger,pret a manger,Restaurant/Cafe/Canteen,"51, Borough High Street, London",SE1 1NB,Southwark,-0.089747,51.504754,BAKERY_CAFE,LOCATION_VERIFICATION
1197969,Terrys deli london,terrys deli london,Restaurant/Cafe/Canteen,"156, Great Suffolk Street, London",SE1 1PE,Southwark,-0.098165,51.50053,BAKERY_CAFE,VERIFIED_CANDIDATE
363572,Alpine deli,alpine deli,Retailers - other,"Borough Market, 8, Southwark Street, London",SE1 1TL,Southwark,-0.090093,51.505093,GROCER_BAKERY,VERIFIED_CANDIDATE
1829878,Ma ma boutique bakery,ma ma boutique bakery,Takeaway/sandwich shop,"City And Farmers Market Borough Market, 8, Southwark Street, London",SE1 1TL,Southwark,-0.09073,51.5054815,CORE_BAKERY,LOCATION_VERIFICATION
1533673,Crol and co london bridge,crol and co london bridge,Restaurant/Cafe/Canteen,"66a, Newcomen Street, London",SE1 1YT,Southwark,-0.0910527,51.5029328,BAKERY_CAFE,VERIFIED_CANDIDATE
1468357,Bartons,bartons,Restaurant/Cafe/Canteen,"25, Dockhead, London",SE1 2BS,Southwark,,,BAKERY_CAFE,VERIFIED_CANDIDATE
364904,Marks and spencer,marks and spencer,Retailers - supermarkets/hypermarkets,"Unit 3, 6, More London Place, London",SE1 2DA,Southwark,-0.083201,51.505196,GROCER_BAKERY,SUPERMARKET_SUPPLEMENT
1918127,Cinq sandwiches and patisseries,cinq sandwiches and patisseries,Restaurant/Cafe/Canteen,"Units 16 And 17 Hays Galleria, Counter Street, London",SE1 2HD,Southwark,-0.0836086,51.5058035,BAKERY_CAFE,VERIFIED_CANDIDATE
1223984,White mulberries,white mulberries,Takeaway/sandwich shop,"Unit 6 Hays Galleria, Tooley Street, London",SE1 2HD,Southwark,-0.0835077,51.5058943,BAKERY_CAFE,VERIFIED_CANDIDATE
449254,Comptoir gourmand,comptoir gourmand,Restaurant/Cafe/Canteen,"98, Druid Street, London",SE1 2HQ,Southwark,-0.075052,51.49955,BAKERY_CAFE,VERIFIED_CANDIDATE
363484,St john bakery company ltd,st john bakery company ltd,Manufacturers/packers,"72, Druid Street, London",SE1 2HQ,Southwark,-0.075052,51.49955,CORE_BAKERY,VERIFIED_CANDIDATE
1874316,Chocolate ba,chocolate ba,Restaurant/Cafe/Canteen,"1, Horselydown Lane, London",SE1 2LN,Southwark,-0.07623119,51.50335444,BAKERY_CAFE,VERIFIED_CANDIDATE
365078,Pret a manger,pret a manger,Restaurant/Cafe/Canteen,"47-49, Tooley Street, London",SE1 2QN,Southwark,-0.084473,51.50545,BAKERY_CAFE,LOCATION_VERIFICATION
363441,Pret a manger,pret a manger,Restaurant/Cafe/Canteen,"Ground Floor, 7, More London, London",SE1 2RT,Southwark,-0.081325,51.504572,BAKERY_CAFE,LOCATION_VERIFICATION
1501714,Bagel factory,bagel factory,Other catering premises,"46, Tooley Street, London",SE1 2SW,Southwark,-0.0851012455857945,51.5053865841929,BAKERY_CAFE,LOCATION_VERIFICATION
362705,Krystals tower bridge,krystals tower bridge,Retailers - other,"210, Tower Bridge Road, London",SE1 2UP,Southwark,-0.076591,51.503388,GROCER_BAKERY,VERIFIED_CANDIDATE
1596302,New leaf food store ltd,new leaf food store ltd,Retailers - other,"170-176, Grange Road, London",SE1 3BN,Southwark,-0.077524,51.495598,GROCER_BAKERY,VERIFIED_CANDIDATE
1965192,The b street deli ltd,the b street deli ltd,Restaurant/Cafe/Canteen,"Unit 19h Tower Workshops, 58, Riley Road, London",SE1 3DG,Southwark,-0.0772716,51.4986249,GROCER_BAKERY,VERIFIED_CANDIDATE
1630542,Crol & co.,crol and co,Restaurant/Cafe/Canteen,"Unit A1, 9, Tanner Street, London",SE1 3LE,Southwark,-0.0805921,51.5005228,BAKERY_CAFE,LOCATION_VERIFICATION
1781132,Greggs plc,greggs plc,Retailers - other,"49 London Bridge Station, St Thomas Street, London",SE1 3QX,Southwark,-0.0848418,51.5033406,BAKERY_CAFE,LOCATION_VERIFICATION
1947451,Sainsburys,sainsburys,Retailers - supermarkets/hypermarkets,"61-63 London Bridge Station, St Thomas Street, London",SE1 3QX,Southwark,-0.0839181,51.5030483,GROCER_BAKERY,LOCATION_VERIFICATION
363798,Petit bleu,petit bleu,Restaurant/Cafe/Canteen,"42-42A, Snowsfields, London",SE1 3SU,Southwark,-0.084567,51.50217,CORE_BAKERY,VERIFIED_CANDIDATE
1692065,Gail's bakery/cafe,gail s bakery cafe,Restaurant/Cafe/Canteen,"Unit B2, 194-204, Bermondsey Street, London",SE1 3TQ,Southwark,-0.0814144,51.498441,BAKERY_CAFE,VERIFIED_CANDIDATE
1692057,Bermondsey corner,bermondsey corner,Retailers - other,"Foley House, 142, Bermondsey Street, London",SE1 3TX,Southwark,-0.0817026,51.4998126,BAKERY_CAFE,VERIFIED_CANDIDATE
1372513,Comptoir gourmand,comptoir gourmand,Restaurant/Cafe/Canteen,"96, Bermondsey Street, London",SE1 3UB,Southwark,-0.0821953,51.5007739,CORE_BAKERY,LOCATION_VERIFICATION
1743919,Lolo,lolo,Takeaway/sandwich shop,"Lantern House, 102, Bermondsey Street, London",SE1 3UB,Southwark,-0.0819714,51.5006174,BAKERY_CAFE,VERIFIED_CANDIDATE
1061962,Chapter 72 ltd,chapter 72 ltd,Restaurant/Cafe/Canteen,"Ground Floor, 72, Bermondsey Street, London",SE1 3UD,Southwark,-0.082599,51.501678,BAKERY_CAFE,VERIFIED_CANDIDATE
1110658,Giddy grocer,giddy grocer,Retailers - other,"80, Bermondsey Street, London",SE1 3UD,Southwark,-0.0822916,51.5012251,GROCER_BAKERY,VERIFIED_CANDIDATE
362889,Sainsbury's local,sainsbury s local,Retailers - supermarkets/hypermarkets,"14, Bermondsey Square, London",SE1 3UN,Southwark,-0.080335,51.497604,GROCER_BAKERY,LOCATION_VERIFICATION
1623980,Greggs newington - mfg newington service station,greggs newington mfg newington service station,Restaurant/Cafe/Canteen,"Petrol Filling Station, 197-209, New Kent Road, London",SE1 4AG,Southwark,-0.0921560004353523,51.4943351745605,BAKERY_CAFE,VERIFIED_CANDIDATE
364625,Lidl,lidl,Retailers - supermarkets/hypermarkets,"96-120, Old Kent Road, London",SE1 4NY,Southwark,-0.0833675,51.4920701,GROCER_BAKERY,LOCATION_VERIFICATION
745075,Sainsbury's,sainsbury s,Retailers - supermarkets/hypermarkets,"171, Long Lane, London",SE1 4PN,Southwark,-0.084478,51.498769,GROCER_BAKERY,LOCATION_VERIFICATION
362653,Greggs plc,greggs plc,Retailers - other,"79, Tower Bridge Road, London",SE1 4TW,Southwark,-0.082774,51.496493,CORE_BAKERY,VERIFIED_CANDIDATE
1902090,Village green wholefood limited,village green wholefood limited,Retailers - supermarkets/hypermarkets,"109, Tower Bridge Road, London",SE1 4TW,Southwark,-0.082594,51.4967696,GROCER_BAKERY,VERIFIED_CANDIDATE
781532,Sainsbury's,sainsbury s,Retailers - supermarkets/hypermarkets,"58a, Great Dover Street, London",SE1 4YF,Southwark,-0.0900304,51.4974036,GROCER_BAKERY,LOCATION_VERIFICATION
364944,Asda,asda,Retailers - supermarkets/hypermarkets,"Asda, 464-504, Old Kent Road, London",SE1 5AG,Southwark,-0.0698756,51.4851041,GROCER_BAKERY,SUPERMARKET_SUPPLEMENT
364518,Tesco,tesco,Retailers - supermarkets/hypermarkets,"107, Dunton Road, London",SE1 5HG,Southwark,-0.076127,51.488749,GROCER_BAKERY,SUPERMARKET_SUPPLEMENT
1316501,Unity traders limited,unity traders limited,Retailers - supermarkets/hypermarkets,"Warehouse, 310-326, St Jamess Road, London",SE1 5JX,Southwark,-0.0660032,51.4857327,GROCER_BAKERY,VERIFIED_CANDIDATE
588928,Boulangerie patisserie t/a le panier a brioche,boulangerie patisserie t a le panier a brioche,Restaurant/Cafe/Canteen,"267, Old Kent Road, London",SE1 5LU,Southwark,-0.079023,51.489741,CORE_BAKERY,VERIFIED_CANDIDATE
363841,L'auberge,l auberge,Restaurant/Cafe/Canteen,"251, Old Kent Road, London",SE1 5LU,Southwark,-0.079023,51.489741,BAKERY_CAFE,VERIFIED_CANDIDATE
1067557,Crol and co,crol and co,Restaurant/Cafe/Canteen,"77, Dunton Road, London",SE1 5TW,Southwark,-0.0750319,51.491259,BAKERY_CAFE,VERIFIED_CANDIDATE
1900458,Old kent naan,old kent naan,Takeaway/sandwich shop,"304, Old Kent Road, London",SE1 5UE,Southwark,-0.077566,51.488422,CORE_BAKERY,VERIFIED_CANDIDATE
1682934,Best supermarket (old kent road) ltd,best supermarket old kent road ltd,Retailers - other,"157-163, Old Kent Road, London",SE1 5UT,Southwark,-0.082319,51.492214,GROCER_BAKERY,VERIFIED_CANDIDATE
1776753,Sainsbury's,sainsbury s,Retailers - supermarkets/hypermarkets,"Unit 1 To 3, 22, Elephant And Castle, London",SE1 6BH,Southwark,,,GROCER_BAKERY,LOCATION_VERIFICATION
1918131,Badiani italian corner,badiani italian corner,Takeaway/sandwich shop,"Mercato Metropolitano, 42, Newington Causeway, London",SE1 6DR,Southwark,-0.0983716,51.4984564,BAKERY_CAFE,VERIFIED_CANDIDATE
1813238,Bebek baklava ltd,bebek baklava ltd,Other catering premises,"42, Newington Causeway, London",SE1 6DR,Southwark,-0.0983716,51.4984564,CORE_BAKERY,VERIFIED_CANDIDATE
1856496,Focaccia addict,focaccia addict,Retailers - other,"Mercato Metropolitano, 42, Newington Causeway, London",SE1 6DR,Southwark,-0.0983716,51.4984564,BAKERY_CAFE,VERIFIED_CANDIDATE
362874,Superway supermarket ltd,superway supermarket ltd,Retailers - other,"16, London Road, London",SE1 6JZ,Southwark,-0.104195,51.49792,GROCER_BAKERY,VERIFIED_CANDIDATE
1852630,Oli's bakery,oli s bakery,Takeaway/sandwich shop,"Arch 141 Eagle Yard, Walworth Road, London",SE1 6SP,Southwark,-0.0975687,51.49132196,CORE_BAKERY,VERIFIED_CANDIDATE
997586,Pret a manger,pret a manger,Takeaway/sandwich shop,"Unit 4, 22, Elephant And Castle, London",SE1 6SQ,Southwark,,,BAKERY_CAFE,LOCATION_VERIFICATION
1759840,El gran sazon latino bakery,el gran sazon latino bakery,Takeaway/sandwich shop,"80-82, Walworth Road, London",SE1 6SW,Southwark,-0.098924,51.492673,BAKERY_CAFE,VERIFIED_CANDIDATE
1061966,Sainsbury's,sainsbury s,Retailers - supermarkets/hypermarkets,"40, New Kent Road, London",SE1 6TJ,Southwark,-0.0965936,51.4943384,GROCER_BAKERY,LOCATION_VERIFICATION
654179,Pret a manger,pret a manger,Restaurant/Cafe/Canteen,"Ground Floor Friars House, 157-168, Blackfriars Road, London",SE1 8EZ,Southwark,-0.104337,51.501781,BAKERY_CAFE,LOCATION_VERIFICATION
635611,Sainsbury's,sainsbury s,Retailers - supermarkets/hypermarkets,"Retail Unit South, 160, Blackfriars Road, London",SE1 8EZ,Southwark,,,GROCER_BAKERY,LOCATION_VERIFICATION
1788691,Buns from home,buns from home,Other catering premises,"37, The Cut, London",SE1 8LF,Southwark,-0.1065653,51.5030763,CORE_BAKERY,LOCATION_VERIFICATION
838818,Pret a manger,pret a manger,Restaurant/Cafe/Canteen,"Unit 1, 240, Blackfriars Road, London",SE1 8NW,Southwark,-0.104038,51.505849,BAKERY_CAFE,LOCATION_VERIFICATION
1623974,Pandacup,pandacup,Takeaway/sandwich shop,"27, Blackfriars Road, London",SE1 8NY,Southwark,-0.1052233,51.5062471,BAKERY_CAFE,VERIFIED_CANDIDATE
1945835,Portena,portena,Restaurant/Cafe/Canteen,"34a Borough Market, Stoney Street, London",SE1 9AA,Southwark,,,BAKERY_CAFE,LOCATION_VERIFICATION
1016891,Monmouth coffee company,monmouth coffee company,Restaurant/Cafe/Canteen,"2, Park Street, London",SE1 9AB,Southwark,-0.0917,51.505245,BAKERY_CAFE,VERIFIED_CANDIDATE
364820,Brindisa ltd,brindisa ltd,Retailers - other,"Units 9-10 The Floral Hall, Stoney Street, London",SE1 9AF,Southwark,-0.0915485,51.5055488,GROCER_BAKERY,VERIFIED_CANDIDATE
654201,Bread ahead (stall),bread ahead stall,Retailers - other,"Three Crown Square Borough Ma, 8, Southwark Street, London",SE1 9AH,Southwark,-0.090768,51.50549,CORE_BAKERY,VERIFIED_CANDIDATE
564144,Comptoir gourmand,comptoir gourmand,Retailers - other,"Borough Market, 8, Southwark Street, London",SE1 9AH,Southwark,-0.090768,51.50549,CORE_BAKERY,LOCATION_VERIFICATION
364822,Gastronomica,gastronomica,Retailers - other,"Borough Market, 8, Southwark Street, London",SE1 9AH,Southwark,-0.090768,51.50549,GROCER_BAKERY,VERIFIED_CANDIDATE
609229,Olivier's bakery ltd,olivier s bakery ltd,Retailers - other,"Borough Market, 8, Southwark Street, London",SE1 9AH,Southwark,-0.090768,51.50549,CORE_BAKERY,VERIFIED_CANDIDATE
365119,The flour station,the flour station,Retailers - other,"Borough Market, Borough High Street, London",SE1 9AH,Southwark,-0.090768,51.50549,CORE_BAKERY,VERIFIED_CANDIDATE
1077004,The free from bakehouse ltd,the free from bakehouse ltd,Retailers - other,"Borough Market, 8, Southwark Street, London",SE1 9AH,Southwark,-0.090768,51.50549,CORE_BAKERY,VERIFIED_CANDIDATE
1874336,Artisan foods,artisan foods,Takeaway/sandwich shop,"Green Market Borough Market, 8, Southwark Street, London",SE1 9AL,Southwark,-0.090252,51.505428,CORE_BAKERY,LOCATION_VERIFICATION
654183,Bread ahead,bread ahead,Retailers - other,"Borough Market, Cathedral Street, London",SE1 9AL,Southwark,-0.090252,51.505428,CORE_BAKERY,VERIFIED_CANDIDATE
1904670,The cinnamon tree bakery,the cinnamon tree bakery,Takeaway/sandwich shop,"Green Market Borough Market, 8, Southwark Street, London",SE1 9AL,Southwark,-0.090252,51.505428,CORE_BAKERY,VERIFIED_CANDIDATE
362860,Pret a manger,pret a manger,Restaurant/Cafe/Canteen,"2, Canvey Street, London",SE1 9AN,Southwark,-0.098981,51.505848,BAKERY_CAFE,LOCATION_VERIFICATION
1813199,Comptoir gourmand,comptoir gourmand,Restaurant/Cafe/Canteen,"Refectory Southwark Cathedral, Montague Close, London",SE1 9DA,Southwark,-0.089211,51.506175,BAKERY_CAFE,LOCATION_VERIFICATION
781513,Crosby & hope c/o sackler studios,crosby and hope c o sackler studios,Restaurant/Cafe/Canteen,"1, Bear Gardens, London",SE1 9ED,Southwark,-0.095923,51.507291,BAKERY_CAFE,VERIFIED_CANDIDATE
1947450,Gail's london bridge station,gail s london bridge station,Restaurant/Cafe/Canteen,"Unit 117 London Bridge Station, London Bridge Street, London",SE1 9GP,Southwark,,,BAKERY_CAFE,VERIFIED_CANDIDATE
1110683,Greggs,greggs,Takeaway/sandwich shop,"Unit 145 London Bridge Statio, London Bridge Street, London",SE1 9GP,Southwark,-0.0858674,51.5046182,CORE_BAKERY,LOCATION_VERIFICATION
1965227,Greggs ltd,greggs ltd,Takeaway/sandwich shop,"Unit 267 London Bridge Station, London Bridge Street, London",SE1 9GP,Southwark,-0.0858674,51.5046182,BAKERY_CAFE,LOCATION_VERIFICATION
1093528,Whsmith - oppsite marks and spencer,whsmith oppsite marks and spencer,Retailers - other,"Unit 1 London Bridge Station, London Bridge Street, London",SE1 9GP,Southwark,-0.0858674,51.5046182,GROCER_BAKERY,VERIFIED_CANDIDATE
1223980,Pret a manger,pret a manger,Restaurant/Cafe/Canteen,"Pret A Manger Riverside House, 2a, Southwark Bridge Road, London",SE1 9HA,Southwark,-0.0952539965510368,51.5079307556152,BAKERY_CAFE,LOCATION_VERIFICATION
1274664,Gail's bakery,gail s bakery,Restaurant/Cafe/Canteen,"4, Blackfriars Road, London",SE1 9JU,Southwark,-0.105071999132633,51.5077247619629,BAKERY_CAFE,LOCATION_VERIFICATION
1768307,Bibi's,bibi s,Restaurant/Cafe/Canteen,"16, Sumner Street, London",SE1 9JZ,Southwark,-0.1002692,51.506176,BAKERY_CAFE,LOCATION_VERIFICATION
1171496,Paul uk limited,paul uk limited,Restaurant/Cafe/Canteen,"16, Sumner Street, London",SE1 9JZ,Southwark,-0.1002692,51.506176,BAKERY_CAFE,VERIFIED_CANDIDATE
363348,Pret a manger,pret a manger,Restaurant/Cafe/Canteen,"40, Stoney Street, London",SE1 9LB,Southwark,-0.091274,51.506829,BAKERY_CAFE,LOCATION_VERIFICATION
980450,Waitrose,waitrose,Retailers - supermarkets/hypermarkets,"20, Stamford Street, London",SE1 9LQ,Southwark,-0.1071879,51.5076445,GROCER_BAKERY,SUPERMARKET_SUPPLEMENT
364729,Pret a manger,pret a manger,Restaurant/Cafe/Canteen,"58-60, Stamford Street, London",SE1 9LX,Southwark,-0.107785,51.507259,BAKERY_CAFE,LOCATION_VERIFICATION
654184,Pret a manger,pret a manger,Restaurant/Cafe/Canteen,"11-13, Borough High Street, London",SE1 9SE,Southwark,-0.089166,51.505203,BAKERY_CAFE,LOCATION_VERIFICATION
1079440,Pret a manger,pret a manger,Restaurant/Cafe/Canteen,"Unit 33 London Bridge Railway, Railway Approach, London",SE1 9SP,Southwark,-0.0870359987020493,51.5047988891602,BAKERY_CAFE,LOCATION_VERIFICATION
1776772,Gkss limited t/a oseyo,gkss limited t a oseyo,Retailers - supermarkets/hypermarkets,"7, Borough High Street, London",SE1 9SU,Southwark,-0.088313,51.505963,GROCER_BAKERY,VERIFIED_CANDIDATE
1274660,Lidl uk gmbh,lidl uk gmbh,Retailers - supermarkets/hypermarkets,"760, Old Kent Road, London",SE15 1NJ,Southwark,-0.059212,51.480701,GROCER_BAKERY,LOCATION_VERIFICATION
1902108,Aldi stores limited,aldi stores limited,Retailers - other,"Site Of Former 840, Old Kent Road",SE15 1NQ,Southwark,-0.055802,51.4788506,GROCER_BAKERY,LOCATION_VERIFICATION
876972,Iceland foods ltd,iceland foods ltd,Retailers - other,"789-799, Old Kent Road, London",SE15 1NZ,Southwark,-0.057793,51.480192,GROCER_BAKERY,LOCATION_VERIFICATION
980451,Sainsbury,sainsbury,Retailers - supermarkets/hypermarkets,"83-89, Queens Road, London",SE15 2EZ,Southwark,-0.0594840012490749,51.4739608764648,GROCER_BAKERY,LOCATION_VERIFICATION
1792988,Eagle eats bakery,eagle eats bakery,Other catering premises,"Railway Arch 129 Astbury Business Park, Station Passage, London",SE15 2JR,Southwark,-0.0559126,51.4761052,CORE_BAKERY,VERIFIED_CANDIDATE
765093,Blackbird bakery limited,blackbird bakery limited,Restaurant/Cafe/Canteen,"Arch 134, Queens Road, London",SE15 2ND,Southwark,-0.05709,51.473678,CORE_BAKERY,VERIFIED_CANDIDATE
1924788,Nest and vine peckham limited,nest and vine peckham limited,Retailers - other,"169, Queens Road, London",SE15 2ND,Southwark,-0.0566702,51.4735278,BAKERY_CAFE,VERIFIED_CANDIDATE
364679,J f ayre ltd,j f ayre ltd,Manufacturers/packers,"131-133, Evelina Road, London",SE15 3HB,Southwark,-0.056707,51.466101,CORE_BAKERY,VERIFIED_CANDIDATE
1340037,Co-operative,co operative,Retailers - supermarkets/hypermarkets,"86-96, Evelina Road, London",SE15 3HL,Southwark,-0.056096,51.4667107,GROCER_BAKERY,LOCATION_VERIFICATION
1615246,Mosey cafe ltd,mosey cafe ltd,Restaurant/Cafe/Canteen,"60, Nunhead Lane, London",SE15 3QE,Southwark,-0.059865,51.464633,BAKERY_CAFE,VERIFIED_CANDIDATE
1291946,Byo,byo,Retailers - other,"32, Nunhead Green, London",SE15 3QF,Southwark,-0.0580512,51.4654212,GROCER_BAKERY,VERIFIED_CANDIDATE
1083472,Goodcup london ltd,goodcup london ltd,Restaurant/Cafe/Canteen,"44, Nunhead Green, London",SE15 3QF,Southwark,-0.057593,51.4657014,BAKERY_CAFE,VERIFIED_CANDIDATE
1014177,Colicci @ the round,colicci the round,Restaurant/Cafe/Canteen,"The Round, Strakers Road, London",SE15 3UA,Southwark,-0.0629089996218681,51.4586944580078,BAKERY_CAFE,VERIFIED_CANDIDATE
1630534,Nisa nunhead express,nisa nunhead express,Retailers - supermarkets/hypermarkets,"2, Kirkwood Road, London",SE15 3XX,Southwark,-0.058254,51.466971,GROCER_BAKERY,VERIFIED_CANDIDATE
1130754,Petitou ltd,petitou ltd,Retailers - other,"63, Choumert Road, London",SE15 4AR,Southwark,-0.070986,51.46755,BAKERY_CAFE,VERIFIED_CANDIDATE
1918136,Daydreamer,daydreamer,Restaurant/Cafe/Canteen,"Cornerhouse Cafe, 133a, Rye Lane, London",SE15 4BQ,Southwark,-0.0680731,51.4698382,BAKERY_CAFE,VERIFIED_CANDIDATE
1158671,Bellenden food & wine,bellenden food and wine,Retailers - other,"145, Bellenden Road, London",SE15 4DH,Southwark,-0.072468,51.466882,GROCER_BAKERY,VERIFIED_CANDIDATE
1739003,Bake with monia,bake with monia,Restaurant/Cafe/Canteen,"40, Peckham Rye, London",SE15 4JR,Southwark,-0.0666001,51.4654906,BAKERY_CAFE,VERIFIED_CANDIDATE
1563810,Nola,nola,Restaurant/Cafe/Canteen,"224, Rye Lane, London",SE15 4NL,Southwark,-0.0663043,51.466358,BAKERY_CAFE,VERIFIED_CANDIDATE
1727217,The gluten free bakery,the gluten free bakery,Manufacturers/packers,"Unit 6 Print Village, 58, Chadwick Road, London",SE15 4PU,Southwark,-0.0740905,51.468132,CORE_BAKERY,VERIFIED_CANDIDATE
1316504,Dovedales,dovedales,Restaurant/Cafe/Canteen,"Railway Arch 212, Blenheim Grove, London",SE15 4QL,Southwark,-0.0702899992465973,51.469425201416,BAKERY_CAFE,VERIFIED_CANDIDATE
1904667,Bara london limited,bara london limited,Restaurant/Cafe/Canteen,"44, Choumert Road, London",SE15 4SE,Southwark,-0.068554,51.468194,BAKERY_CAFE,VERIFIED_CANDIDATE
1813237,Cotton's coffee,cotton s coffee,Restaurant/Cafe/Canteen,"28, Choumert Road, London",SE15 4SE,Southwark,-0.068496,51.468211,BAKERY_CAFE,VERIFIED_CANDIDATE
362724,Khan's bargain limited (grocery),khan s bargain limited grocery,Retailers - other,"135, Rye Lane, London",SE15 4ST,Southwark,-0.068008,51.469866,GROCER_BAKERY,VERIFIED_CANDIDATE
1180852,A family convenience store uk ltd,a family convenience store uk ltd,Retailers - other,"161, Rye Lane, London",SE15 4TL,Southwark,-0.067355,51.4687495,GROCER_BAKERY,VERIFIED_CANDIDATE
993016,Angels bakery,angels bakery,Takeaway/sandwich shop,"153, Rye Lane, London",SE15 4TL,Southwark,-0.067241,51.468604,CORE_BAKERY,LOCATION_VERIFICATION
364761,Lidl,lidl,Retailers - supermarkets/hypermarkets,"Unit 5 Bellenden Road Retail Park, Bellenden Road, London",SE15 5BA,Southwark,-0.070666,51.4721764,GROCER_BAKERY,LOCATION_VERIFICATION
1781130,Auntie didine's bakery,auntie didine s bakery,Restaurant/Cafe/Canteen,"Unit 57 Rye Lane Market, 48, Rye Lane, London",SE15 5BY,Southwark,-0.0697402,51.4712529,BAKERY_CAFE,VERIFIED_CANDIDATE
1699460,Just fab kitchen ltd,just fab kitchen ltd,Restaurant/Cafe/Canteen,"Unit 54a Rye Lane Market, 48, Rye Lane, London",SE15 5BY,Southwark,-0.0697402,51.4712529,BAKERY_CAFE,VERIFIED_CANDIDATE
1941546,Afg peckham bakery,afg peckham bakery,Retailers - other,"106, Peckham High Street, London",SE15 5ED,Southwark,-0.068398,51.4737128,CORE_BAKERY,VERIFIED_CANDIDATE
1748039,Coodie,coodie,Takeaway/sandwich shop,"100, Peckham High Street, London",SE15 5ED,Southwark,-0.0685893,51.473617,BAKERY_CAFE,VERIFIED_CANDIDATE
1945841,Colombican,colombican,Takeaway/sandwich shop,"Unit 10 The Aylesham Centre, Rye Lane, London",SE15 5EW,Southwark,-0.0686553,51.4727368,BAKERY_CAFE,VERIFIED_CANDIDATE
487180,Greggs,greggs,Takeaway/sandwich shop,"Unit 8 The Aylesham Centre, Rye Lane, London",SE15 5EW,Southwark,-0.068693,51.472746,BAKERY_CAFE,LOCATION_VERIFICATION
364536,Morrisons,morrisons,Retailers - supermarkets/hypermarkets,"Morrisons The Aylesham Centre, Rye Lane, London",SE15 5EW,Southwark,-0.0694128,51.4723656,GROCER_BAKERY,LOCATION_VERIFICATION
1625701,Londis - commercial way,londis commercial way,Retailers - supermarkets/hypermarkets,"97-99, Commercial Way, London",SE15 6DB,Southwark,-0.0734163,51.4773026,GROCER_BAKERY,VERIFIED_CANDIDATE
1150000,Peckham pantry,peckham pantry,Retailers - other,"St Luke's Church Peckham, Chandler Way, Chandler Way",SE15 6DT,Southwark,-0.0780069977045059,51.4772605895996,GROCER_BAKERY,VERIFIED_CANDIDATE
1774250,Banook bagels,banook bagels,Other catering premises,"Studio 2, 7-17, Latona Road, London",SE15 6RY,Southwark,-0.0707554,51.4820759,CORE_BAKERY,VERIFIED_CANDIDATE
521962,Costcutters,costcutters,Retailers - supermarkets/hypermarkets,"173-181, Rotherhithe New Road, London",SE16 2BE,Southwark,-0.053326,51.490729,GROCER_BAKERY,LOCATION_VERIFICATION
702294,Brigits  cook ltd t/a brigit't afternoon tea ltd,brigits cook ltd t a brigit t afternoon tea ltd,Manufacturers/packers,"20-24, Raymouth Road, London",SE16 2DB,Southwark,-0.057463,51.491346,BAKERY_CAFE,VERIFIED_CANDIDATE
1884686,Makemakecoffee,makemakecoffee,Retailers - other,"126b, Lower Road, London",SE16 2UF,Southwark,-0.047246,51.49311,BAKERY_CAFE,VERIFIED_CANDIDATE
1619231,Natoora retail (bermondsey),natoora retail bermondsey,Retailers - other,"6, Dockley Road, London",SE16 3AF,Southwark,-0.0692946,51.4956296,GROCER_BAKERY,VERIFIED_CANDIDATE
903042,The little bread pedlar,the little bread pedlar,Manufacturers/packers,"Arch 4 To 6 Spa Business Park, Dockley Road, London",SE16 3FJ,Southwark,-0.07145,51.495453,CORE_BAKERY,VERIFIED_CANDIDATE
362696,Greggs the bakers,greggs the bakers,Retailers - other,"1A, Ilderton Road, London",SE16 3JU,Southwark,-0.056388,51.488181,CORE_BAKERY,LOCATION_VERIFICATION
1053383,Sainsbury's,sainsbury s,Retailers - supermarkets/hypermarkets,"19, Spa Road, London",SE16 3SA,Southwark,-0.0736499,51.4960205,GROCER_BAKERY,LOCATION_VERIFICATION
999732,Nisa,nisa,Retailers - other,"Ground Floor, 257-259, Southwark Park Road, London",SE16 3TP,Southwark,-0.061468,51.492356,GROCER_BAKERY,LOCATION_VERIFICATION
1930067,Quickstop,quickstop,Retailers - other,"285, Southwark Park Road, London",SE16 3TP,Southwark,-0.061468,51.492357,GROCER_BAKERY,LOCATION_VERIFICATION
1582301,The baguette king,the baguette king,Restaurant/Cafe/Canteen,"269, Southwark Park Road, London",SE16 3TP,Southwark,-0.061468,51.492357,BAKERY_CAFE,VERIFIED_CANDIDATE
1090649,The bakehouse,the bakehouse,Retailers - other,"271-273, Southwark Park Road, London",SE16 3TP,Southwark,-0.061468,51.492357,CORE_BAKERY,VERIFIED_CANDIDATE
1947457,Sainsbury's,sainsbury s,Retailers - supermarkets/hypermarkets,"Unit 5, 193-221, Southwark Park Road, London",SE16 3TU,Southwark,-0.0645424,51.4923523,GROCER_BAKERY,LOCATION_VERIFICATION
1784711,Bread and macaroon,bread and macaroon,Restaurant/Cafe/Canteen,"3, Market Place, London",SE16 3UQ,Southwark,-0.063973,51.49274,CORE_BAKERY,VERIFIED_CANDIDATE
362951,Jalaram supermarket ltd,jalaram supermarket ltd,Retailers - other,"212, Jamaica Road, London",SE16 4BD,Southwark,-0.060197,51.49855,GROCER_BAKERY,VERIFIED_CANDIDATE
1918139,Spa terminus greengrocer,spa terminus greengrocer,Takeaway/sandwich shop,"Unit 3 Spa Business Park, Spa Road, London",SE16 4EJ,Southwark,-0.0693188,51.496232,GROCER_BAKERY,LOCATION_VERIFICATION
1177099,Nono,nono,Restaurant/Cafe/Canteen,"12, West Lane, London",SE16 4NY,Southwark,-0.0602222,51.4990814,BAKERY_CAFE,VERIFIED_CANDIDATE
897256,Payless food and wine,payless food and wine,Retailers - other,"174, Jamaica Road, London",SE16 4RT,Southwark,-0.062358,51.498226,GROCER_BAKERY,LOCATION_VERIFICATION
714781,Sainsbury's,sainsbury s,Retailers - supermarkets/hypermarkets,"192-196, Jamaica Road, London",SE16 4RT,Southwark,-0.062358,51.498226,GROCER_BAKERY,LOCATION_VERIFICATION
1128296,Co-operative,co operative,Retailers - other,"Unit A, 346, Rotherhithe Street, London",SE16 5EF,Southwark,-0.0416384,51.506749,GROCER_BAKERY,LOCATION_VERIFICATION
617531,Sainsbury's,sainsbury s,Retailers - supermarkets/hypermarkets,"30-32, Surrey Quays Road, London",SE16 7ED,Southwark,-0.0496652,51.4983127,GROCER_BAKERY,LOCATION_VERIFICATION
421347,Finnish church in london,finnish church in london,Other catering premises,"33, Albion Street, London",SE16 7HZ,Southwark,-0.052673,51.49999,GROCER_BAKERY,VERIFIED_CANDIDATE
1682944,Grocer london,grocer london,Retailers - other,"26, Albion Street, London",SE16 7JQ,Southwark,-0.0531812,51.4993154,GROCER_BAKERY,VERIFIED_CANDIDATE
364525,Tesco,tesco,Retailers - supermarkets/hypermarkets,"1 Surrey Quays Shopping Centre, Redriff Road, London",SE16 7LL,Southwark,-0.046976,51.495408,GROCER_BAKERY,SUPERMARKET_SUPPLEMENT
1759863,Nonna anna limited,nonna anna limited,Takeaway/sandwich shop,"Kiosk Canada Water Bus Station, Surrey Quays Road, London",SE16 7NJ,Southwark,,,BAKERY_CAFE,VERIFIED_CANDIDATE
1719534,Yohome e.c. ltd,yohome e c ltd,Restaurant/Cafe/Canteen,"8, Castle Square, London",SE17 1EN,Southwark,-0.0978348,51.494358,GROCER_BAKERY,VERIFIED_CANDIDATE
1530613,A grocery ltd,a grocery ltd,Retailers - other,"Unit 1, 40, Elephant Road, London",SE17 1EU,Southwark,-0.0983902,51.4931342,GROCER_BAKERY,VERIFIED_CANDIDATE
1739007,Gail's elephant park,gail s elephant park,Restaurant/Cafe/Canteen,"23, Sayer Street, London",SE17 1FH,Southwark,-0.0962930023670197,51.4918937683105,CORE_BAKERY,VERIFIED_CANDIDATE
1594594,Newplatinumbakery ltd,newplatinumbakery ltd,Takeaway/sandwich shop,"212, Walworth Road, London",SE17 1JE,Southwark,-0.096366,51.48872,BAKERY_CAFE,VERIFIED_CANDIDATE
365045,Distriandina,distriandina,Retailers - other,"Unit 6 Farrell Court, Elephant Road, London",SE17 1LB,Southwark,-0.098659,51.493838,GROCER_BAKERY,VERIFIED_CANDIDATE
1220599,The castle cafe bakery,the castle cafe bakery,Restaurant/Cafe/Canteen,"7, Elephant Road, London",SE17 1LB,Southwark,-0.0986590012907982,51.493839263916,BAKERY_CAFE,VERIFIED_CANDIDATE
1011160,Rude n boomin,rude n boomin,Restaurant/Cafe/Canteen,"1a York Mansions, Browning Street, London",SE17 1LP,Southwark,-0.0959747,51.4895956,BAKERY_CAFE,VERIFIED_CANDIDATE
1846616,Delipan,delipan,Restaurant/Cafe/Canteen,"217, Walworth Road, London",SE17 1RL,Southwark,-0.0959487,51.4891815,BAKERY_CAFE,LOCATION_VERIFICATION
362670,Greggs bakery,greggs bakery,Retailers - other,"273, Walworth Road, London",SE17 1RL,Southwark,-0.09566,51.488718,CORE_BAKERY,VERIFIED_CANDIDATE
1768322,Jusu brothers wth,jusu brothers wth,Takeaway/sandwich shop,"Cuming Museum, 155, Walworth Road, London",SE17 1RS,Southwark,-0.0967894,51.4908249,BAKERY_CAFE,VERIFIED_CANDIDATE
729167,London agege bread bakers,london agege bread bakers,Other catering premises,"42, East Street, London",SE17 2DN,Southwark,-0.093948,51.487979,CORE_BAKERY,VERIFIED_CANDIDATE
775224,Sa grocery,sa grocery,Retailers - other,"8, East Street, London",SE17 2DN,Southwark,-0.093948,51.487979,GROCER_BAKERY,VERIFIED_CANDIDATE
1667018,Saint louie,saint louie,Other catering premises,"The Crypt St Peters Church, Liverpool Grove, London",SE17 2HH,Southwark,,,BAKERY_CAFE,VERIFIED_CANDIDATE
363561,Tesco,tesco,Retailers - supermarkets/hypermarkets,"364-368, Walworth Road, London",SE17 2NF,Southwark,-0.094205,51.485268,GROCER_BAKERY,SUPERMARKET_SUPPLEMENT
362690,Bagel king,bagel king,Restaurant/Cafe/Canteen,"280, Walworth Road, London",SE17 2TE,Southwark,-0.095716,51.487046,CORE_BAKERY,VERIFIED_CANDIDATE
363258,Morrisons,morrisons,Retailers - supermarkets/hypermarkets,"264-276, Walworth Road, London",SE17 2TE,Southwark,-0.095423,51.486816,GROCER_BAKERY,LOCATION_VERIFICATION
1918120,Lidl,lidl,Retailers - supermarkets/hypermarkets,"307-319, Walworth Road, London",SE17 2TG,Southwark,-0.09492599,51.48685951,GROCER_BAKERY,LOCATION_VERIFICATION
363014,The electric elephant cafe ltd,the electric elephant cafe ltd,Restaurant/Cafe/Canteen,"186a, Crampton Street, London",SE17 3AE,Southwark,-0.0993856,51.4896689,BAKERY_CAFE,VERIFIED_CANDIDATE
1090642,Shell uk ltd (grocery),shell uk ltd grocery,Retailers - other,"Crystal Palace Service Station, 4, Crystal Palace Parade, London",SE19 1UN,Southwark,-0.075692,51.425137,GROCER_BAKERY,VERIFIED_CANDIDATE
1397487,Simply fresh,simply fresh,Retailers - supermarkets/hypermarkets,"88, Dulwich Village, London",SE21 7AQ,Southwark,-0.085894,51.448478,GROCER_BAKERY,SUPERMARKET_SUPPLEMENT
739785,Gails bakery,gails bakery,Restaurant/Cafe/Canteen,"91, Dulwich Village, London",SE21 7BJ,Southwark,-0.084858,51.448785,BAKERY_CAFE,LOCATION_VERIFICATION
915650,Au ciel,au ciel,Restaurant/Cafe/Canteen,"1a, Calton Avenue, London",SE21 7DE,Southwark,-0.084541,51.451568,BAKERY_CAFE,VERIFIED_CANDIDATE
362676,Dulwich bakery,dulwich bakery,Takeaway/sandwich shop,"78, Park Hall Road, London",SE21 8BW,Southwark,-0.090636,51.435885,CORE_BAKERY,VERIFIED_CANDIDATE
363057,La gastronomia ii,la gastronomia ii,Retailers - other,"86, Park Hall Road, London",SE21 8BW,Southwark,-0.090636,51.435885,GROCER_BAKERY,VERIFIED_CANDIDATE
1468367,Stephanie's,stephanie s,Restaurant/Cafe/Canteen,"134, Thurlow Park Road, London",SE21 8HN,Southwark,-0.0918882,51.440815,BAKERY_CAFE,VERIFIED_CANDIDATE
1792989,Elder flower,elder flower,Retailers - other,"10, Croxted Road, London",SE21 8SW,Southwark,-0.0902238,51.4365613,GROCER_BAKERY,VERIFIED_CANDIDATE
1526127,Nisa local,nisa local,Retailers - other,"42, Barry Road, London",SE22 0HU,Southwark,-0.067199,51.45801,GROCER_BAKERY,LOCATION_VERIFICATION
1055916,Rise and bloom,rise and bloom,Restaurant/Cafe/Canteen,"44, Barry Road, London",SE22 0HU,Southwark,-0.067199,51.45801,BAKERY_CAFE,VERIFIED_CANDIDATE
364527,Sainsburys supermarkets ltd,sainsburys supermarkets ltd,Retailers - supermarkets/hypermarkets,"80, Dog Kennel Hill, London",SE22 8BB,Southwark,-0.085189,51.461884,GROCER_BAKERY,VERIFIED_CANDIDATE
363307,Blackbird bakery ltd,blackbird bakery ltd,Retailers - other,"52, Grove Vale, London",SE22 8DY,Southwark,-0.078679,51.461265,BAKERY_CAFE,VERIFIED_CANDIDATE
1093542,Marks & spencer,marks and spencer,Retailers - supermarkets/hypermarkets,"18-22, Grove Vale, London",SE22 8EF,Southwark,-0.080449,51.461636,GROCER_BAKERY,LOCATION_VERIFICATION
1270976,Jones of brockley,jones of brockley,Retailers - other,"53, Grove Vale, London",SE22 8EQ,Southwark,-0.0784069,51.461692,GROCER_BAKERY,VERIFIED_CANDIDATE
999729,Kanella and co,kanella and co,Other catering premises,"106, Lordship Lane, London",SE22 8HF,Southwark,-0.0756990015506744,51.4574928283691,BAKERY_CAFE,VERIFIED_CANDIDATE
1028965,Marks & spencer simply foods,marks and spencer simply foods,Retailers - supermarkets/hypermarkets,"84-90, Lordship Lane, London",SE22 8HF,Southwark,-0.075699,51.457493,GROCER_BAKERY,SUPERMARKET_SUPPLEMENT
1579638,Soderberg,soderberg,Restaurant/Cafe/Canteen,"36-38, Lordship Lane, London",SE22 8HJ,Southwark,-0.0753350034356117,51.4593048095703,BAKERY_CAFE,LOCATION_VERIFICATION
1569866,Gail's bakery east dulwich,gail s bakery east dulwich,Restaurant/Cafe/Canteen,"1, Zenoria Street, London",SE22 8HP,Southwark,-0.076209,51.460433,BAKERY_CAFE,VERIFIED_CANDIDATE
1941552,The daily tray ltd,the daily tray ltd,Restaurant/Cafe/Canteen,"99-101, Lordship Lane, London",SE22 8HU,Southwark,-0.0751221,51.4576453,BAKERY_CAFE,VERIFIED_CANDIDATE
1541902,Boulangerie jade,boulangerie jade,Restaurant/Cafe/Canteen,"145, Lordship Lane, London",SE22 8HX,Southwark,-0.075901,51.456112,CORE_BAKERY,LOCATION_VERIFICATION
362859,Sainsbury's,sainsbury s,Retailers - supermarkets/hypermarkets,"357-365, Lordship Lane, London",SE22 8JJ,Southwark,-0.074837,51.449943,GROCER_BAKERY,LOCATION_VERIFICATION
609238,Madelina,madelina,Restaurant/Cafe/Canteen,"75, East Dulwich Grove, London",SE22 8PR,Southwark,-0.079241,51.458855,BAKERY_CAFE,VERIFIED_CANDIDATE
1768308,Fresh & favourite limited,fresh and favourite limited,Takeaway/sandwich shop,"13-19, East Dulwich Road, London",SE22 9BD,Southwark,-0.068619,51.461891,GROCER_BAKERY,VERIFIED_CANDIDATE
363286,Blackbird bakery,blackbird bakery,Retailers - other,"North Cross Road Market, North Cross Road, London",SE22 9ET,Southwark,-0.073183,51.457434,CORE_BAKERY,LOCATION_VERIFICATION
1426178,Budgens (dulwich),budgens dulwich,Retailers - supermarkets/hypermarkets,"127-129, Half Moon Lane, London",SE24 9JY,Southwark,-0.093967,51.453313,GROCER_BAKERY,VERIFIED_CANDIDATE
810707,Christophers bakery and delicatessen limited,christophers bakery and delicatessen limited,Restaurant/Cafe/Canteen,"145, Half Moon Lane, London",SE24 9JY,Southwark,-0.093967,51.453313,CORE_BAKERY,VERIFIED_CANDIDATE
910657,Sainsbury's,sainsbury s,Retailers - supermarkets/hypermarkets,"37-41, Peckham Road, London",SE5  8UH,Southwark,-0.079688,51.474248,GROCER_BAKERY,LOCATION_VERIFICATION
1422308,Budgens camberwell road,budgens camberwell road,Retailers - supermarkets/hypermarkets,"240, Camberwell Road, London",SE5 0DP,Southwark,-0.0940099405012134,51.4771115637494,GROCER_BAKERY,VERIFIED_CANDIDATE
364532,Iceland foods ltd,iceland foods ltd,Retailers - supermarkets/hypermarkets,"120-132, Camberwell Road, London",SE5 0EE,Southwark,-0.094729,51.479953,GROCER_BAKERY,VERIFIED_CANDIDATE
1662822,Sainsbury's,sainsbury s,Retailers - supermarkets/hypermarkets,"170, Camberwell Road, London",SE5 0EE,Southwark,-0.094426,51.4792518,GROCER_BAKERY,LOCATION_VERIFICATION
1846600,Camberwell greggs,camberwell greggs,Restaurant/Cafe/Canteen,"96-106, Camberwell Road, London",SE5 0EG,Southwark,-0.094999,51.481765,CORE_BAKERY,VERIFIED_CANDIDATE
1856471,Sainsburys,sainsburys,Retailers - supermarkets/hypermarkets,"15-21, Camberwell Road, London",SE5 0EZ,Southwark,-0.0942758,51.4840465,GROCER_BAKERY,LOCATION_VERIFICATION
1011151,Price cutter,price cutter,Retailers - other,"145, Camberwell New Road, London",SE5 0SU,Southwark,-0.104137971971523,51.4786542344924,GROCER_BAKERY,LOCATION_VERIFICATION
1079451,Aegean food centre ltd t/a tfc camberwell,aegean food centre ltd t a tfc camberwell,Retailers - other,"303-309, Camberwell New Road, London",SE5 0TF,Southwark,-0.0952149,51.4753298,GROCER_BAKERY,VERIFIED_CANDIDATE
1061987,Camberwell daily,camberwell daily,Retailers - other,"243, Camberwell New Road, London",SE5 0TH,Southwark,-0.100598,51.477359,GROCER_BAKERY,VERIFIED_CANDIDATE
362622,The crusty loaf,the crusty loaf,Manufacturers/packers,"158, Southampton Way, London",SE5 7EW,Southwark,-0.084671,51.478377,CORE_BAKERY,VERIFIED_CANDIDATE
692057,Fcb artisan espresso bars,fcb artisan espresso bars,Retailers - other,"Denmark Hill Railway Station, Windsor Walk, London",SE5 8BB,Southwark,-0.088754,51.468893,BAKERY_CAFE,VERIFIED_CANDIDATE
1813229,Saphi,saphi,Other catering premises,"Cafe Denmark Hill Railway Station, Windsor Walk, London",SE5 8BB,Southwark,-0.0894448,51.4679876,BAKERY_CAFE,VERIFIED_CANDIDATE
364534,Nisa local,nisa local,Retailers - other,"76, Vestry Road, London",SE5 8PQ,Southwark,-0.082468,51.470823,GROCER_BAKERY,LOCATION_VERIFICATION
1501717,Toad bakery,toad bakery,Other catering premises,"44, Peckham Road, London",SE5 8PX,Southwark,-0.0810818,51.4734266,CORE_BAKERY,VERIFIED_CANDIDATE
1496309,Gladwell's,gladwell s,Retailers - other,"2, Camberwell Church Street, London",SE5 8QY,Southwark,-0.0919015,51.4739809,GROCER_BAKERY,VERIFIED_CANDIDATE
1594572,Patty island,patty island,Takeaway/sandwich shop,"40, Camberwell Church Street, London",SE5 8QZ,Southwark,-0.088775,51.473552,BAKERY_CAFE,VERIFIED_CANDIDATE
879165,We are lumberjack,we are lumberjack,Restaurant/Cafe/Canteen,"70, Camberwell Church Street, London",SE5 8QZ,Southwark,-0.088775,51.473552,BAKERY_CAFE,VERIFIED_CANDIDATE
1501699,Irene bakery,irene bakery,Restaurant/Cafe/Canteen,"31-33a, Denmark Hill, London",SE5 8RS,Southwark,-0.0928828,51.472549,BAKERY_CAFE,VERIFIED_CANDIDATE
363257,Morrisons,morrisons,Retailers - supermarkets/hypermarkets,"Morrisons Butterfly Walk, Denmark Hill, London",SE5 8RW,Southwark,-0.092452,51.473432,GROCER_BAKERY,LOCATION_VERIFICATION
449251,Greggs the bakers,greggs the bakers,Retailers - other,"18-20, Denmark Hill, London",SE5 8RZ,Southwark,-0.093556,51.473198,CORE_BAKERY,LOCATION_VERIFICATION
1960396,Lidl,lidl,Retailers - supermarkets/hypermarkets,"56-60, Denmark Hill, London",SE5 8RZ,Southwark,-0.0934872,51.4727308,GROCER_BAKERY,LOCATION_VERIFICATION
1594574,South london louie,south london louie,Restaurant/Cafe/Canteen,"65, Peckham Road, London",SE5 8UH,Southwark,-0.0797497,51.474286,BAKERY_CAFE,VERIFIED_CANDIDATE
363744,Brunchies,brunchies,Restaurant/Cafe/Canteen,"1, Valmar Road, London",SE5 9NG,Southwark,-0.094382,51.472402,BAKERY_CAFE,VERIFIED_CANDIDATE
362646,Spice n nice bakery,spice n nice bakery,Takeaway/sandwich shop,"8A, Coldharbour Lane, London",SE5 9PR,Southwark,-0.09394,51.471936,CORE_BAKERY,VERIFIED_CANDIDATE
1193941,Roasting plant (uk) limited,roasting plant uk limited,Takeaway/sandwich shop,"Bridge House, 4, Borough High Street, London",,Southwark,-0.0886328,51.5063556,BAKERY_CAFE,VERIFIED_CANDIDATE
1717333,Naantastic,naantastic,Restaurant/Cafe/Canteen,"5 The Broadway, Beddington",CR0 4QR,Sutton,-0.1316022,51.3674625,BAKERY_CAFE,VERIFIED_CANDIDATE
570872,Asda,asda,Retailers - supermarkets/hypermarkets,"Marlowe Way, Beddington",CR0 4XS,Sutton,-0.128026,51.375761,GROCER_BAKERY,SUPERMARKET_SUPPLEMENT
1794625,Saveways,saveways,Retailers - supermarkets/hypermarkets,"Unit 1, Anchor Business Park, 102 Beddington Lane, Beddington",CR0 4YX,Sutton,-0.1304481,51.3727697,GROCER_BAKERY,VERIFIED_CANDIDATE
898546,Iceland,iceland,Retailers - supermarkets/hypermarkets,"141-145 Central Road, Worcester Park",KT4 8DT,Sutton,-0.24342,51.379157,GROCER_BAKERY,LOCATION_VERIFICATION
754279,Waitrose,waitrose,Retailers - supermarkets/hypermarkets,"1 Stone Place, Worcester Park",KT4 8DX,Sutton,-0.243571,51.378206,GROCER_BAKERY,SUPERMARKET_SUPPLEMENT
570985,Greggs,greggs,Retailers - other,"125 Central Road, Worcester Park",KT4 8DY,Sutton,-0.24229,51.378664,CORE_BAKERY,LOCATION_VERIFICATION
898641,Sainsbury's,sainsbury s,Retailers - supermarkets/hypermarkets,"Retail Unit, Harcros House, 1 - 15 Central Road, Worcester Park",KT4 8EG,Sutton,-0.239090994000435,51.3770751953125,GROCER_BAKERY,LOCATION_VERIFICATION
1903820,Al Rayan Food,al rayan food,Retailers - other,"174 Central Road, Worcester Park",KT4 8HQ,Sutton,-0.243652,51.379862,GROCER_BAKERY,VERIFIED_CANDIDATE
1035447,Worcester Park Mini Market,worcester park mini market,Retailers - other,"180 Central Road, Worcester Park",KT4 8HQ,Sutton,-0.243651,51.379862,GROCER_BAKERY,VERIFIED_CANDIDATE
898552,Jolleys,jolleys,Retailers - other,"206 Cheam Common Road, Worcester Park",KT4 8QJ,Sutton,-0.237053,51.376939,GROCER_BAKERY,VERIFIED_CANDIDATE
1216010,Sowa Patisserie,sowa patisserie,Restaurant/Cafe/Canteen,"Unit 2 Level 1, St Nicholas Centre, St Nicholas Way, Sutton",SM1 1AW,Sutton,-0.194374993443489,51.3647422790527,BAKERY_CAFE,VERIFIED_CANDIDATE
1961531,Sainsburys,sainsburys,Retailers - supermarkets/hypermarkets,"1 High Street, Sutton",SM1 1DF,Sutton,-0.1916074,51.3595007,GROCER_BAKERY,LOCATION_VERIFICATION
1721303,Pret A Manger,pret a manger,Restaurant/Cafe/Canteen,"86 High Street, Sutton",SM1 1EX,Sutton,-0.192361,51.362463,BAKERY_CAFE,LOCATION_VERIFICATION
1863253,Greggs PLC,greggs plc,Retailers - other,"74 High Street, Sutton",SM1 1EZ,Sutton,-0.1920846,51.3619721,BAKERY_CAFE,LOCATION_VERIFICATION
1917348,Lidl,lidl,Retailers - supermarkets/hypermarkets,"78 - 82 High Street, Sutton",SM1 1EZ,Sutton,-0.192027,51.361829,GROCER_BAKERY,LOCATION_VERIFICATION
1852889,7G Plus,7g plus,Retailers - other,"46 High Street, Sutton",SM1 1HY,Sutton,,,GROCER_BAKERY,VERIFIED_CANDIDATE
570869,Asda,asda,Retailers - supermarkets/hypermarkets,"229 High Street, Sutton",SM1 1LD,Sutton,-0.195252,51.367859,GROCER_BAKERY,SUPERMARKET_SUPPLEMENT
928736,Sainsbury's,sainsbury s,Retailers - supermarkets/hypermarkets,"287A High Street, Sutton",SM1 1LD,Sutton,-0.195251,51.367858,GROCER_BAKERY,LOCATION_VERIFICATION
745039,Marks And Spencer,marks and spencer,Retailers - supermarkets/hypermarkets,"144 - 146 High Street, Sutton",SM1 1NQ,Sutton,-0.1932568,51.3641763,GROCER_BAKERY,LOCATION_VERIFICATION
1035451,Greggs,greggs,Retailers - other,"194 - 196 High Street, Sutton",SM1 1NR,Sutton,-0.1939007,51.365831,CORE_BAKERY,LOCATION_VERIFICATION
1389518,Lidl,lidl,Retailers - supermarkets/hypermarkets,"262-270 High Street, Sutton",SM1 1PG,Sutton,-0.1946276,51.3680304,GROCER_BAKERY,LOCATION_VERIFICATION
1725336,Shayona,shayona,Takeaway/sandwich shop,"Unit B, Festival Court, Rose Hill, Sutton",SM1 3HA,Sutton,-0.1904527,51.3836429,GROCER_BAKERY,LOCATION_VERIFICATION
1829166,Best One,best one,Retailers - other,"67A Sutton Common Road, Sutton",SM1 3HN,Sutton,-0.197529003024101,51.375,GROCER_BAKERY,LOCATION_VERIFICATION
349071,Village Bakers,village bakers,Retailers - other,"3 Lower Road, Sutton",SM1 4QJ,Sutton,-0.185333,51.365844,CORE_BAKERY,VERIFIED_CANDIDATE
1631682,Caterplus @ Royal Marsden Hospital Oak (Barista & Baker),caterplus royal marsden hospital oak barista and baker,Restaurant/Cafe/Canteen,"The Royal Marsden Hospital, Downs Road, Sutton",SM2 5PT,Sutton,-0.1909903,51.3438077,BAKERY_CAFE,VERIFIED_CANDIDATE
1126603,Village Bakers,village bakers,Other catering premises,"18 Station Road, Belmont",SM2 6BH,Sutton,-0.199966,51.343633,CORE_BAKERY,LOCATION_VERIFICATION
1726972,Crescent Grocers,crescent grocers,Retailers - other,"24 Station Road, Belmont",SM2 6BS,Sutton,-0.200807,51.343772,GROCER_BAKERY,VERIFIED_CANDIDATE
1837772,Yummy's,yummy s,Restaurant/Cafe/Canteen,"20 Mulgrave Road, Sutton",SM2 6LE,Sutton,-0.192091,51.359105,BAKERY_CAFE,VERIFIED_CANDIDATE
1914518,Budgens,budgens,Retailers - other,"18 - 20 Upper Mulgrave Road, Cheam",SM2 7AZ,Sutton,-0.2143201,51.3547438,GROCER_BAKERY,LOCATION_VERIFICATION
571090,Waitrose Ltd,waitrose ltd,Retailers - supermarkets/hypermarkets,"28 - 32 The Broadway, Cheam",SM3 8BD,Sutton,-0.2164153,51.3587121,GROCER_BAKERY,LOCATION_VERIFICATION
1515197,By Anna,by anna,Takeaway/sandwich shop,"25 The Broadway, Cheam",SM3 8BH,Sutton,-0.2167853,51.35843,CORE_BAKERY,VERIFIED_CANDIDATE
1171851,La Petite Boulangerie,la petite boulangerie,Restaurant/Cafe/Canteen,"53 - 55 The Broadway, Cheam",SM3 8BL,Sutton,-0.216919,51.358919,BAKERY_CAFE,VERIFIED_CANDIDATE
407027,Greggs,greggs,Retailers - other,"522 London Road, North Cheam",SM3 8HW,Sutton,-0.2269687,51.3715792,CORE_BAKERY,LOCATION_VERIFICATION
898517,Sainsbury's,sainsbury s,Retailers - supermarkets/hypermarkets,"17 - 19 High Street, Cheam",SM3 8RQ,Sutton,-0.2154619,51.3581131,GROCER_BAKERY,LOCATION_VERIFICATION
580086,Village Bakers,village bakers,Other catering premises,"43 Station Way, Cheam",SM3 8SD,Sutton,-0.216023,51.356819,CORE_BAKERY,LOCATION_VERIFICATION
571016,Sainsbury's,sainsbury s,Retailers - supermarkets/hypermarkets,"566 London Road, North Cheam",SM3 9AA,Sutton,-0.225716,51.372119,GROCER_BAKERY,LOCATION_VERIFICATION
1814676,Elif Food Centre,elif food centre,Retailers - supermarkets/hypermarkets,"563 - 567 London Road, North Cheam",SM3 9AE,Sutton,-0.2268991,51.3725219,GROCER_BAKERY,SUPERMARKET_SUPPLEMENT
898588,Tesco North Cheam,tesco north cheam,Retailers - other,"666 - 680 London Road, North Cheam",SM3 9BY,Sutton,,,GROCER_BAKERY,VERIFIED_CANDIDATE
864152,Asda,asda,Retailers - supermarkets/hypermarkets,"1 Stonecot Hill, Sutton",SM3 9HB,Sutton,-0.212024,51.385013,GROCER_BAKERY,SUPERMARKET_SUPPLEMENT
1038631,Lakshans,lakshans,Retailers - other,"35 - 39 Stonecot Hill, Sutton",SM3 9HH,Sutton,-0.212803,51.384367,GROCER_BAKERY,VERIFIED_CANDIDATE
754293,Costcutter,costcutter,Retailers - other,"364 - 366 Sutton Common Road, Sutton",SM3 9PL,Sutton,-0.2043972,51.3832223,GROCER_BAKERY,LOCATION_VERIFICATION
1041496,Lidl,lidl,Retailers - other,"328 Wrythe Lane, Carshalton",SM5 1AD,Sutton,-0.189441,51.384064,GROCER_BAKERY,LOCATION_VERIFICATION
1827416,Delights Super Store,delights super store,Retailers - other,"10 - 11 The Market, Wrythe Lane, Carshalton",SM5 1AG,Sutton,-0.1890113,51.3832955,GROCER_BAKERY,VERIFIED_CANDIDATE
1866712,Nisa Express,nisa express,Retailers - other,"358 Middleton Road, Carshalton",SM5 1HA,Sutton,-0.176666,51.384738,GROCER_BAKERY,VERIFIED_CANDIDATE
1934452,Greggs plc,greggs plc,Retailers - other,"386 - 390 Middleton Road, Carshalton",SM5 1HP,Sutton,,,BAKERY_CAFE,LOCATION_VERIFICATION
1038632,Budgens,budgens,Retailers - other,"373-375 Green Wrythe Lane, Carshalton",SM5 1JQ,Sutton,-0.1741535,51.3843024,GROCER_BAKERY,LOCATION_VERIFICATION
1518551,Sainsburys Carshalton - Green Wrythe Lane,sainsburys carshalton green wrythe lane,Retailers - other,"15-21 Green Wrythe Lane, Carshalton",SM5 2DS,Sutton,-0.1687427,51.3730345,GROCER_BAKERY,VERIFIED_CANDIDATE
1658791,Nana Bs,nana bs,Restaurant/Cafe/Canteen,"24 Green Wrythe Lane, Carshalton",SM5 2DW,Sutton,-0.1675419,51.372616,BAKERY_CAFE,VERIFIED_CANDIDATE
1569912,Little Free Cupboard,little free cupboard,Retailers - other,"113 Culvers Avenue, Carshalton",SM5 2FJ,Sutton,-0.1646367,51.3791532,GROCER_BAKERY,VERIFIED_CANDIDATE
571098,The Co-Operative,the co operative,Retailers - supermarkets/hypermarkets,"42-44 High Street, Carshalton",SM5 3AE,Sutton,-0.159008,51.365658,GROCER_BAKERY,LOCATION_VERIFICATION
898905,Sainsbury's,sainsbury s,Retailers - other,"52-54 High Street, Carshalton",SM5 3AG,Sutton,-0.1607625,51.3651849,GROCER_BAKERY,LOCATION_VERIFICATION
570935,Village Bakers,village bakers,Manufacturers/packers,"28 High Street, Carshalton",SM5 3AG,Sutton,-0.161196,51.365189,CORE_BAKERY,LOCATION_VERIFICATION
899141,Sainsbury's,sainsbury s,Retailers - supermarkets/hypermarkets,"132 Stanley Park Road, Carshalton",SM5 3JG,Sutton,-0.162481,51.354957,GROCER_BAKERY,LOCATION_VERIFICATION
528587,Stenning's Family Bakery,stenning s family bakery,Manufacturers/packers,"6-8 Beeches Avenue, Carshalton",SM5 3LF,Sutton,-0.1699006,51.3566995,CORE_BAKERY,VERIFIED_CANDIDATE
877449,The Co-Operative,the co operative,Retailers - supermarkets/hypermarkets,"89-91 Banstead Road, Carshalton",SM5 3NP,Sutton,-0.1735027,51.3567736,GROCER_BAKERY,LOCATION_VERIFICATION
898457,Cambridge Rd SF Connect,cambridge rd sf connect,Retailers - other,"B P Service Station, 322 Carshalton Road, Carshalton",SM5 3QB,Sutton,-0.173338,51.362933,GROCER_BAKERY,VERIFIED_CANDIDATE
1470998,Sweet Cuppa,sweet cuppa,Restaurant/Cafe/Canteen,"17 The Parade, Beynon Road, Carshalton",SM5 3RL,Sutton,-0.1681744,51.3628866,BAKERY_CAFE,VERIFIED_CANDIDATE
1301118,Costcutter,costcutter,Retailers - other,"13 Damson Way, Carshalton",SM5 4AY,Sutton,-0.166582,51.349014,GROCER_BAKERY,LOCATION_VERIFICATION
899074,Sainsbury's,sainsbury s,Retailers - supermarkets/hypermarkets,"93 Manor Road, Wallington",SM6 0AT,Sutton,-0.149971,51.3608315,GROCER_BAKERY,LOCATION_VERIFICATION
1302082,Shell Co Op Wallington,shell co op wallington,Retailers - other,"Shell Service Station, 102 Manor Road, Wallington",SM6 0DW,Sutton,-0.1507992,51.3618787,GROCER_BAKERY,VERIFIED_CANDIDATE
809156,Lidl,lidl,Retailers - supermarkets/hypermarkets,"16-18 Beddington Gardens, Wallington",SM6 0HU,Sutton,-0.1507293,51.3587639,GROCER_BAKERY,LOCATION_VERIFICATION
1626005,Londis Beddington Gardens,londis beddington gardens,Retailers - other,"7A Beddington Gardens, Wallington",SM6 0HU,Sutton,-0.150427,51.3591368,GROCER_BAKERY,VERIFIED_CANDIDATE
1266289,Rumblin Tums,rumblin tums,Restaurant/Cafe/Canteen,"5A Beddington Gardens, Wallington",SM6 0HU,Sutton,-0.150348,51.359173,BAKERY_CAFE,VERIFIED_CANDIDATE
570919,Greggs,greggs,Retailers - other,"86 Woodcote Road, Wallington",SM6 0LY,Sutton,-0.149955,51.3586,CORE_BAKERY,LOCATION_VERIFICATION
1569907,Waitrose @ Dobbies Garden Centre,waitrose dobbies garden centre,Retailers - other,"Woodcote Green Nursery, 4A Woodmansterne Lane, Wallington",SM6 0SU,Sutton,-0.1520066,51.3466524,GROCER_BAKERY,SUPERMARKET_SUPPLEMENT
899134,Sainsbury's,sainsbury s,Retailers - supermarkets/hypermarkets,"168 London Road, Hackbridge",SM6 7AN,Sutton,-0.155713,51.379005,GROCER_BAKERY,LOCATION_VERIFICATION
1320539,Lidl,lidl,Retailers - supermarkets/hypermarkets,"1 Spinning Wheel Way, Hackbridge",SM6 7DS,Sutton,-0.1552818,51.3778714,GROCER_BAKERY,LOCATION_VERIFICATION
570913,Sainsbury's,sainsbury s,Retailers - supermarkets/hypermarkets,"2 Stafford Road, Wallington",SM6 9AA,Sutton,-0.14643,51.358392,GROCER_BAKERY,LOCATION_VERIFICATION
955183,Green Apple,green apple,Retailers - other,"29 Stafford Road, Wallington",SM6 9AP,Sutton,-0.143637,51.358545,GROCER_BAKERY,VERIFIED_CANDIDATE
1193878,The Tower,the tower,Restaurant/Cafe/Canteen,"St Marys Church, Church Road, Wallington",,Sutton,-0.616448951812106,51.7122405149527,BAKERY_CAFE,VERIFIED_CANDIDATE
362443,Sainsbury's,sainsbury s,Retailers - supermarkets/hypermarkets,"Sainsbury's, 516-518 Commercial Road, London",E1 0HY,Tower Hamlets,-0.0426899,51.5128097,GROCER_BAKERY,LOCATION_VERIFICATION
1647208,The Baklava Company London,the baklava company london,Restaurant/Cafe/Canteen,"534 Commercial Road, London",E1 0HY,Tower Hamlets,-0.042271,51.5128297,CORE_BAKERY,VERIFIED_CANDIDATE
1551275,Cabin,cabin,Restaurant/Cafe/Canteen,"134 Aylward Street, London",E1 0QW,Tower Hamlets,-0.046418,51.515848,BAKERY_CAFE,VERIFIED_CANDIDATE
99493,Budgens Express,budgens express,Retailers - other,"Budgens Express, 287-289 Whitechapel Road, London",E1 1BY,Tower Hamlets,-0.0593668,51.5195436,GROCER_BAKERY,VERIFIED_CANDIDATE
1495368,Kacha Bazar Whitechapel,kacha bazar whitechapel,Retailers - other,"271 Whitechapel Road, London",E1 1BY,Tower Hamlets,-0.0599502,51.5193824,GROCER_BAKERY,VERIFIED_CANDIDATE
654261,Mas Bazar Whitechapel Ltd,mas bazar whitechapel ltd,Restaurant/Cafe/Canteen,"265-267 Whitechapel Road, London",E1 1BY,Tower Hamlets,-0.059432,51.519597,GROCER_BAKERY,VERIFIED_CANDIDATE
1944980,Whitechapel Bagel House,whitechapel bagel house,Takeaway/sandwich shop,"309 Whitechapel Road, London",E1 1BY,Tower Hamlets,-0.059433,51.519598,CORE_BAKERY,VERIFIED_CANDIDATE
1022516,Greggs,greggs,Retailers - other,"243 Whitechapel Road, London",E1 1DB,Tower Hamlets,-0.060978,51.519183,CORE_BAKERY,LOCATION_VERIFICATION
1570336,Whitechapel Sabji Bazar,whitechapel sabji bazar,Retailers - other,"245 Whitechapel Road, London",E1 1DB,Tower Hamlets,-0.061078,51.519184,GROCER_BAKERY,VERIFIED_CANDIDATE
982909,Nawal,nawal,Retailers - other,"197 Whitechapel Road, London",E1 1DE,Tower Hamlets,-0.062303,51.518872,CORE_BAKERY,VERIFIED_CANDIDATE
770231,Circle & Slice,circle and slice,Restaurant/Cafe/Canteen,"11 Whitechapel Road, London",E1 1DU,Tower Hamlets,-0.068392,51.517003,BAKERY_CAFE,VERIFIED_CANDIDATE
99956,Starbucks Coffee Company (UK) Ltd,starbucks coffee company uk ltd,Restaurant/Cafe/Canteen,"Unit 4 Black Lion House, 45 Whitechapel Road, London",E1 1DU,Tower Hamlets,-0.068393,51.517003,BAKERY_CAFE,VERIFIED_CANDIDATE
1530406,Easy As Fresh Ltd,easy as fresh ltd,Retailers - supermarkets/hypermarkets,"Unit 1, 18 Plumbers Row, London",E1 1EP,Tower Hamlets,-0.0666652,51.5160312,GROCER_BAKERY,LOCATION_VERIFICATION
784000,Ambala,ambala,Restaurant/Cafe/Canteen,"144-146 Whitechapel Road, London",E1 1JE,Tower Hamlets,-0.063768,51.51796,GROCER_BAKERY,LOCATION_VERIFICATION
1450796,Nisa Aldgate,nisa aldgate,Retailers - other,"Nisa, 30 Commercial Road, London",E1 1LN,Tower Hamlets,-0.0697503,51.5148679,GROCER_BAKERY,VERIFIED_CANDIDATE
1377572,Unique Superstore,unique superstore,Retailers - other,"98 Commercial Road, London",E1 1NU,Tower Hamlets,-0.0649676,51.5146653,GROCER_BAKERY,VERIFIED_CANDIDATE
1762716,Bagels & Spudz,bagels and spudz,Restaurant/Cafe/Canteen,"141 Commercial Road, London",E1 1PX,Tower Hamlets,-0.06237,51.514925,BAKERY_CAFE,VERIFIED_CANDIDATE
1939586,Querky Cafe Ltd,querky cafe ltd,Restaurant/Cafe/Canteen,"38 New Road, London",E1 2AX,Tower Hamlets,-0.061961,51.515719,BAKERY_CAFE,VERIFIED_CANDIDATE
1648061,Etre,etre,Restaurant/Cafe/Canteen,"171 Commercial Road, London",E1 2DA,Tower Hamlets,-0.0610922,51.5148959,BAKERY_CAFE,VERIFIED_CANDIDATE
1831527,The Second Wife,the second wife,Manufacturers/packers,"18 Hessel Street, London",E1 2LP,Tower Hamlets,-0.0625191,51.5142181,BAKERY_CAFE,VERIFIED_CANDIDATE
1947203,Bono Bean,bono bean,Restaurant/Cafe/Canteen,"171 Cannon Street Road, London",E1 2LX,Tower Hamlets,-0.0619704,51.5140455,BAKERY_CAFE,VERIFIED_CANDIDATE
42423,Quality Foods (London) Ltd,quality foods london ltd,Retailers - other,"125-127 Cannon Street Road, London",E1 2LX,Tower Hamlets,-0.061796,51.513153,GROCER_BAKERY,VERIFIED_CANDIDATE
42426,Savera Bakery & Sweet Centre,savera bakery and sweet centre,Retailers - other,"155 Cannon Street Road, London",E1 2LX,Tower Hamlets,-0.061796,51.513153,CORE_BAKERY,VERIFIED_CANDIDATE
43878,Iceland,iceland,Retailers - supermarkets/hypermarkets,"Iceland, 1-11 Watney Market, London",E1 2PP,Tower Hamlets,-0.0565875,51.514066,GROCER_BAKERY,LOCATION_VERIFICATION
1874900,Reverie Bakery,reverie bakery,Manufacturers/packers,"18 Watney Market, London",E1 2PR,Tower Hamlets,-0.05697,51.513793,BAKERY_CAFE,VERIFIED_CANDIDATE
69802,Kushiara Cash & Carry Ltd,kushiara cash and carry ltd,Retailers - other,"313-317 Commercial Road, London",E1 2PS,Tower Hamlets,-0.055094,51.514526,GROCER_BAKERY,VERIFIED_CANDIDATE
925295,Sainsbury's,sainsbury s,Retailers - supermarkets/hypermarkets,"Sainsbury's, 327-329 Commercial Road, London",E1 2PS,Tower Hamlets,-0.0544688,51.514487,GROCER_BAKERY,LOCATION_VERIFICATION
41806,Candys Newsagents,candys newsagents,Retailers - other,"228 Jubilee Street, London",E1 3BS,Tower Hamlets,-0.052937,51.519805,GROCER_BAKERY,VERIFIED_CANDIDATE
41802,Rinkoffs Bakery,rinkoffs bakery,Retailers - other,"224 Jubilee Street, London",E1 3BS,Tower Hamlets,-0.052937,51.519805,CORE_BAKERY,VERIFIED_CANDIDATE
1889169,Stepney's,stepney s,Restaurant/Cafe/Canteen,"Stepney City Farm, Stepney Way, London",E1 3DG,Tower Hamlets,,,BAKERY_CAFE,VERIFIED_CANDIDATE
41487,Johnny Walls Bakery,johnny walls bakery,Retailers - other,"82 Ben Jonson Road, London",E1 3NN,Tower Hamlets,-0.03982,51.517806,BAKERY_CAFE,VERIFIED_CANDIDATE
103255,Union Shop,union shop,Restaurant/Cafe/Canteen,"Queen Mary University Students Union, 432 Bancroft Road, London",E1 4DH,Tower Hamlets,-0.0430070012807846,51.5238037109375,BAKERY_CAFE,VERIFIED_CANDIDATE
576384,Sainsbury's,sainsbury s,Retailers - other,"Sainsbury's, 3-5 Globe Road, London",E1 4DT,Tower Hamlets,-0.0467019,51.522135,GROCER_BAKERY,LOCATION_VERIFICATION
442189,Sainsbury's,sainsbury s,Retailers - supermarkets/hypermarkets,"Sainsbury's, 420-430 Mile End Road, London",E1 4PE,Tower Hamlets,-0.0395576,51.5227791,GROCER_BAKERY,LOCATION_VERIFICATION
1029727,Lovers Mini Market,lovers mini market,Retailers - other,"Lovers Mini Market  Unit 13, 71 Ben Jonson Road, London",E1 4SA,Tower Hamlets,-0.0389118,51.5182232,GROCER_BAKERY,VERIFIED_CANDIDATE
1846843,Praan Sweets Whitechapel,praan sweets whitechapel,Restaurant/Cafe/Canteen,"41a Vallance Road, London",E1 5AB,Tower Hamlets,-0.0639094,51.5201041,BAKERY_CAFE,VERIFIED_CANDIDATE
100425,Rinkoffs Bakery,rinkoffs bakery,Retailers - other,"79 Vallance Road, London",E1 5BS,Tower Hamlets,-0.064426,51.521497,CORE_BAKERY,LOCATION_VERIFICATION
1874894,Much A-Brew About Nothing,much a brew about nothing,Restaurant/Cafe/Canteen,"8 Heneage Street, London",E1 5LJ,Tower Hamlets,-0.0707562,51.5188144,BAKERY_CAFE,VERIFIED_CANDIDATE
1919149,Brush & Lever,brush and lever,Takeaway/sandwich shop,"Unit 1, 61 Princelet Street, London",E1 5LP,Tower Hamlets,-0.0700406,51.5198567,BAKERY_CAFE,VERIFIED_CANDIDATE
362520,New Ali's Mini Superstore Ltd,new ali s mini superstore ltd,Retailers - other,"50d Greatorex Street, London",E1 5NP,Tower Hamlets,-0.067515,51.51867,GROCER_BAKERY,VERIFIED_CANDIDATE
44301,Sainsbury's,sainsbury s,Retailers - supermarkets/hypermarkets,"Sainsbury Foodstore, 1 Cambridge Heath Road, London",E1 5SD,Tower Hamlets,-0.058772,51.521224,GROCER_BAKERY,LOCATION_VERIFICATION
1949647,"SUBA, SUBA Bakery",suba suba bakery,Restaurant/Cafe/Canteen,,E1 6,Tower Hamlets,,,CORE_BAKERY,VERIFIED_CANDIDATE
1002230,Oliver's,oliver s,Takeaway/sandwich shop,"Kiosk, 41a Commercial Street, London",E1 6BD,Tower Hamlets,-0.073921,51.517499,BAKERY_CAFE,VERIFIED_CANDIDATE
703297,TRADE Commercial Street,trade commercial street,Restaurant/Cafe/Canteen,"TRADE Commercial Street, 47 Commercial Street, London",E1 6BD,Tower Hamlets,-0.0738456,51.5174628,BAKERY_CAFE,VERIFIED_CANDIDATE
624941,Pret A Manger,pret a manger,Restaurant/Cafe/Canteen,"1 Commercial Street, London",E1 6BF,Tower Hamlets,-0.07286,51.515646,BAKERY_CAFE,LOCATION_VERIFICATION
1759520,Blank Street,blank street,Restaurant/Cafe/Canteen,"17 Norton Folgate, London",E1 6DB,Tower Hamlets,-0.0783334,51.5213219,BAKERY_CAFE,LOCATION_VERIFICATION
1775186,Sainsburys,sainsburys,Retailers - supermarkets/hypermarkets,"Sainsbury's, 20-21 Norton Folgate, London",E1 6DB,Tower Hamlets,-0.078225,51.5215,GROCER_BAKERY,LOCATION_VERIFICATION
1548873,Gail's Bakery - Spitalfields,gail s bakery spitalfields,Restaurant/Cafe/Canteen,"11 Lamb Street, London",E1 6EA,Tower Hamlets,-0.0754027,51.5200598,CORE_BAKERY,VERIFIED_CANDIDATE
1963660,Pret a Manger (Europe) Ltd,pret a manger europe ltd,Restaurant/Cafe/Canteen,"Units 14-15, Bishops Square, London",E1 6EG,Tower Hamlets,-0.0785942,51.5193577,BAKERY_CAFE,LOCATION_VERIFICATION
1792353,Bread & Truffle,bread and truffle,Restaurant/Cafe/Canteen,"Pod 3 Old Spitalfields Market, Horner Square, London",E1 6EW,Tower Hamlets,-0.0756618,51.5193575,BAKERY_CAFE,LOCATION_VERIFICATION
1664247,Donovan's Bakehouse,donovan s bakehouse,Takeaway/sandwich shop,"5 Horner Square, London",E1 6EW,Tower Hamlets,-0.075698,51.519803,CORE_BAKERY,VERIFIED_CANDIDATE
493842,Sainsbury's,sainsbury s,Retailers - supermarkets/hypermarkets,"Sainsbury's  Commercial Unit 7, 50 Bethnal Green Road, London",E1 6JW,Tower Hamlets,-0.0734335,51.5239181,GROCER_BAKERY,LOCATION_VERIFICATION
1064792,Pangea,pangea,Restaurant/Cafe/Canteen,"74 Commercial Street, London",E1 6LY,Tower Hamlets,-0.074131,51.5184292,BAKERY_CAFE,VERIFIED_CANDIDATE
79317,St John Bread & Wine,st john bread and wine,Restaurant/Cafe/Canteen,"St John Bread & Wine, 94-96 Commercial Street, London",E1 6LZ,Tower Hamlets,-0.074206,51.5197254,BAKERY_CAFE,VERIFIED_CANDIDATE
1002240,La Maniere Belgique,la maniere belgique,Restaurant/Cafe/Canteen,"22 Brick Lane, London",E1 6RF,Tower Hamlets,-0.0709870010614395,51.5180244445801,BAKERY_CAFE,VERIFIED_CANDIDATE
49557,Beigel Bake,beigel bake,Retailers - other,"Beigel Bake, 159 Brick Lane, London",E1 6SB,Tower Hamlets,-0.071702,51.523955,CORE_BAKERY,VERIFIED_CANDIDATE
508923,Kahaila,kahaila,Restaurant/Cafe/Canteen,"Kahaila, 135 Brick Lane, London",E1 6SB,Tower Hamlets,-0.0716873,51.5238193,BAKERY_CAFE,VERIFIED_CANDIDATE
49782,Yellow Beigel Shop,yellow beigel shop,Manufacturers/packers,"Beigel Shop, 155 Brick Lane, London",E1 6SB,Tower Hamlets,-0.071702,51.523955,CORE_BAKERY,VERIFIED_CANDIDATE
68325,Kastner and Ovens,kastner and ovens,Restaurant/Cafe/Canteen,"Unit 4 Nido, 13 Frying Pan Alley, London",E1 7HS,Tower Hamlets,-0.076684,51.517598,BAKERY_CAFE,VERIFIED_CANDIDATE
1410121,The Hummingbird Bakery,the hummingbird bakery,Manufacturers/packers,"The Hummingbird Bakery  Chapter Spitalfields Nido Tower, 9 Frying Pan Alley, London",E1 7HS,Tower Hamlets,-0.0766456,51.5175893,CORE_BAKERY,LOCATION_VERIFICATION
654218,Sainsbury's,sainsbury s,Retailers - supermarkets/hypermarkets,"Sainsbury's, 31 Bell Lane, London",E1 7LA,Tower Hamlets,-0.0765146,51.5176042,GROCER_BAKERY,LOCATION_VERIFICATION
750406,Ottolenghi Spitalfields,ottolenghi spitalfields,Restaurant/Cafe/Canteen,"Ottolenghi Spitalfields, 50 Artillery Lane, London",E1 7LS,Tower Hamlets,-0.0771744,51.5182209,BAKERY_CAFE,VERIFIED_CANDIDATE
1675212,CHAOS.London,chaos london,Restaurant/Cafe/Canteen,"34 Toynbee Street, London",E1 7NE,Tower Hamlets,-0.0272581,51.570734,BAKERY_CAFE,VERIFIED_CANDIDATE
1878462,"La Deliziosa Cucina, Tysons Bagel, Shawarma",la deliziosa cucina tysons bagel shawarma,Other catering premises,"2 Toynbee Street, London",E1 7NE,Tower Hamlets,-0.074687,51.51778,BAKERY_CAFE,VERIFIED_CANDIDATE
999175,Potter & Reid,potter and reid,Restaurant/Cafe/Canteen,"Potter & Reid, 20-22 Toynbee Street, London",E1 7NE,Tower Hamlets,-0.0745969,51.5176365,BAKERY_CAFE,VERIFIED_CANDIDATE
1535483,"Bagel Express, Morning Birds, Breakfast Bagel",bagel express morning birds breakfast bagel,Takeaway/sandwich shop,"14 Brune Street, London",E1 7NJ,Tower Hamlets,-0.075047,51.518147,BAKERY_CAFE,VERIFIED_CANDIDATE
1452444,Maple Street Eats - The Gate,maple street eats the gate,Restaurant/Cafe/Canteen,"41 White Church Lane, London",E1 7QR,Tower Hamlets,-0.0692500025033951,51.5155868530273,BAKERY_CAFE,VERIFIED_CANDIDATE
1784662,Alba x Whitechapel Gallery,alba x whitechapel gallery,Restaurant/Cafe/Canteen,"88 Whitechapel High Street, London",E1 7QX,Tower Hamlets,-0.070496,51.515994,BAKERY_CAFE,VERIFIED_CANDIDATE
548601,Exmouth Coffee Co.,exmouth coffee co,Takeaway/sandwich shop,"83 Whitechapel High Street, London",E1 7QX,Tower Hamlets,-0.070496,51.515994,BAKERY_CAFE,VERIFIED_CANDIDATE
458912,Haajar's Corner,haajar s corner,Retailers - other,"78 Wentworth Street, London",E1 7SA,Tower Hamlets,-0.071866,51.517006,GROCER_BAKERY,VERIFIED_CANDIDATE
1437125,Dauns,dauns,Restaurant/Cafe/Canteen,"Dauns, 77 Wentworth Street, London",E1 7TD,Tower Hamlets,-0.0738028,51.516985,BAKERY_CAFE,VERIFIED_CANDIDATE
1593175,Swan Bakery,swan bakery,Manufacturers/packers,"40 Wentworth Street, London",E1 7TF,Tower Hamlets,-0.0746996,51.5167059,CORE_BAKERY,VERIFIED_CANDIDATE
530834,Sainsbury's,sainsbury s,Retailers - supermarkets/hypermarkets,"Sainsbury's, 27 Mansell Street, London",E1 8AA,Tower Hamlets,-0.0730757,51.5135059,GROCER_BAKERY,LOCATION_VERIFICATION
68250,Pret A Manger,pret a manger,Restaurant/Cafe/Canteen,"21 Mansell Street, London",E1 8DA,Tower Hamlets,-0.071186,51.513659,BAKERY_CAFE,LOCATION_VERIFICATION
1155307,Yo Yo Oriental Supermarket,yo yo oriental supermarket,Retailers - supermarkets/hypermarkets,"Yo Yo Oriental Supermarket, 61a Alie Street, London",E1 8EB,Tower Hamlets,-0.0699968,51.5143454,GROCER_BAKERY,SUPERMARKET_SUPPLEMENT
493843,Sainsbury's,sainsbury s,Retailers - supermarkets/hypermarkets,"Sainsbury's  Unit 2 Southwest Block, Goodmans Fields, London",E1 8EJ,Tower Hamlets,-0.0685586,51.512843,GROCER_BAKERY,LOCATION_VERIFICATION
1947202,Convenience 65 (Aldgate East),convenience 65 aldgate east,Retailers - other,"Convenience 65 (Aldgate East)  Unit 3, 7 Leman Street, London",E1 8EN,Tower Hamlets,-0.0713426,51.5148313,GROCER_BAKERY,VERIFIED_CANDIDATE
1956212,Tesco Stores Limited,tesco stores limited,Retailers - supermarkets/hypermarkets,"Tesco (6437) Aldgate East Express Unit 1 NW Block Goodsmans Field, 39 Leman Street, London",E1 8PU,Tower Hamlets,,,GROCER_BAKERY,LOCATION_VERIFICATION
1739206,Kova Patisserie,kova patisserie,Restaurant/Cafe/Canteen,"Kova Patisserie  Unit 5 North East Block Goodman's Fields, 27 Piazza Walk, London",E1 8QH,Tower Hamlets,-0.0685865,51.5138866,BAKERY_CAFE,LOCATION_VERIFICATION
1316865,Tian Tian Markets,tian tian markets,Retailers - supermarkets/hypermarkets,"Tian Tian Markets  Unit 2 & 3, 18 Piazza Walk, London",E1 8ZN,Tower Hamlets,-0.0688317,51.5135399,GROCER_BAKERY,VERIFIED_CANDIDATE
1363160,Basirs Bakery,basirs bakery,Restaurant/Cafe/Canteen,"Basirs Bakery, 227 East India Dock Road, London",E14 0EG,Tower Hamlets,-0.0111272,51.5114784,CORE_BAKERY,VERIFIED_CANDIDATE
82952,Spar/Cotton Street Service Station,spar cotton street service station,Retailers - other,"Spar/Cotton Street Service Station, 40 Cotton Street, London",E14 0EL,Tower Hamlets,-0.0108417,51.5107541,GROCER_BAKERY,VERIFIED_CANDIDATE
1688279,Layers Bakery,layers bakery,Manufacturers/packers,"Unit 4, 68 Orchard Place, London",E14 0JW,Tower Hamlets,0.0075926,51.5085062,BAKERY_CAFE,VERIFIED_CANDIDATE
39792,Family Shop,family shop,Retailers - other,"Family Shop, 201a Abbott Road, London",E14 0NE,Tower Hamlets,-0.006599,51.5155023,GROCER_BAKERY,VERIFIED_CANDIDATE
61702,Umar Veg Ltd,umar veg ltd,Retailers - other,"42-44 Aberfeldy Street, London",E14 0NU,Tower Hamlets,-0.005823,51.513392,GROCER_BAKERY,VERIFIED_CANDIDATE
1425378,Sainsbury's,sainsbury s,Retailers - supermarkets/hypermarkets,"Sainsbury's, 50 Hopewell Square, London",E14 0SY,Tower Hamlets,0.0066661,51.5134726,GROCER_BAKERY,LOCATION_VERIFICATION
1174107,The Espresso Room Limited,the espresso room limited,Restaurant/Cafe/Canteen,"English National Ballet, 41 Hopewell Square, London",E14 0SY,Tower Hamlets,0.0065310001373291,51.5128784179688,BAKERY_CAFE,VERIFIED_CANDIDATE
1733488,Almari,almari,Restaurant/Cafe/Canteen,"71 New Village Avenue, London",E14 0TE,Tower Hamlets,-0.0045836,51.5124823,BAKERY_CAFE,VERIFIED_CANDIDATE
96577,Morrisons Daily & Subway,morrisons daily and subway,Retailers - other,"Morrisons Daily & Subway, 1 Newport Avenue, London",E14 2ED,Tower Hamlets,-0.0019685,51.5090114,GROCER_BAKERY,VERIFIED_CANDIDATE
150650,Asda,asda,Retailers - supermarkets/hypermarkets,"Asda  Unit 2, 151 East Ferry Road, London",E14 3BT,Tower Hamlets,-0.013592,51.4942535,GROCER_BAKERY,SUPERMARKET_SUPPLEMENT
87265,Oguz Food & Wine Ltd,oguz food and wine ltd,Retailers - other,"Oguz Food & Wine Ltd, 27 Castalia Square, London",E14 3PQ,Tower Hamlets,-0.0105588,51.4985064,GROCER_BAKERY,VERIFIED_CANDIDATE
70070,"Pret A Manger, Tower Kiosk",pret a manger tower kiosk,Restaurant/Cafe/Canteen,"1 Canada Square, London",E14 4AA,Tower Hamlets,,,BAKERY_CAFE,VERIFIED_CANDIDATE
1803924,Yummzy,yummzy,Restaurant/Cafe/Canteen,"Yummzy  Unit S30 FC4, 18-19 Cabot Square, London",E14 4PZ,Tower Hamlets,-0.0238528,51.5048056,BAKERY_CAFE,VERIFIED_CANDIDATE
72303,"Pret A Manger, Cabot Place",pret a manger cabot place,Restaurant/Cafe/Canteen,"Cabot Place East, 15 Cabot Square, London",E14 4QS,Tower Hamlets,-0.021672,51.50519,BAKERY_CAFE,VERIFIED_CANDIDATE
1648075,Buns From Home,buns from home,Manufacturers/packers,"15 Cabot Square, London",E14 4QT,Tower Hamlets,-0.021672,51.50519,CORE_BAKERY,LOCATION_VERIFICATION
1224829,Costa Limited,costa limited,Restaurant/Cafe/Canteen,"Unit RS370, 15 Cabot Square, London",E14 4QT,Tower Hamlets,-0.0214871,51.5052146,BAKERY_CAFE,LOCATION_VERIFICATION
1152083,Bagel Factory,bagel factory,Restaurant/Cafe/Canteen,"Unit 4, 20 Canada Square, London",E14 5AB,Tower Hamlets,-0.0194620005786419,51.5049629211426,BAKERY_CAFE,LOCATION_VERIFICATION
1765688,Blank Street,blank street,Restaurant/Cafe/Canteen,"Unit R430, Canada Place, London",E14 5AB,Tower Hamlets,,,BAKERY_CAFE,LOCATION_VERIFICATION
1634304,Coco di Mama,coco di mama,Restaurant/Cafe/Canteen,"1 Canada Square, London",E14 5AB,Tower Hamlets,-0.019462,51.504964,BAKERY_CAFE,LOCATION_VERIFICATION
99594,Paul UK Canary Wharf,paul uk canary wharf,Retailers - other,"Unit Rp 390 Cabot Place, Cabot Square, London",E14 5AB,Tower Hamlets,-0.019462,51.504964,BAKERY_CAFE,VERIFIED_CANDIDATE
67284,Birleys Baguette Kiosk,birleys baguette kiosk,Restaurant/Cafe/Canteen,"Kiosk 2 Promenade Level, Canada Place, London",E14 5AH,Tower Hamlets,,,BAKERY_CAFE,VERIFIED_CANDIDATE
1648076,Buns From Home,buns from home,Takeaway/sandwich shop,"Kiosk 3D Canada Place Mall, 38 Canada Square, London",E14 5AH,Tower Hamlets,-0.0174278,51.5044536,CORE_BAKERY,LOCATION_VERIFICATION
1908697,Fortnum & Mason,fortnum and mason,Retailers - other,"Unit 3b Canada Place, 38 Canada Square, London",E14 5AH,Tower Hamlets,,,GROCER_BAKERY,LOCATION_VERIFICATION
1874885,Brick Lane Bagels Co,brick lane bagels co,Restaurant/Cafe/Canteen,"Kiosk 5, Reuters Plaza, London",E14 5AJ,Tower Hamlets,-0.019474,51.504343,BAKERY_CAFE,VERIFIED_CANDIDATE
590791,Pure,pure,Restaurant/Cafe/Canteen,"Unit 390, 15 Cabot Square, London",E14 5AX,Tower Hamlets,-0.0203134,51.5050329,BAKERY_CAFE,LOCATION_VERIFICATION
1641217,Bread & Truffle,bread and truffle,Restaurant/Cafe/Canteen,"16-19 Canada Square, London",E14 5EQ,Tower Hamlets,-0.016821,51.5047662,BAKERY_CAFE,LOCATION_VERIFICATION
1648071,Joe Blakes,joe blakes,Restaurant/Cafe/Canteen,"16-19 Canada Square, London",E14 5EW,Tower Hamlets,-0.016307,51.504632,BAKERY_CAFE,VERIFIED_CANDIDATE
75876,Waitrose Food and Home,waitrose food and home,Retailers - supermarkets/hypermarkets,"Waitrose Food and Home, 16-19 Canada Square, London",E14 5EW,Tower Hamlets,-0.0162315,51.5045816,GROCER_BAKERY,SUPERMARKET_SUPPLEMENT
1619008,Greggs PLC,greggs plc,Manufacturers/packers,"Canary Wharf Underground Station, Bank Street, London",E14 5HL,Tower Hamlets,-0.0194247,51.503597,BAKERY_CAFE,LOCATION_VERIFICATION
1880906,Brother Marcus,brother marcus,Restaurant/Cafe/Canteen,"Brother Marcus Unit 1 YY London, 30 Churchill Place, London",E14 5HX,Tower Hamlets,,,BAKERY_CAFE,LOCATION_VERIFICATION
1170596,Notes Music & Coffee Ltd,notes music and coffee ltd,Restaurant/Cafe/Canteen,"Unit 6 Canada Walk, 20 Canada Square, London",E14 5NN,Tower Hamlets,-0.0165461,51.5038755,BAKERY_CAFE,LOCATION_VERIFICATION
100557,Paul,paul,Retailers - other,"Paul Uk Kiosk 1 Jubilee Place, 45 Bank Street, London",E14 5NT,Tower Hamlets,-0.018175,51.502415,CORE_BAKERY,VERIFIED_CANDIDATE
1592004,Brera,brera,Restaurant/Cafe/Canteen,"Unit 38e Jubilee Place, 45 Bank Street, London",E14 5NY,Tower Hamlets,-0.018583,51.5030702,BAKERY_CAFE,LOCATION_VERIFICATION
1769121,Paris Baguette Canary Wharf,paris baguette canary wharf,Manufacturers/packers,"Paris Baguette Canary Wharf  Unit 44 Jubilee Place, 45 Bank Street, London",E14 5NY,Tower Hamlets,-0.018583,51.5030702,BAKERY_CAFE,VERIFIED_CANDIDATE
81194,"Pret A Manger, Jubilee Place",pret a manger jubilee place,Takeaway/sandwich shop,"Pret A Manger Unit 13 Jubilee Place, 45 Bank Street, London",E14 5NY,Tower Hamlets,-0.018607,51.503088,BAKERY_CAFE,VERIFIED_CANDIDATE
101625,Starbucks Coffee Company (UK) Ltd,starbucks coffee company uk ltd,Takeaway/sandwich shop,"2 Churchill Place, London",E14 5RB,Tower Hamlets,-0.0146,51.504441,BAKERY_CAFE,LOCATION_VERIFICATION
82586,Premier Bakes,premier bakes,Retailers - other,"Premier Cakes, 8 Market Way, London",E14 6AH,Tower Hamlets,-0.015142,51.5132,CORE_BAKERY,VERIFIED_CANDIDATE
1687768,Ahmed Food and Vegetables UK Limited,ahmed food and vegetables uk limited,Retailers - supermarkets/hypermarkets,"Unit 23 The Arcade, Market Square, London",E14 6AQ,Tower Hamlets,-0.0142157,51.5126627,GROCER_BAKERY,VERIFIED_CANDIDATE
40746,Greggs The Bakers,greggs the bakers,Retailers - other,"16 Market Square, London",E14 6AQ,Tower Hamlets,-0.014297,51.512754,CORE_BAKERY,VERIFIED_CANDIDATE
66130,Iceland,iceland,Retailers - supermarkets/hypermarkets,"Iceland, 10 Vesey Path, London",E14 6BT,Tower Hamlets,-0.0139693,51.5117424,GROCER_BAKERY,LOCATION_VERIFICATION
41282,P M Davis Delicatessen,p m davis delicatessen,Retailers - other,"11 Vesey Path, London",E14 6BT,Tower Hamlets,-0.014586,51.511734,GROCER_BAKERY,VERIFIED_CANDIDATE
1353974,Bagel Eats,bagel eats,Restaurant/Cafe/Canteen,"120-132 Chrisp Street, London",E14 6NL,Tower Hamlets,-0.0144301,51.5148056,BAKERY_CAFE,VERIFIED_CANDIDATE
948974,E5 Poplar Bakehouse,e5 poplar bakehouse,Restaurant/Cafe/Canteen,"E5 Poplar Bakehouse, 2 Cotall Street, London",E14 6TL,Tower Hamlets,-0.0229826,51.5155997,BAKERY_CAFE,VERIFIED_CANDIDATE
44488,Lidl,lidl,Retailers - supermarkets/hypermarkets,"Lidl, 306 Burdett Road, London",E14 7DL,Tower Hamlets,-0.028171,51.512521,GROCER_BAKERY,LOCATION_VERIFICATION
1810366,Limehouse Cooperation Town Food Co-Op,limehouse cooperation town food co op,Retailers - other,"Limehouse Town Hall, 646 Commercial Road, London",E14 7HA,Tower Hamlets,,,GROCER_BAKERY,VERIFIED_CANDIDATE
1423586,Carr Cash and Carry,carr cash and carry,Retailers - other,"Repton Street/Carr Street, London",E14 7RH,Tower Hamlets,-0.0371678072514074,51.5155964060495,GROCER_BAKERY,VERIFIED_CANDIDATE
91792,Riverside Store,riverside store,Retailers - other,"Riverside Store, 50a Narrow Street, London",E14 8BP,Tower Hamlets,-0.0356382,51.5092206,GROCER_BAKERY,VERIFIED_CANDIDATE
1634300,La'Chi Ltd,la chi ltd,Manufacturers/packers,"1 Pennyfields, London",E14 8HP,Tower Hamlets,-0.024647,51.509701,BAKERY_CAFE,VERIFIED_CANDIDATE
65964,Co-operative,co operative,Retailers - supermarkets/hypermarkets,"Co-operative  Unit 1, 1 Cassilis Road, London",E14 8LQ,Tower Hamlets,-0.0215808,51.4983996,GROCER_BAKERY,VERIFIED_CANDIDATE
72047,"Pret A Manger, Westferry",pret a manger westferry,Restaurant/Cafe/Canteen,"7 Westferry Circus, London",E14 8RP,Tower Hamlets,-0.027773,51.506381,BAKERY_CAFE,VERIFIED_CANDIDATE
696147,Co-operative,co operative,Retailers - supermarkets/hypermarkets,"Co-operative  Unit CG, Harbour Exchange Square, London",E14 9GE,Tower Hamlets,,,GROCER_BAKERY,LOCATION_VERIFICATION
1904851,Morrisons Daily,morrisons daily,Retailers - other,"Unit H4.2, 70 Harbord Square, London",E14 9QH,Tower Hamlets,-0.0099931,51.5021242,GROCER_BAKERY,LOCATION_VERIFICATION
209849,Baguette Express,baguette express,Restaurant/Cafe/Canteen,"Unit 3a South Quay Plaza, 185 Marsh Wall, London",E14 9SH,Tower Hamlets,-0.016562,51.500743,BAKERY_CAFE,VERIFIED_CANDIDATE
1781210,Another Brother,another brother,Restaurant/Cafe/Canteen,"Unit 1, 20 Crossharbour Plaza, London",E14 9YF,Tower Hamlets,-0.0148426,51.4976291,BAKERY_CAFE,LOCATION_VERIFICATION
194769,Wapping Sourdough,wapping sourdough,Other catering premises,,E1W ,Tower Hamlets,,,CORE_BAKERY,VERIFIED_CANDIDATE
775541,White Mulberries Ltd,white mulberries ltd,Restaurant/Cafe/Canteen,"White Mulberries Ltd  Unit D3 Ivory House, East Smithfield, London",E1W 1AT,Tower Hamlets,-0.0718094,51.5071951,BAKERY_CAFE,VERIFIED_CANDIDATE
67815,Pret A Manger,pret a manger,Restaurant/Cafe/Canteen,"Unit 1 Thomas More Square, Thomas More Street, London",E1W 1YN,Tower Hamlets,-0.068263,51.508152,BAKERY_CAFE,VERIFIED_CANDIDATE
92607,Waitrose Ltd,waitrose ltd,Retailers - supermarkets/hypermarkets,"Waitrose Ltd, 41 Thomas More Street, London",E1W 1YY,Tower Hamlets,-0.0672979,51.506878,GROCER_BAKERY,VERIFIED_CANDIDATE
1278317,Sainsbury's,sainsbury s,Retailers - supermarkets/hypermarkets,"Sainsbury's  Unit 1, Vaughan Way, London",E1W 2AA,Tower Hamlets,-0.0671625,51.509079,GROCER_BAKERY,LOCATION_VERIFICATION
1580973,Wapping Sourdough,wapping sourdough,Mobile caterer,"Arrival Square, London Dock, Vaughan Way, London",E1W 2AA,Tower Hamlets,,,CORE_BAKERY,LOCATION_VERIFICATION
530871,Co-Op St Katherines,co op st katherines,Retailers - supermarkets/hypermarkets,"Shanraj Limited, 77-101 The Highway, London",E1W 2BX,Tower Hamlets,-0.063439,51.5095211,GROCER_BAKERY,VERIFIED_CANDIDATE
1648053,Sainsbury's,sainsbury s,Retailers - supermarkets/hypermarkets,"Sainsbury's, 70 Wapping Lane, London",E1W 2RD,Tower Hamlets,-0.0577409,51.504798,GROCER_BAKERY,LOCATION_VERIFICATION
131906,Wapping Mini Supermarket Ltd,wapping mini supermarket ltd,Retailers - other,"Wapping Mini Supermarket, 172 The Highway, London",E1W 3DD,Tower Hamlets,-0.0586131,51.5094773,GROCER_BAKERY,VERIFIED_CANDIDATE
1229610,Bello De Nonna,bello de nonna,Takeaway/sandwich shop,"Unit G02 Metropolitan Wharf Building, 70 Wapping Wall, London",E1W 3SS,Tower Hamlets,-0.0524496,51.5064707,BAKERY_CAFE,VERIFIED_CANDIDATE
148382,E Pellicci,e pellicci,Restaurant/Cafe/Canteen,"E Pellicci, 332 Bethnal Green Road, London",E2 0AG,Tower Hamlets,-0.0634266,51.5264541,BAKERY_CAFE,VERIFIED_CANDIDATE
362524,Raj Mahal Sweet UK,raj mahal sweet uk,Retailers - other,"286 Bethnal Green Road, London",E2 0AG,Tower Hamlets,-0.0652253,51.5261961,GROCER_BAKERY,VERIFIED_CANDIDATE
1688439,Greggs Plc,greggs plc,Manufacturers/packers,"361 Bethnal Green Road, London",E2 0AN,Tower Hamlets,-0.0615104,51.5271059,GROCER_BAKERY,LOCATION_VERIFICATION
66132,Iceland,iceland,Retailers - supermarkets/hypermarkets,"Iceland, 444-446 Bethnal Green Road, London",E2 0EA,Tower Hamlets,-0.0588137,51.5267824,GROCER_BAKERY,LOCATION_VERIFICATION
1787697,Peaches Boba and Bakes,peaches boba and bakes,Restaurant/Cafe/Canteen,"488 Bethnal Green Road, London",E2 0EA,Tower Hamlets,-0.0565434,51.5272178,BAKERY_CAFE,VERIFIED_CANDIDATE
100985,Sainsbury's,sainsbury s,Retailers - supermarkets/hypermarkets,"Sainsbury's, 291-293 Cambridge Heath Road, London",E2 0EL,Tower Hamlets,-0.0558624,51.5270508,GROCER_BAKERY,LOCATION_VERIFICATION
362558,Station Shop,station shop,Retailers - other,"Station Shop, 301 Cambridge Heath Road, London",E2 0EL,Tower Hamlets,-0.0558674,51.5272461,GROCER_BAKERY,VERIFIED_CANDIDATE
933548,Angel Mini Market Ltd,angel mini market ltd,Retailers - other,"Angel Convenience Store, 23 Roman Road, London",E2 0HU,Tower Hamlets,-0.052701,51.5277961,GROCER_BAKERY,VERIFIED_CANDIDATE
1880924,Artisan Brew Ltd,artisan brew ltd,Restaurant/Cafe/Canteen,"25 Roman Road, London",E2 0HU,Tower Hamlets,-0.0526422,51.5278221,BAKERY_CAFE,VERIFIED_CANDIDATE
775559,Quarantacinque,quarantacinque,Restaurant/Cafe/Canteen,"Quarantacinque, 45 Roman Road, London",E2 0HU,Tower Hamlets,-0.051744,51.5279241,BAKERY_CAFE,VERIFIED_CANDIDATE
72041,Co-operative,co operative,Retailers - supermarkets/hypermarkets,"Co-operative, 250a Globe Road, London",E2 0LX,Tower Hamlets,-0.0508273,51.527783,GROCER_BAKERY,LOCATION_VERIFICATION
98164,Bon Appetit,bon appetit,Restaurant/Cafe/Canteen,"88 Roman Road, London",E2 0PG,Tower Hamlets,-0.049399,51.528388,BAKERY_CAFE,VERIFIED_CANDIDATE
79286,Roman Superstore Ltd,roman superstore ltd,Retailers - other,"109 Roman Road, London",E2 0QN,Tower Hamlets,-0.049562,51.528625,GROCER_BAKERY,VERIFIED_CANDIDATE
150434,Greggs The Bakers,greggs the bakers,Retailers - other,"Greggs, 112 Roman Road, London",E2 0RN,Tower Hamlets,-0.047634,51.528548,CORE_BAKERY,LOCATION_VERIFICATION
1537374,Momlette,momlette,Restaurant/Cafe/Canteen,"8 Cheshire Street, London",E2 6EH,Tower Hamlets,-0.069717,51.523517,BAKERY_CAFE,VERIFIED_CANDIDATE
977429,Breid Ltd,breid ltd,Retailers - other,"Breid Ltd  Railway Arch, 72 Dunbridge Street, London",E2 6JG,Tower Hamlets,-0.0635504,51.5236486,CORE_BAKERY,VERIFIED_CANDIDATE
784015,The Common,the common,Restaurant/Cafe/Canteen,"53 Old Bethnal Green Road, London",E2 6QA,Tower Hamlets,-0.061001,51.529488,BAKERY_CAFE,VERIFIED_CANDIDATE
1787154,Nomadic Flavours,nomadic flavours,Restaurant/Cafe/Canteen,"336 Hackney Road, London",E2 7AX,Tower Hamlets,-0.0661849,51.5311039,BAKERY_CAFE,VERIFIED_CANDIDATE
948985,Holyshot,holyshot,Restaurant/Cafe/Canteen,"155 Bethnal Green Road, London",E2 7DG,Tower Hamlets,-0.071136,51.525402,BAKERY_CAFE,VERIFIED_CANDIDATE
1954991,Artful Blend,artful blend,Restaurant/Cafe/Canteen,"93 Redchurch Street, London",E2 7DJ,Tower Hamlets,-0.0730572,51.5247424,BAKERY_CAFE,LOCATION_VERIFICATION
1403315,Jolene Redchurch Street,jolene redchurch street,Takeaway/sandwich shop,"67 Redchurch Street, London",E2 7DJ,Tower Hamlets,-0.0743052,51.5245471,CORE_BAKERY,VERIFIED_CANDIDATE
102172,Franze & Evans,franze and evans,Restaurant/Cafe/Canteen,"Franze & Evans, 101 Redchurch Street, London",E2 7DL,Tower Hamlets,-0.0726197,51.5248611,BAKERY_CAFE,VERIFIED_CANDIDATE
1801339,Beans & Beyond,beans and beyond,Restaurant/Cafe/Canteen,"25 Old Nichol Street, London",E2 7HR,Tower Hamlets,-0.074088,51.524803,BAKERY_CAFE,LOCATION_VERIFICATION
1870497,Altamura Bakehouse,altamura bakehouse,Manufacturers/packers,"10 Hackney Road, London",E2 7NS,Tower Hamlets,-0.0767427,51.5274057,CORE_BAKERY,VERIFIED_CANDIDATE
1037486,Rise and Bloom - Shoreditch,rise and bloom shoreditch,Restaurant/Cafe/Canteen,"Rise and Bloom - Shoreditch, 28 Hackney Road, London",E2 7NS,Tower Hamlets,-0.076321,51.5276827,BAKERY_CAFE,VERIFIED_CANDIDATE
913708,Cake Hole Cafe @ Vintage Heaven,cake hole cafe vintage heaven,Restaurant/Cafe/Canteen,"82a Columbia Road, London",E2 7QB,Tower Hamlets,-0.070689,51.52847,BAKERY_CAFE,VERIFIED_CANDIDATE
1285423,Hackney Essentials,hackney essentials,Retailers - other,"Hackney Essentials, 146 Columbia Road, London",E2 7RG,Tower Hamlets,-0.0690524,51.5294426,GROCER_BAKERY,VERIFIED_CANDIDATE
1551043,Lupo's,lupo s,Takeaway/sandwich shop,"108 Columbia Road, London",E2 7RG,Tower Hamlets,-0.069568,51.529423,BAKERY_CAFE,VERIFIED_CANDIDATE
101513,Pavilion Bakery,pavilion bakery,Retailers - other,"130 Columbia Road, London",E2 7RG,Tower Hamlets,-0.069568,51.529423,CORE_BAKERY,VERIFIED_CANDIDATE
68209,Lily Vanilli Ltd,lily vanilli ltd,Restaurant/Cafe/Canteen,"Unit 6 The Courtyard, Ezra Street, London",E2 7RH,Tower Hamlets,-0.069865,51.529554,CORE_BAKERY,VERIFIED_CANDIDATE
1522857,HME Provisions Hackney Ltd,hme provisions hackney ltd,Retailers - other,"HME Provisions Hackney Ltd, 308 Hackney Road, London",E2 7SJ,Tower Hamlets,-0.0674885,51.5309635,GROCER_BAKERY,VERIFIED_CANDIDATE
481557,Sainsbury's,sainsbury s,Retailers - supermarkets/hypermarkets,"Sainsbury's, 242 Hackney Road, London",E2 7SJ,Tower Hamlets,-0.0700862,51.5308027,GROCER_BAKERY,LOCATION_VERIFICATION
1570321,GreedyCow Bakes,greedycow bakes,Manufacturers/packers,"395 Hackney Road, London",E2 8PP,Tower Hamlets,-0.0627806,51.531821,CORE_BAKERY,VERIFIED_CANDIDATE
1301761,Specialty Cafetiere,specialty cafetiere,Restaurant/Cafe/Canteen,"Shop, 389 Hackney Road, London",E2 8PP,Tower Hamlets,-0.0630127,51.5317888,BAKERY_CAFE,VERIFIED_CANDIDATE
148581,Organic Mania,organic mania,Retailers - other,"Organic Mania, 475-477 Cambridge Heath Road, London",E2 9BU,Tower Hamlets,-0.057325,51.5327957,GROCER_BAKERY,VERIFIED_CANDIDATE
770220,4cose Ltd,4cose ltd,Retailers - other,"7 Vyner Street, London",E2 9DG,Tower Hamlets,-0.056374,51.534537,GROCER_BAKERY,VERIFIED_CANDIDATE
1602830,Crumble and Brews,crumble and brews,Restaurant/Cafe/Canteen,"485 Hackney Road, London",E2 9ED,Tower Hamlets,-0.05861,51.532507,BAKERY_CAFE,VERIFIED_CANDIDATE
1836093,Ferment0 Piccolo Forno Artigianale,ferment0 piccolo forno artigianale,Takeaway/sandwich shop,"Unit 67, 1 Emma Street, London",E2 9FP,Tower Hamlets,-0.0596795,51.532525,BAKERY_CAFE,VERIFIED_CANDIDATE
73022,Mulberry Food & Wine,mulberry food and wine,Retailers - other,"Mulberry Food & Wine, 2-3 St James's Avenue, London",E2 9JD,Tower Hamlets,-0.0477746,51.5314012,GROCER_BAKERY,VERIFIED_CANDIDATE
100015,Museum Service Station Shop,museum service station shop,Retailers - other,"Museum Service Station Shop, 319-337 Cambridge Heath Road, London",E2 9LH,Tower Hamlets,-0.0561272,51.5290423,GROCER_BAKERY,VERIFIED_CANDIDATE
1084462,The Beehive,the beehive,Restaurant/Cafe/Canteen,"Bethnal Green Mission Church, 305 Cambridge Heath Road, London",E2 9LH,Tower Hamlets,-0.055948,51.52864,BAKERY_CAFE,LOCATION_VERIFICATION
1050974,Co-operative,co operative,Retailers - other,"Co-operative, 228-232 Cambridge Heath Road, London",E2 9NN,Tower Hamlets,-0.0567035,51.5323561,GROCER_BAKERY,LOCATION_VERIFICATION
1551051,"Ida's Kitchen, Focaccia Mia",ida s kitchen focaccia mia,Other catering premises,"Ida's Kitchen Focaccia Mia  Railway Arch, 271 Poyser Street, London",E2 9RF,Tower Hamlets,-0.05675,51.5298776,BAKERY_CAFE,VERIFIED_CANDIDATE
1932248,Signorelli Bakery,signorelli bakery,Other catering premises,"3 West Lane, London",E22 3AA,Tower Hamlets,-0.0110661,51.5029608,BAKERY_CAFE,VERIFIED_CANDIDATE
149284,Coborn Corner Shop,coborn corner shop,Retailers - other,"Coborn Corner Shop, 110 Coborn Road, London",E3 2DG,Tower Hamlets,-0.0320839,51.5298173,GROCER_BAKERY,VERIFIED_CANDIDATE
1149270,Ethical Bean Company,ethical bean company,Restaurant/Cafe/Canteen,"Unit A13, 41 Dace Road, London",E3 2NG,Tower Hamlets,-0.022929,51.538053,BAKERY_CAFE,VERIFIED_CANDIDATE
1591999,Bakery 4 Limited,bakery 4 limited,Manufacturers/packers,"Bakery 4 Limited  Unit A.1, 76 Smeed Road, London",E3 2NR,Tower Hamlets,-0.0242252,51.5394963,CORE_BAKERY,VERIFIED_CANDIDATE
1224836,Akdeniz Artisan Bakery,akdeniz artisan bakery,Retailers - other,"610b Roman Road, London",E3 2RW,Tower Hamlets,-0.02765,51.5336637,CORE_BAKERY,VERIFIED_CANDIDATE
68028,Greggs The Bakers,greggs the bakers,Retailers - other,"628 Roman Road, London",E3 2RW,Tower Hamlets,-0.027342,51.533712,CORE_BAKERY,LOCATION_VERIFICATION
92761,Bow Groceries Ltd,bow groceries ltd,Retailers - other,"175 Bow Road, London",E3 2SG,Tower Hamlets,-0.018857,51.528551,GROCER_BAKERY,VERIFIED_CANDIDATE
44070,5th Avenue,5th avenue,Retailers - other,"5th Avenue  Unit C Arlington Building Bow Quarter, 60 Fairfield Road, London",E3 2UB,Tower Hamlets,-0.021875,51.5311745,GROCER_BAKERY,VERIFIED_CANDIDATE
1756559,INIS@ The Trampery,inis the trampery,Restaurant/Cafe/Canteen,"INIS@ The Trampery, 13 Rookwood Way, London",E3 2XT,Tower Hamlets,-0.0230919,51.541024,BAKERY_CAFE,VERIFIED_CANDIDATE
41230,Tesco,tesco,Retailers - supermarkets/hypermarkets,"Tesco Stores Ltd, Hancock Road, London",E3 3DA,Tower Hamlets,-0.01058,51.527268,GROCER_BAKERY,SUPERMARKET_SUPPLEMENT
948988,Tesco Petrol Garage and Shop,tesco petrol garage and shop,Retailers - other,"Tesco Stores Filling Station, Hancock Road, London",E3 3DA,Tower Hamlets,-0.010539,51.527204,GROCER_BAKERY,VERIFIED_CANDIDATE
508922,Sainsbury's,sainsbury s,Retailers - supermarkets/hypermarkets,"Sainsbury's  Block D, Devas Street, London",E3 3NT,Tower Hamlets,,,GROCER_BAKERY,LOCATION_VERIFICATION
1553454,Les Miches,les miches,Restaurant/Cafe/Canteen,"Les Miches, 1 Corsican Square, London",E3 3XS,Tower Hamlets,-0.0177006,51.5223901,BAKERY_CAFE,VERIFIED_CANDIDATE
1730468,Blue Daisy,blue daisy,Mobile caterer,,E3 4,Tower Hamlets,,,CORE_BAKERY,VERIFIED_CANDIDATE
1962099,Q's Bakery Ltd,q s bakery ltd,Retailers - other,"83 Burdett Road, London",E3 4JN,Tower Hamlets,-0.033307,51.5215917,CORE_BAKERY,VERIFIED_CANDIDATE
80778,R&H Food and Wine Ltd,r and h food and wine ltd,Retailers - other,"R&H Food and Wine Ltd, 93 Burdett Road, London",E3 4JN,Tower Hamlets,-0.0330802,51.5214259,GROCER_BAKERY,VERIFIED_CANDIDATE
1856136,Sainsbury's,sainsbury s,Retailers - supermarkets/hypermarkets,"Sainsbury's, 409-413 Mile End Road, London",E3 4PB,Tower Hamlets,-0.0335514,51.5258761,GROCER_BAKERY,LOCATION_VERIFICATION
74338,Co-operative,co operative,Retailers - supermarkets/hypermarkets,"Co-operative, 383-387 Mile End Road, London",E3 4QS,Tower Hamlets,-0.0355528,51.5249294,GROCER_BAKERY,LOCATION_VERIFICATION
67704,Shuaib Brothers,shuaib brothers,Retailers - other,"105-107 Hamlets Way, London",E3 4TL,Tower Hamlets,-0.03367,51.523386,GROCER_BAKERY,VERIFIED_CANDIDATE
67940,Gabija,gabija,Retailers - other,"Gabija, 61 Burdett Road, London",E3 4TN,Tower Hamlets,-0.0336916,51.5222904,GROCER_BAKERY,VERIFIED_CANDIDATE
84892,Med's,med s,Restaurant/Cafe/Canteen,"37 Burdett Road, London",E3 4TN,Tower Hamlets,-0.033809,51.522507,BAKERY_CAFE,VERIFIED_CANDIDATE
66350,Iceland,iceland,Retailers - supermarkets/hypermarkets,"Iceland, 571-574 Roman Road, London",E3 5EL,Tower Hamlets,-0.0376,51.53139,GROCER_BAKERY,LOCATION_VERIFICATION
1690596,Mono London,mono london,Restaurant/Cafe/Canteen,"535 Roman Road, London",E3 5EL,Tower Hamlets,-0.029801,51.533195,BAKERY_CAFE,VERIFIED_CANDIDATE
90783,Fair Price Cash and Carry,fair price cash and carry,Retailers - other,"Fair Price Cash and Carry, 524 Roman Road, London",E3 5ES,Tower Hamlets,-0.0315609,51.5323289,GROCER_BAKERY,VERIFIED_CANDIDATE
149760,L Randolfi,l randolfi,Restaurant/Cafe/Canteen,"514 Roman Road, London",E3 5ES,Tower Hamlets,-0.030357,51.532665,BAKERY_CAFE,VERIFIED_CANDIDATE
1577872,A Fallen Poete,a fallen poete,Restaurant/Cafe/Canteen,"A Fallen Poete, 482 Roman Road, London",E3 5LU,Tower Hamlets,-0.0330945,51.5321273,BAKERY_CAFE,VERIFIED_CANDIDATE
1558743,Breadery,breadery,Manufacturers/packers,"438 Roman Road, London",E3 5LU,Tower Hamlets,-0.0344289,51.5319428,CORE_BAKERY,VERIFIED_CANDIDATE
1792351,'Ello Bagel,ello bagel,Restaurant/Cafe/Canteen,"455 Roman Road, London",E3 5LX,Tower Hamlets,-0.0348822,51.5321303,BAKERY_CAFE,VERIFIED_CANDIDATE
913720,Jungle Electric,jungle electric,Restaurant/Cafe/Canteen,"Jungle Electric, 467 Roman Road, London",E3 5LX,Tower Hamlets,-0.0344196,51.5321585,BAKERY_CAFE,VERIFIED_CANDIDATE
1815357,We Are Bard Books,we are bard books,Other catering premises,"We Are Bard Books, 341-343 Roman Road, London",E3 5QR,Tower Hamlets,-0.0397704,51.5311149,BAKERY_CAFE,VERIFIED_CANDIDATE
1174109,Loafing,loafing,Retailers - other,"409 Roman Road, London",E3 5QS,Tower Hamlets,-0.0367867,51.5317665,BAKERY_CAFE,VERIFIED_CANDIDATE
1779469,Patisserie Valery,patisserie valery,Retailers - other,"Shop 136 Vicarage Road, Leyton, London",E10 5DX,Waltham Forest,-0.0156125,51.5680827,CORE_BAKERY,VERIFIED_CANDIDATE
1683363,Mola Break,mola break,Restaurant/Cafe/Canteen,"477A High Road Leyton, Leyton, London",E10 5EL,Waltham Forest,-0.0107664,51.5657165,BAKERY_CAFE,VERIFIED_CANDIDATE
1624123,Papa Bagel,papa bagel,Restaurant/Cafe/Canteen,"Offices And Premises 102 Rookery Court 80 Ruckholt Road, Leyton, London",E10 5FA,Waltham Forest,-0.0115393,51.5572586,BAKERY_CAFE,VERIFIED_CANDIDATE
1802380,Food 4 Less,food 4 less,Retailers - other,"Ground Floor Shop 379 High Road Leyton, Leyton, London",E10 5NA,Waltham Forest,-0.0102724,51.5611669,GROCER_BAKERY,LOCATION_VERIFICATION
514237,Asda,asda,Retailers - supermarkets/hypermarkets,"Asda Superstore 1 Leyton Mills Marshall Road, Leyton, London",E10 5NH,Waltham Forest,,,GROCER_BAKERY,SUPERMARKET_SUPPLEMENT
1538304,Beyazfirin Patisserie,beyazfirin patisserie,Takeaway/sandwich shop,"Ground Floor 224 High Road Leyton, Leyton, London",E10 5PS,Waltham Forest,-0.0068335,51.5586445,CORE_BAKERY,VERIFIED_CANDIDATE
515118,Delicatessen Palmeira Ltd,delicatessen palmeira ltd,Restaurant/Cafe/Canteen,"Ground Floor 232 High Road Leyton, Leyton, London",E10 5PS,Waltham Forest,-0.0069847,51.558818,BAKERY_CAFE,VERIFIED_CANDIDATE
1735236,Branche,branche,Restaurant/Cafe/Canteen,"240 High Road Leyton, Leyton, London",E10 5PW,Waltham Forest,-0.0072756,51.5590927,BAKERY_CAFE,VERIFIED_CANDIDATE
515079,Sainsbury's,sainsbury s,Retailers - supermarkets/hypermarkets,"Sainsburys Supermarket Ltd 297 - 299 High Road Leyton, Leyton, London",E10 5QN,Waltham Forest,-0.0089703,51.5595981,GROCER_BAKERY,LOCATION_VERIFICATION
1852478,Vizyon Patisserie,vizyon patisserie,Restaurant/Cafe/Canteen,"840 High Road Leyton, Leyton, London",E10 6AE,Waltham Forest,-0.012438,51.575172,CORE_BAKERY,VERIFIED_CANDIDATE
1911636,GREGGS BP SERVICE STATION,greggs bp service station,Takeaway/sandwich shop,"Bp Connect Garage 666 High Road Leyton, Leyton, London",E10 6JP,Waltham Forest,-0.007922,51.5703804,GROCER_BAKERY,VERIFIED_CANDIDATE
985066,Perky Blenders @ Project 660,perky blenders project 660,Restaurant/Cafe/Canteen,"660 High Road Leyton, Leyton, London",E10 6JP,Waltham Forest,-0.0079374,51.57003,BAKERY_CAFE,VERIFIED_CANDIDATE
691114,Albert & Francis,albert and francis,Restaurant/Cafe/Canteen,"153 Francis Road, Leyton, London",E10 6NT,Waltham Forest,-0.0052719,51.5636718,BAKERY_CAFE,VERIFIED_CANDIDATE
514463,Francis Road Supermarket,francis road supermarket,Retailers - other,"175 Francis Road, Leyton, London",E10 6NT,Waltham Forest,-0.0059315,51.5640967,GROCER_BAKERY,VERIFIED_CANDIDATE
1683353,Scottalia,scottalia,Restaurant/Cafe/Canteen,"200 Francis Road, Leyton, London",E10 6PR,Waltham Forest,-0.0058927,51.5636644,BAKERY_CAFE,VERIFIED_CANDIDATE
552282,Dhall Puri Factory,dhall puri factory,Restaurant/Cafe/Canteen,"595 High Road Leyton, Leyton, London",E10 6PY,Waltham Forest,-0.008764,51.5686142,CORE_BAKERY,VERIFIED_CANDIDATE
1082470,Deeney's,deeney s,Restaurant/Cafe/Canteen,"360 High Road Leyton, Leyton, London",E10 6QE,Waltham Forest,-0.0102577,51.5621648,BAKERY_CAFE,VERIFIED_CANDIDATE
514611,Baza Retail - Leyton Shop,baza retail leyton shop,Retailers - other,"679 - 691 High Road Leyton, Leyton, London",E10 6RA,Waltham Forest,-0.0090371,51.5712806,GROCER_BAKERY,VERIFIED_CANDIDATE
1878160,Crumbs Bakery,crumbs bakery,Takeaway/sandwich shop,"Arch 135 Tilbury Road, Leyton, London",E10 6RE,Waltham Forest,-0.0093789,51.5702879,CORE_BAKERY,LOCATION_VERIFICATION
1814782,Wins,wins,Manufacturers/packers,"Arch 144 Tilbury Road, Leyton, London",E10 6RE,Waltham Forest,-0.009295,51.5703318,CORE_BAKERY,VERIFIED_CANDIDATE
947866,Sainsbury's Local,sainsbury s local,Retailers - other,"The Three Blackbirds 640 High Road Leyton, Leyton, London",E10 6RN,Waltham Forest,-0.0081499,51.5692175,GROCER_BAKERY,LOCATION_VERIFICATION
1270690,Bread and Oregano,bread and oregano,Restaurant/Cafe/Canteen,"1 Hainault Buildings High Road Leyton, Leyton, London",E10 6RT,Waltham Forest,-0.0083614,51.5675912,BAKERY_CAFE,VERIFIED_CANDIDATE
1012900,Nirala Sweets,nirala sweets,Retailers - other,"Ground Floor 817 High Road Leyton, Leyton, London",E10 7AA,Waltham Forest,-0.0113677,51.5744226,GROCER_BAKERY,LOCATION_VERIFICATION
514096,Tesco,tesco,Retailers - supermarkets/hypermarkets,"825 High Road Leyton, Leyton, London",E10 7AA,Waltham Forest,-0.0120891,51.5744258,GROCER_BAKERY,SUPERMARKET_SUPPLEMENT
514704,Iceland,iceland,Retailers - supermarkets/hypermarkets,"Iceland 612 Lea Bridge Road, Leyton, London",E10 7DN,Waltham Forest,-0.01289,51.57491,GROCER_BAKERY,LOCATION_VERIFICATION
1488113,Adam Naan,adam naan,Manufacturers/packers,"369 Lea Bridge Road, Leyton, London",E10 7EA,Waltham Forest,-0.0235032,51.5711295,CORE_BAKERY,VERIFIED_CANDIDATE
1534754,Zoom by Ocado Leyton,zoom by ocado leyton,Retailers - other,"Unit 2 To 3 Golden Business Park Orient Way, Leyton, London",E10 7FE,Waltham Forest,-0.0325868,51.5659673,GROCER_BAKERY,VERIFIED_CANDIDATE
514499,Longdan Ltd,longdan ltd,Importers/Exporters,"Unit 4 Estate Way, Leyton, London",E10 7JN,Waltham Forest,-0.0242998,51.5684001,GROCER_BAKERY,VERIFIED_CANDIDATE
1495957,Pinch La Deli,pinch la deli,Restaurant/Cafe/Canteen,"312 Lea Bridge Road, Leyton, London",E10 7LD,Waltham Forest,-0.027143,51.5693921,BAKERY_CAFE,VERIFIED_CANDIDATE
985065,Aldi Stores Limited,aldi stores limited,Retailers - supermarkets/hypermarkets,"Aldi Foodstore Ltd 18 Lea Bridge Industrial Centre Heybridge Way, Leyton, London",E10 7NQ,Waltham Forest,,,GROCER_BAKERY,LOCATION_VERIFICATION
1714267,Greggs at Esso,greggs at esso,Takeaway/sandwich shop,"Esso Garage 209 - 219 Lea Bridge Road, Leyton, London",E10 7PN,Waltham Forest,-0.0315359,51.5682518,BAKERY_CAFE,VERIFIED_CANDIDATE
1029214,Morrisons Daily at Esso Garage,morrisons daily at esso garage,Retailers - other,"Esso Garage 209 - 219 Lea Bridge Road, Leyton, London",E10 7PN,Waltham Forest,-0.0315359,51.5682518,GROCER_BAKERY,VERIFIED_CANDIDATE
958823,Pavilion Bakery & Cafe,pavilion bakery and cafe,Restaurant/Cafe/Canteen,"Wildercreative 11A Argall Avenue, Leyton, London",E10 7QE,Waltham Forest,-0.039244,51.570548,CORE_BAKERY,VERIFIED_CANDIDATE
1867009,Sharons Bakery,sharons bakery,Manufacturers/packers,"Unit 2 Hieratica 12 Argall Avenue, Leyton, London",E10 7QE,Waltham Forest,-0.0425151,51.5703238,CORE_BAKERY,VERIFIED_CANDIDATE
1714257,Prime Cash and Carry London,prime cash and carry london,Retailers - other,"24 Rigg Approach, Leyton, London",E10 7QN,Waltham Forest,-0.0401959,51.5678751,GROCER_BAKERY,VERIFIED_CANDIDATE
1804606,Forno Leytonstone,forno leytonstone,Restaurant/Cafe/Canteen,"47 Church Lane, Leytonstone, London",E11 1HE,Waltham Forest,0.00924,51.5685228,BAKERY_CAFE,VERIFIED_CANDIDATE
1045290,Perky Blenders at Leytonstone Station,perky blenders at leytonstone station,Restaurant/Cafe/Canteen,"Perky Blenders Coffee Shop Leytonstone Underground Station 40 Church Lane, Leytonstone, London",E11 1HE,Waltham Forest,,,BAKERY_CAFE,VERIFIED_CANDIDATE
515033,Sainsbury's,sainsbury s,Retailers - supermarkets/hypermarkets,"Ground Floor Sainsburys Supermarkets Ltd 14 - 15 Church Lane, Leytonstone, London",E11 1HG,Waltham Forest,0.0095726,51.5682114,GROCER_BAKERY,LOCATION_VERIFICATION
1840640,Marks & Spencer,marks and spencer,Retailers - supermarkets/hypermarkets,"Unit 2 829 - 837 High Road Leytonstone, Leytonstone, London",E11 1HH,Waltham Forest,0.0115675,51.5692743,GROCER_BAKERY,SUPERMARKET_SUPPLEMENT
1723362,Out of the Woods,out of the woods,Restaurant/Cafe/Canteen,"Ground Floor 83 Colworth Road, Leytonstone, London",E11 1JA,Waltham Forest,0.0091142,51.5735249,BAKERY_CAFE,VERIFIED_CANDIDATE
514077,Tesco,tesco,Retailers - supermarkets/hypermarkets,"Tesco Stores Ltd 5 Gainsborough Road, Leytonstone, London",E11 1RX,Waltham Forest,0.0137886,51.571862,GROCER_BAKERY,SUPERMARKET_SUPPLEMENT
707747,Wild Goose Bakery,wild goose bakery,Retailers - other,"654 High Road Leytonstone, Leytonstone, London",E11 3AA,Waltham Forest,0.0112523,51.5683444,BAKERY_CAFE,VERIFIED_CANDIDATE
1751649,Alam Bakes,alam bakes,Takeaway/sandwich shop,"266 High Road Leytonstone, Leytonstone, London",E11 3HS,Waltham Forest,0.0057158,51.555328,BAKERY_CAFE,VERIFIED_CANDIDATE
515205,Delicio Patisserie Ltd,delicio patisserie ltd,Retailers - other,"204 High Road Leytonstone, Leytonstone, London",E11 3HU,Waltham Forest,0.0053435,51.5537517,CORE_BAKERY,VERIFIED_CANDIDATE
1941940,Costcutter/Bestway,costcutter bestway,Retailers - other,"509 - 515 High Road Leytonstone, Leytonstone, London",E11 4PA,Waltham Forest,,,GROCER_BAKERY,VERIFIED_CANDIDATE
514997,Iceland,iceland,Retailers - supermarkets/hypermarkets,"789 - 791 High Road Leytonstone, Leytonstone, London",E11 4QS,Waltham Forest,0.010296,51.5672727,GROCER_BAKERY,LOCATION_VERIFICATION
514221,Continental Food Exchange,continental food exchange,Retailers - supermarkets/hypermarkets,"Ground Floor 647 - 661 High Road Leytonstone, Leytonstone, London",E11 4RD,Waltham Forest,0.0093775,51.5634576,GROCER_BAKERY,SUPERMARKET_SUPPLEMENT
1930027,PLNTD Co,plntd co,Restaurant/Cafe/Canteen,"144 High Road Leyton, Stratford, London",E15 2BX,Waltham Forest,-0.0050911,51.5549459,BAKERY_CAFE,VERIFIED_CANDIDATE
690018,E17 Crumbs,e17 crumbs,Other catering premises,,E17 ,Waltham Forest,,,CORE_BAKERY,VERIFIED_CANDIDATE
1683362,Ganache,ganache,Restaurant/Cafe/Canteen,"262 Hoe Street, Walthamstow, London",E17 3AX,Waltham Forest,-0.0191413,51.5835105,BAKERY_CAFE,VERIFIED_CANDIDATE
1737663,Nisa Local Hoe Street,nisa local hoe street,Retailers - other,"242 Hoe Street, Walthamstow, London",E17 3AX,Waltham Forest,-0.019304,51.583965,GROCER_BAKERY,VERIFIED_CANDIDATE
514563,Maghreb Food Store Limited,maghreb food store limited,Retailers - other,"222 Hoe Street, Walthamstow, London",E17 3AY,Waltham Forest,-0.0195335,51.5844524,GROCER_BAKERY,VERIFIED_CANDIDATE
1388096,Wood Street Bakery,wood street bakery,Restaurant/Cafe/Canteen,"21 Wood Street, Walthamstow, London",E17 3JX,Waltham Forest,-0.0040202,51.5899625,BAKERY_CAFE,VERIFIED_CANDIDATE
1051925,Sunny's,sunny s,Restaurant/Cafe/Canteen,"125 Wood Street, Walthamstow, London",E17 3LL,Waltham Forest,-0.0037738,51.5880069,BAKERY_CAFE,VERIFIED_CANDIDATE
1293020,Chocolatine Bakery,chocolatine bakery,Restaurant/Cafe/Canteen,"131 Wood Street, Walthamstow, London",E17 3LX,Waltham Forest,-0.0035821,51.5877699,CORE_BAKERY,VERIFIED_CANDIDATE
1130575,Dudley's,dudley s,Restaurant/Cafe/Canteen,"145 Wood Street, Walthamstow, London",E17 3LX,Waltham Forest,-0.0034664,51.5874442,BAKERY_CAFE,VERIFIED_CANDIDATE
1438890,Ruttle & Rowe Coffee Co,ruttle and rowe coffee co,Restaurant/Cafe/Canteen,"Ground Floor 19 Victoria Road, Walthamstow, London",E17 4JT,Waltham Forest,-0.0062525,51.5947034,BAKERY_CAFE,VERIFIED_CANDIDATE
1878162,Buhler & Co,buhler and co,Restaurant/Cafe/Canteen,"8 Chingford Road, Walthamstow, London",E17 4PJ,Waltham Forest,-0.0171591,51.59059,BAKERY_CAFE,VERIFIED_CANDIDATE
515070,L'Hirondelle,l hirondelle,Restaurant/Cafe/Canteen,"160 Hoe Street, Walthamstow, London",E17 4QH,Waltham Forest,-0.020549,51.5866636,BAKERY_CAFE,VERIFIED_CANDIDATE
746176,Indulgence,indulgence,Restaurant/Cafe/Canteen,"142 Hoe Street, Walthamstow, London",E17 4QR,Waltham Forest,-0.0208429,51.5872081,BAKERY_CAFE,VERIFIED_CANDIDATE
514963,Kumarans,kumarans,Retailers - other,"Ground Floor 144 Hoe Street, Walthamstow, London",E17 4QR,Waltham Forest,-0.0208429,51.5872081,GROCER_BAKERY,VERIFIED_CANDIDATE
514641,Le Delice,le delice,Restaurant/Cafe/Canteen,"114 Hoe Street, Walthamstow, London",E17 4QR,Waltham Forest,-0.0208913,51.5880902,BAKERY_CAFE,VERIFIED_CANDIDATE
947814,Today Bread,today bread,Retailers - other,"Central Parade 137 Hoe Street, Walthamstow, London",E17 4RT,Waltham Forest,-0.0192488,51.5856885,CORE_BAKERY,VERIFIED_CANDIDATE
1804603,La Barbosu,la barbosu,Retailers - other,"321 Higham Hill Road, Walthamstow, London",E17 5RG,Waltham Forest,-0.0354006,51.5964539,GROCER_BAKERY,VERIFIED_CANDIDATE
1134529,Artisan Foods,artisan foods,Manufacturers/packers,"Unit 9 To 11 Forest Trading Estate Priestley Way, Walthamstow, London",E17 6AL,Waltham Forest,,,CORE_BAKERY,VERIFIED_CANDIDATE
1317076,Wild Grains at Yonder,wild grains at yonder,Restaurant/Cafe/Canteen,"C And S Works Unit 4 Hookers Road, Walthamstow, London",E17 6DP,Waltham Forest,,,CORE_BAKERY,VERIFIED_CANDIDATE
1764319,Greggs PLC,greggs plc,Takeaway/sandwich shop,"Tansy House 23 Forest Road, Walthamstow, London",E17 6HW,Waltham Forest,-0.0421208,51.5872412,BAKERY_CAFE,LOCATION_VERIFICATION
1469799,L'Artizan,l artizan,Restaurant/Cafe/Canteen,"116A Palmerston Road, Walthamstow, London",E17 6PZ,Waltham Forest,-0.0294707,51.5869936,BAKERY_CAFE,VERIFIED_CANDIDATE
514841,Le Fraisier/Le Pain D'or,le fraisier le pain d or,Restaurant/Cafe/Canteen,"88 Palmerston Road, Walthamstow, London",E17 6PZ,Waltham Forest,-0.0291423,51.5862417,BAKERY_CAFE,VERIFIED_CANDIDATE
1051902,Shennel's One Stop Shop,shennel s one stop shop,Importers/Exporters,"Unit 1 Highams Lodge Business Centre 112 Blackhorse Lane, Walthamstow, London",E17 6SH,Waltham Forest,-0.0391962,51.591131,GROCER_BAKERY,VERIFIED_CANDIDATE
1106155,BG Market London,bg market london,Retailers - other,"37 High Street, Walthamstow, London",E17 7AD,Waltham Forest,-0.0324011,51.5819801,GROCER_BAKERY,VERIFIED_CANDIDATE
621702,Lidl,lidl,Retailers - supermarkets/hypermarkets,"43 - 49 High Street, Walthamstow, London",E17 7AD,Waltham Forest,-0.03195,51.58207,GROCER_BAKERY,LOCATION_VERIFICATION
515363,Greggs,greggs,Retailers - other,"1 Palace Parade High Street, Walthamstow, London",E17 7BU,Waltham Forest,-0.024241,51.5840821,CORE_BAKERY,LOCATION_VERIFICATION
739858,Deja Vu Bakery,deja vu bakery,Takeaway/sandwich shop,"87 High Street, Walthamstow, London",E17 7DB,Waltham Forest,-0.0302134,51.5825009,BAKERY_CAFE,VERIFIED_CANDIDATE
1698808,Kabul Haiwad,kabul haiwad,Retailers - other,"111 High Street, Walthamstow, London",E17 7DB,Waltham Forest,-0.0290778,51.5827247,GROCER_BAKERY,VERIFIED_CANDIDATE
1668869,Prizreni Bakery,prizreni bakery,Restaurant/Cafe/Canteen,"Ground Floor Shop 97 High Street, Walthamstow, London",E17 7DB,Waltham Forest,-0.0298489,51.5825847,BAKERY_CAFE,VERIFIED_CANDIDATE
1488122,Beaten By a Whisker,beaten by a whisker,Manufacturers/packers,"5 Old Brewery Way, Walthamstow, London",E17 7FJ,Waltham Forest,-0.0314289,51.580426,CORE_BAKERY,VERIFIED_CANDIDATE
1878157,Marlow and Rye,marlow and rye,Takeaway/sandwich shop,"1 Crate Building 35 St James Street, Walthamstow, London",E17 7FY,Waltham Forest,-0.0324049,51.5806007,BAKERY_CAFE,VERIFIED_CANDIDATE
1624119,Raya,raya,Restaurant/Cafe/Canteen,"224 High Street, Walthamstow, London",E17 7JH,Waltham Forest,-0.0201611,51.5846248,BAKERY_CAFE,VERIFIED_CANDIDATE
515002,Asda Supermarket,asda supermarket,Retailers - supermarkets/hypermarkets,"19 Selborne Walk, Walthamstow, London",E17 7JR,Waltham Forest,,,GROCER_BAKERY,SUPERMARKET_SUPPLEMENT
1025296,Lidl UK,lidl uk,Retailers - supermarkets/hypermarkets,"38 Selborne Walk, Walthamstow, London",E17 7JR,Waltham Forest,,,GROCER_BAKERY,LOCATION_VERIFICATION
1073966,Pret A Manger,pret a manger,Restaurant/Cafe/Canteen,"59 Selborne Walk, Walthamstow, London",E17 7JR,Waltham Forest,,,BAKERY_CAFE,LOCATION_VERIFICATION
514999,Sainsbury's,sainsbury s,Retailers - supermarkets/hypermarkets,"Sainsburys 112 High Street, Walthamstow, London",E17 7JY,Waltham Forest,-0.027601,51.5828257,GROCER_BAKERY,LOCATION_VERIFICATION
1613500,Moroccan Corner,moroccan corner,Restaurant/Cafe/Canteen,"8 High Street, Walthamstow, London",E17 7LD,Waltham Forest,-0.0328786,51.5816194,BAKERY_CAFE,VERIFIED_CANDIDATE
514104,Costless Food & Wine,costless food and wine,Retailers - other,"2 St James Street, Walthamstow, London",E17 7PF,Waltham Forest,-0.0338364,51.5815005,GROCER_BAKERY,VERIFIED_CANDIDATE
1829818,Nourished Communities,nourished communities,Retailers - other,"Ground Floor 28 St James Street, Walthamstow, London",E17 7PF,Waltham Forest,-0.0330549,51.5805432,GROCER_BAKERY,LOCATION_VERIFICATION
1663908,Milk #2,milk 2,Takeaway/sandwich shop,"23C St James Street, Walthamstow, London",E17 7PJ,Waltham Forest,-0.0329864,51.5811266,BAKERY_CAFE,VERIFIED_CANDIDATE
514390,Ozan Bakery,ozan bakery,Takeaway/sandwich shop,"15 St James Street, Walthamstow, London",E17 7PJ,Waltham Forest,-0.0331962,51.581283,CORE_BAKERY,VERIFIED_CANDIDATE
1375415,Weirdough Bakery,weirdough bakery,Restaurant/Cafe/Canteen,"17A Station Road, Walthamstow, London",E17 8AA,Waltham Forest,-0.0324873,51.578978,CORE_BAKERY,VERIFIED_CANDIDATE
1829821,Crumbs Bakery,crumbs bakery,Retailers - other,"368 Hoe Street, Walthamstow, London",E17 9AA,Waltham Forest,-0.0183234,51.5794142,CORE_BAKERY,LOCATION_VERIFICATION
690013,Supermarket Magazin Romanesc,supermarket magazin romanesc,Retailers - other,"414 Hoe Street, Walthamstow, London",E17 9AA,Waltham Forest,-0.0162593,51.5767625,GROCER_BAKERY,VERIFIED_CANDIDATE
1008560,Ambala,ambala,Retailers - other,"490 Hoe Street, Walthamstow, London",E17 9AH,Waltham Forest,-0.013828,51.5755883,GROCER_BAKERY,LOCATION_VERIFICATION
552310,Gina's Patisserie,gina s patisserie,Restaurant/Cafe/Canteen,"480 Hoe Street, Walthamstow, London",E17 9AH,Waltham Forest,-0.0142127,51.5757027,BAKERY_CAFE,VERIFIED_CANDIDATE
1905688,7th Heaven,7th heaven,Restaurant/Cafe/Canteen,"403 Hoe Street, Walthamstow, London",E17 9AP,Waltham Forest,-0.0133977,51.5758598,BAKERY_CAFE,LOCATION_VERIFICATION
1838467,Sofra Bakery,sofra bakery,Retailers - other,"Ground Floor 365 Hoe Street, Walthamstow, London",E17 9AP,Waltham Forest,-0.014977,51.5763811,BAKERY_CAFE,VERIFIED_CANDIDATE
1903505,The Baklava Company Walthamstow,the baklava company walthamstow,Restaurant/Cafe/Canteen,"395 Hoe Street, Walthamstow, London",E17 9AP,Waltham Forest,-0.0137976,51.5759565,BAKERY_CAFE,VERIFIED_CANDIDATE
515456,Costcutter,costcutter,Retailers - other,"77 - 79 Grove Road, Walthamstow, London",E17 9BU,Waltham Forest,-0.0126892,51.579202,GROCER_BAKERY,LOCATION_VERIFICATION
592040,Quickpay Supermarket Ltd,quickpay supermarket ltd,Retailers - other,"766 Lea Bridge Road, Walthamstow, London",E17 9DN,Waltham Forest,-0.0066519,51.5783082,GROCER_BAKERY,VERIFIED_CANDIDATE
1834620,The Good Egg Walthamstow at Eat17,the good egg walthamstow at eat17,Restaurant/Cafe/Canteen,"28 - 30 Orford Road, Walthamstow, London",E17 9NJ,Waltham Forest,-0.0130768,51.5825627,BAKERY_CAFE,VERIFIED_CANDIDATE
514600,The Village Bakery,the village bakery,Takeaway/sandwich shop,"71 Orford Road, Walthamstow, London",E17 9NJ,Waltham Forest,-0.0133677,51.582181,BAKERY_CAFE,VERIFIED_CANDIDATE
1760799,Gail's Walthamstow Village,gail s walthamstow village,Restaurant/Cafe/Canteen,"25 - 27 Orford Road, Walthamstow, London",E17 9NL,Waltham Forest,-0.0116198,51.582791,CORE_BAKERY,VERIFIED_CANDIDATE
1760804,NOUR,nour,Restaurant/Cafe/Canteen,"275 Hoe Street, Walthamstow, London",E17 9PT,Waltham Forest,-0.0181845,51.5806168,BAKERY_CAFE,VERIFIED_CANDIDATE
1911640,One For The Table,one for the table,Restaurant/Cafe/Canteen,"257 Hoe Street, Walthamstow, London",E17 9PT,Waltham Forest,-0.0181907,51.5811385,BAKERY_CAFE,VERIFIED_CANDIDATE
1091804,Delight Wedlinka,delight wedlinka,Retailers - other,"290 - 292 Hoe Street, Walthamstow, London",E17 9QD,Waltham Forest,,,GROCER_BAKERY,LOCATION_VERIFICATION
1747009,Ruttle & Rowe at St Mary's,ruttle and rowe at st mary s,Restaurant/Cafe/Canteen,"St Marys Welcome Centre 8 Church End, Walthamstow, London",E17 9RJ,Waltham Forest,-0.012667,51.5846779,BAKERY_CAFE,VERIFIED_CANDIDATE
1498895,Brick Lane Bagel Co,brick lane bagel co,Restaurant/Cafe/Canteen,"165 Station Road, Chingford, London",E4 6AG,Waltham Forest,0.0089836,51.6330753,CORE_BAKERY,LOCATION_VERIFICATION
1726669,Morrisons Daily,morrisons daily,Retailers - other,"149 Station Road, Chingford, London",E4 6AG,Waltham Forest,0.0085983,51.6328571,GROCER_BAKERY,LOCATION_VERIFICATION
515047,Laws the Bakers,laws the bakers,Retailers - other,"46 Hatch Lane, Chingford, London",E4 6LQ,Waltham Forest,0.0068923,51.6190918,CORE_BAKERY,VERIFIED_CANDIDATE
515342,Greggs,greggs,Retailers - other,"4 Albert Crescent, Chingford, London",E4 6SH,Waltham Forest,-0.0184944,51.6173019,CORE_BAKERY,LOCATION_VERIFICATION
1908977,Amara Bakery,amara bakery,Restaurant/Cafe/Canteen,"31 - 33 Old Church Road, Chingford, London",E4 6SJ,Waltham Forest,-0.0171886,51.6180982,BAKERY_CAFE,VERIFIED_CANDIDATE
514989,Iceland,iceland,Retailers - supermarkets/hypermarkets,"1A Old Church Road, Chingford, London",E4 6SJ,Waltham Forest,-0.0171563,51.6171804,GROCER_BAKERY,LOCATION_VERIFICATION
515218,Greggs,greggs,Retailers - other,"25 Station Road, Chingford, London",E4 7BJ,Waltham Forest,0.0029126,51.6310657,CORE_BAKERY,LOCATION_VERIFICATION
1922419,Corner 107,corner 107,Restaurant/Cafe/Canteen,"107 Station Road, Chingford, London",E4 7BU,Waltham Forest,0.0069497,51.6321748,GROCER_BAKERY,VERIFIED_CANDIDATE
1823744,The Bakineer/Double Bubble,the bakineer double bubble,Takeaway/sandwich shop,"Ground Floor 38 Kings Road, Chingford, London",E4 7JE,Waltham Forest,,,BAKERY_CAFE,VERIFIED_CANDIDATE
877910,Akdeniz,akdeniz,Retailers - other,"38 - 40 Old Church Road, Chingford, London",E4 8DB,Waltham Forest,-0.0177983,51.6183603,GROCER_BAKERY,VERIFIED_CANDIDATE
1917483,La Familia,la familia,Restaurant/Cafe/Canteen,"4 Cherrydown Avenue, Chingford, London",E4 8DP,Waltham Forest,-0.0182076,51.6175848,BAKERY_CAFE,LOCATION_VERIFICATION
514259,Costco,costco,Retailers - supermarkets/hypermarkets,"Costco Wholesale Warehouse 1 Shadbolt Avenue, Chingford, London",E4 8GP,Waltham Forest,-0.0316894,51.609152,GROCER_BAKERY,VERIFIED_CANDIDATE
947750,Warehouse Demo Service,warehouse demo service,Other catering premises,"Costco Wholesale Warehouse 1 Shadbolt Avenue, Chingford, London",E4 8GP,Waltham Forest,-0.0316894,51.609152,GROCER_BAKERY,VERIFIED_CANDIDATE
1729026,CARAMEL PATISSERIE,caramel patisserie,Restaurant/Cafe/Canteen,"1D Hall Lane, Chingford, London",E4 8HH,Waltham Forest,-0.0181426,51.6167564,BAKERY_CAFE,VERIFIED_CANDIDATE
514796,Sainsbury's,sainsbury s,Retailers - supermarkets/hypermarkets,"13 Hall Lane, Chingford, London",E4 8HH,Waltham Forest,-0.0189216,51.6167786,GROCER_BAKERY,LOCATION_VERIFICATION
577606,Nisa Local,nisa local,Retailers - other,"229 - 231 Chingford Mount Road, Chingford, London",E4 8LP,Waltham Forest,-0.0177336,51.6155355,GROCER_BAKERY,LOCATION_VERIFICATION
1379662,Wenzels the Bakers,wenzels the bakers,Retailers - other,"275 Chingford Mount Road, Chingford, London",E4 8LP,Waltham Forest,-0.0177763,51.6168761,CORE_BAKERY,LOCATION_VERIFICATION
515531,Morrison's Supermarket,morrison s supermarket,Retailers - supermarkets/hypermarkets,"6 Salisbury Hall Gardens Chingford Road, Chingford, London",E4 8SA,Waltham Forest,-0.0172519,51.6080276,GROCER_BAKERY,SUPERMARKET_SUPPLEMENT
514070,Sainsbury's,sainsbury s,Retailers - supermarkets/hypermarkets,"Sainsburys Store 11 Walthamstow Avenue, Chingford, London",E4 8ST,Waltham Forest,-0.0210178,51.6041256,GROCER_BAKERY,LOCATION_VERIFICATION
1829831,Balkan Coffee Pastry Bakery,balkan coffee pastry bakery,Restaurant/Cafe/Canteen,"64 Chingford Mount Road, Chingford, London",E4 9AA,Waltham Forest,-0.0176708,51.6103457,BAKERY_CAFE,VERIFIED_CANDIDATE
764449,Mount Express,mount express,Retailers - other,"194 Chingford Mount Road, Chingford, London",E4 9BS,Waltham Forest,-0.017311,51.6136309,GROCER_BAKERY,VERIFIED_CANDIDATE
552281,Tesco,tesco,Retailers - supermarkets/hypermarkets,"Tesco Supermarket 405 Larkshall Road, Chingford, London",E4 9EF,Waltham Forest,-0.0013336,51.6080993,GROCER_BAKERY,SUPERMARKET_SUPPLEMENT
514927,The Corner Shop,the corner shop,Retailers - other,"95 Selwyn Avenue, Chingford, London",E4 9LP,Waltham Forest,-0.0047527,51.6062061,GROCER_BAKERY,LOCATION_VERIFICATION
1414371,Greek On Broadway,greek on broadway,Takeaway/sandwich shop,"9 The Broadway, Chingford, London",E4 9LQ,Waltham Forest,-0.0008605,51.6073628,BAKERY_CAFE,VERIFIED_CANDIDATE
592026,Nisa Local,nisa local,Retailers - other,"422 - 426 Hale End Road, Chingford, London",E4 9PB,Waltham Forest,0.00026,51.60748,GROCER_BAKERY,LOCATION_VERIFICATION
1758654,Daisy & Co Bakery,daisy and co bakery,Restaurant/Cafe/Canteen,,SW11,Wandsworth,,,BAKERY_CAFE,VERIFIED_CANDIDATE
1782289,August Bakery Ltd,august bakery ltd,Restaurant/Cafe/Canteen,"4 - 6A Battersea Rise, London, Wandsworth",SW11 1ED,Wandsworth,-0.1628458,51.4611663,CORE_BAKERY,VERIFIED_CANDIDATE
1935418,Costadoro Social Cofee Clapham,costadoro social cofee clapham,Restaurant/Cafe/Canteen,"40 Battersea Rise, London, Wandsworth",SW11 1EE,Wandsworth,-0.164938,51.4610462,BAKERY_CAFE,VERIFIED_CANDIDATE
1572621,Brickwood Coffee & Bread,brickwood coffee and bread,Restaurant/Cafe/Canteen,"21 Battersea Rise, London, Wandsworth",SW11 1HG,Wandsworth,-0.1634326,51.4608032,BAKERY_CAFE,LOCATION_VERIFICATION
1571398,Lockes,lockes,Restaurant/Cafe/Canteen,"11 - 13 Battersea Rise, London, Wandsworth",SW11 1HG,Wandsworth,-0.1629904,51.4607909,BAKERY_CAFE,LOCATION_VERIFICATION
1743960,Meli Art,meli art,Restaurant/Cafe/Canteen,"3 Battersea Rise, London, Wandsworth",SW11 1HG,Wandsworth,-0.1626523,51.4608447,BAKERY_CAFE,VERIFIED_CANDIDATE
1572407,Asda Stores Limited,asda stores limited,Retailers - supermarkets/hypermarkets,"Asda Superstore 204 Lavender Hill, London, Wandsworth",SW11 1JG,Wandsworth,-0.164905,51.4654611,GROCER_BAKERY,LOCATION_VERIFICATION
1572445,Parisienne,parisienne,Restaurant/Cafe/Canteen,"Ground Floor 225 Lavender Hill, London, Wandsworth",SW11 1JR,Wandsworth,-0.1620532,51.4643039,BAKERY_CAFE,VERIFIED_CANDIDATE
1571798,Thirsty Camel Food & WIne,thirsty camel food and wine,Retailers - other,"246 Lavender Hill, London, Wandsworth",SW11 1LJ,Wandsworth,-0.1662406,51.464043,GROCER_BAKERY,VERIFIED_CANDIDATE
1571583,Wholefoods,wholefoods,Retailers - supermarkets/hypermarkets,"305 - 311 Lavender Hill, London, Wandsworth",SW11 1LN,Wandsworth,-0.1666228,51.463731,GROCER_BAKERY,SUPERMARKET_SUPPLEMENT
1576560,Hannah,hannah,Other catering premises,"281 Lavender Hill, London, Wandsworth",SW11 1LP,Wandsworth,-0.1651565,51.4638553,BAKERY_CAFE,VERIFIED_CANDIDATE
1625053,Sainsbury's,sainsbury s,Retailers - supermarkets/hypermarkets,"15 - 17 Northcote Road, London, Wandsworth",SW11 1NG,Wandsworth,-0.1664179,51.4601831,GROCER_BAKERY,LOCATION_VERIFICATION
1571653,Aux Merveilleux de Fred,aux merveilleux de fred,Takeaway/sandwich shop,"55 Northcote Road, London, Wandsworth",SW11 1NP,Wandsworth,-0.1660653,51.4591394,CORE_BAKERY,LOCATION_VERIFICATION
1573327,The Bluebird Brothers,the bluebird brothers,Restaurant/Cafe/Canteen,"12A Northcote Road, London, Wandsworth",SW11 1NX,Wandsworth,-0.1670184,51.4602327,BAKERY_CAFE,VERIFIED_CANDIDATE
1572144,Hamish Johnston,hamish johnston,Retailers - other,"48 Northcote Road, London, Wandsworth",SW11 1PA,Wandsworth,-0.1665303,51.4590298,GROCER_BAKERY,VERIFIED_CANDIDATE
1572867,Greggs,greggs,Retailers - other,"22 St Johns Road, London, Wandsworth",SW11 1PN,Wandsworth,-0.1679528,51.4630538,CORE_BAKERY,LOCATION_VERIFICATION
1603771,Blank Street,blank street,Restaurant/Cafe/Canteen,"64 St Johns Road, London, Wandsworth",SW11 1PS,Wandsworth,-0.1677799,51.4619495,BAKERY_CAFE,LOCATION_VERIFICATION
1571491,Waitrose,waitrose,Retailers - supermarkets/hypermarkets,"40-44 St Johns Road, London, Wandsworth",SW11 1PW,Wandsworth,-0.1679125,51.4626215,GROCER_BAKERY,SUPERMARKET_SUPPLEMENT
1571475,Pret A Manger,pret a manger,Restaurant/Cafe/Canteen,"80 - 82 St Johns Road, London, Wandsworth",SW11 1PX,Wandsworth,-0.1675402,51.4613234,BAKERY_CAFE,LOCATION_VERIFICATION
1721228,Prezzemolo & Vitale UK Ltd,prezzemolo and vitale uk ltd,Restaurant/Cafe/Canteen,"Unit B Arding & Hobbs St Johns Road, London, Wandsworth",SW11 1QL,Wandsworth,,,GROCER_BAKERY,VERIFIED_CANDIDATE
1935421,Grape Tree,grape tree,Retailers - other,"31 St Johns Road, London, Wandsworth",SW11 1QN,Wandsworth,-0.1674075,51.4626496,GROCER_BAKERY,LOCATION_VERIFICATION
1571461,Marks & Spencer,marks and spencer,Retailers - supermarkets/hypermarkets,"45 - 49 St Johns Road, London, Wandsworth",SW11 1QP,Wandsworth,-0.1673526,51.4621546,GROCER_BAKERY,LOCATION_VERIFICATION
1895835,Twisted Sister,twisted sister,Restaurant/Cafe/Canteen,"69 St Johns Road, London, Wandsworth",SW11 1QX,Wandsworth,-0.1671727,51.4615029,BAKERY_CAFE,VERIFIED_CANDIDATE
1572155,The Source Bulk Foods Battersea,the source bulk foods battersea,Retailers - other,"99 St Johns Road, London, Wandsworth",SW11 1QY,Wandsworth,-0.1667598,51.4609984,GROCER_BAKERY,VERIFIED_CANDIDATE
1709022,Bagel Factory,bagel factory,Restaurant/Cafe/Canteen,"Unit 1 Clapham Junction Station 20 St Johns Hill, London, Wandsworth",SW11 1RU,Wandsworth,,,BAKERY_CAFE,LOCATION_VERIFICATION
1613484,Pret A Manger,pret a manger,Restaurant/Cafe/Canteen,"Unit 7a Clapham Junction Station St Johns Hill, London, Wandsworth",SW11 1RU,Wandsworth,,,BAKERY_CAFE,LOCATION_VERIFICATION
1573639,Costa Ltd,costa ltd,Takeaway/sandwich shop,"Unit 4c The Junction Shopping Centre 20 St Johns Hill, London, Wandsworth",SW11 1SA,Wandsworth,-0.1689354,51.4636806,BAKERY_CAFE,LOCATION_VERIFICATION
1572593,Sainsbury's,sainsbury s,Retailers - supermarkets/hypermarkets,"Unit 5a The Junction Shopping Centre 20 St Johns Hill, London, Wandsworth",SW11 1SA,Wandsworth,-0.1689354,51.4636806,GROCER_BAKERY,SUPERMARKET_SUPPLEMENT
1571986,Birdhouse,birdhouse,Restaurant/Cafe/Canteen,"123 St Johns Hill, London, Wandsworth",SW11 1SZ,Wandsworth,-0.1746199,51.4608466,BAKERY_CAFE,VERIFIED_CANDIDATE
1572145,Deli Boutique,deli boutique,Other catering premises,"157 St Johns Hill, London, Wandsworth",SW11 1TQ,Wandsworth,-0.1768199,51.4601884,BAKERY_CAFE,VERIFIED_CANDIDATE
1572146,Sainsbury's,sainsbury s,Retailers - supermarkets/hypermarkets,"165 - 167 St Johns Hill, London, Wandsworth",SW11 1TQ,Wandsworth,,,GROCER_BAKERY,LOCATION_VERIFICATION
1572372,Sunrise,sunrise,Retailers - other,"36 Plough Road, London, Wandsworth",SW11 2AS,Wandsworth,,,GROCER_BAKERY,VERIFIED_CANDIDATE
1571935,Free Off Licence,free off licence,Retailers - other,"57 Latchmere Road, London, Wandsworth",SW11 2DS,Wandsworth,-0.1640061,51.4699254,GROCER_BAKERY,VERIFIED_CANDIDATE
1572022,Lidl,lidl,Retailers - supermarkets/hypermarkets,"141 Falcon Lane, London, Wandsworth",SW11 2LG,Wandsworth,,,GROCER_BAKERY,LOCATION_VERIFICATION
1597465,Emmanuel's Groceries,emmanuel s groceries,Retailers - other,"Unit 13 Arches 20 - 21 Grant Road, London, Wandsworth",SW11 2NU,Wandsworth,,,GROCER_BAKERY,VERIFIED_CANDIDATE
1572851,Greggs,greggs,Retailers - other,"29 Falcon Road, London, Wandsworth",SW11 2PH,Wandsworth,-0.170818,51.4691685,CORE_BAKERY,LOCATION_VERIFICATION
1625046,Tesco Stores Ltd,tesco stores ltd,Retailers - supermarkets/hypermarkets,"23 - 27 Falcon Road, London, Wandsworth",SW11 2PH,Wandsworth,-0.1710112,51.4693784,GROCER_BAKERY,LOCATION_VERIFICATION
1611577,Digby's Patesserie Ltd,digby s patesserie ltd,Takeaway/sandwich shop,"Kiosk Unit 8 Under Footbridge Clapham Junction Railway Station St Johns Hill, London, Wandsworth",SW11 2QP,Wandsworth,,,CORE_BAKERY,VERIFIED_CANDIDATE
1955958,Pret a Manger (Europe) Ltd,pret a manger europe ltd,Restaurant/Cafe/Canteen,"Clapham Junction Railway Station St Johns Hill, London, Wandsworth",SW11 2QP,Wandsworth,,,BAKERY_CAFE,LOCATION_VERIFICATION
1597464,West Cornwall Pasty,west cornwall pasty,Restaurant/Cafe/Canteen,"Refreshment Room On Platforms 13 And 14 Clapham Junction Railway Station St Johns Hill, London, Wandsworth",SW11 2QP,Wandsworth,-0.1708022,51.4637997,CORE_BAKERY,LOCATION_VERIFICATION
1572571,The Little Battersea Bakery & Coffee Shop,the little battersea bakery and coffee shop,Restaurant/Cafe/Canteen,"55 Battersea Bridge Road, London, Wandsworth",SW11 3AX,Wandsworth,-0.1697702,51.4784505,BAKERY_CAFE,VERIFIED_CANDIDATE
1572039,Co-Operative,co operative,Retailers - supermarkets/hypermarkets,"27 - 35 Battersea Bridge Road, London, Wandsworth",SW11 3BA,Wandsworth,-0.1703793,51.4790626,GROCER_BAKERY,LOCATION_VERIFICATION
1625114,Kapihan,kapihan,Restaurant/Cafe/Canteen,"547 Battersea Park Road, London, Wandsworth",SW11 3BL,Wandsworth,-0.1675111,51.4714839,BAKERY_CAFE,VERIFIED_CANDIDATE
1566970,Jack and Beyond,jack and beyond,Retailers - other,"146 Battersea High Street, London, Wandsworth",SW11 3JR,Wandsworth,-0.1722445,51.4703911,BAKERY_CAFE,VERIFIED_CANDIDATE
1573132,Manna Dew,manna dew,Restaurant/Cafe/Canteen,"169 Battersea High Street, London, Wandsworth",SW11 3JS,Wandsworth,-0.1719297,51.4705584,CORE_BAKERY,VERIFIED_CANDIDATE
1950550,Sainsburys Ltd,sainsburys ltd,Retailers - supermarkets/hypermarkets,"111 York Road, London, Wandsworth",SW11 3JX,Wandsworth,-0.1765085,51.4688342,GROCER_BAKERY,VERIFIED_CANDIDATE
1572356,Aspen & Meursault,aspen and meursault,Pub/bar/nightclub,"The Stag Bar 96 Westbridge Road, London, Wandsworth",SW11 3PH,Wandsworth,-0.173044,51.4758599,BAKERY_CAFE,VERIFIED_CANDIDATE
1572462,Gail's Bakery Battersea Sq.,gail s bakery battersea sq,Restaurant/Cafe/Canteen,"31 - 32 Battersea Square, London, Wandsworth",SW11 3RA,Wandsworth,-0.1752117,51.4747955,BAKERY_CAFE,VERIFIED_CANDIDATE
1572992,Co-Operative,co operative,Retailers - supermarkets/hypermarkets,"Development Site Of 8 To 40 Chatfield Road, London, Wandsworth",SW11 3SE,Wandsworth,-0.1814,51.4656,GROCER_BAKERY,LOCATION_VERIFICATION
1571779,Planet Food Supply Ltd,planet food supply ltd,Retailers - other,"234 - 236 York Road, London, Wandsworth",SW11 3SJ,Wandsworth,-0.1811161,51.464949,GROCER_BAKERY,VERIFIED_CANDIDATE
1573498,Tesco Stores Limited,tesco stores limited,Retailers - supermarkets/hypermarkets,"Kensington House 3 Palmer Road, London, Wandsworth",SW11 4FA,Wandsworth,-0.1463624,51.4782358,GROCER_BAKERY,LOCATION_VERIFICATION
1759357,Mahali & Co Limited,mahali and co limited,Restaurant/Cafe/Canteen,"Ground Floor Retail 24 Battersea Park Road, London, Wandsworth",SW11 4HY,Wandsworth,,,CORE_BAKERY,VERIFIED_CANDIDATE
1572161,Mountain Food and Wine,mountain food and wine,Retailers - other,"20 Battersea Park Road, London, Wandsworth",SW11 4HY,Wandsworth,-0.1485414,51.4764421,GROCER_BAKERY,VERIFIED_CANDIDATE
1705728,Budgens Supermarket,budgens supermarket,Retailers - supermarkets/hypermarkets,"319 - 323 Battersea Park Road, London, Wandsworth",SW11 4LT,Wandsworth,-0.15591,51.4743,GROCER_BAKERY,SUPERMARKET_SUPPLEMENT
1743955,KAPIHAN,kapihan,Restaurant/Cafe/Canteen,"138 Battersea Park Road, London, Wandsworth",SW11 4LY,Wandsworth,-0.1555296,51.4745777,BAKERY_CAFE,LOCATION_VERIFICATION
1572274,Tesco Stores Ltd,tesco stores ltd,Retailers - supermarkets/hypermarkets,"275 - 277 Battersea Park Road, London, Wandsworth",SW11 4NE,Wandsworth,-0.152468,51.4746811,GROCER_BAKERY,LOCATION_VERIFICATION
1571725,Lavender Grocers,lavender grocers,Retailers - other,"157 Lavender Hill, London, Wandsworth",SW11 5QH,Wandsworth,-0.1586504,51.4648259,GROCER_BAKERY,VERIFIED_CANDIDATE
1625091,SweetSmile Bakery,sweetsmile bakery,Restaurant/Cafe/Canteen,"31 Lavender Hill, London, Wandsworth",SW11 5QW,Wandsworth,-0.1521434,51.4660344,BAKERY_CAFE,VERIFIED_CANDIDATE
1572754,Sendero Specialty Coffee Ltd,sendero specialty coffee ltd,Restaurant/Cafe/Canteen,"2 Lavender Hill, London, Wandsworth",SW11 5RW,Wandsworth,-0.1507169,51.4664294,BAKERY_CAFE,VERIFIED_CANDIDATE
1688647,Pique,pique,Restaurant/Cafe/Canteen,"171 Lavender Hill, London, Wandsworth",SW11 5TE,Wandsworth,-0.1592306,51.4647343,BAKERY_CAFE,VERIFIED_CANDIDATE
1690099,Costcutter Lavender Hill,costcutter lavender hill,Retailers - other,"172 - 172A Lavender Hill, London, Wandsworth",SW11 5TG,Wandsworth,-0.1616271,51.464679,GROCER_BAKERY,VERIFIED_CANDIDATE
1625076,Spread,spread,Restaurant/Cafe/Canteen,"170A Lavender Hill, London, Wandsworth",SW11 5TG,Wandsworth,-0.1615145,51.4646939,BAKERY_CAFE,VERIFIED_CANDIDATE
1571802,Best One,best one,Retailers - other,"227 - 229 Eversleigh Road, London, Wandsworth",SW11 5XS,Wandsworth,-0.1560844,51.4696302,GROCER_BAKERY,LOCATION_VERIFICATION
1571866,Northcote Food & Wine,northcote food and wine,Retailers - other,"91 Northcote Road, London, Wandsworth",SW11 6PL,Wandsworth,-0.16571,51.4579468,GROCER_BAKERY,VERIFIED_CANDIDATE
1883355,Popin,popin,Retailers - other,"127 Northcote Road, London, Wandsworth",SW11 6PS,Wandsworth,-0.1650991,51.4563096,BAKERY_CAFE,VERIFIED_CANDIDATE
1571516,Gail's Bakery,gail s bakery,Retailers - other,"64 Northcote Road, London, Wandsworth",SW11 6QL,Wandsworth,-0.1663796,51.4584789,BAKERY_CAFE,LOCATION_VERIFICATION
1625085,Uncommon SW11,uncommon sw11,Restaurant/Cafe/Canteen,"184 Northcote Road, London, Wandsworth",SW11 6RE,Wandsworth,-0.1639837,51.4536123,BAKERY_CAFE,VERIFIED_CANDIDATE
1572548,Deli Boutique,deli boutique,Restaurant/Cafe/Canteen,"32 Webbs Road, London, Wandsworth",SW11 6SF,Wandsworth,-0.1629606,51.4567068,BAKERY_CAFE,LOCATION_VERIFICATION
1625159,Sendero Speciality Coffee-Nine Elms,sendero speciality coffee nine elms,Restaurant/Cafe/Canteen,"28 Ponton Road, London, Wandsworth",SW11 7BA,Wandsworth,-0.1319479,51.4811678,BAKERY_CAFE,VERIFIED_CANDIDATE
1902110,Waitrose,waitrose,Retailers - supermarkets/hypermarkets,"Waitrose 1 New Union Square, London, Wandsworth",SW11 7DN,Wandsworth,-0.134422,51.482165,GROCER_BAKERY,SUPERMARKET_SUPPLEMENT
1597361,Oseyo,oseyo,Retailers - other,"Unit B1-g02 Ground Level Phase 3a Battersea Power Station Electric Boulevard, London, Wandsworth",SW11 8BJ,Wandsworth,-0.14459,51.4803999,GROCER_BAKERY,LOCATION_VERIFICATION
1805680,Blank Street,blank street,Restaurant/Cafe/Canteen,"Unit 033 - A Turbine Hall Battersea Power Station Circus Road South, London, Wandsworth",SW11 8BZ,Wandsworth,-0.145443,51.4815083,BAKERY_CAFE,LOCATION_VERIFICATION
1574038,Kova Patisserie,kova patisserie,Restaurant/Cafe/Canteen,"Kova Unit 211a Turbine Hall Battersea Power Station Circus Road South, London, Wandsworth",SW11 8BZ,Wandsworth,-0.145443,51.4815083,CORE_BAKERY,LOCATION_VERIFICATION
1800857,Bread Ahead Bakery,bread ahead bakery,Restaurant/Cafe/Canteen,"Battersea Power Station Ug19 Circus Road West, London, Wandsworth",SW11 8DD,Wandsworth,,,CORE_BAKERY,VERIFIED_CANDIDATE
1574062,Paris Baguette,paris baguette,Restaurant/Cafe/Canteen,"Upper Ug-005 Upper Ground Floor Phase 2 Battersea Power Station Circus Road South, London, Wandsworth",SW11 8DD,Wandsworth,-0.145443,51.4815083,BAKERY_CAFE,LOCATION_VERIFICATION
1572735,Nightingale Patisserie,nightingale patisserie,Retailers - other,"61 Nightingale Lane, London, Wandsworth",SW12 8ST,Wandsworth,-0.1552346,51.4507201,CORE_BAKERY,VERIFIED_CANDIDATE
1629204,Sainsbury's Local,sainsbury s local,Retailers - supermarkets/hypermarkets,"39 Nightingale Lane, London, Wandsworth",SW12 8SY,Wandsworth,-0.1527753,51.4517276,GROCER_BAKERY,LOCATION_VERIFICATION
1788199,BREAKFAST'N'BAKES,breakfast n bakes,Restaurant/Cafe/Canteen,"92A Balham High Road, London, Wandsworth",SW12 9AG,Wandsworth,-0.1498627,51.4462703,BAKERY_CAFE,VERIFIED_CANDIDATE
1572066,Hob,hob,Restaurant/Cafe/Canteen,"113 Balham High Road, London, Wandsworth",SW12 9AP,Wandsworth,-0.151006,51.4451833,BAKERY_CAFE,VERIFIED_CANDIDATE
1572519,Greggs PLC,greggs plc,Retailers - other,"141 Balham High Road, London, Wandsworth",SW12 9AU,Wandsworth,-0.1517617,51.4443916,BAKERY_CAFE,LOCATION_VERIFICATION
1571423,Sainsbury's,sainsbury s,Retailers - supermarkets/hypermarkets,"147 - 151 Balham High Road, London, Wandsworth",SW12 9AU,Wandsworth,-0.1515889,51.4440381,GROCER_BAKERY,LOCATION_VERIFICATION
1693449,BRIOCHE Coffee & brunch,brioche coffee and brunch,Restaurant/Cafe/Canteen,"10 Station Parade Balham High Road, London, Wandsworth",SW12 9AZ,Wandsworth,-0.1534598,51.4422387,BAKERY_CAFE,VERIFIED_CANDIDATE
1573207,Gail's Bakery Balham,gail s bakery balham,Retailers - other,"Ground Floor 1 Station Parade Balham High Road, London, Wandsworth",SW12 9AZ,Wandsworth,,,CORE_BAKERY,VERIFIED_CANDIDATE
1571430,Co-Operative,co operative,Retailers - supermarkets/hypermarkets,"193A Balham High Road, London, Wandsworth",SW12 9BE,Wandsworth,-0.1540176,51.4416213,GROCER_BAKERY,LOCATION_VERIFICATION
1571411,Waitrose,waitrose,Retailers - supermarkets/hypermarkets,"134 - 152 Balham High Road, London, Wandsworth",SW12 9BN,Wandsworth,-0.1517393,51.4456592,GROCER_BAKERY,SUPERMARKET_SUPPLEMENT
1572177,The Apple Blue Patisserie,the apple blue patisserie,Restaurant/Cafe/Canteen,"212 Balham High Road, London, Wandsworth",SW12 9BS,Wandsworth,-0.1535278,51.4430615,BAKERY_CAFE,VERIFIED_CANDIDATE
1572982,Costa Ltd,costa ltd,Restaurant/Cafe/Canteen,"178 Balham High Road, London, Wandsworth",SW12 9BW,Wandsworth,-0.152547,51.4441881,BAKERY_CAFE,LOCATION_VERIFICATION
1573539,Pret A Manger,pret a manger,Restaurant/Cafe/Canteen,"Ground And Part First Floor At 200 198 - 200 Balham High Road, London, Wandsworth",SW12 9DH,Wandsworth,,,BAKERY_CAFE,LOCATION_VERIFICATION
1662134,Lockdown Bakehouse,lockdown bakehouse,Restaurant/Cafe/Canteen,"57 - 59 Balham Hill, London, Wandsworth",SW12 9DR,Wandsworth,-0.1474442,51.4513094,BAKERY_CAFE,LOCATION_VERIFICATION
1662673,Milk London,milk london,Restaurant/Cafe/Canteen,"18 - 20 Bedford Hill, London, Wandsworth",SW12 9RG,Wandsworth,-0.1508829,51.4444963,BAKERY_CAFE,VERIFIED_CANDIDATE
1571955,Blackbird Bakery,blackbird bakery,Retailers - other,"12 Hildreth Street, London, Wandsworth",SW12 9RQ,Wandsworth,-0.1512436,51.4443924,BAKERY_CAFE,LOCATION_VERIFICATION
1877806,Buns from home,buns from home,Restaurant/Cafe/Canteen,"16 Hildreth Street, London, Wandsworth",SW12 9RQ,Wandsworth,-0.1511303,51.4443456,CORE_BAKERY,LOCATION_VERIFICATION
1958389,Lockdown Bakehouse,lockdown bakehouse,Restaurant/Cafe/Canteen,"79 Lower Richmond Road, London, Wandsworth",SW15 1ET,Wandsworth,-0.2193705,51.4671702,BAKERY_CAFE,LOCATION_VERIFICATION
1572021,Sainsbury's Local,sainsbury s local,Retailers - supermarkets/hypermarkets,"95 - 105 Lower Richmond Road, London, Wandsworth",SW15 1EU,Wandsworth,-0.2209414,51.4673846,GROCER_BAKERY,LOCATION_VERIFICATION
1768186,Ayda's,ayda s,Restaurant/Cafe/Canteen,"127 Lower Richmond Road, London, Wandsworth",SW15 1EZ,Wandsworth,-0.2222883,51.4678039,BAKERY_CAFE,VERIFIED_CANDIDATE
1714809,KAFFEE LTD.,kaffee ltd,Restaurant/Cafe/Canteen,"Cemetery Lodge 240 Lower Richmond Road, London, Wandsworth",SW15 1JF,Wandsworth,,,BAKERY_CAFE,VERIFIED_CANDIDATE
1572196,Blabar Ltd,blabar ltd,Restaurant/Cafe/Canteen,"3A Lacy Road, London, Wandsworth",SW15 1NH,Wandsworth,-0.2161102,51.4641287,BAKERY_CAFE,VERIFIED_CANDIDATE
1572175,Gail's Bakery Putney,gail s bakery putney,Restaurant/Cafe/Canteen,"5 - 5A Lacy Road, London, Wandsworth",SW15 1NH,Wandsworth,-0.2162254,51.4641305,CORE_BAKERY,VERIFIED_CANDIDATE
1571871,Best One,best one,Retailers - other,"169 Putney High Street, London, Wandsworth",SW15 1RT,Wandsworth,-0.2167252,51.4609097,GROCER_BAKERY,LOCATION_VERIFICATION
1573507,Lidl,lidl,Retailers - supermarkets/hypermarkets,"56-70 Putney High Street, London, Wandsworth",SW15 1SF,Wandsworth,-0.215919,51.464267,GROCER_BAKERY,LOCATION_VERIFICATION
1941886,Marks & Spencer,marks and spencer,Retailers - other,"59 Putney High Street, London, Wandsworth",SW15 1SP,Wandsworth,-0.215088,51.4641312,GROCER_BAKERY,LOCATION_VERIFICATION
1877791,Blank Street,blank street,Restaurant/Cafe/Canteen,"119 Putney High Street, London, Wandsworth",SW15 1SU,Wandsworth,-0.216034,51.4624659,BAKERY_CAFE,LOCATION_VERIFICATION
1571449,Greggs,greggs,Retailers - other,"145 Putney High Street, London, Wandsworth",SW15 1SU,Wandsworth,-0.2164575,51.4618679,BAKERY_CAFE,LOCATION_VERIFICATION
1573412,Paul UK Ltd,paul uk ltd,Retailers - other,"137 Putney High Street, London, Wandsworth",SW15 1SU,Wandsworth,-0.2162548,51.4620339,BAKERY_CAFE,LOCATION_VERIFICATION
1572195,Pret A Manger,pret a manger,Restaurant/Cafe/Canteen,"121 Putney High Street, London, Wandsworth",SW15 1SU,Wandsworth,-0.2160621,51.4624104,BAKERY_CAFE,LOCATION_VERIFICATION
1824120,Grape Tree,grape tree,Retailers - other,"Unit 28 Putney Exchange Putney High Street, London, Wandsworth",SW15 1TW,Wandsworth,-0.2167525,51.4637526,GROCER_BAKERY,LOCATION_VERIFICATION
1580636,Waitrose,waitrose,Retailers - supermarkets/hypermarkets,"Waitrose Superstore Putney Exchange Putney High Street, London, Wandsworth",SW15 1TW,Wandsworth,-0.2167525,51.4637526,GROCER_BAKERY,SUPERMARKET_SUPPLEMENT
1571643,Sainsbury's,sainsbury s,Retailers - supermarkets/hypermarkets,"2 - 6 Werter Road, London, Wandsworth",SW15 2LJ,Wandsworth,-0.2154761,51.4622076,GROCER_BAKERY,LOCATION_VERIFICATION
1666109,Another Brother,another brother,Restaurant/Cafe/Canteen,"187 Putney Bridge Road, London, Wandsworth",SW15 2NZ,Wandsworth,-0.2068887,51.461957,BAKERY_CAFE,LOCATION_VERIFICATION
1573473,Gaya's Cakes & Confections,gaya s cakes and confections,Restaurant/Cafe/Canteen,"253 Putney Bridge Road, London, Wandsworth",SW15 2PU,Wandsworth,-0.2103841,51.4629492,BAKERY_CAFE,VERIFIED_CANDIDATE
1588849,Piptree,piptree,Restaurant/Cafe/Canteen,"40 Upper Richmond Road, London, Wandsworth",SW15 2RX,Wandsworth,-0.2045586,51.4569292,BAKERY_CAFE,VERIFIED_CANDIDATE
1572048,Sainsbury's,sainsbury s,Retailers - supermarkets/hypermarkets,"74 Upper Richmond Road, London, Wandsworth",SW15 2SU,Wandsworth,-0.2091931,51.4591493,GROCER_BAKERY,LOCATION_VERIFICATION
1571636,Waitrose Ltd,waitrose ltd,Retailers - supermarkets/hypermarkets,"77 - 83 Upper Richmond Road, London, Wandsworth",SW15 2TD,Wandsworth,,,GROCER_BAKERY,LOCATION_VERIFICATION
1955968,Pret A Manger,pret a manger,Restaurant/Cafe/Canteen,"134A West Hill, London, Wandsworth",SW15 2UE,Wandsworth,-0.2110576,51.454318,BAKERY_CAFE,LOCATION_VERIFICATION
1625087,Shell,shell,Retailers - other,"134 West Hill, London, Wandsworth",SW15 2UE,Wandsworth,-0.2110576,51.454318,GROCER_BAKERY,LOCATION_VERIFICATION
1571716,Asda,asda,Retailers - supermarkets/hypermarkets,"31 Roehampton Vale, London, Wandsworth",SW15 3DT,Wandsworth,-0.2462842,51.4393592,GROCER_BAKERY,SUPERMARKET_SUPPLEMENT
1571462,Greggs,greggs,Retailers - other,"37 Danebury Avenue, London, Wandsworth",SW15 4DQ,Wandsworth,-0.2418121,51.4494091,BAKERY_CAFE,LOCATION_VERIFICATION
1571818,Shell Little Waitrose,shell little waitrose,Retailers - supermarkets/hypermarkets,"237 - 239 Roehampton Lane, London, Wandsworth",SW15 4LB,Wandsworth,-0.2381127,51.4494255,GROCER_BAKERY,VERIFIED_CANDIDATE
1572168,Putney Bakery,putney bakery,Retailers - other,"381 Upper Richmond Road, London, Wandsworth",SW15 5QJ,Wandsworth,-0.2381775,51.4644566,CORE_BAKERY,VERIFIED_CANDIDATE
1905573,Putney Polish Delicatessen,putney polish delicatessen,Retailers - other,"379 Upper Richmond Road, London, Wandsworth",SW15 5QJ,Wandsworth,-0.2381115,51.4644163,GROCER_BAKERY,VERIFIED_CANDIDATE
1571599,Sainsbury's Local,sainsbury s local,Retailers - supermarkets/hypermarkets,"408 Upper Richmond Road, London, Wandsworth",SW15 6JP,Wandsworth,-0.2330155,51.4640339,GROCER_BAKERY,LOCATION_VERIFICATION
1572700,Artisan,artisan,Restaurant/Cafe/Canteen,"203 Upper Richmond Road, London, Wandsworth",SW15 6SG,Wandsworth,-0.2194926,51.4612249,BAKERY_CAFE,LOCATION_VERIFICATION
1572073,Sainsbury's,sainsbury s,Retailers - supermarkets/hypermarkets,"Unit 2 Estate House 225 - 231 Upper Richmond Road, London, Wandsworth",SW15 6SJ,Wandsworth,-0.2218857,51.4618424,GROCER_BAKERY,SUPERMARKET_SUPPLEMENT
1573357,Sweet Tooth Cafe,sweet tooth cafe,Restaurant/Cafe/Canteen,"275 Upper Richmond Road, London, Wandsworth",SW15 6SP,Wandsworth,-0.2261862,51.4627415,BAKERY_CAFE,VERIFIED_CANDIDATE
1793083,Lil Bake,lil bake,Restaurant/Cafe/Canteen,"209 Upper Richmond Road, London, Wandsworth",SW15 6SQ,Wandsworth,-0.2205014,51.4615336,BAKERY_CAFE,VERIFIED_CANDIDATE
1805695,Aladdin Grocery Shop Ltd,aladdin grocery shop ltd,Retailers - other,"84a Mitcham Lane, London, Wandsworth",SW16 6NR,Wandsworth,-0.1405629,51.4251919,GROCER_BAKERY,VERIFIED_CANDIDATE
1572084,Sainsbury's,sainsbury s,Retailers - supermarkets/hypermarkets,"86 - 88 Mitcham Lane, London, Wandsworth",SW16 6NR,Wandsworth,-0.1408451,51.4251092,GROCER_BAKERY,LOCATION_VERIFICATION
1625067,Patco Newsagents,patco newsagents,Retailers - other,"272 - 274 Mitcham Lane, London, Wandsworth",SW16 6NU,Wandsworth,-0.1471535,51.4196683,GROCER_BAKERY,VERIFIED_CANDIDATE
1571560,Budgens,budgens,Retailers - supermarkets/hypermarkets,"99 - 105 Moyser Road, London, Wandsworth",SW16 6SJ,Wandsworth,-0.1481347,51.4250726,GROCER_BAKERY,LOCATION_VERIFICATION
1632575,Next Door Baker,next door baker,Retailers - other,"84 Moyser Road, London, Wandsworth",SW16 6SQ,Wandsworth,-0.1476241,51.4242992,CORE_BAKERY,VERIFIED_CANDIDATE
1782284,Sainsburys Supermarket Ltd,sainsburys supermarket ltd,Retailers - other,"18A Springfield Drive, London, Wandsworth",SW17 0AZ,Wandsworth,-0.1707596,51.4382184,GROCER_BAKERY,VERIFIED_CANDIDATE
1782267,Tradicao,tradicao,Retailers - other,"986 Garratt Lane, London, Wandsworth",SW17 0ND,Wandsworth,-0.1685455,51.4281009,GROCER_BAKERY,LOCATION_VERIFICATION
1572392,Peabodys Coffee Ltd,peabodys coffee ltd,Restaurant/Cafe/Canteen,"St James Wing St Georges Hospital Blackshaw Road, London, Wandsworth",SW17 0QT,Wandsworth,-0.1757211,51.426718,BAKERY_CAFE,VERIFIED_CANDIDATE
1572970,Peabodys Coffee Ltd,peabodys coffee ltd,Restaurant/Cafe/Canteen,"Medical School St Georges Hospital Blackshaw Road, London, Wandsworth",SW17 0QT,Wandsworth,-0.1757211,51.426718,BAKERY_CAFE,LOCATION_VERIFICATION
1573055,Pret A Manger,pret a manger,Restaurant/Cafe/Canteen,"Jenner Wing St Georges Hospital Blackshaw Road, London, Wandsworth",SW17 0QT,Wandsworth,-0.1733718,51.4266599,BAKERY_CAFE,LOCATION_VERIFICATION
1572650,St George's Student Union Shop,st george s student union shop,Retailers - other,"St Georges Hospital Blackshaw Road, London, Wandsworth",SW17 0QT,Wandsworth,-0.1733718,51.4266599,GROCER_BAKERY,VERIFIED_CANDIDATE
1625004,JoJo Pinoy Store Ltd,jojo pinoy store ltd,Retailers - other,"Unit 52 Broadway Market Tooting High Street, London, Wandsworth",SW17 0RJ,Wandsworth,-0.1665332,51.4283497,GROCER_BAKERY,VERIFIED_CANDIDATE
1573287,Sunshine Foods,sunshine foods,Retailers - other,"Unit 13 Broadway Market Tooting High Street, London, Wandsworth",SW17 0RJ,Wandsworth,-0.1665332,51.4283497,GROCER_BAKERY,VERIFIED_CANDIDATE
1572419,Tradicao Acougue Mercearia Ltd,tradicao acougue mercearia ltd,Retailers - other,"Unit 29 Broadway Market Tooting High Street, London, Wandsworth",SW17 0RJ,Wandsworth,-0.1665332,51.4283497,GROCER_BAKERY,VERIFIED_CANDIDATE
1580633,Sainsbury's,sainsbury s,Retailers - supermarkets/hypermarkets,"J Sainsburys Superstore 71 - 77 Tooting High Street, London, Wandsworth",SW17 0RN,Wandsworth,-0.1681593,51.4272744,GROCER_BAKERY,LOCATION_VERIFICATION
1832633,Tartine Artisanal,tartine artisanal,Restaurant/Cafe/Canteen,"94 Tooting High Street, London, Wandsworth",SW17 0RR,Wandsworth,-0.1696588,51.4267151,BAKERY_CAFE,VERIFIED_CANDIDATE
1793064,Toast Stores Ltd,toast stores ltd,Restaurant/Cafe/Canteen,"Pavilion Cafe 50 Springfield Drive, London, Wandsworth",SW17 0SL,Wandsworth,-0.1748518,51.4395502,BAKERY_CAFE,VERIFIED_CANDIDATE
1733322,Forty Acre Coffee Ltd,forty acre coffee ltd,Restaurant/Cafe/Canteen,"165 Tooting High Street, London, Wandsworth",SW17 0SY,Wandsworth,-0.1704,51.4252,BAKERY_CAFE,VERIFIED_CANDIDATE
1616429,One Stop,one stop,Retailers - other,"Unit 5 181-199 Tooting High Street, London, Wandsworth",SW17 0SZ,Wandsworth,-0.1711518,51.4244256,GROCER_BAKERY,LOCATION_VERIFICATION
1625058,Balham Budgens,balham budgens,Retailers - other,"Ground And Basement Floor 252 - 254 Balham High Road, London, Wandsworth",SW17 7AW,Wandsworth,-0.155644,51.4406167,GROCER_BAKERY,VERIFIED_CANDIDATE
1572064,Delight Wedlinka,delight wedlinka,Retailers - other,"293 - 295 Balham High Road, London, Wandsworth",SW17 7BA,Wandsworth,-0.1584752,51.4361254,GROCER_BAKERY,LOCATION_VERIFICATION
1772116,Sainsbury's,sainsbury s,Retailers - other,"Bank House 27 - 29 Bellevue Road, London, Wandsworth",SW17 7EF,Wandsworth,-0.167355,51.4441866,GROCER_BAKERY,LOCATION_VERIFICATION
1572098,Daily Fresh Naan Ltd,daily fresh naan ltd,Other catering premises,"To Go 176 Upper Tooting Road, London, Wandsworth",SW17 7ER,Wandsworth,,,CORE_BAKERY,VERIFIED_CANDIDATE
1862808,Branche,branche,Restaurant/Cafe/Canteen,"14 Trinity Road, Wandsworth, London, Wandsworth",SW17 7RE,Wandsworth,-0.1600552,51.4360417,BAKERY_CAFE,LOCATION_VERIFICATION
1571902,Molten Toffee,molten toffee,Takeaway/sandwich shop,"12 - 14 Trinity Road, Wandsworth, London, Wandsworth",SW17 7RE,Wandsworth,-0.1600262,51.4360297,BAKERY_CAFE,VERIFIED_CANDIDATE
1608677,Oh My Deli,oh my deli,Restaurant/Cafe/Canteen,"46 Trinity Road, Wandsworth, London, Wandsworth",SW17 7RE,Wandsworth,-0.1610037,51.4366724,BAKERY_CAFE,VERIFIED_CANDIDATE
1625013,BP Express Shopping Ltd,bp express shopping ltd,Retailers - other,"62 - 64 Trinity Road, Wandsworth, London, Wandsworth",SW17 7RH,Wandsworth,-0.1613614,51.4371953,GROCER_BAKERY,LOCATION_VERIFICATION
1572263,Lidl,lidl,Retailers - supermarkets/hypermarkets,"181 Upper Tooting Road, London, Wandsworth",SW17 7TG,Wandsworth,-0.1644053,51.4312537,GROCER_BAKERY,LOCATION_VERIFICATION
1571780,Patel Brothers,patel brothers,Retailers - other,"187 - 189 Upper Tooting Road, London, Wandsworth",SW17 7TG,Wandsworth,-0.1645246,51.4311477,GROCER_BAKERY,VERIFIED_CANDIDATE
1571957,Sainsbury's Local,sainsbury s local,Retailers - supermarkets/hypermarkets,"Former Petrol Filling Station And Premises 43 Tooting Bec Road, London, Wandsworth",SW17 8BS,Wandsworth,,,GROCER_BAKERY,LOCATION_VERIFICATION
1788198,Blueprint,blueprint,Retailers - other,"60 Franciscan Road, London, Wandsworth",SW17 8EG,Wandsworth,-0.1556226,51.4307112,BAKERY_CAFE,LOCATION_VERIFICATION
1571436,Dee Light Bakery,dee light bakery,Restaurant/Cafe/Canteen,"14 Ritherdon Road, London, Wandsworth",SW17 8QD,Wandsworth,-0.1554443,51.4382268,BAKERY_CAFE,VERIFIED_CANDIDATE
1782334,Milk Run Ltd,milk run ltd,Retailers - other,"16 - 18 Ritherdon Road, London, Wandsworth",SW17 8QD,Wandsworth,-0.155334,51.4382132,CORE_BAKERY,VERIFIED_CANDIDATE
1746937,Greek Mama's Bakehouse,greek mama s bakehouse,Restaurant/Cafe/Canteen,"Unit 12 20 Totterdown Street, London, Wandsworth",SW17 8TA,Wandsworth,-0.1657141,51.4291069,CORE_BAKERY,VERIFIED_CANDIDATE
1636826,Juliets,juliets,Restaurant/Cafe/Canteen,"110 Mitcham Road, London, Wandsworth",SW17 9NG,Wandsworth,-0.1648848,51.4253888,BAKERY_CAFE,VERIFIED_CANDIDATE
1782306,MCSIMS,mcsims,Restaurant/Cafe/Canteen,"82 Mitcham Road, London, Wandsworth",SW17 9NG,Wandsworth,-0.1658264,51.4259432,CORE_BAKERY,VERIFIED_CANDIDATE
1572095,Mixed Blessings Bakery,mixed blessings bakery,Other catering premises,"118 Mitcham Road, London, Wandsworth",SW17 9NH,Wandsworth,-0.1641955,51.4250093,CORE_BAKERY,VERIFIED_CANDIDATE
1571542,Sainsbury's Local,sainsbury s local,Retailers - supermarkets/hypermarkets,"Sainsburys Local 196 - 202 Mitcham Road, London, Wandsworth",SW17 9NN,Wandsworth,-0.16111,51.42314,GROCER_BAKERY,LOCATION_VERIFICATION
1636823,Delight Wedlinka,delight wedlinka,Retailers - other,"Delight Wedlinka 284 Mitcham Road, London, Wandsworth",SW17 9NT,Wandsworth,-0.1615748,51.4204089,GROCER_BAKERY,LOCATION_VERIFICATION
1950553,Marks and Spencer,marks and spencer,Retailers - supermarkets/hypermarkets,"19 - 21 Mitcham Road, London, Wandsworth",SW17 9PA,Wandsworth,-0.1672,51.4278,GROCER_BAKERY,SUPERMARKET_SUPPLEMENT
1572134,Pret A Manger,pret a manger,Restaurant/Cafe/Canteen,"3 Mitcham Road, London, Wandsworth",SW17 9PA,Wandsworth,-0.1675324,51.4280076,BAKERY_CAFE,LOCATION_VERIFICATION
1572544,Greggs,greggs,Retailers - other,"41 Mitcham Road, London, Wandsworth",SW17 9PB,Wandsworth,-0.1666816,51.4273378,BAKERY_CAFE,LOCATION_VERIFICATION
1904464,GAIL's Bakery Tooting Broadway,gail s bakery tooting broadway,Restaurant/Cafe/Canteen,"103 - 111 Mitcham Road, London, Wandsworth",SW17 9PF,Wandsworth,-0.1645207,51.4257059,CORE_BAKERY,VERIFIED_CANDIDATE
1571784,Best One,best one,Retailers - other,"42 - 46 Fairfield Street, London, Wandsworth",SW18 1DZ,Wandsworth,-0.1902707,51.4588064,GROCER_BAKERY,LOCATION_VERIFICATION
1865285,Waitrose & Partners,waitrose and partners,Retailers - other,"Unit 19 Planters House Odyssey Way, London, Wandsworth",SW18 1FP,Wandsworth,,,GROCER_BAKERY,LOCATION_VERIFICATION
1688626,Sainsbury's,sainsbury s,Retailers - supermarkets/hypermarkets,"1 Clyde House 4 Enterprise Way, London, Wandsworth",SW18 1GE,Wandsworth,-0.1963045,51.4612961,GROCER_BAKERY,SUPERMARKET_SUPPLEMENT
1697970,Aquilaria Mart Limited,aquilaria mart limited,Retailers - other,"66 West Hill, London, Wandsworth",SW18 1RU,Wandsworth,-0.202527,51.456839,GROCER_BAKERY,VERIFIED_CANDIDATE
1863408,Soderberg,soderberg,Restaurant/Cafe/Canteen,"362 Old York Road, London, Wandsworth",SW18 1SP,Wandsworth,-0.1894111,51.459885,BAKERY_CAFE,LOCATION_VERIFICATION
1571929,Frenchie Wandsworth Ltd,frenchie wandsworth ltd,Restaurant/Cafe/Canteen,"354 Old York Road, London, Wandsworth",SW18 1SS,Wandsworth,-0.1890334,51.460058,BAKERY_CAFE,VERIFIED_CANDIDATE
1571979,Gail's,gail s,Retailers - other,"350 Old York Road, London, Wandsworth",SW18 1SS,Wandsworth,-0.1889067,51.4601218,BAKERY_CAFE,LOCATION_VERIFICATION
1572653,Over Under Coffee Ltd,over under coffee ltd,Mobile caterer,"Wandsworth Town Railway Station Old York Road, London, Wandsworth",SW18 1SU,Wandsworth,-0.188259,51.4609653,BAKERY_CAFE,VERIFIED_CANDIDATE
1610368,Lockdown Bakehouse,lockdown bakehouse,Restaurant/Cafe/Canteen,"Unit 6 Ferrier Street, London, Wandsworth",SW18 1SW,Wandsworth,-0.1897023,51.4605947,BAKERY_CAFE,LOCATION_VERIFICATION
1572652,Megan's In The Tonsleys,megan s in the tonsleys,Restaurant/Cafe/Canteen,"539 - 541 Old York Road, London, Wandsworth",SW18 1TG,Wandsworth,-0.1890462,51.4597309,BAKERY_CAFE,VERIFIED_CANDIDATE
1571402,Sainsbury's,sainsbury s,Retailers - supermarkets/hypermarkets,"527 - 529 Old York Road, London, Wandsworth",SW18 1TG,Wandsworth,-0.1886168,51.4599072,GROCER_BAKERY,LOCATION_VERIFICATION
1572820,Bakery Lamour,bakery lamour,Restaurant/Cafe/Canteen,"10 Huguenot Place, London, Wandsworth",SW18 2EN,Wandsworth,-0.1836699,51.4577042,CORE_BAKERY,VERIFIED_CANDIDATE
1578690,Starbucks Coffee Company UK Ltd,starbucks coffee company uk ltd,Restaurant/Cafe/Canteen,"Unit 83 Southside Shopping Centre Wandsworth High Street, London, Wandsworth",SW18 2PR,Wandsworth,,,BAKERY_CAFE,LOCATION_VERIFICATION
1571509,Co-operative Group,co operative group,Retailers - other,"55 - 57 East Hill, London, Wandsworth",SW18 2QE,Wandsworth,-0.1845379,51.4575643,GROCER_BAKERY,LOCATION_VERIFICATION
1636830,Sainsbury's Supermarkets,sainsbury s supermarkets,Retailers - supermarkets/hypermarkets,"282 Magdalen Road, London, Wandsworth",SW18 3NY,Wandsworth,-0.1871868,51.4421294,GROCER_BAKERY,SUPERMARKET_SUPPLEMENT
1572203,Toast Rack,toast rack,Restaurant/Cafe/Canteen,"314 Trinity Road, Wandsworth, London, Wandsworth",SW18 3RG,Wandsworth,-0.1735956,51.4500568,BAKERY_CAFE,VERIFIED_CANDIDATE
1571562,Sainsburys,sainsburys,Retailers - supermarkets/hypermarkets,"Sainsburys 45 Garratt Lane, London, Wandsworth",SW18 4AD,Wandsworth,-0.1916626,51.454339,GROCER_BAKERY,LOCATION_VERIFICATION
1625064,BG Mini Market,bg mini market,Retailers - other,"Ground Floor 175 Garratt Lane, London, Wandsworth",SW18 4DP,Wandsworth,-0.1898135,51.450884,GROCER_BAKERY,VERIFIED_CANDIDATE
1937927,Dee's Saffa Shop,dee s saffa shop,Retailers - other,"195 Garratt Lane, London, Wandsworth",SW18 4DR,Wandsworth,-0.1896652,51.4503137,GROCER_BAKERY,VERIFIED_CANDIDATE
1571961,Tesco Stores Limited,tesco stores limited,Retailers - supermarkets/hypermarkets,"192 Garratt Lane, London, Wandsworth",SW18 4ED,Wandsworth,-0.1897533,51.4482689,GROCER_BAKERY,LOCATION_VERIFICATION
1573139,Pret A Manger,pret a manger,Restaurant/Cafe/Canteen,"2 Garratt Lane, London, Wandsworth",SW18 4FT,Wandsworth,,,BAKERY_CAFE,LOCATION_VERIFICATION
1970417,The Source Bulk Foods,the source bulk foods,Retailers - other,"Lu 106 1 Filament Walk, London, Wandsworth",SW18 4GQ,Wandsworth,-0.1966561,51.4561965,GROCER_BAKERY,LOCATION_VERIFICATION
1572191,Belle Amie,belle amie,Restaurant/Cafe/Canteen,"404 Garratt Lane, London, Wandsworth",SW18 4HP,Wandsworth,-0.1871545,51.4406004,BAKERY_CAFE,VERIFIED_CANDIDATE
1840503,Lockdown Bakehouse,lockdown bakehouse,Restaurant/Cafe/Canteen,"378 Garratt Lane, London, Wandsworth",SW18 4HP,Wandsworth,-0.1874696,51.4412571,BAKERY_CAFE,LOCATION_VERIFICATION
1572954,Wandsworth Premier Ltd,wandsworth premier ltd,Retailers - other,"139 Wandsworth High Street, London, Wandsworth",SW18 4JB,Wandsworth,-0.1956563,51.4571884,GROCER_BAKERY,VERIFIED_CANDIDATE
1591526,Krystals Nisa Local Wandsworth,krystals nisa local wandsworth,Retailers - other,"4 Buckhold Road, London, Wandsworth",SW18 4NH,Wandsworth,,,GROCER_BAKERY,VERIFIED_CANDIDATE
1572208,Gail's,gail s,Restaurant/Cafe/Canteen,"537 - 539 Garratt Lane, London, Wandsworth",SW18 4SR,Wandsworth,-0.1869679,51.4413169,BAKERY_CAFE,LOCATION_VERIFICATION
1572113,The Eclectic Collection London Ltd,the eclectic collection london ltd,Restaurant/Cafe/Canteen,"575 Garratt Lane, London, Wandsworth",SW18 4ST,Wandsworth,-0.1866205,51.4397302,BAKERY_CAFE,VERIFIED_CANDIDATE
1672716,Delicatessen By The Eclectic Collect,delicatessen by the eclectic collect,Retailers - other,"491 Garratt Lane, London, Wandsworth",SW18 4SW,Wandsworth,-0.1885495,51.442789,BAKERY_CAFE,VERIFIED_CANDIDATE
1572119,Dugard and Daughters,dugard and daughters,Retailers - other,"507 Garratt Lane, London, Wandsworth",SW18 4SW,Wandsworth,-0.1881394,51.4424688,GROCER_BAKERY,LOCATION_VERIFICATION
1571724,Starbucks Coffee Company UK Ltd,starbucks coffee company uk ltd,Restaurant/Cafe/Canteen,"515 Garratt Lane, London, Wandsworth",SW18 4SW,Wandsworth,-0.1875606,51.4419736,BAKERY_CAFE,LOCATION_VERIFICATION
1885829,Greggs plc,greggs plc,Restaurant/Cafe/Canteen,"Unit 26 And 27 Southside Shopping Centre Wandsworth High Street, London, Wandsworth",SW18 4TF,Wandsworth,,,BAKERY_CAFE,LOCATION_VERIFICATION
1768175,Lidl,lidl,Retailers - other,"Unit 94 Southside Shopping Centre Wandsworth High Street, London, Wandsworth",SW18 4TG,Wandsworth,-0.1938135,51.4549117,GROCER_BAKERY,LOCATION_VERIFICATION
1573082,Waitrose,waitrose,Retailers - supermarkets/hypermarkets,"Unit 66 To 67 Southside Shopping Centre Wandsworth High Street, London, Wandsworth",SW18 4TG,Wandsworth,,,GROCER_BAKERY,SUPERMARKET_SUPPLEMENT
1627834,Southfields Newsagents,southfields newsagents,Retailers - other,"298 Merton Road, London, Wandsworth",SW18 5JW,Wandsworth,-0.1990548,51.4471121,GROCER_BAKERY,VERIFIED_CANDIDATE
1571947,Greggs Bakeries,greggs bakeries,Retailers - other,"8 Replingham Road, London, Wandsworth",SW18 5LS,Wandsworth,-0.2059849,51.4446403,CORE_BAKERY,VERIFIED_CANDIDATE
1748621,John Walker,john walker,Retailers - supermarkets/hypermarkets,"5 Replingham Road, London, Wandsworth",SW18 5LT,Wandsworth,-0.2057486,51.4449172,GROCER_BAKERY,VERIFIED_CANDIDATE
1610367,Marks & Spencer,marks and spencer,Retailers - supermarkets/hypermarkets,"Marks And Spencer 229 Wimbledon Park Road, London, Wandsworth",SW18 5RJ,Wandsworth,-0.2056315,51.445321,GROCER_BAKERY,LOCATION_VERIFICATION
1572744,Roses Bakery,roses bakery,Retailers - other,"76 Inner Park Road, London, Wandsworth",SW19 6DA,Wandsworth,-0.2211783,51.4411483,CORE_BAKERY,VERIFIED_CANDIDATE
1580642,Gail's,gail s,Retailers - other,"250 - 254 Wimbledon Park Road, London, Wandsworth",SW19 6NL,Wandsworth,-0.2068938,51.4446901,CORE_BAKERY,LOCATION_VERIFICATION
1728446,The Feel Good Bakery,the feel good bakery,Restaurant/Cafe/Canteen,"254 Wimbledon Park Road, London, Wandsworth",SW19 6NL,Wandsworth,-0.2069767,51.4446231,BAKERY_CAFE,VERIFIED_CANDIDATE
1571766,Best One,best one,Retailers - other,"2 - 2A Montfort Place, London, Wandsworth",SW19 6QL,Wandsworth,-0.2176094,51.4470714,GROCER_BAKERY,LOCATION_VERIFICATION
1573332,Clapham Common Service Station,clapham common service station,Retailers - other,"105A Clapham Common North Side, London, Wandsworth",SW4 9SH,Wandsworth,-0.1574931,51.4615417,GROCER_BAKERY,VERIFIED_CANDIDATE
1964420,Londis- Clapham common,londis clapham common,Retailers - other,"105A Clapham Common North Side, London, Wandsworth",SW4 9SH,Wandsworth,-0.1574931,51.4615417,GROCER_BAKERY,VERIFIED_CANDIDATE
1931874,Prelude.17,prelude 17,Other catering premises,"Arch 31 London Stone Business Centre Broughton Street, London, Wandsworth",SW8 3QR,Wandsworth,,,BAKERY_CAFE,VERIFIED_CANDIDATE
1571806,Cosscutter,cosscutter,Retailers - other,"41 Queenstown Road, London, Wandsworth",SW8 3RE,Wandsworth,-0.150852,51.4676324,GROCER_BAKERY,VERIFIED_CANDIDATE
1573426,Creamor,creamor,Restaurant/Cafe/Canteen,"155 Battersea Park Road, London, Wandsworth",SW8 4BU,Wandsworth,-0.1462872,51.477066,BAKERY_CAFE,VERIFIED_CANDIDATE
1670028,Two Little Giraffes,two little giraffes,Restaurant/Cafe/Canteen,"184 Thessaly Road, London, Wandsworth",SW8 4ED,Wandsworth,-0.1407689,51.479019,BAKERY_CAFE,VERIFIED_CANDIDATE
1800855,Sainsburys Battersea Park Station Local,sainsburys battersea park station local,Retailers - other,"29 Patcham Terrace, London, Wandsworth",SW8 4EX,Wandsworth,-0.1473328,51.4765193,GROCER_BAKERY,VERIFIED_CANDIDATE
1573366,Sendero Speciality Coffee,sendero speciality coffee,Restaurant/Cafe/Canteen,"37 Patcham Terrace, London, Wandsworth",SW8 4EX,Wandsworth,-0.1473761,51.4763184,BAKERY_CAFE,VERIFIED_CANDIDATE
1846433,THE COFFEE STUDIO,the coffee studio,Retailers - other,"V1 Railway Arches Patcham Terrace, London, Wandsworth",SW8 4FN,Wandsworth,,,BAKERY_CAFE,LOCATION_VERIFICATION
1931878,Jack and Beyond,jack and beyond,Retailers - other,"Arch 64 Rear Of 310 To 320 Queenstown Road Queens Circus, London, Wandsworth",SW8 4NE,Wandsworth,-0.1477678,51.4773137,BAKERY_CAFE,LOCATION_VERIFICATION
1625204,Pret A Manger,pret a manger,Restaurant/Cafe/Canteen,"Turbine Hall B Batterea Power Station Circus Road South, London, Wandsworth",SW8 5BN,Wandsworth,,,BAKERY_CAFE,LOCATION_VERIFICATION
1782285,Sainsburys Supermarkets Ltd,sainsburys supermarkets ltd,Retailers - other,"Tideway Industrial Estate Nine Elms Lane, London, Wandsworth",SW8 5BP,Wandsworth,,,GROCER_BAKERY,LOCATION_VERIFICATION
1931882,Jungle Berry Acai Battersea,jungle berry acai battersea,Restaurant/Cafe/Canteen,"Ugk-008 Upper Ground Level Phase 2 Battersea Power Station, London",sw11 8ez,Wandsworth,-0.145443,51.4815083,BAKERY_CAFE,VERIFIED_CANDIDATE
1571844,Cost Cutter,cost cutter,Retailers - other,"178 Thessaly Road, London, Wandsworth",,Wandsworth,-0.1404687,51.4787549,GROCER_BAKERY,VERIFIED_CANDIDATE
1573260,District Embassy Gardens,district embassy gardens,Restaurant/Cafe/Canteen,"7 New Union Square, London, Wandsworth",,Wandsworth,-0.134422,51.482165,BAKERY_CAFE,VERIFIED_CANDIDATE
1772121,Dugard & Daughters,dugard and daughters,Retailers - other,"129 - 131 Putney High Street, London, Wandsworth",,Wandsworth,-0.2163033,51.4622049,GROCER_BAKERY,LOCATION_VERIFICATION
1743953,Hazel's Cafe Ltd,hazel s cafe ltd,Restaurant/Cafe/Canteen,"Former Parent 95 Moyser Road, London, Wandsworth",,Wandsworth,-0.147943,51.4249517,BAKERY_CAFE,VERIFIED_CANDIDATE
1672148,Bagel Factory,bagel factory,Restaurant/Cafe/Canteen,"UNIT A BAKER STREET STATION MARYLEBONE ROAD, LONDON",NW1 5LA,Westminster,-0.156879,51.5231311,BAKERY_CAFE,LOCATION_VERIFICATION
413163,Wenzels The Bakers,wenzels the bakers,Retailers - other,"LOWER BOOKING HALL BAKER STREET STATION MARYLEBONE ROAD, LONDON",NW1 5LD,Westminster,-0.156879,51.5231311,CORE_BAKERY,VERIFIED_CANDIDATE
413286,Baker St. News & Convenience,baker st news and convenience,Retailers - other,"202 BAKER STREET, LONDON",NW1 5RT,Westminster,-0.1576123,51.5228189,GROCER_BAKERY,VERIFIED_CANDIDATE
904581,Saint Espresso,saint espresso,Restaurant/Cafe/Canteen,"214 BAKER STREET, LONDON",NW1 5RT,Westminster,-0.1576644,51.5233143,BAKERY_CAFE,LOCATION_VERIFICATION
413194,La Gauloise,la gauloise,Restaurant/Cafe/Canteen,"3A MELCOMBE STREET, LONDON",NW1 6AE,Westminster,-0.158229,51.5225408,BAKERY_CAFE,VERIFIED_CANDIDATE
1731273,Gail's Melcombe Street,gail s melcombe street,Restaurant/Cafe/Canteen,"35 MELCOMBE STREET, LONDON",NW1 6AG,Westminster,-0.1594499,51.5226499,CORE_BAKERY,VERIFIED_CANDIDATE
413857,Bagel Factory,bagel factory,Restaurant/Cafe/Canteen,"UNIT 6 MARYLEBONE STATION MELCOMBE PLACE, LONDON",NW1 6JJ,Westminster,-0.1629782,51.5230919,BAKERY_CAFE,VERIFIED_CANDIDATE
1411866,Greggs,greggs,Retailers - other,"MARYLEBONE STATION MELCOMBE PLACE, LONDON",NW1 6JJ,Westminster,-0.1629782,51.5230919,CORE_BAKERY,LOCATION_VERIFICATION
1088670,Pret A Manger,pret a manger,Restaurant/Cafe/Canteen,"UNIT 5 MARYLEBONE STATION MELCOMBE PLACE, LONDON",NW1 6JJ,Westminster,-0.1629782,51.5230919,BAKERY_CAFE,LOCATION_VERIFICATION
413860,Upper Crust,upper crust,Restaurant/Cafe/Canteen,"UNIT 13 MARYLEBONE STATION MELCOMBE PLACE, LONDON",NW1 6JJ,Westminster,-0.1629782,51.5230919,BAKERY_CAFE,VERIFIED_CANDIDATE
1523770,Irene,irene,Restaurant/Cafe/Canteen,"GROUND FLOOR FRONT 82 BELL STREET, LONDON",NW1 6SP,Westminster,-0.1671804,51.521476,CORE_BAKERY,VERIFIED_CANDIDATE
1884179,IZABELLA CAFE BAKER STREET,izabella cafe baker street,Restaurant/Cafe/Canteen,"201 BAKER STREET, LONDON",NW1 6UY,Westminster,-0.158229,51.5225408,BAKERY_CAFE,VERIFIED_CANDIDATE
428033,Pret A Manger,pret a manger,Restaurant/Cafe/Canteen,"211 BAKER STREET, LONDON",NW1 6UY,Westminster,-0.15796706,51.52292876,BAKERY_CAFE,LOCATION_VERIFICATION
1656560,Vera's Shop,vera s shop,Retailers - other,"6 BLENHEIM TERRACE, LONDON",NW8 0EB,Westminster,-0.1818493,51.5353551,GROCER_BAKERY,LOCATION_VERIFICATION
1228494,Helter Skelter,helter skelter,Restaurant/Cafe/Canteen,"ST JOHN'S WOOD STATION ACACIA ROAD, LONDON",NW8 6DN,Westminster,-0.1740602,51.5347036,BAKERY_CAFE,VERIFIED_CANDIDATE
413344,Gail's Bakery,gail s bakery,Retailers - other,"5 CIRCUS ROAD, LONDON",NW8 6NX,Westminster,-0.171694,51.5336595,CORE_BAKERY,VERIFIED_CANDIDATE
413347,Panzer Delicatessen,panzer delicatessen,Retailers - other,"13 CIRCUS ROAD, LONDON",NW8 6PB,Westminster,-0.17227437,51.533555,GROCER_BAKERY,VERIFIED_CANDIDATE
780891,Pret A Manger,pret a manger,Restaurant/Cafe/Canteen,"2-4 CIRCUS ROAD, LONDON",NW8 6PG,Westminster,-0.1718972,51.5339864,BAKERY_CAFE,LOCATION_VERIFICATION
1942033,No. Forty Nine,no forty nine,Restaurant/Cafe/Canteen,"47-49 ST JOHN'S WOOD HIGH STREET, LONDON",NW8 7NJ,Westminster,-0.1709026,51.5332605,BAKERY_CAFE,VERIFIED_CANDIDATE
1568178,The Hummingbird Bakery,the hummingbird bakery,Retailers - other,"39 ST JOHN'S WOOD HIGH STREET, LONDON",NW8 7NJ,Westminster,-0.1704786,51.5330471,CORE_BAKERY,LOCATION_VERIFICATION
1246215,Laurents,laurents,Retailers - other,"65 ST JOHN'S WOOD HIGH STREET, LONDON",NW8 7NL,Westminster,-0.1712063,51.533598,BAKERY_CAFE,LOCATION_VERIFICATION
1671881,All day Moroccan Breakfast,all day moroccan breakfast,Retailers - other,"ALFIES ANTIQUE MARKET 13-25 CHURCH STREET, LONDON",NW8 8DT,Westminster,-0.1688923,51.5240746,BAKERY_CAFE,VERIFIED_CANDIDATE
1890831,O'Bled,o bled,Restaurant/Cafe/Canteen,"82 CHURCH STREET, LONDON",NW8 8ET,Westminster,-0.1708412,51.5232867,BAKERY_CAFE,VERIFIED_CANDIDATE
1863868,BAITLB Moroccan Supermarket,baitlb moroccan supermarket,Retailers - other,"39 LILESTONE STREET, LONDON",NW8 8SS,Westminster,-0.1675909,51.5252699,GROCER_BAKERY,VERIFIED_CANDIDATE
413976,Corner Shop,corner shop,Retailers - other,"11 NUGENT TERRACE, LONDON",NW8 9QB,Westminster,-0.1807004,51.5316233,GROCER_BAKERY,VERIFIED_CANDIDATE
412213,B P Service Station,b p service station,Retailers - other,"WELLINGTON ROAD SERVICE STATION 21-41 WELLINGTON ROAD, LONDON",NW8 9SQ,Westminster,-0.1719077,51.5319273,GROCER_BAKERY,VERIFIED_CANDIDATE
667429,Colicci / Ecsi Ltd,colicci ecsi ltd,Restaurant/Cafe/Canteen,"REFRESHMENT KIOSK AT CHILDRENS PLAYGROUND ST JAMESS PARK THE MALL, LONDON",SW1A 1AA,Westminster,,,BAKERY_CAFE,LOCATION_VERIFICATION
667430,Colicci / Ecsi Ltd,colicci ecsi ltd,Restaurant/Cafe/Canteen,"REFRESHMENT KIOSK AT ARTILLERY MEMORIAL ST JAMES'S PARK THE MALL, LONDON",SW1A 1AA,Westminster,,,BAKERY_CAFE,LOCATION_VERIFICATION
1518685,Colicci / Ecsi Ltd,colicci ecsi ltd,Restaurant/Cafe/Canteen,"REFRESHMENT KIOSK AT HORSESHOE BEND ST JAMESS PARK THE MALL, LONDON",SW1A 1AA,Westminster,,,BAKERY_CAFE,LOCATION_VERIFICATION
1672147,Bagel Factory,bagel factory,Takeaway/sandwich shop,"GROUND FLOOR WESTMINSTER STATION BRIDGE STREET, LONDON",SW1A 2JR,Westminster,-0.1248658,51.5013128,BAKERY_CAFE,LOCATION_VERIFICATION
1028828,Greggs,greggs,Takeaway/sandwich shop,"WESTMINSTER STATION BRIDGE STREET, LONDON",SW1A 2JR,Westminster,-0.1248658,51.5013128,CORE_BAKERY,LOCATION_VERIFICATION
1893197,Pret a Manger,pret a manger,Restaurant/Cafe/Canteen,"7 BRIDGE STREET, LONDON",SW1A 2JR,Westminster,-0.1247462,51.5011517,BAKERY_CAFE,LOCATION_VERIFICATION
1062887,Pret A Manger,pret a manger,Restaurant/Cafe/Canteen,"PRET A MANGER 10 BRESSENDEN PLACE, LONDON",SW1E 5DH,Westminster,-0.1425974,51.4981454,BAKERY_CAFE,LOCATION_VERIFICATION
413463,Le Signore Snack Bar,le signore snack bar,Restaurant/Cafe/Canteen,"4 PALACE STREET, LONDON",SW1E 5HY,Westminster,-0.1428987,51.498981,BAKERY_CAFE,VERIFIED_CANDIDATE
414622,Marks And Spencer,marks and spencer,Retailers - supermarkets/hypermarkets,"GROUND FLOOR 10 CARDINAL WALK, LONDON",SW1E 5JE,Westminster,-0.1407303,51.4976763,GROCER_BAKERY,SUPERMARKET_SUPPLEMENT
1453032,Greggs,greggs,Retailers - other,"165 VICTORIA STREET, LONDON",SW1E 5NA,Westminster,-0.1408403,51.4964574,BAKERY_CAFE,LOCATION_VERIFICATION
427760,Pret A Manger,pret a manger,Restaurant/Cafe/Canteen,"ATLAS HOUSE 173 VICTORIA STREET, LONDON",SW1E 5NA,Westminster,-0.1421851,51.4963349,BAKERY_CAFE,LOCATION_VERIFICATION
1724887,Bread & Truffle,bread and truffle,Restaurant/Cafe/Canteen,"6 VICTORIA ARCADE, LONDON",SW1E 5ND,Westminster,-0.1439081,51.496479,BAKERY_CAFE,LOCATION_VERIFICATION
1913704,West Cornwall Pasty,west cornwall pasty,Takeaway/sandwich shop,"VICTORIA STATION VICTORIA ARCADE, LONDON",SW1E 5ND,Westminster,-0.1438242,51.4964148,CORE_BAKERY,LOCATION_VERIFICATION
1562754,Little Fresh,little fresh,Retailers - other,"38 BUCKINGHAM GATE, LONDON",SW1E 6BS,Westminster,-0.1379197,51.4988301,GROCER_BAKERY,VERIFIED_CANDIDATE
589802,Little Waitrose,little waitrose,Retailers - supermarkets/hypermarkets,"62 VICTORIA STREET, LONDON",SW1E 6QP,Westminster,-0.1373523,51.4975532,GROCER_BAKERY,LOCATION_VERIFICATION
1863902,Tesco Stores Limited,tesco stores limited,Retailers - supermarkets/hypermarkets,"117-121 VICTORIA STREET, LONDON, United Kingdom",SW1E 6RA,Westminster,-0.13632659,51.49733899,GROCER_BAKERY,LOCATION_VERIFICATION
1045907,Pure,pure,Restaurant/Cafe/Canteen,"131 VICTORIA STREET, LONDON",SW1E 6RD,Westminster,-0.1385482,51.4968437,BAKERY_CAFE,LOCATION_VERIFICATION
1916471,Maison Gigi,maison gigi,Other catering premises,"ZIG ZAG BUILDING 70 VICTORIA STREET, LONDON",SW1E 6SQ,Westminster,-0.138442,51.4973277,CORE_BAKERY,VERIFIED_CANDIDATE
1935982,Whole Foods Market,whole foods market,Retailers - supermarkets/hypermarkets,"GROUND FLOOR 55 VICTORIA STREET, LONDON",SW1H 0AF,Westminster,-0.1333483,51.4978762,GROCER_BAKERY,SUPERMARKET_SUPPLEMENT
772794,Pret A Manger,pret a manger,Restaurant/Cafe/Canteen,"95 VICTORIA STREET, LONDON",SW1H 0HW,Westminster,-0.1353144,51.4973589,BAKERY_CAFE,LOCATION_VERIFICATION
1109118,Chez Antoinette,chez antoinette,Takeaway/sandwich shop,"22 PALMER STREET, LONDON",SW1H 0PH,Westminster,-0.1353939,51.4983391,BAKERY_CAFE,LOCATION_VERIFICATION
839683,Greggs,greggs,Takeaway/sandwich shop,"29-31 PALMER STREET, LONDON",SW1H 0PH,Westminster,-0.1352795,51.4982127,BAKERY_CAFE,LOCATION_VERIFICATION
780881,Pret A Manger,pret a manger,Restaurant/Cafe/Canteen,"22-24 CAXTON STREET, LONDON",SW1H 0QU,Westminster,-0.13603367,51.49859095,BAKERY_CAFE,LOCATION_VERIFICATION
1756046,Portlands 24/7,portlands 24 7,Retailers - other,"84-86 PETTY FRANCE, LONDON",SW1H 9EA,Westminster,-0.1351311,51.4997093,GROCER_BAKERY,VERIFIED_CANDIDATE
1209760,Royal Artisan Bakery,royal artisan bakery,Restaurant/Cafe/Canteen,"84-86 PETTY FRANCE, LONDON",SW1H 9EA,Westminster,-0.1351311,51.4997093,BAKERY_CAFE,VERIFIED_CANDIDATE
427747,Pret A Manger,pret a manger,Restaurant/Cafe/Canteen,"49 TOTHILL STREET, LONDON",SW1H 9LQ,Westminster,-0.1325009,51.4995713,BAKERY_CAFE,LOCATION_VERIFICATION
741339,Sainsbury's,sainsbury s,Retailers - supermarkets/hypermarkets,"10 ROCHESTER ROW, LONDON",SW1P 1NS,Westminster,-0.1358614,51.495605,GROCER_BAKERY,LOCATION_VERIFICATION
772596,Iris & June,iris and june,Restaurant/Cafe/Canteen,"1 HOWICK PLACE, LONDON",SW1P 1WG,Westminster,-0.1364653,51.4966938,BAKERY_CAFE,VERIFIED_CANDIDATE
428173,Pret A Manger,pret a manger,Restaurant/Cafe/Canteen,"PRET A MANGER 19-23 HORSEFERRY ROAD, LONDON",SW1P 2AA,Westminster,-0.1294219,51.4947305,BAKERY_CAFE,LOCATION_VERIFICATION
414150,Bonne Bouche,bonne bouche,Retailers - other,"6 STRUTTON GROUND, LONDON",SW1P 2HP,Westminster,-0.1341186,51.4973579,BAKERY_CAFE,LOCATION_VERIFICATION
428131,Greggs,greggs,Restaurant/Cafe/Canteen,"12A STRUTTON GROUND, LONDON",SW1P 2HP,Westminster,-0.134082,51.4971954,BAKERY_CAFE,LOCATION_VERIFICATION
412306,Supreme Court Of The United Kingdom,supreme court of the united kingdom,Restaurant/Cafe/Canteen,"SUPREME COURT OF THE UNITED KINGDOM PARLIAMENT SQUARE, LONDON",SW1P 3BD,Westminster,,,BAKERY_CAFE,VERIFIED_CANDIDATE
428088,Pret A Manger,pret a manger,Restaurant/Cafe/Canteen,"47-49 GREAT PETER STREET, LONDON",SW1P 3LT,Westminster,-0.1291986,51.4968299,BAKERY_CAFE,LOCATION_VERIFICATION
1402123,Ckazka,ckazka,Retailers - other,"40 PAGE STREET, LONDON",SW1P 4EN,Westminster,-0.1313747,51.4939959,GROCER_BAKERY,VERIFIED_CANDIDATE
1775672,Sainsbury's,sainsbury s,Retailers - supermarkets/hypermarkets,"78-80 MARSHAM STREET, LONDON",SW1P 4LY,Westminster,-0.1293286,51.4943589,GROCER_BAKERY,LOCATION_VERIFICATION
1857234,RAVELLO,ravello,Restaurant/Cafe/Canteen,"83 WILTON ROAD, LONDON",SW1V 1DL,Westminster,-0.1398794,51.4924584,BAKERY_CAFE,LOCATION_VERIFICATION
428181,Sainsbury's,sainsbury s,Retailers - supermarkets/hypermarkets,"99 WILTON ROAD, LONDON",SW1V 1DT,Westminster,-0.1417195,51.493261,GROCER_BAKERY,LOCATION_VERIFICATION
1800677,Deli Spaces Victoria,deli spaces victoria,Other catering premises,"25 WILTON ROAD, LONDON",SW1V 1EJ,Westminster,-0.1424272,51.4953405,BAKERY_CAFE,VERIFIED_CANDIDATE
1857232,THE WHALE TEA AND BAKERY,the whale tea and bakery,Restaurant/Cafe/Canteen,"7 VICTORIA BUILDINGS TERMINUS PLACE  WILTON ROAD, LONDON, United Kingdom",SW1V 1JR,Westminster,,,BAKERY_CAFE,VERIFIED_CANDIDATE
1388208,Delice De France,delice de france,Restaurant/Cafe/Canteen,"UNIT 50 MAIN CONCOURSE VICTORIA STATION TERMINUS PLACE, LONDON",SW1V 1JT,Westminster,-0.1443294,51.4949749,BAKERY_CAFE,LOCATION_VERIFICATION
1413630,Soul&Grain,soul and grain,Restaurant/Cafe/Canteen,"UNIT 9 MAIN CONCOURSE VICTORIA STATION TERMINUS PLACE, LONDON",SW1V 1JT,Westminster,-0.1443294,51.4949749,BAKERY_CAFE,VERIFIED_CANDIDATE
1056561,The Savanna,the savanna,Retailers - other,"LONDON UNDERGROUND VICTORIA STATION TERMINUS PLACE, LONDON",SW1V 1JT,Westminster,,,GROCER_BAKERY,LOCATION_VERIFICATION
414673,Pret A Manger,pret a manger,Restaurant/Cafe/Canteen,"129A WILTON ROAD, LONDON",SW1V 1JZ,Westminster,-0.1424157,51.4942072,BAKERY_CAFE,LOCATION_VERIFICATION
1717020,SERENDIPITY,serendipity,Restaurant/Cafe/Canteen,"10 UPPER TACHBROOK STREET, LONDON",SW1V 1SH,Westminster,-0.1399048,51.4932502,BAKERY_CAFE,VERIFIED_CANDIDATE
1182390,Popins,popins,Retailers - other,"PIMLICO STATION 2 BESSBOROUGH STREET, LONDON",SW1V 2JA,Westminster,-0.1330833,51.4895537,BAKERY_CAFE,VERIFIED_CANDIDATE
896550,Gail's Bakery,gail s bakery,Takeaway/sandwich shop,"26 CHURTON STREET, LONDON",SW1V 2LP,Westminster,-0.1390726,51.4917532,CORE_BAKERY,LOCATION_VERIFICATION
1807609,Philippe Conticini,philippe conticini,Restaurant/Cafe/Canteen,"46A TACHBROOK STREET, LONDON",SW1V 2NA,Westminster,-0.138424,51.4917609,CORE_BAKERY,LOCATION_VERIFICATION
413888,Khallouk & Taylor,khallouk and taylor,Retailers - other,"36 MORETON STREET, LONDON",SW1V 2PD,Westminster,-0.1367717,51.4891807,BAKERY_CAFE,VERIFIED_CANDIDATE
414322,Tachbrook Bakery & Patisserie,tachbrook bakery and patisserie,Restaurant/Cafe/Canteen,"101 TACHBROOK STREET, LONDON",SW1V 2QA,Westminster,-0.1350928,51.4897296,BAKERY_CAFE,VERIFIED_CANDIDATE
580314,Costcutter,costcutter,Retailers - other,"40-44 VAUXHALL BRIDGE ROAD, LONDON",SW1V 2RX,Westminster,-0.1327026,51.4904109,GROCER_BAKERY,LOCATION_VERIFICATION
1206515,Pret A Manger,pret a manger,Restaurant/Cafe/Canteen,"40 VAUXHALL BRIDGE ROAD, LONDON",SW1V 2RX,Westminster,-0.1327026,51.4904109,BAKERY_CAFE,LOCATION_VERIFICATION
1317149,Delicias,delicias,Retailers - other,"60 LUPUS STREET, LONDON",SW1V 3EE,Westminster,-0.1391311,51.488193,BAKERY_CAFE,VERIFIED_CANDIDATE
413407,Delizie D'Italia,delizie d italia,Retailers - other,"70 LUPUS STREET, LONDON",SW1V 3EJ,Westminster,-0.1407392,51.4879667,GROCER_BAKERY,VERIFIED_CANDIDATE
413416,Greggs,greggs,Retailers - other,"111 LUPUS STREET, LONDON",SW1V 3EN,Westminster,-0.1416201,51.487558,CORE_BAKERY,LOCATION_VERIFICATION
414300,Pimlico Shopper,pimlico shopper,Retailers - other,"GROUND 18A SUSSEX STREET, LONDON",SW1V 4RW,Westminster,-0.1441564,51.4889471,GROCER_BAKERY,VERIFIED_CANDIDATE
1338948,Gail's Bakery,gail s bakery,Restaurant/Cafe/Canteen,"22-24 BUCKINGHAM PALACE ROAD, LONDON",SW1W 0QP,Westminster,-0.1444956,51.4976214,BAKERY_CAFE,LOCATION_VERIFICATION
427942,Pret A Manger,pret a manger,Restaurant/Cafe/Canteen,"CHANTRY HOUSE 92-98 BUCKINGHAM PALACE ROAD, LONDON",SW1W 0QP,Westminster,-0.146815,51.4944297,BAKERY_CAFE,LOCATION_VERIFICATION
1544595,Entree Bakery,entree bakery,Retailers - other,"28 BUCKINGHAM PALACE ROAD, LONDON",SW1W 0RE,Westminster,-0.1445573,51.4974465,BAKERY_CAFE,LOCATION_VERIFICATION
1827043,ScandiKitchen,scandikitchen,Restaurant/Cafe/Canteen,"42 BUCKINGHAM PALACE ROAD, LONDON",SW1W 0RE,Westminster,-0.1449037,51.4971513,BAKERY_CAFE,VERIFIED_CANDIDATE
1559400,The Hummingbird Bakery,the hummingbird bakery,Retailers - other,"40 BUCKINGHAM PALACE ROAD, LONDON",SW1W 0RE,Westminster,-0.14458511,51.49714266,CORE_BAKERY,LOCATION_VERIFICATION
1839491,ENTREE BAKERY,entree bakery,Retailers - other,"9A WHISTLER SQUARE, WESTMINSTER, LONDON",SW1W 8BW,Westminster,-0.1550126,51.4896961,BAKERY_CAFE,LOCATION_VERIFICATION
1257298,The Locals Chelsea,the locals chelsea,Restaurant/Cafe/Canteen,"8 GATLIFF ROAD, LONDON",SW1W 8DP,Westminster,-0.14879,51.4872847,BAKERY_CAFE,VERIFIED_CANDIDATE
554737,Sainsbury's,sainsbury s,Retailers - supermarkets/hypermarkets,"1 GATLIFF ROAD, LONDON",SW1W 8DT,Westminster,-0.1505933,51.4882844,GROCER_BAKERY,LOCATION_VERIFICATION
1590017,Stullen,stullen,Restaurant/Cafe/Canteen,"9 ECCLESTON STREET, LONDON",SW1W 9LX,Westminster,-0.1480504,51.4941615,BAKERY_CAFE,VERIFIED_CANDIDATE
413627,Poilane Bakeries Ltd,poilane bakeries ltd,Retailers - other,"46 ELIZABETH STREET, LONDON",SW1W 9PA,Westminster,-0.1508015,51.4938182,CORE_BAKERY,VERIFIED_CANDIDATE
413629,Jeroboams,jeroboams,Retailers - other,"50-52 ELIZABETH STREET, LONDON",SW1W 9PB,Westminster,-0.1510836,51.4939665,GROCER_BAKERY,LOCATION_VERIFICATION
413045,Shell Victoria Service Station,shell victoria service station,Retailers - other,"SHELL SERVICE STATION 163 EBURY STREET, LONDON",SW1W 9QN,Westminster,-0.1506073,51.4925651,GROCER_BAKERY,VERIFIED_CANDIDATE
720251,Sainsbury's,sainsbury s,Retailers - supermarkets/hypermarkets,"14-20 ELIZABETH STREET, LONDON",SW1W 9RB,Westminster,-0.1492999,51.4931155,GROCER_BAKERY,LOCATION_VERIFICATION
1361458,Chestnut Bakery,chestnut bakery,Retailers - other,"17-23 ELIZABETH STREET, LONDON",SW1W 9RP,Westminster,-0.1493874,51.4928067,CORE_BAKERY,VERIFIED_CANDIDATE
1686881,Common Breads,common breads,Retailers - other,"110 BUCKINGHAM PALACE ROAD, LONDON",SW1W 9SA,Westminster,-0.1472179,51.4940854,CORE_BAKERY,VERIFIED_CANDIDATE
1775692,Oseyo,oseyo,Retailers - supermarkets/hypermarkets,"UNIT SU22-23 VICTORIA PLACE 115 BUCKINGHAM PALACE ROAD, LONDON",SW1W 9SJ,Westminster,-0.1457445,51.4945387,GROCER_BAKERY,LOCATION_VERIFICATION
428204,Pret A Manger,pret a manger,Restaurant/Cafe/Canteen,"VICTORIA PLACE 115 BUCKINGHAM PALACE ROAD, LONDON",SW1W 9SJ,Westminster,-0.1457445,51.4945387,BAKERY_CAFE,LOCATION_VERIFICATION
1212875,Sainsbury's,sainsbury s,Retailers - supermarkets/hypermarkets,"UNITS SU29 VICTORIA PLACE 115 BUCKINGHAM PALACE ROAD, LONDON",SW1W 9SJ,Westminster,-0.1457445,51.4945387,GROCER_BAKERY,LOCATION_VERIFICATION
971258,Greggs,greggs,Restaurant/Cafe/Canteen,"GATE 1 VICTORIA COACH STATION 164-200 BUCKINGHAM PALACE ROAD, LONDON",SW1W 9TP,Westminster,-0.1483388,51.4923765,CORE_BAKERY,LOCATION_VERIFICATION
1215113,Pret A Manger,pret a manger,Restaurant/Cafe/Canteen,"24 GROSVENOR PLACE, LONDON",SW1X 7HN,Westminster,-0.14898006,51.50005052,BAKERY_CAFE,LOCATION_VERIFICATION
1863912,TEN11 LONDON,ten11 london,Restaurant/Cafe/Canteen,"1 KNIGHTSBRIDGE, LONDON",SW1X 7LX,Westminster,-0.1629042,51.5009418,BAKERY_CAFE,VERIFIED_CANDIDATE
1902011,MAZLUM LONDON 1924,mazlum london 1924,Restaurant/Cafe/Canteen,"10 BROMPTON ROAD KNIGHTSBRIDGE, LONDON, United Kingdom",SW1X 7QN,Westminster,,,CORE_BAKERY,VERIFIED_CANDIDATE
413460,The Berkeley,the berkeley,Hotel/bed & breakfast/guest house,"BERKELEY HOTEL 40 WILTON PLACE, LONDON",SW1X 7RL,Westminster,-0.1550873,51.5004144,BAKERY_CAFE,VERIFIED_CANDIDATE
772653,Waitrose,waitrose,Retailers - supermarkets/hypermarkets,"GROUND 27 MOTCOMB STREET, LONDON",SW1X 8GG,Westminster,-0.1570752,51.4989978,GROCER_BAKERY,SUPERMARKET_SUPPLEMENT
1212850,Ottolenghi,ottolenghi,Restaurant/Cafe/Canteen,"13 MOTCOMB STREET, LONDON",SW1X 8LB,Westminster,-0.1567533,51.4994784,BAKERY_CAFE,LOCATION_VERIFICATION
1768924,Rose Bakery,rose bakery,Restaurant/Cafe/Canteen,"18 - 21 HAYMARKET, LONDON, United Kingdom",SW1Y 4DQ,Westminster,-0.1318077,51.5091195,BAKERY_CAFE,VERIFIED_CANDIDATE
772734,Pret A Manger,pret a manger,Restaurant/Cafe/Canteen,"BASEMENT AND GROUND FLOOR 2 REGENT STREET, LONDON",SW1Y 4PE,Westminster,-0.1329076,51.5083007,BAKERY_CAFE,LOCATION_VERIFICATION
568272,The Borough Barista Ltd,the borough barista ltd,Restaurant/Cafe/Canteen,"15 CHARLES II STREET, LONDON",SW1Y 4QU,Westminster,-0.1322385,51.508452,BAKERY_CAFE,VERIFIED_CANDIDATE
1768909,BIJA,bija,Restaurant/Cafe/Canteen,"2A ST JAMES'S MARKET, LONDON",SW1Y 4SB,Westminster,-0.1331246,51.5092734,BAKERY_CAFE,VERIFIED_CANDIDATE
772762,Pret A Manger,pret a manger,Restaurant/Cafe/Canteen,"5 PALL MALL EAST, LONDON",SW1Y 5BF,Westminster,-0.1301497,51.5081871,BAKERY_CAFE,LOCATION_VERIFICATION
1553356,Compane,compane,Restaurant/Cafe/Canteen,"8-10 PRINCES ARCADE PICCADILLY, LONDON",SW1Y 6DS,Westminster,-0.1377421,51.5084528,BAKERY_CAFE,VERIFIED_CANDIDATE
1212877,Pret A Manger,pret a manger,Takeaway/sandwich shop,"3 DUKE OF YORK STREET, LONDON",SW1Y 6JP,Westminster,-0.1364555,51.5082313,BAKERY_CAFE,LOCATION_VERIFICATION
1961566,The Service,the service,Restaurant/Cafe/Canteen,"6 PICCADILLY ARCADE, LONDON",SW1Y 6NH,Westminster,-0.1392005,51.508059,BAKERY_CAFE,LOCATION_VERIFICATION
427914,Pret A Manger,pret a manger,Restaurant/Cafe/Canteen,"21 CROWN PASSAGE, LONDON",SW1Y 6PP,Westminster,-0.1377682,51.5057252,BAKERY_CAFE,LOCATION_VERIFICATION
412246,Paul Uk,paul uk,Restaurant/Cafe/Canteen,"122 BROMPTON ROAD, LONDON",SW3 1JD,Westminster,-0.1652663,51.4991712,BAKERY_CAFE,VERIFIED_CANDIDATE
724038,Little Waitrose Ltd,little waitrose ltd,Retailers - supermarkets/hypermarkets,"118 BROMPTON ROAD, LONDON",SW3 1JJ,Westminster,-0.164928,51.4991386,GROCER_BAKERY,VERIFIED_CANDIDATE
1209752,Pret A Manger,pret a manger,Restaurant/Cafe/Canteen,"106-108 BROMPTON ROAD, LONDON",SW3 1JJ,Westminster,-0.1647256,51.4993606,BAKERY_CAFE,LOCATION_VERIFICATION
511188,Sainsbury's,sainsbury s,Retailers - supermarkets/hypermarkets,"UNITS 3 AND UNIT 4 MOREAU HOUSE 112-120 BROMPTON ROAD, LONDON",SW3 1JJ,Westminster,-0.1650085,51.4990966,GROCER_BAKERY,LOCATION_VERIFICATION
1257294,Colicci / Ecsi Ltd,colicci ecsi ltd,Restaurant/Cafe/Canteen,"ALBERT MEMORIAL PRINCES GATE, LONDON",SW7 1QH,Westminster,-0.1777152,51.5024048,BAKERY_CAFE,LOCATION_VERIFICATION
412056,Yathu Food & Wine,yathu food and wine,Retailers - other,"224 KILBURN LANE, LONDON",W10 4BA,Westminster,-0.2103877,51.531972,GROCER_BAKERY,VERIFIED_CANDIDATE
413907,Mozart Dairy,mozart dairy,Retailers - other,"6 MOZART STREET, LONDON",W10 4LA,Westminster,-0.2046139,51.5288443,GROCER_BAKERY,VERIFIED_CANDIDATE
1870915,Tesco Stores Limited,tesco stores limited,Retailers - supermarkets/hypermarkets,"GROUND FLOOR 425 HARROW ROAD, LONDON",W10 4RE,Westminster,-0.2056878,51.5261,GROCER_BAKERY,LOCATION_VERIFICATION
1502839,Laduree Selfridges London,laduree selfridges london,Retailers - other,"FOOD HALL SELFRIDGES 400 OXFORD STREET, LONDON",W1A 1AB,Westminster,-0.1528138,51.5145871,CORE_BAKERY,VERIFIED_CANDIDATE
1026636,Pierre Herme Paris,pierre herme paris,Retailers - other,"CONCESSION SELFRIDGES 400 OXFORD STREET, LONDON",W1A 1AB,Westminster,-0.1528138,51.5145871,CORE_BAKERY,VERIFIED_CANDIDATE
411632,Fortnum & Mason,fortnum and mason,Retailers - other,"181-186 PICCADILLY, LONDON",W1A 1ER,Westminster,,,GROCER_BAKERY,VERIFIED_CANDIDATE
1202585,Paul Uk,paul uk,Retailers - other,"277 REGENT STREET, LONDON",W1B 2HQ,Westminster,-0.142605,51.5161165,BAKERY_CAFE,LOCATION_VERIFICATION
1731261,BLANK STREET,blank street,Restaurant/Cafe/Canteen,"317 REGENT STREET, LONDON",W1B 2HT,Westminster,-0.1430678,51.51714,BAKERY_CAFE,LOCATION_VERIFICATION
428057,Pret A Manger,pret a manger,Restaurant/Cafe/Canteen,"298 REGENT STREET, LONDON",W1B 3AP,Westminster,-0.1420481,51.5163415,BAKERY_CAFE,LOCATION_VERIFICATION
1698376,Apple Butter Langham,apple butter langham,Restaurant/Cafe/Canteen,"4-5 LANGHAM PLACE, LONDON",W1B 3DG,Westminster,-0.1426289,51.5176546,BAKERY_CAFE,VERIFIED_CANDIDATE
1724899,carpo,carpo,Takeaway/sandwich shop,"10 GLASSHOUSE STREET, LONDON",W1B 5AR,Westminster,-0.1355576,51.5104562,BAKERY_CAFE,LOCATION_VERIFICATION
560390,Pret A Manger,pret a manger,Restaurant/Cafe/Canteen,"4 REGENT PLACE, LONDON",W1B 5EA,Westminster,-0.1382949,51.5111831,BAKERY_CAFE,LOCATION_VERIFICATION
761276,Crumbs & Doilies,crumbs and doilies,Restaurant/Cafe/Canteen,"1 KINGLY COURT, LONDON",W1B 5PW,Westminster,-0.1388582,51.5125679,CORE_BAKERY,VERIFIED_CANDIDATE
411057,Marks and Spencer,marks and spencer,Retailers - supermarkets/hypermarkets,"456-472 OXFORD STREET, LONDON",W1C 1AP,Westminster,-0.1543199,51.5140532,GROCER_BAKERY,LOCATION_VERIFICATION
1182410,Huffkins,huffkins,Retailers - other,"JOHN LEWIS 278-306 OXFORD STREET, LONDON",W1C 1DX,Westminster,-0.14451094,51.51499798,BAKERY_CAFE,VERIFIED_CANDIDATE
1924106,Platter (by Benugo at John Lewis),platter by benugo at john lewis,Restaurant/Cafe/Canteen,"JOHN LEWIS 278-306 OXFORD STREET, LONDON",W1C 1DX,Westminster,-0.14451094,51.51499798,BAKERY_CAFE,VERIFIED_CANDIDATE
427730,Pret A Manger,pret a manger,Restaurant/Cafe/Canteen,"556 OXFORD STREET, LONDON",W1C 1LZ,Westminster,-0.1585462,51.5139668,BAKERY_CAFE,LOCATION_VERIFICATION
1689925,Bread & Co.,bread and co,Restaurant/Cafe/Canteen,"UNIT C12 WEST ONE SHOPPING CENTRE 381 OXFORD STREET, LONDON",W1C 2JS,Westminster,-0.1495888,51.5137898,BAKERY_CAFE,VERIFIED_CANDIDATE
1735955,Buns from home,buns from home,Retailers - other,"UNIT G12 WEST ONE SHOPPING CENTRE 381 OXFORD STREET, LONDON",W1C 2JS,Westminster,-0.1495888,51.5137898,CORE_BAKERY,LOCATION_VERIFICATION
1502831,Heriots Patisserie,heriots patisserie,Restaurant/Cafe/Canteen,"UNIT G13A WEST ONE SHOPPING CENTRE 381 OXFORD STREET, LONDON",W1C 2JS,Westminster,-0.1495888,51.5137898,BAKERY_CAFE,LOCATION_VERIFICATION
1920927,Pret a Manger,pret a manger,Restaurant/Cafe/Canteen,"UNITS G4 TO G6 WEST ONE SHOPPING CENTRE 381 OXFORD STREET, LONDON",W1C 2JS,Westminster,-0.1495888,51.5137898,BAKERY_CAFE,LOCATION_VERIFICATION
1836373,Fresh Bake,fresh bake,Restaurant/Cafe/Canteen,"BOND STREET STATION OXFORD STREET, LONDON",W1C 2JT,Westminster,-0.1495885,51.5137988,BAKERY_CAFE,LOCATION_VERIFICATION
1540576,Half Million,half million,Restaurant/Cafe/Canteen,"407 OXFORD STREET, LONDON",W1C 2PA,Westminster,-0.1508036,51.5140428,BAKERY_CAFE,VERIFIED_CANDIDATE
1602062,Cream Lab,cream lab,Restaurant/Cafe/Canteen,"DUMBARTON HOUSE 68 OXFORD STREET, LONDON",W1D 1BN,Westminster,-0.1337319,51.5163354,BAKERY_CAFE,VERIFIED_CANDIDATE
1013743,Pret A Manger,pret a manger,Takeaway/sandwich shop,"KIOSK NO 1 TOTTENHAM COURT ROAD STATION OXFORD STREET, LONDON",W1D 2DH,Westminster,-0.1308515,51.5162805,BAKERY_CAFE,LOCATION_VERIFICATION
411026,Marks And Spencer,marks and spencer,Retailers - supermarkets/hypermarkets,"169-173 OXFORD STREET, LONDON",W1D 2JR,Westminster,-0.1379778,51.5150719,GROCER_BAKERY,LOCATION_VERIFICATION
1486568,Kafi,kafi,Restaurant/Cafe/Canteen,"175-179 OXFORD STREET, LONDON",W1D 2JS,Westminster,-0.1384395,51.515412,BAKERY_CAFE,VERIFIED_CANDIDATE
1371835,Bagel Factory,bagel factory,Takeaway/sandwich shop,"UNIT 1 OXFORD CIRCUS STATION 237 OXFORD STREET, LONDON",W1D 2LR,Westminster,-0.141059,51.5152548,BAKERY_CAFE,LOCATION_VERIFICATION
1301457,Goloso,goloso,Restaurant/Cafe/Canteen,"55 GREEK STREET, LONDON",W1D 3DT,Westminster,-0.1312904,51.5143631,BAKERY_CAFE,VERIFIED_CANDIDATE
412883,Dean Street Townhouse,dean street townhouse,Hotel/bed & breakfast/guest house,"69-71 DEAN STREET, LONDON",W1D 3SE,Westminster,-0.132694,51.5135221,BAKERY_CAFE,VERIFIED_CANDIDATE
1671892,The Colombian Coffee Company,the colombian coffee company,Restaurant/Cafe/Canteen,"22 GREEK STREET, LONDON",W1D 4DY,Westminster,-0.1305221,51.5137663,BAKERY_CAFE,VERIFIED_CANDIDATE
1149533,B Bagel Bakery Bar,b bagel bakery bar,Takeaway/sandwich shop,"GROUND FLOOR SOUTH 54 WARDOUR STREET, LONDON",W1D 4JF,Westminster,-0.1330938,51.5125573,CORE_BAKERY,LOCATION_VERIFICATION
1361455,21 Soho,21 soho,Restaurant/Cafe/Canteen,"3-5 SUTTON ROW, LONDON",W1D 4NR,Westminster,-0.1313476,51.5156476,BAKERY_CAFE,VERIFIED_CANDIDATE
1843873,L'ETO Compton Edition,l eto compton edition,Restaurant/Cafe/Canteen,"GROUND FLOOR 58-58A OLD COMPTON STREET, LONDON",W1D 4UF,Westminster,-0.1325041,51.5128806,BAKERY_CAFE,VERIFIED_CANDIDATE
410921,Golden Gate Cake Shop,golden gate cake shop,Retailers - other,"13 MACCLESFIELD STREET, LONDON",W1D 5BR,Westminster,-0.1311438,51.5119597,CORE_BAKERY,VERIFIED_CANDIDATE
413791,Maison Bertaux,maison bertaux,Retailers - other,"28 GREEK STREET, LONDON",W1D 5DQ,Westminster,-0.1301657,51.51332,CORE_BAKERY,VERIFIED_CANDIDATE
1924108,Arome Bakery,arome bakery,Manufacturers/packers,"90-92 SHAFTESBURY AVENUE, LONDON",W1D 5EA,Westminster,-0.1313089,51.5121511,CORE_BAKERY,LOCATION_VERIFICATION
1942039,Mille Reves,mille reves,Restaurant/Cafe/Canteen,"98 SHAFTESBURY AVENUE, LONDON",W1D 5EB,Westminster,-0.1311483,51.5122025,CORE_BAKERY,VERIFIED_CANDIDATE
1003955,Pret A Manger,pret a manger,Takeaway/sandwich shop,"35 FRITH STREET, LONDON",W1D 5LQ,Westminster,-0.1309519,51.5125844,BAKERY_CAFE,LOCATION_VERIFICATION
412654,Wonderful Patisserie,wonderful patisserie,Restaurant/Cafe/Canteen,"45 GERRARD STREET, LONDON",W1D 5QQ,Westminster,-0.1301061,51.5119611,CORE_BAKERY,VERIFIED_CANDIDATE
1916448,Onsu,onsu,Retailers - other,"55A DEAN STREET, LONDON",W1D 6AG,Westminster,-0.1318862,51.5124841,CORE_BAKERY,VERIFIED_CANDIDATE
428070,Pret A Manger,pret a manger,Restaurant/Cafe/Canteen,"GROUND FLOOR PART 39 COVENTRY STREET, LONDON",W1D 6BZ,Westminster,-0.1514385,51.5147363,BAKERY_CAFE,LOCATION_VERIFICATION
1656559,Master Bao Pastry,master bao pastry,Retailers - other,"24 RUPERT STREET, LONDON",W1D 6DQ,Westminster,-0.1325229,51.5110104,CORE_BAKERY,VERIFIED_CANDIDATE
427974,Lo'S Noodle Factory,lo s noodle factory,Manufacturers/packers,"6 DANSEY PLACE, LONDON",W1D 6EZ,Westminster,-0.1319765,51.5116852,BAKERY_CAFE,VERIFIED_CANDIDATE
1760249,Gail's Shaftesbury Avenue,gail s shaftesbury avenue,Restaurant/Cafe/Canteen,"GROUND FLOOR 65 SHAFTESBURY AVENUE, LONDON",W1D 6LD,Westminster,-0.1320431,51.5121718,CORE_BAKERY,VERIFIED_CANDIDATE
1287506,Sakurado Japanese Patisserie,sakurado japanese patisserie,Restaurant/Cafe/Canteen,"66 SHAFTESBURY AVENUE, LONDON",W1D 6LX,Westminster,-0.1321165,51.5117863,CORE_BAKERY,VERIFIED_CANDIDATE
848384,Chinatown Bakery,chinatown bakery,Retailers - other,"9 WARDOUR STREET, LONDON",W1D 6PF,Westminster,-0.1319121,51.5107939,CORE_BAKERY,LOCATION_VERIFICATION
1602039,Chinatown Bakery,chinatown bakery,Retailers - other,"25 WARDOUR STREET, LONDON",W1D 6PP,Westminster,-0.1321289,51.51113,CORE_BAKERY,LOCATION_VERIFICATION
915572,Kova Patisserie,kova patisserie,Restaurant/Cafe/Canteen,"UNIT 5 9-12 ST ANNE'S COURT, LONDON",W1F 0BB,Westminster,-0.1340307,51.5143168,CORE_BAKERY,VERIFIED_CANDIDATE
428015,Pret A Manger,pret a manger,Restaurant/Cafe/Canteen,"35 BROADWICK STREET, LONDON",W1F 0DH,Westminster,-0.1515682,51.5150339,BAKERY_CAFE,LOCATION_VERIFICATION
1884181,Panadera,panadera,Retailers - other,"3 HOPKINS STREET, LONDON",W1F 0DW,Westminster,-0.1350579,51.5132625,CORE_BAKERY,LOCATION_VERIFICATION
772522,Flat White,flat white,Restaurant/Cafe/Canteen,"BASEMENT AND GROUND FLOOR 17 BERWICK STREET, LONDON",W1F 0PT,Westminster,-0.1347359,51.5136355,BAKERY_CAFE,VERIFIED_CANDIDATE
1077601,Cutter & Squidge,cutter and squidge,Retailers - other,"BASEMENT AND GROUND FLOOR 20 BREWER STREET, LONDON",W1F 0SJ,Westminster,-0.1343726,51.5122988,CORE_BAKERY,VERIFIED_CANDIDATE
1666266,The Hummingbird Bakery,the hummingbird bakery,Retailers - other,"118-122 WARDOUR STREET, LONDON",W1F 0TU,Westminster,-0.134284,51.514114,CORE_BAKERY,LOCATION_VERIFICATION
428084,Pret A Manger,pret a manger,Restaurant/Cafe/Canteen,"27-28 GREAT MARLBOROUGH STREET, LONDON",W1F 7HY,Westminster,-0.1396319,51.5137403,BAKERY_CAFE,LOCATION_VERIFICATION
1863932,Brother Marcus Soho,brother marcus soho,Restaurant/Cafe/Canteen,"58 POLAND STREET, LONDON",W1F 7NR,Westminster,-0.1367025,51.5138287,BAKERY_CAFE,VERIFIED_CANDIDATE
1053896,Pret A Manger,pret a manger,Restaurant/Cafe/Canteen,"BASEMENT TO FIRST FLOOR 9 ARGYLL STREET, WEST END, LONDON",W1F 7TG,Westminster,-0.1405562,51.5147531,BAKERY_CAFE,LOCATION_VERIFICATION
1731263,IT'S BAGELS SOHO,it s bagels soho,Restaurant/Cafe/Canteen,"8 D'ARBLAY STREET, LONDON",W1F 8DP,Westminster,-0.1360317,51.5147263,CORE_BAKERY,VERIFIED_CANDIDATE
1576240,Blank Street,blank street,Restaurant/Cafe/Canteen,"22 NOEL STREET, LONDON",W1F 8GS,Westminster,-0.1359181,51.5150392,BAKERY_CAFE,LOCATION_VERIFICATION
1109109,Soderberg,soderberg,Restaurant/Cafe/Canteen,"36 BERWICK STREET, LONDON",W1F 8RR,Westminster,-0.1356339,51.5145851,BAKERY_CAFE,VERIFIED_CANDIDATE
1791314,KOZZEE,kozzee,Restaurant/Cafe/Canteen,"BASEMENT AND GROUND FLOOR 193 WARDOUR STREET, LONDON",W1F 8ZF,Westminster,-0.1357856,51.5154598,BAKERY_CAFE,VERIFIED_CANDIDATE
412196,Gail's,gail s,Restaurant/Cafe/Canteen,"128 WARDOUR STREET, LONDON",W1F 8ZL,Westminster,-0.1344203,51.514305,CORE_BAKERY,LOCATION_VERIFICATION
1873489,My Favourite Sandwich,my favourite sandwich,Restaurant/Cafe/Canteen,"BASEMENT 51 LEXINGTON STREET, LONDON",W1F 9AR,Westminster,-0.136528,51.5131604,BAKERY_CAFE,VERIFIED_CANDIDATE
1924117,JOLENE BRIDLE LANE,jolene bridle lane,Restaurant/Cafe/Canteen,"13 BRIDLE LANE, LONDON, United Kingdom",W1F 9BT,Westminster,-0.135799,51.511435,BAKERY_CAFE,VERIFIED_CANDIDATE
1720953,Nowhere- Dark Arts@Aries,nowhere dark arts aries,Restaurant/Cafe/Canteen,"13-16 BRIDLE LANE, LONDON",W1F 9BT,Westminster,-0.1364891,51.5123505,BAKERY_CAFE,VERIFIED_CANDIDATE
411111,Petit Dejeuner,petit dejeuner,Restaurant/Cafe/Canteen,"10 LOWER JOHN STREET, LONDON",W1F 9EA,Westminster,-0.1370537,51.5108756,BAKERY_CAFE,VERIFIED_CANDIDATE
1660534,BIBI'S,bibi s,Restaurant/Cafe/Canteen,"14A GOLDEN SQUARE, LONDON",W1F 9JG,Westminster,-0.1367155,51.5113918,BAKERY_CAFE,LOCATION_VERIFICATION
1526588,Buns From Home,buns from home,Retailers - other,"63 BROADWICK STREET, LONDON",W1F 9QS,Westminster,-0.1378102,51.5128211,CORE_BAKERY,LOCATION_VERIFICATION
413254,Regent News,regent news,Retailers - other,"BASEMENT AND GROUND FLOOR 45 BEAK STREET, LONDON",W1F 9SD,Westminster,-0.1375342,51.5125199,GROCER_BAKERY,VERIFIED_CANDIDATE
720254,Pret A Manger,pret a manger,Restaurant/Cafe/Canteen,"5 VERE STREET, LONDON",W1G 0DJ,Westminster,-0.1471259,51.5151718,BAKERY_CAFE,LOCATION_VERIFICATION
428187,Pret A Manger,pret a manger,Restaurant/Cafe/Canteen,"GARAGE UNDER NUMBER 28 31 CAVENDISH SQUARE, LONDON",W1G 0FJ,Westminster,-0.1442551,51.5159448,BAKERY_CAFE,LOCATION_VERIFICATION
1747683,Abuelo Marylebone,abuelo marylebone,Restaurant/Cafe/Canteen,"7 CAVENDISH PLACE, LONDON",W1G 0QB,Westminster,-0.1435165,51.5170931,BAKERY_CAFE,VERIFIED_CANDIDATE
412419,Totally Swedish,totally swedish,Retailers - other,"GROUND 32 CRAWFORD STREET, LONDON",W1H 1LN,Westminster,-0.1611577,51.5196192,GROCER_BAKERY,VERIFIED_CANDIDATE
1206507,Boxcar Baker & Deli,boxcar baker and deli,Takeaway/sandwich shop,"7A WYNDHAM PLACE, LONDON",W1H 1PN,Westminster,-0.161565,51.5195266,BAKERY_CAFE,VERIFIED_CANDIDATE
411417,Swedish Church,swedish church,Restaurant/Cafe/Canteen,"6-11 HARCOURT STREET, LONDON",W1H 4AG,Westminster,-0.1644247,51.520102,BAKERY_CAFE,VERIFIED_CANDIDATE
1828592,Bastiano London,bastiano london,Restaurant/Cafe/Canteen,"7A CRAWFORD PLACE, LONDON",W1H 4LD,Westminster,-0.1663823,51.5180193,BAKERY_CAFE,VERIFIED_CANDIDATE
412096,The Marylebone Corner,the marylebone corner,Restaurant/Cafe/Canteen,"106 YORK STREET, LONDON",W1H 4QN,Westminster,-0.1639772,51.5197623,BAKERY_CAFE,VERIFIED_CANDIDATE
1470365,T By Tamara,t by tamara,Restaurant/Cafe/Canteen,"17 SEYMOUR PLACE, LONDON",W1H 5BF,Westminster,-0.152753,51.5160879,BAKERY_CAFE,VERIFIED_CANDIDATE
1540581,Blank Street,blank street,Restaurant/Cafe/Canteen,"1 OLD QUEBEC STREET, LONDON",W1H 7AF,Westminster,-0.1579925,51.5137308,BAKERY_CAFE,LOCATION_VERIFICATION
1619625,BloomsYard,bloomsyard,Restaurant/Cafe/Canteen,"40 BRYANSTON STREET, LONDON",W1H 7AW,Westminster,-0.1602641,51.5142545,BAKERY_CAFE,VERIFIED_CANDIDATE
1502840,Feya /Feya Underground,feya feya underground,Restaurant/Cafe/Canteen,"UNIT 4 6 MARBLE ARCH, LONDON",W1H 7EJ,Westminster,-0.1605197,51.5139097,BAKERY_CAFE,VERIFIED_CANDIDATE
1431994,Sainsbury's,sainsbury s,Retailers - supermarkets/hypermarkets,"1 MARBLE ARCH, LONDON",W1H 7EJ,Westminster,-0.1592297,51.5134948,GROCER_BAKERY,LOCATION_VERIFICATION
772785,Gails,gails,Restaurant/Cafe/Canteen,"6 SEYMOUR PLACE, LONDON",W1H 7NA,Westminster,-0.160883,51.5146329,CORE_BAKERY,VERIFIED_CANDIDATE
412136,La Masseria,la masseria,Restaurant/Cafe/Canteen,"69 UPPER BERKELEY STREET, LONDON",W1H 7QZ,Westminster,-0.1585533,51.5155766,BAKERY_CAFE,VERIFIED_CANDIDATE
1671895,Pret A Manger,pret a manger,Restaurant/Cafe/Canteen,"BASEMENT PART AND GROUND FLOOR MALTA HOUSE 36-38 PICCADILLY, LONDON",W1J 0DP,Westminster,-0.1374546,51.5091734,BAKERY_CAFE,LOCATION_VERIFICATION
411613,Minamoto Kitchoan,minamoto kitchoan,Retailers - other,"44 PICCADILLY, LONDON",W1J 0DS,Westminster,-0.1381029,51.508824,CORE_BAKERY,VERIFIED_CANDIDATE
766893,Laduree,laduree,Restaurant/Cafe/Canteen,"71-72 BURLINGTON ARCADE, LONDON",W1J 0QX,Westminster,-0.1395322,51.508406,CORE_BAKERY,LOCATION_VERIFICATION
1202591,Queens Of Mayfair,queens of mayfair,Restaurant/Cafe/Canteen,"BASEMENT AND GROUND FLOOR 17 QUEEN STREET, LONDON",W1J 5PH,Westminster,-0.1473741,51.5072801,BAKERY_CAFE,VERIFIED_CANDIDATE
427907,Pret A Manger,pret a manger,Restaurant/Cafe/Canteen,"7 BERKELEY SQUARE, LONDON",W1J 6ES,Westminster,-0.1445041,51.509465,BAKERY_CAFE,LOCATION_VERIFICATION
1544594,Entree Bakery,entree bakery,Retailers - other,"GROUND FLOOR 35 BRUTON PLACE, LONDON",W1J 6NS,Westminster,-0.1455383,51.5106144,BAKERY_CAFE,VERIFIED_CANDIDATE
1688809,The Rex Deli,the rex deli,Retailers - other,"38 BRUTON PLACE, LONDON",W1J 6NX,Westminster,-0.1454671,51.510946,BAKERY_CAFE,VERIFIED_CANDIDATE
1740502,Focaccia Factory,focaccia factory,Restaurant/Cafe/Canteen,"6 SHEPHERD STREET, LONDON",W1J 7JE,Westminster,-0.1466632,51.5063337,BAKERY_CAFE,VERIFIED_CANDIDATE
1660539,KAYU BAKEHOUSE LIMITED,kayu bakehouse limited,Retailers - other,"42 CURZON STREET, MAYFAIR LONDON, United Kingdom",W1J 7UG,Westminster,-0.1469359,51.5067157,CORE_BAKERY,VERIFIED_CANDIDATE
1702961,Fait Maison,fait maison,Restaurant/Cafe/Canteen,"13 BERKELEY STREET, LONDON",W1J 8DU,Westminster,-0.1431104,51.5083008,BAKERY_CAFE,LOCATION_VERIFICATION
631986,Pret A Manger,pret a manger,Restaurant/Cafe/Canteen,"BASEMENT AND GROUND FLOOR 81 PICCADILLY, LONDON",W1J 8HY,Westminster,-0.1433778,51.5066864,BAKERY_CAFE,LOCATION_VERIFICATION
414243,Sainsbury's,sainsbury s,Retailers - supermarkets/hypermarkets,"38 STRATTON STREET, LONDON",W1J 8LT,Westminster,-0.1436881,51.5079143,GROCER_BAKERY,LOCATION_VERIFICATION
772747,Colicci / Ecsi Ltd,colicci ecsi ltd,Takeaway/sandwich shop,"REFRESHMENT KIOSK AT RITZ CORNER GREEN PARK PICCADILLY, LONDON",W1J 9DZ,Westminster,,,BAKERY_CAFE,LOCATION_VERIFICATION
1518684,Colicci / Ecsi Ltd,colicci ecsi ltd,Restaurant/Cafe/Canteen,"REFRESHMENT KIOSK AT CANADA GATE GREEN PARK PICCADILLY, LONDON",W1J 9DZ,Westminster,,,BAKERY_CAFE,LOCATION_VERIFICATION
1781740,Chestnut Bakery,chestnut bakery,Retailers - other,"162 PICCADILLY, LONDON",W1J 9ED,Westminster,-0.1402078,51.5077423,CORE_BAKERY,LOCATION_VERIFICATION
427808,Pret A Manger,pret a manger,Restaurant/Cafe/Canteen,"163 PICCADILLY, LONDON",W1J 9ED,Westminster,-0.140076,51.5077941,BAKERY_CAFE,LOCATION_VERIFICATION
1605549,Buns From Home,buns from home,Retailers - other,"FOXGLOVE HOUSE 166 PICCADILLY, LONDON",W1J 9EF,Westminster,-0.1398707,51.5078808,CORE_BAKERY,LOCATION_VERIFICATION
411631,Richoux Piccadilly,richoux piccadilly,Restaurant/Cafe/Canteen,"172 PICCADILLY, LONDON",W1J 9EJ,Westminster,-0.1394497,51.5079551,BAKERY_CAFE,VERIFIED_CANDIDATE
1637211,MINAMOTO KITCHOAN,minamoto kitchoan,Retailers - other,"193 PICCADILLY, LONDON",W1J 9EU,Westminster,-0.1375648,51.5085906,CORE_BAKERY,LOCATION_VERIFICATION
447070,Kahve Dunyasi,kahve dunyasi,Restaurant/Cafe/Canteen,"UNIT 3 200 PICCADILLY, LONDON",W1J 9HU,Westminster,-0.1362478,51.5090823,BAKERY_CAFE,VERIFIED_CANDIDATE
1852706,E & LTD t/a EL&N Park Lane Hilton,e and ltd t a el and n park lane hilton,Restaurant/Cafe/Canteen,"LONDON HILTON 22 PARK LANE, LONDON",W1K 1BE,Westminster,-0.1501515,51.5055974,BAKERY_CAFE,VERIFIED_CANDIDATE
410838,Connaught Hotel,connaught hotel,Restaurant/Cafe/Canteen,"CONNAUGHT HOTEL CARLOS PLACE, LONDON",W1K 2AL,Westminster,-0.1496064,51.5101571,CORE_BAKERY,VERIFIED_CANDIDATE
1137821,Marchesi 1824,marchesi 1824,Restaurant/Cafe/Canteen,"BASEMENT AND GROUND FLOOR 117 MOUNT STREET, LONDON",W1K 3LA,Westminster,-0.1486657,51.5098994,CORE_BAKERY,VERIFIED_CANDIDATE
427903,Pret A Manger,pret a manger,Restaurant/Cafe/Canteen,"32 AVERY ROW, LONDON",W1K 4BE,Westminster,-0.1453976,51.5123028,BAKERY_CAFE,LOCATION_VERIFICATION
411412,H. R. Higgins,h r higgins,Retailers - other,"GROUND FLOOR 79 DUKE STREET, LONDON",W1K 5AS,Westminster,-0.1505531,51.5131126,BAKERY_CAFE,VERIFIED_CANDIDATE
1761646,Joe Blakes,joe blakes,Takeaway/sandwich shop,"FOURTH FLOOR 75 DAVIES STREET, LONDON",W1K 5JN,Westminster,-0.1493115,51.5138754,BAKERY_CAFE,LOCATION_VERIFICATION
1650753,Fait Maison,fait maison,Restaurant/Cafe/Canteen,"48 SOUTH MOLTON STREET, LONDON",W1K 5SA,Westminster,-0.1479565,51.513881,BAKERY_CAFE,LOCATION_VERIFICATION
1026627,Mayfair Food Fayre,mayfair food fayre,Retailers - other,"33 NORTH ROW, LONDON",W1K 6DE,Westminster,-0.1542075,51.5132691,GROCER_BAKERY,VERIFIED_CANDIDATE
1829962,Bebek Baklava,bebek baklava,Retailers - other,"ST MARK'S CHURCH NORTH AUDLEY STREET, LONDON",W1K 6ZA,Westminster,,,CORE_BAKERY,VERIFIED_CANDIDATE
1735947,Kleinsky's,kleinsky s,Restaurant/Cafe/Canteen,"39 NORTH AUDLEY STREET, LONDON",W1K 6ZW,Westminster,-0.1534019,51.512519,BAKERY_CAFE,VERIFIED_CANDIDATE
433687,Pret A Manger,pret a manger,Restaurant/Cafe/Canteen,"GROUND FLOOR LILLY HOUSE 13 HANOVER SQUARE, LONDON",W1S 1HN,Westminster,-0.1438944,51.5145362,BAKERY_CAFE,LOCATION_VERIFICATION
1215115,Pret A Manger,pret a manger,Restaurant/Cafe/Canteen,"25 HANOVER SQUARE, LONDON",W1S 1JF,Westminster,-0.1438725,51.5133039,BAKERY_CAFE,LOCATION_VERIFICATION
427789,Pret-A-Manger,pret a manger,Restaurant/Cafe/Canteen,"BASEMENT AND GROUND FLOOR 18 HANOVER STREET, LONDON",W1S 1YN,Westminster,-0.1418809,51.513722,BAKERY_CAFE,LOCATION_VERIFICATION
1740521,The Service,the service,Restaurant/Cafe/Canteen,"BASEMENT AND GROUND FLOOR WEST 19 SAVILE ROW, LONDON",W1S 3PP,Westminster,-0.1404325,51.5114238,BAKERY_CAFE,VERIFIED_CANDIDATE
1946243,Dorothy's,dorothy s,Restaurant/Cafe/Canteen,"GROUND FLOOR 41 SAVILE ROW, LONDON",W1S 3QQ,Westminster,-0.1404935,51.5106335,BAKERY_CAFE,VERIFIED_CANDIDATE
1093240,Pret A Manger,pret a manger,Restaurant/Cafe/Canteen,"BASEMENT TO SECOND FLOOR 7-8 RATHBONE PLACE, LONDON",W1T 1HN,Westminster,-0.1330488,51.5168281,BAKERY_CAFE,LOCATION_VERIFICATION
1276023,Lavelle,lavelle,Restaurant/Cafe/Canteen,"38 RATHBONE PLACE, LONDON",W1T 1JN,Westminster,-0.1340341,51.5173843,BAKERY_CAFE,VERIFIED_CANDIDATE
1747677,HAPPY SKY BAKERY,happy sky bakery,Retailers - other,"GROUND FLOOR 40 HANWAY STREET, LONDON",W1T 1US,Westminster,-0.1326691,51.5165972,CORE_BAKERY,VERIFIED_CANDIDATE
413378,Kaffeine,kaffeine,Restaurant/Cafe/Canteen,"15 EASTCASTLE STREET, LONDON",W1T 3AY,Westminster,-0.0647321,51.6211045,BAKERY_CAFE,VERIFIED_CANDIDATE
1720934,Pret a Manger,pret a manger,Restaurant/Cafe/Canteen,"NETWORK HOUSE 5-11 MORTIMER STREET, LONDON",W1T 3JB,Westminster,-0.1371404,51.5186377,BAKERY_CAFE,LOCATION_VERIFICATION
413891,Sainsbury's,sainsbury s,Retailers - supermarkets/hypermarkets,"29-35 MORTIMER STREET, LONDON",W1T 3JE,Westminster,-0.1385138,51.5181559,GROCER_BAKERY,LOCATION_VERIFICATION
615380,Sainsbury's,sainsbury s,Retailers - supermarkets/hypermarkets,"BASEMENT AND GROUND FLOOR 1 BERNERS STREET, LONDON",W1T 3LA,Westminster,-0.1359504,51.516194,GROCER_BAKERY,LOCATION_VERIFICATION
1694014,The Bagel Point,the bagel point,Restaurant/Cafe/Canteen,"34 BERNERS STREET, LONDON",W1T 3LT,Westminster,-0.1373579,51.5186052,CORE_BAKERY,VERIFIED_CANDIDATE
1770765,Panadera,panadera,Retailers - other,"GROUND FLOOR 7 PICTON PLACE, LONDON",W1U 1BN,Westminster,-0.1516151,51.5153595,CORE_BAKERY,VERIFIED_CANDIDATE
1706376,U22 the luxe newsagent,u22 the luxe newsagent,Retailers - other,"7A PICTON PLACE, LONDON",W1U 1BN,Westminster,-0.1516151,51.5153595,GROCER_BAKERY,VERIFIED_CANDIDATE
1053906,Feya,feya,Takeaway/sandwich shop,"23 JAMES STREET, MARYLEBONE, LONDON",W1U 1DT,Westminster,-0.1508467,51.5151136,BAKERY_CAFE,VERIFIED_CANDIDATE
1320492,Crome,crome,Restaurant/Cafe/Canteen,"GROUND FLOOR 36 JAMES STREET, MARYLEBONE, LONDON",W1U 1ES,Westminster,-0.1505769,51.5153702,BAKERY_CAFE,VERIFIED_CANDIDATE
428171,Pret A Manger,pret a manger,Restaurant/Cafe/Canteen,"4 GEES COURT, LONDON",W1U 1JD,Westminster,-0.1498955,51.5147569,BAKERY_CAFE,LOCATION_VERIFICATION
1526578,Arome,arome,Retailers - other,"27 DUKE STREET, LONDON",W1U 1LE,Westminster,-0.1518016,51.5153805,CORE_BAKERY,VERIFIED_CANDIDATE
1735945,Morena,morena,Takeaway/sandwich shop,"15 ST CHRISTOPHER'S PLACE, LONDON",W1U 1NJ,Westminster,-0.1505857,51.5158649,BAKERY_CAFE,LOCATION_VERIFICATION
411589,Paul Rothe & Son,paul rothe and son,Restaurant/Cafe/Canteen,"35 MARYLEBONE LANE, LONDON",W1U 2NN,Westminster,-0.150806,51.5168306,GROCER_BAKERY,VERIFIED_CANDIDATE
1553348,St John Marylebone,st john marylebone,Restaurant/Cafe/Canteen,"98 MARYLEBONE LANE, LONDON",W1U 2QA,Westminster,-0.1506166,51.517592,BAKERY_CAFE,VERIFIED_CANDIDATE
1662341,Nathalie,nathalie,Takeaway/sandwich shop,"29 THAYER STREET, LONDON",W1U 2QW,Westminster,-0.1512363,51.5175928,BAKERY_CAFE,LOCATION_VERIFICATION
1373934,Ottolenghi Marylebone,ottolenghi marylebone,Restaurant/Cafe/Canteen,"63-65 MARYLEBONE LANE, LONDON",W1U 2RA,Westminster,-0.1509074,51.5178843,BAKERY_CAFE,VERIFIED_CANDIDATE
427766,Pret A Manger,pret a manger,Restaurant/Cafe/Canteen,"24 WIGMORE STREET, LONDON",W1U 2RJ,Westminster,-0.1474214,51.5167682,BAKERY_CAFE,LOCATION_VERIFICATION
560393,Pret A Manger,pret a manger,Restaurant/Cafe/Canteen,"20A BAKER STREET, LONDON",W1U 3BL,Westminster,-0.155257,51.5176111,BAKERY_CAFE,LOCATION_VERIFICATION
1602046,Oxford Street Caffe,oxford street caffe,Takeaway/sandwich shop,"PITCH 930 DUKE STREET, LONDON",W1U 3EG,Westminster,,,BAKERY_CAFE,VERIFIED_CANDIDATE
413134,Bonne Bouche,bonne bouche,Restaurant/Cafe/Canteen,"2-3 THAYER STREET, LONDON",W1U 3JB,Westminster,-0.1517896,51.518168,BAKERY_CAFE,LOCATION_VERIFICATION
1595437,Fyome,fyome,Retailers - other,"8 THAYER STREET, LONDON",W1U 3JJ,Westminster,-0.1516501,51.5176982,BAKERY_CAFE,VERIFIED_CANDIDATE
1212878,Pret A Manger,pret a manger,Takeaway/sandwich shop,"1 GEORGE STREET, LONDON",W1U 3QF,Westminster,-0.1517436,51.5178795,BAKERY_CAFE,LOCATION_VERIFICATION
1756055,Special Guests,special guests,Restaurant/Cafe/Canteen,"8 AYBROOK STREET, LONDON",W1U 4EL,Westminster,-0.1527019,51.5192447,BAKERY_CAFE,VERIFIED_CANDIDATE
413905,La Fromagerie (Marylebone Ltd),la fromagerie marylebone ltd,Restaurant/Cafe/Canteen,"GROUND FLOOR 4 MOXON STREET, LONDON",W1U 4EW,Westminster,-0.152194,51.519928,GROCER_BAKERY,VERIFIED_CANDIDATE
1756051,White Mulberries,white mulberries,Restaurant/Cafe/Canteen,"54 PADDINGTON STREET, LONDON",W1U 4HU,Westminster,-0.1530771,51.5205444,BAKERY_CAFE,LOCATION_VERIFICATION
428097,Pret A Manger,pret a manger,Restaurant/Cafe/Canteen,"7 MARYLEBONE HIGH STREET, LONDON",W1U 4NL,Westminster,-0.1513146,51.518862,BAKERY_CAFE,LOCATION_VERIFICATION
413852,Paul UK,paul uk,Restaurant/Cafe/Canteen,"115 MARYLEBONE HIGH STREET, LONDON",W1U 4SB,Westminster,-0.1517815,51.5184967,BAKERY_CAFE,LOCATION_VERIFICATION
1955283,Waitrose,waitrose,Retailers - supermarkets/hypermarkets,"98-101 MARYLEBONE HIGH STREET, LONDON",W1U 4SD,Westminster,-0.1520519,51.519521,GROCER_BAKERY,SUPERMARKET_SUPPLEMENT
1859922,GAIL's Marylebone Village,gail s marylebone village,Restaurant/Cafe/Canteen,"72-75 MARYLEBONE HIGH STREET, LONDON",W1U 5JW,Westminster,-0.1521837,51.5212497,CORE_BAKERY,VERIFIED_CANDIDATE
594699,Pure,pure,Restaurant/Cafe/Canteen,"72 BAKER STREET, LONDON",W1U 6TA,Westminster,-0.1561284,51.5199449,BAKERY_CAFE,LOCATION_VERIFICATION
1435809,Gail's Bakery,gail s bakery,Retailers - other,"114 BAKER STREET, LONDON",W1U 6TR,Westminster,-0.1567579,51.5211328,BAKERY_CAFE,LOCATION_VERIFICATION
741338,Sainsbury's,sainsbury s,Retailers - supermarkets/hypermarkets,"GROUND FLOOR 116 BAKER STREET, LONDON",W1U 6TS,Westminster,-0.1566678,51.5212214,GROCER_BAKERY,LOCATION_VERIFICATION
1624409,Buns From Home,buns from home,Retailers - other,"118 BAKER STREET, LONDON",W1U 6TT,Westminster,-0.1567809,51.5212771,CORE_BAKERY,LOCATION_VERIFICATION
1849320,Reubens Cafe and Bakery,reubens cafe and bakery,Restaurant/Cafe/Canteen,"50-52 BAKER STREET, LONDON",W1U 7BT,Westminster,-0.1556434,51.5187502,BAKERY_CAFE,VERIFIED_CANDIDATE
414733,Paul Uk,paul uk,Restaurant/Cafe/Canteen,"65 BAKER STREET, LONDON",W1U 8EW,Westminster,-0.1563434,51.5189051,BAKERY_CAFE,LOCATION_VERIFICATION
1450592,Tesco Baker St Express,tesco baker st express,Retailers - supermarkets/hypermarkets,"55 BAKER STREET, LONDON",W1U 8EW,Westminster,-0.1563434,51.5189051,GROCER_BAKERY,VERIFIED_CANDIDATE
908520,Peyton & Byrne Bakeries,peyton and byrne bakeries,Restaurant/Cafe/Canteen,"226 GREAT PORTLAND STREET, LONDON",W1W 5QP,Westminster,-0.1435093,51.5229383,BAKERY_CAFE,VERIFIED_CANDIDATE
654336,Sainsbury's,sainsbury s,Retailers - supermarkets/hypermarkets,"BASEMENT AND GROUND FLOOR 202 GREAT PORTLAND STREET, LONDON",W1W 5QQ,Westminster,-0.1432038,51.5219442,GROCER_BAKERY,LOCATION_VERIFICATION
427852,Pret A Manger,pret a manger,Restaurant/Cafe/Canteen,"244 GREAT PORTLAND STREET, LONDON",W1W 5QX,Westminster,-0.1437644,51.5234009,BAKERY_CAFE,LOCATION_VERIFICATION
1559390,Gail's Bakery,gail s bakery,Retailers - other,"125 GREAT PORTLAND STREET, LONDON",W1W 6AX,Westminster,-0.143041,51.520278,BAKERY_CAFE,LOCATION_VERIFICATION
772742,The Attendant,the attendant,Takeaway/sandwich shop,"27A FOLEY STREET, LONDON",W1W 6DY,Westminster,-0.1406619,51.5192331,BAKERY_CAFE,VERIFIED_CANDIDATE
427849,Pret A Manger,pret a manger,Restaurant/Cafe/Canteen,"136 GREAT PORTLAND STREET, LONDON",W1W 6PY,Westminster,-0.1425815,51.5202348,BAKERY_CAFE,LOCATION_VERIFICATION
1735951,Great Portland Street Deli,great portland street deli,Restaurant/Cafe/Canteen,"144 GREAT PORTLAND STREET, LONDON",W1W 6QT,Westminster,-0.1426599,51.5204339,BAKERY_CAFE,VERIFIED_CANDIDATE
1800678,The High Llama Bakery & Deli,the high llama bakery and deli,Restaurant/Cafe/Canteen,"38 RIDING HOUSE STREET, LONDON",W1W 7ES,Westminster,-0.1394175,51.5189976,BAKERY_CAFE,VERIFIED_CANDIDATE
1829948,Greggs,greggs,Retailers - other,"94 GREAT PORTLAND STREET, LONDON",W1W 7NU,Westminster,-0.1419327,51.5188216,BAKERY_CAFE,LOCATION_VERIFICATION
413747,HT Harris Delicatessen,ht harris delicatessen,Retailers - other,"41 GREAT TITCHFIELD STREET, LONDON",W1W 7PG,Westminster,-0.1405356,51.5180891,GROCER_BAKERY,VERIFIED_CANDIDATE
1884182,OULA,oula,Restaurant/Cafe/Canteen,"93 MORTIMER STREET, LONDON",W1W 7SS,Westminster,-0.1418941,51.5172923,BAKERY_CAFE,VERIFIED_CANDIDATE
1706377,Castle News,castle news,Retailers - other,"34-35 EASTCASTLE STREET, LONDON",W1W 8DW,Westminster,-0.1390386,51.5166265,GROCER_BAKERY,VERIFIED_CANDIDATE
1450599,Bageltopia,bageltopia,Restaurant/Cafe/Canteen,"47 EASTCASTLE STREET, LONDON",W1W 8DY,Westminster,-0.1391378,51.5163133,CORE_BAKERY,VERIFIED_CANDIDATE
414723,Pret A Manger,pret a manger,Restaurant/Cafe/Canteen,"49 EASTCASTLE STREET, LONDON",W1W 8DZ,Westminster,-0.138993,51.516329,BAKERY_CAFE,LOCATION_VERIFICATION
1731254,Dulche,dulche,Restaurant/Cafe/Canteen,"20 GREAT PORTLAND STREET, LONDON",W1W 8QR,Westminster,-0.1409472,51.5164769,BAKERY_CAFE,VERIFIED_CANDIDATE
1889038,FRED BAKERY OXFORD CIRCUS,fred bakery oxford circus,Restaurant/Cafe/Canteen,"GROUND FLOOR 52-53 MARGARET STREET, LONDON",W1W 8SQ,Westminster,-0.1415126,51.516612,CORE_BAKERY,VERIFIED_CANDIDATE
1829958,Little Tunis Ltd,little tunis ltd,Restaurant/Cafe/Canteen,"371-373 EDGWARE ROAD, LONDON",W2 1BS,Westminster,-0.1741726,51.5225293,BAKERY_CAFE,VERIFIED_CANDIDATE
1768911,Melissa food centre,melissa food centre,Retailers - other,"399 EDGWARE ROAD, LONDON",W2 1BT,Westminster,-0.175,51.5231087,GROCER_BAKERY,VERIFIED_CANDIDATE
1341489,Bondi Green,bondi green,Restaurant/Cafe/Canteen,"BRUNEL BUILDINGS 1 CANALSIDE WALK, WESTMINSTER, LONDON",W2 1DG,Westminster,-0.1779263,51.5190934,BAKERY_CAFE,VERIFIED_CANDIDATE
1720943,Gail's Paddington Square,gail s paddington square,Restaurant/Cafe/Canteen,"UNIT 36 1 PADDINGTON SQUARE, WESTMINSTER, LONDON",W2 1DL,Westminster,,,CORE_BAKERY,VERIFIED_CANDIDATE
1939732,Hagen Espresso Bar (Hagen Paddington),hagen espresso bar hagen paddington,Restaurant/Cafe/Canteen,"UNIT 16 1 PADDINGTON SQUARE, WESTMINSTER, LONDON",W2 1DL,Westminster,-0.1750981,51.5164156,BAKERY_CAFE,VERIFIED_CANDIDATE
1912123,My Favourite Sandwich,my favourite sandwich,Restaurant/Cafe/Canteen,"1 PADDINGTON SQUARE, WESTMINSTER, LONDON",W2 1DL,Westminster,,,BAKERY_CAFE,LOCATION_VERIFICATION
1775721,Oseyo,oseyo,Retailers - supermarkets/hypermarkets,"UNIT 10 1 PADDINGTON SQUARE, WESTMINSTER, LONDON",W2 1DL,Westminster,,,GROCER_BAKERY,LOCATION_VERIFICATION
1740515,Pret A Manger,pret a manger,Restaurant/Cafe/Canteen,"PRET A MANGER UNIT 2 1 PADDINGTON SQUARE, WESTMINSTER, LONDON",W2 1DL,Westminster,,,BAKERY_CAFE,LOCATION_VERIFICATION
1793487,Sainsbury's,sainsbury s,Retailers - supermarkets/hypermarkets,"UNIT 1 1 PADDINGTON SQUARE, WESTMINSTER, LONDON",W2 1DL,Westminster,,,GROCER_BAKERY,LOCATION_VERIFICATION
715211,Sainsbury's,sainsbury s,Retailers - supermarkets/hypermarkets,"318-324 EDGWARE ROAD, LONDON",W2 1DY,Westminster,-0.1706259,51.5207474,GROCER_BAKERY,LOCATION_VERIFICATION
412773,Zam Zam,zam zam,Retailers - other,"334-336 EDGWARE ROAD, LONDON",W2 1EA,Westminster,-0.1710062,51.5209692,GROCER_BAKERY,VERIFIED_CANDIDATE
1836361,Myra Chocolate and Coffee House,myra chocolate and coffee house,Restaurant/Cafe/Canteen,"508-510 EDGWARE ROAD, LONDON",W2 1EN,Westminster,-0.1763651,51.5246587,BAKERY_CAFE,VERIFIED_CANDIDATE
1489367,Greggs,greggs,Takeaway/sandwich shop,"GROUND FLOOR 10 PRAED STREET, LONDON",W2 1ES,Westminster,-0.1695661,51.5191392,BAKERY_CAFE,LOCATION_VERIFICATION
1846194,KO?I bakery.,ko i bakery,Manufacturers/packers,"185 EDGWARE ROAD, LONDON",W2 1ET,Westminster,-0.1680413,51.518342,CORE_BAKERY,VERIFIED_CANDIDATE
1382100,Gail's Bakery,gail s bakery,Restaurant/Cafe/Canteen,"3 CANALSIDE WALK, WESTMINSTER, LONDON",W2 1GT,Westminster,-0.1770725,51.5185007,BAKERY_CAFE,LOCATION_VERIFICATION
1863880,Panopolis,panopolis,Restaurant/Cafe/Canteen,"PLATFORM 7 AND 8 UNIT 18 PADDINGTON STATION PRAED STREET, LONDON",W2 1HB,Westminster,-0.1774148,51.5175078,BAKERY_CAFE,LOCATION_VERIFICATION
1088659,Pret A Manger,pret a manger,Restaurant/Cafe/Canteen,"UNIT 26 PADDINGTON STATION PLATFORM 1 PRAED STREET, LONDON",W2 1HB,Westminster,-0.1767499,51.5164723,BAKERY_CAFE,LOCATION_VERIFICATION
411843,Sainsbury's,sainsbury s,Retailers - supermarkets/hypermarkets,"UNIT R17 PADDINGTON STATION PRAED STREET, LONDON",W2 1HB,Westminster,-0.1774148,51.5175078,GROCER_BAKERY,LOCATION_VERIFICATION
667427,The Savanna,the savanna,Retailers - other,"UNIT R01 PADDINGTON STATION PRAED STREET, LONDON",W2 1HB,Westminster,-0.1774148,51.5175078,GROCER_BAKERY,LOCATION_VERIFICATION
414646,Upper Crust,upper crust,Restaurant/Cafe/Canteen,"UNIT 42 PADDINGTON STATION PRAED STREET, LONDON",W2 1HB,Westminster,-0.1774148,51.5175078,BAKERY_CAFE,LOCATION_VERIFICATION
412482,Lite Bite,lite bite,Retailers - other,"7 LONDON STREET, LONDON",W2 1HL,Westminster,-0.174739,51.5155778,BAKERY_CAFE,VERIFIED_CANDIDATE
682043,Pret A Manger,pret a manger,Restaurant/Cafe/Canteen,"5 PRAED STREET, LONDON",W2 1NJ,Westminster,-0.1692863,51.518928,BAKERY_CAFE,LOCATION_VERIFICATION
1109127,Bagel Factory,bagel factory,Takeaway/sandwich shop,"175 PRAED STREET, LONDON",W2 1RH,Westminster,-0.1753876,51.5155789,BAKERY_CAFE,LOCATION_VERIFICATION
1666246,Pret A Manger,pret a manger,Restaurant/Cafe/Canteen,"UNIT 44 PADDINGTON STATION PRAED STREET, LONDON",W2 1RH,Westminster,-0.1774148,51.5175078,BAKERY_CAFE,LOCATION_VERIFICATION
1609830,Blank Street,blank street,Restaurant/Cafe/Canteen,"159 PRAED STREET, LONDON",W2 1RL,Westminster,-0.1745212,51.515979,BAKERY_CAFE,LOCATION_VERIFICATION
411826,Bonne Bouche,bonne bouche,Restaurant/Cafe/Canteen,"129-131 PRAED STREET, LONDON",W2 1RL,Westminster,-0.1736201,51.5165735,BAKERY_CAFE,VERIFIED_CANDIDATE
411829,La Tazza,la tazza,Restaurant/Cafe/Canteen,"143 PRAED STREET, LONDON",W2 1RL,Westminster,-0.1740181,51.5163039,BAKERY_CAFE,VERIFIED_CANDIDATE
411381,Assal Patisserie,assal patisserie,Retailers - other,"14 CONNAUGHT STREET, LONDON",W2 2AF,Westminster,-0.1653179,51.5147384,CORE_BAKERY,VERIFIED_CANDIDATE
1669412,LA MARITXU,la maritxu,Retailers - other,"12 CONNAUGHT STREET, LONDON",W2 2AF,Westminster,-0.1652743,51.5147467,CORE_BAKERY,VERIFIED_CANDIDATE
1763966,Boxcar Bread & Wine,boxcar bread and wine,Restaurant/Cafe/Canteen,"30-31 KENDAL STREET, LONDON",W2 2AW,Westminster,-0.1662786,51.5148613,BAKERY_CAFE,VERIFIED_CANDIDATE
410942,Crispins,crispins,Retailers - other,"26-28 KENDAL STREET, LONDON",W2 2AW,Westminster,-0.1662786,51.5148613,GROCER_BAKERY,VERIFIED_CANDIDATE
1688810,Fatayer Altayer,fatayer altayer,Restaurant/Cafe/Canteen,"198 EDGWARE ROAD, LONDON",W2 2DS,Westminster,-0.1668181,51.5179362,CORE_BAKERY,VERIFIED_CANDIDATE
1963000,Waitrose,waitrose,Retailers - supermarkets/hypermarkets,"168-176 EDGWARE ROAD, LONDON",W2 2DS,Westminster,-0.1658375,51.5175882,GROCER_BAKERY,SUPERMARKET_SUPPLEMENT
1961580,Loaf n Latte,loaf n latte,Restaurant/Cafe/Canteen,"44 EDGWARE ROAD, LONDON",W2 2EH,Westminster,-0.1618099,51.5145339,BAKERY_CAFE,VERIFIED_CANDIDATE
854238,Paul Uk,paul uk,Restaurant/Cafe/Canteen,"32 EDGWARE ROAD, LONDON",W2 2EH,Westminster,-0.1615749,51.514392,BAKERY_CAFE,LOCATION_VERIFICATION
1206514,Pret A Manger,pret a manger,Restaurant/Cafe/Canteen,"26 EDGWARE ROAD, LONDON",W2 2EN,Westminster,-0.1610617,51.5141321,BAKERY_CAFE,LOCATION_VERIFICATION
1257296,Diwan Damas Deli,diwan damas deli,Retailers - other,"UNIT B 123 EDGWARE ROAD, LONDON",W2 2HX,Westminster,-0.1655899,51.5165771,CORE_BAKERY,VERIFIED_CANDIDATE
576391,Royal Lancaster London,royal lancaster london,Hotel/bed & breakfast/guest house,"ROYAL LANCASTER HOTEL LANCASTER TERRACE, LONDON",W2 2TY,Westminster,,,BAKERY_CAFE,VERIFIED_CANDIDATE
772746,Colicci / Ecsi Ltd,colicci ecsi ltd,Takeaway/sandwich shop,"REFRESHMENT KIOSK AT HYDE PARK CORNER SERPENTINE ROAD, LONDON",W2 2UH,Westminster,,,BAKERY_CAFE,LOCATION_VERIFICATION
772750,Colicci / Ecsi Ltd,colicci ecsi ltd,Takeaway/sandwich shop,"REFRESHMENT KIOSK AT TRIANGLE CAR PARK HYDE PARK SERPENTINE ROAD, LONDON",W2 2UH,Westminster,-0.1653842,51.5062773,BAKERY_CAFE,LOCATION_VERIFICATION
1206503,Colicci / Ecsi Ltd,colicci ecsi ltd,Other catering premises,"THE OLD POLICE HOUSE HYDE PARK SERPENTINE ROAD, LONDON",W2 2UH,Westminster,-0.1655204,51.5082668,BAKERY_CAFE,LOCATION_VERIFICATION
1518668,Colicci / Ecsi Ltd,colicci ecsi ltd,Restaurant/Cafe/Canteen,"THE BOAT HOUSE HYDE PARK SERPENTINE ROAD, LONDON",W2 2UH,Westminster,-0.1630984,51.5057829,BAKERY_CAFE,LOCATION_VERIFICATION
1518686,Colicci / Ecsi Ltd,colicci ecsi ltd,Restaurant/Cafe/Canteen,"REFRESHMENT KIOSK AT THE PLAYGROUND HYDE PARK, LONDON",W2 2UH,Westminster,,,BAKERY_CAFE,LOCATION_VERIFICATION
1717024,Granier,granier,Restaurant/Cafe/Canteen,"GROUND FLOOR 5 CRAVEN ROAD, LONDON",W2 3BP,Westminster,-0.1764224,51.5149295,CORE_BAKERY,VERIFIED_CANDIDATE
413367,All Day Mini Mart,all day mini mart,Retailers - other,"43 CRAVEN ROAD, LONDON",W2 3BX,Westminster,-0.179237,51.5133815,GROCER_BAKERY,VERIFIED_CANDIDATE
1088679,Les Filles,les filles,Restaurant/Cafe/Canteen,"27 CRAVEN TERRACE, LONDON",W2 3EL,Westminster,-0.1782874,51.5126204,BAKERY_CAFE,VERIFIED_CANDIDATE
1486571,Shell Bayswater,shell bayswater,Retailers - other,"104-105 BAYSWATER ROAD, LONDON",W2 3HJ,Westminster,-0.1841377,51.5108316,GROCER_BAKERY,VERIFIED_CANDIDATE
413366,Nisa,nisa,Retailers - other,"42 CRAVEN ROAD, LONDON",W2 3QA,Westminster,-0.1794988,51.5136823,GROCER_BAKERY,VERIFIED_CANDIDATE
411790,Mille Patisserie,mille patisserie,Restaurant/Cafe/Canteen,"8A SPRING STREET, LONDON",W2 3RA,Westminster,-0.1757036,51.5145226,CORE_BAKERY,VERIFIED_CANDIDATE
1916456,Chinatown Bakery,chinatown bakery,Takeaway/sandwich shop,"GROUND FLOOR 86 QUEENSWAY, LONDON",W2 3RR,Westminster,-0.187396,51.5129773,CORE_BAKERY,LOCATION_VERIFICATION
1731249,Colicci @ The Serpentine Gallery Pavilion,colicci the serpentine gallery pavilion,Restaurant/Cafe/Canteen,"SERPENTINE GALLERY KENSINGTON GARDENS EXHIBITION ROAD, LONDON",W2 3XA,Westminster,-0.174983,51.5047904,BAKERY_CAFE,VERIFIED_CANDIDATE
1545278,Pastada,pastada,Restaurant/Cafe/Canteen,"47 MOSCOW ROAD, LONDON",W2 4AH,Westminster,-0.1896127,51.5123191,BAKERY_CAFE,VERIFIED_CANDIDATE
413897,Athenian Grocery,athenian grocery,Retailers - other,"16A MOSCOW ROAD, LONDON",W2 4BT,Westminster,-0.1884858,51.5127513,GROCER_BAKERY,VERIFIED_CANDIDATE
1595443,Urban Social,urban social,Takeaway/sandwich shop,"BAYSWATER STATION QUEENSWAY, LONDON",W2 4QH,Westminster,-0.1880136,51.5123034,BAKERY_CAFE,LOCATION_VERIFICATION
1793481,BLANK STREET,blank street,Restaurant/Cafe/Canteen,"GROUND FLOOR 27 QUEENSWAY, LONDON",W2 4QJ,Westminster,-0.1873758,51.5109447,BAKERY_CAFE,LOCATION_VERIFICATION
427705,Pret A Manger,pret a manger,Restaurant/Cafe/Canteen,"7-9 QUEENSWAY, LONDON",W2 4QJ,Westminster,-0.18747049,51.51159789,BAKERY_CAFE,LOCATION_VERIFICATION
715214,Sainsbury's,sainsbury s,Retailers - supermarkets/hypermarkets,"QUEENS HOUSE 73-77 QUEENSWAY, LONDON",W2 4RA,Westminster,-0.1878771,51.5121125,GROCER_BAKERY,LOCATION_VERIFICATION
915583,Aubaine,aubaine,Restaurant/Cafe/Canteen,"129 BAYSWATER ROAD, LONDON",W2 4RJ,Westminster,-0.1876821,51.5104908,BAKERY_CAFE,LOCATION_VERIFICATION
1223908,Colicci / Ecsi Ltd,colicci ecsi ltd,Takeaway/sandwich shop,"KIOSK AT PALACE GATE ON THE BROAD WALK OFF KENSINGTON ROAD, LONDON",W2 4RU,Westminster,,,BAKERY_CAFE,LOCATION_VERIFICATION
699196,Sainsbury's,sainsbury s,Retailers - supermarkets/hypermarkets,"169 QUEENSWAY, LONDON",W2 4SB,Westminster,-0.1885502,51.5154861,GROCER_BAKERY,LOCATION_VERIFICATION
960399,Granier Bakery Cafe,granier bakery cafe,Retailers - other,"115 QUEENSWAY, LONDON",W2 4SJ,Westminster,-0.1879077,51.5131561,BAKERY_CAFE,VERIFIED_CANDIDATE
1848255,KYEL - The Greek Bakehouse,kyel the greek bakehouse,Retailers - other,"105 QUEENSWAY, LONDON",W2 4SJ,Westminster,-0.1879908,51.5128786,CORE_BAKERY,VERIFIED_CANDIDATE
1702988,M&S Food,m and s food,Retailers - supermarkets/hypermarkets,"127A-129 QUEENSWAY, LONDON",W2 4SJ,Westminster,-0.1879374,51.5134983,GROCER_BAKERY,SUPERMARKET_SUPPLEMENT
1627352,OATIS,oatis,Restaurant/Cafe/Canteen,"127 QUEENSWAY, LONDON",W2 4SJ,Westminster,-0.187968,51.5134538,BAKERY_CAFE,VERIFIED_CANDIDATE
1647372,Salwa London,salwa london,Takeaway/sandwich shop,"33 WESTBOURNE GROVE, LONDON",W2 4UA,Westminster,-0.189789,51.5155052,BAKERY_CAFE,VERIFIED_CANDIDATE
412270,L'Etoile Patisserie Francaise,l etoile patisserie francaise,Restaurant/Cafe/Canteen,"BASEMENT AND GROUND FLOOR FRONT 73 WESTBOURNE GROVE, LONDON",W2 4UJ,Westminster,-0.1917885,51.5152393,CORE_BAKERY,VERIFIED_CANDIDATE
1886374,Haminados,haminados,Restaurant/Cafe/Canteen,"78 CHEPSTOW ROAD, LONDON",W2 5BE,Westminster,-0.1955551,51.5173027,BAKERY_CAFE,VERIFIED_CANDIDATE
410858,Blue Nile Bakery,blue nile bakery,Retailers - other,"268 HARROW ROAD, LONDON",W2 5ES,Westminster,-0.1915087,51.5208464,CORE_BAKERY,VERIFIED_CANDIDATE
1085044,Gails,gails,Restaurant/Cafe/Canteen,"12 WESTBOURNE GROVE, LONDON",W2 5RA,Westminster,-0.1892085,51.5158101,BAKERY_CAFE,LOCATION_VERIFICATION
412275,Sainsbury's,sainsbury s,Retailers - supermarkets/hypermarkets,"WHOLE BUILDING GROVE HOUSE 88-94 WESTBOURNE GROVE, LONDON",W2 5RT,Westminster,-0.1935988,51.5153841,GROCER_BAKERY,LOCATION_VERIFICATION
1912122,Blank Street,blank street,Restaurant/Cafe/Canteen,"102 WESTBOURNE GROVE, LONDON",W2 5RU,Westminster,-0.1943229,51.5152963,BAKERY_CAFE,LOCATION_VERIFICATION
1781738,Queensway Express,queensway express,Takeaway/sandwich shop,"70 WESTBOURNE GROVE, LONDON",W2 5SH,Westminster,-0.1925571,51.515485,GROCER_BAKERY,VERIFIED_CANDIDATE
1516076,The Savanna,the savanna,Retailers - other,"PADDINGTON UNDERGROUND STATION - HAMMERSMITH AND CITY LINE PRAED STREET, LONDON",W2 6BA,Westminster,-0.1794547,51.5187625,GROCER_BAKERY,LOCATION_VERIFICATION
1149531,Pure,pure,Restaurant/Cafe/Canteen,"GROUND FLOOR EAST 2 KINGDOM STREET, LONDON",W2 6BD,Westminster,-0.181415,51.5194393,BAKERY_CAFE,LOCATION_VERIFICATION
1669419,Raj?s Corner Shop,raj s corner shop,Retailers - other,"30 CHILWORTH STREET, LONDON",W2 6DT,Westminster,-0.181095,51.5148582,GROCER_BAKERY,VERIFIED_CANDIDATE
1962981,Waitrose,waitrose,Retailers - supermarkets/hypermarkets,"THE COLONNADES 38 PORCHESTER ROAD, LONDON",W2 6ES,Westminster,-0.187415,51.5168534,GROCER_BAKERY,SUPERMARKET_SUPPLEMENT
1246221,Chester's,chester s,Restaurant/Cafe/Canteen,"50 PORCHESTER ROAD, LONDON",W2 6ET,Westminster,-0.1887774,51.5181155,BAKERY_CAFE,VERIFIED_CANDIDATE
1702992,Greggs,greggs,Takeaway/sandwich shop,"12 SHELDON SQUARE, REGENT'S PARK, LONDON",W2 6EZ,Westminster,-0.1804269,51.5194673,CORE_BAKERY,LOCATION_VERIFICATION
654337,Pret A Manger,pret a manger,Restaurant/Cafe/Canteen,"4 SHELDON SQUARE, REGENT'S PARK, LONDON",W2 6EZ,Westminster,-0.1797313,51.5191386,BAKERY_CAFE,LOCATION_VERIFICATION
414556,Sainsbury's,sainsbury s,Retailers - supermarkets/hypermarkets,"12A SHELDON SQUARE, REGENT'S PARK, LONDON",W2 6EZ,Westminster,-0.1803887,51.5195839,GROCER_BAKERY,LOCATION_VERIFICATION
1619623,Treelogy Speciality Coffee,treelogy speciality coffee,Restaurant/Cafe/Canteen,"50 EASTBOURNE TERRACE, LONDON",W2 6LG,Westminster,-0.1771286,51.5152912,BAKERY_CAFE,VERIFIED_CANDIDATE
1935988,The Bread House,the bread house,Restaurant/Cafe/Canteen,"180 QUEENSWAY, LONDON",W2 6LY,Westminster,-0.1879268,51.5152157,BAKERY_CAFE,VERIFIED_CANDIDATE
411303,Bon Appetit,bon appetit,Retailers - other,"73 CASTELLAIN ROAD, LONDON",W9 1EU,Westminster,-0.1904734,51.5273231,GROCER_BAKERY,LOCATION_VERIFICATION
414572,La Piccola Deli,la piccola deli,Retailers - other,"6 LAUDERDALE PARADE LAUDERDALE ROAD, LONDON",W9 1LU,Westminster,-0.189645,51.5274902,GROCER_BAKERY,LOCATION_VERIFICATION
1154427,Gails,gails,Restaurant/Cafe/Canteen,"237 ELGIN AVENUE, LONDON",W9 1NJ,Westminster,-0.1860659,51.5301237,BAKERY_CAFE,LOCATION_VERIFICATION
1424057,Pret A Manger,pret a manger,Restaurant/Cafe/Canteen,"13 CLIFTON ROAD, LONDON",W9 1SZ,Westminster,-0.1789952,51.5255808,BAKERY_CAFE,LOCATION_VERIFICATION
1384924,Daniels Cafe & Patisserie,daniels cafe and patisserie,Retailers - other,,W9 2,Westminster,,,BAKERY_CAFE,VERIFIED_CANDIDATE
411180,Blakes Bakery,blakes bakery,Retailers - other,"203 SHIRLAND ROAD, LONDON",W9 2EX,Westminster,-0.1968984,51.5278087,CORE_BAKERY,VERIFIED_CANDIDATE
1863893,Sainsbury?s Maida Vale,sainsbury s maida vale,Retailers - supermarkets/hypermarkets,"207 SHIRLAND ROAD, LONDON",W9 2EX,Westminster,-0.1970087,51.5279363,GROCER_BAKERY,VERIFIED_CANDIDATE
1694017,O Sole Mio,o sole mio,Restaurant/Cafe/Canteen,"8 FERNHEAD ROAD, LONDON",W9 3ET,Westminster,-0.2017461,51.5247897,GROCER_BAKERY,LOCATION_VERIFICATION
1834573,Cakebox,cakebox,Retailers - other,"389C HARROW ROAD, LONDON",W9 3NA,Westminster,-0.2032142,51.5248481,CORE_BAKERY,LOCATION_VERIFICATION
411698,Harrow Road Grocers,harrow road grocers,Retailers - other,"379 HARROW ROAD, LONDON",W9 3NA,Westminster,-0.2027206,51.5245708,GROCER_BAKERY,VERIFIED_CANDIDATE
780875,La Maison Du Gateau,la maison du gateau,Restaurant/Cafe/Canteen,"367 HARROW ROAD, LONDON",W9 3NA,Westminster,-0.2023261,51.5243399,BAKERY_CAFE,VERIFIED_CANDIDATE
411699,Sara Mini Market,sara mini market,Retailers - other,"GROUND FLOOR 389 HARROW ROAD, LONDON",W9 3NA,Westminster,-0.2030161,51.5247552,GROCER_BAKERY,VERIFIED_CANDIDATE
411718,Iceland,iceland,Retailers - other,"512-516 HARROW ROAD, LONDON",W9 3QA,Westminster,-0.2027735,51.5250572,GROCER_BAKERY,LOCATION_VERIFICATION
554735,Sainsbury's,sainsbury s,Retailers - supermarkets/hypermarkets,"478 HARROW ROAD, LONDON",W9 3RU,Westminster,-0.2007779,51.5241184,GROCER_BAKERY,LOCATION_VERIFICATION
1662337,Caravan,caravan,Restaurant/Cafe/Canteen,"30-35 DRURY LANE, LONDON",WC2B 5RH,Westminster,-0.1247925,51.5147752,BAKERY_CAFE,VERIFIED_CANDIDATE
428014,Pret A Manger,pret a manger,Restaurant/Cafe/Canteen,"29 KINGSWAY, LONDON",WC2B 6UF,Westminster,-0.11839937,51.51432379,BAKERY_CAFE,LOCATION_VERIFICATION
1156894,Oree,oree,Retailers - other,"BASEMENT AND GROUND FLOOR 44 WELLINGTON STREET, LONDON",WC2E 7BD,Westminster,-0.120942,51.512615,CORE_BAKERY,LOCATION_VERIFICATION
414235,"Company of Cooks by Compass  Group UK @Art Cafe, Courtauld Institute Of Art",company of cooks by compass group uk art cafe courtauld institute of art,Restaurant/Cafe/Canteen,"NORTH WING COURTAULD INSTITUTE OF ART SOMERSET HOUSE STRAND, LONDON",WC2E 7EA,Westminster,-0.1179524,51.5110203,BAKERY_CAFE,VERIFIED_CANDIDATE
1955264,Marks and Spencer,marks and spencer,Retailers - supermarkets/hypermarkets,"8 SOUTHAMPTON STREET, LONDON",WC2E 7HA,Westminster,-0.1218079,51.5109169,GROCER_BAKERY,LOCATION_VERIFICATION
1743839,Sakurado London Patisserie,sakurado london patisserie,Retailers - other,"DUDLEY HOUSE 36-38 SOUTHAMPTON STREET, LONDON",WC2E 7HE,Westminster,-0.1219156,51.5106702,CORE_BAKERY,VERIFIED_CANDIDATE
1523776,Violas,violas,Restaurant/Cafe/Canteen,"38 TAVISTOCK STREET, LONDON",WC2E 7PB,Westminster,-0.1199922,51.5122311,BAKERY_CAFE,VERIFIED_CANDIDATE
413550,Laduree,laduree,Restaurant/Cafe/Canteen,"1 THE MARKET, COVENT GARDEN, LONDON",WC2E 8RA,Westminster,-0.1234333,51.5119625,CORE_BAKERY,VERIFIED_CANDIDATE
1743849,EL&N Deli & Bakery LONDON,el and n deli and bakery london,Restaurant/Cafe/Canteen,"22 THE MARKET, COVENT GARDEN, LONDON",WC2E 8RD,Westminster,-0.1229392,51.5120625,BAKERY_CAFE,VERIFIED_CANDIDATE
761275,Chez Antoinette,chez antoinette,Restaurant/Cafe/Canteen,"30 THE MARKET, COVENT GARDEN, LONDON",WC2E 8RE,Westminster,-0.1229392,51.5120625,BAKERY_CAFE,VERIFIED_CANDIDATE
413561,Le Pain Quotidien,le pain quotidien,Restaurant/Cafe/Canteen,"26-49 THE MARKET, COVENT GARDEN, LONDON",WC2E 8RE,Westminster,-0.1229392,51.5120625,BAKERY_CAFE,VERIFIED_CANDIDATE
1863941,Oliphant's Ice Cream and Bakery Ltd,oliphant s ice cream and bakery ltd,Restaurant/Cafe/Canteen,"28 THE MARKET, COVENT GARDEN, LONDON",WC2E 8RE,Westminster,-0.1229392,51.5120625,BAKERY_CAFE,VERIFIED_CANDIDATE
1494506,Buns From Home,buns from home,Retailers - other,"140 LONG ACRE, LONDON",WC2E 9AA,Westminster,-0.1265397,51.5121478,CORE_BAKERY,LOCATION_VERIFICATION
1581014,Fair Shot,fair shot,Restaurant/Cafe/Canteen,"3 SLINGSBY PLACE, LONDON",WC2E 9AB,Westminster,-0.1261691,51.5127256,BAKERY_CAFE,VERIFIED_CANDIDATE
410786,Kastner And Ovens,kastner and ovens,Restaurant/Cafe/Canteen,"GROUND 52 FLORAL STREET, LONDON",WC2E 9DA,Westminster,-0.1227948,51.513472,BAKERY_CAFE,LOCATION_VERIFICATION
1516065,Chestnut Bakery,chestnut bakery,Retailers - other,"24 FLORAL STREET, LONDON",WC2E 9DS,Westminster,-0.1253349,51.51187,CORE_BAKERY,LOCATION_VERIFICATION
772729,Bageriet,bageriet,Restaurant/Cafe/Canteen,"24 ROSE STREET, LONDON",WC2E 9EA,Westminster,-0.1262023,51.5119168,CORE_BAKERY,VERIFIED_CANDIDATE
413222,Paul Patisserie,paul patisserie,Retailers - other,"GROUND FLOOR INIGO HOUSE 29 BEDFORD STREET, LONDON",WC2E 9ED,Westminster,-0.1246442,51.5112534,CORE_BAKERY,VERIFIED_CANDIDATE
1581009,Cream Dream,cream dream,Retailers - other,"46 BEDFORD STREET, LONDON",WC2E 9HA,Westminster,-0.1236826,51.510105,BAKERY_CAFE,VERIFIED_CANDIDATE
1624430,Amelia,amelia,Restaurant/Cafe/Canteen,"15 BEDFORD STREET, LONDON",WC2E 9HE,Westminster,-0.1246185,51.5106406,BAKERY_CAFE,LOCATION_VERIFICATION
427919,Pret a Manger,pret a manger,Restaurant/Cafe/Canteen,"65 LONG ACRE, LONDON",WC2E 9JD,Westminster,-0.1227766,51.5139124,BAKERY_CAFE,LOCATION_VERIFICATION
1624404,Bagel Factory,bagel factory,Restaurant/Cafe/Canteen,"78 LONG ACRE, LONDON",WC2E 9NG,Westminster,-0.1223043,51.5145343,BAKERY_CAFE,LOCATION_VERIFICATION
1453025,Baaria,baaria,Restaurant/Cafe/Canteen,"76-78 CHARING CROSS ROAD, LONDON",WC2H 0BD,Westminster,-0.1286033,51.5126591,BAKERY_CAFE,VERIFIED_CANDIDATE
1624406,Audrey Green,audrey green,Restaurant/Cafe/Canteen,"NATIONAL PORTRAIT GALLERY 2 ST MARTIN'S PLACE, LONDON",WC2H 0HE,Westminster,-0.1284529,51.5093988,BAKERY_CAFE,VERIFIED_CANDIDATE
1136222,Oseyo,oseyo,Retailers - other,"73 CHARING CROSS ROAD, LONDON",WC2H 0NE,Westminster,-0.1287992,51.5122011,GROCER_BAKERY,LOCATION_VERIFICATION
1270680,Sainsbury's,sainsbury s,Retailers - supermarkets/hypermarkets,"UNITS 5 AND 6 57-63 CHARING CROSS ROAD, LONDON",WC2H 0NE,Westminster,-0.1286519,51.5120731,GROCER_BAKERY,LOCATION_VERIFICATION
1702964,Castiglione,castiglione,Restaurant/Cafe/Canteen,"17 WHITCOMB STREET, LONDON",WC2H 7HA,Westminster,-0.1304196,51.5088816,BAKERY_CAFE,VERIFIED_CANDIDATE
1763960,Mrs Bakery,mrs bakery,Retailers - other,"BASEMENT AND GROUND FLOOR 12-13 LITTLE NEWPORT STREET, LONDON",WC2H 7JJ,Westminster,-0.1289,51.51181,CORE_BAKERY,VERIFIED_CANDIDATE
1228825,Pretty March,pretty march,Restaurant/Cafe/Canteen,"12-13 LITTLE NEWPORT STREET, LONDON",WC2H 7JJ,Westminster,-0.1289158,51.5118162,CORE_BAKERY,VERIFIED_CANDIDATE
680076,Chinatown Bakery,chinatown bakery,Manufacturers/packers,"7-9 NEWPORT PLACE, LONDON",WC2H 7JR,Westminster,-0.2042747,53.6121665,CORE_BAKERY,VERIFIED_CANDIDATE
1199177,Kova Patisserie,kova patisserie,Retailers - other,"20A NEWPORT COURT, LONDON",WC2H 7JS,Westminster,-0.1288874,51.5118871,CORE_BAKERY,LOCATION_VERIFICATION
1898866,Bread Ahead,bread ahead,Retailers - other,"20-21 LEICESTER SQUARE, LONDON",WC2H 7JX,Westminster,-0.1292758,51.5107698,CORE_BAKERY,LOCATION_VERIFICATION
1531152,Greggs,greggs,Retailers - other,"1-4 LEICESTER SQUARE, LONDON",WC2H 7NA,Westminster,-0.1306709,51.510837,BAKERY_CAFE,LOCATION_VERIFICATION
1296970,Arome Bakery,arome bakery,Takeaway/sandwich shop,"9 MERCER STREET, LONDON",WC2H 9QJ,Westminster,-0.1262729,51.513006,CORE_BAKERY,VERIFIED_CANDIDATE
427862,Pret A Manger,pret a manger,Restaurant/Cafe/Canteen,"77-78 ST MARTIN'S LANE, LONDON",WC2N 4AA,Westminster,-0.1273688,51.5115847,BAKERY_CAFE,LOCATION_VERIFICATION
411978,La Roche,la roche,Restaurant/Cafe/Canteen,"39 ST MARTIN'S LANE, LONDON",WC2N 4ER,Westminster,-0.1267066,51.5101623,BAKERY_CAFE,VERIFIED_CANDIDATE
576688,Brigit'S Bakery,brigit s bakery,Restaurant/Cafe/Canteen,"BASEMENT AND GROUND FLOOR 6-7 CHANDOS PLACE, LONDON",WC2N 4HU,Westminster,-0.1245493,51.5100559,BAKERY_CAFE,VERIFIED_CANDIDATE
427873,Pret A Manger,pret a manger,Restaurant/Cafe/Canteen,"BASEMENT AND GROUND FLOOR 7 ST MARTIN'S PLACE, LONDON",WC2N 4JH,Westminster,-0.1265836,51.509297,BAKERY_CAFE,LOCATION_VERIFICATION
427748,Pret A Manger,pret a manger,Restaurant/Cafe/Canteen,"62-65 TRAFALGAR SQUARE, LONDON",WC2N 5DS,Westminster,-0.1286695,51.50728,BAKERY_CAFE,LOCATION_VERIFICATION
414226,The Upper Crust,the upper crust,Restaurant/Cafe/Canteen,"UNIT 15 CHARING CROSS STATION STRAND, LONDON",WC2N 5HS,Westminster,-0.1247775,51.5083599,BAKERY_CAFE,VERIFIED_CANDIDATE
414180,Sainsbury's,sainsbury s,Retailers - supermarkets/hypermarkets,"36-37 STRAND, LONDON",WC2N 5HY,Westminster,-0.1244289,51.508777,GROCER_BAKERY,LOCATION_VERIFICATION
1531157,Blank Street,blank street,Restaurant/Cafe/Canteen,"UNIT 2 65-72 STRAND, LONDON",WC2N 5LR,Westminster,-0.1227317,51.509748,BAKERY_CAFE,LOCATION_VERIFICATION
427763,Pret A Manger,pret a manger,Restaurant/Cafe/Canteen,"BASEMENT AND GROUND FLOOR PART 25 VILLIERS STREET, LONDON",WC2N 6ND,Westminster,-0.1238034,51.5082184,BAKERY_CAFE,LOCATION_VERIFICATION
1427801,Allmart,allmart,Retailers - other,"39-41 VILLIERS STREET, LONDON",WC2N 6NE,Westminster,-0.1233529,51.5079594,GROCER_BAKERY,VERIFIED_CANDIDATE
1768917,Buns from home,buns from home,Retailers - other,"40 VILLIERS STREET, LONDON",WC2N 6NJ,Westminster,-0.1229117,51.5074757,CORE_BAKERY,LOCATION_VERIFICATION
1689924,Greggs,greggs,Retailers - other,"UNIT 2 EMBANKMENT UNDERGROUND STATION VICTORIA EMBANKMENT, LONDON",WC2N 6PA,Westminster,-0.122216,51.5072218,CORE_BAKERY,LOCATION_VERIFICATION
1069867,Pret A Manger,pret a manger,Restaurant/Cafe/Canteen,"WELLINGTON HOUSE 125-130 STRAND, LONDON",WC2R 0AP,Westminster,-0.1192796,51.5109877,BAKERY_CAFE,LOCATION_VERIFICATION
1807622,B Bagel,b bagel,Restaurant/Cafe/Canteen,"81 STRAND, LONDON",WC2R 0DE,Westminster,-0.1218828,51.5100672,BAKERY_CAFE,LOCATION_VERIFICATION
428140,Pret A Manger,pret a manger,Restaurant/Cafe/Canteen,"87-88 STRAND, LONDON",WC2R 0DW,Westminster,-0.1213986,51.5102752,BAKERY_CAFE,LOCATION_VERIFICATION
1803024,370 Strand,370 strand,Restaurant/Cafe/Canteen,"370 STRAND, LONDON",WC2R 0JF,Westminster,-0.1207346,51.5109364,BAKERY_CAFE,VERIFIED_CANDIDATE
737588,Break Point,break point,Retailers - other,"77 STRAND, LONDON",WC2R 0LQ,Westminster,-0.1220888,51.5099625,GROCER_BAKERY,LOCATION_VERIFICATION
1496929,Greggs,greggs,Retailers - other,"421-422 STRAND, LONDON",WC2R 0PS,Westminster,-0.1234035,51.5098847,BAKERY_CAFE,LOCATION_VERIFICATION
1643116,Gail's - Strand,gail s strand,Retailers - other,"437 STRAND, LONDON",WC2R 0QN,Westminster,-0.1247288,51.5091954,CORE_BAKERY,VERIFIED_CANDIDATE
1902004,Social Bite,social bite,Restaurant/Cafe/Canteen,"448 STRAND, LONDON",WC2R 0QU,Westminster,-0.125495,51.508785,BAKERY_CAFE,VERIFIED_CANDIDATE
414743,The Co Operative Group,the co operative group,Retailers - supermarkets/hypermarkets,"BASEMENT TO GROUND AND MEZZANINE FLOOR 456-459 STRAND, LONDON",WC2R 0RG,Westminster,-0.1263661,51.5082774,GROCER_BAKERY,VERIFIED_CANDIDATE
1578894,Wolfox 80 Strand,wolfox 80 strand,Takeaway/sandwich shop,"80 STRAND, LONDON",WC2R 0RL,Westminster,-0.1219415,51.5100411,BAKERY_CAFE,VERIFIED_CANDIDATE
428144,Pret A Manger,pret a manger,Restaurant/Cafe/Canteen,"190 STRAND, LONDON",WC2R 1AB,Westminster,-0.1139668,51.5127149,BAKERY_CAFE,LOCATION_VERIFICATION
772763,Pret A Manger,pret a manger,Restaurant/Cafe/Canteen,"217 STRAND, LONDON",WC2R 1AP,Westminster,-0.1127893,51.5132974,BAKERY_CAFE,LOCATION_VERIFICATION
428142,Pret A Manger,pret a manger,Restaurant/Cafe/Canteen,"135 STRAND, LONDON",WC2R 1HH,Westminster,-0.1188664,51.5112238,BAKERY_CAFE,LOCATION_VERIFICATION
414195,Greggs,greggs,Restaurant/Cafe/Canteen,"GROUND 143 STRAND, LONDON",WC2R 1JA,Westminster,-0.1183693,51.5113957,BAKERY_CAFE,LOCATION_VERIFICATION
1693262,Toklas Bakery,toklas bakery,Retailers - other,"9 SURREY STREET, LONDON",WC2R 2ND,Westminster,-0.1151652,51.5117228,CORE_BAKERY,VERIFIED_CANDIDATE
1834578,Corner Shop,corner shop,Restaurant/Cafe/Canteen,"7 ARUNDEL STREET, LONDON",WC2R 3DX,Westminster,-0.1137022,51.5117834,BAKERY_CAFE,LOCATION_VERIFICATION
810158,Colicci / Ecsi Ltd,colicci ecsi ltd,Restaurant/Cafe/Canteen,"SPEAKERS CORNER, LONDON",,Westminster,-0.12067,51.56978585,BAKERY_CAFE,LOCATION_VERIFICATION
1553367,Greggs,greggs,Restaurant/Cafe/Canteen,"CONCESSION AT 14-28 OXFORD STREET, LONDON",,Westminster,-0.1310885,51.5165174,BAKERY_CAFE,LOCATION_VERIFICATION
412767,Marks And Spencer,marks and spencer,Retailers - supermarkets/hypermarkets,"258 EDGWARE ROAD, LONDON",,Westminster,-0.1691036,51.5195276,GROCER_BAKERY,LOCATION_VERIFICATION
766885,Waitrose Ltd,waitrose ltd,Retailers - supermarkets/hypermarkets,"BASEMENT CONCESSION JOHN LEWIS 278-306 OXFORD STREET, LONDON",,Westminster,-0.14451094,51.51499798,GROCER_BAKERY,LOCATION_VERIFICATION
