msoa_code,msoa_name,borough_code,borough_name,area_km2,population,transport_nodes,bakery_count,core_bakery_count,core_and_cafe_count,population_density_km2,transport_nodes_per_km2,bakery_density_km2,bakeries_per_10000_people,core_bakeries_per_10000_people,core_and_cafe_per_10000_people
E02000001,City of London 001,E09000001,City of London,3.1504203391814567,15111,235,129,13,114,4796.502806963894,74.59322080845179,40.94691695442673,85.36827476672622,8.603004433856132,75.44173118919993
E02000002,Barking and Dagenham 001,E09000002,Barking and Dagenham,2.161560664389551,8820,20,0,0,0,4080.3851334382357,9.252573998726158,0.0,0.0,0.0,0.0
E02000003,Barking and Dagenham 002,E09000002,Barking and Dagenham,2.141515250042252,12655,21,7,1,1,5909.367210786997,9.806140768591618,3.2687135895305395,5.531410509679968,0.7902015013828527,0.7902015013828527
E02000004,Barking and Dagenham 003,E09000002,Barking and Dagenham,2.4929460965825583,7056,13,4,0,1,2830.386108096232,5.214713634531039,1.6045272721633967,5.668934240362812,0.0,1.417233560090703
E02000005,Barking and Dagenham 004,E09000002,Barking and Dagenham,1.1879541635824629,11630,11,4,0,1,9789.940013281239,9.259616521590166,3.3671332805782423,3.4393809114359417,0.0,0.8598452278589854
E02000007,Barking and Dagenham 006,E09000002,Barking and Dagenham,1.7360028993623478,10717,21,4,0,0,6173.376786373149,12.0967539902805,2.304143617196286,3.7323877950919098,0.0,0.0
E02000008,Barking and Dagenham 007,E09000002,Barking and Dagenham,1.4199893743899326,13936,22,1,0,1,9814.157944658775,15.493073678422292,0.7042306217464678,0.7175660160734788,0.0,0.7175660160734788
E02000009,Barking and Dagenham 008,E09000002,Barking and Dagenham,0.9615213146119361,13211,14,3,0,0,13739.68501710425,14.56025965025051,3.120055639339395,2.270834910302021,0.0,0.0
E02000010,Barking and Dagenham 009,E09000002,Barking and Dagenham,1.1214606870735924,9760,9,1,0,0,8702.935477362418,8.025247878715344,0.8916942087461494,1.0245901639344261,0.0,0.0
E02000011,Barking and Dagenham 010,E09000002,Barking and Dagenham,1.594080804337089,7318,18,2,0,0,4590.73340579071,11.291773886886142,1.2546415429873492,2.7329871549603713,0.0,0.0
E02000012,Barking and Dagenham 011,E09000002,Barking and Dagenham,1.3003084675599996,12288,16,3,1,2,9450.065354921639,12.304772597554217,2.3071448620414157,2.44140625,0.8138020833333333,1.6276041666666665
E02000013,Barking and Dagenham 012,E09000002,Barking and Dagenham,1.3045244120920727,9670,17,3,0,1,7412.663121031342,13.031569085577333,2.299688662160706,3.102378490175801,0.0,1.0341261633919339
E02000014,Barking and Dagenham 013,E09000002,Barking and Dagenham,1.1930210354052575,10157,23,7,1,2,8513.680562681586,19.278788317581615,5.867457314046578,6.891798759476223,0.9845426799251747,1.9690853598503495
E02000015,Barking and Dagenham 014,E09000002,Barking and Dagenham,1.3616381734255136,8759,19,3,1,1,6432.692745360336,13.953780358699209,2.2032284776893487,3.4250485215207216,1.1416828405069073,1.1416828405069073
E02000016,Barking and Dagenham 015,E09000002,Barking and Dagenham,0.9128384651060916,11306,27,9,0,2,12385.54293249025,29.578069978527928,9.85935665950931,7.960375022112153,0.0,1.768972227136034
E02000017,Barking and Dagenham 016,E09000002,Barking and Dagenham,0.8765690824340264,9418,9,3,1,1,10744.161742333446,10.267302578148335,3.4224341927161115,3.185389679337439,1.0617965597791463,1.0617965597791463
E02000018,Barking and Dagenham 017,E09000002,Barking and Dagenham,1.3577090796853208,10011,20,0,0,0,7373.449989978907,14.730696214122279,0.0,0.0,0.0,0.0
E02000019,Barking and Dagenham 018,E09000002,Barking and Dagenham,3.2992477915331127,10746,26,5,0,0,3257.106067503493,7.880584194592482,1.5154969604985542,4.652894100130281,0.0,0.0
E02000020,Barking and Dagenham 019,E09000002,Barking and Dagenham,4.356232377096613,15024,52,4,0,2,3448.851828701882,11.936920599873394,0.9182246615287226,2.6624068157614484,0.0,1.3312034078807242
E02000021,Barking and Dagenham 020,E09000002,Barking and Dagenham,3.2968876705205847,9416,20,5,0,1,2856.0269384346952,6.066327396845147,1.5165818492112868,5.310110450297366,0.0,1.0620220900594732
E02000022,Barking and Dagenham 021,E09000002,Barking and Dagenham,0.7974865461070452,9565,12,1,0,0,11993.93274619094,15.04727579239846,1.2539396493665385,1.0454783063251438,0.0,0.0
E02000023,Barking and Dagenham 022,E09000002,Barking and Dagenham,1.74539728030062,8654,32,1,0,0,4958.183502216453,18.33393483602109,0.5729354636256591,1.1555350127108852,0.0,0.0
E02000024,Barnet 001,E09000003,Barnet,3.753626431627331,11163,55,13,4,10,2973.9240713840672,14.65249699239664,3.463317470930115,11.645614978052494,3.5832661470930756,8.958165367732688
E02000025,Barnet 002,E09000003,Barnet,2.4018932546834955,8602,21,1,0,1,3581.341503510534,8.743102949746712,0.4163382357022244,1.162520344106022,0.0,1.162520344106022
E02000026,Barnet 003,E09000003,Barnet,1.46573820943503,6348,13,1,0,0,4330.92346173253,8.869250945577015,0.6822500727366935,1.575299306868305,0.0,0.0
E02000027,Barnet 004,E09000003,Barnet,1.6742648491229404,9716,41,1,0,0,5803.143991877811,24.488359784581125,0.5972770679166128,1.029230135858378,0.0,0.0
E02000028,Barnet 005,E09000003,Barnet,1.0556310412499073,6755,25,0,0,0,6399.016072890225,23.682516924094095,0.0,0.0,0.0,0.0
E02000029,Barnet 006,E09000003,Barnet,1.684554862462936,9883,22,7,1,4,5866.831778663693,13.059829923161109,4.155400430096717,7.082869574015986,1.0118385105737124,4.04735404229485
E02000030,Barnet 007,E09000003,Barnet,14.578600607472504,9545,50,1,0,0,654.7267640426031,3.4296844632928396,0.0685936892658568,1.0476689366160294,0.0,0.0
E02000031,Barnet 008,E09000003,Barnet,1.9390096754493258,8988,45,4,0,2,4635.35593132985,23.207723287699515,2.0629087366844017,4.450378282153983,0.0,2.2251891410769913
E02000032,Barnet 009,E09000003,Barnet,1.3979679499271356,7993,14,2,0,2,5717.5845844081105,10.014535741487995,1.4306479630697138,2.5021894157387714,0.0,2.5021894157387714
E02000033,Barnet 010,E09000003,Barnet,1.7757222132262387,9060,24,0,0,0,5102.149386045719,13.515627512703892,0.0,0.0,0.0,0.0
E02000034,Barnet 011,E09000003,Barnet,1.5581747366090761,9363,20,2,0,1,6008.9537970407,12.835530913255793,1.2835530913255793,2.1360674997329916,0.0,1.0680337498664958
E02000035,Barnet 012,E09000003,Barnet,1.2979552178624205,8810,28,1,0,0,6787.599355322161,21.572392956756016,0.7704426055984291,1.1350737797956867,0.0,0.0
E02000036,Barnet 013,E09000003,Barnet,1.7945968114423936,11451,20,2,1,1,6380.820431078525,11.14456454646498,1.1144564546464981,1.7465723517596716,0.8732861758798358,0.8732861758798358
E02000037,Barnet 014,E09000003,Barnet,4.324652530946115,11376,22,1,0,0,2630.5003508596897,5.087113899341875,0.23123244997008524,0.8790436005625879,0.0,0.0
E02000038,Barnet 015,E09000003,Barnet,1.76227032578617,10929,30,2,0,0,6201.659212030618,17.023494954791705,1.1348996636527804,1.8299935950224173,0.0,0.0
E02000039,Barnet 016,E09000003,Barnet,2.1320147777611154,7307,35,8,2,6,3427.2745556075706,16.416396530212804,3.752319206905784,10.948405638428905,2.7371014096072264,8.211304228821678
E02000040,Barnet 017,E09000003,Barnet,5.15487659709183,10697,43,4,0,0,2075.1224202020294,8.34161578654644,0.7759642592136223,3.739366177432925,0.0,0.0
E02000041,Barnet 018,E09000003,Barnet,1.3490573427211892,9877,32,12,3,4,7321.408577101001,23.7202667274711,8.895100022801662,12.149438088488408,3.037359522122102,4.049812696162802
E02000042,Barnet 019,E09000003,Barnet,1.2125737193624804,11675,28,9,2,5,9628.280584984324,23.091379561418506,7.422229144741663,7.7087794432548185,1.7130620985010707,4.282655246252676
E02000043,Barnet 020,E09000003,Barnet,1.4676339373449456,7529,28,0,0,0,5130.025824846009,19.07832688214746,0.0,0.0,0.0,0.0
E02000044,Barnet 021,E09000003,Barnet,1.107526124714256,8879,20,2,1,2,8016.966644728855,18.058264770196768,1.8058264770196766,2.2525059128280214,1.1262529564140107,2.2525059128280214
E02000045,Barnet 022,E09000003,Barnet,1.7347924033390805,10517,23,1,0,0,6062.396849189084,13.25807050787762,0.5764378481685922,0.9508414947228296,0.0,0.0
E02000046,Barnet 023,E09000003,Barnet,0.9709766807267564,7206,25,8,2,4,7421.393472195908,25.747271274618054,8.239126807877778,11.101859561476548,2.775464890369137,5.550929780738274
E02000047,Barnet 024,E09000003,Barnet,1.4221723197271667,12802,28,6,2,2,9001.722099651024,19.68819081317206,4.218898031394013,4.68676769254804,1.562255897516013,1.562255897516013
E02000048,Barnet 025,E09000003,Barnet,3.0842093626567784,10296,18,2,1,2,3338.2947748822376,5.836179676367548,0.6484644084852832,1.9425019425019425,0.9712509712509713,1.9425019425019425
E02000049,Barnet 026,E09000003,Barnet,0.7884670324121328,10257,15,1,0,0,13008.787404364995,19.024257684066974,1.268283845604465,0.9749439407234084,0.0,0.0
E02000050,Barnet 027,E09000003,Barnet,2.1206586692039973,10463,27,1,0,0,4933.844447455259,12.731893346200133,0.4715516054148197,0.9557488292076843,0.0,0.0
E02000051,Barnet 028,E09000003,Barnet,1.4484185443797963,9583,30,6,1,3,6616.181515477199,20.712245170021493,4.142449034004299,6.261087342168422,1.0435145570280706,3.130543671084211
E02000052,Barnet 029,E09000003,Barnet,0.9692765853764074,10097,17,7,0,4,10417.047262189819,17.5388534670919,7.221880839390782,6.9327523026641575,0.0,3.961572744379519
E02000054,Barnet 031,E09000003,Barnet,1.500658535444917,8156,18,1,0,0,5434.947263057348,11.994734028326665,0.6663741126848147,1.2260912211868564,0.0,0.0
E02000055,Barnet 032,E09000003,Barnet,1.4404524644063075,12376,29,13,2,6,8591.744820333835,20.132563008216,9.024942038165793,10.504201680672269,1.6160310277957337,4.848093083387202
E02000056,Barnet 033,E09000003,Barnet,3.2270966168682986,9325,82,3,1,3,2889.5943032066225,25.409837304337056,0.9296281940611117,3.2171581769436997,1.0723860589812333,3.2171581769436997
E02000057,Barnet 034,E09000003,Barnet,1.0940708138409794,8277,17,1,0,1,7565.323830311995,15.538299518582086,0.9140176187401227,1.2081672103419114,0.0,1.2081672103419114
E02000058,Barnet 035,E09000003,Barnet,1.8133827276330812,10617,45,12,4,8,5854.803753346568,24.815500508674347,6.617466802313159,11.302627860977678,3.767542620325892,7.535085240651784
E02000059,Barnet 036,E09000003,Barnet,2.1938462811728248,12637,19,4,0,1,5760.203031747645,8.660588557664417,1.8232818016135615,3.165308221888106,0.0,0.7913270554720265
E02000060,Barnet 037,E09000003,Barnet,1.2324759135142074,11994,21,5,2,2,9731.630345457246,17.03887254082059,4.056874414481093,4.16875104218776,1.6675004168751042,1.6675004168751042
E02000061,Barnet 038,E09000003,Barnet,1.5869957823798158,8674,40,11,4,5,5465.673000713779,25.204855894460593,6.931335370976663,12.681577127046344,4.611482591653217,5.76435323956652
E02000062,Barnet 039,E09000003,Barnet,1.8379987123670158,7364,48,16,3,10,4006.5316425148503,26.11536105930375,8.70512035310125,21.727322107550243,4.073872895165671,13.579576317218901
E02000063,Barnet 040,E09000003,Barnet,1.0376093992360855,7684,18,0,0,0,7405.484188613901,17.347568375201746,0.0,0.0,0.0,0.0
E02000064,Barnet 041,E09000003,Barnet,0.7943760915272416,7281,19,3,0,1,9165.683707828852,23.918141800404918,3.776548705327092,4.120313143798929,0.0,1.373437714599643
E02000065,Bexley 001,E09000004,Bexley,4.062100491670032,8391,13,0,0,0,2065.6800631119413,3.2003147205881586,0.0,0.0,0.0,0.0
E02000066,Bexley 002,E09000004,Bexley,1.5725994666607523,9890,31,4,0,3,6288.950371451138,19.71258458189942,2.543559300890248,4.044489383215369,0.0,3.033367037411527
E02000067,Bexley 003,E09000004,Bexley,2.617969627205284,10924,29,4,0,0,4172.699288211953,11.077286649409247,1.5279016068150686,3.661662394727206,0.0,0.0
E02000068,Bexley 004,E09000004,Bexley,3.5829767244328647,8668,41,5,3,3,2419.2175017190557,11.442999258246571,1.3954877144203135,5.7683433317951085,3.461005999077065,3.461005999077065
E02000069,Bexley 005,E09000004,Bexley,1.4513422738903623,7866,26,1,0,0,5419.81043445732,17.914450965661114,0.6890173448331198,1.2712941774726672,0.0,0.0
E02000070,Bexley 006,E09000004,Bexley,1.8561612087377628,8333,27,2,1,1,4489.37299237422,14.546150341306125,1.0774926178745279,2.4000960038401535,1.2000480019200768,1.2000480019200768
E02000071,Bexley 007,E09000004,Bexley,1.1786984631190505,7958,15,2,1,1,6751.514699477663,12.725901041991072,1.6967868055988096,2.513194269917064,1.256597134958532,1.256597134958532
E02000072,Bexley 008,E09000004,Bexley,5.602484490550267,14657,36,2,0,0,2616.1607452411554,6.425720599623497,0.35698447775686093,1.3645357167223853,0.0,0.0
E02000073,Bexley 009,E09000004,Bexley,1.60019284812593,10850,31,5,0,3,6780.432753906509,19.372665011161455,3.124623388897009,4.608294930875576,0.0,2.7649769585253456
E02000074,Bexley 010,E09000004,Bexley,1.1287455312034413,9134,14,2,0,0,8092.169357482681,12.403149880091695,1.7718785542988136,2.189621195533173,0.0,0.0
E02000075,Bexley 011,E09000004,Bexley,1.5353233646991764,8079,23,3,1,2,5262.083666383179,14.98055753519162,1.9539857654597765,3.713330857779428,1.2377769525931428,2.4755539051862856
E02000077,Bexley 013,E09000004,Bexley,1.1174177633044886,8463,15,4,1,1,7573.711710983326,13.423806648322095,3.579681772885892,4.726456339359565,1.1816140848398913,1.1816140848398913
E02000078,Bexley 014,E09000004,Bexley,1.4878685327930923,8178,21,4,1,1,5496.453362480823,14.11415023380989,2.6884095683447407,4.8911714355588165,1.2227928588897041,1.2227928588897041
E02000079,Bexley 015,E09000004,Bexley,1.6479164763961598,9854,31,19,2,7,5979.67199256954,18.81163301904361,11.529710560058987,19.28151004668155,2.029632636492795,7.103714227724781
E02000080,Bexley 016,E09000004,Bexley,1.691864430904955,10516,32,8,1,1,6215.628042002831,18.91404501180017,4.728511252950042,7.607455306200077,0.9509319132750096,0.9509319132750096
E02000081,Bexley 017,E09000004,Bexley,2.2057556922345443,8557,31,0,0,0,3879.3960863958227,14.054140315329029,0.0,0.0,0.0,0.0
E02000082,Bexley 018,E09000004,Bexley,1.4973410460998349,9409,24,2,0,0,6283.805566212106,16.0284125400245,1.335701045002042,2.125624402168137,0.0,0.0
E02000083,Bexley 019,E09000004,Bexley,3.7441665244860842,11777,38,4,1,3,3145.4263380062894,10.149121240064447,1.0683285515857313,3.3964507090090854,0.8491126772522714,2.547338031756814
E02000084,Bexley 020,E09000004,Bexley,2.593843003465763,11419,38,0,0,0,4402.348170163925,14.650077105370798,0.0,0.0,0.0,0.0
E02000085,Bexley 021,E09000004,Bexley,1.6234410111580737,8007,24,4,1,1,4932.116378092633,14.783413647336479,2.4639022745560797,4.9956288247783185,1.2489072061945796,1.2489072061945796
E02000086,Bexley 022,E09000004,Bexley,1.4884730456507742,7116,12,2,1,1,4780.738234254567,8.061953177495054,1.3436588629158424,2.810567734682406,1.405283867341203,1.405283867341203
E02000087,Bexley 023,E09000004,Bexley,3.7163512075693004,8214,33,4,2,3,2210.2324406988464,8.879677446196972,1.0763245389329663,4.869734599464329,2.4348672997321645,3.652300949598247
E02000088,Bexley 024,E09000004,Bexley,1.998930317125451,7736,25,0,0,0,3870.06987373362,12.50668909557142,0.0,0.0,0.0,0.0
E02000089,Bexley 025,E09000004,Bexley,1.3677525563899204,8075,12,3,1,2,5903.8456643892905,8.773516776801422,2.1933791942003555,3.7151702786377707,1.238390092879257,2.476780185758514
E02000090,Bexley 026,E09000004,Bexley,1.8097902359793683,9942,45,8,2,3,5493.4543254510845,24.864760072953008,4.420401790747202,8.046670690002012,2.011667672500503,3.0175015087507546
E02000091,Bexley 027,E09000004,Bexley,2.733594797194155,10321,29,1,0,1,3775.6144438794618,10.608741291784167,0.3658186652339368,0.9688983625617673,0.0,0.9688983625617673
E02000092,Bexley 028,E09000004,Bexley,5.991859746968996,7065,30,1,0,0,1179.0996949776497,5.00679275999002,0.16689309199966731,1.4154281670205238,0.0,0.0
E02000093,Brent 001,E09000005,Brent,1.3774308805731745,12230,18,4,0,1,8878.848421715993,13.067806344308083,2.9039569654017963,3.2706459525756335,0.0,0.8176614881439084
E02000094,Brent 002,E09000005,Brent,1.1634633860772552,10616,20,12,0,2,9124.481377787926,17.190055346247036,10.314033207748222,11.303692539562924,0.0,1.8839487565938207
E02000095,Brent 003,E09000005,Brent,1.5488260469729578,10466,28,10,2,2,6757.37602712381,18.07820836608701,6.456502987888219,9.554748710108925,1.9109497420217847,1.9109497420217847
E02000096,Brent 004,E09000005,Brent,1.6355023200059238,7844,12,4,0,0,4796.080020217635,7.337195339445643,2.445731779815214,5.099439061703213,0.0,0.0
E02000097,Brent 005,E09000005,Brent,1.8713255500346806,9622,11,1,0,0,5141.809772127399,5.878186187216939,0.5343805624742671,1.0392849719393058,0.0,0.0
E02000098,Brent 006,E09000005,Brent,1.8386097587960113,8717,19,3,0,1,4741.08219990533,10.333894894826345,1.6316676149725808,3.4415509923138696,0.0,1.1471836641046231
E02000099,Brent 007,E09000005,Brent,1.2871418701523605,9735,21,4,2,2,7563.268840634993,16.315217838041587,3.10766054057935,4.108885464817669,2.0544427324088343,2.0544427324088343
E02000100,Brent 008,E09000005,Brent,2.078546156436237,8342,32,3,0,0,4013.3821297010513,15.395376186817748,1.4433165175141638,3.596259889714697,0.0,0.0
E02000101,Brent 009,E09000005,Brent,1.4039118543457574,9825,22,4,0,0,6998.3026139334,15.670499491759266,2.849181725774412,4.071246819338422,0.0,0.0
E02000102,Brent 010,E09000005,Brent,1.3593775408033302,8325,9,0,0,0,6124.126484449864,6.62067728048634,0.0,0.0,0.0,0.0
E02000103,Brent 011,E09000005,Brent,1.771940319263671,10238,29,4,0,1,5777.846967359712,16.366239700471933,2.2574123724788873,3.907013088493846,0.0,0.9767532721234615
E02000104,Brent 012,E09000005,Brent,1.1078884331002592,7630,27,1,0,0,6886.975052757426,24.370684983545285,0.902617962353529,1.310615989515072,0.0,0.0
E02000105,Brent 013,E09000005,Brent,1.3697866190903645,10278,25,8,2,2,7503.358447774385,18.251017823930688,5.840325703657821,7.783615489394824,1.945903872348706,1.945903872348706
E02000106,Brent 014,E09000005,Brent,1.340986835900634,10705,31,7,1,2,7982.926985864335,23.117303742344173,5.220036328916426,6.539000467071462,0.9341429238673516,1.8682858477347033
E02000107,Brent 015,E09000005,Brent,0.9546533046321222,11078,19,6,1,2,11604.212698209778,19.90251320328451,6.285004169458266,5.416140097490522,0.9026900162484203,1.8053800324968405
E02000108,Brent 016,E09000005,Brent,0.8129798778133907,7585,9,0,0,0,9329.874215830274,11.070384699073495,0.0,0.0,0.0,0.0
E02000110,Brent 018,E09000005,Brent,0.7991317960836258,8053,14,0,0,0,10077.186315781742,17.519012594181596,0.0,0.0,0.0,0.0
E02000111,Brent 019,E09000005,Brent,1.127825785507705,11415,21,9,0,2,10121.244031374397,18.619897035379967,7.979955872305701,7.884362680683311,0.0,1.7520805957074026
E02000112,Brent 020,E09000005,Brent,1.2687895994079672,12855,31,8,1,3,10131.703480228953,24.432734958156168,6.305221924685463,6.223259432127576,0.777907429015947,2.3337222870478413
E02000113,Brent 021,E09000005,Brent,1.483450206911394,9668,31,2,0,0,6517.2393080379725,20.897229887171818,1.3482083798175366,2.068680182043856,0.0,0.0
E02000114,Brent 022,E09000005,Brent,0.6133535614171027,8906,17,10,1,2,14520.173290301638,27.716477199093625,16.303810117113898,11.228385358185493,1.1228385358185493,2.2456770716370986
E02000115,Brent 023,E09000005,Brent,0.8487824089110606,8555,19,3,1,1,10079.1438538124,22.38500680566167,3.534474758788685,3.5067212156633545,1.168907071887785,1.168907071887785
E02000116,Brent 024,E09000005,Brent,1.096324732505756,8719,25,7,1,2,7952.9356051941695,22.803462567938322,6.3849695190227305,8.02844362885652,1.1469205184080744,2.293841036816149
E02000117,Brent 025,E09000005,Brent,0.8900069141978508,12966,18,9,1,2,14568.426147212633,20.224561981322488,10.112280990661244,6.941230911614993,0.7712478790683326,1.5424957581366652
E02000118,Brent 026,E09000005,Brent,1.2338217841565542,11845,18,7,2,3,9600.251958671075,14.58881682195689,5.6734287640943455,5.90966652596032,1.6884761502743775,2.5327142254115658
E02000119,Brent 027,E09000005,Brent,2.5713379094125757,12231,52,3,2,2,4756.667707977044,20.222935231363444,1.1667078018094295,2.452783909737552,1.6351892731583682,1.6351892731583682
E02000120,Brent 028,E09000005,Brent,0.5061581040121904,8689,13,6,2,3,17166.572916889883,25.68367452175952,11.85400362542747,6.9052825411439755,2.301760847047992,3.4526412705719878
E02000121,Brent 029,E09000005,Brent,1.3954798545494298,13013,22,6,0,2,9325.10774525055,15.765186382503044,4.299596286137194,4.610773841543073,0.0,1.5369246138476906
E02000122,Brent 030,E09000005,Brent,1.2026509392513274,7948,17,2,0,2,6608.733873311385,14.135439839745036,1.6629929223229454,2.5163563160543534,0.0,2.5163563160543534
E02000123,Brent 031,E09000005,Brent,1.034985452237651,14102,30,12,1,4,13625.31228773439,28.985914666858015,11.594365866743205,8.509431286342362,0.7091192738618636,2.8364770954474543
E02000124,Brent 032,E09000005,Brent,1.0964699460700278,9428,30,9,2,6,8598.502889925872,27.360531045585084,8.208159313675525,9.546033092914723,2.1213406873143827,6.364022061943148
E02000125,Brent 033,E09000005,Brent,0.7658122564896038,9633,17,4,0,0,12578.801029062364,22.19865228838993,5.2232123031505715,4.152392816360427,0.0,0.0
E02000126,Brent 034,E09000005,Brent,0.4378328527746977,7755,18,1,0,0,17712.23870217571,41.111579192670895,2.2839766218150497,1.2894906511927788,0.0,0.0
E02000127,Bromley 001,E09000006,Bromley,2.2253604517210457,9609,20,3,1,1,4317.952173801151,8.987308094080863,1.3480962141121295,3.1220730565095223,1.0406910188365075,1.0406910188365075
E02000128,Bromley 002,E09000006,Bromley,2.5370419527982775,7790,23,5,1,3,3070.504999496707,9.065675865009533,1.970799101089029,6.418485237483953,1.2836970474967908,3.851091142490372
E02000130,Bromley 004,E09000006,Bromley,1.4862439747660248,8504,26,6,1,4,5721.806207045354,17.493763097739794,4.037022253324568,7.055503292568203,1.175917215428034,4.703668861712136
E02000131,Bromley 005,E09000006,Bromley,1.7665848128681236,10669,41,4,2,4,6039.336420354727,23.208622479571076,2.264255851665471,3.7491798669041145,1.8745899334520573,3.7491798669041145
E02000132,Bromley 006,E09000006,Bromley,1.737295081327467,10409,52,10,0,7,5991.497997016421,29.931587649616095,5.756074548003095,9.607070804111826,0.0,6.724949562878279
E02000133,Bromley 007,E09000006,Bromley,5.976795861923995,10880,33,6,1,4,1820.3733658217348,5.521353039716659,1.0038823708575744,5.514705882352941,0.9191176470588235,3.676470588235294
E02000134,Bromley 008,E09000006,Bromley,1.9349937999239046,12165,37,10,2,5,6286.841849559621,19.121508297057623,5.167975215420979,8.220304151253597,1.6440608302507191,4.110152075626798
E02000135,Bromley 009,E09000006,Bromley,1.1569667345632308,10024,22,1,0,1,8664.034756180075,19.015239887865288,0.8643290858120586,0.9976057462090983,0.0,0.9976057462090983
E02000136,Bromley 010,E09000006,Bromley,4.558928368680558,5794,37,2,0,1,1270.9127083031785,8.115942389923648,0.43869958864452147,3.4518467380048325,0.0,1.7259233690024163
E02000137,Bromley 011,E09000006,Bromley,1.8612379150550595,8406,40,1,0,1,4516.349001922912,21.491073052214666,0.5372768263053667,1.1896264572924102,0.0,1.1896264572924102
E02000138,Bromley 012,E09000006,Bromley,2.084769516699077,8564,29,3,1,1,4107.888153295633,13.910410607843689,1.4390079939148643,3.503035964502569,1.1676786548341895,1.1676786548341895
E02000139,Bromley 013,E09000006,Bromley,1.5361754412086492,7844,31,2,0,1,5106.18760694964,20.17998671792948,1.3019346269631922,2.5497195308516063,0.0,1.2748597654258031
E02000140,Bromley 014,E09000006,Bromley,1.8870415741553368,8881,29,3,1,2,4706.308605826687,15.367970900683924,1.589790093174199,3.377997973201216,1.1259993244004054,2.251998648800811
E02000141,Bromley 015,E09000006,Bromley,0.9330662160919501,7395,28,0,0,0,7925.482535390876,30.008588369296085,0.0,0.0,0.0,0.0
E02000142,Bromley 016,E09000006,Bromley,1.7796400901438445,8891,20,1,0,0,4995.953984876436,11.238227386967576,0.5619113693483788,1.1247328759419637,0.0,0.0
E02000144,Bromley 018,E09000006,Bromley,1.98498887429937,10598,43,9,4,6,5339.072746057942,21.66258993022188,4.5340304505115565,8.492168333647857,3.774297037176826,5.661445555765239
E02000145,Bromley 019,E09000006,Bromley,11.280453774774113,9103,39,7,1,4,806.9710830566552,3.457307727036093,0.6205424125449397,7.689772602438756,1.0985389432055366,4.394155772822146
E02000146,Bromley 020,E09000006,Bromley,1.8036548044125613,9836,21,2,0,1,5453.371662879539,11.643026120421952,1.1088596305163765,2.03334688897926,0.0,1.01667344448963
E02000147,Bromley 021,E09000006,Bromley,2.2504898937889135,8274,41,0,0,0,3676.532839732035,18.218255551004766,0.0,0.0,0.0,0.0
E02000148,Bromley 022,E09000006,Bromley,2.806801204026763,6871,35,4,0,1,2447.9824186132437,12.469711053916974,1.4251098347333684,5.821568912822005,0.0,1.4553922282055012
E02000149,Bromley 023,E09000006,Bromley,1.8789660885313528,8381,48,1,0,1,4460.431750820368,25.54596397081227,0.5322075827252557,1.1931750387781888,0.0,1.1931750387781888
E02000150,Bromley 024,E09000006,Bromley,3.076756232275474,9046,32,4,0,1,2940.1094259943557,10.400563965489651,1.3000704956862064,4.421843908910016,0.0,1.105460977227504
E02000151,Bromley 025,E09000006,Bromley,2.1016169051800926,7556,22,2,0,0,3595.326998643698,10.468130488374982,0.9516482262159074,2.6469031233456857,0.0,0.0
E02000152,Bromley 026,E09000006,Bromley,2.572930703451636,8032,31,1,0,0,3121.731956956679,12.04851726415053,0.3886618472306622,1.245019920318725,0.0,0.0
E02000153,Bromley 027,E09000006,Bromley,2.2478664675206064,8156,23,1,0,0,3628.3294038351205,10.231924508117677,0.4448662829616381,1.2260912211868564,0.0,0.0
E02000154,Bromley 028,E09000006,Bromley,2.0860075661649073,8859,33,8,2,6,4246.868584607838,15.819693339209689,3.835077173141743,9.030364600970763,2.257591150242691,6.7727734507280735
E02000155,Bromley 029,E09000006,Bromley,1.8179753753396029,7230,35,1,0,1,3976.9515572505575,19.252185961793845,0.5500624560512527,1.3831258644536653,0.0,1.3831258644536653
E02000156,Bromley 030,E09000006,Bromley,3.843173193116401,12252,31,9,0,4,3187.9905964021737,8.066251100919636,2.341814835750862,7.345739471106758,0.0,3.26477309826967
E02000157,Bromley 031,E09000006,Bromley,2.4476990492204704,8387,31,2,0,1,3426.483334489608,12.66495568965993,0.817093915461931,2.384642899725766,0.0,1.192321449862883
E02000158,Bromley 032,E09000006,Bromley,2.1599657198200752,7931,28,1,0,1,3671.817532669292,12.963168694331127,0.462970310511826,1.2608750472828143,0.0,1.2608750472828143
E02000159,Bromley 033,E09000006,Bromley,5.886316982413352,7184,43,7,0,2,1220.4575495107988,7.305077203363634,1.1891986145010567,9.743875278396438,0.0,2.7839643652561246
E02000160,Bromley 034,E09000006,Bromley,8.459552115715736,8341,44,5,1,2,985.9860056307832,5.201220986423026,0.5910478393662529,5.994485073732166,1.1988970147464333,2.3977940294928666
E02000161,Bromley 035,E09000006,Bromley,1.7187871098333913,8782,39,1,1,1,5109.4169544076185,22.69041917807984,0.5818056199507651,1.1386927806877705,1.1386927806877705,1.1386927806877705
E02000162,Bromley 036,E09000006,Bromley,12.76053171120581,7045,64,2,0,1,552.092981659483,5.01546498597685,0.15673328081177657,2.8388928317956,0.0,1.4194464158978
E02000163,Bromley 037,E09000006,Bromley,11.30683706002484,7645,57,5,1,2,676.1395746144417,5.041197613214281,0.4422103169486211,6.540222367560498,1.3080444735120993,2.6160889470241986
E02000165,Bromley 039,E09000006,Bromley,5.661892435706223,7137,27,1,0,0,1260.5326012538037,4.768723586079964,0.1766193920770357,1.4011489421325487,0.0,0.0
E02000166,Camden 001,E09000007,Camden,3.0239896585229635,7729,28,13,2,9,2555.894984037462,9.259290924187985,4.2989565005158505,16.819769698537975,2.5876568766981496,11.644455945141674
E02000167,Camden 002,E09000007,Camden,2.081419813385486,7189,23,24,4,20,3453.89236412951,11.050149447068957,11.530590727376303,33.384337181805535,5.564056196967589,27.820280984837947
E02000168,Camden 003,E09000007,Camden,0.6805794874286688,7664,28,12,2,7,11260.991760059856,41.14141039687839,17.632033027233597,15.657620041753654,2.609603340292275,9.133611691022963
E02000169,Camden 004,E09000007,Camden,1.1224020558249685,7207,8,0,0,0,6421.050248970575,7.127570694014792,0.0,0.0,0.0,0.0
E02000170,Camden 005,E09000007,Camden,0.77136035466646,7976,18,1,0,1,10340.173631880343,23.335396862317726,1.2964109367954293,1.2537612838515546,0.0,1.2537612838515546
E02000171,Camden 006,E09000007,Camden,0.521550268965199,7337,14,2,0,1,14067.675613622529,26.843050100956166,3.834721442993738,2.725909772386534,0.0,1.362954886193267
E02000172,Camden 007,E09000007,Camden,0.6687852104859162,9491,9,9,1,4,14191.40233843414,13.457235385724083,13.457235385724083,9.482667790538404,1.0536297545042672,4.214519018017069
E02000173,Camden 008,E09000007,Camden,0.7787137966300649,7818,25,5,0,3,10039.63206229671,32.104221227605244,6.420844245521048,6.3954975697109235,0.0,3.837298541826554
E02000174,Camden 009,E09000007,Camden,0.5458352021895843,8270,10,7,0,2,15151.093162964582,18.320547960053908,12.824383572037735,8.464328899637243,0.0,2.418379685610641
E02000175,Camden 010,E09000007,Camden,0.6912715552654496,9346,34,15,3,9,13520.012401510023,49.1847230527863,21.699142523288074,16.04964690776803,3.2099293815536054,9.629788144660818
E02000176,Camden 011,E09000007,Camden,0.39756796599965405,5873,11,4,1,3,14772.316942671157,27.668225160800738,10.061172785745722,6.8108292184573465,1.7027073046143366,5.10812191384301
E02000177,Camden 012,E09000007,Camden,0.5239287364476681,8595,24,5,0,3,16404.90280849197,45.80775653331091,9.54328261110644,5.817335660267597,0.0,3.4904013961605584
E02000178,Camden 013,E09000007,Camden,0.5617758752799756,9123,11,1,0,1,16239.572401455145,19.580762514086,1.7800693194623638,1.0961306587745259,0.0,1.0961306587745259
E02000179,Camden 014,E09000007,Camden,0.38286824094779015,5912,12,2,1,2,15441.343438058082,31.34237504341965,5.223729173903275,3.3829499323410017,1.6914749661705009,3.3829499323410017
E02000180,Camden 015,E09000007,Camden,0.48552118339171074,7966,18,3,0,1,16407.111105537817,37.07356262863177,6.178927104771962,3.766005523474768,0.0,1.2553351744915893
E02000181,Camden 016,E09000007,Camden,0.5405971607375384,8080,8,0,0,0,14946.434400388694,14.798449901374944,0.0,0.0,0.0,0.0
E02000182,Camden 017,E09000007,Camden,0.7978631253380747,7472,24,5,1,1,9365.014828619791,30.080347415266992,6.266739044847291,6.691648822269807,1.3383297644539616,1.3383297644539616
E02000183,Camden 018,E09000007,Camden,0.771957647521532,7500,11,15,6,13,9715.558909325793,14.249486400344496,19.431117818651586,20.0,8.0,17.333333333333332
E02000184,Camden 019,E09000007,Camden,0.6646947662454761,9580,25,6,2,4,14412.630407957875,37.61124845500489,9.026699629201174,6.263048016701461,2.0876826722338206,4.175365344467641
E02000185,Camden 020,E09000007,Camden,0.47237981790070255,8769,20,6,2,3,18563.451840449507,42.33881135921886,12.701643407765657,6.842285323297982,2.2807617744326603,3.421142661648991
E02000186,Camden 021,E09000007,Camden,1.0033656791202348,6574,42,24,4,15,6551.948244596303,41.85911564847045,23.919494656268828,36.507453605111046,6.08457560085184,22.817158503194403
E02000187,Camden 022,E09000007,Camden,0.9682205514796367,10540,44,30,10,26,10885.949470802649,45.44419133921409,30.984675913100517,28.46299810246679,9.487666034155598,24.667931688804554
E02000188,Camden 023,E09000007,Camden,0.5076104950244332,7570,25,13,2,9,14913.009234837878,49.250360749134344,25.61018758954986,17.17305151915456,2.642007926023778,11.889035667107
E02000191,Camden 026,E09000007,Camden,0.6419675623583614,6339,29,25,7,18,9874.330685358556,45.173622002744615,38.942777588572945,39.43839722353683,11.042751222590313,28.39564600094652
E02000192,Camden 027,E09000007,Camden,0.4318284388345104,7116,16,16,3,12,16478.76647310638,37.05175148534319,37.05175148534319,22.484541877459247,4.2158516020236085,16.863406408094434
E02000193,Camden 028,E09000007,Camden,1.0896478575522444,7167,66,50,12,46,6577.354280400052,60.57002686010931,45.88638398493129,69.76419701409236,16.74340728338217,64.18306125296498
E02000194,Croydon 001,E09000008,Croydon,1.3918641471210431,9789,32,7,2,5,7033.013976434226,22.990749539881012,5.029226461848972,7.15088364490755,2.0431096128307282,5.107774032076821
E02000195,Croydon 002,E09000008,Croydon,1.9369400058865,10044,20,1,0,0,5185.498760661436,10.32556503516813,0.5162782517584066,0.9956192751891676,0.0,0.0
E02000196,Croydon 003,E09000008,Croydon,1.225951050501245,8280,16,3,0,0,6753.940132124053,13.051092042751794,2.447079758015961,3.6231884057971016,0.0,0.0
E02000197,Croydon 004,E09000008,Croydon,0.9927408460241698,9287,13,3,1,1,9354.908722848999,13.095059049966295,3.0219367038383758,3.230321955421557,1.076773985140519,1.076773985140519
E02000198,Croydon 005,E09000008,Croydon,0.8921214780289843,9312,20,1,0,1,10438.040367073709,22.418471578766557,1.1209235789383278,1.0738831615120275,0.0,1.0738831615120275
E02000199,Croydon 006,E09000008,Croydon,0.8629357813620586,8551,5,1,1,1,9909.196239960167,5.794173921155518,1.1588347842311035,1.169453865045024,1.169453865045024,1.169453865045024
E02000200,Croydon 007,E09000008,Croydon,1.2474537404227874,9432,29,4,0,3,7561.001818635217,23.247355040333048,3.20653172970111,4.2408821034775235,0.0,3.180661577608143
E02000201,Croydon 008,E09000008,Croydon,0.8588453627320835,8765,15,1,0,0,10205.562468332544,17.465309415286725,1.164353961019115,1.1409013120365088,0.0,0.0
E02000202,Croydon 009,E09000008,Croydon,0.7350002639761529,9425,9,1,0,1,12823.12464625971,12.24489356141511,1.360543729046123,1.0610079575596818,0.0,1.0610079575596818
E02000203,Croydon 010,E09000008,Croydon,0.7738206523228716,8293,24,4,0,0,10716.953566832177,31.014938575180544,5.169156429196757,4.8233449897503915,0.0,0.0
E02000204,Croydon 011,E09000008,Croydon,1.0867101101681804,10394,18,7,0,2,9564.648292810503,16.563754980814803,6.441460270316867,6.734654608427939,0.0,1.9241870309794111
E02000206,Croydon 013,E09000008,Croydon,1.4609643048836063,11433,20,2,0,0,7825.653208488798,13.689588399350647,1.3689588399350647,1.7493221376716521,0.0,0.0
E02000207,Croydon 014,E09000008,Croydon,1.241093986234104,8943,29,0,0,0,7205.739532375035,23.366481766619255,0.0,0.0,0.0,0.0
E02000208,Croydon 015,E09000008,Croydon,0.8756940738907915,11699,11,0,0,0,13359.688444641675,12.561464474831903,0.0,0.0,0.0,0.0
E02000209,Croydon 016,E09000008,Croydon,1.0027721318309644,9440,26,3,0,0,9413.903418679454,25.92812382263409,2.991706594919318,3.1779661016949152,0.0,0.0
E02000210,Croydon 017,E09000008,Croydon,0.7748191226884947,8928,10,3,0,1,11522.689281365838,12.906237994361376,3.871871398308413,3.360215053763441,0.0,1.1200716845878136
E02000211,Croydon 018,E09000008,Croydon,1.6783238238329183,8449,20,1,0,0,5034.189397791162,11.916651432811367,0.5958325716405684,1.1835720203574387,0.0,0.0
E02000212,Croydon 019,E09000008,Croydon,1.241332683908372,10176,25,3,0,0,8197.641238254171,20.13964533769205,2.4167574405230456,2.94811320754717,0.0,0.0
E02000213,Croydon 020,E09000008,Croydon,1.0306436323153594,13937,43,7,1,2,13522.617870049107,41.7215016439773,6.791872360647467,5.022601707684581,0.7175145296692258,1.4350290593384516
E02000214,Croydon 021,E09000008,Croydon,1.0308652527061501,6297,19,4,0,2,6108.460813350327,18.431118858767064,3.880235549214119,6.352231221216452,0.0,3.176115610608226
E02000215,Croydon 022,E09000008,Croydon,0.986341848213725,12356,30,4,0,1,12527.096992160315,30.415418401166193,4.055389120155493,3.237293622531564,0.0,0.809323405632891
E02000216,Croydon 023,E09000008,Croydon,2.1867039848311376,7437,22,0,0,0,3401.00903075562,10.060803909724841,0.0,0.0,0.0,0.0
E02000217,Croydon 024,E09000008,Croydon,1.4314220289072934,12736,34,9,0,1,8897.44585649719,23.75260357419162,6.287453887286017,7.066582914572865,0.0,0.785175879396985
E02000218,Croydon 025,E09000008,Croydon,1.1381672761406272,6538,21,3,0,0,5744.322593924403,18.4507149697786,2.6358164242540854,4.588559192413582,0.0,0.0
E02000219,Croydon 026,E09000008,Croydon,5.709116909572946,7846,47,1,0,0,1374.2931042179162,8.232446584022695,0.17515843795792968,1.2745347947998982,0.0,0.0
E02000221,Croydon 028,E09000008,Croydon,2.8055295203074864,11392,43,4,1,1,4060.5525329676216,15.326874904986633,1.4257558051150356,3.5112359550561796,0.8778089887640449,0.8778089887640449
E02000222,Croydon 029,E09000008,Croydon,1.8612908920763855,8597,20,3,0,1,4618.837408272875,10.745230681104745,1.6117846021657118,3.489589391648249,0.0,1.1631964638827499
E02000223,Croydon 030,E09000008,Croydon,0.9620452492729442,8449,20,1,0,0,8782.33119116304,20.789042942745983,1.039452147137299,1.1835720203574387,0.0,0.0
E02000224,Croydon 031,E09000008,Croydon,1.2807909545955223,8531,21,2,0,0,6660.727864598416,16.396118292880875,1.5615350755124642,2.34439104442621,0.0,0.0
E02000225,Croydon 032,E09000008,Croydon,1.6310532525715453,7659,36,2,0,0,4695.738773657264,22.07162760825976,1.226201533792209,2.6113069591330462,0.0,0.0
E02000226,Croydon 033,E09000008,Croydon,3.2812728742046087,7703,32,1,0,0,2347.5645870711783,9.752312967191704,0.30475978022474076,1.2981955082435417,0.0,0.0
E02000227,Croydon 034,E09000008,Croydon,4.599827724271031,11911,57,1,0,0,2589.444804019834,12.391768434987034,0.21739944622784269,0.8395600705230459,0.0,0.0
E02000228,Croydon 035,E09000008,Croydon,3.129819459375238,8064,33,3,0,1,2576.5064421989705,10.543739160784478,0.9585217418894979,3.720238095238095,0.0,1.2400793650793651
E02000229,Croydon 036,E09000008,Croydon,1.3200614974618479,6503,30,5,1,1,4926.285640861174,22.726213936004186,3.7877023226673643,7.6887590342918655,1.537751806858373,1.537751806858373
E02000230,Croydon 037,E09000008,Croydon,2.6146909449031215,11600,43,5,0,2,4436.470789257963,16.44553827052521,1.9122718919215358,4.310344827586206,0.0,1.7241379310344827
E02000231,Croydon 038,E09000008,Croydon,3.362705754746018,8381,41,0,0,0,2492.3381976467367,12.192562475064575,0.0,0.0,0.0,0.0
E02000232,Croydon 039,E09000008,Croydon,4.371246414901987,6402,21,0,0,0,1464.570832285955,4.804121755389731,0.0,0.0,0.0,0.0
E02000233,Croydon 040,E09000008,Croydon,1.5866363709458178,6552,21,0,0,0,4129.490612958944,13.235546836406872,0.0,0.0,0.0,0.0
E02000234,Croydon 041,E09000008,Croydon,3.1104825581149083,10082,63,2,0,0,3241.297712374939,20.254092033289144,0.6429870486758459,1.9837333862328903,0.0,0.0
E02000235,Croydon 042,E09000008,Croydon,5.395642501838642,7133,30,0,0,0,1321.9927001407762,5.56004219882564,0.0,0.0,0.0,0.0
E02000236,Croydon 043,E09000008,Croydon,3.574635260520076,9504,43,2,0,0,2658.7327957530574,12.029199307384413,0.5594976422039262,2.1043771043771042,0.0,0.0
E02000237,Croydon 044,E09000008,Croydon,4.949429682253205,7843,58,4,1,2,1584.6270183657828,11.718521874947774,0.8081739224101914,5.1000892515619025,1.2750223128904756,2.5500446257809513
E02000238,Ealing 001,E09000009,Ealing,1.5243511731319708,11724,23,3,1,2,7691.141127219111,15.08838672177069,1.96805044197009,2.5588536335721597,0.8529512111907199,1.7059024223814399
E02000239,Ealing 002,E09000009,Ealing,2.35498327790869,9701,16,4,1,2,4119.349844647236,6.7941034444238495,1.6985258611059624,4.123286259148541,1.0308215647871353,2.0616431295742705
E02000240,Ealing 003,E09000009,Ealing,1.7274797779233688,11804,28,1,0,1,6833.07564629774,16.20858336973371,0.5788779774904896,0.8471704506946798,0.0,0.8471704506946798
E02000241,Ealing 004,E09000009,Ealing,1.3047301400267561,7753,32,3,1,1,5942.224956833609,24.52614454000716,2.299326050625671,3.8694698826260803,1.2898232942086933,1.2898232942086933
E02000242,Ealing 005,E09000009,Ealing,0.8884766212815955,7394,10,1,0,0,8322.109803333284,11.25522018303122,1.125522018303122,1.352447930754666,0.0,0.0
E02000243,Ealing 006,E09000009,Ealing,2.8461304763760045,9582,26,3,1,1,3366.676292437872,9.13521014437327,1.0540627089661463,3.1308703819661865,1.0436234606553956,1.0436234606553956
E02000244,Ealing 007,E09000009,Ealing,1.7964734988570152,8147,24,1,0,0,4534.995926844137,13.359506842305056,0.5566461184293774,1.2274456855284155,0.0,0.0
E02000245,Ealing 008,E09000009,Ealing,1.6551425283846963,10030,10,0,0,0,6059.901082832172,6.041775755565475,0.0,0.0,0.0,0.0
E02000246,Ealing 009,E09000009,Ealing,2.0571805982828084,9971,17,3,0,1,4846.924965325406,8.263737279162763,1.4583065786757816,3.0087253033798014,0.0,1.0029084344599337
E02000247,Ealing 010,E09000009,Ealing,1.3980928667290082,11700,25,3,0,0,8368.542804580238,17.881501719188545,2.145780206302625,2.5641025641025643,0.0,0.0
E02000248,Ealing 011,E09000009,Ealing,1.7270216467606103,8036,43,2,0,1,4653.09743805076,24.89835612695155,1.1580630756721653,2.4888003982080638,0.0,1.2444001991040319
E02000249,Ealing 012,E09000009,Ealing,1.2787529369771546,8977,24,8,3,3,7020.120728888209,18.76828533956968,6.256095113189892,8.91166313913334,3.341873677175003,3.341873677175003
E02000250,Ealing 013,E09000009,Ealing,0.9976098401649073,6346,11,4,1,2,6361.204295008749,11.026354750251535,4.009583545546013,6.3031831074692715,1.5757957768673179,3.1515915537346357
E02000251,Ealing 014,E09000009,Ealing,0.9449825603714495,8730,9,2,1,1,9238.265726902358,9.523985285466349,2.1164411745480773,2.290950744558992,1.145475372279496,1.145475372279496
E02000252,Ealing 015,E09000009,Ealing,3.1963967148725563,13643,81,14,6,10,4268.243655901755,25.341034679179227,4.379931919858138,10.26167265264238,4.397859708275306,7.329766180458843
E02000253,Ealing 016,E09000009,Ealing,1.1563979729142502,10332,31,1,1,1,8934.640359116354,26.807380094135404,0.864754196585013,0.9678668215253581,0.9678668215253581,0.9678668215253581
E02000254,Ealing 017,E09000009,Ealing,1.0411058396203545,9800,16,1,0,0,9413.067938965387,15.368274186065939,0.9605171366291212,1.0204081632653061,0.0,0.0
E02000255,Ealing 018,E09000009,Ealing,1.548421815455034,10114,27,0,0,0,6531.811873903239,17.43710901674782,0.0,0.0,0.0,0.0
E02000256,Ealing 019,E09000009,Ealing,1.0963866765710144,9578,27,1,0,1,8735.96898309227,24.626348146115195,0.9120869683746369,1.044059302568386,0.0,1.044059302568386
E02000258,Ealing 021,E09000009,Ealing,1.032639403712521,7014,22,1,0,0,6792.303271387312,21.304629593744064,0.9683922542610939,1.4257199885942402,0.0,0.0
E02000259,Ealing 022,E09000009,Ealing,1.2779841290094802,6609,17,4,2,3,5171.425724294713,13.302199623696495,3.129929323222705,6.052352852171282,3.026176426085641,4.5392646391284615
E02000260,Ealing 023,E09000009,Ealing,1.085999050387005,10584,26,8,2,3,9745.864875506384,23.941089074373206,7.366488945960986,7.558578987150416,1.889644746787604,2.834467120181406
E02000261,Ealing 024,E09000009,Ealing,1.3045942362115923,13236,29,7,1,1,10145.683334027279,22.229133929192436,5.365653017391278,5.288606829857963,0.7555152614082804,0.7555152614082804
E02000262,Ealing 025,E09000009,Ealing,0.7072538971019141,9805,12,11,2,7,13863.479636065003,16.96703270094646,15.553113309200922,11.218765935747067,2.039775624681285,7.139214686384498
E02000263,Ealing 026,E09000009,Ealing,1.2353847377412859,15126,6,5,1,2,12243.958936756499,4.856786567535303,4.047322139612752,3.3055665741108022,0.6611133148221605,1.322226629644321
E02000264,Ealing 027,E09000009,Ealing,1.4367375328140204,8745,25,3,1,1,6086.706722884787,17.400533798984526,2.088064055878143,3.4305317324185247,1.1435105774728416,1.1435105774728416
E02000265,Ealing 028,E09000009,Ealing,1.0137239111063472,11776,18,18,5,10,11616.5751552097,17.756313926101786,17.756313926101786,15.285326086956523,4.2459239130434785,8.491847826086957
E02000266,Ealing 029,E09000009,Ealing,3.86794318107179,14308,43,2,1,1,3699.123624674165,11.117019559756018,0.5170706771979543,1.397819401733296,0.698909700866648,0.698909700866648
E02000267,Ealing 030,E09000009,Ealing,0.7534688785792538,8647,11,7,0,1,11476.253692527876,14.599143126842447,9.290363807990648,8.095293165259628,0.0,1.156470452179947
E02000268,Ealing 031,E09000009,Ealing,1.32596458620656,9305,9,3,1,2,7017.532818595547,6.787511592408374,2.2625038641361246,3.22407307898979,1.07469102632993,2.14938205265986
E02000269,Ealing 032,E09000009,Ealing,0.885304119584308,8362,17,7,1,5,9445.34179274615,19.20244086064154,7.90688741320534,8.371203061468549,1.195886151638364,5.979430758191819
E02000270,Ealing 033,E09000009,Ealing,0.7964563600360375,10299,30,1,0,0,12931.02863731793,37.666847181234864,1.2555615727078289,0.9709680551509856,0.0,0.0
E02000271,Ealing 034,E09000009,Ealing,0.747663719318976,6887,10,1,0,0,9211.360431228572,13.374996996121055,1.3374996996121056,1.4520110352838682,0.0,0.0
E02000272,Ealing 035,E09000009,Ealing,1.1988378501636345,6608,8,1,0,0,5512.004812909474,6.673129313449726,0.8341411641812158,1.513317191283293,0.0,0.0
E02000275,Ealing 038,E09000009,Ealing,1.1725167099819511,8845,17,2,0,0,7543.602513038943,14.498727272092937,1.705732620246228,2.2611644997173546,0.0,0.0
E02000276,Ealing 039,E09000009,Ealing,0.8412538971418709,6778,9,0,0,0,8057.020624841091,10.698315966888437,0.0,0.0,0.0,0.0
E02000277,Enfield 001,E09000010,Enfield,1.0470183472001844,7738,13,0,0,0,7390.510415306539,12.41621031261114,0.0,0.0,0.0,0.0
E02000278,Enfield 002,E09000010,Enfield,1.3139411956725942,9253,20,4,1,1,7042.1720777720775,15.221381341774727,3.0442762683549454,4.322922295471739,1.0807305738679347,1.0807305738679347
E02000279,Enfield 003,E09000010,Enfield,2.6080367548171677,12190,20,2,0,0,4674.013883234004,7.66860358200821,0.766860358200821,1.6406890894175554,0.0,0.0
E02000280,Enfield 004,E09000010,Enfield,15.564802720814223,8610,40,4,1,1,553.1711615262667,2.5699008665564076,0.25699008665564077,4.645760743321719,1.1614401858304297,1.1614401858304297
E02000281,Enfield 005,E09000010,Enfield,1.8974465578481812,9686,18,1,0,0,5104.7551036085615,9.486433188618015,0.5270240660343343,1.0324179227751393,0.0,0.0
E02000282,Enfield 006,E09000010,Enfield,1.2631855114702442,10016,21,6,2,4,7929.159976148079,16.624636531460627,4.749896151845894,5.9904153354632586,1.996805111821086,3.993610223642172
E02000283,Enfield 007,E09000010,Enfield,1.140607603457709,8369,15,0,0,0,7337.317386478655,13.150885505697195,0.0,0.0,0.0,0.0
E02000284,Enfield 008,E09000010,Enfield,1.2825772384450738,8651,39,6,3,4,6745.012885530386,30.40752543471102,4.6780808361093875,6.935614379840481,3.4678071899202405,4.623742919893654
E02000285,Enfield 009,E09000010,Enfield,0.9853015397493062,6571,23,0,0,0,6669.02438990594,23.34310774126261,0.0,0.0,0.0,0.0
E02000286,Enfield 010,E09000010,Enfield,2.051467006907324,8759,23,1,0,0,4269.627525331043,11.21148910636077,0.4874560481026422,1.1416828405069073,0.0,0.0
E02000287,Enfield 011,E09000010,Enfield,8.867374122859882,7437,51,4,1,3,838.6924806553035,5.751420803202969,0.4510918277021936,5.378512841199408,1.344628210299852,4.033884630899556
E02000288,Enfield 012,E09000010,Enfield,2.116449644085357,13204,34,7,2,3,6238.749897452075,16.064639239122275,3.3074257257016453,5.301423810966374,1.514692517418964,2.272038776128446
E02000289,Enfield 013,E09000010,Enfield,3.4012287878721623,6771,27,0,0,0,1990.751114462957,7.9383075011814865,0.0,0.0,0.0,0.0
E02000290,Enfield 014,E09000010,Enfield,4.88355951127882,6756,25,1,0,1,1383.4171539011015,5.119216821718108,0.20476867286872433,1.4801657785671993,0.0,1.4801657785671993
E02000291,Enfield 015,E09000010,Enfield,1.1570776256053887,9950,45,12,1,5,8599.25019705926,38.89108129323284,10.370955011528755,12.06030150753769,1.0050251256281406,5.025125628140704
E02000292,Enfield 016,E09000010,Enfield,1.8787004248254027,9797,30,5,0,0,5214.7749958115255,15.968485237761127,2.661414206293521,5.103603143819537,0.0,0.0
E02000293,Enfield 017,E09000010,Enfield,2.159039273734235,6221,29,1,0,0,2881.374172152168,13.431900175600848,0.463168971572443,1.6074586079408457,0.0,0.0
E02000294,Enfield 018,E09000010,Enfield,1.9561013338762625,9416,14,3,0,1,4813.656550880727,7.157093427392756,1.5336628772984475,3.18606627017842,0.0,1.0620220900594732
E02000295,Enfield 019,E09000010,Enfield,1.6203593587949734,8343,22,1,0,0,5148.857847313889,13.577235124164636,0.6171470510983925,1.198609612849095,0.0,0.0
E02000296,Enfield 020,E09000010,Enfield,1.8021998472999077,10289,44,14,7,11,5709.133765278689,24.414606441079048,7.76828386761606,13.606764505782875,6.803382252891438,10.691029254543686
E02000297,Enfield 021,E09000010,Enfield,1.6201730027318446,9324,29,2,2,2,5754.940974993655,17.899323066797084,1.2344360735722126,2.145002145002145,2.145002145002145,2.145002145002145
E02000298,Enfield 022,E09000010,Enfield,2.0000958714382633,8083,25,6,2,3,4041.306277077377,12.499400832232393,2.999856199735774,7.422986514907832,2.4743288383026103,3.711493257453916
E02000299,Enfield 023,E09000010,Enfield,0.8770664748027014,9684,12,3,0,0,11041.352369760163,13.681973196728828,3.420493299182207,3.097893432465923,0.0,0.0
E02000300,Enfield 024,E09000010,Enfield,0.7773036347880192,8844,9,0,0,0,11377.79318684374,11.578486960831485,0.0,0.0,0.0,0.0
E02000301,Enfield 025,E09000010,Enfield,2.734872711753853,9942,21,2,1,1,3635.2697356888216,7.678602338509883,0.731295460810465,2.011667672500503,1.0058338362502515,1.0058338362502515
E02000302,Enfield 026,E09000010,Enfield,1.5801854852856634,8643,14,4,0,1,5469.611055462601,8.859719400263383,2.5313484000752524,4.628022677311119,0.0,1.1570056693277797
E02000303,Enfield 027,E09000010,Enfield,1.2423275284513438,8288,16,1,1,1,6671.348585772405,12.879051323884953,0.8049407077428096,1.2065637065637065,1.2065637065637065,1.2065637065637065
E02000304,Enfield 028,E09000010,Enfield,1.7205456724454298,7736,16,2,1,2,4496.247977541184,9.299375341346813,1.1624219176683517,2.585315408479835,1.2926577042399174,2.585315408479835
E02000305,Enfield 029,E09000010,Enfield,0.9609916983959165,8701,23,8,1,7,9054.188516429096,23.933609456139433,8.324733723874585,9.194345477531318,1.1492931846914147,8.045052292839904
E02000306,Enfield 030,E09000010,Enfield,2.0888190785968996,8553,25,14,4,9,4094.658119335647,11.96848509100797,6.702351650964464,16.368525663509878,4.676721618145679,10.52262364082778
E02000307,Enfield 031,E09000010,Enfield,1.1059882492632274,9955,14,1,0,1,9000.999790577966,12.658362337327123,0.9041687383805088,1.0045203415369162,0.0,1.0045203415369162
E02000308,Enfield 032,E09000010,Enfield,1.1473803574291686,8861,31,3,0,2,7722.809565830499,27.01806754776498,2.614651698170804,3.385622390249407,0.0,2.257081593499605
E02000309,Enfield 033,E09000010,Enfield,1.6289373764832236,11699,20,7,0,1,7181.982664832351,12.27794284098188,4.297279994343658,5.983417386101376,0.0,0.8547739123001966
E02000311,Enfield 035,E09000010,Enfield,1.4171121419375359,10424,27,5,1,2,7355.804591263938,19.052832306612274,3.528302279002273,4.796623177283193,0.9593246354566385,1.918649270913277
E02000312,Enfield 036,E09000010,Enfield,1.3101982495492792,11125,24,5,2,3,8491.08140987603,18.317838547148288,3.816216363989227,4.49438202247191,1.7977528089887642,2.696629213483146
E02000313,Greenwich 001,E09000011,Greenwich,0.7305545999555022,6412,7,0,0,0,8776.893609855515,9.581761582811698,0.0,0.0,0.0,0.0
E02000314,Greenwich 002,E09000011,Greenwich,4.080744521968504,13462,49,5,0,1,3298.9078163379086,12.007612761889579,1.2252666083560795,3.7141583717129696,0.0,0.742831674342594
E02000315,Greenwich 003,E09000011,Greenwich,1.1930755950506615,10444,27,3,0,0,8753.845978683787,22.63058611877272,2.514509568752524,2.872462657985446,0.0,0.0
E02000317,Greenwich 005,E09000011,Greenwich,0.6526829350517217,7381,17,1,0,0,11308.70688294477,26.046337489508346,1.5321374993828438,1.354829968838911,0.0,0.0
E02000318,Greenwich 006,E09000011,Greenwich,1.1049950831270383,12005,17,6,1,2,10864.301736100862,15.384683841209052,5.429888414544371,4.997917534360683,0.8329862557267805,1.665972511453561
E02000319,Greenwich 007,E09000011,Greenwich,1.081319982534464,10951,31,3,0,1,10127.437000038024,28.66866468826397,2.7743869053158683,2.7394758469546163,0.0,0.9131586156515387
E02000320,Greenwich 008,E09000011,Greenwich,1.4598589143137037,7133,24,0,0,0,4886.08860079695,16.439944822532848,0.0,0.0,0.0,0.0
E02000321,Greenwich 009,E09000011,Greenwich,0.6226311234243115,7963,9,1,0,0,12789.273938324095,14.454786568493892,1.6060873964993212,1.255808112520407,0.0,0.0
E02000323,Greenwich 011,E09000011,Greenwich,0.7615259007348617,13245,18,5,0,1,17392.711117532264,23.636753500610098,6.565764861280583,3.7750094375235936,0.0,0.7550018875047189
E02000324,Greenwich 012,E09000011,Greenwich,1.3036313918156759,8015,12,2,0,2,6148.210337921399,9.20505602683179,1.5341760044719648,2.4953212726138494,0.0,2.4953212726138494
E02000326,Greenwich 014,E09000011,Greenwich,0.7302467221358437,7918,17,2,0,0,10842.910703989519,23.279803229075753,2.738800379891265,2.5258903763576663,0.0,0.0
E02000327,Greenwich 015,E09000011,Greenwich,1.8588692068564097,7190,31,0,0,0,3867.9429265274816,16.676805385584412,0.0,0.0,0.0,0.0
E02000328,Greenwich 016,E09000011,Greenwich,0.8762872217224292,6578,20,1,0,0,7506.671142676588,22.823566867365727,1.1411783433682863,1.5202189115232594,0.0,0.0
E02000329,Greenwich 017,E09000011,Greenwich,1.7628314527378306,6521,17,0,0,0,3699.1624978510113,9.643576516403495,0.0,0.0,0.0,0.0
E02000331,Greenwich 019,E09000011,Greenwich,0.9925708181883952,8430,21,1,0,0,8493.096759973394,21.157180540858988,1.0074847876599518,1.1862396204033214,0.0,0.0
E02000332,Greenwich 020,E09000011,Greenwich,2.016947951610953,7450,22,0,0,0,3693.699678293445,10.907569519792723,0.0,0.0,0.0,0.0
E02000333,Greenwich 021,E09000011,Greenwich,1.2612762248662301,6213,21,6,2,4,4925.962986941219,16.64980246672551,4.757086419064432,9.657170449058425,3.2190568163528086,6.438113632705617
E02000334,Greenwich 022,E09000011,Greenwich,1.3856750837047278,6759,18,0,0,0,4877.766858540316,12.990058211825076,0.0,0.0,0.0,0.0
E02000335,Greenwich 023,E09000011,Greenwich,1.2941033639090498,6677,15,0,0,0,5159.556945923574,11.591037020945576,0.0,0.0,0.0,0.0
E02000337,Greenwich 025,E09000011,Greenwich,1.3972877108381134,8558,25,0,0,0,6124.722871044781,17.891805535886835,0.0,0.0,0.0,0.0
E02000339,Greenwich 027,E09000011,Greenwich,1.2562974855656541,6481,25,5,1,1,5158.8099749176035,19.899745312905427,3.9799490625810856,7.714858818083629,1.5429717636167257,1.5429717636167257
E02000340,Greenwich 028,E09000011,Greenwich,3.262184205372606,7190,42,5,1,2,2204.04475877191,12.874809439279584,1.5327154094380457,6.954102920723226,1.3908205841446455,2.781641168289291
E02000341,Greenwich 029,E09000011,Greenwich,1.791563856309647,7973,31,1,0,0,4450.301881186186,17.30331848949853,0.5581715641773719,1.2542330364981815,0.0,0.0
E02000342,Greenwich 030,E09000011,Greenwich,1.364383569308765,6819,13,1,0,0,4997.861417705797,9.528112396271501,0.7329317227901154,1.4664906877841324,0.0,0.0
E02000343,Greenwich 031,E09000011,Greenwich,1.2569369054513468,7126,12,1,1,1,5669.337871371644,9.547018587771502,0.7955848823142919,1.4033118158854898,1.4033118158854898,1.4033118158854898
E02000344,Greenwich 032,E09000011,Greenwich,1.291809485657612,6381,21,2,0,0,4939.582864846104,16.256267068134804,1.5482159112509337,3.134304967873374,0.0,0.0
E02000345,Hackney 001,E09000012,Hackney,0.6119258796667604,8251,16,4,2,2,13483.659172077,26.146957550991637,6.536739387747909,4.847897224578839,2.4239486122894194,2.4239486122894194
E02000346,Hackney 002,E09000012,Hackney,0.582765208655929,10119,30,2,0,0,17363.768203215386,51.478707984629075,3.4319138656419383,1.9764798893171263,0.0,0.0
E02000347,Hackney 003,E09000012,Hackney,0.6858086572057729,8055,6,3,3,3,11745.258557713341,8.74879594615519,4.374397973077595,3.7243947858473,3.7243947858473,3.7243947858473
E02000348,Hackney 004,E09000012,Hackney,0.5586374444523038,8398,8,4,1,2,15033.005902841905,14.320558135596004,7.160279067798002,4.763038818766373,1.1907597046915932,2.3815194093831864
E02000350,Hackney 006,E09000012,Hackney,0.5664639764119651,10181,11,2,1,1,17972.89929094413,19.418710558922054,3.530674647076737,1.9644435713584127,0.9822217856792064,0.9822217856792064
E02000351,Hackney 007,E09000012,Hackney,0.5225232989833452,9699,11,5,1,3,18561.85172770477,21.051692855423493,9.568951297919769,5.155170636148056,1.0310341272296113,3.093102381688834
E02000352,Hackney 008,E09000012,Hackney,0.762689610442552,6806,13,2,0,1,8923.682592255067,17.044941771865396,2.6222987341331376,2.9385836027034973,0.0,1.4692918013517486
E02000353,Hackney 009,E09000012,Hackney,0.5587588934751369,7841,15,14,4,12,14032.886261968557,26.845210295820475,25.055529609432444,17.854865450835355,5.101390128810102,15.304170386430302
E02000354,Hackney 010,E09000012,Hackney,0.7932760088138949,9691,21,2,0,2,12216.428950738053,26.472501079919418,2.5211905790399447,2.0637705087194305,0.0,2.0637705087194305
E02000355,Hackney 011,E09000012,Hackney,0.6560899549731488,8335,19,3,0,3,12704.050621139473,28.9594435274925,4.572543714867237,3.599280143971206,0.0,3.599280143971206
E02000356,Hackney 012,E09000012,Hackney,0.40308641976569326,6890,9,4,2,3,17093.108728408737,22.327718222885146,9.923430321282286,5.805515239477503,2.9027576197387517,4.354136429608128
E02000357,Hackney 013,E09000012,Hackney,1.522617759291117,6847,13,0,0,0,4496.8607243801935,8.537927474359941,0.0,0.0,0.0,0.0
E02000358,Hackney 014,E09000012,Hackney,0.6160557354300429,11182,13,8,3,5,18150.955111544106,21.101986804692665,12.985838033657025,7.154355213736362,2.6828832051511355,4.471472008585226
E02000359,Hackney 015,E09000012,Hackney,0.43675013179209626,6809,9,5,1,3,15590.149846231187,20.606748217958685,11.44819345442149,7.343222205903951,1.46864444118079,4.405933323542371
E02000360,Hackney 016,E09000012,Hackney,0.546509673529062,11709,24,5,3,4,21425.055341453797,43.9150506614477,9.148968887801605,4.270219489281749,2.5621316935690492,3.4161755914253993
E02000361,Hackney 017,E09000012,Hackney,0.594389213083039,8435,30,16,3,9,14191.038152002247,50.47197920095642,26.918388907176755,18.96858328393598,3.5566093657379962,10.669828097213989
E02000362,Hackney 018,E09000012,Hackney,1.2953758042014902,7636,37,6,1,2,5894.814443216397,28.563139654139167,4.631860484455,7.85751702462022,1.3095861707700367,2.6191723415400734
E02000363,Hackney 019,E09000012,Hackney,0.5963641624720343,12170,21,1,0,0,20406.994192194936,35.21338356911205,1.6768277890053356,0.8216926869350862,0.0,0.0
E02000364,Hackney 020,E09000012,Hackney,0.6645870682647496,9359,16,13,0,3,14082.428694311704,24.07509980863204,19.56101859451353,13.890372903087936,0.0,3.20547066994337
E02000366,Hackney 022,E09000012,Hackney,0.6432115014279204,8424,17,6,3,5,13096.780734328973,26.42987565094878,9.328191406217217,7.122507122507123,3.5612535612535616,5.935422602089268
E02000367,Hackney 023,E09000012,Hackney,0.7391091882338822,11041,24,16,8,10,14938.252934431399,32.471521639919715,21.64768109327981,14.491440992663708,7.245720496331854,9.057150620414816
E02000368,Hackney 024,E09000012,Hackney,0.6348445450516874,10459,15,3,0,2,16474.899377371912,23.627831595810182,4.725566319162036,2.868343053829238,0.0,1.9122287025528253
E02000369,Hackney 025,E09000012,Hackney,0.6503983628036332,13766,12,6,1,5,21165.489932446526,18.45023094503547,9.225115472517736,4.358564579398518,0.7264274298997531,3.632137149498765
E02000370,Hackney 026,E09000012,Hackney,0.4884087538319642,8876,16,0,0,0,18173.302444644072,32.759445596474215,0.0,0.0,0.0,0.0
E02000372,Hammersmith and Fulham 001,E09000013,Hammersmith and Fulham,3.4403102730866535,11672,51,3,1,3,3392.7172474265985,14.824244312779003,0.8720143713399413,2.5702535983550376,0.8567511994516793,2.5702535983550376
E02000373,Hammersmith and Fulham 002,E09000013,Hammersmith and Fulham,0.4081590625666999,7081,7,1,0,0,17348.62863382544,17.150176590421985,2.450025227203141,1.4122299110295156,0.0,0.0
E02000374,Hammersmith and Fulham 003,E09000013,Hammersmith and Fulham,0.49606358189172756,7020,10,2,0,1,14151.411746916361,20.15870619218855,4.03174123843771,2.849002849002849,0.0,1.4245014245014245
E02000375,Hammersmith and Fulham 004,E09000013,Hammersmith and Fulham,0.7489399655680727,7639,32,20,3,14,10199.749447481816,42.72705620099726,26.70441012562329,26.181437360911115,3.9272156041366673,18.32700615263778
E02000376,Hammersmith and Fulham 005,E09000013,Hammersmith and Fulham,0.4099108496303787,6772,16,10,1,5,16520.665422997194,39.032877549904775,24.39554846869048,14.766686355581808,1.4766686355581806,7.383343177790904
E02000377,Hammersmith and Fulham 006,E09000013,Hammersmith and Fulham,0.44353832687735917,7839,13,7,3,5,17673.782681169574,29.309755690165133,15.782176140858148,8.929710422247735,3.827018752391887,6.378364587319811
E02000378,Hammersmith and Fulham 007,E09000013,Hammersmith and Fulham,0.29441426565477363,6547,5,4,0,1,22237.373537045,16.982872718073164,13.58629817445853,6.109668550481136,0.0,1.527417137620284
E02000379,Hammersmith and Fulham 008,E09000013,Hammersmith and Fulham,0.6787556510472834,7351,10,2,0,1,10830.112410346497,14.732842348451227,2.9465684696902454,2.7207182696231804,0.0,1.3603591348115902
E02000380,Hammersmith and Fulham 009,E09000013,Hammersmith and Fulham,0.35245158609343563,5553,8,2,0,2,15755.35539944453,22.698152925545877,5.674538231386469,3.6016567621105713,0.0,3.6016567621105713
E02000381,Hammersmith and Fulham 010,E09000013,Hammersmith and Fulham,0.553175170937309,7780,4,7,1,5,14064.261031125896,7.230982535283236,12.654219436745665,8.997429305912597,1.2853470437017993,6.4267352185089965
E02000382,Hammersmith and Fulham 011,E09000013,Hammersmith and Fulham,0.6795507443123662,6362,20,7,1,4,9362.06759134327,29.431209026542817,10.300923159289985,11.002829298962592,1.5718327569946557,6.287331027978623
E02000383,Hammersmith and Fulham 012,E09000013,Hammersmith and Fulham,0.6003358878201743,8768,18,9,1,8,14605.15717598809,29.983215005450003,14.991607502725001,10.264598540145986,1.1405109489051095,9.124087591240876
E02000384,Hammersmith and Fulham 013,E09000013,Hammersmith and Fulham,0.837603634814276,8811,43,26,4,16,10519.295325113633,51.33693099306392,31.040935019061905,29.50856883441153,4.539779820678698,18.15911928271479
E02000385,Hammersmith and Fulham 014,E09000013,Hammersmith and Fulham,0.39961499145190355,5514,13,6,0,4,13798.281140470297,32.53131208308195,15.014451730653208,10.881392818280741,0.0,7.254261878853827
E02000386,Hammersmith and Fulham 015,E09000013,Hammersmith and Fulham,0.4375047726509632,7700,9,3,0,2,17599.80800516428,20.571204161880324,6.857068053960108,3.896103896103896,0.0,2.5974025974025974
E02000387,Hammersmith and Fulham 016,E09000013,Hammersmith and Fulham,0.40786575419179233,6291,7,0,0,0,15424.192728477416,17.162509791661407,0.0,0.0,0.0,0.0
E02000388,Hammersmith and Fulham 017,E09000013,Hammersmith and Fulham,0.5316644721386039,8806,14,5,1,2,16563.07777079431,26.332397091882843,9.404427532815301,5.677946854417443,1.1355893708834885,2.271178741766977
E02000389,Hammersmith and Fulham 018,E09000013,Hammersmith and Fulham,0.8018930114921974,9115,7,8,1,3,11366.853020751998,8.729344064208885,9.976393216238725,8.776741634668129,1.0970927043335161,3.291278113000548
E02000390,Hammersmith and Fulham 019,E09000013,Hammersmith and Fulham,0.3478873526332064,6225,5,1,1,1,17893.723220698117,14.372468450359934,2.874493690071987,1.606425702811245,1.606425702811245,1.606425702811245
E02000391,Hammersmith and Fulham 020,E09000013,Hammersmith and Fulham,0.6652626063366961,7523,22,4,1,2,11308.316337552473,33.06964767063065,6.012663212841937,5.317027781470158,1.3292569453675396,2.658513890735079
E02000392,Hammersmith and Fulham 021,E09000013,Hammersmith and Fulham,0.5533479634674223,9238,15,17,3,11,16694.739313961305,27.107717006865077,30.72207927444709,18.402251569603813,3.2474561593418487,11.907339250920113
E02000393,Hammersmith and Fulham 022,E09000013,Hammersmith and Fulham,0.35592226285770506,5976,5,1,0,0,16790.183204665558,14.048011382752309,2.8096022765504616,1.6733601070950468,0.0,0.0
E02000394,Hammersmith and Fulham 023,E09000013,Hammersmith and Fulham,0.8136984316339595,10278,23,1,0,0,12631.215202616411,28.266000161527288,1.228956528762056,0.972951936174353,0.0,0.0
E02000395,Hammersmith and Fulham 024,E09000013,Hammersmith and Fulham,1.1973742112136456,5923,20,4,0,2,4946.657397937868,16.70321593090619,3.340643186181238,6.753334458889077,0.0,3.3766672294445383
E02000396,Hammersmith and Fulham 025,E09000013,Hammersmith and Fulham,0.705596489995167,6903,11,4,2,3,9783.211931861058,15.589646711643002,5.668962440597456,5.794582065768506,2.897291032884253,4.34593654932638
E02000397,Haringey 001,E09000014,Haringey,0.5638974034251483,7902,6,3,1,3,14013.187420269636,10.640233424654243,5.320116712327121,3.7965072133637054,1.2655024044545686,3.7965072133637054
E02000398,Haringey 002,E09000014,Haringey,1.191196932688191,7613,13,4,0,1,6391.050707979607,10.91339277600616,3.3579670080018955,5.254170497832654,0.0,1.3135426244581636
E02000400,Haringey 004,E09000014,Haringey,1.3337976120793402,7766,24,1,0,0,5822.472562305085,17.99373441866109,0.7497389341108789,1.287664177182591,0.0,0.0
E02000401,Haringey 005,E09000014,Haringey,0.7468421441900406,6823,14,1,0,0,9135.7993828798,18.7455945127242,1.338971036623157,1.465630954125751,0.0,0.0
E02000402,Haringey 006,E09000014,Haringey,0.9506703584420936,6557,17,1,1,1,6897.23829271931,17.882118495688314,1.051889323275783,1.5250876925423213,1.5250876925423213,1.5250876925423213
E02000403,Haringey 007,E09000014,Haringey,0.8508968569671503,7379,22,0,0,0,8672.02639142534,25.855072585900185,0.0,0.0,0.0,0.0
E02000404,Haringey 008,E09000014,Haringey,0.6409520694385051,7022,12,3,1,1,10955.57738997785,18.722148772391655,4.680537193097914,4.272287097692965,1.4240956992309883,1.4240956992309883
E02000405,Haringey 009,E09000014,Haringey,1.7820319052271105,6347,23,4,3,4,3561.664626420428,12.906615157975397,2.244628723126156,6.302190011028833,4.726642508271625,6.302190011028833
E02000406,Haringey 010,E09000014,Haringey,0.45801750195556507,6592,6,1,0,1,14392.463108624894,13.099936081879454,2.183322680313242,1.5169902912621358,0.0,1.5169902912621358
E02000407,Haringey 011,E09000014,Haringey,0.5221232713055132,7506,23,3,1,1,14375.915444703418,44.0508999771088,5.745769562231582,3.996802557953637,1.332267519317879,1.332267519317879
E02000408,Haringey 012,E09000014,Haringey,0.5178490449368266,8136,13,5,2,3,15711.142232564176,25.103840833743153,9.65532339759352,6.145526057030481,2.458210422812193,3.687315634218289
E02000409,Haringey 013,E09000014,Haringey,0.6940698838708631,6075,10,1,0,0,8752.720930808027,14.407771079519385,1.4407771079519385,1.646090534979424,0.0,0.0
E02000410,Haringey 014,E09000014,Haringey,0.7521366146268817,6237,12,1,0,0,8292.376516058905,15.954548371445702,1.3295456976204751,1.60333493666827,0.0,0.0
E02000411,Haringey 015,E09000014,Haringey,1.39358298266331,13169,39,2,0,2,9449.742257064885,27.985416358533715,1.4351495568478827,1.518718201837649,0.0,1.518718201837649
E02000412,Haringey 016,E09000014,Haringey,0.771559180275128,8079,24,13,1,7,10471.004955341381,31.105844650104363,16.848999185473197,16.091100383710856,1.2377769525931428,8.664438668151998
E02000413,Haringey 017,E09000014,Haringey,1.2189679718802895,7655,8,0,0,0,6279.902488489476,6.562928792673522,0.0,0.0,0.0,0.0
E02000414,Haringey 018,E09000014,Haringey,0.40933698630339865,6991,11,0,0,0,17078.837813151593,26.87272435197647,0.0,0.0,0.0,0.0
E02000415,Haringey 019,E09000014,Haringey,0.7040973673587217,7144,22,4,1,2,10146.323976184238,31.24567853808136,5.681032461469338,5.599104143337066,1.3997760358342666,2.799552071668533
E02000416,Haringey 020,E09000014,Haringey,0.6285325372758674,8183,9,5,0,4,13019.214622469772,14.319067774927037,7.955037652737243,6.110228522546743,0.0,4.888182818037395
E02000417,Haringey 021,E09000014,Haringey,1.059599138798119,6411,20,11,4,8,6050.401293523004,18.87506252853846,10.381284390696154,17.15800967087818,6.239276243955701,12.478552487911402
E02000418,Haringey 022,E09000014,Haringey,0.7132737033328769,5274,7,0,0,0,7394.076040314475,9.813904490368094,0.0,0.0,0.0,0.0
E02000419,Haringey 023,E09000014,Haringey,0.6424400835151619,9016,14,11,4,5,14033.993568191201,21.791915478557765,17.1222193045811,12.200532386867792,4.436557231588288,5.545696539485359
E02000420,Haringey 024,E09000014,Haringey,0.577295992028498,7996,23,10,4,6,13850.780380275497,39.84091405031721,17.32213654361618,12.506253126563282,5.002501250625312,7.503751875937969
E02000421,Haringey 025,E09000014,Haringey,0.7838916156317393,8850,21,7,2,5,11289.82607227885,26.789417798627778,8.929805932875926,7.909604519774011,2.2598870056497176,5.649717514124294
E02000422,Haringey 026,E09000014,Haringey,0.5424387207043878,7225,13,1,0,1,13319.476881403161,23.965840755465898,1.843526211958915,1.384083044982699,0.0,1.384083044982699
E02000423,Haringey 027,E09000014,Haringey,0.5549407394454065,6784,10,7,3,6,12224.728728295846,18.01994211128515,12.613959477899606,10.318396226415095,4.422169811320755,8.84433962264151
E02000424,Haringey 028,E09000014,Haringey,0.666188214139801,6494,14,3,0,2,9747.995929926825,21.015082078684255,4.5032318740037685,4.619648906683092,0.0,3.079765937788728
E02000425,Haringey 029,E09000014,Haringey,0.5409088661565628,8003,10,0,0,0,14795.46833252236,18.487402639663078,0.0,0.0,0.0,0.0
E02000426,Haringey 030,E09000014,Haringey,2.229190111782883,6477,35,2,1,1,2905.539534633842,15.700769447612238,0.8971868255778422,3.087849312953528,1.543924656476764,1.543924656476764
E02000427,Haringey 031,E09000014,Haringey,1.0738150640345774,6589,17,3,2,2,6136.0659024874985,15.831403906858016,2.7937771600337675,4.5530429503718315,3.0353619669145546,3.0353619669145546
E02000428,Haringey 032,E09000014,Haringey,0.5967405388458056,8587,9,4,1,1,14389.838532854952,15.08193161706004,6.703080718693351,4.6582042622569,1.164551065564225,1.164551065564225
E02000429,Haringey 033,E09000014,Haringey,0.9808490958083548,6467,15,1,0,0,6593.2670251077725,15.292872332861696,1.0195248221907798,1.5463120457708364,0.0,0.0
E02000430,Haringey 034,E09000014,Haringey,0.6581220341587425,6944,17,15,6,8,10551.234633674445,25.831075572071654,22.792125504769107,21.601382488479263,8.640552995391706,11.52073732718894
E02000431,Haringey 035,E09000014,Haringey,0.6090882246565371,5706,13,3,0,1,9368.10098933959,21.343377648337658,4.925394841924075,5.257623554153523,0.0,1.752541184717841
E02000432,Haringey 036,E09000014,Haringey,0.5361505634801338,5884,7,3,0,0,10974.529172938233,13.056034026269142,5.595443154115347,5.098572399728076,0.0,0.0
E02000433,Harrow 001,E09000015,Harrow,6.318055660216951,8917,43,9,2,6,1411.3519221028525,6.80589129196172,1.4244888750617553,10.093080632499719,2.24290680722216,6.72872042166648
E02000434,Harrow 002,E09000015,Harrow,1.9627532042093445,10180,18,2,1,2,5186.591965901697,9.17079129530752,1.0189768105897246,1.9646365422396856,0.9823182711198428,1.9646365422396856
E02000435,Harrow 003,E09000015,Harrow,1.80670528572297,8254,9,0,0,0,4568.537029932409,4.981443332855788,0.0,0.0,0.0,0.0
E02000436,Harrow 004,E09000015,Harrow,4.7218926852024925,5695,13,0,0,0,1206.0841657513818,2.753133301978571,0.0,0.0,0.0,0.0
E02000437,Harrow 005,E09000015,Harrow,1.396669909776261,9139,17,3,1,1,6543.421560119398,12.171809445456807,2.147966372727672,3.2826348615822303,1.09421162052741,1.09421162052741
E02000438,Harrow 006,E09000015,Harrow,1.7512993168313096,8612,25,4,0,3,4917.491782947765,14.275115486959375,2.2840184779135,4.644681839294009,0.0,3.4835113794705066
E02000439,Harrow 007,E09000015,Harrow,1.0635055207763962,9832,10,6,2,3,9244.897941688443,9.402866092034625,5.641719655220775,6.102522375915378,2.034174125305126,3.051261187957689
E02000440,Harrow 008,E09000015,Harrow,1.4951518940192066,9520,23,2,1,1,6367.246055789505,15.383052445709938,1.3376567344095598,2.100840336134454,1.050420168067227,1.050420168067227
E02000441,Harrow 009,E09000015,Harrow,2.3359222453901194,7547,20,1,0,0,3230.843841182558,8.561928822532286,0.4280964411266143,1.3250298131707963,0.0,0.0
E02000442,Harrow 010,E09000015,Harrow,1.1396827657145916,9806,17,4,0,0,8604.14871137544,14.916431582029622,3.5097486075363817,4.079135223332654,0.0,0.0
E02000443,Harrow 011,E09000015,Harrow,0.9782380036103577,11093,7,2,0,0,11339.776168027976,7.155722814044518,2.044492232584148,1.8029387902280718,0.0,0.0
E02000444,Harrow 012,E09000015,Harrow,1.0942984755283631,9200,17,5,2,2,8407.21266248492,15.535066876330832,4.5691373165678915,5.434782608695652,2.1739130434782608,2.1739130434782608
E02000445,Harrow 013,E09000015,Harrow,1.2508953074552867,12477,25,6,2,3,9974.455836261894,19.985685333537496,4.796564480048999,4.80884828083674,1.6029494269455797,2.40442414041837
E02000447,Harrow 015,E09000015,Harrow,2.1238306858512064,8666,22,1,0,1,4080.3629299323215,10.358641179149673,0.47084732632498516,1.1539349180706209,0.0,1.1539349180706209
E02000448,Harrow 016,E09000015,Harrow,1.7202668577164086,7228,23,6,2,4,4201.673692414737,13.37001866706405,3.4878309566254044,8.301051466519093,2.767017155506364,5.534034311012728
E02000449,Harrow 017,E09000015,Harrow,0.9183350440683464,8572,6,0,0,0,9334.283881866142,6.533563146429871,0.0,0.0,0.0,0.0
E02000451,Harrow 019,E09000015,Harrow,1.5993023367851507,6761,19,4,1,1,4227.468343221879,11.880180227956766,2.5010905743066876,5.916284573287975,1.4790711433219939,1.4790711433219939
E02000452,Harrow 020,E09000015,Harrow,1.1246256287469365,11180,13,16,3,4,9941.085917148102,11.559402229241979,14.226956589836282,14.311270125223613,2.6833631484794274,3.5778175313059033
E02000453,Harrow 021,E09000015,Harrow,1.0341386790465021,8639,13,1,0,0,8353.811896838963,12.57084785957941,0.9669882968907239,1.1575413821044103,0.0,0.0
E02000454,Harrow 022,E09000015,Harrow,1.5667773653796233,7326,18,1,0,0,4675.839823755012,11.488549935516,0.6382527741953333,1.365001365001365,0.0,0.0
E02000455,Harrow 023,E09000015,Harrow,1.2317188349377273,13159,33,15,4,8,10683.44465209488,26.79182867384536,12.178103942656982,11.399042480431643,3.0397446614484385,6.079489322896877
E02000456,Harrow 024,E09000015,Harrow,0.9254075053163333,7969,16,0,0,0,8611.341440629387,17.2896803927808,0.0,0.0,0.0,0.0
E02000457,Harrow 025,E09000015,Harrow,1.1599709948724344,7177,8,4,2,2,6187.223673458557,6.896724172727944,3.448362086363972,5.573359342343598,2.786679671171799,2.786679671171799
E02000459,Harrow 027,E09000015,Harrow,1.1996437599503462,9554,18,5,2,2,7964.03092230934,15.004454322960866,4.167903978600241,5.233410090014654,2.0933640360058616,2.0933640360058616
E02000460,Harrow 028,E09000015,Harrow,0.8661221984591188,7511,14,3,0,0,8671.9864856974,16.164000905307365,3.4637144797087207,3.994141925176408,0.0,0.0
E02000461,Harrow 029,E09000015,Harrow,2.6622394453872147,7557,27,3,0,1,2838.5876458610046,10.141837559646305,1.1268708399607006,3.969829297340214,0.0,1.323276432446738
E02000462,Harrow 030,E09000015,Harrow,0.9996425477553239,7129,13,4,1,1,7131.549188265363,13.004648540812138,4.001430320249888,5.610885117127227,1.4027212792818067,1.4027212792818067
E02000463,Harrow 031,E09000015,Harrow,0.9288259021551692,8822,4,1,0,0,9498.012468784706,4.306512114615599,1.0766280286538998,1.1335298118340513,0.0,0.0
E02000464,Havering 001,E09000016,Havering,5.8574070490874375,8038,26,0,0,0,1372.2795654524796,4.438824172899287,0.0,0.0,0.0,0.0
E02000465,Havering 002,E09000016,Havering,2.800641436971268,9713,39,1,1,1,3468.1340752081596,13.925381337703925,0.35706105994112625,1.0295480284155256,1.0295480284155256,1.0295480284155256
E02000466,Havering 003,E09000016,Havering,6.279437314248417,9337,37,0,0,0,1486.9166666914232,5.892247688506229,0.0,0.0,0.0,0.0
E02000467,Havering 004,E09000016,Havering,1.3585929621586725,12045,26,6,2,2,8865.790075094797,19.13744640535199,4.416333785850459,4.9813200498132,1.6604400166044002,1.6604400166044002
E02000468,Havering 005,E09000016,Havering,4.093894458774874,9251,21,4,2,3,2259.7065198325668,5.129589981243531,0.9770647583321012,4.323856880337261,2.1619284401686305,3.242892660252946
E02000469,Havering 006,E09000016,Havering,1.7140356702695632,7647,22,1,0,1,4461.400735491911,12.835205463687988,0.5834184301676358,1.307702366941284,0.0,1.307702366941284
E02000470,Havering 007,E09000016,Havering,6.762613843040564,10290,47,7,1,3,1521.601002042943,6.949975422353579,1.0351027224781926,6.802721088435374,0.9718172983479106,2.9154518950437316
E02000471,Havering 008,E09000016,Havering,2.1405036269007898,7902,16,2,0,1,3691.6545717052645,7.474876379053939,0.9343595473817424,2.5310048089091373,0.0,1.2655024044545686
E02000472,Havering 009,E09000016,Havering,1.5357646338808328,9908,17,1,1,1,6451.509418446999,11.069404533064088,0.651141443121417,1.0092854259184496,1.0092854259184496,1.0092854259184496
E02000473,Havering 010,E09000016,Havering,2.855531873834404,11085,19,1,1,1,3881.938808518736,6.653751679012719,0.3501974567901431,0.9021199819576003,0.9021199819576003,0.9021199819576003
E02000474,Havering 011,E09000016,Havering,2.207142660906401,9728,24,2,0,1,4407.508482485237,10.873787374552395,0.9061489478793663,2.0559210526315788,0.0,1.0279605263157894
E02000475,Havering 012,E09000016,Havering,2.8026861595702095,10124,31,2,1,2,3612.2489010872737,11.060817456904926,0.7136011262519307,1.9755037534571314,0.9877518767285657,1.9755037534571314
E02000476,Havering 013,E09000016,Havering,1.5664522104136493,10410,41,23,5,13,6645.590545817581,26.17379561753322,14.682860956177173,22.094140249759846,4.803073967339097,12.487992315081652
E02000477,Havering 014,E09000016,Havering,1.7491244764959577,9582,17,1,1,1,5478.169294843862,9.719148195819834,0.5717145997541079,1.0436234606553956,1.0436234606553956,1.0436234606553956
E02000478,Havering 015,E09000016,Havering,2.491271205581171,6017,17,0,0,0,2415.2328283328497,6.82382550800373,0.0,0.0,0.0,0.0
E02000479,Havering 016,E09000016,Havering,1.3751152067929395,10136,23,5,0,2,7371.018769866783,16.72587132073165,3.63605898276775,4.932912391475928,0.0,1.973164956590371
E02000480,Havering 017,E09000016,Havering,3.375481291256089,15127,39,2,0,1,4481.434999857729,11.553907912636442,0.59250809808392,1.3221392212599985,0.0,0.6610696106299992
E02000481,Havering 018,E09000016,Havering,12.243913508759665,8449,17,1,0,1,690.0571450423372,1.388444959843737,0.08167323293198452,1.1835720203574387,0.0,1.1835720203574387
E02000482,Havering 019,E09000016,Havering,2.83003872449902,6805,39,2,2,2,2404.56073660428,13.78073015834929,0.706704110684579,2.9390154298310067,2.9390154298310067,2.9390154298310067
E02000483,Havering 020,E09000016,Havering,1.6026478859121323,8123,25,6,3,3,5068.487015397564,15.599184462013925,3.7438042708833423,7.38643358365136,3.69321679182568,3.69321679182568
E02000484,Havering 021,E09000016,Havering,1.850738758475601,8656,10,3,0,0,4677.051237166337,5.403247732401036,1.6209743197203108,3.465804066543438,0.0,0.0
E02000485,Havering 022,E09000016,Havering,2.0936810156505214,8821,28,10,1,4,4213.153739305055,13.373574957549206,4.776276770553288,11.336583153837433,1.1336583153837434,4.534633261534974
E02000486,Havering 023,E09000016,Havering,1.2742304162187028,7569,16,3,1,1,5940.05597705093,12.556598709580511,2.3543622580463457,3.9635354736424895,1.321178491214163,1.321178491214163
E02000487,Havering 024,E09000016,Havering,12.879963364509635,7888,20,1,0,0,612.4241022094174,1.5527994477926403,0.07763997238963202,1.2677484787018256,0.0,0.0
E02000488,Havering 025,E09000016,Havering,1.8287365700993714,8196,12,2,0,0,4481.782742253926,6.561907382509409,1.0936512304182349,2.440214738897023,0.0,0.0
E02000489,Havering 026,E09000016,Havering,2.5992069877949473,8951,22,3,1,1,3443.7426653710386,8.464120057888822,1.154198189712112,3.3515808289576583,1.1171936096525528,1.1171936096525528
E02000490,Havering 027,E09000016,Havering,2.051468601894786,8982,16,0,0,0,4378.326819968879,7.799290705800719,0.0,0.0,0.0,0.0
E02000491,Havering 028,E09000016,Havering,5.348459797658949,13545,41,5,0,1,2532.5047793999915,7.665758283898092,0.9348485712070844,3.6913990402362495,0.0,0.7382798080472499
E02000492,Havering 029,E09000016,Havering,15.611168703220239,7041,20,1,0,1,451.0232471286789,1.2811340637087882,0.06405670318543942,1.42025280499929,0.0,1.42025280499929
E02000493,Havering 030,E09000016,Havering,1.2889243230213718,6908,21,4,0,1,5359.507828828099,16.292655530600765,3.1033629582096696,5.790387955993051,0.0,1.4475969889982627
E02000494,Hillingdon 001,E09000017,Hillingdon,6.221247759906896,7774,30,0,0,0,1249.5885552251889,4.822183773701526,0.0,0.0,0.0,0.0
E02000495,Hillingdon 002,E09000017,Hillingdon,2.727704321910353,10853,45,10,2,7,3978.8036822110835,16.497389265594652,3.666086503465478,9.214042200313276,1.8428084400626557,6.4498295402192936
E02000496,Hillingdon 003,E09000017,Hillingdon,15.224361255525926,7773,37,5,1,4,510.5632919199592,2.4303154253233616,0.3284210034220759,6.432522835456066,1.2865045670912132,5.146018268364853
E02000497,Hillingdon 004,E09000017,Hillingdon,2.7020105600311934,9547,24,1,0,0,3533.294851330923,8.882274686492318,0.37009477860384654,1.0474494605635278,0.0,0.0
E02000498,Hillingdon 005,E09000017,Hillingdon,3.1377176067004555,6401,27,0,0,0,2040.0178736069017,8.604980876017239,0.0,0.0,0.0,0.0
E02000499,Hillingdon 006,E09000017,Hillingdon,1.6086443290885943,8104,17,4,2,3,5037.782344709762,10.567904721133507,2.4865658167372957,4.935834155972359,2.4679170779861797,3.7018756169792697
E02000500,Hillingdon 007,E09000017,Hillingdon,2.897848874292918,8665,40,14,6,6,2990.1490298089757,13.803342318795039,4.831169811578264,16.156953260242354,6.924408540103866,6.924408540103866
E02000501,Hillingdon 008,E09000017,Hillingdon,1.4365310372841529,8676,16,3,1,2,6039.549285619678,11.13794243544431,2.0883642066458084,3.4578146611341634,1.152604887044721,2.305209774089442
E02000502,Hillingdon 009,E09000017,Hillingdon,4.166077387008235,9310,19,2,1,1,2234.716049450475,4.56064499887852,0.4800678946187916,2.1482277121374866,1.0741138560687433,1.0741138560687433
E02000503,Hillingdon 010,E09000017,Hillingdon,1.3798087612389935,8740,12,0,0,0,6334.211120787459,8.69685737407889,0.0,0.0,0.0,0.0
E02000504,Hillingdon 011,E09000017,Hillingdon,3.0641931294657656,7843,20,2,1,2,2559.564514579865,6.527003734744014,0.6527003734744014,2.5500446257809513,1.2750223128904756,2.5500446257809513
E02000506,Hillingdon 013,E09000017,Hillingdon,5.485266671643,8287,37,1,1,1,1510.7743152837086,6.745342061722845,0.18230654220872552,1.2067093037287318,1.2067093037287318,1.2067093037287318
E02000507,Hillingdon 014,E09000017,Hillingdon,2.6877934164453197,8511,19,3,1,1,3166.5380039720576,7.068995661552003,1.1161572097187373,3.5248501938667607,1.1749500646222535,1.1749500646222535
E02000508,Hillingdon 015,E09000017,Hillingdon,2.7466552591250055,13045,41,9,2,4,4749.412929293395,14.927246462324966,3.276712638071334,6.8991950939057105,1.53315446531238,3.06630893062476
E02000509,Hillingdon 016,E09000017,Hillingdon,2.0139973204112294,11478,27,8,2,4,5699.113838769337,13.406174738349199,3.9721999224738367,6.969855375500958,1.7424638438752396,3.484927687750479
E02000510,Hillingdon 017,E09000017,Hillingdon,2.130653272117396,9540,28,5,3,3,4477.4999878414565,13.141509398276812,2.346698106835145,5.241090146750524,3.144654088050314,3.144654088050314
E02000511,Hillingdon 018,E09000017,Hillingdon,2.3884031953786944,10943,22,3,1,1,4581.722223941728,9.211175082401352,1.2560693294183662,2.7414785707758385,0.9138261902586128,0.9138261902586128
E02000512,Hillingdon 019,E09000017,Hillingdon,1.4073687765175247,9468,20,0,0,0,6727.447814657485,14.210916380772042,0.0,0.0,0.0,0.0
E02000513,Hillingdon 020,E09000017,Hillingdon,1.4715956809496145,10604,18,3,0,0,7205.783583951051,12.231620568758856,2.038603428126476,2.8291210863824974,0.0,0.0
E02000514,Hillingdon 021,E09000017,Hillingdon,1.199301003511292,11481,11,5,2,2,9573.076288926744,9.172009335266456,4.169095152393844,4.355021339604564,1.7420085358418256,1.7420085358418256
E02000515,Hillingdon 022,E09000017,Hillingdon,3.1523601736629265,15051,28,7,2,3,4774.517875763952,8.882233773263614,2.2205584433159036,4.65085376386951,1.3288153611055742,1.9932230416583616
E02000516,Hillingdon 023,E09000017,Hillingdon,1.6549523992349713,9182,9,0,0,0,5548.195829828416,5.43822287828967,0.0,0.0,0.0,0.0
E02000517,Hillingdon 024,E09000017,Hillingdon,1.5472413509984146,11061,23,0,0,0,7148.852370615923,14.865166307220525,0.0,0.0,0.0,0.0
E02000518,Hillingdon 025,E09000017,Hillingdon,2.5232568015809798,10305,26,0,0,0,4084.007618068548,10.30414343229328,0.0,0.0,0.0,0.0
E02000519,Hillingdon 026,E09000017,Hillingdon,1.8165308657016475,9972,22,2,0,0,5489.5846738878545,12.110997074361492,1.1009997340328628,2.005615724027276,0.0,0.0
E02000520,Hillingdon 027,E09000017,Hillingdon,4.360590411556124,16445,39,8,3,4,3771.2783013095295,8.943743007058172,1.834613950165779,4.8647005168744295,1.8242626938279114,2.4323502584372148
E02000521,Hillingdon 028,E09000017,Hillingdon,2.45399999256816,13930,26,3,0,1,5676.446634957801,10.594947057351243,1.2224938912328358,2.1536252692031588,0.0,0.7178750897343863
E02000522,Hillingdon 029,E09000017,Hillingdon,1.569637256810467,10337,21,0,0,0,6585.598013266442,13.378887325006799,0.0,0.0,0.0,0.0
E02000523,Hillingdon 030,E09000017,Hillingdon,1.6459989387391352,13933,43,1,0,0,8464.768519640073,26.123953659981563,0.6075338060460829,0.7177205196296562,0.0,0.0
E02000524,Hillingdon 031,E09000017,Hillingdon,20.508731405719004,10118,192,15,1,7,493.3508465169389,9.361866231592435,0.731395799343159,14.825064241945048,0.98833761612967,6.918363312907689
E02000525,Hillingdon 032,E09000017,Hillingdon,4.067573329124642,11443,32,1,0,0,2813.225251052224,7.867098491101212,0.24584682784691286,0.8738967054094207,0.0,0.0
E02000526,Hounslow 001,E09000018,Hounslow,0.9242674446169873,8453,30,8,2,5,9145.621269288446,32.45813771189559,8.655503389838822,9.464095587365431,2.366023896841358,5.915059742103396
E02000529,Hounslow 004,E09000018,Hounslow,1.1816969563272284,10328,9,1,0,0,8739.97342948223,7.61616584676027,0.8462406496400301,0.9682416731216112,0.0,0.0
E02000530,Hounslow 005,E09000018,Hounslow,2.7226671517043424,8230,30,7,1,2,3022.771253859717,11.018607243717074,2.5710083568673174,8.50546780072904,1.2150668286755772,2.4301336573511545
E02000531,Hounslow 006,E09000018,Hounslow,2.6372351812763712,12289,42,3,0,2,4659.804361495117,15.925769646252332,1.1375549747323095,2.441207584018228,0.0,1.6274717226788185
E02000532,Hounslow 007,E09000018,Hounslow,2.5112433917673207,8952,22,0,0,0,3564.767966875529,8.76060045478794,0.0,0.0,0.0,0.0
E02000533,Hounslow 008,E09000018,Hounslow,1.2199963355770254,8327,6,1,0,1,6825.430337101426,4.918047558857758,0.8196745931429598,1.200912693647172,0.0,1.200912693647172
E02000534,Hounslow 009,E09000018,Hounslow,4.8665213841394,8659,39,2,0,0,1779.2996920183605,8.013937866810956,0.4109711726569721,2.3097355352812103,0.0,0.0
E02000535,Hounslow 010,E09000018,Hounslow,1.550014356571068,10400,24,3,0,1,6709.61527285903,15.483727552751608,1.935465944093951,2.884615384615385,0.0,0.9615384615384616
E02000536,Hounslow 011,E09000018,Hounslow,1.6064106682265742,11508,29,2,0,0,7163.797046184001,18.052668955451516,1.2450116521001044,1.7379214459506431,0.0,0.0
E02000537,Hounslow 012,E09000018,Hounslow,1.8882682343148116,9904,22,1,1,1,5245.017535124624,11.650887093370532,0.5295857769713878,1.0096930533117934,1.0096930533117934,1.0096930533117934
E02000538,Hounslow 013,E09000018,Hounslow,2.3556059672992347,10414,23,5,0,1,4420.943122308325,9.763941983204482,2.122596083305322,4.801229114653351,0.0,0.9602458229306702
E02000539,Hounslow 014,E09000018,Hounslow,1.646158216162674,12165,39,2,0,1,7389.933653131826,23.691525891668,1.214950045726564,1.6440608302507191,0.0,0.8220304151253596
E02000540,Hounslow 015,E09000018,Hounslow,1.253868176362117,12897,33,10,0,3,10285.770261287298,26.318556146582992,7.975320044419089,7.753741180119407,0.0,2.3261223540358222
E02000541,Hounslow 016,E09000018,Hounslow,1.0544875514031067,11030,20,6,2,3,10460.05710102829,18.966558660069428,5.689967598020829,5.439709882139619,1.8132366273798732,2.7198549410698094
E02000542,Hounslow 017,E09000018,Hounslow,1.045831686516682,12729,26,9,1,2,12171.17454377011,24.86059691554897,8.60559123999772,7.070469007777516,0.785607667530835,1.57121533506167
E02000543,Hounslow 018,E09000018,Hounslow,1.1443257664427646,15103,37,13,1,4,13198.164755958418,32.333450041082,11.360401365785568,8.607561411640072,0.6621201085876979,2.6484804343507915
E02000544,Hounslow 019,E09000018,Hounslow,1.3857792481348414,8528,17,1,0,0,6153.938306897055,12.267466137107169,0.7216156551239511,1.172607879924953,0.0,0.0
E02000545,Hounslow 020,E09000018,Hounslow,1.3792724548151574,9286,22,5,0,3,6732.534944478725,15.950438162667666,3.6250995824244696,5.384449709239716,0.0,3.2306698255438295
E02000546,Hounslow 021,E09000018,Hounslow,2.460037330335441,10570,18,0,0,0,4296.682765606129,7.316962136320749,0.0,0.0,0.0,0.0
E02000547,Hounslow 022,E09000018,Hounslow,3.264613980787496,11953,31,3,0,0,3661.3823472987383,9.49576280149426,0.91894478724138,2.5098301681586213,0.0,0.0
E02000548,Hounslow 023,E09000018,Hounslow,3.5283563413737813,10987,32,2,0,2,3113.9145077739404,9.069378742947674,0.5668361714342296,1.8203331209611358,0.0,1.8203331209611358
E02000549,Hounslow 024,E09000018,Hounslow,2.454674322814326,14486,40,2,0,0,5901.3938693877535,16.295440754901986,0.8147720377450992,1.3806433798149937,0.0,0.0
E02000550,Hounslow 025,E09000018,Hounslow,0.9451662621155584,11092,9,10,2,4,11735.501408157397,9.522134211451188,10.580149123834653,9.015506671474936,1.8031013342949875,3.606202668589975
E02000551,Hounslow 026,E09000018,Hounslow,2.130072822470136,10099,31,2,1,1,4741.1524589514775,14.55349304163737,0.9389350349443465,1.9803940984255866,0.9901970492127933,0.9901970492127933
E02000552,Hounslow 027,E09000018,Hounslow,3.060073532425657,9928,19,1,0,0,3244.3664816545374,6.209001123230883,0.3267895328016254,1.0072522159548751,0.0,0.0
E02000553,Hounslow 028,E09000018,Hounslow,2.5220722408537313,7293,27,1,0,0,2891.6697475450947,10.705482405555678,0.396499348353914,1.371177841766077,0.0,0.0
E02000554,Islington 001,E09000019,Islington,0.6371621061030985,9194,17,3,0,2,14429.608904758577,26.680808285936024,4.7083779328122395,3.262997607135088,0.0,2.1753317380900588
E02000555,Islington 002,E09000019,Islington,0.5959101398626397,9696,10,4,2,2,16270.909574109573,16.781053603660865,6.712421441464346,4.125412541254126,2.062706270627063,2.062706270627063
E02000556,Islington 003,E09000019,Islington,0.6510133533233052,11634,16,15,2,10,17870.601179853744,24.577068839406902,23.04100203694397,12.89324394017535,1.7190991920233798,8.5954959601169
E02000557,Islington 004,E09000019,Islington,0.7087243859951545,9105,37,12,4,8,12847.025134058602,52.20647226360991,16.931828842251864,13.179571663920921,4.393190554640308,8.786381109280615
E02000558,Islington 005,E09000019,Islington,0.4803721470379409,9798,21,6,1,5,20396.686320004585,43.716106625851836,12.49031617881481,6.12369871402327,1.0206164523372117,5.103082261686059
E02000559,Islington 006,E09000019,Islington,0.5770230823694259,9476,10,7,0,5,16422.21999350315,17.33032924599319,12.131230472195234,7.387083157450401,0.0,5.276487969607429
E02000560,Islington 007,E09000019,Islington,0.5035027403815906,7638,9,7,3,3,15169.728757010089,17.874778582494212,13.902605564162165,9.164702801780571,3.9277297721916735,3.9277297721916735
E02000561,Islington 008,E09000019,Islington,0.6134812387091926,7500,10,2,0,0,12225.31273455163,16.300416979402172,3.2600833958804345,2.666666666666667,0.0,0.0
E02000562,Islington 009,E09000019,Islington,0.6478479071902732,7699,15,3,0,1,11883.962137642286,23.15358255158258,4.630716510316516,3.8966099493440707,0.0,1.2988699831146902
E02000563,Islington 010,E09000019,Islington,0.5798683416937417,8831,17,2,1,1,15229.319079923327,29.316999700905512,3.449058788341825,2.2647491790284224,1.1323745895142112,1.1323745895142112
E02000564,Islington 011,E09000019,Islington,0.808023496167963,13290,23,7,0,5,16447.541517081605,28.464518803075766,8.663114418327407,5.2671181339352895,0.0,3.762227238525207
E02000565,Islington 012,E09000019,Islington,0.5128186644930068,8614,15,3,0,2,16797.36054169586,29.250105424360097,5.8500210848720196,3.482702577199907,0.0,2.3218017181332713
E02000566,Islington 013,E09000019,Islington,0.7003713722270755,8620,16,15,1,13,12307.756058888726,22.845022847125247,21.41720891917992,17.40139211136891,1.160092807424594,15.081206496519721
E02000567,Islington 014,E09000019,Islington,0.664221627221508,10319,25,4,0,2,15535.477282131265,37.63803973769567,6.0220863580313075,3.8763446070355654,0.0,1.9381723035177827
E02000568,Islington 015,E09000019,Islington,0.9030076936558513,11784,25,10,1,7,13049.72270202057,27.685256920444186,11.074102768177674,8.486082824168363,0.8486082824168364,5.940257976917854
E02000569,Islington 016,E09000019,Islington,0.7001946313341701,10008,20,11,3,6,14293.168716433145,28.56348664355145,15.709917653953298,10.991207034372502,2.997601918465228,5.995203836930456
E02000570,Islington 017,E09000019,Islington,0.6010673805962442,8274,9,7,0,3,13765.51160003458,14.973362871683735,11.64594890019846,8.460236886632826,0.0,3.625815808556925
E02000571,Islington 018,E09000019,Islington,0.4993533759954854,8916,15,7,3,6,17855.091060965628,30.038847679955634,14.018128917312628,7.8510542844324815,3.3647375504710633,6.7294751009421265
E02000572,Islington 019,E09000019,Islington,0.4585338676298203,9036,16,1,0,1,19706.28701148607,34.893823836186044,2.1808639897616278,1.1066843736166445,0.0,1.1066843736166445
E02000573,Islington 020,E09000019,Islington,0.7237437190026134,10678,25,30,5,21,14753.8413386375,34.542614109939834,41.4511369319278,28.095148904289193,4.682524817381532,19.666604233002438
E02000574,Islington 021,E09000019,Islington,0.6083489980803637,8625,31,8,1,6,14177.717111750098,50.95759193788441,13.150346306550816,9.27536231884058,1.1594202898550725,6.9565217391304355
E02000575,Islington 022,E09000019,Islington,0.9296019877443619,12123,54,25,3,20,13041.065057762971,58.08937664927827,26.893229930221423,20.62195826115648,2.4746349913387773,16.497566608925183
E02000576,Islington 023,E09000019,Islington,0.755678786703388,12166,38,20,3,14,16099.4330052238,50.28591601171333,26.46627158511228,16.43925694558606,2.465888541837909,11.507479861910241
E02000577,Kensington and Chelsea 001,E09000020,Kensington and Chelsea,0.8714157593432055,7865,22,9,3,6,9025.542533139322,25.24627281997013,10.328020699078689,11.44310235219326,3.814367450731087,7.628734901462174
E02000578,Kensington and Chelsea 002,E09000020,Kensington and Chelsea,0.5134832169057966,5972,11,2,0,2,11630.370386761095,21.422316519486277,3.8949666399065954,3.348961821835231,0.0,3.348961821835231
E02000579,Kensington and Chelsea 003,E09000020,Kensington and Chelsea,0.610621189234863,8824,15,1,1,1,14450.857840450783,24.565148187529662,1.6376765458353106,1.1332728921124207,1.1332728921124207,1.1332728921124207
E02000580,Kensington and Chelsea 004,E09000020,Kensington and Chelsea,0.3962690956707648,7450,10,16,2,15,18800.355822321657,25.235376942713632,40.37660310834181,21.47651006711409,2.6845637583892614,20.134228187919465
E02000581,Kensington and Chelsea 005,E09000020,Kensington and Chelsea,0.4314432517581185,7190,9,1,0,1,16664.995849861974,20.86021733640581,2.3178019262673124,1.3908205841446455,0.0,1.3908205841446455
E02000582,Kensington and Chelsea 006,E09000020,Kensington and Chelsea,0.48798359463718344,6406,21,17,4,11,13127.490494353342,43.03423359060571,34.83723671620462,26.53762098033094,6.2441461130190445,17.171401810802372
E02000583,Kensington and Chelsea 007,E09000020,Kensington and Chelsea,0.5757174297148645,6148,18,19,7,12,10678.849870925254,31.265337943502697,33.00230116258618,30.904359141184123,11.385816525699415,19.518542615484712
E02000584,Kensington and Chelsea 008,E09000020,Kensington and Chelsea,0.9117813893213079,7312,19,18,3,15,8019.466163312181,20.838328378409663,19.74157425323021,24.61706783369803,4.102844638949672,20.514223194748357
E02000585,Kensington and Chelsea 009,E09000020,Kensington and Chelsea,0.907881153432617,7929,17,2,0,1,8733.521970382537,18.724917832829252,2.202931509744618,2.522386177323748,0.0,1.261193088661874
E02000586,Kensington and Chelsea 010,E09000020,Kensington and Chelsea,0.5251703680027879,6597,18,16,5,12,12561.63790255009,34.27459182141907,30.466303841261396,24.253448537213885,7.579202667879339,18.190086402910413
E02000587,Kensington and Chelsea 011,E09000020,Kensington and Chelsea,0.5222978051860213,6688,12,12,0,9,12804.955206767536,22.97539809826711,22.97539809826711,17.942583732057418,0.0,13.456937799043063
E02000588,Kensington and Chelsea 012,E09000020,Kensington and Chelsea,0.7670557322302831,5860,20,15,3,11,7639.601340259235,26.073724710782372,19.55529353308678,25.59726962457338,5.1194539249146755,18.771331058020476
E02000589,Kensington and Chelsea 013,E09000020,Kensington and Chelsea,0.3706138548117494,7676,9,4,1,3,20711.584039131423,24.284035481003492,10.792904658223774,5.211047420531527,1.3027618551328817,3.908285565398645
E02000590,Kensington and Chelsea 014,E09000020,Kensington and Chelsea,0.46042413892241846,6168,29,21,7,16,13396.343672240237,62.98540312823717,45.6101195066545,34.04669260700389,11.348897535667964,25.940337224383917
E02000591,Kensington and Chelsea 015,E09000020,Kensington and Chelsea,0.36052734181823576,6430,11,3,1,2,17834.98573942212,30.510862073661485,8.321144201907678,4.665629860031104,1.5552099533437014,3.1104199066874028
E02000592,Kensington and Chelsea 016,E09000020,Kensington and Chelsea,0.5674384104231249,5989,28,21,4,18,10554.449416870017,49.344562309627726,37.008421732220796,35.06428452162297,6.6789113374519955,30.05510101853398
E02000593,Kensington and Chelsea 017,E09000020,Kensington and Chelsea,0.4981520618623763,7512,18,2,0,0,15079.732826791607,36.133545112120466,4.014838345791163,2.6624068157614484,0.0,0.0
E02000594,Kensington and Chelsea 018,E09000020,Kensington and Chelsea,0.9032552388952785,6797,30,7,2,6,7525.004790797599,33.2132034315033,7.749747467350771,10.298661174047373,2.9424746211563924,8.827423863469177
E02000595,Kensington and Chelsea 019,E09000020,Kensington and Chelsea,0.6649965411324585,6416,22,12,1,6,9648.170483825144,33.082878841046316,18.04520664057072,18.703241895261844,1.5586034912718205,9.351620947630922
E02000596,Kensington and Chelsea 020,E09000020,Kensington and Chelsea,0.5474642889389314,6895,10,7,1,5,12594.428786147044,18.266031597022543,12.78622211791578,10.152284263959391,1.45032632342277,7.25163161711385
E02000597,Kensington and Chelsea 021,E09000020,Kensington and Chelsea,0.49766637152069243,6394,12,2,1,1,12847.964752897,24.112539417385676,4.018756569564279,3.127932436659368,1.563966218329684,1.563966218329684
E02000598,Kingston upon Thames 001,E09000021,Kingston upon Thames,1.3304518931610996,8261,26,1,0,0,6209.168510687147,19.542232329968023,0.7516243203833854,1.210507202517855,0.0,0.0
E02000599,Kingston upon Thames 002,E09000021,Kingston upon Thames,4.155587593307844,7074,33,3,1,2,1702.2863412606114,7.941115247610995,0.7219195679646359,4.2408821034775235,1.413627367825841,2.827254735651682
E02000600,Kingston upon Thames 003,E09000021,Kingston upon Thames,1.1053630314548382,8780,23,2,0,1,7943.09177179925,20.807643593551564,1.8093603124827446,2.277904328018223,0.0,1.1389521640091116
E02000601,Kingston upon Thames 004,E09000021,Kingston upon Thames,1.0709967854580837,12002,10,3,0,0,11206.382841631535,9.337096185328724,2.801128855598617,2.4995834027662056,0.0,0.0
E02000602,Kingston upon Thames 005,E09000021,Kingston upon Thames,1.0774035774178752,10624,22,3,0,0,9860.743200297951,20.41946069338808,2.784471912734738,2.8237951807228914,0.0,0.0
E02000603,Kingston upon Thames 006,E09000021,Kingston upon Thames,1.323558337297853,9291,16,1,0,0,7019.71325190569,12.08862469384254,0.7555390433651588,1.0763104079216446,0.0,0.0
E02000604,Kingston upon Thames 007,E09000021,Kingston upon Thames,1.5332137965715764,9157,17,9,1,3,5972.422124348211,11.087820914482863,5.870022837079163,9.828546467183575,1.0920607185759528,3.2761821557278585
E02000605,Kingston upon Thames 008,E09000021,Kingston upon Thames,1.438040520547756,8330,13,2,0,1,5792.604506601154,9.040079061922569,1.3907813941419336,2.4009603841536618,0.0,1.2004801920768309
E02000606,Kingston upon Thames 009,E09000021,Kingston upon Thames,1.4982665483621813,11519,85,28,5,16,7688.218102841519,56.73222838280485,18.688263467276894,24.307665595971873,4.340654570709263,13.890094626269642
E02000607,Kingston upon Thames 010,E09000021,Kingston upon Thames,1.4403833761863991,7220,17,1,0,0,5012.5543791791615,11.80241335817808,0.694259609304593,1.3850415512465375,0.0,0.0
E02000608,Kingston upon Thames 011,E09000021,Kingston upon Thames,0.8212026469731837,7288,26,13,2,7,8874.788734379212,31.660881873471393,15.830440936735696,17.837541163556534,2.7442371020856204,9.60482985729967
E02000609,Kingston upon Thames 012,E09000021,Kingston upon Thames,1.474050963034377,7565,23,1,0,0,5132.1156389513335,15.60325970864252,0.6784025960279356,1.3218770654329148,0.0,0.0
E02000610,Kingston upon Thames 013,E09000021,Kingston upon Thames,1.1130393264548222,8349,16,3,1,1,7501.082667575342,14.375053620937296,2.695322553925743,3.5932446999640675,1.1977482333213558,1.1977482333213558
E02000611,Kingston upon Thames 014,E09000021,Kingston upon Thames,1.7991254733833943,7563,17,2,0,1,4203.709030797721,9.449035240455013,1.1116512047594131,2.644453259288642,0.0,1.322226629644321
E02000612,Kingston upon Thames 015,E09000021,Kingston upon Thames,1.887059275029448,8352,20,2,1,1,4425.934103140276,10.598501204837827,1.0598501204837827,2.3946360153256703,1.1973180076628351,1.1973180076628351
E02000613,Kingston upon Thames 016,E09000021,Kingston upon Thames,1.2033624585551785,8440,15,0,0,0,7013.680657890488,12.465072259284042,0.0,0.0,0.0,0.0
E02000614,Kingston upon Thames 017,E09000021,Kingston upon Thames,2.9527815832584254,9799,26,2,0,0,3318.5658077651315,8.805256761087193,0.6773274431605534,2.041024594346362,0.0,0.0
E02000615,Kingston upon Thames 018,E09000021,Kingston upon Thames,1.6359680276792237,7981,16,6,2,3,4878.457197798546,9.78014223340142,3.6675533375255327,7.517854905400326,2.505951635133442,3.758927452700163
E02000616,Kingston upon Thames 019,E09000021,Kingston upon Thames,1.3116844172369144,6177,13,0,0,0,4709.212001627614,9.910920515000644,0.0,0.0,0.0,0.0
E02000617,Kingston upon Thames 020,E09000021,Kingston upon Thames,7.075814304284736,8920,36,2,0,1,1260.6322914097,5.087753642460673,0.28265298013670404,2.242152466367713,0.0,1.1210762331838564
E02000619,Lambeth 002,E09000022,Lambeth,0.5693953096176475,8954,12,3,0,2,15725.454440453095,21.074989198730975,5.268747299682744,3.350457895912441,0.0,2.233638597274961
E02000620,Lambeth 003,E09000022,Lambeth,0.8036902370088368,10207,23,4,0,1,12700.16671844649,28.617991037941536,4.977041919642006,3.918879200548643,0.0,0.9797198001371608
E02000621,Lambeth 004,E09000022,Lambeth,0.764360176553166,14000,41,8,0,3,18315.972534220866,53.639633850218246,10.46627001955478,5.714285714285714,0.0,2.142857142857143
E02000622,Lambeth 005,E09000022,Lambeth,0.7789912193487031,8267,29,6,0,5,10612.443111890083,37.22763399598553,7.702269102617696,7.257771864037741,0.0,6.04814322003145
E02000623,Lambeth 006,E09000022,Lambeth,0.4583026733312855,7610,7,0,0,0,16604.74713072225,15.273749003292478,0.0,0.0,0.0,0.0
E02000624,Lambeth 007,E09000022,Lambeth,0.5754567950541147,9316,7,0,0,0,16188.878261701546,12.164249445245902,0.0,0.0,0.0,0.0
E02000625,Lambeth 008,E09000022,Lambeth,0.5543768950539701,9201,21,7,0,2,16597.01203655729,37.880366565341056,12.626788855113686,7.607868709922834,0.0,2.173676774263667
E02000626,Lambeth 009,E09000022,Lambeth,0.5559425132050091,8025,10,0,0,0,14434.945717203507,17.987471298695958,0.0,0.0,0.0,0.0
E02000627,Lambeth 010,E09000022,Lambeth,0.5261538604492746,9552,14,3,1,3,18154.385471663547,26.608186411567175,5.701754231050109,3.14070351758794,1.0469011725293131,3.14070351758794
E02000628,Lambeth 011,E09000022,Lambeth,0.6559777179343715,11169,32,11,2,7,17026.492965600126,48.78214476669388,16.76886226355102,9.848688333781,1.7906706061420001,6.267347121497001
E02000629,Lambeth 012,E09000022,Lambeth,0.6417941265064248,9262,17,4,0,1,14431.419075798105,26.48824490267413,6.2325282123939125,4.318721658389117,0.0,1.0796804145972791
E02000630,Lambeth 013,E09000022,Lambeth,0.6786773817297932,7457,26,9,0,5,10987.547545777665,38.309807722974284,13.26108728872187,12.069196727906666,0.0,6.705109293281481
E02000631,Lambeth 014,E09000022,Lambeth,1.0649442015442614,9403,22,7,0,4,8829.570588172446,20.65835934699498,6.573114337680221,7.4444326278847175,0.0,4.25396150164841
E02000632,Lambeth 015,E09000022,Lambeth,0.5278936001470361,9380,6,4,1,2,17768.7321789606,11.365926766925757,7.577284511283837,4.264392324093817,1.0660980810234542,2.1321961620469083
E02000633,Lambeth 016,E09000022,Lambeth,0.6317263225976966,9100,24,8,2,5,14404.97201791474,37.99113499230261,12.663711664100871,8.791208791208792,2.197802197802198,5.4945054945054945
E02000634,Lambeth 017,E09000022,Lambeth,0.5208551896155272,6839,15,5,0,3,13130.32899806231,28.79879148573397,9.599597161911325,7.311010381634742,0.0,4.386606228980845
E02000635,Lambeth 018,E09000022,Lambeth,1.2427056400233005,9789,29,9,2,6,7877.167114021031,23.336177986169158,7.242262133638704,9.193993257738278,2.0431096128307282,6.129328838492185
E02000636,Lambeth 019,E09000022,Lambeth,0.9239656229460947,7817,12,4,0,1,8460.271471004775,12.987496181662696,4.329165393887566,5.117052577715237,0.0,1.2792631444288092
E02000637,Lambeth 020,E09000022,Lambeth,0.5838530564105378,8194,7,3,0,1,14034.353181904675,11.989318070946146,5.138279173262634,3.6612155235538197,0.0,1.22040517451794
E02000638,Lambeth 021,E09000022,Lambeth,0.6852748308377771,9861,10,2,1,1,14389.847045665629,14.59268537234117,2.9185370744682344,2.0281918669506136,1.0140959334753068,1.0140959334753068
E02000639,Lambeth 022,E09000022,Lambeth,0.5843230795571033,7974,16,1,0,0,13646.560060650037,27.382111985252145,1.711381999078259,1.254075746175069,0.0,0.0
E02000640,Lambeth 023,E09000022,Lambeth,0.8179916193100573,8864,16,0,0,0,10836.296840640523,19.56010260043416,0.0,0.0,0.0,0.0
E02000641,Lambeth 024,E09000022,Lambeth,0.6109341433625901,8397,10,0,0,0,13744.525643603407,16.368376376805298,0.0,0.0,0.0,0.0
E02000642,Lambeth 025,E09000022,Lambeth,1.0843239159743707,9528,26,2,0,1,8787.042192496661,23.978074832589545,1.8444672948145804,2.0990764063811924,0.0,1.0495382031905962
E02000643,Lambeth 026,E09000022,Lambeth,0.7001634304399982,9197,16,7,1,4,13135.504655277986,22.851807598613437,9.997665824393378,7.611177557899315,1.0873110796999021,4.349244318799609
E02000644,Lambeth 027,E09000022,Lambeth,0.9044485008629368,8349,20,4,1,3,9231.039680019587,22.11292293692559,4.422584587385118,4.790992933285423,1.1977482333213558,3.5932446999640675
E02000645,Lambeth 028,E09000022,Lambeth,1.1330284627198557,9389,26,10,3,8,8286.640899966036,22.94734938748716,8.825903610571984,10.650761529449357,3.1952284588348063,8.520609223559484
E02000646,Lambeth 029,E09000022,Lambeth,0.9480099771818467,9836,18,8,1,5,10375.418230554407,18.987141942860852,8.438729752382601,8.13338755591704,1.01667344448963,5.083367222448149
E02000647,Lambeth 030,E09000022,Lambeth,0.9673633322273107,8550,26,1,0,0,8838.457811207303,26.877181648115776,1.0337377556967606,1.169590643274854,0.0,0.0
E02000648,Lambeth 031,E09000022,Lambeth,0.7040435664877818,7604,16,0,0,0,10800.467985147,22.725866354859548,0.0,0.0,0.0,0.0
E02000649,Lambeth 032,E09000022,Lambeth,1.0355791044367937,12533,38,7,1,2,12102.407190628042,36.69444452596071,6.759502938992763,5.5852549269927385,0.7978935609989628,1.5957871219979256
E02000650,Lambeth 033,E09000022,Lambeth,0.7720514553676399,7392,15,4,0,0,9574.491374386485,19.428756847375173,5.181001825966713,5.411255411255412,0.0,0.0
E02000651,Lambeth 034,E09000022,Lambeth,1.1197594133420186,8584,16,4,0,2,7665.932429521009,14.288783652415674,3.5721959131039185,4.659832246039143,0.0,2.3299161230195713
E02000652,Lambeth 035,E09000022,Lambeth,0.687363405390971,7672,6,1,0,1,11161.490326410643,8.729007033167866,1.4548345055279774,1.3034410844629822,0.0,1.3034410844629822
E02000653,Lewisham 001,E09000023,Lewisham,0.7591657738233343,12729,17,5,0,1,16767.08887427026,22.393001089056046,6.586176790898837,3.9280383376541756,0.0,0.785607667530835
E02000654,Lewisham 002,E09000023,Lewisham,1.0144689840687575,8588,13,4,0,3,8465.512632585258,12.814585959898505,3.942949526122617,4.657661853749418,0.0,3.4932463903120636
E02000655,Lewisham 003,E09000023,Lewisham,0.9784251645231455,10317,7,9,0,5,10544.495761235035,7.154354010724556,9.198455156645858,8.72346612387322,0.0,4.846370068818455
E02000657,Lewisham 005,E09000023,Lewisham,0.8736592828182059,9893,21,3,1,1,11323.63633576657,24.036830390285857,3.4338329128979797,3.0324471848781966,1.0108157282927321,1.0108157282927321
E02000658,Lewisham 006,E09000023,Lewisham,0.7739596658209813,8468,12,2,0,1,10941.138632873755,15.504683938885814,2.5841139898143024,2.3618327822390177,0.0,1.1809163911195089
E02000659,Lewisham 007,E09000023,Lewisham,1.0257262913256011,8068,19,0,0,0,7865.6460970433845,18.523460069884024,0.0,0.0,0.0,0.0
E02000660,Lewisham 008,E09000023,Lewisham,0.8124974975367766,7969,19,3,0,1,9808.030208289096,23.38468740839413,3.6923190644832835,3.7645877776383485,0.0,1.2548625925461163
E02000661,Lewisham 009,E09000023,Lewisham,1.2868244874747075,6593,28,8,3,5,5123.464826923093,21.7589891026614,6.216854029331828,12.134081601698771,4.5502806006370395,7.583801001061732
E02000662,Lewisham 010,E09000023,Lewisham,0.7700351315190639,7756,19,3,0,1,10072.267721992868,24.674198906377576,3.895926143112249,3.8679731820526047,0.0,1.289324394017535
E02000663,Lewisham 011,E09000023,Lewisham,0.6562852096499355,6733,16,2,1,1,10259.259085834652,24.379644344772675,3.0474555430965844,2.9704440813901676,1.4852220406950838,1.4852220406950838
E02000665,Lewisham 013,E09000023,Lewisham,0.8003927519002981,7969,17,5,0,1,9956.362024868346,21.239572646851787,6.246933131426996,6.274312962730581,0.0,1.2548625925461163
E02000666,Lewisham 014,E09000023,Lewisham,0.9523183350601435,7050,23,4,0,2,7402.986732954962,24.151587923115475,4.200276160541822,5.673758865248227,0.0,2.8368794326241136
E02000667,Lewisham 015,E09000023,Lewisham,0.7271187053039904,6732,18,6,0,2,9258.46075873611,24.755242670417402,8.251747556805801,8.9126559714795,0.0,2.9708853238265003
E02000668,Lewisham 016,E09000023,Lewisham,1.0091144710656008,6722,15,3,0,1,6661.285902383035,14.864517782764882,2.9729035565529762,4.462957453138947,0.0,1.4876524843796488
E02000669,Lewisham 017,E09000023,Lewisham,0.6423622132847243,8003,14,2,1,2,12458.702947479733,21.794557199139856,3.1135081713056936,2.499062851430714,1.249531425715357,2.499062851430714
E02000670,Lewisham 018,E09000023,Lewisham,0.6217365783224568,6775,10,3,0,0,10896.897876396491,16.083982105382276,4.825194631614682,4.428044280442805,0.0,0.0
E02000671,Lewisham 019,E09000023,Lewisham,0.9942723863825865,8642,20,7,0,4,8691.78317567661,20.115212163102548,7.040324257085891,8.09997685720898,0.0,4.628558204119417
E02000672,Lewisham 020,E09000023,Lewisham,1.1591833710467732,10327,39,12,1,4,8908.857958059256,33.64437497475656,10.352115376848172,11.620025176721215,0.9683354313934346,3.8733417255737383
E02000673,Lewisham 021,E09000023,Lewisham,1.0602412219861117,8081,24,5,0,2,7621.8504170797605,22.636358125221413,4.715907942754461,6.187353050365054,0.0,2.4749412201460217
E02000674,Lewisham 022,E09000023,Lewisham,0.8175812066315323,8586,17,0,0,0,10501.709102848226,20.79304155001396,0.0,0.0,0.0,0.0
E02000675,Lewisham 023,E09000023,Lewisham,1.4333000240270222,8492,34,1,0,0,5924.788849260425,23.72148149727443,0.6976906322727773,1.1775788977861517,0.0,0.0
E02000676,Lewisham 024,E09000023,Lewisham,0.7459646674847017,7719,9,0,0,0,10347.675079608649,12.064914589516498,0.0,0.0,0.0,0.0
E02000677,Lewisham 025,E09000023,Lewisham,1.0500114115259962,7579,12,4,0,1,7218.016791822609,11.428447222835638,3.8094824076118794,5.27774112679773,0.0,1.3194352816994326
E02000678,Lewisham 026,E09000023,Lewisham,1.0332641587823637,7060,10,1,0,0,6832.715467765535,9.678067234795375,0.9678067234795376,1.4164305949008498,0.0,0.0
E02000679,Lewisham 027,E09000023,Lewisham,0.9385115096393393,8253,17,3,0,0,8793.712080496005,18.113789575721807,3.196551101597966,3.635041802980734,0.0,0.0
E02000680,Lewisham 028,E09000023,Lewisham,0.7675697043201665,7084,22,3,0,2,9229.12923755149,28.66189204208537,3.9084398239207325,4.234895539243365,0.0,2.82326369282891
E02000681,Lewisham 029,E09000023,Lewisham,1.3538395821090894,8387,19,2,0,1,6194.97325298633,14.034159032638641,1.4772798981724886,2.384642899725766,0.0,1.192321449862883
E02000682,Lewisham 030,E09000023,Lewisham,1.190378950599418,9033,23,1,0,0,7588.339826952932,19.321578215423163,0.8400686180618766,1.1070519207350826,0.0,0.0
E02000683,Lewisham 031,E09000023,Lewisham,0.959109810778346,7015,21,0,0,0,7314.073864292056,21.89530308626275,0.0,0.0,0.0,0.0
E02000685,Lewisham 033,E09000023,Lewisham,0.9671931302392259,8068,29,4,0,0,8341.66388051625,29.98367036873714,4.13567867154995,4.957858205255329,0.0,0.0
E02000686,Lewisham 034,E09000023,Lewisham,1.7310047657106717,7328,23,2,0,0,4233.379448260188,13.287080691864674,1.1553983210317107,2.7292576419213974,0.0,0.0
E02000687,Lewisham 035,E09000023,Lewisham,0.7774090691454826,8259,17,4,1,2,10623.750516672233,21.867509236400043,5.145296290917657,4.84320135609638,1.210800339024095,2.42160067804819
E02000689,Merton 001,E09000024,Merton,1.9491468198266568,9623,18,8,4,4,4937.0318860104135,9.234809721312216,4.104359876138762,8.313415774706431,4.156707887353216,4.156707887353216
E02000690,Merton 002,E09000024,Merton,5.401911268410582,5420,24,0,0,0,1003.3485799174817,4.442871940594015,0.0,0.0,0.0,0.0
E02000691,Merton 003,E09000024,Merton,0.9281913383389676,7130,30,13,2,7,7681.605834373973,32.32092216426636,14.005732937848759,18.2328190743338,2.805049088359046,9.817671809256662
E02000692,Merton 004,E09000024,Merton,1.1440612304243516,7487,17,11,0,6,6544.230152107283,14.859344541982612,9.614869997753456,14.692133030586351,0.0,8.01389074395619
E02000693,Merton 005,E09000024,Merton,1.047470258465158,10279,19,5,0,1,9813.166452154603,18.138939837624036,4.773405220427377,4.864286409183772,0.0,0.9728572818367546
E02000694,Merton 006,E09000024,Merton,0.7743260479773343,9251,14,4,0,2,11947.163632380853,18.08023898533477,5.165782567238505,4.323856880337261,0.0,2.1619284401686305
E02000695,Merton 007,E09000024,Merton,0.8066248544533078,8809,4,2,0,0,10920.813995956427,4.958934724012455,2.4794673620062273,2.2704052673402204,0.0,0.0
E02000696,Merton 008,E09000024,Merton,0.7409600618041684,8695,12,2,0,1,11734.775527345548,16.195204868101964,2.699200811350327,2.3001725129384702,0.0,1.1500862564692351
E02000697,Merton 009,E09000024,Merton,1.1576626027272683,8652,37,7,1,2,7473.6801375610385,31.96095296922774,6.046666777962005,8.090614886731393,1.155802126675913,2.311604253351826
E02000698,Merton 010,E09000024,Merton,1.7547382962571598,8252,19,2,0,1,4702.6955629802105,10.827825460085313,1.1397711010616118,2.423654871546292,0.0,1.211827435773146
E02000699,Merton 011,E09000024,Merton,0.9305575196000605,8434,14,1,0,1,9063.383855760798,15.04474436574,1.0746245975528572,1.1856770215793218,0.0,1.1856770215793218
E02000700,Merton 012,E09000024,Merton,0.9220511255987881,8813,11,0,0,0,9558.038329248566,11.929924159960764,0.0,0.0,0.0,0.0
E02000701,Merton 013,E09000024,Merton,0.9565178826101961,9200,22,1,0,0,9618.220597083411,23.00009273215598,1.0454587605525447,1.0869565217391304,0.0,0.0
E02000702,Merton 014,E09000024,Merton,1.5584115170870554,9237,30,1,0,0,5927.189255675917,19.250371080467414,0.6416790360155805,1.0826025765941323,0.0,0.0
E02000703,Merton 015,E09000024,Merton,1.4748497966431955,7919,23,2,0,0,5369.360336234844,15.594808401742824,1.3560702958037238,2.525571410531633,0.0,0.0
E02000704,Merton 016,E09000024,Merton,1.6711220464617602,8998,34,8,1,4,5384.406255097478,20.345611544044704,4.787202716245813,8.890864636585908,1.1113580795732385,4.445432318292954
E02000705,Merton 017,E09000024,Merton,1.241594428663535,9545,17,2,0,0,7687.695578881049,13.6920717486619,1.6108319704308118,2.095337873232059,0.0,0.0
E02000706,Merton 018,E09000024,Merton,0.9045124471538218,10284,20,6,1,1,11369.661116726566,22.11135962023836,6.633407886071508,5.8343057176196025,0.9723842862699339,0.9723842862699339
E02000707,Merton 019,E09000024,Merton,1.1598133605475407,8738,20,0,0,0,7533.970807057132,17.24415382709346,0.0,0.0,0.0,0.0
E02000708,Merton 020,E09000024,Merton,1.6460874894284372,9016,18,2,0,1,5477.23013381906,10.935020231670705,1.2150022479634117,2.218278615794144,0.0,1.109139307897072
E02000709,Merton 021,E09000024,Merton,1.7173382344619834,8070,21,0,0,0,4699.1325517935675,12.228225971210026,0.0,0.0,0.0,0.0
E02000710,Merton 022,E09000024,Merton,3.2259540054085054,9496,57,2,0,0,2943.625353640934,17.6691917815431,0.6199716414576525,2.1061499578770007,0.0,0.0
E02000711,Merton 023,E09000024,Merton,1.3307909199847185,9608,37,11,1,4,7219.766723468724,27.803015067479475,8.265761236277681,11.44879267277269,1.0407993338884263,4.163197335553705
E02000712,Merton 024,E09000024,Merton,1.6303715508101708,9677,26,0,0,0,5935.456856562092,15.94728513698609,0.0,0.0,0.0,0.0
E02000713,Merton 025,E09000024,Merton,1.5341559003458862,7906,18,1,0,1,5153.322421937391,11.732836275597398,0.6518242375331887,1.2648621300278269,0.0,1.2648621300278269
E02000714,Newham 001,E09000025,Newham,0.5492719726402953,7912,11,4,1,3,14404.521610610878,20.026508811516642,7.282366840551505,5.055611729019212,1.263902932254803,3.7917087967644085
E02000715,Newham 002,E09000025,Newham,0.4350325089772021,7499,8,0,0,0,17237.792223001397,18.389430295240857,0.0,0.0,0.0,0.0
E02000716,Newham 003,E09000025,Newham,1.5669068918483589,7549,13,4,0,1,4817.771904171682,8.29660017939222,2.552800055197606,5.298715061597562,0.0,1.3246787653993906
E02000717,Newham 004,E09000025,Newham,0.49699430918279885,8531,14,5,0,2,17165.186486797826,28.16933663288824,10.060477368888657,5.860977611065526,0.0,2.34439104442621
E02000718,Newham 005,E09000025,Newham,0.6251785546782208,7721,3,1,0,1,12350.071739063404,4.798629091722602,1.5995430305742007,1.2951690195570522,0.0,1.2951690195570522
E02000719,Newham 006,E09000025,Newham,0.6943570475558782,8308,10,1,0,0,11965.025816680309,14.401812489985927,1.4401812489985928,1.2036591237361578,0.0,0.0
E02000720,Newham 007,E09000025,Newham,0.524453247788733,7840,6,3,1,3,14948.90160954482,11.440485925672057,5.7202429628360285,3.826530612244898,1.2755102040816328,3.826530612244898
E02000721,Newham 008,E09000025,Newham,0.5897865263608859,10292,18,10,1,1,17450.381688954356,30.519517139640346,16.95528729980019,9.71628449280995,0.9716284492809949,0.9716284492809949
E02000722,Newham 009,E09000025,Newham,0.45214838635672827,8660,9,1,0,0,19153.00432625581,19.904969854076477,2.2116633171196085,1.1547344110854503,0.0,0.0
E02000723,Newham 010,E09000025,Newham,0.7100846380209977,11313,22,5,1,2,15931.903598885441,30.982222149339673,7.041414124849926,4.419694157164324,0.8839388314328648,1.7678776628657296
E02000724,Newham 011,E09000025,Newham,0.4968391680136263,10300,5,1,1,1,20731.054762006028,10.06361881650778,2.012723763301556,0.970873786407767,0.970873786407767,0.970873786407767
E02000725,Newham 012,E09000025,Newham,0.7928161723604246,10146,24,13,2,6,12797.418056940816,30.271834552195898,16.397243715772778,12.812931204415534,1.9712201852946976,5.913660555884093
E02000727,Newham 014,E09000025,Newham,0.3945651151887024,8835,12,2,0,1,22391.741337230545,30.41323101830974,5.0688718363849565,2.2637238256932655,0.0,1.1318619128466327
E02000728,Newham 015,E09000025,Newham,0.6557358792185359,8654,0,0,0,0,13197.386744055066,0.0,0.0,0.0,0.0,0.0
E02000729,Newham 016,E09000025,Newham,0.7044120519027958,7331,10,1,0,0,10407.260892537412,14.196236383218404,1.4196236383218404,1.3640703860319192,0.0,0.0
E02000730,Newham 017,E09000025,Newham,0.5033728103425871,10487,15,7,2,4,20833.4653452234,29.798987334638223,13.906194089497838,6.674930866787451,1.9071231047964146,3.814246209592829
E02000731,Newham 018,E09000025,Newham,0.5809770641265161,10524,17,12,3,5,18114.312336619623,29.2610518550488,20.654860132975625,11.402508551881414,2.8506271379703536,4.751045229950589
E02000732,Newham 019,E09000025,Newham,0.4414841199733064,10014,3,2,1,1,22682.58255949383,6.795261401885509,4.530174267923672,1.9972039145196725,0.9986019572598362,0.9986019572598362
E02000733,Newham 020,E09000025,Newham,0.7401684246835735,10346,15,0,0,0,13977.899698197716,20.265657787837398,0.0,0.0,0.0,0.0
E02000734,Newham 021,E09000025,Newham,0.38059008455505683,7624,13,4,0,1,20032.05104229955,34.1574847258518,10.509995300262092,5.246589716684156,0.0,1.311647429171039
E02000735,Newham 022,E09000025,Newham,0.5481893143851004,9060,12,4,1,2,16527.137180998372,21.89024792185215,7.29674930728405,4.415011037527594,1.1037527593818985,2.207505518763797
E02000736,Newham 023,E09000025,Newham,1.2725557917258001,9560,24,1,0,0,7512.440760679757,18.859683918024494,0.7858201632510206,1.0460251046025104,0.0,0.0
E02000737,Newham 024,E09000025,Newham,0.8407986227120476,10910,12,0,0,0,12975.758648139938,14.272145167523304,0.0,0.0,0.0,0.0
E02000738,Newham 025,E09000025,Newham,0.45944241028803806,10043,7,1,0,1,21859.10524390586,15.235859474991637,2.176551353570234,0.9957184108334163,0.0,0.9957184108334163
E02000739,Newham 026,E09000025,Newham,0.45338188680260894,8066,18,4,0,1,17790.74161273614,39.701630179674,8.822584484372,4.959087527894868,0.0,1.239771881973717
E02000740,Newham 027,E09000025,Newham,1.2731307149283682,7092,25,2,0,1,5570.519913502382,19.636632520806483,1.5709306016645186,2.820078962210942,0.0,1.410039481105471
E02000741,Newham 028,E09000025,Newham,0.7556394055413598,8586,16,0,0,0,11362.562535828536,21.174120728308473,0.0,0.0,0.0,0.0
E02000742,Newham 029,E09000025,Newham,0.7907917687932075,8931,15,0,0,0,11293.74426042548,18.968330971490563,0.0,0.0,0.0,0.0
E02000743,Newham 030,E09000025,Newham,0.626647355160729,11108,20,6,2,4,17726.07816584641,31.915877144123897,9.574763143237169,5.401512423478573,1.8005041411595248,3.6010082823190497
E02000744,Newham 031,E09000025,Newham,0.5985445233901244,9535,8,3,1,1,15930.31032343971,13.365755908496872,5.012158465686327,3.146303093864709,1.048767697954903,1.048767697954903
E02000745,Newham 032,E09000025,Newham,0.7242743467000848,8968,9,0,0,0,12382.048378297131,12.4262305312973,0.0,0.0,0.0,0.0
E02000746,Newham 033,E09000025,Newham,4.936032472666085,10583,55,12,0,1,2144.029655113641,11.142552303812744,2.4311023208318714,11.338939809127845,0.0,0.944911650760654
E02000747,Newham 034,E09000025,Newham,2.080738614463102,15614,70,10,1,3,7504.066052058595,33.64189981068923,4.805985687241319,6.404508774177021,0.640450877417702,1.9213526322531063
E02000748,Newham 035,E09000025,Newham,1.3313310110507872,6407,38,2,0,2,4812.477097595068,28.54286400946037,1.5022560004979142,3.121585765568909,0.0,3.121585765568909
E02000749,Newham 036,E09000025,Newham,1.4190786057705467,10272,28,3,0,3,7238.499656206429,19.7311127700331,2.1140477967892606,2.920560747663551,0.0,2.920560747663551
E02000751,Redbridge 001,E09000026,Redbridge,3.0745937037746507,11127,30,4,0,3,3619.014761638093,9.75738679330842,1.300984905774456,3.5948593511278872,0.0,2.6961445133459154
E02000752,Redbridge 002,E09000026,Redbridge,4.884240227729773,9461,33,2,2,2,1937.046410265847,6.756424430691571,0.4094802685267619,2.1139414438220063,2.1139414438220063,2.1139414438220063
E02000753,Redbridge 003,E09000026,Redbridge,0.7575407551086513,7223,18,0,0,0,9534.800538835738,23.76109784010014,0.0,0.0,0.0,0.0
E02000754,Redbridge 004,E09000026,Redbridge,1.2330778339527633,6487,18,3,0,2,5260.819569844367,14.597618661507417,2.4329364435845693,4.624633883150917,0.0,3.083089255433945
E02000755,Redbridge 005,E09000026,Redbridge,1.346087562972024,5555,12,1,0,0,4126.774626559306,8.914724665834683,0.7428937221528903,1.8001800180018002,0.0,0.0
E02000756,Redbridge 006,E09000026,Redbridge,3.593950854713069,15143,36,5,0,1,4213.4688570216895,10.016831463566058,1.3912265921619527,3.3018556428712937,0.0,0.6603711285742587
E02000757,Redbridge 007,E09000026,Redbridge,1.4915220345781253,12275,24,8,3,5,8229.848245904033,16.090945653906054,5.363648551302018,6.517311608961303,2.443991853360489,4.0733197556008145
E02000758,Redbridge 008,E09000026,Redbridge,1.1464555739908602,6874,9,0,0,0,5995.871236485263,7.850282387018819,0.0,0.0,0.0,0.0
E02000759,Redbridge 009,E09000026,Redbridge,2.3440371105263904,12944,35,2,0,2,5522.096873753514,14.931504216731534,0.8532288123846591,1.5451174289245981,0.0,1.5451174289245981
E02000760,Redbridge 010,E09000026,Redbridge,1.0390201657194869,7629,19,4,1,1,7342.494642264399,18.286459326651407,3.84978091087398,5.243151133831433,1.3107877834578583,1.3107877834578583
E02000762,Redbridge 012,E09000026,Redbridge,0.8012341071354059,6998,12,1,1,1,8734.026594323901,14.97689613202155,1.2480746776684624,1.4289797084881395,1.4289797084881395,1.4289797084881395
E02000763,Redbridge 013,E09000026,Redbridge,7.735217146910057,8213,29,1,0,0,1061.7672192022173,3.749086735281176,0.12927885294073022,1.21758188238159,0.0,0.0
E02000764,Redbridge 014,E09000026,Redbridge,1.986335694272813,12214,36,7,2,6,6149.010982995742,18.1238247411042,3.5240770329924835,5.731128213525463,1.637465203864418,4.912395611593253
E02000765,Redbridge 015,E09000026,Redbridge,0.7253364024140562,7903,15,1,0,1,10895.634044696126,20.680059555920778,1.378670637061385,1.2653422750854106,0.0,1.2653422750854106
E02000767,Redbridge 017,E09000026,Redbridge,0.8769909467304347,9062,17,3,0,0,10333.059917875566,19.384464643995212,3.4207878783520966,3.310527477378062,0.0,0.0
E02000768,Redbridge 018,E09000026,Redbridge,1.698522407287922,5786,14,0,0,0,3406.4902383234776,8.242458233067522,0.0,0.0,0.0,0.0
E02000770,Redbridge 020,E09000026,Redbridge,1.1648947871742856,8210,6,0,0,0,7047.84680161133,5.1506797575722265,0.0,0.0,0.0,0.0
E02000772,Redbridge 022,E09000026,Redbridge,1.4029138615615562,8903,28,6,0,2,6346.077434925508,19.958459864979694,4.276812828209935,6.73930135909244,0.0,2.246433786364147
E02000773,Redbridge 023,E09000026,Redbridge,0.9517240086037482,11210,18,3,1,1,11778.624788972096,18.91304604830488,3.1521743413841468,2.6761819803746656,0.8920606601248885,0.8920606601248885
E02000774,Redbridge 024,E09000026,Redbridge,0.6792300854355544,8891,7,1,0,0,13089.820652303219,10.305786139480658,1.4722551627829512,1.1247328759419637,0.0,0.0
E02000776,Redbridge 026,E09000026,Redbridge,0.6004226908250292,7345,11,0,0,0,12233.048670941096,18.32042687275045,0.0,0.0,0.0,0.0
E02000777,Redbridge 027,E09000026,Redbridge,3.499136400525526,6064,19,2,0,0,1732.999033444156,5.429911219564473,0.5715696020594182,3.2981530343007917,0.0,0.0
E02000779,Redbridge 029,E09000026,Redbridge,0.9023990294123219,9196,10,6,1,5,10190.613797522368,11.081572202612405,6.648943321567443,6.524575902566333,1.087429317094389,5.437146585471945
E02000781,Redbridge 031,E09000026,Redbridge,1.8835726061093334,16767,26,0,0,0,8901.700919633542,13.803556027343715,0.0,0.0,0.0,0.0
E02000782,Redbridge 032,E09000026,Redbridge,0.7125072636927624,12863,11,5,1,2,18053.149287677446,15.4384391016444,7.017472318929272,3.887118090647594,0.7774236181295188,1.5548472362590375
E02000783,Redbridge 033,E09000026,Redbridge,0.5664450474062692,7803,8,2,0,0,13775.387455022596,14.123170529306774,3.5307926323266936,2.563116749967961,0.0,0.0
E02000784,Richmond upon Thames 001,E09000027,Richmond upon Thames,3.009730702610429,9902,39,9,2,7,3289.995344570762,12.9579699493294,2.9903007575375535,9.089072914562715,2.0197939810139363,7.0692789335487785
E02000785,Richmond upon Thames 002,E09000027,Richmond upon Thames,4.3396608026592585,9832,39,6,0,4,2265.6148595703944,8.98687749422756,1.3825965375734708,6.102522375915378,0.0,4.068348250610252
E02000786,Richmond upon Thames 003,E09000027,Richmond upon Thames,1.9380328615766593,11445,38,7,1,3,5905.4726196381835,19.607510663717868,3.6119098591059227,6.116207951070336,0.8737439930100481,2.621231979030144
E02000787,Richmond upon Thames 004,E09000027,Richmond upon Thames,1.8435564075623097,12272,31,3,0,1,6656.698948651629,16.81532491918192,1.6272895083079275,2.444589308996089,0.0,0.8148631029986962
E02000788,Richmond upon Thames 005,E09000027,Richmond upon Thames,1.0846250066760565,9062,13,9,2,7,8354.961340759992,11.98570927277421,8.297798727305222,9.931582432134187,2.2070183182520418,7.7245641138821455
E02000789,Richmond upon Thames 006,E09000027,Richmond upon Thames,1.8356326594088903,6365,27,3,0,2,3467.4693585205955,14.708825244313603,1.6343139160348448,4.713275726630008,0.0,3.1421838177533385
E02000790,Richmond upon Thames 007,E09000027,Richmond upon Thames,0.8383451874455481,6621,12,2,1,1,7897.701447030785,14.313912908075732,2.385652151345955,3.0206917384080954,1.5103458692040477,1.5103458692040477
E02000791,Richmond upon Thames 008,E09000027,Richmond upon Thames,1.1725978007783975,6228,30,13,2,10,5311.2840531218035,25.584219909064565,11.086495293927978,20.873474630700066,3.211303789338471,16.056518946692357
E02000792,Richmond upon Thames 009,E09000027,Richmond upon Thames,1.3691157998517138,7245,13,3,0,2,5291.736462894294,9.495179298499078,2.1911952227305562,4.140786749482402,0.0,2.7605244996549345
E02000793,Richmond upon Thames 010,E09000027,Richmond upon Thames,1.3264395681676706,8230,21,9,1,5,6204.57968648269,15.8318558221308,6.785081066627486,10.935601458080194,1.2150668286755772,6.075334143377885
E02000794,Richmond upon Thames 011,E09000027,Richmond upon Thames,1.464344795351416,7191,26,2,0,1,4910.728690966728,17.75538116605965,1.3657985512353576,2.781254345709915,0.0,1.3906271728549575
E02000795,Richmond upon Thames 012,E09000027,Richmond upon Thames,12.117848983206086,6878,26,7,3,5,567.5924835779106,2.1455953144846864,0.5776602769766463,10.177377144518756,4.36173306193661,7.269555103227683
E02000796,Richmond upon Thames 013,E09000027,Richmond upon Thames,1.9120326602045161,11488,26,1,0,0,6008.265569465331,13.598094081310814,0.5230036185119543,0.8704735376044568,0.0,0.0
E02000797,Richmond upon Thames 014,E09000027,Richmond upon Thames,0.9993196979305013,8187,19,12,2,7,8192.573424655313,19.012934538713928,12.00816918234564,14.657383657017222,2.442897276169537,8.55014046659338
E02000798,Richmond upon Thames 015,E09000027,Richmond upon Thames,2.4557761264142166,11445,35,2,0,0,4660.441103282216,14.252113465694853,0.8144064837539916,1.7474879860200963,0.0,0.0
E02000799,Richmond upon Thames 016,E09000027,Richmond upon Thames,1.3203144986990896,6447,23,2,0,1,4882.927519429842,17.420091972527743,1.5147906063067602,3.102218085931441,0.0,1.5511090429657206
E02000800,Richmond upon Thames 017,E09000027,Richmond upon Thames,1.9543702410936326,5513,12,0,0,0,2820.8575243731802,6.140085306090724,0.0,0.0,0.0,0.0
E02000801,Richmond upon Thames 018,E09000027,Richmond upon Thames,1.0162235312036492,7274,21,3,1,1,7157.874007684541,20.664744866837413,2.952106409548202,4.124278251306022,1.3747594171020072,1.3747594171020072
E02000802,Richmond upon Thames 019,E09000027,Richmond upon Thames,1.449462511790049,7139,16,3,1,1,4925.2739839290625,11.0385745542604,2.069732728923825,4.202269225381706,1.4007564084605686,1.4007564084605686
E02000803,Richmond upon Thames 020,E09000027,Richmond upon Thames,1.9496192230317682,10051,32,2,0,0,5155.365663850055,16.413461470818998,1.0258413419261874,1.9898517560441749,0.0,0.0
E02000804,Richmond upon Thames 021,E09000027,Richmond upon Thames,3.7485420888820102,7085,23,7,2,5,1890.0681470307504,6.135718755357412,1.867392664673995,9.880028228652083,2.8228652081863093,7.057163020465773
E02000805,Richmond upon Thames 022,E09000027,Richmond upon Thames,2.7457392466796775,10504,24,3,0,1,3825.5635573196196,8.740815439420304,1.092601929927538,2.856054836252856,0.0,0.952018278750952
E02000806,Richmond upon Thames 023,E09000027,Richmond upon Thames,6.876822636252155,10274,54,5,2,4,1494.0039235328156,7.852463682185326,0.7270799705727155,4.866653688923496,1.9466614755693987,3.8933229511387974
E02000807,Southwark 001,E09000028,Southwark,0.9786367625953876,8145,13,1,0,0,8322.801994888383,13.283784645002942,1.0218295880771495,1.2277470841006752,0.0,0.0
E02000808,Southwark 002,E09000028,Southwark,1.2274760480665952,11141,50,45,12,37,9076.348184185146,40.733992389305925,36.660593150375334,40.39134727582802,10.771025940220806,33.21066331568082
E02000810,Southwark 004,E09000028,Southwark,0.7484288053320599,11890,20,5,0,0,15886.614618907795,26.722648644083762,6.6806621610209405,4.205214465937763,0.0,0.0
E02000812,Southwark 006,E09000028,Southwark,0.701537370773438,11366,26,14,3,8,16201.560278205989,37.06146113261972,19.956171379102923,12.317437972901635,2.639450994193208,7.038535984515221
E02000813,Southwark 007,E09000028,Southwark,0.9688576623961134,10449,39,8,0,2,10784.865935991298,40.253590918141505,8.257146855003386,7.656235046415925,0.0,1.9140587616039813
E02000814,Southwark 008,E09000028,Southwark,1.2217147939590172,10780,28,0,0,0,8823.663307756931,22.91860599417385,0.0,0.0,0.0,0.0
E02000815,Southwark 009,E09000028,Southwark,0.42113488055643006,8906,21,7,0,2,21147.61899615826,49.865259254359245,16.621753084786416,7.859869750729845,0.0,2.2456770716370986
E02000816,Southwark 010,E09000028,Southwark,0.7594435293490516,9739,18,9,3,4,12823.863294151277,23.701564769968474,11.850782384984237,9.241195194578498,3.080398398192833,4.1071978642571105
E02000817,Southwark 011,E09000028,Southwark,0.662344711485284,6999,15,3,1,2,10567.0051842114,22.646817797281184,4.529363559456237,4.286326618088299,1.4287755393627661,2.8575510787255323
E02000818,Southwark 012,E09000028,Southwark,0.5853755457409328,10726,21,9,3,7,18323.27994915415,35.87440601643083,15.374745435613214,8.390826030206973,2.7969420100689915,6.526198023494312
E02000819,Southwark 013,E09000028,Southwark,0.5367464466920763,8505,11,5,1,3,15845.470524147124,20.49384782664531,9.315385375747868,5.878894767783657,1.1757789535567313,3.5273368606701943
E02000820,Southwark 014,E09000028,Southwark,0.44979725778707685,9478,14,3,1,3,21071.715836219384,31.125134174622428,6.669671608847663,3.165224730955898,1.0550749103186325,3.165224730955898
E02000821,Southwark 015,E09000028,Southwark,0.7183035784558403,9167,12,2,1,1,12762.013548236231,16.70602842574831,2.784338070958052,2.1817388458601505,1.0908694229300753,1.0908694229300753
E02000822,Southwark 016,E09000028,Southwark,0.47917671403405604,6806,6,3,1,1,14203.528261426085,12.52147657486872,6.26073828743436,4.407875404055245,1.4692918013517486,1.4692918013517486
E02000823,Southwark 017,E09000028,Southwark,0.6434629643822558,8736,16,4,1,2,13576.538951836688,24.865455955744853,6.216363988936213,4.5787545787545785,1.1446886446886446,2.2893772893772892
E02000824,Southwark 018,E09000028,Southwark,0.9710188488459268,10117,18,3,1,1,10418.95325927425,18.53723027250534,3.08953837875089,2.9653059207274883,0.9884353069091628,0.9884353069091628
E02000825,Southwark 019,E09000028,Southwark,0.5324694565299789,10167,6,1,0,0,19094.052955181254,11.268251965288435,1.8780419942147393,0.983574309039048,0.0,0.0
E02000826,Southwark 020,E09000028,Southwark,0.5497243304623776,10079,6,1,1,1,18334.644187064583,10.914561476573816,1.8190935794289693,0.9921619208254787,0.9921619208254787,0.9921619208254787
E02000827,Southwark 021,E09000028,Southwark,0.6812594704707692,11640,26,12,2,3,17086.001009213767,38.164607065254124,17.614434030117287,10.309278350515465,1.718213058419244,2.577319587628866
E02000828,Southwark 022,E09000028,Southwark,0.6360972463453081,9678,21,8,1,6,15214.654764825467,33.01382001047063,12.576693337322146,8.266170696424881,1.0332713370531101,6.19962802231866
E02000829,Southwark 023,E09000028,Southwark,0.7925525464343652,10904,15,7,2,3,13758.07831172366,18.926189900573636,8.83222195360103,6.419662509170946,1.8341892883345563,2.7512839325018343
E02000830,Southwark 024,E09000028,Southwark,0.8357030833380753,9213,12,10,1,7,11024.25033924755,14.359166837183393,11.965972364319494,10.854227721697601,1.08542277216976,7.597959405188321
E02000831,Southwark 025,E09000028,Southwark,0.8058000203296221,9630,19,12,2,9,11950.855990374304,23.579051279035493,14.892032386759258,12.461059190031154,2.0768431983385254,9.345794392523365
E02000832,Southwark 026,E09000028,Southwark,0.8457291032966663,9744,23,6,1,3,11521.419757245818,27.195469459837213,7.094470293870577,6.157635467980295,1.026272577996716,3.0788177339901477
E02000833,Southwark 027,E09000028,Southwark,0.8262426973027802,7250,19,1,0,0,8774.66151733285,22.995664666113676,1.2102981403217723,1.3793103448275863,0.0,0.0
E02000834,Southwark 028,E09000028,Southwark,1.2136526423803513,9162,27,7,0,4,7549.112225414399,22.246892609276227,5.767712898701244,7.640253219820999,0.0,4.365858982754857
E02000835,Southwark 029,E09000028,Southwark,1.4598759284421532,7589,24,0,0,0,5198.386967102259,16.4397532231459,0.0,0.0,0.0,0.0
E02000836,Southwark 030,E09000028,Southwark,0.7560967980540666,8259,15,8,2,7,10923.204570176502,19.83872969519888,10.580655837439402,9.68640271219276,2.42160067804819,8.475602373168664
E02000837,Southwark 031,E09000028,Southwark,2.3808002307848577,8639,38,4,1,2,3628.61187944024,15.961019958181401,1.6801073640190949,4.630165528417641,1.1575413821044103,2.3150827642088205
E02000838,Southwark 032,E09000028,Southwark,1.0698375141162149,9457,30,1,0,0,8839.660112136151,28.04164146812779,0.9347213822709263,1.0574177857671565,0.0,0.0
E02000839,Southwark 033,E09000028,Southwark,2.761751400018597,8252,38,3,0,1,2987.9590175800877,13.759384714983439,1.0862672143407979,3.6354823073194376,0.0,1.211827435773146
E02000840,Sutton 001,E09000029,Sutton,1.3675140049280787,9374,21,3,0,1,6854.774405394849,15.356332676903332,2.1937618109861905,3.200341369746106,0.0,1.0667804565820356
E02000841,Sutton 002,E09000029,Sutton,1.1548504214143702,9345,23,3,0,0,8091.957041982092,19.91599914024485,2.5977390182928066,3.2102728731942216,0.0,0.0
E02000842,Sutton 003,E09000029,Sutton,1.6184684066828345,8555,21,3,0,0,5285.8615989508735,12.975230108470875,1.853604301210125,3.5067212156633545,0.0,0.0
E02000843,Sutton 004,E09000029,Sutton,1.2782917229226445,10522,20,3,0,0,8231.297919963718,15.645880859083286,2.346882128862493,2.851168979281505,0.0,0.0
E02000844,Sutton 005,E09000029,Sutton,1.0109858082000454,8866,18,2,0,1,8769.658216849737,17.804404230013002,1.9782671366681113,2.2558087074216107,0.0,1.1279043537108053
E02000845,Sutton 006,E09000029,Sutton,1.506542860724674,9378,9,6,1,1,6224.847791910158,5.97394221872376,3.9826281458158403,6.397952655150352,1.0663254425250586,1.0663254425250586
E02000846,Sutton 007,E09000029,Sutton,1.3663406805964518,7744,25,1,0,0,5667.6933578670105,18.29704725551075,0.73188189022043,1.2913223140495869,0.0,0.0
E02000847,Sutton 008,E09000029,Sutton,1.5418105706275995,9636,13,2,0,0,6249.7950030772145,8.431645396430447,1.2971762148354533,2.0755500207555,0.0,0.0
E02000848,Sutton 009,E09000029,Sutton,1.149543227174486,8210,20,3,1,1,7141.9671795898685,17.398214810206746,2.6097322215310115,3.654080389768575,1.218026796589525,1.218026796589525
E02000849,Sutton 010,E09000029,Sutton,1.1940465652529995,8222,16,0,0,0,6885.828609421014,13.399812424073977,0.0,0.0,0.0,0.0
E02000850,Sutton 011,E09000029,Sutton,4.979580464695272,10994,43,3,0,1,2207.8165174649475,8.63526562224784,0.6024603922498493,2.7287611424413316,0.0,0.9095870474804439
E02000851,Sutton 012,E09000029,Sutton,1.1415956221172152,12512,29,11,1,4,10960.098092173053,25.403040654812862,9.635636110446258,8.79156010230179,0.7992327365728901,3.1969309462915603
E02000852,Sutton 013,E09000029,Sutton,0.9480491218187161,8361,19,1,1,1,8819.1632770678,20.041155635006366,1.054797665000335,1.196029183112068,1.196029183112068,1.196029183112068
E02000853,Sutton 014,E09000029,Sutton,1.2466976195644406,8389,15,0,0,0,6728.977314427591,12.031786829945627,0.0,0.0,0.0,0.0
E02000854,Sutton 015,E09000029,Sutton,1.6268162739486742,7684,23,5,1,2,4723.336078602832,14.138043962501968,3.0734878179352103,6.507027589796981,1.3014055179593962,2.6028110359187924
E02000855,Sutton 016,E09000029,Sutton,1.860887694961178,8226,24,6,2,3,4420.470951725871,12.897070610432884,3.224267652608221,7.293946024799417,2.4313153415998054,3.6469730123997084
E02000856,Sutton 017,E09000029,Sutton,1.2528508766110817,9406,20,8,1,2,7507.677230863185,15.963591815571306,6.385436726228522,8.50520944078248,1.06315118009781,2.12630236019562
E02000857,Sutton 018,E09000029,Sutton,1.0202533995264147,9243,20,1,0,1,9059.514042580453,19.60297315283015,0.9801486576415075,1.0818998160770312,0.0,1.0818998160770312
E02000858,Sutton 019,E09000029,Sutton,1.5330192216714444,8690,22,0,0,0,5668.552538124949,14.350765919303669,0.0,0.0,0.0,0.0
E02000859,Sutton 020,E09000029,Sutton,1.710504708856975,8759,23,1,0,0,5120.710837360454,13.44632369668803,0.5846227694212186,1.1416828405069073,0.0,0.0
E02000860,Sutton 021,E09000029,Sutton,0.8780144340993432,9188,14,0,0,0,10464.520448829457,15.945068163214234,0.0,0.0,0.0,0.0
E02000861,Sutton 022,E09000029,Sutton,2.562099344229015,7806,22,3,1,2,3046.72026772989,8.586708415328923,1.1709147839084897,3.8431975403535743,1.2810658467845246,2.5621316935690492
E02000863,Sutton 024,E09000029,Sutton,6.56436391629639,6749,23,2,0,0,1028.1270334883843,3.5037667462191195,0.30467536923644517,2.96340198547933,0.0,0.0
E02000864,Tower Hamlets 001,E09000030,Tower Hamlets,1.2620288874552978,11754,31,7,2,5,9313.574448917943,24.563621568526138,5.546624225151064,5.955419431682832,1.7015484090522377,4.253871022630594
E02000865,Tower Hamlets 002,E09000030,Tower Hamlets,0.46369017727288847,8239,11,6,0,2,17768.329811203286,23.722736730578486,12.939674580315536,7.282437188979245,0.0,2.427479062993082
E02000866,Tower Hamlets 003,E09000030,Tower Hamlets,1.1345073540797,11205,25,8,1,6,9876.533598223676,22.035996426201862,7.051518856384597,7.1396697902722,0.892458723784025,5.35475234270415
E02000867,Tower Hamlets 004,E09000030,Tower Hamlets,0.8089073700885979,12161,14,5,1,2,15033.859808531639,17.307296876855762,6.181177456019915,4.111503988158868,0.8223007976317738,1.6446015952635475
E02000868,Tower Hamlets 005,E09000030,Tower Hamlets,0.3591839958180472,7484,8,8,1,6,20836.117664304813,22.272707284131283,22.272707284131283,10.689470871191876,1.3361838588989845,8.017103153393908
E02000869,Tower Hamlets 006,E09000030,Tower Hamlets,0.3213090823003375,6076,3,12,3,9,18910.14084164784,9.336804233861674,37.347216935446696,19.749835418038185,4.937458854509546,14.812376563528638
E02000870,Tower Hamlets 007,E09000030,Tower Hamlets,0.3950523585947575,6425,8,7,1,4,16263.666980383046,20.250480286858267,17.719170251000982,10.894941634241246,1.556420233463035,6.22568093385214
E02000871,Tower Hamlets 008,E09000030,Tower Hamlets,0.6690550847242358,12489,30,4,0,1,18666.62444565022,44.83935730398804,5.978580973865072,3.202818480262631,0.0,0.8007046200656578
E02000872,Tower Hamlets 009,E09000030,Tower Hamlets,0.45741801635807483,8189,8,10,3,8,17902.661694876286,17.489472897668858,21.861841122086073,12.211503236048356,3.6634509708145075,9.769202588838686
E02000873,Tower Hamlets 010,E09000030,Tower Hamlets,0.504675493872556,10733,11,2,0,1,21267.131315693267,21.79618414913127,3.962942572569322,1.863411907202087,0.0,0.9317059536010435
E02000874,Tower Hamlets 011,E09000030,Tower Hamlets,0.3428002370139738,7901,19,3,0,0,23048.40880164831,55.425865995610415,8.751452525622698,3.796987723073029,0.0,0.0
E02000875,Tower Hamlets 012,E09000030,Tower Hamlets,0.6674615980711587,14362,15,0,0,0,21517.342782721193,22.473203017742506,0.0,0.0,0.0,0.0
E02000876,Tower Hamlets 013,E09000030,Tower Hamlets,0.5385819356645432,7682,19,11,4,5,14263.382210399179,35.27782634699094,20.424004727205283,14.319187711533456,5.20697734964853,6.508721687060661
E02000877,Tower Hamlets 014,E09000030,Tower Hamlets,0.8076587103829741,14485,30,5,1,2,17934.555541574646,37.14440222625056,6.190733704375093,3.4518467380048325,0.6903693476009665,1.380738695201933
E02000878,Tower Hamlets 015,E09000030,Tower Hamlets,0.6383997477807841,11329,21,31,5,27,17745.934329363474,32.89474983817044,48.558916427775415,27.363403654338423,4.413452202312649,23.832641892488304
E02000879,Tower Hamlets 016,E09000030,Tower Hamlets,0.44387613041559726,8841,9,1,0,1,19917.718917938324,20.27592696091448,2.252880773434942,1.1310937676733401,0.0,1.1310937676733401
E02000880,Tower Hamlets 017,E09000030,Tower Hamlets,0.37230250284546074,7390,7,4,1,1,19849.450228024707,18.80191496565263,10.743951408944362,5.412719891745603,1.3531799729364007,1.3531799729364007
E02000881,Tower Hamlets 018,E09000030,Tower Hamlets,0.7513090340079231,11228,27,2,0,1,14944.582710663362,35.937275845022334,2.6620204329646175,1.7812611328820804,0.0,0.8906305664410402
E02000882,Tower Hamlets 019,E09000030,Tower Hamlets,0.5741417430197172,11714,9,4,0,2,20402.627299645268,15.675571597815214,6.966920710140094,3.414717432132491,0.0,1.7073587160662456
E02000883,Tower Hamlets 020,E09000030,Tower Hamlets,0.47290861468900725,9979,14,8,3,4,21101.328438608292,29.604028273425804,16.916587584814746,8.016835354243913,3.0063132578414673,4.008417677121956
E02000884,Tower Hamlets 021,E09000030,Tower Hamlets,0.5455404557098438,14975,15,20,1,9,27449.843257756016,27.495669373378313,36.66089249783775,13.35559265442404,0.6677796327212021,6.010016694490818
E02000885,Tower Hamlets 022,E09000030,Tower Hamlets,0.3382605994240366,7307,10,2,0,1,21601.688202651396,29.563005614686457,5.912601122937292,2.7371014096072264,0.0,1.3685507048036132
E02000886,Tower Hamlets 023,E09000030,Tower Hamlets,0.5595580411154055,10037,13,3,0,1,17937.370679174866,23.232621184544513,5.361374119510272,2.9889409186011755,0.0,0.9963136395337252
E02000887,Tower Hamlets 024,E09000030,Tower Hamlets,0.5822875294052625,11197,14,2,0,1,19229.331618069176,24.04310463990073,3.4347292342715328,1.7861927301955882,0.0,0.8930963650977941
E02000888,Tower Hamlets 025,E09000030,Tower Hamlets,0.6245758673022123,8835,28,2,1,1,14145.599377961598,44.83042247684491,3.2021730340603507,2.2637238256932655,1.1318619128466327,1.1318619128466327
E02000889,Tower Hamlets 026,E09000030,Tower Hamlets,0.5797940304538158,9687,14,5,1,2,16707.657359662364,24.146505939431513,8.623752121225541,5.161556725508413,1.0323113451016825,2.064622690203365
E02000890,Tower Hamlets 027,E09000030,Tower Hamlets,0.9259037975800378,5989,38,4,0,2,6468.274582794648,41.04098082254077,4.320103244477975,6.6789113374519955,0.0,3.3394556687259978
E02000893,Tower Hamlets 030,E09000030,Tower Hamlets,1.0658584514853247,8074,23,0,0,0,7575.114677515101,21.578850332282304,0.0,0.0,0.0,0.0
E02000894,Tower Hamlets 031,E09000030,Tower Hamlets,0.8417489077305866,11032,15,0,0,0,13106.046112662072,17.820040943612316,0.0,0.0,0.0,0.0
E02000895,Waltham Forest 001,E09000031,Waltham Forest,2.192708631609809,8297,51,0,0,0,3783.9044733949154,23.258904199486643,0.0,0.0,0.0,0.0
E02000896,Waltham Forest 002,E09000031,Waltham Forest,2.81420398952383,9288,30,5,2,3,3300.4004096986414,10.660208041662278,1.7767013402770464,5.383290267011198,2.153316106804479,3.2299741602067185
E02000897,Waltham Forest 003,E09000031,Waltham Forest,1.8811840344869948,8388,17,1,1,1,4458.89389141421,9.03686172556528,0.53158010150384,1.1921793037672865,1.1921793037672865,1.1921793037672865
E02000898,Waltham Forest 004,E09000031,Waltham Forest,1.5312510385876639,7973,16,0,0,0,5206.8536112496795,10.44897250470273,0.0,0.0,0.0,0.0
E02000899,Waltham Forest 005,E09000031,Waltham Forest,1.203444762230262,8877,17,11,2,6,7376.325261118643,14.12611574169392,9.140427832860771,12.391573729863692,2.2530134054297624,6.759040216289287
E02000900,Waltham Forest 006,E09000031,Waltham Forest,1.553229393771458,9128,21,4,0,0,5876.788088484432,13.520217994979522,2.5752796180913373,4.382120946538125,0.0,0.0
E02000901,Waltham Forest 007,E09000031,Waltham Forest,1.7201888633804199,10229,21,4,0,1,5946.440078619354,12.20796183898782,2.3253260645691087,3.9104506794408054,0.0,0.9776126698602013
E02000902,Waltham Forest 008,E09000031,Waltham Forest,1.2161135981143427,9667,14,0,0,0,7949.092926013873,11.512082441728998,0.0,0.0,0.0,0.0
E02000903,Waltham Forest 009,E09000031,Waltham Forest,1.9663249068952824,10367,24,1,0,0,5272.27212738149,12.20551085725434,0.5085629523855976,0.9645992090286486,0.0,0.0
E02000904,Waltham Forest 010,E09000031,Waltham Forest,1.459214053596816,8456,25,1,0,1,5794.900329500534,17.132510434899878,0.6853004173959951,1.1825922421948911,0.0,1.1825922421948911
E02000905,Waltham Forest 011,E09000031,Waltham Forest,1.049431072499646,10411,14,6,0,5,9920.613437909722,13.34056172612968,5.71738359691272,5.763135145519162,0.0,4.802612621265968
E02000906,Waltham Forest 012,E09000031,Waltham Forest,0.6181123733101139,9464,9,0,0,0,15311.131775794116,14.560459211976653,0.0,0.0,0.0,0.0
E02000907,Waltham Forest 013,E09000031,Waltham Forest,0.8936111963842072,11052,27,6,2,6,12367.79490310706,30.214482662313667,6.714329480514148,5.428881650380022,1.8096272167933405,5.428881650380022
E02000908,Waltham Forest 014,E09000031,Waltham Forest,2.3557870801343475,14531,27,4,2,3,6168.214488709785,11.461137650207432,1.697946318549249,2.7527355309338657,1.3763677654669328,2.064551648200399
E02000909,Waltham Forest 015,E09000031,Waltham Forest,1.3921878893823392,9241,19,2,0,2,6637.753474568638,13.647583163813886,1.4365877014540933,2.1642679363705226,0.0,2.1642679363705226
E02000910,Waltham Forest 016,E09000031,Waltham Forest,0.7906218576105263,11340,14,6,2,4,14343.140011677082,17.70758026132973,7.588962969141313,5.291005291005291,1.7636684303350971,3.5273368606701943
E02000911,Waltham Forest 017,E09000031,Waltham Forest,0.8905852572343282,13371,39,23,4,13,15013.72259577149,43.79142780907099,25.825713836118787,17.201406027970982,2.991548874429736,9.722533841896642
E02000912,Waltham Forest 018,E09000031,Waltham Forest,2.499775188683487,9616,11,0,0,0,3846.745916805539,4.400395703500513,0.0,0.0,0.0,0.0
E02000913,Waltham Forest 019,E09000031,Waltham Forest,1.0570841913225668,9626,21,3,0,1,9106.181020412827,19.865967320659607,2.837995331522801,3.1165593185123623,0.0,1.0388531061707875
E02000914,Waltham Forest 020,E09000031,Waltham Forest,0.6995578217397554,11993,18,12,2,6,17143.686522115036,25.73053926441013,17.153692842940085,10.005836738097225,1.6676394563495374,5.002918369048612
E02000915,Waltham Forest 021,E09000031,Waltham Forest,1.4935577611548205,7946,24,2,0,1,5320.182591302089,16.069013615813006,1.3390844679844172,2.5169896803423106,0.0,1.2584948401711553
E02000916,Waltham Forest 022,E09000031,Waltham Forest,2.2225515612433338,10821,23,10,3,5,4868.728441983387,10.348466330802873,4.499333187305597,9.24129008409574,2.772387025228722,4.62064504204787
E02000917,Waltham Forest 023,E09000031,Waltham Forest,0.6788538770826132,9427,11,8,3,6,13886.640878465189,16.203781655151914,11.784568476474119,8.48626286199215,3.1823485732470562,6.3646971464941124
E02000918,Waltham Forest 024,E09000031,Waltham Forest,0.8322795506052227,9371,24,7,0,3,11259.438001553122,28.83646484230871,8.410635579006708,7.469853804289831,0.0,3.2013659161242134
E02000919,Waltham Forest 025,E09000031,Waltham Forest,0.5624910158867582,9267,12,5,1,5,16474.929800239956,21.33367406958881,8.88903086232867,5.395489370885939,1.0790978741771877,5.395489370885939
E02000920,Waltham Forest 026,E09000031,Waltham Forest,1.7469619894003474,10412,25,5,0,2,5960.060987688671,14.310557500212905,2.862111500042581,4.802151363810987,0.0,1.920860545524395
E02000921,Waltham Forest 027,E09000031,Waltham Forest,0.8402160736223576,10962,17,1,0,0,13046.644005202603,20.23289072144173,1.1901700424377488,0.9122422915526364,0.0,0.0
E02000922,Waltham Forest 028,E09000031,Waltham Forest,0.6528432629081945,10216,15,2,1,2,15648.472735233872,22.976418464027805,3.0635224618703742,1.9577133907595927,0.9788566953797964,1.9577133907595927
E02000923,Wandsworth 001,E09000032,Wandsworth,1.3427148877479558,7859,12,4,0,2,5853.066851132757,8.937116963175095,2.979038987725032,5.089706069474488,0.0,2.544853034737244
E02000925,Wandsworth 003,E09000032,Wandsworth,0.4420887843904225,8082,6,1,0,1,18281.395695536423,13.571934443605363,2.2619890739342274,1.2373174956693886,0.0,1.2373174956693886
E02000926,Wandsworth 004,E09000032,Wandsworth,0.8059624116541981,13212,19,6,1,4,16392.82404359655,23.574300395726194,7.44451591443985,4.541326067211625,0.7568876778686042,3.027550711474417
E02000927,Wandsworth 005,E09000032,Wandsworth,0.4500646694742101,7358,10,4,0,2,16348.76163151401,22.219029126819798,8.88761165072792,5.436259853220983,0.0,2.7181299266104917
E02000928,Wandsworth 006,E09000032,Wandsworth,0.9676797701169004,8255,10,4,0,3,8530.714658840863,10.333997163950169,4.133598865580067,4.845548152634767,0.0,3.634161114476075
E02000929,Wandsworth 007,E09000032,Wandsworth,0.4030875431236205,8241,11,3,0,0,20444.69034229772,27.289357331061147,7.4425519993803135,3.6403349108117946,0.0,0.0
E02000930,Wandsworth 008,E09000032,Wandsworth,0.8104603771141903,10684,21,25,3,14,13182.630886956576,25.911198860547373,30.846665310175442,23.39947585174092,2.8079371022089106,13.103706476974915
E02000931,Wandsworth 009,E09000032,Wandsworth,0.7957480163712064,8823,6,4,0,1,11087.680796535196,7.540075346164703,5.026716897443135,4.533605349654312,0.0,1.133401337413578
E02000932,Wandsworth 010,E09000032,Wandsworth,1.5689192116635413,14023,47,26,1,14,8938.00005491122,29.95692808819991,16.571917665812716,18.54096840904229,0.7131141695785496,9.983598374099694
E02000933,Wandsworth 011,E09000032,Wandsworth,1.0745429925749028,8978,15,7,1,4,8355.179887671338,13.95942284641012,6.514397328324724,7.796836711962575,1.1138338159946537,4.455335263978615
E02000934,Wandsworth 012,E09000032,Wandsworth,0.7854866064285113,9364,32,16,3,10,11921.272652345646,40.73907783800306,20.36953891900153,17.086715079026057,3.203759077317386,10.679196924391286
E02000935,Wandsworth 013,E09000032,Wandsworth,1.4276380284244325,7460,14,0,0,0,5225.414181655691,9.806407311418186,0.0,0.0,0.0,0.0
E02000936,Wandsworth 014,E09000032,Wandsworth,0.9016502783119843,9533,21,4,0,1,10572.835421120384,23.290626648854303,4.43630983787701,4.1959509073743835,0.0,1.0489877268435959
E02000937,Wandsworth 015,E09000032,Wandsworth,1.2263094072520908,7940,21,3,0,3,6474.711808492051,17.12455264210744,2.4463646631582057,3.778337531486146,0.0,3.778337531486146
E02000938,Wandsworth 016,E09000032,Wandsworth,1.7601420459265,11068,27,0,0,0,6288.128861880604,15.339671058075199,0.0,0.0,0.0,0.0
E02000939,Wandsworth 017,E09000032,Wandsworth,0.7283122246909307,7532,13,1,1,1,10341.718489204692,17.849487567666092,1.3730375052050838,1.327668613913967,1.327668613913967,1.327668613913967
E02000940,Wandsworth 018,E09000032,Wandsworth,0.700771702655424,9518,19,11,0,3,13582.169433973406,27.112966930604614,15.696980854560566,11.55704980037823,0.0,3.1519226728304264
E02000941,Wandsworth 019,E09000032,Wandsworth,1.0685888950643108,10258,18,3,1,2,9599.575709031342,16.84464444946034,2.8074407415767233,2.9245466952622348,0.9748488984207447,1.9496977968414895
E02000942,Wandsworth 020,E09000032,Wandsworth,1.0111195374577269,9645,16,6,2,4,9538.931493946373,15.824043950559043,5.934016481459641,6.2208398133748055,2.0736132711249353,4.147226542249871
E02000943,Wandsworth 021,E09000032,Wandsworth,0.705590618970197,8798,21,10,1,7,12468.986638230252,29.76230045497105,14.17252402617669,11.366219595362582,1.1366219595362583,7.956353716753807
E02000944,Wandsworth 022,E09000032,Wandsworth,0.5856939945518489,7876,13,1,0,0,13447.29512896307,22.195890893412887,1.707376222570222,1.2696800406297613,0.0,0.0
E02000945,Wandsworth 023,E09000032,Wandsworth,2.2098685949613466,8186,27,3,0,1,3704.2926528141297,12.217921039088871,1.3575467821209857,3.6647935499633517,0.0,1.221597849987784
E02000946,Wandsworth 024,E09000032,Wandsworth,1.065842877598782,8175,18,9,0,7,7669.986047490704,16.888042673374027,8.444021336687014,11.009174311926607,0.0,8.562691131498472
E02000947,Wandsworth 025,E09000032,Wandsworth,0.8327272246827659,9207,8,2,0,0,11056.44168594041,9.606987453841999,2.4017468634604997,2.1722602367763657,0.0,0.0
E02000948,Wandsworth 026,E09000032,Wandsworth,1.327424999925397,9945,8,1,0,1,7491.948698087592,6.026705840593337,0.7533382300741671,1.0055304172951232,0.0,1.0055304172951232
E02000949,Wandsworth 027,E09000032,Wandsworth,1.3979303367787106,10074,20,8,1,6,7206.367681535402,14.306864565287675,5.72274582611507,7.941234862021044,0.9926543577526304,5.955926146515783
E02000950,Wandsworth 028,E09000032,Wandsworth,0.858695446582329,7527,17,1,1,1,8765.622351857126,19.797473094402967,1.1645572408472336,1.3285505513484788,1.3285505513484788,1.3285505513484788
E02000951,Wandsworth 029,E09000032,Wandsworth,0.492411615438972,6454,16,7,0,3,13106.920709509317,32.49314089745105,14.215749142634834,10.84598698481562,0.0,4.648280136349551
E02000952,Wandsworth 030,E09000032,Wandsworth,0.5583146502521065,6105,7,3,1,2,10934.694257518217,12.53773297340336,5.373314131458583,4.914004914004914,1.638001638001638,3.276003276003276
E02000953,Wandsworth 031,E09000032,Wandsworth,0.6884442534650365,7556,10,0,0,0,10975.471088573393,14.52550435226759,0.0,0.0,0.0,0.0
E02000954,Wandsworth 032,E09000032,Wandsworth,0.4504345331742859,6300,6,1,1,1,13986.494231698598,13.320470696855807,2.220078449475968,1.5873015873015872,1.5873015873015872,1.5873015873015872
E02000955,Wandsworth 033,E09000032,Wandsworth,0.5609163629565129,6982,4,2,0,0,12447.488540357139,7.131187934893806,3.565593967446903,2.864508736751647,0.0,0.0
E02000956,Wandsworth 034,E09000032,Wandsworth,0.8572775835685089,7618,27,7,0,4,8886.26991538641,31.49504958196811,8.165383224954695,9.18876345497506,0.0,5.250721974271463
E02000957,Wandsworth 035,E09000032,Wandsworth,0.7434761999800664,11212,23,15,4,8,15080.509638776075,30.935758267200296,20.17549452208715,13.37852301105958,3.567606136282554,7.135212272565108
E02000958,Wandsworth 036,E09000032,Wandsworth,0.8907631476940234,8453,15,3,1,2,9489.615754628861,16.83949323547059,3.3678986470941186,3.549035845262037,1.183011948420679,2.366023896841358
E02000959,Wandsworth 037,E09000032,Wandsworth,0.5225084177540982,7902,12,3,0,0,15123.20133322488,22.966137180295945,5.741534295073986,3.7965072133637054,0.0,0.0
E02000960,Westminster 001,E09000033,Westminster,0.9223202065638161,6484,13,6,2,6,7030.09643923633,14.094887987364634,6.505332917245216,9.253547193090684,3.0845157310302285,9.253547193090684
E02000961,Westminster 002,E09000033,Westminster,0.8113611545063293,10112,11,2,0,0,12463.007310416064,13.557464439732666,2.4649935344968483,1.9778481012658227,0.0,0.0
E02000962,Westminster 003,E09000033,Westminster,0.6939642987963688,8250,17,2,0,0,11888.219630763473,24.496937420967157,2.8819926377608422,2.4242424242424243,0.0,0.0
E02000963,Westminster 004,E09000033,Westminster,0.48705402391083086,10407,7,1,0,0,21367.239544468477,14.372122303380353,2.0531603290543363,0.9608917075045642,0.0,0.0
E02000964,Westminster 005,E09000033,Westminster,0.5085956156800703,12116,22,11,2,3,23822.46253499266,43.256369739999876,21.628184869999938,9.078903928689336,1.650709805216243,2.4760647078243645
E02000965,Westminster 006,E09000033,Westminster,0.49127971131803344,7931,4,2,0,0,16143.552882984435,8.142001201858244,4.071000600929122,2.5217500945656286,0.0,0.0
E02000966,Westminster 007,E09000033,Westminster,0.5603850160225206,9516,22,2,0,2,16981.182094307773,39.258722790539196,3.568974799139927,2.101723413198823,0.0,2.101723413198823
E02000967,Westminster 008,E09000033,Westminster,1.4140582242452655,6456,44,15,4,14,4565.582865900591,31.116116186435256,10.607766881739291,23.234200743494426,6.195786864931846,21.685254027261465
E02000968,Westminster 009,E09000033,Westminster,0.6084724149642462,15575,18,9,1,5,25596.887577746947,29.58227777845554,14.79113888922777,5.778491171749599,0.6420545746388443,3.2102728731942216
E02000969,Westminster 010,E09000033,Westminster,0.5434019163457767,10024,12,1,1,1,18446.751287534185,22.083102100001017,1.8402585083334182,0.9976057462090983,0.9976057462090983,0.9976057462090983
E02000970,Westminster 011,E09000033,Westminster,1.0840892597822946,7053,36,36,6,28,6505.921847631231,33.207597691014364,33.207597691014364,51.04210974053594,8.507018290089324,39.699418687083515
E02000971,Westminster 012,E09000033,Westminster,0.5405729971591327,7776,33,19,2,15,14384.736272187341,61.04633448844937,35.14788955395569,24.434156378600825,2.57201646090535,19.290123456790123
E02000972,Westminster 013,E09000033,Westminster,1.2924213071457211,8358,80,92,18,84,6466.931451678421,61.89931994906361,71.18421794142314,110.07418042593922,21.536252692031585,100.50251256281408
E02000973,Westminster 014,E09000033,Westminster,0.542502576010937,9407,12,5,0,3,17340.00982847011,22.11971063480826,9.216546097836776,5.315190815350271,0.0,3.1891144892101626
E02000974,Westminster 015,E09000033,Westminster,0.689337714211111,9237,31,25,5,20,13399.818129160349,44.97070066081745,36.266694081304394,27.06506441485331,5.413012882970661,21.652051531882645
E02000975,Westminster 016,E09000033,Westminster,0.48472254562235767,7500,27,14,3,10,15472.769046404483,55.701968567056134,28.882502219955033,18.666666666666668,4.0,13.333333333333332
E02000976,Westminster 017,E09000033,Westminster,0.4619187579901125,8326,23,20,3,13,18024.81465837813,49.792305686127435,43.29765711837168,24.021138601969735,3.60317079029546,15.613740091280327
E02000977,Westminster 018,E09000033,Westminster,2.594652408973897,7027,140,100,31,92,2708.2625694664653,53.95713102679737,38.540807876283836,142.30823964707557,44.11555429059343,130.9235804753095
E02000978,Westminster 019,E09000033,Westminster,3.59334771178837,7538,67,19,2,15,2097.7652608654507,18.645565465373465,5.28754841555367,25.205624834173523,2.6532236667551072,19.899177500663306
E02000979,Westminster 020,E09000033,Westminster,1.5885980575603307,8521,94,33,4,26,5363.848935511112,59.17166998451409,20.77303307966984,38.727848844032394,4.6942847083675625,30.512850604389154
E02000980,Westminster 021,E09000033,Westminster,0.5392128760225899,8874,21,5,0,2,16457.322134919177,38.945657520092716,9.272775600022074,5.634437683119225,0.0,2.2537750732476898
E02000981,Westminster 022,E09000033,Westminster,0.3641739068461588,8430,7,10,2,7,23148.281196217496,19.22158580943327,27.459408299190386,11.862396204033216,2.372479240806643,8.30367734282325
E02000982,Westminster 023,E09000033,Westminster,0.6535905970918248,7453,63,19,4,13,11403.162825723619,96.39061559379955,29.07018565527288,25.493090030860053,5.366966322286328,17.442640547430567
E02000983,Westminster 024,E09000033,Westminster,0.5579599553397497,7625,17,3,1,3,13665.85527693834,30.46813635514122,5.376729945024921,3.9344262295081966,1.3114754098360657,3.9344262295081966
E02006782,Bromley 040,E09000006,Bromley,2.599492973077863,8204,17,2,0,0,3156.0000680772237,6.539736854865042,0.7693808064547109,2.4378352023403216,0.0,0.0
E02006783,Lewisham 037,E09000023,Lewisham,0.9383904824595757,7823,25,0,0,0,8336.61481678231,26.641361423949608,0.0,0.0,0.0,0.0
E02006784,Lewisham 038,E09000023,Lewisham,1.4426353002984251,8150,29,6,3,3,5649.3834570068275,20.10210064456417,4.159055305771898,7.361963190184049,3.6809815950920246,3.6809815950920246
E02006785,Bexley 029,E09000004,Bexley,1.3608968297191242,7035,16,1,0,0,5169.385251233156,11.756952952342642,0.7348095595214151,1.4214641080312722,0.0,0.0
E02006786,Greenwich 033,E09000011,Greenwich,1.243876521829598,7669,16,2,0,2,6165.402968390939,12.863013103958146,1.6078766379947682,2.607901942886947,0.0,2.607901942886947
E02006787,Bromley 041,E09000006,Bromley,1.5086833235806527,7852,28,7,1,4,5204.538207106549,18.5592294700692,4.6398073675173,8.91492613346918,1.273560876209883,5.094243504839532
E02006788,Croydon 045,E09000008,Croydon,1.3935406489619153,7633,20,0,0,0,5477.414674402229,14.351931545662856,0.0,0.0,0.0,0.0
E02006789,Bromley 042,E09000006,Bromley,22.430124684336942,6792,81,1,0,0,302.8070550469514,3.611214879093502,0.04458289974189508,1.4723203769140163,0.0,0.0
E02006791,Ealing 040,E09000009,Ealing,0.685386811360803,7515,16,3,1,2,10964.61133396968,23.344481882037908,4.3770903528821075,3.992015968063872,1.330671989354624,2.661343978709248
E02006792,Hounslow 029,E09000018,Hounslow,1.4487384332417619,8749,40,24,2,19,6039.047352683842,27.61022906701951,16.56613744021171,27.431706480740655,2.285975540061721,21.716767630586354
E02006793,Enfield 037,E09000010,Enfield,0.9908862461467262,9545,23,3,2,2,9632.790885046372,23.21154430131656,3.027592734954334,3.143006809848088,2.095337873232059,2.095337873232059
E02006794,Haringey 037,E09000014,Haringey,0.6933418810192744,7967,13,8,2,3,11490.723722455363,18.749768845477558,11.538319289524653,10.04142086105184,2.51035521526296,3.7655328228944396
E02006795,Harrow 032,E09000015,Harrow,0.9660051793335005,8424,13,1,0,1,8720.450138592607,13.457484781778714,1.035191137059901,1.1870845204178537,0.0,1.1870845204178537
E02006796,Hillingdon 033,E09000017,Hillingdon,4.300907684278098,10365,32,7,1,2,2409.9564001080744,7.4402898990312,1.627563415413075,6.753497346840328,0.964785335262904,1.929570670525808
E02006798,Lewisham 039,E09000023,Lewisham,0.8376974482227716,9069,26,5,3,4,10826.104364100021,31.037458756930267,5.968742068640435,5.513287021722351,3.307972213033411,4.4106296173778805
E02006799,Barking and Dagenham 023,E09000002,Barking and Dagenham,1.1626171655061477,12630,25,7,1,2,10863.421231615399,21.503209088708235,6.020898544838306,5.542359461599367,0.7917656373713381,1.5835312747426762
E02006800,Redbridge 034,E09000026,Redbridge,1.6456235149331964,15557,16,3,0,0,9453.55961362252,9.722758489294872,1.8230172167427883,1.9283923635662403,0.0,0.0
E02006801,Lambeth 036,E09000022,Lambeth,1.4385957866887238,9648,90,30,5,24,6706.539869831821,62.56100624843117,20.853668749477055,31.09452736318408,5.182421227197347,24.87562189054726
E02006802,Southwark 034,E09000028,Southwark,0.6900809371510263,9966,36,6,1,3,14441.784236417636,52.16779374985299,8.694632291642165,6.020469596628537,1.0034115994380894,3.0102347983142685
E02006836,Sutton 025,E09000029,Sutton,3.3361180081984307,8666,22,2,1,1,2597.6299335645535,6.594490946044331,0.599499176913121,2.3078698361412417,1.1539349180706209,1.1539349180706209
E02006853,Tower Hamlets 032,E09000030,Tower Hamlets,0.5419908614974279,11416,5,0,0,0,21063.08576579972,9.225247795111999,0.0,0.0,0.0,0.0
E02006854,Tower Hamlets 033,E09000030,Tower Hamlets,1.0747182487214482,8834,58,27,3,24,8219.828788158642,53.96763297636419,25.122863626928158,30.563731039166854,3.3959701154629838,27.16776092370387
E02006882,Harrow 033,E09000015,Harrow,2.1278741140073043,14778,20,3,0,1,6944.959714825156,9.399052259879761,1.4098578389819643,2.0300446609825418,0.0,0.6766815536608471
E02006918,Hackney 028,E09000012,Hackney,0.5187931167184997,8497,14,1,0,1,16378.397719973073,26.98570884778428,1.9275506319845914,1.1768859597505001,0.0,1.1768859597505001
E02006921,Hackney 029,E09000012,Hackney,0.4526182378012836,8090,15,2,0,0,17873.782636995318,33.1405116878776,4.418734891717013,2.4721878862793574,0.0,0.0
E02006924,Redbridge 035,E09000026,Redbridge,2.4063636371082744,14031,30,5,0,2,5830.789571297314,12.46694370600238,2.077823951000397,3.5635378804076687,0.0,1.4254151521630676
E02006925,Redbridge 036,E09000026,Redbridge,2.4914741256161084,14506,31,2,0,1,5822.255929072858,12.442433048480531,0.802737616031002,1.3787398317937405,0.0,0.6893699158968702
E02006927,Greenwich 034,E09000011,Greenwich,2.521565432695332,13438,39,4,0,1,5329.229147004906,15.466582581722825,1.5863161622279822,2.976633427593392,0.0,0.744158356898348
E02006928,Greenwich 035,E09000011,Greenwich,0.7483938651541625,12791,26,13,2,7,17091.267841118883,34.74106511368079,17.370532556840395,10.163396137909467,1.5635994058322256,5.472597920412791
E02006930,Greenwich 037,E09000011,Greenwich,0.8674368979386552,10328,23,10,2,4,11906.341573136991,26.51489699672258,11.528216085531557,9.682416731216112,1.9364833462432225,3.872966692486445
E02006931,Greenwich 038,E09000011,Greenwich,2.0491701053850604,9979,35,12,3,9,4869.776293230104,17.080085205236358,5.856029213223894,12.02525303136587,3.0063132578414673,9.018939773524401
E02006941,Southwark 035,E09000028,Southwark,0.5927374414305278,5461,20,10,0,7,9213.185498827748,33.74175242200237,16.870876211001185,18.311664530305805,0.0,12.818165171214064
E02006942,Southwark 036,E09000028,Southwark,0.3943806586489743,6746,16,10,2,8,17105.301317538495,40.5699408657895,25.356213041118433,14.823599169878447,2.964719833975689,11.858879335902756
E02006953,Barnet 042,E09000003,Barnet,0.698021655744947,12790,14,0,0,0,18323.21374950778,20.056684323151597,0.0,0.0,0.0,0.0
E02006954,Barnet 043,E09000003,Barnet,0.8521148480047517,10708,21,3,1,2,12566.381192714869,24.644565282686983,3.5206521832409976,2.801643630930146,0.9338812103100486,1.8677624206200971
E02006955,Brent 035,E09000005,Brent,0.6090337048381578,12155,17,9,2,6,19957.844538718957,27.91306928492162,14.777507268487915,7.4043603455368165,1.6454134101192923,4.936240230357877
E02006956,Brent 036,E09000005,Brent,1.3316194166735789,11804,12,3,0,0,8864.394625220102,9.011583827739853,2.2528959569349634,2.541511352084039,0.0,0.0
E02006968,Ealing 041,E09000009,Ealing,1.4635795007010821,8700,24,5,0,4,5944.330318805733,16.398152603602025,3.4162817924170885,5.747126436781609,0.0,4.597701149425287
E02006969,Ealing 042,E09000009,Ealing,0.7174737057519522,6838,21,16,6,13,9530.662859391337,29.269365318399835,22.300468814018924,23.3986545773618,8.774495466510675,19.011406844106464
E02006970,Ealing 043,E09000009,Ealing,0.4853151615586721,7848,8,6,2,2,16170.935139950738,16.484133679868233,12.363100259901175,7.6452599388379205,2.5484199796126403,2.5484199796126403
E02006971,Ealing 044,E09000009,Ealing,0.9501033730918479,8788,5,0,0,0,9249.519840564182,5.262585252938201,0.0,0.0,0.0,0.0
E02006972,Hounslow 030,E09000018,Hounslow,1.5647624079352302,6715,15,4,0,1,4291.386325455456,9.586119863266099,2.5562986302042927,5.956813104988831,0.0,1.4892032762472078
E02006973,Hounslow 031,E09000018,Hounslow,0.84236129028397,8350,21,5,0,1,9912.611246873792,24.929920501119717,5.935695357409457,5.9880239520958085,0.0,1.1976047904191616
E02006987,Croydon 046,E09000008,Croydon,0.718565674465249,10162,41,12,0,6,14142.061555559945,57.058110979921054,16.699934920952504,11.80869907498524,0.0,5.90434953749262
E02006988,Croydon 047,E09000008,Croydon,0.7773502956691773,7454,22,2,0,0,9588.984582019448,28.301269225171428,2.572842656833766,2.6831231553528307,0.0,0.0
E02006991,Greenwich 039,E09000011,Greenwich,0.6041546868960764,6658,22,5,1,3,11020.356449117931,36.414515151786496,8.276026170860566,7.509762691498948,1.5019525382997898,4.505857614899369
E02006992,Greenwich 040,E09000011,Greenwich,2.346350747595478,9465,29,8,2,4,4033.923747206021,12.359618454197001,3.4095499183991724,8.452192287374539,2.1130480718436346,4.226096143687269
E02006993,Greenwich 041,E09000011,Greenwich,1.2714286531721966,9807,26,10,2,2,7713.370290603152,20.449436887496887,7.865168033652648,10.196798205363516,2.039359641072703,2.039359641072703
E02006994,Greenwich 042,E09000011,Greenwich,1.9350116042638286,8118,37,9,1,3,4195.323677703978,19.121332357113474,4.6511348976762505,11.086474501108647,1.231830500123183,3.695491500369549
E02006995,Newham 038,E09000025,Newham,0.7242297310519443,10288,11,8,2,7,14205.437251321719,15.188550715837764,11.046218702427465,7.776049766718507,1.9440124416796267,6.804043545878694
E02006996,Newham 039,E09000025,Newham,0.9612161608930823,10777,57,12,4,10,11211.838125970444,59.29987688413429,12.484184607186167,11.134824162568433,3.711608054189478,9.279020135473694
E02006997,Newham 040,E09000025,Newham,1.7592446563348052,7758,17,1,0,1,4409.847130735613,9.663238105504695,0.5684257709120408,1.288992008249549,0.0,1.288992008249549
E02006998,Newham 041,E09000025,Newham,2.988361888808756,7478,39,6,0,5,2502.374303461934,13.050628220783018,2.0077889570435414,8.023535704733886,0.0,6.6862797539449055
E02006999,Newham 042,E09000025,Newham,1.8047126453633315,13601,25,4,0,3,7536.37984138012,13.85262083923998,2.216419334278397,2.940960223512977,0.0,2.2057201676347327
E02007008,Lewisham 040,E09000023,Lewisham,0.36331867216812397,6886,27,7,0,2,18953.05836858706,74.314925348802,19.266832497837555,10.165553296543711,0.0,2.904443799012489
E02007009,Lewisham 041,E09000023,Lewisham,1.0503816948222617,9049,29,14,5,11,8614.963536213574,27.609011222255905,13.328488176261471,15.471322798099239,5.525472427892584,12.156039341363687
E02007017,Redbridge 037,E09000026,Redbridge,0.902720705149572,8903,6,0,0,0,9862.40810608732,6.646574035327857,0.0,0.0,0.0,0.0
E02007018,Redbridge 038,E09000026,Redbridge,0.6117755056556047,7463,10,3,1,1,12198.919262062203,16.34586528482139,4.903759585446417,4.019831167090983,1.3399437223636608,1.3399437223636608
E02007019,Redbridge 039,E09000026,Redbridge,0.6250618488399385,7993,20,11,4,6,12787.534569313942,31.996833652730995,17.598258509002047,13.762041786563243,5.004378831477543,7.506568247216314
E02007020,Redbridge 040,E09000026,Redbridge,0.6467769773237574,10632,7,1,0,0,16438.432988127122,10.822896060655554,1.546128008665079,0.9405568096313017,0.0,0.0
E02007083,Wandsworth 038,E09000032,Wandsworth,1.295087621321409,11326,24,12,2,8,8745.354224329478,18.531564663950864,9.265782331975432,10.595090941197245,1.7658484901995408,7.063393960798163
E02007084,Wandsworth 039,E09000032,Wandsworth,0.9059896994614346,10126,23,11,1,7,11176.72751248651,25.386602092355293,12.14141839199601,10.863124629666206,0.9875567845151096,6.912897491605768
E02007108,Hackney 030,E09000012,Hackney,0.3664624847170509,6198,24,10,3,8,16913.05456487731,65.49101477203219,27.287922821680077,16.134236850596967,4.84027105517909,12.907389480477573
E02007109,Hackney 031,E09000012,Hackney,0.5983954083655328,7790,13,3,0,2,13018.148019012604,21.72476562864748,5.0134074527648025,3.851091142490372,0.0,2.5673940949935816
E02007110,Hackney 032,E09000012,Hackney,0.35073855454980724,8227,12,6,0,2,23456.218009907177,34.21351842942581,17.106759214712906,7.2930594384344225,0.0,2.4310198128114746
E02007111,Hackney 033,E09000012,Hackney,0.6465005919032716,6977,37,14,3,12,10791.94680929834,57.23119276824403,21.65504591230855,20.06593091586642,4.299842339114233,17.19936935645693
E02007112,Tower Hamlets 034,E09000030,Tower Hamlets,0.6074944170620181,7476,9,3,0,2,12306.285934536889,14.814950964530764,4.938316988176922,4.012841091492777,0.0,2.675227394328518
E02007113,Tower Hamlets 035,E09000030,Tower Hamlets,0.7440187763446039,9463,37,5,0,2,12718.765037748273,49.72992776040221,6.720260508162461,5.283736658564937,0.0,2.113494663425975
E02007114,Tower Hamlets 036,E09000030,Tower Hamlets,0.5494226005424256,7898,25,4,0,1,14375.091217948773,45.502314566816835,7.280370330690693,5.064573309698657,0.0,1.2661433274246643
E02007115,Camden 029,E09000007,Camden,0.6683824750141143,12740,20,20,5,17,19060.94261333074,29.92298683411419,29.92298683411419,15.698587127158557,3.9246467817896393,13.343799058084771
