AddressLine1,AddressLine2,AddressLine3,AddressLine4,BusinessName,BusinessType,BusinessTypeID,ChangesByServerID,Distance,FHRSID,LocalAuthorityBusinessID,LocalAuthorityCode,LocalAuthorityEmailAddress,LocalAuthorityName,LocalAuthorityWebSite,NewRatingPending,Phone,PostCode,RatingDate,RatingKey,RatingValue,RightToReply,SchemeType,geocode.longitude,geocode.latitude,scores.Hygiene,scores.Structural,scores.ConfidenceInManagement,Chain,BusinessNameText,Address,ScreenStatus,ScreenReason
,Highbridge Road,,Barking,Tesco,Retailers - supermarkets/hypermarkets,7840,0,,107548,38019,501,foodsafety@lbbd.gov.uk,Barking and Dagenham,http://www.lbbd.gov.uk/Pages/Home.aspx,False,,IG11 7BS,2023-08-31T00:00:00,fhrs_5_en-gb,5,,FHRS,0.070767,51.536319,0.0,0.0,5.0,Tesco,tesco,"Highbridge Road, IG11 7BS",NEEDS_CHECK,Tesco store format unclear from FHRS record
,97-131 High Road,,Chadwell Heath,Sainsbury's,Retailers - supermarkets/hypermarkets,7840,0,,124152,5265,501,foodsafety@lbbd.gov.uk,Barking and Dagenham,http://www.lbbd.gov.uk/Pages/Home.aspx,False,,RM6 6PB,2023-05-27T00:00:00,fhrs_5_en-gb,5,,FHRS,0.133554,51.571543,0.0,0.0,0.0,Sainsbury's,sainsbury's,"97-131 High Road, RM6 6PB",NEEDS_CHECK,Sainsbury's store format unclear from FHRS record
Unit 1 Merrielands Retail Park,Merrielands Crescent,,Dagenham,Asda,Retailers - supermarkets/hypermarkets,7840,0,,125172,5369,501,foodsafety@lbbd.gov.uk,Barking and Dagenham,http://www.lbbd.gov.uk/Pages/Home.aspx,False,,RM9 6SJ,2024-11-02T00:00:00,fhrs_5_en-gb,5,,FHRS,0.145621,51.5305766,5.0,5.0,5.0,Asda,asda,"Unit 1 Merrielands Retail Park, Merrielands Crescent, RM9 6SJ",NEEDS_CHECK,Asda store format unclear from FHRS record
,Ripple Road,,Barking,Tesco,Retailers - supermarkets/hypermarkets,7840,0,,127823,57404,501,foodsafety@lbbd.gov.uk,Barking and Dagenham,http://www.lbbd.gov.uk/Pages/Home.aspx,False,,IG11 9PG,2025-02-22T00:00:00,fhrs_4_en-gb,4,,FHRS,0.105570003390312,51.5334129333496,0.0,10.0,0.0,Tesco,tesco,"Ripple Road, IG11 9PG",NEEDS_CHECK,Tesco store format unclear from FHRS record
,228 Heathway,,Dagenham,Tesco,Retailers - supermarkets/hypermarkets,7840,0,,128224,58084,501,foodsafety@lbbd.gov.uk,Barking and Dagenham,http://www.lbbd.gov.uk/Pages/Home.aspx,False,,RM10 8QS,2024-12-04T00:00:00,fhrs_5_en-gb,5,,FHRS,0.14813,51.541852,5.0,5.0,5.0,Tesco,tesco,"228 Heathway, RM10 8QS",NEEDS_CHECK,Tesco store format unclear from FHRS record
Unit 6 & 7 Barking Central,Aboretum Place,,Ripple Road,Tesco,Retailers - supermarkets/hypermarkets,7840,0,,129189,59694,501,foodsafety@lbbd.gov.uk,Barking and Dagenham,http://www.lbbd.gov.uk/Pages/Home.aspx,False,,IG11 7PE,2025-02-24T00:00:00,fhrs_5_en-gb,5,,FHRS,0.080047,51.537459,0.0,5.0,0.0,Tesco,tesco,"Unit 6 & 7 Barking Central, Aboretum Place, IG11 7PE",NEEDS_CHECK,Tesco store format unclear from FHRS record
17 Rowallen Parade,Green Lane,,Dagenham,Tesco,Retailers - supermarkets/hypermarkets,7840,0,,415744,61474,501,foodsafety@lbbd.gov.uk,Barking and Dagenham,http://www.lbbd.gov.uk/Pages/Home.aspx,False,,RM8 1XU,2025-02-11T00:00:00,fhrs_5_en-gb,5,,FHRS,0.120558,51.562992,5.0,5.0,5.0,Tesco,tesco,"17 Rowallen Parade, Green Lane, RM8 1XU",NEEDS_CHECK,Tesco store format unclear from FHRS record
,Shafter Road,,Dagenham,Tesco,Retailers - supermarkets/hypermarkets,7840,0,,580252,61982,501,foodsafety@lbbd.gov.uk,Barking and Dagenham,http://www.lbbd.gov.uk/Pages/Home.aspx,False,,RM10 8AJ,2023-10-30T00:00:00,fhrs_5_en-gb,5,,FHRS,0.164005,51.543008,0.0,0.0,0.0,Tesco,tesco,"Shafter Road, RM10 8AJ",NEEDS_CHECK,Tesco store format unclear from FHRS record
,201 Oxlow Lane,,Dagenham,Tesco,Retailers - supermarkets/hypermarkets,7840,0,,595255,61932,501,foodsafety@lbbd.gov.uk,Barking and Dagenham,http://www.lbbd.gov.uk/Pages/Home.aspx,False,,RM10 7YA,2023-05-20T00:00:00,fhrs_5_en-gb,5,,FHRS,0.153637,51.55159,5.0,5.0,5.0,Tesco,tesco,"201 Oxlow Lane, RM10 7YA",NEEDS_CHECK,Tesco store format unclear from FHRS record
,Eldonwall Trading Estate,,Whalebone Lane South,Asda,Retailers - supermarkets/hypermarkets,7840,0,,628396,62955,501,foodsafety@lbbd.gov.uk,Barking and Dagenham,http://www.lbbd.gov.uk/Pages/Home.aspx,False,,RM8 1AT,2025-09-20T00:00:00,fhrs_5_en-gb,5,,FHRS,0.144977,51.566505,5.0,5.0,5.0,Asda,asda,"Eldonwall Trading Estate, RM8 1AT",NEEDS_CHECK,Asda store format unclear from FHRS record
Unit 1 Jute Court,58 Abbey Road,,Barking,Nisa Local,Retailers - supermarkets/hypermarkets,7840,0,,1245192,75366,501,foodsafety@lbbd.gov.uk,Barking and Dagenham,http://www.lbbd.gov.uk/Pages/Home.aspx,False,,IG11 7FT,2025-03-29T00:00:00,fhrs_4_en-gb,4,,FHRS,0.0765813,51.5315509,5.0,5.0,10.0,,nisa local,"Unit 1 Jute Court, 58 Abbey Road, IG11 7FT",NEEDS_CHECK,Independent or other supermarket
,21 Thames Road,,Barking,Bangla Town Cash & Carry,Retailers - supermarkets/hypermarkets,7840,0,,1398899,77623,501,foodsafety@lbbd.gov.uk,Barking and Dagenham,http://www.lbbd.gov.uk/Pages/Home.aspx,False,,IG11 0HS,2026-03-28T00:00:00,fhrs_1_en-gb,1,,FHRS,0.1024605,51.5254231,15.0,10.0,20.0,,bangla town cash & carry,"21 Thames Road, IG11 0HS",NEEDS_CHECK,Independent or other supermarket
,2 Reginald Ellingworth Street,,Dagenham,Bestone,Retailers - supermarkets/hypermarkets,7840,0,,1604183,79856,501,foodsafety@lbbd.gov.uk,Barking and Dagenham,http://www.lbbd.gov.uk/Pages/Home.aspx,False,,RM9 4BY,2026-02-07T00:00:00,fhrs_4_en-gb,4,,FHRS,0.1162062,51.5341071,0.0,0.0,10.0,,bestone,"2 Reginald Ellingworth Street, RM9 4BY",NEEDS_CHECK,Independent or other supermarket
,14-20 Farr Avenue,,Barking,Costcutter,Retailers - supermarkets/hypermarkets,7840,0,,1681637,80917,501,foodsafety@lbbd.gov.uk,Barking and Dagenham,http://www.lbbd.gov.uk/Pages/Home.aspx,False,,IG11 0NZ,2025-11-29T00:00:00,fhrs_4_en-gb,4,,FHRS,0.104667,51.5288,5.0,5.0,10.0,,costcutter,"14-20 Farr Avenue, IG11 0NZ",NEEDS_CHECK,Independent or other supermarket
Block K,Beam Park,,Dagenham,Sainsbury's Supermarkets Ltd,Retailers - supermarkets/hypermarkets,7840,0,,1682136,80813,501,foodsafety@lbbd.gov.uk,Barking and Dagenham,http://www.lbbd.gov.uk/Pages/Home.aspx,False,,RM9 6SA,2024-03-07T00:00:00,fhrs_5_en-gb,5,,FHRS,,,0.0,0.0,0.0,Sainsbury's,sainsbury's supermarkets ltd,"Block K, Beam Park, RM9 6SA",NEEDS_CHECK,Sainsbury's store format unclear from FHRS record
,71 Halbutt Street,,Dagenham,Londis,Retailers - supermarkets/hypermarkets,7840,0,,1759010,82140,501,foodsafety@lbbd.gov.uk,Barking and Dagenham,http://www.lbbd.gov.uk/Pages/Home.aspx,False,,RM9 5AR,2024-11-02T00:00:00,fhrs_5_en-gb,5,,FHRS,0.144508,51.548241,5.0,5.0,5.0,,londis,"71 Halbutt Street, RM9 5AR",NEEDS_CHECK,Independent or other supermarket
,227-231 Heathway,,Dagenham,Asia Halal Supermarket Ltd,Retailers - supermarkets/hypermarkets,7840,0,,1765888,82266,501,foodsafety@lbbd.gov.uk,Barking and Dagenham,http://www.lbbd.gov.uk/Pages/Home.aspx,False,,RM9 5AN,2024-10-19T00:00:00,fhrs_5_en-gb,5,,FHRS,0.1477681,51.5403577,5.0,5.0,5.0,,asia halal supermarket ltd,"227-231 Heathway, RM9 5AN",NEEDS_CHECK,Independent or other supermarket
,20-22 High Road,,Chadwell Heath,Istanbul Food Centre,Retailers - supermarkets/hypermarkets,7840,0,,1812189,82854,501,foodsafety@lbbd.gov.uk,Barking and Dagenham,http://www.lbbd.gov.uk/Pages/Home.aspx,False,,RM6 6PR,2025-05-14T00:00:00,fhrs_4_en-gb,4,,FHRS,0.1316126,51.5708412,5.0,10.0,5.0,,istanbul food centre,"20-22 High Road, RM6 6PR",NEEDS_CHECK,Independent or other supermarket
9-10 The Triangle,Tanner Street,,Barking,Your Local International Market,Retailers - supermarkets/hypermarkets,7840,0,,1829079,83010,501,foodsafety@lbbd.gov.uk,Barking and Dagenham,http://www.lbbd.gov.uk/Pages/Home.aspx,False,,IG11 8QA,2025-06-05T00:00:00,fhrs_3_en-gb,3,,FHRS,0.0779597,51.5436294,5.0,10.0,10.0,,your local international market,"9-10 The Triangle, Tanner Street, IG11 8QA",NEEDS_CHECK,Independent or other supermarket
Focal House,12-18 Station Parade,,Barking,Barking Cost Cutter Limited,Retailers - supermarkets/hypermarkets,7840,0,,1844383,83148,501,foodsafety@lbbd.gov.uk,Barking and Dagenham,http://www.lbbd.gov.uk/Pages/Home.aspx,False,,IG11 8DN,1901-01-01T00:00:00,fhrs_awaitinginspection_en-gb,AwaitingInspection,,FHRS,0.0804551,51.5382615,,,,,barking cost cutter limited,"Focal House, 12-18 Station Parade, IG11 8DN",NEEDS_CHECK,Independent or other supermarket
273 Ballards Lane London,,,,Waitrose,Retailers - supermarkets/hypermarkets,7840,0,,756595,CP/00822,502,FoodSafety@barnet.gov.uk,Barnet,http://www.barnet.gov.uk/,False,,N12 8NR,2025-07-11T00:00:00,fhrs_5_en-gb,5,,FHRS,-0.1797538,51.6113272,0.0,0.0,0.0,Waitrose,waitrose,"273 Ballards Lane London, N12 8NR",NEEDS_CHECK,Full Waitrose store: bakery provision to confirm
Brent Cross Shopping Centre  Prince Charles Drive London,,,,Waitrose,Retailers - supermarkets/hypermarkets,7840,0,,756628,CP/01549,502,FoodSafety@barnet.gov.uk,Barnet,http://www.barnet.gov.uk/,False,,NW4 3FQ,2025-06-19T00:00:00,fhrs_5_en-gb,5,,FHRS,-0.224534,51.576185,5.0,5.0,0.0,Waitrose,waitrose,"Brent Cross Shopping Centre  Prince Charles Drive London, NW4 3FQ",NEEDS_CHECK,Full Waitrose store: bakery provision to confirm
66 East Barnet Road Barnet,,,,Sainsbury's,Retailers - supermarkets/hypermarkets,7840,0,,756780,CP/03879,502,FoodSafety@barnet.gov.uk,Barnet,http://www.barnet.gov.uk/,False,,EN4 8RQ,2021-03-02T00:00:00,fhrs_5_en-gb,5,,FHRS,-0.170937,51.649422,0.0,0.0,0.0,Sainsbury's,sainsbury's,"66 East Barnet Road Barnet, EN4 8RQ",NEEDS_CHECK,Sainsbury's store format unclear from FHRS record
Russell Parade  Golders Green Road London,,,,Kosher Kingdom,Retailers - supermarkets/hypermarkets,7840,0,,756819,CP/04535,502,FoodSafety@barnet.gov.uk,Barnet,http://www.barnet.gov.uk/,False,,NW11 9NN,2025-08-27T00:00:00,fhrs_5_en-gb,5,,FHRS,-0.207422,51.578299,0.0,5.0,5.0,,kosher kingdom,"Russell Parade  Golders Green Road London, NW11 9NN",NEEDS_CHECK,Independent or other supermarket
Temple Fortune Parade  Finchley Road London,,,,Waitrose,Retailers - supermarkets/hypermarkets,7840,0,,756845,CP/05007,502,FoodSafety@barnet.gov.uk,Barnet,http://www.barnet.gov.uk/,False,,NW11 0QS,2022-03-23T00:00:00,fhrs_5_en-gb,5,,FHRS,-0.199846,51.583002,0.0,0.0,0.0,Waitrose,waitrose,"Temple Fortune Parade  Finchley Road London, NW11 0QS",NEEDS_CHECK,Full Waitrose store: bakery provision to confirm
612 Finchley Road London,,,,Sainsbury's,Retailers - supermarkets/hypermarkets,7840,0,,756848,CP/05098,502,FoodSafety@barnet.gov.uk,Barnet,http://www.barnet.gov.uk/,False,,NW11 7RX,2026-03-30T00:00:00,fhrs_5_en-gb,5,,FHRS,-0.194676,51.569965,0.0,5.0,0.0,Sainsbury's,sainsbury's,"612 Finchley Road London, NW11 7RX",NEEDS_CHECK,Sainsbury's store format unclear from FHRS record
The Spires Shopping Centre  High Street Barnet,,,,Waitrose,Retailers - supermarkets/hypermarkets,7840,0,,756930,CP/06851,502,FoodSafety@barnet.gov.uk,Barnet,http://www.barnet.gov.uk/,False,,EN5 5XY,2026-06-10T00:00:00,fhrs_2_en-gb,2,,FHRS,-0.203169,51.655351,10.0,15.0,5.0,Waitrose,waitrose,"The Spires Shopping Centre  High Street Barnet, EN5 5XY",NEEDS_CHECK,Full Waitrose store: bakery provision to confirm
Viceroy Parade  High Road London,,,,Budgens,Retailers - supermarkets/hypermarkets,7840,0,,756972,CP/07292,502,FoodSafety@barnet.gov.uk,Barnet,http://www.barnet.gov.uk/,False,,N2 8AQ,2026-05-12T00:00:00,fhrs_5_en-gb,5,,FHRS,-0.164602,51.589722,0.0,5.0,0.0,,budgens,"Viceroy Parade  High Road London, N2 8AQ",NEEDS_CHECK,Independent or other supermarket
1305 High Road London,,,,Waitrose,Retailers - supermarkets/hypermarkets,7840,0,,756985,CP/07565,502,FoodSafety@barnet.gov.uk,Barnet,http://www.barnet.gov.uk/,False,,N20 9HX,2026-03-10T00:00:00,fhrs_5_en-gb,5,,FHRS,-0.17561499774456,51.6312141418457,0.0,0.0,0.0,Waitrose,waitrose,"1305 High Road London, N20 9HX",NEEDS_CHECK,Full Waitrose store: bakery provision to confirm
1430 High Road London,,,,Marks & Spencer Simply Foods,Retailers - supermarkets/hypermarkets,7840,0,,757008,CP/07934,502,FoodSafety@barnet.gov.uk,Barnet,http://www.barnet.gov.uk/,False,,N20 9BS,2021-04-09T00:00:00,fhrs_5_en-gb,5,,FHRS,-0.1761,51.635304,0.0,0.0,0.0,M&S,marks & spencer simply foods,"1430 High Road London, N20 9BS",NEEDS_CHECK,Larger M&S store: bakery provision to confirm
Coppetts Centre  North Circular Road London,,,,Tesco,Retailers - supermarkets/hypermarkets,7840,0,,757054,CP/08819,502,FoodSafety@barnet.gov.uk,Barnet,http://www.barnet.gov.uk/,False,,N12 0SH,2026-02-16T00:00:00,fhrs_5_en-gb,5,,FHRS,-0.156384,51.60694,0.0,0.0,0.0,Tesco,tesco,"Coppetts Centre  North Circular Road London, N12 0SH",NEEDS_CHECK,Tesco store format unclear from FHRS record
Thornfield Parade  Holders Hill Road London,,,,Thornfield Supermarket,Retailers - supermarkets/hypermarkets,7840,0,,757096,CP/09780,502,FoodSafety@barnet.gov.uk,Barnet,http://www.barnet.gov.uk/,False,,NW7 1LN,2022-07-23T00:00:00,fhrs_5_en-gb,5,,FHRS,-0.207358,51.604483,0.0,5.0,0.0,,thornfield supermarket,"Thornfield Parade  Holders Hill Road London, NW7 1LN",NEEDS_CHECK,Independent or other supermarket
Silkstream Parade  Watling Avenue Edgware,,,,Oheneba Groceries,Retailers - supermarkets/hypermarkets,7840,0,,757206,CP/12549,502,FoodSafety@barnet.gov.uk,Barnet,http://www.barnet.gov.uk/,False,,HA8 0EL,2025-11-24T00:00:00,fhrs_4_en-gb,4,,FHRS,-0.263121,51.602786,5.0,0.0,10.0,,oheneba groceries,"Silkstream Parade  Watling Avenue Edgware, HA8 0EL",NEEDS_CHECK,Independent or other supermarket
3 The Broadway London,,,,Marks & Spencer Simply Foods,Retailers - supermarkets/hypermarkets,7840,0,,757212,CP/12652,502,FoodSafety@barnet.gov.uk,Barnet,http://www.barnet.gov.uk/,False,,NW7 3LN,2025-11-18T00:00:00,fhrs_5_en-gb,5,,FHRS,-0.248948,51.614238,0.0,0.0,0.0,M&S,marks & spencer simply foods,"3 The Broadway London, NW7 3LN",NEEDS_CHECK,Larger M&S store: bakery provision to confirm
3 Sussex Ring London,,,,Nisa International Supermarket,Retailers - supermarkets/hypermarkets,7840,0,,757217,CP/12757,502,FoodSafety@barnet.gov.uk,Barnet,http://www.barnet.gov.uk/,False,,N12 7HY,2026-06-02T00:00:00,fhrs_3_en-gb,3,,FHRS,-0.190868,51.615354,10.0,10.0,10.0,,nisa international supermarket,"3 Sussex Ring London, N12 7HY",NEEDS_CHECK,Independent or other supermarket
Broadwalk Shopping Centre  Station Road Edgware,,,,Sainsbury's,Retailers - supermarkets/hypermarkets,7840,0,,757254,CP/13436,502,FoodSafety@barnet.gov.uk,Barnet,http://www.barnet.gov.uk/,False,,HA8 7BQ,2025-10-27T00:00:00,fhrs_5_en-gb,5,,FHRS,-0.27598,51.612885,0.0,0.0,0.0,Sainsbury's,sainsbury's,"Broadwalk Shopping Centre  Station Road Edgware, HA8 7BQ",NEEDS_CHECK,Sainsbury's store format unclear from FHRS record
2 Langstone Way London,,,,Waitrose,Retailers - supermarkets/hypermarkets,7840,0,,757381,CP/16444,502,FoodSafety@barnet.gov.uk,Barnet,http://www.barnet.gov.uk/,False,,NW7 1GU,2025-09-05T00:00:00,fhrs_5_en-gb,5,,FHRS,-0.210481,51.607696,0.0,0.0,0.0,Waitrose,waitrose,"2 Langstone Way London, NW7 1GU",NEEDS_CHECK,Full Waitrose store: bakery provision to confirm
Brent Cross Shopping Centre  Prince Charles Drive London,,,,Marks & Spencer,Retailers - supermarkets/hypermarkets,7840,0,,757407,CP/17492,502,FoodSafety@barnet.gov.uk,Barnet,http://www.barnet.gov.uk/,False,,NW4 3FE,2026-05-04T00:00:00,fhrs_5_en-gb,5,,FHRS,-0.224534,51.576185,5.0,0.0,0.0,M&S,marks & spencer,"Brent Cross Shopping Centre  Prince Charles Drive London, NW4 3FE",NEEDS_CHECK,Larger M&S store: bakery provision to confirm
Tesco Store  Tilling Road London,,,,Tesco,Retailers - supermarkets/hypermarkets,7840,0,,757409,CP/17551,502,FoodSafety@barnet.gov.uk,Barnet,http://www.barnet.gov.uk/,False,,NW2 1LZ,2024-01-11T00:00:00,fhrs_5_en-gb,5,,FHRS,-0.214867,51.574285,0.0,5.0,0.0,Tesco,tesco,"Tesco Store  Tilling Road London, NW2 1LZ",NEEDS_CHECK,Tesco store format unclear from FHRS record
Silkstream Parade  Watling Avenue Edgware,,,,Costcutters,Retailers - supermarkets/hypermarkets,7840,0,,757476,CP/20562,502,FoodSafety@barnet.gov.uk,Barnet,http://www.barnet.gov.uk/,False,,HA8 0EJ,2025-07-01T00:00:00,fhrs_3_en-gb,3,,FHRS,-0.263561,51.602981,10.0,10.0,10.0,,costcutters,"Silkstream Parade  Watling Avenue Edgware, HA8 0EJ",NEEDS_CHECK,Independent or other supermarket
Broadwalk Shopping Centre  Station Road Edgware,,,,Poundland,Retailers - supermarkets/hypermarkets,7840,0,,757505,CP/22879,502,FoodSafety@barnet.gov.uk,Barnet,http://www.barnet.gov.uk/,False,,HA8 7BD,2025-12-11T00:00:00,fhrs_5_en-gb,5,,FHRS,-0.27598,51.612885,0.0,5.0,0.0,,poundland,"Broadwalk Shopping Centre  Station Road Edgware, HA8 7BD",NEEDS_CHECK,Independent or other supermarket
58 Ballards Lane London,,,,Gisha,Retailers - supermarkets/hypermarkets,7840,0,,757537,CP/23726,502,FoodSafety@barnet.gov.uk,Barnet,http://www.barnet.gov.uk/,False,,N3 2BU,2023-12-14T00:00:00,fhrs_5_en-gb,5,,FHRS,-0.190658,51.603202,0.0,0.0,5.0,,gisha,"58 Ballards Lane London, N3 2BU",NEEDS_CHECK,Independent or other supermarket
108 Brent Street London,,,,Tapuach / Sushi Fix,Retailers - supermarkets/hypermarkets,7840,0,,757563,CP/24451,502,FoodSafety@barnet.gov.uk,Barnet,http://www.barnet.gov.uk/,False,,NW4 2HH,2023-08-22T00:00:00,fhrs_5_en-gb,5,,FHRS,-0.219686,51.58576,5.0,5.0,5.0,,tapuach / sushi fix,"108 Brent Street London, NW4 2HH",NEEDS_CHECK,Independent or other supermarket
Greenhill Parade  Great North Road Barnet,,,,Tesco,Retailers - supermarkets/hypermarkets,7840,0,,757789,CP/39975,502,FoodSafety@barnet.gov.uk,Barnet,http://www.barnet.gov.uk/,False,,EN5 1ES,2026-01-06T00:00:00,fhrs_5_en-gb,5,,FHRS,-0.186852,51.646531,5.0,5.0,0.0,Tesco,tesco,"Greenhill Parade  Great North Road Barnet, EN5 1ES",NEEDS_CHECK,Tesco store format unclear from FHRS record
820 Finchley Road London,,,,Marks & Spencer Simply Foods,Retailers - supermarkets/hypermarkets,7840,0,,757907,CP/44788,502,FoodSafety@barnet.gov.uk,Barnet,http://www.barnet.gov.uk/,False,,NW11 6XL,2022-02-25T00:00:00,fhrs_5_en-gb,5,,FHRS,-0.199225,51.58302,0.0,0.0,0.0,M&S,marks & spencer simply foods,"820 Finchley Road London, NW11 6XL",NEEDS_CHECK,Larger M&S store: bakery provision to confirm
836 High Road London,,,,Sainsburys,Retailers - supermarkets/hypermarkets,7840,0,,757924,CP/45575,502,FoodSafety@barnet.gov.uk,Barnet,http://www.barnet.gov.uk/,False,,N12 9RE,2026-01-14T00:00:00,fhrs_4_en-gb,4,,FHRS,-0.17627,51.6179094,0.0,10.0,5.0,Sainsbury's,sainsburys,"836 High Road London, N12 9RE",NEEDS_CHECK,Sainsbury's store format unclear from FHRS record
2 Friern Barnet Lane London,,,,Tesco,Retailers - supermarkets/hypermarkets,7840,0,,757971,CP/47224,502,FoodSafety@barnet.gov.uk,Barnet,http://www.barnet.gov.uk/,False,,N11 3LX,2022-03-27T00:00:00,fhrs_5_en-gb,5,,FHRS,-0.159369,51.61454,0.0,0.0,0.0,Tesco,tesco,"2 Friern Barnet Lane London, N11 3LX",NEEDS_CHECK,Tesco store format unclear from FHRS record
London Gateway Service Area  M1 London Gateway Services Junction 3 From Junction 2 Off Slip London,,,,Waitrose,Retailers - supermarkets/hypermarkets,7840,0,,758139,CP/53126,502,FoodSafety@barnet.gov.uk,Barnet,http://www.barnet.gov.uk/,False,,NW7 3HU,2026-06-20T00:00:00,fhrs_4_en-gb,4,,FHRS,-0.266371,51.632337,0.0,10.0,0.0,Waitrose,waitrose,"London Gateway Service Area  M1 London Gateway Services Junction 3 From Junction 2 Off Slip London, NW7 3HU",NEEDS_CHECK,Full Waitrose store: bakery provision to confirm
Winston House 2 Dollis Park London,,,,Sainsbury's,Retailers - supermarkets/hypermarkets,7840,0,,758398,CP/59744,502,FoodSafety@barnet.gov.uk,Barnet,http://www.barnet.gov.uk/,False,,N3 1HF,2025-11-18T00:00:00,fhrs_5_en-gb,5,,FHRS,-0.195262,51.601061,0.0,0.0,0.0,Sainsbury's,sainsbury's,"Winston House 2 Dollis Park London, N3 1HF",NEEDS_CHECK,Sainsbury's store format unclear from FHRS record
Heath Parade  Grahame Park Way London,,,,Sainsbury's,Retailers - supermarkets/hypermarkets,7840,0,,801400,15/00181/COMM,502,FoodSafety@barnet.gov.uk,Barnet,http://www.barnet.gov.uk/,False,,NW9 5ZN,2022-05-10T00:00:00,fhrs_4_en-gb,4,,FHRS,,,0.0,10.0,5.0,Sainsbury's,sainsbury's,"Heath Parade  Grahame Park Way London, NW9 5ZN",NEEDS_CHECK,Sainsbury's store format unclear from FHRS record
770 High Road London,,,,Tesco,Retailers - supermarkets/hypermarkets,7840,0,,920306,15/00469/COMM,502,FoodSafety@barnet.gov.uk,Barnet,http://www.barnet.gov.uk/,False,,N12 9QH,2022-09-14T00:00:00,fhrs_5_en-gb,5,,FHRS,-0.176348,51.615435,0.0,5.0,5.0,Tesco,tesco,"770 High Road London, N12 9QH",NEEDS_CHECK,Tesco store format unclear from FHRS record
1099 Finchley Road London,,,,Moshe Food & Wine,Retailers - supermarkets/hypermarkets,7840,0,,989329,CP/04854,502,FoodSafety@barnet.gov.uk,Barnet,http://www.barnet.gov.uk/,False,,NW11 0QB,2022-02-16T00:00:00,fhrs_5_en-gb,5,,FHRS,-0.199292004108429,51.5816993713379,0.0,0.0,5.0,,moshe food & wine,"1099 Finchley Road London, NW11 0QB",NEEDS_CHECK,Independent or other supermarket
14 Charcot Road London,,,,Sainsburys,Retailers - supermarkets/hypermarkets,7840,0,,1027068,17/00047/COMM,502,FoodSafety@barnet.gov.uk,Barnet,http://www.barnet.gov.uk/,False,,NW9 5WU,2021-05-25T00:00:00,fhrs_5_en-gb,5,,FHRS,-0.249705001711845,51.594181060791,0.0,0.0,0.0,Sainsbury's,sainsburys,"14 Charcot Road London, NW9 5WU",NEEDS_CHECK,Sainsbury's store format unclear from FHRS record
136 Golders Green Road London,,,,Seoul Plaza,Retailers - supermarkets/hypermarkets,7840,0,,1090317,CP/20892,502,FoodSafety@barnet.gov.uk,Barnet,http://www.barnet.gov.uk/,False,,NW11 8HB,2024-01-26T00:00:00,fhrs_4_en-gb,4,,FHRS,-0.200481995940208,51.5738677978516,0.0,10.0,5.0,,seoul plaza,"136 Golders Green Road London, NW11 8HB",NEEDS_CHECK,Independent or other supermarket
3 Bell Lane London,,,,Hyper Food Centre,Retailers - supermarkets/hypermarkets,7840,0,,1291299,20/00411/COMM,502,FoodSafety@barnet.gov.uk,Barnet,http://www.barnet.gov.uk/,False,,NW4 2BP,2024-11-26T00:00:00,fhrs_2_en-gb,2,,FHRS,-0.2196831,51.58659,10.0,15.0,10.0,,hyper food centre,"3 Bell Lane London, NW4 2BP",NEEDS_CHECK,Independent or other supermarket
20 Vivian Avenue London,,,,Evo Supermart,Retailers - supermarkets/hypermarkets,7840,0,,1344434,20/00987/COMM,502,FoodSafety@barnet.gov.uk,Barnet,http://www.barnet.gov.uk/,False,,NW4 3XP,2026-06-09T00:00:00,fhrs_5_en-gb,5,,FHRS,-0.2288753,51.5827849,0.0,5.0,5.0,,evo supermart,"20 Vivian Avenue London, NW4 3XP",NEEDS_CHECK,Independent or other supermarket
128 Station Road Edgware,,,,Mir Food Centre 2,Retailers - supermarkets/hypermarkets,7840,0,,1519608,22/00318/COMM,502,FoodSafety@barnet.gov.uk,Barnet,http://www.barnet.gov.uk/,False,,HA8 7AA,2022-06-16T00:00:00,fhrs_5_en-gb,5,,FHRS,-0.277014,51.612288,5.0,0.0,5.0,,mir food centre 2,"128 Station Road Edgware, HA8 7AA",NEEDS_CHECK,Independent or other supermarket
11 Central Circus London,,,,NISA LOCAL,Retailers - supermarkets/hypermarkets,7840,0,,1557819,22/00497/COMM,502,FoodSafety@barnet.gov.uk,Barnet,http://www.barnet.gov.uk/,False,,NW4 3AS,2022-11-04T00:00:00,fhrs_5_en-gb,5,,FHRS,-0.22688085,51.58308901,5.0,5.0,5.0,,nisa local,"11 Central Circus London, NW4 3AS",NEEDS_CHECK,Independent or other supermarket
254 West Hendon Broadway London,,,,Way2save Supermarket,Retailers - supermarkets/hypermarkets,7840,0,,1582784,22/00628/COMM,502,FoodSafety@barnet.gov.uk,Barnet,http://www.barnet.gov.uk/,False,,NW9 6AG,2023-02-23T00:00:00,fhrs_5_en-gb,5,,FHRS,-0.24050768,51.57844773,0.0,5.0,0.0,,way2save supermarket,"254 West Hendon Broadway London, NW9 6AG",NEEDS_CHECK,Independent or other supermarket
326 Regents Park Road London,,,,Waitrose,Retailers - supermarkets/hypermarkets,7840,0,,1717251,17/00276/COMM,502,FoodSafety@barnet.gov.uk,Barnet,http://www.barnet.gov.uk/,False,,N3 2LN,2025-11-10T00:00:00,fhrs_5_en-gb,5,,FHRS,-0.194821,51.600173,0.0,0.0,0.0,Waitrose,waitrose,"326 Regents Park Road London, N3 2LN",NEEDS_CHECK,Full Waitrose store: bakery provision to confirm
Friern Bridge Retail Park  Pegasus Way London,,,,Marks And Spencers Simply Foods,Retailers - supermarkets/hypermarkets,7840,0,,1735140,24/00245/COMM,502,FoodSafety@barnet.gov.uk,Barnet,http://www.barnet.gov.uk/,False,,N11 3PW,2024-10-07T00:00:00,fhrs_4_en-gb,4,,FHRS,-0.14266,51.611624,0.0,10.0,5.0,,marks and spencers simply foods,"Friern Bridge Retail Park  Pegasus Way London, N11 3PW",NEEDS_CHECK,Independent or other supermarket
10 Sentinel Square London,,,,Farmfoods,Retailers - supermarkets/hypermarkets,7840,0,,1749488,24/00338/COMM,502,FoodSafety@barnet.gov.uk,Barnet,http://www.barnet.gov.uk/,False,,NW4 2EL,2025-08-20T00:00:00,fhrs_4_en-gb,4,,FHRS,-0.220121,51.587196,0.0,10.0,10.0,,farmfoods,"10 Sentinel Square London, NW4 2EL",NEEDS_CHECK,Independent or other supermarket
74 Watling Avenue Edgware,,,,Tesco Stores Limited,Retailers - supermarkets/hypermarkets,7840,0,,1753056,24/00362/COMM,502,FoodSafety@barnet.gov.uk,Barnet,http://www.barnet.gov.uk/,False,,HA8 0LU,2025-02-06T00:00:00,fhrs_5_en-gb,5,,FHRS,-0.26464423,51.60205756,0.0,0.0,0.0,Tesco,tesco stores limited,"74 Watling Avenue Edgware, HA8 0LU",NEEDS_CHECK,Tesco store format unclear from FHRS record
Henshaw Parade  The Hyde London,,,,Sainsburys,Retailers - supermarkets/hypermarkets,7840,0,,1775846,24/00490/COMM,502,FoodSafety@barnet.gov.uk,Barnet,http://www.barnet.gov.uk/,False,,NW9 6GH,2025-11-18T00:00:00,fhrs_5_en-gb,5,,FHRS,,,0.0,0.0,0.0,Sainsbury's,sainsburys,"Henshaw Parade  The Hyde London, NW9 6GH",NEEDS_CHECK,Sainsbury's store format unclear from FHRS record
98 Burnt Oak Broadway Edgware,,,,Sainsburys,Retailers - supermarkets/hypermarkets,7840,0,,1786355,24/00582/COMM,502,FoodSafety@barnet.gov.uk,Barnet,http://www.barnet.gov.uk/,False,,HA8 0BE,2025-05-07T00:00:00,fhrs_5_en-gb,5,,FHRS,-0.26651,51.600237,0.0,0.0,0.0,Sainsbury's,sainsburys,"98 Burnt Oak Broadway Edgware, HA8 0BE",NEEDS_CHECK,Sainsbury's store format unclear from FHRS record
1 Charcot Road London,,,,Barakat Halal Food Centre,Retailers - supermarkets/hypermarkets,7840,0,,1866572,25/00453/COMM,502,FoodSafety@barnet.gov.uk,Barnet,http://www.barnet.gov.uk/,False,,NW9 5HG,2025-11-14T00:00:00,fhrs_4_en-gb,4,,FHRS,-0.251254,51.5952061,5.0,10.0,5.0,,barakat halal food centre,"1 Charcot Road London, NW9 5HG",NEEDS_CHECK,Independent or other supermarket
20 East Barnet Road Barnet,,,,Pirqo Food Centre,Retailers - supermarkets/hypermarkets,7840,0,,1901023,25/00638/COMM,502,FoodSafety@barnet.gov.uk,Barnet,http://www.barnet.gov.uk/,False,,EN4 8RQ,2026-01-27T00:00:00,fhrs_4_en-gb,4,,FHRS,-0.1725509,51.650044,5.0,5.0,10.0,,pirqo food centre,"20 East Barnet Road Barnet, EN4 8RQ",NEEDS_CHECK,Independent or other supermarket
18 High Road London,,,,Tesco Stores Limited,Retailers - supermarkets/hypermarkets,7840,0,,1905984,26/00002/COMM,502,FoodSafety@barnet.gov.uk,Barnet,http://www.barnet.gov.uk/,False,,N2 9PJ,2026-03-13T00:00:00,fhrs_5_en-gb,5,,FHRS,-0.1638555,51.5873557,0.0,5.0,5.0,Tesco,tesco stores limited,"18 High Road London, N2 9PJ",NEEDS_CHECK,Tesco store format unclear from FHRS record
183 Ballards Lane London,,,,Persia Supermarket,Retailers - supermarkets/hypermarkets,7840,0,,1960760,26/00446/COMM,502,FoodSafety@barnet.gov.uk,Barnet,http://www.barnet.gov.uk/,False,,N3 1LP,2026-06-09T00:00:00,fhrs_1_en-gb,1,,FHRS,-0.187468,51.606057,10.0,20.0,20.0,,persia supermarket,"183 Ballards Lane London, N3 1LP",NEEDS_CHECK,Independent or other supermarket
79 Colney Hatch Lane London,,,,Colney Supermarket,Retailers - supermarkets/hypermarkets,7840,0,,1960761,26/00447/COMM,502,FoodSafety@barnet.gov.uk,Barnet,http://www.barnet.gov.uk/,False,,N10 1LR,2026-06-05T00:00:00,fhrs_4_en-gb,4,,FHRS,-0.1476715,51.5995237,10.0,5.0,5.0,,colney supermarket,"79 Colney Hatch Lane London, N10 1LR",NEEDS_CHECK,Independent or other supermarket
40 Pier Road,Erith,Kent,,Farmfoods,Retailers - supermarkets/hypermarkets,7840,0,,329111,03/00235/CP,503,food.safety@bexley.gov.uk,Bexley,http://www.bexley.gov.uk,False,,DA8 1TA,2024-08-29T00:00:00,fhrs_5_en-gb,5,,FHRS,0.1803043,51.4797468,0.0,5.0,5.0,,farmfoods,"40 Pier Road, Erith, Kent, DA8 1TA",NEEDS_CHECK,Independent or other supermarket
160 Broadway,Bexleyheath,Kent,,Asda,Retailers - supermarkets/hypermarkets,7840,0,,329297,07080/0160/3/002,503,food.safety@bexley.gov.uk,Bexley,http://www.bexley.gov.uk,False,,DA6 7BN,2026-02-05T00:00:00,fhrs_5_en-gb,5,,FHRS,0.141893,51.4572,0.0,0.0,5.0,Asda,asda,"160 Broadway, Bexleyheath, Kent, DA6 7BN",NEEDS_CHECK,Asda store format unclear from FHRS record
Northend Road,Erith,Kent,,Tesco,Retailers - supermarkets/hypermarkets,7840,0,,329451,11/00133/CP,503,food.safety@bexley.gov.uk,Bexley,http://www.bexley.gov.uk,False,,DA8 3PL,2024-05-09T00:00:00,fhrs_5_en-gb,5,,FHRS,0.758300006389618,51.1696586608887,5.0,5.0,5.0,Tesco,tesco,"Northend Road, Erith, Kent, DA8 3PL",NEEDS_CHECK,Tesco store format unclear from FHRS record
204 - 210 Bexley Road,Erith,Kent,,Tesco,Retailers - supermarkets/hypermarkets,7840,0,,553261,12/00124/CP,503,food.safety@bexley.gov.uk,Bexley,http://www.bexley.gov.uk,False,,DA8 3HD,2023-07-12T00:00:00,fhrs_5_en-gb,5,,FHRS,0.162383,51.474072,0.0,0.0,0.0,Tesco,tesco,"204 - 210 Bexley Road, Erith, Kent, DA8 3HD",NEEDS_CHECK,Tesco store format unclear from FHRS record
13-15 Crook Log,Bexleyheath,Kent,,Asda,Retailers - supermarkets/hypermarkets,7840,0,,580849,07410/0013/4/000,503,food.safety@bexley.gov.uk,Bexley,http://www.bexley.gov.uk,False,,DA6 8DZ,2026-01-02T00:00:00,fhrs_5_en-gb,5,,FHRS,0.130666,51.458465,0.0,0.0,0.0,Asda,asda,"13-15 Crook Log, Bexleyheath, Kent, DA6 8DZ",NEEDS_CHECK,Asda store format unclear from FHRS record
172 Upper Wickham Lane,Welling,Kent,,Tesco,Retailers - supermarkets/hypermarkets,7840,0,,587340,18950/0172/0/000,503,food.safety@bexley.gov.uk,Bexley,http://www.bexley.gov.uk,False,,DA16 3DX,2022-09-14T00:00:00,fhrs_5_en-gb,5,,FHRS,0.110259,51.46763,0.0,0.0,0.0,Tesco,tesco,"172 Upper Wickham Lane, Welling, Kent, DA16 3DX",NEEDS_CHECK,Tesco store format unclear from FHRS record
124 Bellegrove Road,Welling,Kent,,Tesco,Retailers - supermarkets/hypermarkets,7840,0,,595362,17170/0124/0/000,503,food.safety@bexley.gov.uk,Bexley,http://www.bexley.gov.uk,False,,DA16 3QR,2024-03-04T00:00:00,fhrs_4_en-gb,4,,FHRS,0.099807,51.463887,0.0,10.0,5.0,Tesco,tesco,"124 Bellegrove Road, Welling, Kent, DA16 3QR",NEEDS_CHECK,Tesco store format unclear from FHRS record
Stadium Way,Crayford,Dartford,Kent,Sainsbury's,Retailers - supermarkets/hypermarkets,7840,0,,682880,01010/2001/3/002,503,food.safety@bexley.gov.uk,Bexley,http://www.bexley.gov.uk,False,,DA1 4HN,2025-01-06T00:00:00,fhrs_5_en-gb,5,,FHRS,0.21039,51.449586,0.0,5.0,0.0,Sainsbury's,sainsbury's,"Stadium Way, Crayford, Dartford, DA1 4HN",NEEDS_CHECK,Sainsbury's store format unclear from FHRS record
72 Nuxley Road,Belvedere,Kent,,Sainsbury's,Retailers - supermarkets/hypermarkets,7840,0,,684037,14/00082/CP,503,food.safety@bexley.gov.uk,Bexley,http://www.bexley.gov.uk,False,,DA17 5JG,2024-02-23T00:00:00,fhrs_5_en-gb,5,,FHRS,0.145655,51.482482,5.0,5.0,0.0,Sainsbury's,sainsbury's,"72 Nuxley Road, Belvedere, Kent, DA17 5JG",NEEDS_CHECK,Sainsbury's store format unclear from FHRS record
55 Broadway,Bexleyheath,Kent,,Marks & Spencer,Retailers - supermarkets/hypermarkets,7840,0,,687090,07080/0055/0/000,503,food.safety@bexley.gov.uk,Bexley,http://www.bexley.gov.uk,False,,DA6 7JN,2026-04-13T00:00:00,fhrs_5_en-gb,5,,FHRS,0.146147,51.456133,0.0,5.0,5.0,M&S,marks & spencer,"55 Broadway, Bexleyheath, Kent, DA6 7JN",NEEDS_CHECK,Larger M&S store: bakery provision to confirm
81 - 87 Avenue Road,Bexleyheath,Kent,,Sainsbury's,Retailers - supermarkets/hypermarkets,7840,0,,687105,08/00027/CP,503,food.safety@bexley.gov.uk,Bexley,http://www.bexley.gov.uk,False,,DA7 4EQ,2017-08-21T00:00:00,fhrs_5_en-gb,5,,FHRS,0.13182,51.462212,0.0,0.0,0.0,Sainsbury's,sainsbury's,"81 - 87 Avenue Road, Bexleyheath, Kent, DA7 4EQ",NEEDS_CHECK,Sainsbury's store format unclear from FHRS record
4-6 Station Parade,Station Road,Sidcup,Kent,Tesco,Retailers - supermarkets/hypermarkets,7840,0,,690499,16420/0004/0/000,503,food.safety@bexley.gov.uk,Bexley,http://www.bexley.gov.uk,False,,DA15 7DB,2024-10-15T00:00:00,fhrs_5_en-gb,5,,FHRS,0.103076,51.433208,0.0,0.0,0.0,Tesco,tesco,"4-6 Station Parade, Station Road, Sidcup, DA15 7DB",NEEDS_CHECK,Tesco store format unclear from FHRS record
10 - 11 Blackfen Parade,Blackfen Road,Sidcup,Kent,Tesco,Retailers - supermarkets/hypermarkets,7840,0,,698528,13480/0007/0/000,503,food.safety@bexley.gov.uk,Bexley,http://www.bexley.gov.uk,False,,DA15 9LU,2024-03-02T00:00:00,fhrs_5_en-gb,5,,FHRS,0.104288,51.450192,0.0,0.0,0.0,Tesco,tesco,"10 - 11 Blackfen Parade, Blackfen Road, Sidcup, DA15 9LU",NEEDS_CHECK,Tesco store format unclear from FHRS record
72 Broadway,Bexleyheath,Kent,,Sainsbury's,Retailers - supermarkets/hypermarkets,7840,0,,738294,07080/0072/0/001,503,food.safety@bexley.gov.uk,Bexley,http://www.bexley.gov.uk,False,,DA6 7DF,2026-05-06T00:00:00,fhrs_5_en-gb,5,,FHRS,0.148091,51.456159,0.0,0.0,0.0,Sainsbury's,sainsbury's,"72 Broadway, Bexleyheath, Kent, DA6 7DF",NEEDS_CHECK,Sainsbury's store format unclear from FHRS record
267 Brampton Road,Bexleyheath,Kent,,Sainsbury's,Retailers - supermarkets/hypermarkets,7840,0,,782383,15/00250/CP,503,food.safety@bexley.gov.uk,Bexley,http://www.bexley.gov.uk,False,,DA7 4TA,2024-03-15T00:00:00,fhrs_5_en-gb,5,,FHRS,0.128143,51.472621,0.0,0.0,0.0,Sainsbury's,sainsbury's,"267 Brampton Road, Bexleyheath, Kent, DA7 4TA",NEEDS_CHECK,Sainsbury's store format unclear from FHRS record
Sainsbury's,1 Bronze Walk,Erith,Kent,Sainsbury's Supermarkets,Retailers - supermarkets/hypermarkets,7840,0,,1662478,23/00311/CP,503,food.safety@bexley.gov.uk,Bexley,http://www.bexley.gov.uk,False,,DA8 1GF,2024-02-29T00:00:00,fhrs_5_en-gb,5,,FHRS,0.1642419,51.4831462,0.0,0.0,0.0,Sainsbury's,sainsbury's supermarkets,"Sainsbury's, 1 Bronze Walk, Erith, DA8 1GF",NEEDS_CHECK,Sainsbury's store format unclear from FHRS record
124 Station Road,Sidcup,Kent,,Marks And Spencer,Retailers - supermarkets/hypermarkets,7840,0,,1714120,24/00151/CP,503,food.safety@bexley.gov.uk,Bexley,http://www.bexley.gov.uk,False,,DA15 7AB,2024-06-26T00:00:00,fhrs_5_en-gb,5,,FHRS,0.102544,51.434782,0.0,0.0,5.0,M&S,marks and spencer,"124 Station Road, Sidcup, Kent, DA15 7AB",NEEDS_CHECK,Larger M&S store: bakery provision to confirm
9 Grand Parade,Forty Avenue,Wembley,,Grover's Supermarket,Retailers - supermarkets/hypermarkets,7840,0,,531140,10173,504,ens.foodsafety@brent.gov.uk,Brent,http://www.brent.gov.uk/,False,,HA9 9JS,2026-02-02T00:00:00,fhrs_5_en-gb,5,,FHRS,-0.27798,51.56575,0.0,0.0,5.0,,grover's supermarket,"9 Grand Parade, Forty Avenue, Wembley, HA9 9JS",NEEDS_CHECK,Independent or other supermarket
435-441 High Road,Wembley,,,Poundland,Retailers - supermarkets/hypermarkets,7840,0,,531142,12464,504,ens.foodsafety@brent.gov.uk,Brent,http://www.brent.gov.uk/,False,,HA9 7AB,2025-05-16T00:00:00,fhrs_5_en-gb,5,,FHRS,-0.294245,51.5533,0.0,0.0,0.0,,poundland,"435-441 High Road, Wembley, HA9 7AB",NEEDS_CHECK,Independent or other supermarket
88 High Road,London,,,A P Food Express,Retailers - supermarkets/hypermarkets,7840,0,,531143,12707,504,ens.foodsafety@brent.gov.uk,Brent,http://www.brent.gov.uk/,False,,NW10 2PR,2024-11-09T00:00:00,fhrs_3_en-gb,3,,FHRS,-0.229816,51.54722,10.0,5.0,10.0,,a p food express,"88 High Road, London, NW10 2PR",NEEDS_CHECK,Independent or other supermarket
33 Park Parade,London,,,Park Food & Wine,Retailers - supermarkets/hypermarkets,7840,0,,531145,19358,504,ens.foodsafety@brent.gov.uk,Brent,http://www.brent.gov.uk/,False,,NW10 4JE,2024-07-17T00:00:00,fhrs_5_en-gb,5,,FHRS,-0.242475,51.537231,5.0,0.0,5.0,,park food & wine,"33 Park Parade, London, NW10 4JE",NEEDS_CHECK,Independent or other supermarket
49 Bridge Road,Wembley,,,11 Express,Retailers - supermarkets/hypermarkets,7840,0,,531149,2311,504,ens.foodsafety@brent.gov.uk,Brent,http://www.brent.gov.uk/,False,,HA9 9AG,2024-04-09T00:00:00,fhrs_5_en-gb,5,,FHRS,-0.278474,51.563752,0.0,5.0,5.0,,11 express,"49 Bridge Road, Wembley, HA9 9AG",NEEDS_CHECK,Independent or other supermarket
204 Church Road,London,,,A F G Bazaar,Retailers - supermarkets/hypermarkets,7840,0,,531152,5693,504,ens.foodsafety@brent.gov.uk,Brent,http://www.brent.gov.uk/,False,,NW10 9NP,2026-02-23T00:00:00,fhrs_5_en-gb,5,,FHRS,-0.24835,51.547948,0.0,0.0,0.0,,a f g bazaar,"204 Church Road, London, NW10 9NP",NEEDS_CHECK,Independent or other supermarket
151-153 Fortunegate Road,London,,,Sima Food & Wine,Retailers - supermarkets/hypermarkets,7840,0,,531705,10108,504,ens.foodsafety@brent.gov.uk,Brent,http://www.brent.gov.uk/,False,,NW10 9RL,2024-06-24T00:00:00,fhrs_5_en-gb,5,,FHRS,-0.248413,51.542553,0.0,0.0,5.0,,sima food & wine,"151-153 Fortunegate Road, London, NW10 9RL",NEEDS_CHECK,Independent or other supermarket
8 Grand Parade,Forty Avenue,Wembley,,Horan Market,Retailers - supermarkets/hypermarkets,7840,0,,531714,10172,504,ens.foodsafety@brent.gov.uk,Brent,http://www.brent.gov.uk/,False,,HA9 9JS,2025-09-23T00:00:00,fhrs_2_en-gb,2,,FHRS,-0.27798,51.56575,10.0,15.0,10.0,,horan market,"8 Grand Parade, Forty Avenue, Wembley, HA9 9JS",NEEDS_CHECK,Independent or other supermarket
Asda,Forty Lane,Wembley,,Asda,Retailers - supermarkets/hypermarkets,7840,0,,531724,10228,504,ens.foodsafety@brent.gov.uk,Brent,http://www.brent.gov.uk/,False,,HA9 9EX,2026-01-06T00:00:00,fhrs_5_en-gb,5,,FHRS,-0.275833,51.564927,5.0,0.0,0.0,Asda,asda,"Asda, Forty Lane, Wembley, HA9 9EX",NEEDS_CHECK,Asda store format unclear from FHRS record
5 Furness Road,London,,,Shalprika,Retailers - supermarkets/hypermarkets,7840,0,,531729,10335,504,ens.foodsafety@brent.gov.uk,Brent,http://www.brent.gov.uk/,False,,NW10 4QH,2024-06-16T00:00:00,fhrs_5_en-gb,5,,FHRS,-0.239709,51.53343,0.0,0.0,5.0,,shalprika,"5 Furness Road, London, NW10 4QH",NEEDS_CHECK,Independent or other supermarket
Furness Stores,8 Furness Road,London,,Furness Stores,Retailers - supermarkets/hypermarkets,7840,0,,531730,10338,504,ens.foodsafety@brent.gov.uk,Brent,http://www.brent.gov.uk/,False,,NW10 4PP,2025-03-18T00:00:00,fhrs_5_en-gb,5,,FHRS,-0.23985,51.533882,0.0,5.0,5.0,,furness stores,"Furness Stores, 8 Furness Road, London, NW10 4PP",NEEDS_CHECK,Independent or other supermarket
1 Glacier Way,Wembley,,,Loon Fung Hong Cash & Carry,Retailers - supermarkets/hypermarkets,7840,0,,531741,11130,504,ens.foodsafety@brent.gov.uk,Brent,http://www.brent.gov.uk/,False,,HA0 1HQ,2025-07-24T00:00:00,fhrs_5_en-gb,5,,FHRS,-0.302004,51.537073,0.0,0.0,0.0,,loon fung hong cash & carry,"1 Glacier Way, Wembley, HA0 1HQ",NEEDS_CHECK,Independent or other supermarket
1B Hamilton Road,London,,,United Food Store,Retailers - supermarkets/hypermarkets,7840,0,,531743,11151,504,ens.foodsafety@brent.gov.uk,Brent,http://www.brent.gov.uk/,False,,NW10 1NU,2024-05-29T00:00:00,fhrs_5_en-gb,5,,FHRS,-0.238109,51.552839,0.0,0.0,0.0,,united food store,"1B Hamilton Road, London, NW10 1NU",NEEDS_CHECK,Independent or other supermarket
144 Harlesden Road,London,,,Raj Food & Wine,Retailers - supermarkets/hypermarkets,7840,0,,531748,11304,504,ens.foodsafety@brent.gov.uk,Brent,http://www.brent.gov.uk/,False,,NW10 2BB,2025-01-11T00:00:00,fhrs_4_en-gb,4,,FHRS,-0.2355871,51.5447275,0.0,0.0,10.0,,raj food & wine,"144 Harlesden Road, London, NW10 2BB",NEEDS_CHECK,Independent or other supermarket
829 Harrow Road,London,,,Food And Wine Harrow Road Convenience Store,Retailers - supermarkets/hypermarkets,7840,0,,531763,11466,504,ens.foodsafety@brent.gov.uk,Brent,http://www.brent.gov.uk/,False,,NW10 5NJ,2023-05-25T00:00:00,fhrs_5_en-gb,5,,FHRS,-0.233953,51.532391,0.0,5.0,5.0,,food and wine harrow road convenience store,"829 Harrow Road, London, NW10 5NJ",NEEDS_CHECK,Independent or other supermarket
998-1002 Harrow Road,London,,,Kensal Green Londis Food Store,Retailers - supermarkets/hypermarkets,7840,0,,531767,11483,504,ens.foodsafety@brent.gov.uk,Brent,http://www.brent.gov.uk/,False,,NW10 5NT,2024-08-02T00:00:00,fhrs_5_en-gb,5,,FHRS,-0.2288477,51.5307324,0.0,0.0,5.0,,kensal green londis food store,"998-1002 Harrow Road, London, NW10 5NT",NEEDS_CHECK,Independent or other supermarket
24-26 Harrow Road,Wembley,,,Local Express Day 1,Retailers - supermarkets/hypermarkets,7840,0,,531785,11557,504,ens.foodsafety@brent.gov.uk,Brent,http://www.brent.gov.uk/,False,,HA9 6PG,2024-12-27T00:00:00,fhrs_4_en-gb,4,,FHRS,-0.273023,51.545795,0.0,0.0,10.0,,local express day 1,"24-26 Harrow Road, Wembley, HA9 6PG",NEEDS_CHECK,Independent or other supermarket
34 Harrow Road,Wembley,,,Ishveen Supermarket,Retailers - supermarkets/hypermarkets,7840,0,,531787,11562,504,ens.foodsafety@brent.gov.uk,Brent,http://www.brent.gov.uk/,False,,HA9 6PG,2024-04-18T00:00:00,fhrs_4_en-gb,4,,FHRS,-0.273023,51.545795,0.0,0.0,10.0,,ishveen supermarket,"34 Harrow Road, Wembley, HA9 6PG",NEEDS_CHECK,Independent or other supermarket
66 Harrow Road,Wembley,,,Temur Halal Meat,Retailers - supermarkets/hypermarkets,7840,0,,531794,11584,504,ens.foodsafety@brent.gov.uk,Brent,http://www.brent.gov.uk/,False,,HA9 6PL,2025-03-13T00:00:00,fhrs_3_en-gb,3,,FHRS,-0.274322,51.546912,10.0,10.0,10.0,,temur halal meat,"66 Harrow Road, Wembley, HA9 6PL",NEEDS_CHECK,Independent or other supermarket
155 Harrow Road,Wembley,,,A Plus Superstore,Retailers - supermarkets/hypermarkets,7840,0,,531799,11605,504,ens.foodsafety@brent.gov.uk,Brent,http://www.brent.gov.uk/,False,,HA9 6DN,2025-06-24T00:00:00,fhrs_5_en-gb,5,,FHRS,-0.280507,51.548882,0.0,0.0,5.0,,a plus superstore,"155 Harrow Road, Wembley, HA9 6DN",NEEDS_CHECK,Independent or other supermarket
306-308 Harrow Road,Wembley,,,Jeen Cash & Carry,Retailers - supermarkets/hypermarkets,7840,0,,531804,11658,504,ens.foodsafety@brent.gov.uk,Brent,http://www.brent.gov.uk/,False,,HA9 6LL,2025-09-19T00:00:00,fhrs_4_en-gb,4,,FHRS,-0.2847384,51.5527578,0.0,0.0,10.0,,jeen cash & carry,"306-308 Harrow Road, Wembley, HA9 6LL",NEEDS_CHECK,Independent or other supermarket
773 Harrow Road,Wembley,,,Sudbury Supermarket,Retailers - supermarkets/hypermarkets,7840,0,,531822,11724,504,ens.foodsafety@brent.gov.uk,Brent,http://www.brent.gov.uk/,False,,HA0 2LW,2024-05-31T00:00:00,fhrs_5_en-gb,5,,FHRS,-0.316004,51.555062,0.0,5.0,5.0,,sudbury supermarket,"773 Harrow Road, Wembley, HA0 2LW",NEEDS_CHECK,Independent or other supermarket
814 Harrow Road,Wembley,,,Panesar Food & Wine- M3J Solutions Ltd),Retailers - supermarkets/hypermarkets,7840,0,,531836,11770,504,ens.foodsafety@brent.gov.uk,Brent,http://www.brent.gov.uk/,False,,HA0 3EL,2023-05-26T00:00:00,fhrs_5_en-gb,5,,FHRS,-0.315383,51.555098,0.0,0.0,5.0,,panesar food & wine- m3j solutions ltd),"814 Harrow Road, Wembley, HA0 3EL",NEEDS_CHECK,Independent or other supermarket
822 Harrow Road,Wembley,,,Hamptons Food & Wine,Retailers - supermarkets/hypermarkets,7840,0,,531839,11777,504,ens.foodsafety@brent.gov.uk,Brent,http://www.brent.gov.uk/,False,,HA0 3EL,2024-04-03T00:00:00,fhrs_4_en-gb,4,,FHRS,-0.315383,51.555098,10.0,5.0,0.0,,hamptons food & wine,"822 Harrow Road, Wembley, HA0 3EL",NEEDS_CHECK,Independent or other supermarket
881 Harrow Road,Wembley,,,Glen Food & Wine,Retailers - supermarkets/hypermarkets,7840,0,,531844,11796,504,ens.foodsafety@brent.gov.uk,Brent,http://www.brent.gov.uk/,False,,HA0 2RH,2025-01-16T00:00:00,fhrs_5_en-gb,5,,FHRS,-0.323555,51.557625,0.0,0.0,5.0,,glen food & wine,"881 Harrow Road, Wembley, HA0 2RH",NEEDS_CHECK,Independent or other supermarket
935 Harrow Road,Wembley,,,Glen Convenience Store,Retailers - supermarkets/hypermarkets,7840,0,,531845,11806,504,ens.foodsafety@brent.gov.uk,Brent,http://www.brent.gov.uk/,False,,HA0 2RX,2025-01-16T00:00:00,fhrs_5_en-gb,5,,FHRS,-0.326164,51.55848,0.0,0.0,5.0,,glen convenience store,"935 Harrow Road, Wembley, HA0 2RX",NEEDS_CHECK,Independent or other supermarket
13-15 Hay Lane,London,,,Shopping Basket,Retailers - supermarkets/hypermarkets,7840,0,,531852,12102,504,ens.foodsafety@brent.gov.uk,Brent,http://www.brent.gov.uk/,False,,NW9 0NH,2026-05-14T00:00:00,fhrs_5_en-gb,5,,FHRS,-0.263371,51.588294,0.0,5.0,5.0,,shopping basket,"13-15 Hay Lane, London, NW9 0NH",NEEDS_CHECK,Independent or other supermarket
4 Heather Park Parade,Heather Park Drive,Wembley,,JJ Convenience Store,Retailers - supermarkets/hypermarkets,7840,0,,531858,12288,504,ens.foodsafety@brent.gov.uk,Brent,http://www.brent.gov.uk/,False,,HA0 1SL,2026-05-07T00:00:00,fhrs_5_en-gb,5,,FHRS,-0.285326,51.543071,0.0,0.0,5.0,,jj convenience store,"4 Heather Park Parade, Heather Park Drive, Wembley, HA0 1SL",NEEDS_CHECK,Independent or other supermarket
7 Heather Park Parade,Heather Park Drive,Wembley,,Heather Food & Wine,Retailers - supermarkets/hypermarkets,7840,0,,531860,12293,504,ens.foodsafety@brent.gov.uk,Brent,http://www.brent.gov.uk/,False,,HA0 1SL,2024-05-18T00:00:00,fhrs_5_en-gb,5,,FHRS,-0.285326,51.543071,0.0,5.0,0.0,,heather food & wine,"7 Heather Park Parade, Heather Park Drive, Wembley, HA0 1SL",NEEDS_CHECK,Independent or other supermarket
9-10 Heather Park Parade,Heather Park Drive,Wembley,,Super Saver Store,Retailers - supermarkets/hypermarkets,7840,0,,531861,12297,504,ens.foodsafety@brent.gov.uk,Brent,http://www.brent.gov.uk/,False,,HA0 1SL,2026-05-07T00:00:00,fhrs_5_en-gb,5,,FHRS,-0.285326,51.543071,0.0,0.0,0.0,,super saver store,"9-10 Heather Park Parade, Heather Park Drive, Wembley, HA0 1SL",NEEDS_CHECK,Independent or other supermarket
354 High Road,Wembley,,,Winstaar Food & Wine,Retailers - supermarkets/hypermarkets,7840,0,,531866,12383,504,ens.foodsafety@brent.gov.uk,Brent,http://www.brent.gov.uk/,False,,HA9 6AZ,2024-04-18T00:00:00,fhrs_5_en-gb,5,,FHRS,-0.288027,51.553713,0.0,0.0,0.0,,winstaar food & wine,"354 High Road, Wembley, HA9 6AZ",NEEDS_CHECK,Independent or other supermarket
371 High Road,Wembley,,,MK Devi Food & Wine,Retailers - supermarkets/hypermarkets,7840,0,,531869,12394,504,ens.foodsafety@brent.gov.uk,Brent,http://www.brent.gov.uk/,False,,HA9 6AA,2024-05-14T00:00:00,fhrs_3_en-gb,3,,FHRS,-0.29225,51.553433,5.0,10.0,10.0,,mk devi food & wine,"371 High Road, Wembley, HA9 6AA",NEEDS_CHECK,Independent or other supermarket
445 High Road,Wembley,,,Euro Food & Wine,Retailers - supermarkets/hypermarkets,7840,0,,531892,12473,504,ens.foodsafety@brent.gov.uk,Brent,http://www.brent.gov.uk/,False,,HA9 7AF,2025-12-17T00:00:00,fhrs_5_en-gb,5,,FHRS,-0.295795,51.552369,0.0,5.0,0.0,,euro food & wine,"445 High Road, Wembley, HA9 7AF",NEEDS_CHECK,Independent or other supermarket
474 High Road,Wembley,,,Londis,Retailers - supermarkets/hypermarkets,7840,0,,531895,12494,504,ens.foodsafety@brent.gov.uk,Brent,http://www.brent.gov.uk/,False,,HA9 7AY,2024-12-27T00:00:00,fhrs_2_en-gb,2,,FHRS,-0.294115,51.553702,10.0,15.0,10.0,,londis,"474 High Road, Wembley, HA9 7AY",NEEDS_CHECK,Independent or other supermarket
492 High Road,Wembley,,,Tesco,Retailers - supermarkets/hypermarkets,7840,0,,531897,12508,504,ens.foodsafety@brent.gov.uk,Brent,http://www.brent.gov.uk/,False,,HA9 7BH,2024-04-18T00:00:00,fhrs_5_en-gb,5,,FHRS,-0.295197,51.553305,0.0,0.0,0.0,Tesco,tesco,"492 High Road, Wembley, HA9 7BH",NEEDS_CHECK,Tesco store format unclear from FHRS record
500 High Road,Wembley,,,Boots,Retailers - supermarkets/hypermarkets,7840,0,,531899,12514,504,ens.foodsafety@brent.gov.uk,Brent,http://www.brent.gov.uk/,False,,HA9 7BH,2024-12-27T00:00:00,fhrs_5_en-gb,5,,FHRS,-0.295197,51.553305,0.0,0.0,0.0,,boots,"500 High Road, Wembley, HA9 7BH",NEEDS_CHECK,Independent or other supermarket
510-512 High Road,Wembley,,,Polmar (Bartek Deli Enterprises Ltd),Retailers - supermarkets/hypermarkets,7840,0,,531902,12528,504,ens.foodsafety@brent.gov.uk,Brent,http://www.brent.gov.uk/,False,,HA9 7BY,2026-06-15T00:00:00,fhrs_2_en-gb,2,,FHRS,-0.296337,51.552907,15.0,15.0,10.0,,polmar (bartek deli enterprises ltd),"510-512 High Road, Wembley, HA9 7BY",NEEDS_CHECK,Independent or other supermarket
559 High Road,Wembley,,,Fairprice Newsagents Food & Wine,Retailers - supermarkets/hypermarkets,7840,0,,531917,12578,504,ens.foodsafety@brent.gov.uk,Brent,http://www.brent.gov.uk/,False,,HA0 2DW,2022-08-02T00:00:00,fhrs_5_en-gb,5,,FHRS,-0.301001,51.552013,0.0,0.0,5.0,,fairprice newsagents food & wine,"559 High Road, Wembley, HA0 2DW",NEEDS_CHECK,Independent or other supermarket
10 High Road,London,,,BR Food Market Ltd,Retailers - supermarkets/hypermarkets,7840,0,,531923,12623,504,ens.foodsafety@brent.gov.uk,Brent,http://www.brent.gov.uk/,False,,NW10 2QG,2024-12-11T00:00:00,fhrs_5_en-gb,5,,FHRS,-0.225238,51.547753,0.0,0.0,0.0,,br food market ltd,"10 High Road, London, NW10 2QG",NEEDS_CHECK,Independent or other supermarket
Sainsburys Superstore,High Road,London,,Sainsbury's,Retailers - supermarkets/hypermarkets,7840,0,,531928,12641,504,ens.foodsafety@brent.gov.uk,Brent,http://www.brent.gov.uk/,False,,NW10 2TD,2024-04-10T00:00:00,fhrs_5_en-gb,5,,FHRS,-0.225643,51.546976,0.0,0.0,0.0,Sainsbury's,sainsbury's,"Sainsburys Superstore, High Road, London, NW10 2TD",NEEDS_CHECK,Sainsbury's store format unclear from FHRS record
56-58 High Road,London,,,Londis,Retailers - supermarkets/hypermarkets,7840,0,,531938,12677,504,ens.foodsafety@brent.gov.uk,Brent,http://www.brent.gov.uk/,False,,NW10 2PU,2024-12-11T00:00:00,fhrs_5_en-gb,5,,FHRS,-0.2287,51.547374,0.0,0.0,5.0,,londis,"56-58 High Road, London, NW10 2PU",NEEDS_CHECK,Independent or other supermarket
72 High Road,London,,,Alosra Supermarket,Retailers - supermarkets/hypermarkets,7840,0,,531942,12692,504,ens.foodsafety@brent.gov.uk,Brent,http://www.brent.gov.uk/,False,,NW10 2PU,2024-12-11T00:00:00,fhrs_5_en-gb,5,,FHRS,-0.2287,51.547374,5.0,0.0,5.0,,alosra supermarket,"72 High Road, London, NW10 2PU",NEEDS_CHECK,Independent or other supermarket
108 High Road,London,,,Tisha,Retailers - supermarkets/hypermarkets,7840,0,,531951,12724,504,ens.foodsafety@brent.gov.uk,Brent,http://www.brent.gov.uk/,False,,NW10 2PP,2024-07-08T00:00:00,fhrs_5_en-gb,5,,FHRS,-0.231316,51.547233,0.0,0.0,0.0,,tisha,"108 High Road, London, NW10 2PP",NEEDS_CHECK,Independent or other supermarket
122-124 High Road,London,,,Barakh Supermarket,Retailers - supermarkets/hypermarkets,7840,0,,531956,12737,504,ens.foodsafety@brent.gov.uk,Brent,http://www.brent.gov.uk/,False,,NW10 2PN,2024-07-03T00:00:00,fhrs_3_en-gb,3,,FHRS,-0.2324001,51.5473233,10.0,10.0,10.0,,barakh supermarket,"122-124 High Road, London, NW10 2PN",NEEDS_CHECK,Independent or other supermarket
130 High Road,London,,,The Garden Butcher,Retailers - supermarkets/hypermarkets,7840,0,,531957,12739,504,ens.foodsafety@brent.gov.uk,Brent,http://www.brent.gov.uk/,False,,NW10 2PJ,2024-10-26T00:00:00,fhrs_5_en-gb,5,,FHRS,-0.233153,51.54745,5.0,5.0,5.0,,the garden butcher,"130 High Road, London, NW10 2PJ",NEEDS_CHECK,Independent or other supermarket
134 High Road,London,,,Apna Bazaar Supermarket,Retailers - supermarkets/hypermarkets,7840,0,,531959,12744,504,ens.foodsafety@brent.gov.uk,Brent,http://www.brent.gov.uk/,False,,NW10 2PJ,2025-10-01T00:00:00,fhrs_2_en-gb,2,,FHRS,-0.233153,51.54745,10.0,15.0,10.0,,apna bazaar supermarket,"134 High Road, London, NW10 2PJ",NEEDS_CHECK,Independent or other supermarket
174-176 High Road,London,,,Sainsbury's,Retailers - supermarkets/hypermarkets,7840,0,,531969,12770,504,ens.foodsafety@brent.gov.uk,Brent,http://www.brent.gov.uk/,False,,NW10 2PD,2024-05-24T00:00:00,fhrs_5_en-gb,5,,FHRS,-0.235121,51.547677,0.0,0.0,0.0,Sainsbury's,sainsbury's,"174-176 High Road, London, NW10 2PD",NEEDS_CHECK,Sainsbury's store format unclear from FHRS record
195 High Road,London,,,Al Koofa Mini Market (Koofa Limited),Retailers - supermarkets/hypermarkets,7840,0,,531973,12788,504,ens.foodsafety@brent.gov.uk,Brent,http://www.brent.gov.uk/,False,,NW10 2SB,2026-03-31T00:00:00,fhrs_0_en-gb,0,,FHRS,-0.235089,51.547371,20.0,25.0,20.0,,al koofa mini market (koofa limited),"195 High Road, London, NW10 2SB",NEEDS_CHECK,Independent or other supermarket
197 High Road,London,,,Runners,Retailers - supermarkets/hypermarkets,7840,0,,531974,12789,504,ens.foodsafety@brent.gov.uk,Brent,http://www.brent.gov.uk/,False,,NW10 2SB,2024-09-02T00:00:00,fhrs_5_en-gb,5,,FHRS,-0.235089,51.547371,0.0,0.0,0.0,,runners,"197 High Road, London, NW10 2SB",NEEDS_CHECK,Independent or other supermarket
214-218 High Road,London,,,Al Sham Market,Retailers - supermarkets/hypermarkets,7840,0,,531976,12797,504,ens.foodsafety@brent.gov.uk,Brent,http://www.brent.gov.uk/,False,,NW10 2NX,2026-04-22T00:00:00,fhrs_5_en-gb,5,,FHRS,-0.236777,51.548098,0.0,5.0,5.0,,al sham market,"214-218 High Road, London, NW10 2NX",NEEDS_CHECK,Independent or other supermarket
256 High Road,London,,,Euro's,Retailers - supermarkets/hypermarkets,7840,0,,531988,12831,504,ens.foodsafety@brent.gov.uk,Brent,http://www.brent.gov.uk/,False,,NW10 2EY,2023-01-09T00:00:00,fhrs_5_en-gb,5,,FHRS,-0.238155,51.548658,5.0,0.0,5.0,,euro's,"256 High Road, London, NW10 2EY",NEEDS_CHECK,Independent or other supermarket
264-266 High Road,London,,,Atlantis Food Centre,Retailers - supermarkets/hypermarkets,7840,0,,531992,12837,504,ens.foodsafety@brent.gov.uk,Brent,http://www.brent.gov.uk/,False,,NW10 2EY,2024-12-04T00:00:00,fhrs_4_en-gb,4,,FHRS,-0.238155,51.548658,5.0,10.0,5.0,,atlantis food centre,"264-266 High Road, London, NW10 2EY",NEEDS_CHECK,Independent or other supermarket
268 High Road,London,,,Food Shop,Retailers - supermarkets/hypermarkets,7840,0,,531994,12842,504,ens.foodsafety@brent.gov.uk,Brent,http://www.brent.gov.uk/,False,,NW10 2EY,2026-01-29T00:00:00,fhrs_5_en-gb,5,,FHRS,-0.238155,51.548658,0.0,0.0,5.0,,food shop,"268 High Road, London, NW10 2EY",NEEDS_CHECK,Independent or other supermarket
336 High Road,London,,,Samira Halal Meat,Retailers - supermarkets/hypermarkets,7840,0,,532003,12883,504,ens.foodsafety@brent.gov.uk,Brent,http://www.brent.gov.uk/,False,,NW10 2EN,2024-07-09T00:00:00,fhrs_5_en-gb,5,,FHRS,-0.240419,51.548674,0.0,0.0,0.0,,samira halal meat,"336 High Road, London, NW10 2EN",NEEDS_CHECK,Independent or other supermarket
344 High Road,London,,,Foodland Local,Retailers - supermarkets/hypermarkets,7840,0,,532004,12886,504,ens.foodsafety@brent.gov.uk,Brent,http://www.brent.gov.uk/,False,,NW10 2EG,2024-11-04T00:00:00,fhrs_5_en-gb,5,,FHRS,-0.241361,51.548931,0.0,0.0,5.0,,foodland local,"344 High Road, London, NW10 2EG",NEEDS_CHECK,Independent or other supermarket
66 High Street,London,,,Alishba News & Wines,Retailers - supermarkets/hypermarkets,7840,0,,532032,13016,504,ens.foodsafety@brent.gov.uk,Brent,http://www.brent.gov.uk/,False,,NW10 4SJ,2024-08-22T00:00:00,fhrs_3_en-gb,3,,FHRS,-0.246529,51.535682,10.0,10.0,10.0,,alishba news & wines,"66 High Street, London, NW10 4SJ",NEEDS_CHECK,Independent or other supermarket
82 High Street,London,,,Supersave Food & Wine,Retailers - supermarkets/hypermarkets,7840,0,,532038,13028,504,ens.foodsafety@brent.gov.uk,Brent,http://www.brent.gov.uk/,False,,NW10 4SJ,2023-06-12T00:00:00,fhrs_5_en-gb,5,,FHRS,-0.246529,51.535682,0.0,0.0,0.0,,supersave food & wine,"82 High Street, London, NW10 4SJ",NEEDS_CHECK,Independent or other supermarket
101 High Street,London,,,Baldeeq Pound Plus Shop,Retailers - supermarkets/hypermarkets,7840,0,,532046,13046,504,ens.foodsafety@brent.gov.uk,Brent,http://www.brent.gov.uk/,False,,NW10 4TS,2024-12-10T00:00:00,fhrs_3_en-gb,3,,FHRS,-0.244582,51.536066,10.0,10.0,10.0,,baldeeq pound plus shop,"101 High Street, London, NW10 4TS",NEEDS_CHECK,Independent or other supermarket
106-108 High Street,London,,,Sahar,Retailers - supermarkets/hypermarkets,7840,0,,532050,13054,504,ens.foodsafety@brent.gov.uk,Brent,http://www.brent.gov.uk/,False,,NW10 4SL,2023-08-01T00:00:00,fhrs_5_en-gb,5,,FHRS,-0.245355,51.535826,0.0,0.0,5.0,,sahar,"106-108 High Street, London, NW10 4SL",NEEDS_CHECK,Independent or other supermarket
118 High Street,London,,,Furqan Mini Market,Retailers - supermarkets/hypermarkets,7840,0,,532053,13066,504,ens.foodsafety@brent.gov.uk,Brent,http://www.brent.gov.uk/,False,,NW10 4SP,2025-05-08T00:00:00,fhrs_3_en-gb,3,,FHRS,-0.244175,51.535395,10.0,10.0,10.0,,furqan mini market,"118 High Street, London, NW10 4SP",NEEDS_CHECK,Independent or other supermarket
133 High Street,London,,,Mini Market Harlesden,Retailers - supermarkets/hypermarkets,7840,0,,532061,13082,504,ens.foodsafety@brent.gov.uk,Brent,http://www.brent.gov.uk/,False,,NW10 4TR,2025-05-15T00:00:00,fhrs_4_en-gb,4,,FHRS,-0.243568,51.53544,0.0,0.0,10.0,,mini market harlesden,"133 High Street, London, NW10 4TR",NEEDS_CHECK,Independent or other supermarket
222 High Street,London,,,Harlesden Convenience Store,Retailers - supermarkets/hypermarkets,7840,0,,532070,13126,504,ens.foodsafety@brent.gov.uk,Brent,http://www.brent.gov.uk/,False,,NW10 4SY,2024-05-18T00:00:00,fhrs_5_en-gb,5,,FHRS,-0.241887,51.533787,0.0,5.0,5.0,,harlesden convenience store,"222 High Street, London, NW10 4SY",NEEDS_CHECK,Independent or other supermarket
177-179 Kenton Road,Harrow,,,Mleczko,Retailers - supermarkets/hypermarkets,7840,0,,532104,14199,504,ens.foodsafety@brent.gov.uk,Brent,http://www.brent.gov.uk/,False,,HA3 0EY,2024-12-21T00:00:00,fhrs_5_en-gb,5,,FHRS,-0.315387,51.582695,0.0,0.0,0.0,,mleczko,"177-179 Kenton Road, Harrow, HA3 0EY",NEEDS_CHECK,Independent or other supermarket
233-235 Kenton Road,Harrow,,,Pan India Retail & Kiosk,Retailers - supermarkets/hypermarkets,7840,0,,532110,14224,504,ens.foodsafety@brent.gov.uk,Brent,http://www.brent.gov.uk/,False,,HA3 0HQ,2025-12-08T00:00:00,fhrs_2_en-gb,2,,FHRS,-0.311782,51.584541,10.0,15.0,10.0,,pan india retail & kiosk,"233-235 Kenton Road, Harrow, HA3 0HQ",NEEDS_CHECK,Independent or other supermarket
317 Kenton Road,Harrow,,,FB Corner,Retailers - supermarkets/hypermarkets,7840,0,,532112,14233,504,ens.foodsafety@brent.gov.uk,Brent,http://www.brent.gov.uk/,False,,HA3 0XN,2025-01-24T00:00:00,fhrs_5_en-gb,5,,FHRS,-0.307291,51.586148,0.0,0.0,5.0,,fb corner,"317 Kenton Road, Harrow, HA3 0XN",NEEDS_CHECK,Independent or other supermarket
439 Kenton Road,Harrow,,,Kenton Superstore,Retailers - supermarkets/hypermarkets,7840,0,,532118,14259,504,ens.foodsafety@brent.gov.uk,Brent,http://www.brent.gov.uk/,False,,HA3 0XY,2026-03-03T00:00:00,fhrs_3_en-gb,3,,FHRS,-0.298742,51.586645,10.0,10.0,10.0,,kenton superstore,"439 Kenton Road, Harrow, HA3 0XY",NEEDS_CHECK,Independent or other supermarket
147 Kilburn High Road,London,,,Kilburn One Stop Super Market Food & Wine,Retailers - supermarkets/hypermarkets,7840,0,,532138,14441,504,ens.foodsafety@brent.gov.uk,Brent,http://www.brent.gov.uk/,False,,NW6 7HT,2025-02-13T00:00:00,fhrs_4_en-gb,4,,FHRS,-0.196359,51.5402,5.0,5.0,10.0,,kilburn one stop super market food & wine,"147 Kilburn High Road, London, NW6 7HT",NEEDS_CHECK,Independent or other supermarket
239 Kilburn High Road,London,,,Akrms Cash & Carry,Retailers - supermarkets/hypermarkets,7840,0,,532153,14480,504,ens.foodsafety@brent.gov.uk,Brent,http://www.brent.gov.uk/,False,,NW6 7JN,2021-05-10T00:00:00,fhrs_4_en-gb,4,,FHRS,-0.199346,51.542718,0.0,10.0,5.0,,akrms cash & carry,"239 Kilburn High Road, London, NW6 7JN",NEEDS_CHECK,Independent or other supermarket
249 Kilburn High Road,London,,,Kilburn Food Market,Retailers - supermarkets/hypermarkets,7840,0,,532158,14486,504,ens.foodsafety@brent.gov.uk,Brent,http://www.brent.gov.uk/,False,,NW6 7JN,2026-05-06T00:00:00,fhrs_5_en-gb,5,,FHRS,-0.199304,51.542673,0.0,0.0,5.0,,kilburn food market,"249 Kilburn High Road, London, NW6 7JN",NEEDS_CHECK,Independent or other supermarket
261 Kilburn High Road,London,,,Round The Clock Supermarket,Retailers - supermarkets/hypermarkets,7840,0,,532159,14488,504,ens.foodsafety@brent.gov.uk,Brent,http://www.brent.gov.uk/,False,,NW6 7JR,2024-06-19T00:00:00,fhrs_5_en-gb,5,,FHRS,-0.200563,51.543681,0.0,0.0,5.0,,round the clock supermarket,"261 Kilburn High Road, London, NW6 7JR",NEEDS_CHECK,Independent or other supermarket
377 Kilburn High Road,London,,,Sainsbury's,Retailers - supermarkets/hypermarkets,7840,0,,532173,14532,504,ens.foodsafety@brent.gov.uk,Brent,http://www.brent.gov.uk/,False,,NW6 7QE,2024-05-11T00:00:00,fhrs_5_en-gb,5,,FHRS,-0.203207,51.546114,5.0,5.0,0.0,Sainsbury's,sainsbury's,"377 Kilburn High Road, London, NW6 7QE",NEEDS_CHECK,Sainsbury's store format unclear from FHRS record
389 Kilburn High Road,London,,,Internet Food Stores,Retailers - supermarkets/hypermarkets,7840,0,,532174,14537,504,ens.foodsafety@brent.gov.uk,Brent,http://www.brent.gov.uk/,False,,NW6 7QE,2024-10-02T00:00:00,fhrs_3_en-gb,3,,FHRS,-0.203207,51.546114,10.0,10.0,10.0,,internet food stores,"389 Kilburn High Road, London, NW6 7QE",NEEDS_CHECK,Independent or other supermarket
405 Kilburn High Road,London,,,Tesco,Retailers - supermarkets/hypermarkets,7840,0,,532177,14542,504,ens.foodsafety@brent.gov.uk,Brent,http://www.brent.gov.uk/,False,,NW6 7QF,2024-12-07T00:00:00,fhrs_5_en-gb,5,,FHRS,-0.203501,51.546334,0.0,0.0,0.0,Tesco,tesco,"405 Kilburn High Road, London, NW6 7QF",NEEDS_CHECK,Tesco store format unclear from FHRS record
3-4 Kilburn Bridge,Kilburn High Road,London,,D & M Food & Wine,Retailers - supermarkets/hypermarkets,7840,0,,532180,14550,504,ens.foodsafety@brent.gov.uk,Brent,http://www.brent.gov.uk/,False,,NW6 6HT,2024-07-19T00:00:00,fhrs_5_en-gb,5,,FHRS,-0.1930329,51.5373174,0.0,0.0,5.0,,d & m food & wine,"3-4 Kilburn Bridge, Kilburn High Road, London, NW6 6HT",NEEDS_CHECK,Independent or other supermarket
262 Kingsbury Road,London,,,Express Food & Wine,Retailers - supermarkets/hypermarkets,7840,0,,532192,14792,504,ens.foodsafety@brent.gov.uk,Brent,http://www.brent.gov.uk/,False,,NW9 0BT,2024-05-15T00:00:00,fhrs_5_en-gb,5,,FHRS,-0.26467,51.584132,0.0,5.0,0.0,,express food & wine,"262 Kingsbury Road, London, NW9 0BT",NEEDS_CHECK,Independent or other supermarket
433 Kingsbury Road,London,,,Alwan Supermarket,Retailers - supermarkets/hypermarkets,7840,0,,532204,14834,504,ens.foodsafety@brent.gov.uk,Brent,http://www.brent.gov.uk/,False,,NW9 9DT,2025-12-27T00:00:00,fhrs_5_en-gb,5,,FHRS,-0.275033,51.585688,0.0,0.0,5.0,,alwan supermarket,"433 Kingsbury Road, London, NW9 9DT",NEEDS_CHECK,Independent or other supermarket
467 Kingsbury Road,London,,,Gayatri Sweet Mart,Retailers - supermarkets/hypermarkets,7840,0,,532208,14848,504,ens.foodsafety@brent.gov.uk,Brent,http://www.brent.gov.uk/,False,,NW9 9DY,2026-06-17T00:00:00,fhrs_5_en-gb,5,,FHRS,-0.276132,51.585632,0.0,5.0,5.0,,gayatri sweet mart,"467 Kingsbury Road, London, NW9 9DY",NEEDS_CHECK,Independent or other supermarket
489 Kingsbury Road,London,,,Grainmill Cash & Carry,Retailers - supermarkets/hypermarkets,7840,0,,532213,14858,504,ens.foodsafety@brent.gov.uk,Brent,http://www.brent.gov.uk/,False,,NW9 9ED,2024-09-03T00:00:00,fhrs_5_en-gb,5,,FHRS,-0.277474,51.585265,0.0,0.0,0.0,,grainmill cash & carry,"489 Kingsbury Road, London, NW9 9ED",NEEDS_CHECK,Independent or other supermarket
530 Kingsbury Road,London,,,J R Stationmarket,Retailers - supermarkets/hypermarkets,7840,0,,532220,14885,504,ens.foodsafety@brent.gov.uk,Brent,http://www.brent.gov.uk/,False,,NW9 9HE,2025-12-27T00:00:00,fhrs_5_en-gb,5,,FHRS,-0.276475,51.586105,0.0,0.0,5.0,,j r stationmarket,"530 Kingsbury Road, London, NW9 9HE",NEEDS_CHECK,Independent or other supermarket
628 Kingsbury Road,London,,,Ragulan,Retailers - supermarkets/hypermarkets,7840,0,,532238,14935,504,ens.foodsafety@brent.gov.uk,Brent,http://www.brent.gov.uk/,False,,NW9 9HN,2025-10-03T00:00:00,fhrs_1_en-gb,1,,FHRS,-0.279958,51.585212,15.0,0.0,20.0,,ragulan,"628 Kingsbury Road, London, NW9 9HN",NEEDS_CHECK,Independent or other supermarket
652 Kingsbury Road,London,,,Prahova,Retailers - supermarkets/hypermarkets,7840,0,,532245,14949,504,ens.foodsafety@brent.gov.uk,Brent,http://www.brent.gov.uk/,False,,NW9 9HN,2025-02-06T00:00:00,fhrs_5_en-gb,5,,FHRS,-0.279958,51.585212,0.0,0.0,0.0,,prahova,"652 Kingsbury Road, London, NW9 9HN",NEEDS_CHECK,Independent or other supermarket
15-17 Kilburn Lane,North Kensington,London,,Regents Convenience Store,Retailers - supermarkets/hypermarkets,7840,0,,532254,15063,504,ens.foodsafety@brent.gov.uk,Brent,http://www.brent.gov.uk/,False,,W10 4AE,2024-05-20T00:00:00,fhrs_5_en-gb,5,,FHRS,-0.216277,51.529066,0.0,0.0,5.0,,regents convenience store,"15-17 Kilburn Lane, North Kensington, London, W10 4AE",NEEDS_CHECK,Independent or other supermarket
70 Lilburne Walk,London,,,Ngees Supermarket,Retailers - supermarkets/hypermarkets,7840,0,,532281,16337,504,ens.foodsafety@brent.gov.uk,Brent,http://www.brent.gov.uk/,False,,NW10 0TW,2023-08-15T00:00:00,fhrs_5_en-gb,5,,FHRS,-0.266376,51.549546,0.0,0.0,5.0,,ngees supermarket,"70 Lilburne Walk, London, NW10 0TW",NEEDS_CHECK,Independent or other supermarket
17 Malvern Road,London,,,Arada Mini Market,Retailers - supermarkets/hypermarkets,7840,0,,532288,16527,504,ens.foodsafety@brent.gov.uk,Brent,http://www.brent.gov.uk/,False,,NW6 5PS,2026-04-01T00:00:00,fhrs_5_en-gb,5,,FHRS,-0.197544,51.528456,0.0,0.0,5.0,,arada mini market,"17 Malvern Road, London, NW6 5PS",NEEDS_CHECK,Independent or other supermarket
164 Manor Park Road,London,,,Shandy's Covenience Store,Retailers - supermarkets/hypermarkets,7840,0,,532304,16750,504,ens.foodsafety@brent.gov.uk,Brent,http://www.brent.gov.uk/,False,,NW10 4JT,2024-06-02T00:00:00,fhrs_5_en-gb,5,,FHRS,-0.25005,51.538981,0.0,0.0,5.0,,shandy's covenience store,"164 Manor Park Road, London, NW10 4JT",NEEDS_CHECK,Independent or other supermarket
6 Mordaunt Road,London,,,Foodwise,Retailers - supermarkets/hypermarkets,7840,0,,532315,17366,504,ens.foodsafety@brent.gov.uk,Brent,http://www.brent.gov.uk/,False,,NW10 8NU,2024-10-17T00:00:00,fhrs_5_en-gb,5,,FHRS,-0.257489,51.536762,0.0,0.0,5.0,,foodwise,"6 Mordaunt Road, London, NW10 8NU",NEEDS_CHECK,Independent or other supermarket
4 Mount Pleasant,Wembley,,,The Hive,Retailers - supermarkets/hypermarkets,7840,0,,532319,17451,504,ens.foodsafety@brent.gov.uk,Brent,http://www.brent.gov.uk/,False,,HA0 4LP,2023-07-18T00:00:00,fhrs_4_en-gb,4,,FHRS,-0.29757,51.541514,0.0,10.0,5.0,,the hive,"4 Mount Pleasant, Wembley, HA0 4LP",NEEDS_CHECK,Independent or other supermarket
26 Neasden Lane,London,,,Best Price,Retailers - supermarkets/hypermarkets,7840,0,,532329,17805,504,ens.foodsafety@brent.gov.uk,Brent,http://www.brent.gov.uk/,False,,NW10 2UN,2021-05-06T00:00:00,fhrs_5_en-gb,5,,FHRS,-0.24904,51.551771,0.0,5.0,5.0,,best price,"26 Neasden Lane, London, NW10 2UN",NEEDS_CHECK,Independent or other supermarket
Neasden Service Station,Neasden Lane,London,,Global Fuels,Retailers - supermarkets/hypermarkets,7840,0,,532332,17827,504,ens.foodsafety@brent.gov.uk,Brent,http://www.brent.gov.uk/,False,,NW10 2UE,2019-12-04T00:00:00,fhrs_5_en-gb,5,,FHRS,-0.24937,51.551811,0.0,0.0,5.0,,global fuels,"Neasden Service Station, Neasden Lane, London, NW10 2UE",NEEDS_CHECK,Independent or other supermarket
232 Neasden Lane,London,,,Food Express,Retailers - supermarkets/hypermarkets,7840,0,,532333,17852,504,ens.foodsafety@brent.gov.uk,Brent,http://www.brent.gov.uk/,False,,NW10 0AA,2026-03-16T00:00:00,fhrs_5_en-gb,5,,FHRS,-0.24932,51.559121,0.0,0.0,5.0,,food express,"232 Neasden Lane, London, NW10 0AA",NEEDS_CHECK,Independent or other supermarket
238-240 Neasden Lane,London,,,Neasden Parade Fruit and Vegetable,Retailers - supermarkets/hypermarkets,7840,0,,532335,17857,504,ens.foodsafety@brent.gov.uk,Brent,http://www.brent.gov.uk/,False,,NW10 0AA,2025-02-07T00:00:00,fhrs_2_en-gb,2,,FHRS,-0.24932,51.559121,15.0,15.0,10.0,,neasden parade fruit and vegetable,"238-240 Neasden Lane, London, NW10 0AA",NEEDS_CHECK,Independent or other supermarket
246 Neasden Lane,London,,,Food & Wine Express Ltd,Retailers - supermarkets/hypermarkets,7840,0,,532337,17864,504,ens.foodsafety@brent.gov.uk,Brent,http://www.brent.gov.uk/,False,,NW10 0AA,2024-06-06T00:00:00,fhrs_5_en-gb,5,,FHRS,-0.24932,51.559121,0.0,5.0,5.0,,food & wine express ltd,"246 Neasden Lane, London, NW10 0AA",NEEDS_CHECK,Independent or other supermarket
272 Neasden Lane,London,,,Booty Food & Wine,Retailers - supermarkets/hypermarkets,7840,0,,532345,17890,504,ens.foodsafety@brent.gov.uk,Brent,http://www.brent.gov.uk/,False,,NW10 0AD,2026-02-16T00:00:00,fhrs_5_en-gb,5,,FHRS,-0.251142,51.560156,0.0,0.0,0.0,,booty food & wine,"272 Neasden Lane, London, NW10 0AD",NEEDS_CHECK,Independent or other supermarket
278 Neasden Lane,London,,,Madina Food Centre,Retailers - supermarkets/hypermarkets,7840,0,,532348,17900,504,ens.foodsafety@brent.gov.uk,Brent,http://www.brent.gov.uk/,False,,NW10 0AD,2025-03-25T00:00:00,fhrs_4_en-gb,4,,FHRS,-0.251142,51.560156,5.0,10.0,5.0,,madina food centre,"278 Neasden Lane, London, NW10 0AD",NEEDS_CHECK,Independent or other supermarket
280 Neasden Lane,London,,,New Insaf Supermarket,Retailers - supermarkets/hypermarkets,7840,0,,532350,17902,504,ens.foodsafety@brent.gov.uk,Brent,http://www.brent.gov.uk/,False,,NW10 0AD,2025-05-14T00:00:00,fhrs_2_en-gb,2,,FHRS,-0.251142,51.560156,10.0,15.0,10.0,,new insaf supermarket,"280 Neasden Lane, London, NW10 0AD",NEEDS_CHECK,Independent or other supermarket
295-299 Neasden Lane,London,,,Way 2 Save,Retailers - supermarkets/hypermarkets,7840,0,,532356,17922,504,ens.foodsafety@brent.gov.uk,Brent,http://www.brent.gov.uk/,False,,NW10 1QR,2026-06-05T00:00:00,fhrs_5_en-gb,5,,FHRS,-0.252674,51.56008,5.0,5.0,5.0,,way 2 save,"295-299 Neasden Lane, London, NW10 1QR",NEEDS_CHECK,Independent or other supermarket
Tesco,312-314 Neasden Lane,London,,Tesco,Retailers - supermarkets/hypermarkets,7840,0,,532361,17943,504,ens.foodsafety@brent.gov.uk,Brent,http://www.brent.gov.uk/,False,,NW10 0AD,2024-04-12T00:00:00,fhrs_5_en-gb,5,,FHRS,-0.251142,51.560156,0.0,0.0,0.0,Tesco,tesco,"Tesco, 312-314 Neasden Lane, London, NW10 0AD",NEEDS_CHECK,Tesco store format unclear from FHRS record
330-336 Neasden Lane,London,,,Delight,Retailers - supermarkets/hypermarkets,7840,0,,532363,17953,504,ens.foodsafety@brent.gov.uk,Brent,http://www.brent.gov.uk/,False,,NW10 0AD,2025-04-16T00:00:00,fhrs_5_en-gb,5,,FHRS,-0.251141,51.560155,0.0,0.0,0.0,,delight,"330-336 Neasden Lane, London, NW10 0AD",NEEDS_CHECK,Independent or other supermarket
25 Blackbird Hill,London,,,St Marys Food & Wine,Retailers - supermarkets/hypermarkets,7840,0,,532381,1821,504,ens.foodsafety@brent.gov.uk,Brent,http://www.brent.gov.uk/,False,,NW9 8RS,2024-08-21T00:00:00,fhrs_5_en-gb,5,,FHRS,-0.262583,51.564678,5.0,5.0,5.0,,st marys food & wine,"25 Blackbird Hill, London, NW9 8RS",NEEDS_CHECK,Independent or other supermarket
422 North Circular Road,Stonebridge,London,,MC's Convenience Store,Retailers - supermarkets/hypermarkets,7840,0,,532395,18385,504,ens.foodsafety@brent.gov.uk,Brent,http://www.brent.gov.uk/,False,,NW10 1SR,2025-12-12T00:00:00,fhrs_5_en-gb,5,,FHRS,-0.252128,51.555872,0.0,0.0,5.0,,mc's convenience store,"422 North Circular Road, Stonebridge, London, NW10 1SR",NEEDS_CHECK,Independent or other supermarket
494-496 Neasden Lane North,London,,,Costcutter. Original Turkish shop. Express shop,Retailers - supermarkets/hypermarkets,7840,0,,532405,18471,504,ens.foodsafety@brent.gov.uk,Brent,http://www.brent.gov.uk/,False,,NW10 0EA,2024-10-17T00:00:00,fhrs_5_en-gb,5,,FHRS,-0.259175,51.563234,0.0,0.0,5.0,,costcutter. original turkish shop. express shop,"494-496 Neasden Lane North, London, NW10 0EA",NEEDS_CHECK,Independent or other supermarket
1 Nash Way,Harrow,,,Sainsbury's,Retailers - supermarkets/hypermarkets,7840,0,,532412,18620,504,ens.foodsafety@brent.gov.uk,Brent,http://www.brent.gov.uk/,False,,HA3 0JA,2025-07-10T00:00:00,fhrs_5_en-gb,5,,FHRS,-0.315229,51.581506,5.0,5.0,5.0,Sainsbury's,sainsbury's,"1 Nash Way, Harrow, HA3 0JA",NEEDS_CHECK,Sainsbury's store format unclear from FHRS record
2 Kings Parade,Okehampton Road,London,,Nisha Local,Retailers - supermarkets/hypermarkets,7840,0,,532413,18789,504,ens.foodsafety@brent.gov.uk,Brent,http://www.brent.gov.uk/,False,,NW10 3ED,2024-08-09T00:00:00,fhrs_5_en-gb,5,,FHRS,-0.221624,51.537609,0.0,0.0,5.0,,nisha local,"2 Kings Parade, Okehampton Road, London, NW10 3ED",NEEDS_CHECK,Independent or other supermarket
4 Park Parade,London,,,JJ Food & Wine,Retailers - supermarkets/hypermarkets,7840,0,,532421,19333,504,ens.foodsafety@brent.gov.uk,Brent,http://www.brent.gov.uk/,False,,NW10 4JH,2023-01-24T00:00:00,fhrs_5_en-gb,5,,FHRS,-0.244946,51.536719,5.0,5.0,5.0,,jj food & wine,"4 Park Parade, London, NW10 4JH",NEEDS_CHECK,Independent or other supermarket
16 Park Parade,London,,,Local Food Express,Retailers - supermarkets/hypermarkets,7840,0,,532425,19339,504,ens.foodsafety@brent.gov.uk,Brent,http://www.brent.gov.uk/,False,,NW10 4JH,2024-11-14T00:00:00,fhrs_2_en-gb,2,,FHRS,-0.244946,51.536719,10.0,15.0,10.0,,local food express,"16 Park Parade, London, NW10 4JH",NEEDS_CHECK,Independent or other supermarket
28 Park Parade,London,,,London Store,Retailers - supermarkets/hypermarkets,7840,0,,532430,19354,504,ens.foodsafety@brent.gov.uk,Brent,http://www.brent.gov.uk/,False,,NW10 4JG,2024-12-03T00:00:00,fhrs_5_en-gb,5,,FHRS,-0.243475,51.537093,5.0,5.0,5.0,,london store,"28 Park Parade, London, NW10 4JG",NEEDS_CHECK,Independent or other supermarket
44A Park Parade,London,,,London Food Store Limited,Retailers - supermarkets/hypermarkets,7840,0,,532433,19372,504,ens.foodsafety@brent.gov.uk,Brent,http://www.brent.gov.uk/,False,,NW10 4JD,2024-06-17T00:00:00,fhrs_5_en-gb,5,,FHRS,-0.24138,51.537214,0.0,0.0,0.0,,london food store limited,"44A Park Parade, London, NW10 4JD",NEEDS_CHECK,Independent or other supermarket
194 Preston Road,Wembley,,,Food 4 Less,Retailers - supermarkets/hypermarkets,7840,0,,532454,19873,504,ens.foodsafety@brent.gov.uk,Brent,http://www.brent.gov.uk/,False,,HA9 8PA,2024-06-15T00:00:00,fhrs_5_en-gb,5,,FHRS,-0.294529,51.570389,5.0,5.0,5.0,,food 4 less,"194 Preston Road, Wembley, HA9 8PA",NEEDS_CHECK,Independent or other supermarket
201 Preston Road,Wembley,,,Family Supermarket,Retailers - supermarkets/hypermarkets,7840,0,,532456,19880,504,ens.foodsafety@brent.gov.uk,Brent,http://www.brent.gov.uk/,False,,HA9 8NF,2026-02-12T00:00:00,fhrs_5_en-gb,5,,FHRS,-0.295122,51.570739,0.0,0.0,5.0,,family supermarket,"201 Preston Road, Wembley, HA9 8NF",NEEDS_CHECK,Independent or other supermarket
209-211 Preston Road,Wembley,,,Tesco,Retailers - supermarkets/hypermarkets,7840,0,,532461,19890,504,ens.foodsafety@brent.gov.uk,Brent,http://www.brent.gov.uk/,False,,HA9 8NF,2022-08-18T00:00:00,fhrs_5_en-gb,5,,FHRS,-0.295122,51.570739,5.0,5.0,0.0,Tesco,tesco,"209-211 Preston Road, Wembley, HA9 8NF",NEEDS_CHECK,Tesco store format unclear from FHRS record
220 Preston Road,Wembley,,,SK Sip and Go,Retailers - supermarkets/hypermarkets,7840,0,,532466,19899,504,ens.foodsafety@brent.gov.uk,Brent,http://www.brent.gov.uk/,False,,HA9 8PB,2026-02-25T00:00:00,fhrs_5_en-gb,5,,FHRS,-0.294544,51.571145,0.0,0.0,5.0,,sk sip and go,"220 Preston Road, Wembley, HA9 8PB",NEEDS_CHECK,Independent or other supermarket
126 Acton Lane,London,,,Bridge Food & Wine,Retailers - supermarkets/hypermarkets,7840,0,,532467,199,504,ens.foodsafety@brent.gov.uk,Brent,http://www.brent.gov.uk/,False,,NW10 8TX,2023-09-18T00:00:00,fhrs_5_en-gb,5,,FHRS,-0.255777,51.537402,0.0,0.0,5.0,,bridge food & wine,"126 Acton Lane, London, NW10 8TX",NEEDS_CHECK,Independent or other supermarket
268 Preston Road,Harrow,,,Preston Superstore,Retailers - supermarkets/hypermarkets,7840,0,,532482,20314,504,ens.foodsafety@brent.gov.uk,Brent,http://www.brent.gov.uk/,False,,HA3 0PY,2025-03-03T00:00:00,fhrs_5_en-gb,5,,FHRS,-0.294429,51.572285,0.0,0.0,0.0,,preston superstore,"268 Preston Road, Harrow, HA3 0PY",NEEDS_CHECK,Independent or other supermarket
279 Preston Road,Harrow,,,J R Stationmarket,Retailers - supermarkets/hypermarkets,7840,0,,532487,20325,504,ens.foodsafety@brent.gov.uk,Brent,http://www.brent.gov.uk/,False,,HA3 0PS,2024-10-25T00:00:00,fhrs_5_en-gb,5,,FHRS,-0.294993,51.572266,0.0,0.0,5.0,,j r stationmarket,"279 Preston Road, Harrow, HA3 0PS",NEEDS_CHECK,Independent or other supermarket
324 Preston Road,Harrow,,,Preston News,Retailers - supermarkets/hypermarkets,7840,0,,532494,20356,504,ens.foodsafety@brent.gov.uk,Brent,http://www.brent.gov.uk/,False,,HA3 0QH,2026-05-06T00:00:00,fhrs_5_en-gb,5,,FHRS,-0.293078,51.574459,0.0,0.0,5.0,,preston news,"324 Preston Road, Harrow, HA3 0QH",NEEDS_CHECK,Independent or other supermarket
7 Queensbury Station Parade,Edgware,,,Sugar & Spice Mini Market,Retailers - supermarkets/hypermarkets,7840,0,,532505,20521,504,ens.foodsafety@brent.gov.uk,Brent,http://www.brent.gov.uk/,False,,HA8 5NP,2025-01-22T00:00:00,fhrs_5_en-gb,5,,FHRS,-0.285686,51.594485,0.0,0.0,0.0,,sugar & spice mini market,"7 Queensbury Station Parade, Edgware, HA8 5NP",NEEDS_CHECK,Independent or other supermarket
15-17 Queensbury Station Parade,Edgware,,,Maruthi Cash & Carry,Retailers - supermarkets/hypermarkets,7840,0,,532509,20529,504,ens.foodsafety@brent.gov.uk,Brent,http://www.brent.gov.uk/,False,,HA8 5NR,2022-08-29T00:00:00,fhrs_4_en-gb,4,,FHRS,-0.284576,51.594056,0.0,10.0,5.0,,maruthi cash & carry,"15-17 Queensbury Station Parade, Edgware, HA8 5NR",NEEDS_CHECK,Independent or other supermarket
38 Queensbury Station Parade,Edgware,,,Food 4 Less,Retailers - supermarkets/hypermarkets,7840,0,,532515,20549,504,ens.foodsafety@brent.gov.uk,Brent,http://www.brent.gov.uk/,False,,HA8 5NN,2026-02-11T00:00:00,fhrs_4_en-gb,4,,FHRS,-0.284688,51.59492,5.0,10.0,5.0,,food 4 less,"38 Queensbury Station Parade, Edgware, HA8 5NN",NEEDS_CHECK,Independent or other supermarket
BRENT FOODSTORE,20 Rockhall Road,London,,Brent Foodstores,Retailers - supermarkets/hypermarkets,7840,0,,532525,20950,504,ens.foodsafety@brent.gov.uk,Brent,http://www.brent.gov.uk/,False,,NW2 6DX,2024-10-25T00:00:00,fhrs_5_en-gb,5,,FHRS,-0.216887,51.555135,0.0,0.0,0.0,,brent foodstores,"BRENT FOODSTORE, 20 Rockhall Road, London, NW2 6DX",NEEDS_CHECK,Independent or other supermarket
36 Salusbury Road,London,,,Supersave,Retailers - supermarkets/hypermarkets,7840,0,,532545,21855,504,ens.foodsafety@brent.gov.uk,Brent,http://www.brent.gov.uk/,False,,NW6 6NL,2022-12-12T00:00:00,fhrs_5_en-gb,5,,FHRS,-0.204837,51.534368,0.0,5.0,0.0,,supersave,"36 Salusbury Road, London, NW6 6NL",NEEDS_CHECK,Independent or other supermarket
56 Salusbury Road,London,,,The Salusbury Winestore,Retailers - supermarkets/hypermarkets,7840,0,,532552,21875,504,ens.foodsafety@brent.gov.uk,Brent,http://www.brent.gov.uk/,False,,NW6 6NN,2022-04-02T00:00:00,fhrs_5_en-gb,5,,FHRS,-0.2056141,51.535667,5.0,5.0,5.0,,the salusbury winestore,"56 Salusbury Road, London, NW6 6NN",NEEDS_CHECK,Independent or other supermarket
61 Salusbury Road,London,,,Save Smart Supermarket Ltd (Foodwise),Retailers - supermarkets/hypermarkets,7840,0,,532555,21881,504,ens.foodsafety@brent.gov.uk,Brent,http://www.brent.gov.uk/,False,,NW6 6NJ,2024-11-23T00:00:00,fhrs_4_en-gb,4,,FHRS,-0.204585,51.534912,5.0,5.0,10.0,,save smart supermarket ltd (foodwise),"61 Salusbury Road, London, NW6 6NJ",NEEDS_CHECK,Independent or other supermarket
97 Salusbury Road,London,,,GROVERS,Retailers - supermarkets/hypermarkets,7840,0,,532565,21914,504,ens.foodsafety@brent.gov.uk,Brent,http://www.brent.gov.uk/,False,,NW6 6NH,2025-12-30T00:00:00,fhrs_3_en-gb,3,,FHRS,-0.205253,51.535885,10.0,10.0,10.0,,grovers,"97 Salusbury Road, London, NW6 6NH",NEEDS_CHECK,Independent or other supermarket
Sainsburys Supermarket,105-109 Salusbury Road,London,,Sainsbury's,Retailers - supermarkets/hypermarkets,7840,0,,532567,21920,504,ens.foodsafety@brent.gov.uk,Brent,http://www.brent.gov.uk/,False,,NW6 6RG,2024-04-24T00:00:00,fhrs_5_en-gb,5,,FHRS,-0.20704,51.538133,0.0,0.0,0.0,Sainsbury's,sainsbury's,"Sainsburys Supermarket, 105-109 Salusbury Road, London, NW6 6RG",NEEDS_CHECK,Sainsbury's store format unclear from FHRS record
5 Sidmouth Parade,Sidmouth Road,London,,Prewett Supermarket,Retailers - supermarkets/hypermarkets,7840,0,,532584,22338,504,ens.foodsafety@brent.gov.uk,Brent,http://www.brent.gov.uk/,False,,NW2 5HG,2020-05-20T00:00:00,fhrs_5_en-gb,5,,FHRS,-0.225014,51.542768,5.0,5.0,5.0,,prewett supermarket,"5 Sidmouth Parade, Sidmouth Road, London, NW2 5HG",NEEDS_CHECK,Independent or other supermarket
10 Sidmouth Parade,Sidmouth Road,London,,International Corner Express,Retailers - supermarkets/hypermarkets,7840,0,,532586,22344,504,ens.foodsafety@brent.gov.uk,Brent,http://www.brent.gov.uk/,False,,NW2 5HG,2024-10-01T00:00:00,fhrs_5_en-gb,5,,FHRS,-0.225014,51.542768,0.0,0.0,5.0,,international corner express,"10 Sidmouth Parade, Sidmouth Road, London, NW2 5HG",NEEDS_CHECK,Independent or other supermarket
20 Station Parade,London,,,Jubilee Food and Wine,Retailers - supermarkets/hypermarkets,7840,0,,532596,22678,504,ens.foodsafety@brent.gov.uk,Brent,http://www.brent.gov.uk/,False,,NW2 4NH,2025-04-01T00:00:00,fhrs_5_en-gb,5,,FHRS,-0.221129,51.54957,0.0,0.0,5.0,,jubilee food and wine,"20 Station Parade, London, NW2 4NH",NEEDS_CHECK,Independent or other supermarket
51 Station Road,London,,,Station Express,Retailers - supermarkets/hypermarkets,7840,0,,532605,22716,504,ens.foodsafety@brent.gov.uk,Brent,http://www.brent.gov.uk/,False,,NW10 4UX,2024-09-02T00:00:00,fhrs_5_en-gb,5,,FHRS,-0.24655,51.533254,0.0,0.0,5.0,,station express,"51 Station Road, London, NW10 4UX",NEEDS_CHECK,Independent or other supermarket
41-43 Bridge Road,Wembley,,,Wembley Park Express/Shop N Save,Retailers - supermarkets/hypermarkets,7840,0,,532627,2308,504,ens.foodsafety@brent.gov.uk,Brent,http://www.brent.gov.uk/,False,,HA9 9AG,2026-02-19T00:00:00,fhrs_5_en-gb,5,,FHRS,-0.278474,51.563752,5.0,5.0,5.0,,wembley park express/shop n save,"41-43 Bridge Road, Wembley, HA9 9AG",NEEDS_CHECK,Independent or other supermarket
1-2 Harlesden Plaza,Tavistock Road,London,,Tesco,Retailers - supermarkets/hypermarkets,7840,0,,532638,23437,504,ens.foodsafety@brent.gov.uk,Brent,http://www.brent.gov.uk/,False,,NW10 4NG,2024-05-08T00:00:00,fhrs_5_en-gb,5,,FHRS,-0.247526,51.5365432,0.0,0.0,0.0,Tesco,tesco,"1-2 Harlesden Plaza, Tavistock Road, London, NW10 4NG",NEEDS_CHECK,Tesco store format unclear from FHRS record
28 Temple Road,London,,,Munro's Store,Retailers - supermarkets/hypermarkets,7840,0,,532642,23545,504,ens.foodsafety@brent.gov.uk,Brent,http://www.brent.gov.uk/,False,,NW2 6PP,2025-05-09T00:00:00,fhrs_5_en-gb,5,,FHRS,-0.223072,51.559284,5.0,0.0,0.0,,munro's store,"28 Temple Road, London, NW2 6PP",NEEDS_CHECK,Independent or other supermarket
15 The Broadway,Wembley,,,Day One Express Retail Limited,Retailers - supermarkets/hypermarkets,7840,0,,532651,2414,504,ens.foodsafety@brent.gov.uk,Brent,http://www.brent.gov.uk/,False,,HA9 8JU,2024-11-06T00:00:00,fhrs_5_en-gb,5,,FHRS,-0.292343,51.562489,0.0,0.0,0.0,,day one express retail limited,"15 The Broadway, Wembley, HA9 8JU",NEEDS_CHECK,Independent or other supermarket
1F Walm Lane,London,,,Khan Food Centre,Retailers - supermarkets/hypermarkets,7840,0,,532661,24502,504,ens.foodsafety@brent.gov.uk,Brent,http://www.brent.gov.uk/,False,,NW2 5SJ,2024-08-29T00:00:00,fhrs_5_en-gb,5,,FHRS,-0.223887,51.547993,0.0,0.0,5.0,,khan food centre,"1F Walm Lane, London, NW2 5SJ",NEEDS_CHECK,Independent or other supermarket
7A Walm Lane,London,,,Oscar Convenience Store,Retailers - supermarkets/hypermarkets,7840,0,,532665,24509,504,ens.foodsafety@brent.gov.uk,Brent,http://www.brent.gov.uk/,False,,NW2 5SJ,2025-01-03T00:00:00,fhrs_5_en-gb,5,,FHRS,-0.223887,51.547993,0.0,0.0,0.0,,oscar convenience store,"7A Walm Lane, London, NW2 5SJ",NEEDS_CHECK,Independent or other supermarket
23 Walm Lane,London,,,Damascus Market Ltd,Retailers - supermarkets/hypermarkets,7840,0,,532670,24523,504,ens.foodsafety@brent.gov.uk,Brent,http://www.brent.gov.uk/,False,,NW2 5SH,2025-08-08T00:00:00,fhrs_5_en-gb,5,,FHRS,-0.222617,51.548388,0.0,0.0,5.0,,damascus market ltd,"23 Walm Lane, London, NW2 5SH",NEEDS_CHECK,Independent or other supermarket
47 Walm Lane,London,,,SuperSave,Retailers - supermarkets/hypermarkets,7840,0,,532677,24543,504,ens.foodsafety@brent.gov.uk,Brent,http://www.brent.gov.uk/,False,,NW2 4QU,2025-04-17T00:00:00,fhrs_5_en-gb,5,,FHRS,-0.221677,51.548832,0.0,0.0,0.0,,supersave,"47 Walm Lane, London, NW2 4QU",NEEDS_CHECK,Independent or other supermarket
20 Waterloo Road,London,,,Mini Market & Off Licence,Retailers - supermarkets/hypermarkets,7840,0,,532694,24746,504,ens.foodsafety@brent.gov.uk,Brent,http://www.brent.gov.uk/,False,,NW2 7UH,2026-02-02T00:00:00,fhrs_5_en-gb,5,,FHRS,-0.236991,51.567561,0.0,0.0,5.0,,mini market & off licence,"20 Waterloo Road, London, NW2 7UH",NEEDS_CHECK,Independent or other supermarket
26 Watford Road,Wembley,,,Sudbury Halal Butchers,Retailers - supermarkets/hypermarkets,7840,0,,532699,24776,504,ens.foodsafety@brent.gov.uk,Brent,http://www.brent.gov.uk/,False,,HA0 3EP,2024-08-07T00:00:00,fhrs_2_en-gb,2,,FHRS,-0.316771,51.556565,10.0,15.0,10.0,,sudbury halal butchers,"26 Watford Road, Wembley, HA0 3EP",NEEDS_CHECK,Independent or other supermarket
25 Wembley Hill Road,Wembley,,,Miorita Shop,Retailers - supermarkets/hypermarkets,7840,0,,532714,24957,504,ens.foodsafety@brent.gov.uk,Brent,http://www.brent.gov.uk/,False,,HA9 8AS,2024-03-08T00:00:00,fhrs_4_en-gb,4,,FHRS,-0.286633,51.554735,5.0,5.0,10.0,,miorita shop,"25 Wembley Hill Road, Wembley, HA9 8AS",NEEDS_CHECK,Independent or other supermarket
1 Neeld Parade,including rear Kiosk,Wembley Hill Road,Wembley,Triangle Food & Wine Shop,Retailers - supermarkets/hypermarkets,7840,0,,532720,25009,504,ens.foodsafety@brent.gov.uk,Brent,http://www.brent.gov.uk/,False,,HA9 6QU,2026-01-09T00:00:00,fhrs_5_en-gb,5,,FHRS,-0.2861702,51.5534261,0.0,0.0,5.0,,triangle food & wine shop,"1 Neeld Parade, including rear Kiosk, Wembley Hill Road, HA9 6QU",NEEDS_CHECK,Independent or other supermarket
4 Neeld Parade,Wembley Hill Road,Wembley,,Brother's Superstore,Retailers - supermarkets/hypermarkets,7840,0,,532722,25013,504,ens.foodsafety@brent.gov.uk,Brent,http://www.brent.gov.uk/,False,,HA9 6QU,2026-01-09T00:00:00,fhrs_5_en-gb,5,,FHRS,-0.286387,51.55359,0.0,0.0,5.0,,brother's superstore,"4 Neeld Parade, Wembley Hill Road, Wembley, HA9 6QU",NEEDS_CHECK,Independent or other supermarket
91 Wembley Park Drive,Wembley,,,LAKOMKA,Retailers - supermarkets/hypermarkets,7840,0,,532727,25046,504,ens.foodsafety@brent.gov.uk,Brent,http://www.brent.gov.uk/,False,,HA9 8HF,2025-12-16T00:00:00,fhrs_4_en-gb,4,,FHRS,-0.283373,51.562025,10.0,5.0,5.0,,lakomka,"91 Wembley Park Drive, Wembley, HA9 8HF",NEEDS_CHECK,Independent or other supermarket
107 Wembley Park Drive,Wembley,,,Capital Food & Wine,Retailers - supermarkets/hypermarkets,7840,0,,532732,25060,504,ens.foodsafety@brent.gov.uk,Brent,http://www.brent.gov.uk/,False,,HA9 8HG,2025-06-25T00:00:00,fhrs_5_en-gb,5,,FHRS,-0.282505,51.562085,0.0,5.0,5.0,,capital food & wine,"107 Wembley Park Drive, Wembley, HA9 8HG",NEEDS_CHECK,Independent or other supermarket
117 Wembley Park Drive,Wembley,,,Exotic Off License (Exotic Food Store (Wembley) Ltd)),Retailers - supermarkets/hypermarkets,7840,0,,532734,25071,504,ens.foodsafety@brent.gov.uk,Brent,http://www.brent.gov.uk/,False,,HA9 8HG,2024-07-22T00:00:00,fhrs_5_en-gb,5,,FHRS,-0.282505,51.562085,5.0,5.0,5.0,,exotic off license (exotic food store (wembley) ltd)),"117 Wembley Park Drive, Wembley, HA9 8HG",NEEDS_CHECK,Independent or other supermarket
20 Willesden Lane,Kilburn,London,,Your Local Store,Retailers - supermarkets/hypermarkets,7840,0,,532754,25289,504,ens.foodsafety@brent.gov.uk,Brent,http://www.brent.gov.uk/,False,,NW6 7SR,2025-04-01T00:00:00,fhrs_5_en-gb,5,,FHRS,-0.199023,51.54176,0.0,0.0,5.0,,your local store,"20 Willesden Lane, Kilburn, London, NW6 7SR",NEEDS_CHECK,Independent or other supermarket
32 Willesden Lane,Kilburn,London,,Super Choice,Retailers - supermarkets/hypermarkets,7840,0,,532756,25299,504,ens.foodsafety@brent.gov.uk,Brent,http://www.brent.gov.uk/,False,,NW6 7ST,2024-05-21T00:00:00,fhrs_4_en-gb,4,,FHRS,-0.199696,51.54151,5.0,5.0,10.0,,super choice,"32 Willesden Lane, Kilburn, London, NW6 7ST",NEEDS_CHECK,Independent or other supermarket
144 Willesden Lane,Kilburn,London,,The Corner Shop,Retailers - supermarkets/hypermarkets,7840,0,,532769,25348,504,ens.foodsafety@brent.gov.uk,Brent,http://www.brent.gov.uk/,False,,NW6 7TH,2023-06-09T00:00:00,fhrs_5_en-gb,5,,FHRS,-0.205493,51.541527,0.0,0.0,5.0,,the corner shop,"144 Willesden Lane, Kilburn, London, NW6 7TH",NEEDS_CHECK,Independent or other supermarket
124 Windermere Avenue,Wembley,,,Windermere Foods,Retailers - supermarkets/hypermarkets,7840,0,,532778,25568,504,ens.foodsafety@brent.gov.uk,Brent,http://www.brent.gov.uk/,False,,HA9 8RB,2025-08-13T00:00:00,fhrs_5_en-gb,5,,FHRS,-0.308155,51.571054,5.0,0.0,5.0,,windermere foods,"124 Windermere Avenue, Wembley, HA9 8RB",NEEDS_CHECK,Independent or other supermarket
126 Windermere Avenue,Wembley,,,Costcutter & Post Office,Retailers - supermarkets/hypermarkets,7840,0,,532779,25570,504,ens.foodsafety@brent.gov.uk,Brent,http://www.brent.gov.uk/,False,,HA9 8RB,2025-07-19T00:00:00,fhrs_1_en-gb,1,,FHRS,-0.308155,51.571054,10.0,15.0,20.0,,costcutter & post office,"126 Windermere Avenue, Wembley, HA9 8RB",NEEDS_CHECK,Independent or other supermarket
33 Wrights Place,London,,,J R Patel,Retailers - supermarkets/hypermarkets,7840,0,,532793,26131,504,ens.foodsafety@brent.gov.uk,Brent,http://www.brent.gov.uk/,False,,NW10 0PX,2022-11-28T00:00:00,fhrs_4_en-gb,4,,FHRS,-0.26368,51.54912,0.0,5.0,10.0,,j r patel,"33 Wrights Place, London, NW10 0PX",NEEDS_CHECK,Independent or other supermarket
11A-13 Ealing Road,Wembley,,,Best Foods,Retailers - supermarkets/hypermarkets,7840,0,,532899,29349,504,ens.foodsafety@brent.gov.uk,Brent,http://www.brent.gov.uk/,False,,HA0 4AA,2024-10-08T00:00:00,fhrs_3_en-gb,3,,FHRS,-0.298724,51.551548,5.0,10.0,10.0,,best foods,"11A-13 Ealing Road, Wembley, HA0 4AA",NEEDS_CHECK,Independent or other supermarket
98 Craven Park Road,London,,,Corner Shop,Retailers - supermarkets/hypermarkets,7840,0,,532971,33313,504,ens.foodsafety@brent.gov.uk,Brent,http://www.brent.gov.uk/,False,,NW10 4AG,2024-08-06T00:00:00,fhrs_3_en-gb,3,,FHRS,-0.252531,51.539719,10.0,10.0,10.0,,corner shop,"98 Craven Park Road, London, NW10 4AG",NEEDS_CHECK,Independent or other supermarket
11 Wembley Hill Road,Wembley,,,SHIVA'S RETAIL Ltd.,Retailers - supermarkets/hypermarkets,7840,0,,533007,35806,504,ens.foodsafety@brent.gov.uk,Brent,http://www.brent.gov.uk/,False,,HA9 8AF,2025-09-01T00:00:00,fhrs_4_en-gb,4,,FHRS,-0.287014,51.553797,0.0,0.0,10.0,,shiva's retail ltd.,"11 Wembley Hill Road, Wembley, HA9 8AF",NEEDS_CHECK,Independent or other supermarket
8A Cambridge Avenue,London,,,Food World,Retailers - supermarkets/hypermarkets,7840,0,,533012,3618,504,ens.foodsafety@brent.gov.uk,Brent,http://www.brent.gov.uk/,False,,NW6 5BB,2025-05-06T00:00:00,fhrs_4_en-gb,4,,FHRS,-0.192296,51.536486,0.0,10.0,10.0,,food world,"8A Cambridge Avenue, London, NW6 5BB",NEEDS_CHECK,Independent or other supermarket
100 Willesden Lane,Kilburn,London,,Tesco,Retailers - supermarkets/hypermarkets,7840,0,,533017,36699,504,ens.foodsafety@brent.gov.uk,Brent,http://www.brent.gov.uk/,False,,NW6 7TA,2026-02-04T00:00:00,fhrs_5_en-gb,5,,FHRS,-0.202167,51.541017,0.0,0.0,0.0,Tesco,tesco,"100 Willesden Lane, Kilburn, London, NW6 7TA",NEEDS_CHECK,Tesco store format unclear from FHRS record
SERVICE STATION,409 Kilburn High Road,London,,Shell Kilburn Retail Shop,Retailers - supermarkets/hypermarkets,7840,0,,533023,37411,504,ens.foodsafety@brent.gov.uk,Brent,http://www.brent.gov.uk/,False,,NW6 7QF,2025-07-18T00:00:00,fhrs_5_en-gb,5,,FHRS,-0.2039757,51.546514,0.0,0.0,0.0,,shell kilburn retail shop,"SERVICE STATION, 409 Kilburn High Road, London, NW6 7QF",NEEDS_CHECK,Independent or other supermarket
92 Walm Lane,London,,,Sainsbury's,Retailers - supermarkets/hypermarkets,7840,0,,533024,37431,504,ens.foodsafety@brent.gov.uk,Brent,http://www.brent.gov.uk/,False,,NW2 4QY,2024-04-03T00:00:00,fhrs_5_en-gb,5,,FHRS,-0.221278,51.5487,0.0,0.0,0.0,Sainsbury's,sainsbury's,"92 Walm Lane, London, NW2 4QY",NEEDS_CHECK,Sainsbury's store format unclear from FHRS record
437 Kenton Road,Harrow,,,"V-Procure 360 LTD,  T/a Super Savers",Retailers - supermarkets/hypermarkets,7840,0,,533027,37599,504,ens.foodsafety@brent.gov.uk,Brent,http://www.brent.gov.uk/,False,,HA3 0XY,2025-08-19T00:00:00,fhrs_5_en-gb,5,,FHRS,-0.298742,51.586645,0.0,0.0,0.0,,"v-procure 360 ltd,  t/a super savers","437 Kenton Road, Harrow, HA3 0XY",NEEDS_CHECK,Independent or other supermarket
96-97 Hirst Crescent,Wembley,,,Wembley Store,Retailers - supermarkets/hypermarkets,7840,0,,533077,42850,504,ens.foodsafety@brent.gov.uk,Brent,http://www.brent.gov.uk/,False,,HA9 7HH,2024-09-03T00:00:00,fhrs_1_en-gb,1,,FHRS,-0.29761,51.562853,15.0,0.0,20.0,,wembley store,"96-97 Hirst Crescent, Wembley, HA9 7HH",NEEDS_CHECK,Independent or other supermarket
369 Kilburn High Road,London,,,Al Madina Halal Food,Retailers - supermarkets/hypermarkets,7840,0,,533096,43918,504,ens.foodsafety@brent.gov.uk,Brent,http://www.brent.gov.uk/,False,,NW6 7QB,2024-12-07T00:00:00,fhrs_4_en-gb,4,,FHRS,-0.202135,51.545135,0.0,0.0,10.0,,al madina halal food,"369 Kilburn High Road, London, NW6 7QB",NEEDS_CHECK,Independent or other supermarket
31 Chamberlayne Road,London,,,Tesco,Retailers - supermarkets/hypermarkets,7840,0,,533101,4425,504,ens.foodsafety@brent.gov.uk,Brent,http://www.brent.gov.uk/,False,,NW10 3NB,2022-08-31T00:00:00,fhrs_5_en-gb,5,,FHRS,-0.217244,51.531985,5.0,5.0,5.0,Tesco,tesco,"31 Chamberlayne Road, London, NW10 3NB",NEEDS_CHECK,Tesco store format unclear from FHRS record
187 Edgware Road,Kingsbury,London,,Kurdo Mini Market,Retailers - supermarkets/hypermarkets,7840,0,,533117,44654,504,ens.foodsafety@brent.gov.uk,Brent,http://www.brent.gov.uk/,False,,NW9 6LP,2025-04-01T00:00:00,fhrs_5_en-gb,5,,FHRS,-0.251592,51.587148,0.0,0.0,5.0,,kurdo mini market,"187 Edgware Road, Kingsbury, London, NW9 6LP",NEEDS_CHECK,Independent or other supermarket
108 Chamberlayne Road,London,,,The Jazz Wine Mart,Retailers - supermarkets/hypermarkets,7840,0,,533126,4502,504,ens.foodsafety@brent.gov.uk,Brent,http://www.brent.gov.uk/,False,,NW10 3JP,2025-02-20T00:00:00,fhrs_5_en-gb,5,,FHRS,-0.220486,51.535371,0.0,0.0,5.0,,the jazz wine mart,"108 Chamberlayne Road, London, NW10 3JP",NEEDS_CHECK,Independent or other supermarket
5 Curtis Lane,Wembley,,,Anglo Asian Cash & Carry,Retailers - supermarkets/hypermarkets,7840,0,,533130,45168,504,ens.foodsafety@brent.gov.uk,Brent,http://www.brent.gov.uk/,False,,HA0 4FW,2024-10-08T00:00:00,fhrs_5_en-gb,5,,FHRS,-0.298686,51.551808,5.0,5.0,5.0,,anglo asian cash & carry,"5 Curtis Lane, Wembley, HA0 4FW",NEEDS_CHECK,Independent or other supermarket
119 Chamberlayne Road,London,,,Runners,Retailers - supermarkets/hypermarkets,7840,0,,533131,4520,504,ens.foodsafety@brent.gov.uk,Brent,http://www.brent.gov.uk/,False,,NW10 3NS,2025-09-18T00:00:00,fhrs_5_en-gb,5,,FHRS,-0.219617,51.535088,0.0,0.0,5.0,,runners,"119 Chamberlayne Road, London, NW10 3NS",NEEDS_CHECK,Independent or other supermarket
290 Chapter Road,London,,,Liberty Foods,Retailers - supermarkets/hypermarkets,7840,0,,533157,4835,504,ens.foodsafety@brent.gov.uk,Brent,http://www.brent.gov.uk/,False,,NW2 5NE,2021-05-06T00:00:00,fhrs_5_en-gb,5,,FHRS,-0.238733,51.551239,5.0,5.0,5.0,,liberty foods,"290 Chapter Road, London, NW2 5NE",NEEDS_CHECK,Independent or other supermarket
Unit 1,Wing Yip Business Centre,395 Edgware Road,Cricklewood,Wing Yip Supermarket & Staff Canteen,Retailers - supermarkets/hypermarkets,7840,0,,533206,53734,504,ens.foodsafety@brent.gov.uk,Brent,http://www.brent.gov.uk/,False,,NW2 6LN,2025-08-05T00:00:00,fhrs_5_en-gb,5,,FHRS,-0.228908,51.56689,5.0,5.0,5.0,,wing yip supermarket & staff canteen,"Unit 1, Wing Yip Business Centre, 395 Edgware Road, NW2 6LN",NEEDS_CHECK,Independent or other supermarket
Woodchurch Filling Station,Church Lane,London,,Premier / Party Shop,Retailers - supermarkets/hypermarkets,7840,0,,533224,5443,504,ens.foodsafety@brent.gov.uk,Brent,http://www.brent.gov.uk/,False,,NW9 8SL,2024-06-29T00:00:00,fhrs_4_en-gb,4,,FHRS,-0.261973,51.574237,5.0,0.0,10.0,,premier / party shop,"Woodchurch Filling Station, Church Lane, London, NW9 8SL",NEEDS_CHECK,Independent or other supermarket
448 Church Lane,London,,,Savemore,Retailers - supermarkets/hypermarkets,7840,0,,533241,5489,504,ens.foodsafety@brent.gov.uk,Brent,http://www.brent.gov.uk/,False,,NW9 8AB,2025-01-17T00:00:00,fhrs_5_en-gb,5,,FHRS,-0.262386,51.580439,0.0,0.0,0.0,,savemore,"448 Church Lane, London, NW9 8AB",NEEDS_CHECK,Independent or other supermarket
496 Church Lane,London,,,Hayat Food,Retailers - supermarkets/hypermarkets,7840,0,,533246,5500,504,ens.foodsafety@brent.gov.uk,Brent,http://www.brent.gov.uk/,False,,NW9 8UA,2026-07-14T00:00:00,fhrs_5_en-gb,5,,FHRS,,,5.0,5.0,5.0,,hayat food,"496 Church Lane, London, NW9 8UA",NEEDS_CHECK,Independent or other supermarket
2 Church Road,London,,,Craven Park Service Station,Retailers - supermarkets/hypermarkets,7840,0,,533257,5600,504,ens.foodsafety@brent.gov.uk,Brent,http://www.brent.gov.uk/,False,,NW10 9PX,2026-01-16T00:00:00,fhrs_5_en-gb,5,,FHRS,-0.254014,51.542789,0.0,0.0,0.0,,craven park service station,"2 Church Road, London, NW10 9PX",NEEDS_CHECK,Independent or other supermarket
120 Church Road,London,,,Morgans Cash & Carry,Retailers - supermarkets/hypermarkets,7840,0,,533262,5634,504,ens.foodsafety@brent.gov.uk,Brent,http://www.brent.gov.uk/,False,,NW10 9NG,1901-01-01T00:00:00,fhrs_awaitinginspection_en-gb,AwaitingInspection,,FHRS,-0.25132,51.546112,,,,,morgans cash & carry,"120 Church Road, London, NW10 9NG",NEEDS_CHECK,Independent or other supermarket
124 Church Road,London,,,Yew Supermarket Ltd,Retailers - supermarkets/hypermarkets,7840,0,,533264,5636,504,ens.foodsafety@brent.gov.uk,Brent,http://www.brent.gov.uk/,False,,NW10 9NG,2024-07-01T00:00:00,fhrs_3_en-gb,3,,FHRS,-0.25132,51.546112,10.0,10.0,10.0,,yew supermarket ltd,"124 Church Road, London, NW10 9NG",NEEDS_CHECK,Independent or other supermarket
148 Church Road,London,,,Ethen Convenience,Retailers - supermarkets/hypermarkets,7840,0,,533269,5642,504,ens.foodsafety@brent.gov.uk,Brent,http://www.brent.gov.uk/,False,,NW10 9NH,2024-09-02T00:00:00,fhrs_5_en-gb,5,,FHRS,-0.25017,51.547129,0.0,0.0,5.0,,ethen convenience,"148 Church Road, London, NW10 9NH",NEEDS_CHECK,Independent or other supermarket
180 Church Road,London,,,Aljazira General Store Limited,Retailers - supermarkets/hypermarkets,7840,0,,533279,5660,504,ens.foodsafety@brent.gov.uk,Brent,http://www.brent.gov.uk/,False,,NW10 9NP,2026-02-23T00:00:00,fhrs_5_en-gb,5,,FHRS,-0.24835,51.547948,0.0,0.0,5.0,,aljazira general store limited,"180 Church Road, London, NW10 9NP",NEEDS_CHECK,Independent or other supermarket
182 Church Road,London,,,Sunrise Food Market,Retailers - supermarkets/hypermarkets,7840,0,,533280,5663,504,ens.foodsafety@brent.gov.uk,Brent,http://www.brent.gov.uk/,False,,NW10 9NP,2024-04-09T00:00:00,fhrs_4_en-gb,4,,FHRS,-0.24835,51.547948,0.0,10.0,5.0,,sunrise food market,"182 Church Road, London, NW10 9NP",NEEDS_CHECK,Independent or other supermarket
184 Church Road,London,,,Mini Barawa,Retailers - supermarkets/hypermarkets,7840,0,,533282,5665,504,ens.foodsafety@brent.gov.uk,Brent,http://www.brent.gov.uk/,False,,NW10 9NP,2025-05-06T00:00:00,fhrs_3_en-gb,3,,FHRS,-0.24835,51.547948,10.0,10.0,10.0,,mini barawa,"184 Church Road, London, NW10 9NP",NEEDS_CHECK,Independent or other supermarket
203 Church Road,London,,,AK Food & Halal Meat,Retailers - supermarkets/hypermarkets,7840,0,,533291,5691,504,ens.foodsafety@brent.gov.uk,Brent,http://www.brent.gov.uk/,False,,NW10 9EJ,2023-10-25T00:00:00,fhrs_4_en-gb,4,,FHRS,-0.249053,51.548057,0.0,10.0,5.0,,ak food & halal meat,"203 Church Road, London, NW10 9EJ",NEEDS_CHECK,Independent or other supermarket
131-133 Kenton Road,Harrow,,,Budgens,Retailers - supermarkets/hypermarkets,7840,0,,533303,58090,504,ens.foodsafety@brent.gov.uk,Brent,http://www.brent.gov.uk/,False,,HA3 0AZ,2025-08-15T00:00:00,fhrs_5_en-gb,5,,FHRS,-0.317403,51.581645,0.0,0.0,0.0,,budgens,"131-133 Kenton Road, Harrow, HA3 0AZ",NEEDS_CHECK,Independent or other supermarket
664 Kingsbury Road,London,,,Tesco,Retailers - supermarkets/hypermarkets,7840,0,,533322,60037,504,ens.foodsafety@brent.gov.uk,Brent,http://www.brent.gov.uk/,False,,NW9 9HN,2024-05-07T00:00:00,fhrs_5_en-gb,5,,FHRS,-0.279958,51.585212,0.0,0.0,0.0,Tesco,tesco,"664 Kingsbury Road, London, NW9 9HN",NEEDS_CHECK,Tesco store format unclear from FHRS record
3-5 Oxgate Court Parade,Coles Green Road,London,,Mini Mart Food & News,Retailers - supermarkets/hypermarkets,7840,0,,533338,6100,504,ens.foodsafety@brent.gov.uk,Brent,http://www.brent.gov.uk/,False,,NW2 7ET,2025-02-06T00:00:00,fhrs_5_en-gb,5,,FHRS,-0.233805,51.566757,5.0,5.0,5.0,,mini mart food & news,"3-5 Oxgate Court Parade, Coles Green Road, London, NW2 7ET",NEEDS_CHECK,Independent or other supermarket
62 College Road,London,,,C & D Food And Wine Stores,Retailers - supermarkets/hypermarkets,7840,0,,533348,6155,504,ens.foodsafety@brent.gov.uk,Brent,http://www.brent.gov.uk/,False,,NW10 5ET,2024-06-24T00:00:00,fhrs_5_en-gb,5,,FHRS,-0.225543,51.533604,0.0,0.0,5.0,,c & d food and wine stores,"62 College Road, London, NW10 5ET",NEEDS_CHECK,Independent or other supermarket
104-108 College Road,London,,,Euro Supermarket,Retailers - supermarkets/hypermarkets,7840,0,,533352,6167,504,ens.foodsafety@brent.gov.uk,Brent,http://www.brent.gov.uk/,False,,NW10 5HD,2024-07-27T00:00:00,fhrs_5_en-gb,5,,FHRS,-0.22622999548912,51.5356025695801,0.0,0.0,5.0,,euro supermarket,"104-108 College Road, London, NW10 5HD",NEEDS_CHECK,Independent or other supermarket
120 College Road,London,,,L'angolo,Retailers - supermarkets/hypermarkets,7840,0,,533355,6178,504,ens.foodsafety@brent.gov.uk,Brent,http://www.brent.gov.uk/,False,,NW10 5HD,2026-04-08T00:00:00,fhrs_3_en-gb,3,,FHRS,-0.22623,51.535601,10.0,10.0,10.0,,l'angolo,"120 College Road, London, NW10 5HD",NEEDS_CHECK,Independent or other supermarket
9 Craven Park Road,London,,,Harlesden Food Centre,Retailers - supermarkets/hypermarkets,7840,0,,533370,63337,504,ens.foodsafety@brent.gov.uk,Brent,http://www.brent.gov.uk/,False,,NW10 8SE,2024-07-17T00:00:00,fhrs_5_en-gb,5,,FHRS,-0.249995,51.538161,0.0,0.0,0.0,,harlesden food centre,"9 Craven Park Road, London, NW10 8SE",NEEDS_CHECK,Independent or other supermarket
4 Hillside,Stonebridge,London,,Tesco,Retailers - supermarkets/hypermarkets,7840,0,,533372,63633,504,ens.foodsafety@brent.gov.uk,Brent,http://www.brent.gov.uk/,False,,NW10 8BN,1900-01-01T00:00:00,fhrs_awaitingpublication_en-gb,AwaitingPublication,,FHRS,-0.26103,51.541473,,,,Tesco,tesco,"4 Hillside, Stonebridge, London, NW10 8BN",NEEDS_CHECK,Tesco store format unclear from FHRS record
10 Court Parade,East Lane,Wembley,,Vineyards Locals Ltd,Retailers - supermarkets/hypermarkets,7840,0,,533374,6381,504,ens.foodsafety@brent.gov.uk,Brent,http://www.brent.gov.uk/,False,,HA0 3HU,2023-11-22T00:00:00,fhrs_5_en-gb,5,,FHRS,-0.319574,51.562316,0.0,5.0,5.0,,vineyards locals ltd,"10 Court Parade, East Lane, Wembley, HA0 3HU",NEEDS_CHECK,Independent or other supermarket
25 Hillside,Stonebridge,London,,Hillside Mini Mart,Retailers - supermarkets/hypermarkets,7840,0,,533382,64037,504,ens.foodsafety@brent.gov.uk,Brent,http://www.brent.gov.uk/,False,,NW10 8LY,2025-06-03T00:00:00,fhrs_5_en-gb,5,,FHRS,-0.261252,51.540937,0.0,0.0,5.0,,hillside mini mart,"25 Hillside, Stonebridge, London, NW10 8LY",NEEDS_CHECK,Independent or other supermarket
211 Watford Road,Harrow,,,Watford Road Convenience Store (Londis),Retailers - supermarkets/hypermarkets,7840,0,,533397,65115,504,ens.foodsafety@brent.gov.uk,Brent,http://www.brent.gov.uk/,False,,HA1 3UA,2024-04-27T00:00:00,fhrs_5_en-gb,5,,FHRS,-0.321523,51.565428,0.0,0.0,5.0,,watford road convenience store (londis),"211 Watford Road, Harrow, HA1 3UA",NEEDS_CHECK,Independent or other supermarket
104 Craven Park,London,,,Lloyd's Groceries,Retailers - supermarkets/hypermarkets,7840,0,,533402,6546,504,ens.foodsafety@brent.gov.uk,Brent,http://www.brent.gov.uk/,False,,NW10 8QE,2026-02-06T00:00:00,fhrs_5_en-gb,5,,FHRS,-0.253845,51.5408,0.0,0.0,5.0,,lloyd's groceries,"104 Craven Park, London, NW10 8QE",NEEDS_CHECK,Independent or other supermarket
14 Craven Park Road,London,,,Housewife Cash & Carry Ltd,Retailers - supermarkets/hypermarkets,7840,0,,533410,6564,504,ens.foodsafety@brent.gov.uk,Brent,http://www.brent.gov.uk/,False,,NW10 4AB,2024-11-12T00:00:00,fhrs_5_en-gb,5,,FHRS,-0.249384,51.538287,0.0,0.0,5.0,,housewife cash & carry ltd,"14 Craven Park Road, London, NW10 4AB",NEEDS_CHECK,Independent or other supermarket
154 Watford Road,Wembley,,,Park Harrow Service Station Shop,Retailers - supermarkets/hypermarkets,7840,0,,533416,65776,504,ens.foodsafety@brent.gov.uk,Brent,http://www.brent.gov.uk/,False,,HA0 3HF,2024-06-01T00:00:00,fhrs_5_en-gb,5,,FHRS,-0.318451,51.559134,0.0,5.0,5.0,,park harrow service station shop,"154 Watford Road, Wembley, HA0 3HF",NEEDS_CHECK,Independent or other supermarket
875 Harrow Road,London,,,College Park Service Station Shop- Londis,Retailers - supermarkets/hypermarkets,7840,0,,533425,66042,504,ens.foodsafety@brent.gov.uk,Brent,http://www.brent.gov.uk/,False,,NW10 5HD,2025-12-30T00:00:00,fhrs_5_en-gb,5,,FHRS,-0.22623,51.535601,0.0,0.0,0.0,,college park service station shop- londis,"875 Harrow Road, London, NW10 5HD",NEEDS_CHECK,Independent or other supermarket
68 Craven Park Road,London,,,Supersave,Retailers - supermarkets/hypermarkets,7840,0,,533431,6614,504,ens.foodsafety@brent.gov.uk,Brent,http://www.brent.gov.uk/,False,,NW10 4AE,2024-07-17T00:00:00,fhrs_5_en-gb,5,,FHRS,-0.25096,51.539309,0.0,0.0,5.0,,supersave,"68 Craven Park Road, London, NW10 4AE",NEEDS_CHECK,Independent or other supermarket
84 Craven Park Road,London,,,Marjan,Retailers - supermarkets/hypermarkets,7840,0,,533435,6628,504,ens.foodsafety@brent.gov.uk,Brent,http://www.brent.gov.uk/,False,,NW10 4AE,2024-07-17T00:00:00,fhrs_5_en-gb,5,,FHRS,-0.25096,51.539309,5.0,0.0,5.0,,marjan,"84 Craven Park Road, London, NW10 4AE",NEEDS_CHECK,Independent or other supermarket
112 Craven Park Road,London,,,Techiman Market,Retailers - supermarkets/hypermarkets,7840,0,,533446,6643,504,ens.foodsafety@brent.gov.uk,Brent,http://www.brent.gov.uk/,False,,NW10 8QD,2026-02-23T00:00:00,fhrs_1_en-gb,1,,FHRS,-0.253225,51.540053,10.0,15.0,20.0,,techiman market,"112 Craven Park Road, London, NW10 8QD",NEEDS_CHECK,Independent or other supermarket
114 Craven Park Road,London,,,SA Food & Veg Limited,Retailers - supermarkets/hypermarkets,7840,0,,533447,6644,504,ens.foodsafety@brent.gov.uk,Brent,http://www.brent.gov.uk/,False,,NW10 8QD,2025-02-21T00:00:00,fhrs_4_en-gb,4,,FHRS,-0.253225,51.540053,0.0,0.0,10.0,,sa food & veg limited,"114 Craven Park Road, London, NW10 8QD",NEEDS_CHECK,Independent or other supermarket
126 Craven Park Road,London,,,Kotoko Mini Market,Retailers - supermarkets/hypermarkets,7840,0,,533449,6654,504,ens.foodsafety@brent.gov.uk,Brent,http://www.brent.gov.uk/,False,,NW10 8QD,2024-05-04T00:00:00,fhrs_5_en-gb,5,,FHRS,-0.253225,51.540053,0.0,0.0,0.0,,kotoko mini market,"126 Craven Park Road, London, NW10 8QD",NEEDS_CHECK,Independent or other supermarket
77-79 Dudden Hill Lane,London,,,Atlantis Food Centre,Retailers - supermarkets/hypermarkets,7840,0,,533451,66584,504,ens.foodsafety@brent.gov.uk,Brent,http://www.brent.gov.uk/,False,,NW10 1BD,2026-02-16T00:00:00,fhrs_5_en-gb,5,,FHRS,-0.240875,51.550686,0.0,0.0,0.0,,atlantis food centre,"77-79 Dudden Hill Lane, London, NW10 1BD",NEEDS_CHECK,Independent or other supermarket
6 Library Parade,Craven Park Road,London,,Yellow Shop,Retailers - supermarkets/hypermarkets,7840,0,,533454,6664,504,ens.foodsafety@brent.gov.uk,Brent,http://www.brent.gov.uk/,False,,NW10 8SG,2024-12-30T00:00:00,fhrs_4_en-gb,4,,FHRS,-0.250978,51.538842,5.0,5.0,10.0,,yellow shop,"6 Library Parade, Craven Park Road, London, NW10 8SG",NEEDS_CHECK,Independent or other supermarket
29 Cricklewood Broadway,London,,,Xodo Brasil,Retailers - supermarkets/hypermarkets,7840,0,,533468,6748,504,ens.foodsafety@brent.gov.uk,Brent,http://www.brent.gov.uk/,False,,NW2 3JX,2026-05-13T00:00:00,fhrs_3_en-gb,3,,FHRS,-0.211542,51.553129,5.0,10.0,10.0,,xodo brasil,"29 Cricklewood Broadway, London, NW2 3JX",NEEDS_CHECK,Independent or other supermarket
145 Cricklewood Broadway,London,,,Blue City Supermarket Ltd,Retailers - supermarkets/hypermarkets,7840,0,,533501,6812,504,ens.foodsafety@brent.gov.uk,Brent,http://www.brent.gov.uk/,False,,NW2 3HY,2026-04-20T00:00:00,fhrs_5_en-gb,5,,FHRS,-0.214834,51.556003,0.0,0.0,0.0,,blue city supermarket ltd,"145 Cricklewood Broadway, London, NW2 3HY",NEEDS_CHECK,Independent or other supermarket
189 Cricklewood Broadway,London,,,Capital Food,Retailers - supermarkets/hypermarkets,7840,0,,533516,6839,504,ens.foodsafety@brent.gov.uk,Brent,http://www.brent.gov.uk/,False,,NW2 3HT,2025-09-26T00:00:00,fhrs_5_en-gb,5,,FHRS,-0.215855,51.556801,0.0,0.0,5.0,,capital food,"189 Cricklewood Broadway, London, NW2 3HT",NEEDS_CHECK,Independent or other supermarket
203 Cricklewood Broadway,London,,,Ever Rose Express,Retailers - supermarkets/hypermarkets,7840,0,,533521,6848,504,ens.foodsafety@brent.gov.uk,Brent,http://www.brent.gov.uk/,False,,NW2 3HS,2023-10-25T00:00:00,fhrs_5_en-gb,5,,FHRS,-0.216609,51.55746,0.0,5.0,5.0,,ever rose express,"203 Cricklewood Broadway, London, NW2 3HS",NEEDS_CHECK,Independent or other supermarket
1 Stadium Way,Wembley,,,Tesco,Retailers - supermarkets/hypermarkets,7840,0,,533525,68548,504,ens.foodsafety@brent.gov.uk,Brent,http://www.brent.gov.uk/,False,,HA9 0FE,2024-04-15T00:00:00,fhrs_5_en-gb,5,,FHRS,-0.284176,51.556777,0.0,0.0,0.0,Tesco,tesco,"1 Stadium Way, Wembley, HA9 0FE",NEEDS_CHECK,Tesco store format unclear from FHRS record
211 Cricklewood Broadway,London,,,Millennium Food & Wine,Retailers - supermarkets/hypermarkets,7840,0,,533526,6855,504,ens.foodsafety@brent.gov.uk,Brent,http://www.brent.gov.uk/,False,,NW2 3HS,2025-09-26T00:00:00,fhrs_5_en-gb,5,,FHRS,-0.216609,51.55746,0.0,0.0,5.0,,millennium food & wine,"211 Cricklewood Broadway, London, NW2 3HS",NEEDS_CHECK,Independent or other supermarket
219 Cricklewood Broadway,London,,,Euro Food & Wine,Retailers - supermarkets/hypermarkets,7840,0,,533528,6858,504,ens.foodsafety@brent.gov.uk,Brent,http://www.brent.gov.uk/,False,,NW2 3HP,2025-11-11T00:00:00,fhrs_5_en-gb,5,,FHRS,-0.21728,51.558001,0.0,0.0,0.0,,euro food & wine,"219 Cricklewood Broadway, London, NW2 3HP",NEEDS_CHECK,Independent or other supermarket
30 Second Way,Wembley,,,Costco Wholesale UK Limited,Retailers - supermarkets/hypermarkets,7840,0,,533575,71000,504,ens.foodsafety@brent.gov.uk,Brent,http://www.brent.gov.uk/,False,,HA9 0YJ,2024-12-03T00:00:00,fhrs_5_en-gb,5,,FHRS,-0.272201,51.558732,0.0,0.0,0.0,,costco wholesale uk limited,"30 Second Way, Wembley, HA9 0YJ",NEEDS_CHECK,Independent or other supermarket
53 Capitol Industrial Park,Capitol Way,London,,Asda,Retailers - supermarkets/hypermarkets,7840,0,,533605,7246,504,ens.foodsafety@brent.gov.uk,Brent,http://www.brent.gov.uk/,False,,NW9 0AS,2026-07-14T00:00:00,fhrs_5_en-gb,5,,FHRS,,,5.0,5.0,5.0,Asda,asda,"53 Capitol Industrial Park, Capitol Way, London, NW9 0AS",NEEDS_CHECK,Asda store format unclear from FHRS record
86 East Lane,Wembley,,,Tesco,Retailers - supermarkets/hypermarkets,7840,0,,533622,73009,504,ens.foodsafety@brent.gov.uk,Brent,http://www.brent.gov.uk/,False,,HA0 3NJ,2024-12-14T00:00:00,fhrs_5_en-gb,5,,FHRS,-0.306024,51.562768,0.0,0.0,0.0,Tesco,tesco,"86 East Lane, Wembley, HA0 3NJ",NEEDS_CHECK,Tesco store format unclear from FHRS record
5D Main Drive,East Lane Business Park,Wembley,,Rombull Foods Limited,Retailers - supermarkets/hypermarkets,7840,0,,533681,76039,504,ens.foodsafety@brent.gov.uk,Brent,http://www.brent.gov.uk/,False,,HA9 7NA,2022-05-13T00:00:00,fhrs_3_en-gb,3,,FHRS,-0.302028,51.563547,10.0,10.0,10.0,,rombull foods limited,"5D Main Drive, East Lane Business Park, Wembley, HA9 7NA",NEEDS_CHECK,Independent or other supermarket
73 Dudden Hill Lane,London,,,Supersave,Retailers - supermarkets/hypermarkets,7840,0,,533748,8296,504,ens.foodsafety@brent.gov.uk,Brent,http://www.brent.gov.uk/,False,,NW10 1BD,2026-01-14T00:00:00,fhrs_5_en-gb,5,,FHRS,-0.240875,51.550686,0.0,5.0,5.0,,supersave,"73 Dudden Hill Lane, London, NW10 1BD",NEEDS_CHECK,Independent or other supermarket
75 Dudden Hill Lane,London,,,D & M Food & Wine,Retailers - supermarkets/hypermarkets,7840,0,,533749,8298,504,ens.foodsafety@brent.gov.uk,Brent,http://www.brent.gov.uk/,False,,NW10 1BD,2023-06-26T00:00:00,fhrs_5_en-gb,5,,FHRS,-0.240875,51.550686,0.0,5.0,5.0,,d & m food & wine,"75 Dudden Hill Lane, London, NW10 1BD",NEEDS_CHECK,Independent or other supermarket
Dudden Hill Service Station,Dudden Hill Lane,London,,Esso Dudden Hill,Retailers - supermarkets/hypermarkets,7840,0,,533753,8305,504,ens.foodsafety@brent.gov.uk,Brent,http://www.brent.gov.uk/,False,,NW10 1DE,2024-03-15T00:00:00,fhrs_5_en-gb,5,,FHRS,-0.244122,51.553621,0.0,0.0,0.0,,esso dudden hill,"Dudden Hill Service Station, Dudden Hill Lane, London, NW10 1DE",NEEDS_CHECK,Independent or other supermarket
97 Dudden Hill Lane,London,,,Wazir Food & Wine,Retailers - supermarkets/hypermarkets,7840,0,,533758,8313,504,ens.foodsafety@brent.gov.uk,Brent,http://www.brent.gov.uk/,False,,NW10 1BD,2024-08-09T00:00:00,fhrs_2_en-gb,2,,FHRS,-0.240875,51.550686,10.0,15.0,10.0,,wazir food & wine,"97 Dudden Hill Lane, London, NW10 1BD",NEEDS_CHECK,Independent or other supermarket
2 Dudden Hill Parade,Dudden Hill Lane,London,,PK Convenience Stores,Retailers - supermarkets/hypermarkets,7840,0,,533759,8344,504,ens.foodsafety@brent.gov.uk,Brent,http://www.brent.gov.uk/,False,,NW10 1BY,2025-04-22T00:00:00,fhrs_5_en-gb,5,,FHRS,-0.24479,51.555754,0.0,5.0,5.0,,pk convenience stores,"2 Dudden Hill Parade, Dudden Hill Lane, London, NW10 1BY",NEEDS_CHECK,Independent or other supermarket
137-139 Ealing Road,Wembley,,,Nita Cash & Carry,Retailers - supermarkets/hypermarkets,7840,0,,533778,8665,504,ens.foodsafety@brent.gov.uk,Brent,http://www.brent.gov.uk/,False,,HA0 4BP,2025-11-11T00:00:00,fhrs_2_en-gb,2,,FHRS,-0.297033,51.54585,10.0,15.0,10.0,,nita cash & carry,"137-139 Ealing Road, Wembley, HA0 4BP",NEEDS_CHECK,Independent or other supermarket
147 Ealing Road,Wembley,,,V B & Sons Cash & Carry,Retailers - supermarkets/hypermarkets,7840,0,,533780,8675,504,ens.foodsafety@brent.gov.uk,Brent,http://www.brent.gov.uk/,False,,HA0 4BU,2026-05-28T00:00:00,fhrs_4_en-gb,4,,FHRS,-0.296673,51.544675,5.0,10.0,5.0,,v b & sons cash & carry,"147 Ealing Road, Wembley, HA0 4BU",NEEDS_CHECK,Independent or other supermarket
184 Ealing Road,Wembley,,,Fudco Cash & Carry,Retailers - supermarkets/hypermarkets,7840,0,,533785,8710,504,ens.foodsafety@brent.gov.uk,Brent,http://www.brent.gov.uk/,False,,HA0 4QD,2024-11-05T00:00:00,fhrs_5_en-gb,5,,FHRS,-0.297477,51.545559,0.0,5.0,5.0,,fudco cash & carry,"184 Ealing Road, Wembley, HA0 4QD",NEEDS_CHECK,Independent or other supermarket
234 Ealing Road,Wembley,,,Diu Portugal,Retailers - supermarkets/hypermarkets,7840,0,,533797,8739,504,ens.foodsafety@brent.gov.uk,Brent,http://www.brent.gov.uk/,False,,HA0 4QL,2025-07-03T00:00:00,fhrs_5_en-gb,5,,FHRS,-0.297581,51.543547,0.0,0.0,5.0,,diu portugal,"234 Ealing Road, Wembley, HA0 4QL",NEEDS_CHECK,Independent or other supermarket
290 Ealing Road,Wembley,,,Alperton Express,Retailers - supermarkets/hypermarkets,7840,0,,533809,8773,504,ens.foodsafety@brent.gov.uk,Brent,http://www.brent.gov.uk/,False,,HA0 4LL,2024-04-13T00:00:00,fhrs_4_en-gb,4,,FHRS,-0.298133,51.541495,5.0,10.0,5.0,,alperton express,"290 Ealing Road, Wembley, HA0 4LL",NEEDS_CHECK,Independent or other supermarket
360 Ealing Road,Wembley,,,Sainsbury's,Retailers - supermarkets/hypermarkets,7840,0,,533814,8782,504,ens.foodsafety@brent.gov.uk,Brent,http://www.brent.gov.uk/,False,,HA0 1PF,2024-04-03T00:00:00,fhrs_5_en-gb,5,,FHRS,-0.303414,51.538694,0.0,0.0,0.0,Sainsbury's,sainsbury's,"360 Ealing Road, Wembley, HA0 1PF",NEEDS_CHECK,Sainsbury's store format unclear from FHRS record
406-408 Ealing Road,Wembley,,,Londis,Retailers - supermarkets/hypermarkets,7840,0,,533815,8792,504,ens.foodsafety@brent.gov.uk,Brent,http://www.brent.gov.uk/,False,,HA0 1JQ,2024-12-30T00:00:00,fhrs_5_en-gb,5,,FHRS,-0.297951,51.535944,0.0,0.0,5.0,,londis,"406-408 Ealing Road, Wembley, HA0 1JQ",NEEDS_CHECK,Independent or other supermarket
414 Ealing Road,Wembley,,,S & S Superstores,Retailers - supermarkets/hypermarkets,7840,0,,533817,8795,504,ens.foodsafety@brent.gov.uk,Brent,http://www.brent.gov.uk/,False,,HA0 1JQ,2025-05-12T00:00:00,fhrs_5_en-gb,5,,FHRS,-0.297951,51.535944,0.0,0.0,5.0,,s & s superstores,"414 Ealing Road, Wembley, HA0 1JQ",NEEDS_CHECK,Independent or other supermarket
197 East Lane,Wembley,,,Selvam's Food and Wine,Retailers - supermarkets/hypermarkets,7840,0,,533836,8914,504,ens.foodsafety@brent.gov.uk,Brent,http://www.brent.gov.uk/,False,,HA0 3NG,2024-04-25T00:00:00,fhrs_3_en-gb,3,,FHRS,-0.30566,51.562475,5.0,10.0,10.0,,selvam's food and wine,"197 East Lane, Wembley, HA0 3NG",NEEDS_CHECK,Independent or other supermarket
205-207 East Lane,Wembley,,,Londis,Retailers - supermarkets/hypermarkets,7840,0,,533839,8920,504,ens.foodsafety@brent.gov.uk,Brent,http://www.brent.gov.uk/,False,,HA0 3NG,2024-11-04T00:00:00,fhrs_5_en-gb,5,,FHRS,-0.30566,51.562475,0.0,0.0,5.0,,londis,"205-207 East Lane, Wembley, HA0 3NG",NEEDS_CHECK,Independent or other supermarket
387 Edgware Road,Cricklewood,London,,Londis @ Esso - MFG Victoria Service Station,Retailers - supermarkets/hypermarkets,7840,0,,533853,9016,504,ens.foodsafety@brent.gov.uk,Brent,http://www.brent.gov.uk/,False,,NW2 6LH,2023-01-10T00:00:00,fhrs_5_en-gb,5,,FHRS,-0.226562,51.566378,0.0,0.0,0.0,,londis @ esso - mfg victoria service station,"387 Edgware Road, Cricklewood, London, NW2 6LH",NEEDS_CHECK,Independent or other supermarket
Shell Service Station,Empire Way,Wembley,,Shell Wembley Park Service Station,Retailers - supermarkets/hypermarkets,7840,0,,533866,9326,504,ens.foodsafety@brent.gov.uk,Brent,http://www.brent.gov.uk/,False,,HA9 0RJ,1901-01-01T00:00:00,fhrs_awaitinginspection_en-gb,AwaitingInspection,,FHRS,-0.286491,51.55735,,,,,shell wembley park service station,"Shell Service Station, Empire Way, Wembley, HA9 0RJ",NEEDS_CHECK,Independent or other supermarket
81 Alexandra Court,Empire Way,Wembley,,Arena Mini Mart,Retailers - supermarkets/hypermarkets,7840,0,,533873,9372,504,ens.foodsafety@brent.gov.uk,Brent,http://www.brent.gov.uk/,False,,HA9 0RA,2024-06-11T00:00:00,fhrs_5_en-gb,5,,FHRS,-0.285853,51.557835,0.0,0.0,0.0,,arena mini mart,"81 Alexandra Court, Empire Way, Wembley, HA9 0RA",NEEDS_CHECK,Independent or other supermarket
173-175 Edgware Road,Kingsbury,London,,Londis,Retailers - supermarkets/hypermarkets,7840,0,,533878,9614,504,ens.foodsafety@brent.gov.uk,Brent,http://www.brent.gov.uk/,False,,NW9 6LP,2022-08-12T00:00:00,fhrs_4_en-gb,4,,FHRS,-0.251592,51.587148,0.0,10.0,5.0,,londis,"173-175 Edgware Road, Kingsbury, London, NW9 6LP",NEEDS_CHECK,Independent or other supermarket
197 Edgware Road,Kingsbury,London,,Royal Food & Wine,Retailers - supermarkets/hypermarkets,7840,0,,533884,9631,504,ens.foodsafety@brent.gov.uk,Brent,http://www.brent.gov.uk/,False,,NW9 6LP,2025-09-22T00:00:00,fhrs_4_en-gb,4,,FHRS,-0.251592,51.587148,0.0,10.0,10.0,,royal food & wine,"197 Edgware Road, Kingsbury, London, NW9 6LP",NEEDS_CHECK,Independent or other supermarket
201 Edgware Road,Kingsbury,London,,La Bucovineni,Retailers - supermarkets/hypermarkets,7840,0,,533885,9635,504,ens.foodsafety@brent.gov.uk,Brent,http://www.brent.gov.uk/,False,,NW9 6LP,2024-10-10T00:00:00,fhrs_5_en-gb,5,,FHRS,-0.251592,51.587148,0.0,0.0,5.0,,la bucovineni,"201 Edgware Road, Kingsbury, London, NW9 6LP",NEEDS_CHECK,Independent or other supermarket
205 Edgware Road,Kingsbury,London,,Costcutter Express- LV Supermarket Limited,Retailers - supermarkets/hypermarkets,7840,0,,533887,9639,504,ens.foodsafety@brent.gov.uk,Brent,http://www.brent.gov.uk/,False,,NW9 6LP,2024-07-20T00:00:00,fhrs_5_en-gb,5,,FHRS,-0.251592,51.587148,0.0,0.0,5.0,,costcutter express- lv supermarket limited,"205 Edgware Road, Kingsbury, London, NW9 6LP",NEEDS_CHECK,Independent or other supermarket
261 Edgware Road,Kingsbury,London,,The Great Wall Supermarket,Retailers - supermarkets/hypermarkets,7840,0,,533896,9670,504,ens.foodsafety@brent.gov.uk,Brent,http://www.brent.gov.uk/,False,,NW9 6LU,2024-07-18T00:00:00,fhrs_5_en-gb,5,,FHRS,-0.252858,51.588399,0.0,0.0,5.0,,the great wall supermarket,"261 Edgware Road, Kingsbury, London, NW9 6LU",NEEDS_CHECK,Independent or other supermarket
163 Church Lane,London,,,Cozia,Retailers - supermarkets/hypermarkets,7840,0,,543056,5420,504,ens.foodsafety@brent.gov.uk,Brent,http://www.brent.gov.uk/,False,,NW9 8JU,2024-10-17T00:00:00,fhrs_5_en-gb,5,,FHRS,-0.262567,51.573041,0.0,0.0,5.0,,cozia,"163 Church Lane, London, NW9 8JU",NEEDS_CHECK,Independent or other supermarket
735 Harrow Road,Wembley,,,Tesco,Retailers - supermarkets/hypermarkets,7840,0,,543058,77233,504,ens.foodsafety@brent.gov.uk,Brent,http://www.brent.gov.uk/,False,,HA0 2LL,2023-09-06T00:00:00,fhrs_5_en-gb,5,,FHRS,-0.314577,51.553099,5.0,5.0,5.0,Tesco,tesco,"735 Harrow Road, Wembley, HA0 2LL",NEEDS_CHECK,Tesco store format unclear from FHRS record
Northwick Park Hospital,Watford Road,Harrow,,WHSmith - 3 x Units,Retailers - supermarkets/hypermarkets,7840,0,,626626,57255,504,ens.foodsafety@brent.gov.uk,Brent,http://www.brent.gov.uk/,False,,HA1 3UJ,2024-03-13T00:00:00,fhrs_5_en-gb,5,,FHRS,-0.322494,51.575108,0.0,5.0,0.0,,whsmith - 3 x units,"Northwick Park Hospital, Watford Road, Harrow, HA1 3UJ",NEEDS_CHECK,Independent or other supermarket
226 High Street,London,,,Brasil Andia,Retailers - supermarkets/hypermarkets,7840,0,,626667,78167,504,ens.foodsafety@brent.gov.uk,Brent,http://www.brent.gov.uk/,False,,NW10 4TD,2025-10-01T00:00:00,fhrs_4_en-gb,4,,FHRS,-0.2411014,51.5333807,10.0,0.0,10.0,,brasil andia,"226 High Street, London, NW10 4TD",NEEDS_CHECK,Independent or other supermarket
264 Church Lane,London,,,Tareen Food Centre,Retailers - supermarkets/hypermarkets,7840,0,,653445,5455,504,ens.foodsafety@brent.gov.uk,Brent,http://www.brent.gov.uk/,False,,NW9 8LU,2022-08-29T00:00:00,fhrs_5_en-gb,5,,FHRS,-0.262134,51.574941,0.0,0.0,5.0,,tareen food centre,"264 Church Lane, London, NW9 8LU",NEEDS_CHECK,Independent or other supermarket
14-15 Central Square,Wembley,,,Tesco,Retailers - supermarkets/hypermarkets,7840,0,,679090,29227,504,ens.foodsafety@brent.gov.uk,Brent,http://www.brent.gov.uk/,False,,HA9 7AJ,2022-11-01T00:00:00,fhrs_5_en-gb,5,,FHRS,-0.295999,51.551895,0.0,0.0,0.0,Tesco,tesco,"14-15 Central Square, Wembley, HA9 7AJ",NEEDS_CHECK,Tesco store format unclear from FHRS record
2-4 Willesden Lane,Kilburn,London,,Karaz Beirut,Retailers - supermarkets/hypermarkets,7840,0,,688499,61880,504,ens.foodsafety@brent.gov.uk,Brent,http://www.brent.gov.uk/,False,,NW6 7SR,2025-05-06T00:00:00,fhrs_5_en-gb,5,,FHRS,-0.199023,51.54176,0.0,0.0,0.0,,karaz beirut,"2-4 Willesden Lane, Kilburn, London, NW6 7SR",NEEDS_CHECK,Independent or other supermarket
138 Church Road,London,,,Ghana Market (The Heart of Africa Limited),Retailers - supermarkets/hypermarkets,7840,0,,710603,5638,504,ens.foodsafety@brent.gov.uk,Brent,http://www.brent.gov.uk/,False,,NW10 9NH,2025-07-29T00:00:00,fhrs_3_en-gb,3,,FHRS,-0.25017,51.547129,10.0,10.0,10.0,,ghana market (the heart of africa limited),"138 Church Road, London, NW10 9NH",NEEDS_CHECK,Independent or other supermarket
959-961 Harrow Road,Wembley,,,Nisa Local / Bubblewala,Retailers - supermarkets/hypermarkets,7840,0,,760037,11810,504,ens.foodsafety@brent.gov.uk,Brent,http://www.brent.gov.uk/,False,,HA0 2SF,2024-05-22T00:00:00,fhrs_5_en-gb,5,,FHRS,-0.329117,51.559754,5.0,0.0,5.0,,nisa local / bubblewala,"959-961 Harrow Road, Wembley, HA0 2SF",NEEDS_CHECK,Independent or other supermarket
20 The Broadway,Wembley,,,SS Superstore,Retailers - supermarkets/hypermarkets,7840,0,,769590,2420,504,ens.foodsafety@brent.gov.uk,Brent,http://www.brent.gov.uk/,False,,HA9 8JU,2024-06-11T00:00:00,fhrs_3_en-gb,3,,FHRS,-0.292343,51.562489,5.0,10.0,10.0,,ss superstore,"20 The Broadway, Wembley, HA9 8JU",NEEDS_CHECK,Independent or other supermarket
218 Church Road,London,,,Basharow Emporium Ltd,Retailers - supermarkets/hypermarkets,7840,0,,778147,5703,504,ens.foodsafety@brent.gov.uk,Brent,http://www.brent.gov.uk/,False,,NW10 9NP,2025-03-25T00:00:00,fhrs_5_en-gb,5,,FHRS,-0.248437,51.547921,5.0,0.0,0.0,,basharow emporium ltd,"218 Church Road, London, NW10 9NP",NEEDS_CHECK,Independent or other supermarket
169-171 High Road,London,,,Savers Health & Beauty,Retailers - supermarkets/hypermarkets,7840,0,,801339,12767,504,ens.foodsafety@brent.gov.uk,Brent,http://www.brent.gov.uk/,False,,NW10 2SG,2024-11-09T00:00:00,fhrs_5_en-gb,5,,FHRS,-0.23292,51.547131,5.0,0.0,5.0,,savers health & beauty,"169-171 High Road, London, NW10 2SG",NEEDS_CHECK,Independent or other supermarket
46 Station Road,London,,,Junction Local,Retailers - supermarkets/hypermarkets,7840,0,,813603,22711,504,ens.foodsafety@brent.gov.uk,Brent,http://www.brent.gov.uk/,False,,NW10 4UA,2025-04-16T00:00:00,fhrs_4_en-gb,4,,FHRS,-0.247782,51.533812,0.0,0.0,10.0,,junction local,"46 Station Road, London, NW10 4UA",NEEDS_CHECK,Independent or other supermarket
9 Olympic Way,Wembley,,,Butlers Fine Foods and Provisions Ltd,Retailers - supermarkets/hypermarkets,7840,0,,833786,82346,504,ens.foodsafety@brent.gov.uk,Brent,http://www.brent.gov.uk/,False,,HA9 0NP,2025-06-19T00:00:00,fhrs_4_en-gb,4,,FHRS,-0.279136,51.56226,5.0,5.0,10.0,,butlers fine foods and provisions ltd,"9 Olympic Way, Wembley, HA9 0NP",NEEDS_CHECK,Independent or other supermarket
LINDSAY PARK BAPTIST CHURCH,The Mall,Harrow,,The Trussell Trust Brent Food Bank,Retailers - supermarkets/hypermarkets,7840,0,,850997,29581,504,ens.foodsafety@brent.gov.uk,Brent,http://www.brent.gov.uk/,False,,HA3 9TG,2026-04-07T00:00:00,fhrs_5_en-gb,5,,FHRS,-0.285105,51.582679,0.0,0.0,0.0,,the trussell trust brent food bank,"LINDSAY PARK BAPTIST CHURCH, The Mall, Harrow, HA3 9TG",NEEDS_CHECK,Independent or other supermarket
42 Carlyon Road,Wembley,,,Buy 2 Save Food Centre,Retailers - supermarkets/hypermarkets,7840,0,,869556,4108,504,ens.foodsafety@brent.gov.uk,Brent,http://www.brent.gov.uk/,False,,HA0 1JE,2025-12-11T00:00:00,fhrs_5_en-gb,5,,FHRS,-0.294041,51.537928,0.0,0.0,5.0,,buy 2 save food centre,"42 Carlyon Road, Wembley, HA0 1JE",NEEDS_CHECK,Independent or other supermarket
46-48 Harrow Road,Wembley,,,Costcutter,Retailers - supermarkets/hypermarkets,7840,0,,894421,11574,504,ens.foodsafety@brent.gov.uk,Brent,http://www.brent.gov.uk/,False,,HA9 6PL,2025-05-22T00:00:00,fhrs_5_en-gb,5,,FHRS,-0.274321,51.546911,0.0,0.0,5.0,,costcutter,"46-48 Harrow Road, Wembley, HA9 6PL",NEEDS_CHECK,Independent or other supermarket
280 Kingsbury Road,London,,,Food 4 You,Retailers - supermarkets/hypermarkets,7840,0,,894423,14803,504,ens.foodsafety@brent.gov.uk,Brent,http://www.brent.gov.uk/,False,,NW9 0BY,2024-04-02T00:00:00,fhrs_5_en-gb,5,,FHRS,-0.265409,51.584421,5.0,0.0,5.0,,food 4 you,"280 Kingsbury Road, London, NW9 0BY",NEEDS_CHECK,Independent or other supermarket
225 Kilburn High Road,Kilburn,London,,Meat Village,Retailers - supermarkets/hypermarkets,7840,0,,894428,30187,504,ens.foodsafety@brent.gov.uk,Brent,http://www.brent.gov.uk/,False,,NW6 7JG,2026-05-06T00:00:00,fhrs_5_en-gb,5,,FHRS,-0.198576,51.542113,5.0,0.0,5.0,,meat village,"225 Kilburn High Road, Kilburn, London, NW6 7JG",NEEDS_CHECK,Independent or other supermarket
31 Salusbury Road,London,,,Marks & Spencer,Retailers - supermarkets/hypermarkets,7840,0,,894437,87593,504,ens.foodsafety@brent.gov.uk,Brent,http://www.brent.gov.uk/,False,,NW6 6BF,2024-10-21T00:00:00,fhrs_5_en-gb,5,,FHRS,-0.2037881,51.5337057,0.0,0.0,0.0,M&S,marks & spencer,"31 Salusbury Road, London, NW6 6BF",NEEDS_CHECK,Larger M&S store: bakery provision to confirm
37-41 High Street,London,,,Way 2 Save International Supermarket,Retailers - supermarkets/hypermarkets,7840,0,,917010,12996,504,ens.foodsafety@brent.gov.uk,Brent,http://www.brent.gov.uk/,False,,NW10 4NE,2024-08-06T00:00:00,fhrs_5_en-gb,5,,FHRS,-0.247912,51.536817,5.0,5.0,5.0,,way 2 save international supermarket,"37-41 High Street, London, NW10 4NE",NEEDS_CHECK,Independent or other supermarket
373-375 Church Lane,London,,,Anglo Asian Cash & Carry,Retailers - supermarkets/hypermarkets,7840,0,,917016,5477,504,ens.foodsafety@brent.gov.uk,Brent,http://www.brent.gov.uk/,False,,NW9 8JB,2024-09-18T00:00:00,fhrs_4_en-gb,4,,FHRS,-0.263082,51.579207,0.0,10.0,5.0,,anglo asian cash & carry,"373-375 Church Lane, London, NW9 8JB",NEEDS_CHECK,Independent or other supermarket
338-340 Stag Lane,London,,,LOCAL EXPRESS - SG Convenience Store Ltd,Retailers - supermarkets/hypermarkets,7840,0,,930171,82565,504,ens.foodsafety@brent.gov.uk,Brent,http://www.brent.gov.uk/,False,,NW9 9AG,2025-11-27T00:00:00,fhrs_1_en-gb,1,,FHRS,-0.266155,51.590979,15.0,15.0,20.0,,local express - sg convenience store ltd,"338-340 Stag Lane, London, NW9 9AG",NEEDS_CHECK,Independent or other supermarket
1,ATLIP CENTRE,Atlip Road,Wembley,Sivashakthi Cash & Carry,Retailers - supermarkets/hypermarkets,7840,0,,945784,31384,504,ens.foodsafety@brent.gov.uk,Brent,http://www.brent.gov.uk/,False,,HA0 4PE,2024-10-24T00:00:00,fhrs_2_en-gb,2,,FHRS,-0.298623,51.539955,10.0,15.0,10.0,,sivashakthi cash & carry,"1, ATLIP CENTRE, Atlip Road, HA0 4PE",NEEDS_CHECK,Independent or other supermarket
428-430 High Road,Wembley,,,Al-Pasha Trading Limited,Retailers - supermarkets/hypermarkets,7840,0,,960067,41233,504,ens.foodsafety@brent.gov.uk,Brent,http://www.brent.gov.uk/,False,,HA9 6AH,2025-12-17T00:00:00,fhrs_5_en-gb,5,,FHRS,-0.291918,51.553814,0.0,0.0,5.0,,al-pasha trading limited,"428-430 High Road, Wembley, HA9 6AH",NEEDS_CHECK,Independent or other supermarket
539 High Road,Wembley,,,Anglo Asian Cash and Carry (Shop & Basement),Retailers - supermarkets/hypermarkets,7840,0,,988738,85671,504,ens.foodsafety@brent.gov.uk,Brent,http://www.brent.gov.uk/,False,,HA0 2DJ,2026-04-24T00:00:00,fhrs_2_en-gb,2,,FHRS,-0.299778997898102,51.5519065856934,10.0,15.0,10.0,,anglo asian cash and carry (shop & basement),"539 High Road, Wembley, HA0 2DJ",NEEDS_CHECK,Independent or other supermarket
Unit G,399 Edgware Road,Kingsbury,London,Loon Fung Limited,Retailers - supermarkets/hypermarkets,7840,0,,1000824,91312,504,ens.foodsafety@brent.gov.uk,Brent,http://www.brent.gov.uk/,False,,NW9 0FH,2024-04-23T00:00:00,fhrs_4_en-gb,4,,FHRS,-0.259182291420582,51.5935651013582,0.0,0.0,10.0,,loon fung limited,"Unit G, 399 Edgware Road, Kingsbury, NW9 0FH",NEEDS_CHECK,Independent or other supermarket
128 Windermere Avenue,Wembley,,,Today's your Local Store,Retailers - supermarkets/hypermarkets,7840,0,,1026347,25573,504,ens.foodsafety@brent.gov.uk,Brent,http://www.brent.gov.uk/,False,,HA9 8RB,2024-10-21T00:00:00,fhrs_5_en-gb,5,,FHRS,-0.308155000209808,51.5710525512695,0.0,0.0,5.0,,today's your local store,"128 Windermere Avenue, Wembley, HA9 8RB",NEEDS_CHECK,Independent or other supermarket
775 Harrow Road,London,,,Requinte Brazil Meat and Market,Retailers - supermarkets/hypermarkets,7840,0,,1067274,11436,504,ens.foodsafety@brent.gov.uk,Brent,http://www.brent.gov.uk/,False,,NW10 5PA,2025-09-16T00:00:00,fhrs_5_en-gb,5,,FHRS,-0.2324587,51.5316771,0.0,0.0,5.0,,requinte brazil meat and market,"775 Harrow Road, London, NW10 5PA",NEEDS_CHECK,Independent or other supermarket
47B Capitol Way,London,,,Wilko Retail Ltd,Retailers - supermarkets/hypermarkets,7840,0,,1067290,93876,504,ens.foodsafety@brent.gov.uk,Brent,http://www.brent.gov.uk/,False,,NW9 0AW,2022-08-12T00:00:00,fhrs_5_en-gb,5,,FHRS,-0.260168999433517,51.5867004394531,5.0,0.0,5.0,,wilko retail ltd,"47B Capitol Way, London, NW9 0AW",NEEDS_CHECK,Independent or other supermarket
47A Capitol Way,London,,,Marks and Spencers,Retailers - supermarkets/hypermarkets,7840,0,,1067293,94150,504,ens.foodsafety@brent.gov.uk,Brent,http://www.brent.gov.uk/,False,,NW9 0AW,2024-11-07T00:00:00,fhrs_5_en-gb,5,,FHRS,-0.260168999433517,51.5867004394531,0.0,0.0,0.0,,marks and spencers,"47A Capitol Way, London, NW9 0AW",NEEDS_CHECK,Independent or other supermarket
490-492 Neasden Lane North,London,,,24 Seven,Retailers - supermarkets/hypermarkets,7840,0,,1084512,18470,504,ens.foodsafety@brent.gov.uk,Brent,http://www.brent.gov.uk/,False,,NW10 0DG,2023-11-07T00:00:00,fhrs_5_en-gb,5,,FHRS,-0.2585561,51.5629925,0.0,0.0,5.0,,24 seven,"490-492 Neasden Lane North, London, NW10 0DG",NEEDS_CHECK,Independent or other supermarket
260-262 Preston Road,Harrow,,,Zer Food Centre,Retailers - supermarkets/hypermarkets,7840,0,,1095482,20307,504,ens.foodsafety@brent.gov.uk,Brent,http://www.brent.gov.uk/,False,,HA3 0PZ,2026-01-26T00:00:00,fhrs_5_en-gb,5,,FHRS,-0.294432997703552,51.5721855163574,0.0,5.0,5.0,,zer food centre,"260-262 Preston Road, Harrow, HA3 0PZ",NEEDS_CHECK,Independent or other supermarket
16-18 High Street,London,,,Maxideals,Retailers - supermarkets/hypermarkets,7840,0,,1128872,12973,504,ens.foodsafety@brent.gov.uk,Brent,http://www.brent.gov.uk/,False,,NW10 4LX,2023-06-23T00:00:00,fhrs_5_en-gb,5,,FHRS,-0.249081000685692,51.5371856689453,0.0,0.0,0.0,,maxideals,"16-18 High Street, London, NW10 4LX",NEEDS_CHECK,Independent or other supermarket
44 Bruce Road,London,,,Bruce Road Food and Wine,Retailers - supermarkets/hypermarkets,7840,0,,1221214,68765,504,ens.foodsafety@brent.gov.uk,Brent,http://www.brent.gov.uk/,False,,NW10 8RG,2024-08-30T00:00:00,fhrs_4_en-gb,4,,FHRS,-0.2588933,51.5436006,0.0,0.0,10.0,,bruce road food and wine,"44 Bruce Road, London, NW10 8RG",NEEDS_CHECK,Independent or other supermarket
Unit A,529 High Road,Wembley,,Trishul Grocery - (Units A & B),Retailers - supermarkets/hypermarkets,7840,0,,1229393,98849,504,ens.foodsafety@brent.gov.uk,Brent,http://www.brent.gov.uk/,False,,HA0 2DH,2025-09-16T00:00:00,fhrs_5_en-gb,5,,FHRS,-0.2987479,51.5518915,5.0,5.0,5.0,,trishul grocery - (units a & b),"Unit A, 529 High Road, Wembley, HA0 2DH",NEEDS_CHECK,Independent or other supermarket
133 Ealing Road,Wembley,,,Simran Fruits & Veg Ltd,Retailers - supermarkets/hypermarkets,7840,0,,1229398,99016,504,ens.foodsafety@brent.gov.uk,Brent,http://www.brent.gov.uk/,False,,HA0 4BP,2024-10-16T00:00:00,fhrs_5_en-gb,5,,FHRS,-0.2970330119133,51.5458488464355,0.0,0.0,0.0,,simran fruits & veg ltd,"133 Ealing Road, Wembley, HA0 4BP",NEEDS_CHECK,Independent or other supermarket
30-32 Harrow Road,Wembley,,,Maxxi Save International Food Centre.,Retailers - supermarkets/hypermarkets,7840,0,,1292732,11560,504,ens.foodsafety@brent.gov.uk,Brent,http://www.brent.gov.uk/,False,,HA9 6PG,2025-03-13T00:00:00,fhrs_5_en-gb,5,,FHRS,-0.2731393,51.5459513,0.0,0.0,0.0,,maxxi save international food centre.,"30-32 Harrow Road, Wembley, HA9 6PG",NEEDS_CHECK,Independent or other supermarket
93 Salusbury Road,London,,,Provenance Village Butcher,Retailers - supermarkets/hypermarkets,7840,0,,1300441,21910,504,ens.foodsafety@brent.gov.uk,Brent,http://www.brent.gov.uk/,False,,NW6 6NH,2024-08-05T00:00:00,fhrs_5_en-gb,5,,FHRS,-0.2053525,51.5360857,0.0,0.0,5.0,,provenance village butcher,"93 Salusbury Road, London, NW6 6NH",NEEDS_CHECK,Independent or other supermarket
1-7 Exhibition Way,Wembley,,,Sainsbury's,Retailers - supermarkets/hypermarkets,7840,0,,1331920,100759,504,ens.foodsafety@brent.gov.uk,Brent,http://www.brent.gov.uk/,False,,HA9 0FA,2025-12-03T00:00:00,fhrs_5_en-gb,5,,FHRS,-0.2816602,51.5590436,0.0,0.0,0.0,Sainsbury's,sainsbury's,"1-7 Exhibition Way, Wembley, HA9 0FA",NEEDS_CHECK,Sainsbury's store format unclear from FHRS record
357 High Road,Wembley,,,Sainsbury's,Retailers - supermarkets/hypermarkets,7840,0,,1359457,100102,504,ens.foodsafety@brent.gov.uk,Brent,http://www.brent.gov.uk/,False,,HA9 6EW,2025-09-19T00:00:00,fhrs_5_en-gb,5,,FHRS,-0.289000988006592,51.5535278320313,0.0,0.0,0.0,Sainsbury's,sainsbury's,"357 High Road, Wembley, HA9 6EW",NEEDS_CHECK,Sainsbury's store format unclear from FHRS record
317 Cricklewood Broadway,London,,,WICKES,Retailers - supermarkets/hypermarkets,7840,0,,1377463,6894,504,ens.foodsafety@brent.gov.uk,Brent,http://www.brent.gov.uk/,False,,NW2 6JN,2021-04-28T00:00:00,fhrs_5_en-gb,5,,FHRS,-0.221267998218536,51.561206817627,0.0,0.0,5.0,,wickes,"317 Cricklewood Broadway, London, NW2 6JN",NEEDS_CHECK,Independent or other supermarket
Unit B,Premier Park Road,London,,Japan Centre (Retail/warehouse),Retailers - supermarkets/hypermarkets,7840,0,,1394220,96980,504,ens.foodsafety@brent.gov.uk,Brent,http://www.brent.gov.uk/,False,,NW10 7NZ,2024-07-10T00:00:00,fhrs_5_en-gb,5,,FHRS,-0.271667,51.536657,0.0,5.0,5.0,,japan centre (retail/warehouse),"Unit B, Premier Park Road, London, NW10 7NZ",NEEDS_CHECK,Independent or other supermarket
78 Walm Lane,London,,,Walnut Wholefoods,Retailers - supermarkets/hypermarkets,7840,0,,1398258,24569,504,ens.foodsafety@brent.gov.uk,Brent,http://www.brent.gov.uk/,False,,NW2 4RA,2024-10-04T00:00:00,fhrs_5_en-gb,5,,FHRS,-0.2217568,51.5484125,5.0,5.0,5.0,,walnut wholefoods,"78 Walm Lane, London, NW2 4RA",NEEDS_CHECK,Independent or other supermarket
6 HEATHER PARK PARADE,Heather Park Drive,Wembley,,RD & Sons,Retailers - supermarkets/hypermarkets,7840,0,,1408508,12291,504,ens.foodsafety@brent.gov.uk,Brent,http://www.brent.gov.uk/,False,,HA0 1SL,2021-12-02T00:00:00,fhrs_5_en-gb,5,,FHRS,-0.2853372,51.5429737,0.0,0.0,5.0,,rd & sons,"6 HEATHER PARK PARADE, Heather Park Drive, Wembley, HA0 1SL",NEEDS_CHECK,Independent or other supermarket
45 Burnt Oak Broadway,Edgware,,,Ousheng Oriental Supermarket,Retailers - supermarkets/hypermarkets,7840,0,,1408518,81516,504,ens.foodsafety@brent.gov.uk,Brent,http://www.brent.gov.uk/,False,,HA8 5JZ,2026-02-18T00:00:00,fhrs_5_en-gb,5,,FHRS,-0.2669967,51.5997793,0.0,5.0,5.0,,ousheng oriental supermarket,"45 Burnt Oak Broadway, Edgware, HA8 5JZ",NEEDS_CHECK,Independent or other supermarket
Unit 5,499 High Road,Wembley,,Modko Ltd,Retailers - supermarkets/hypermarkets,7840,0,,1418843,100723,504,ens.foodsafety@brent.gov.uk,Brent,http://www.brent.gov.uk/,False,,HA0 2DH,2022-05-17T00:00:00,fhrs_4_en-gb,4,,FHRS,-0.2972667,51.5521578,5.0,5.0,10.0,,modko ltd,"Unit 5, 499 High Road, Wembley, HA0 2DH",NEEDS_CHECK,Independent or other supermarket
41-43 Cricklewood Broadway,London,,,Budgens,Retailers - supermarkets/hypermarkets,7840,0,,1418851,6752,504,ens.foodsafety@brent.gov.uk,Brent,http://www.brent.gov.uk/,False,,NW2 3JX,2025-04-14T00:00:00,fhrs_5_en-gb,5,,FHRS,-0.2115604,51.5531765,5.0,0.0,5.0,,budgens,"41-43 Cricklewood Broadway, London, NW2 3JX",NEEDS_CHECK,Independent or other supermarket
Unit 1,194 Ealing Road,Wembley,,Namkeen House,Retailers - supermarkets/hypermarkets,7840,0,,1438032,99372,504,ens.foodsafety@brent.gov.uk,Brent,http://www.brent.gov.uk/,False,,HA0 4QG,2025-10-14T00:00:00,fhrs_1_en-gb,1,,FHRS,-0.2972486,51.5449185,10.0,15.0,20.0,,namkeen house,"Unit 1, 194 Ealing Road, Wembley, HA0 4QG",NEEDS_CHECK,Independent or other supermarket
3 White Horse Square,Wembley,,,The Grocery Store,Retailers - supermarkets/hypermarkets,7840,0,,1468276,102959,504,ens.foodsafety@brent.gov.uk,Brent,http://www.brent.gov.uk/,False,,HA9 0JA,2024-08-12T00:00:00,fhrs_5_en-gb,5,,FHRS,-0.2841166,51.5547181,5.0,0.0,5.0,,the grocery store,"3 White Horse Square, Wembley, HA9 0JA",NEEDS_CHECK,Independent or other supermarket
3 MIRAGE CENTRE,First Way,Wembley,,CICC FOOD BANK,Retailers - supermarkets/hypermarkets,7840,0,,1468282,66936,504,ens.foodsafety@brent.gov.uk,Brent,http://www.brent.gov.uk/,False,,HA9 0JD,2022-04-25T00:00:00,fhrs_5_en-gb,5,,FHRS,-0.2743436,51.5575783,0.0,0.0,5.0,,cicc food bank,"3 MIRAGE CENTRE, First Way, Wembley, HA9 0JD",NEEDS_CHECK,Independent or other supermarket
34 Wembley Hill Road,Wembley,,,FRESHMART SUPERMARKET,Retailers - supermarkets/hypermarkets,7840,0,,1468285,95720,504,ens.foodsafety@brent.gov.uk,Brent,http://www.brent.gov.uk/,False,,HA9 8FJ,2024-06-19T00:00:00,fhrs_5_en-gb,5,,FHRS,-0.2859994,51.5552851,0.0,0.0,5.0,,freshmart supermarket,"34 Wembley Hill Road, Wembley, HA9 8FJ",NEEDS_CHECK,Independent or other supermarket
Part Ground Floor,Pakistan Community Centre,Marley Walk,London,Mutual Aid Food Willesden (MAFW) Food Bank,Retailers - supermarkets/hypermarkets,7840,0,,1502188,103441,504,ens.foodsafety@brent.gov.uk,Brent,http://www.brent.gov.uk/,False,,NW2 4PU,2022-08-30T00:00:00,fhrs_5_en-gb,5,,FHRS,-0.224677,51.5500934,0.0,0.0,5.0,,mutual aid food willesden (mafw) food bank,"Part Ground Floor, Pakistan Community Centre, Marley Walk, NW2 4PU",NEEDS_CHECK,Independent or other supermarket
Ealing Road Methodist Church,Ealing Road,Wembley,,London's Community Kitchen- Food Bank,Retailers - supermarkets/hypermarkets,7840,0,,1531241,103891,504,ens.foodsafety@brent.gov.uk,Brent,http://www.brent.gov.uk/,False,,HA0 4BN,2023-09-16T00:00:00,fhrs_5_en-gb,5,,FHRS,-0.2972888,51.5470883,0.0,0.0,5.0,,london's community kitchen- food bank,"Ealing Road Methodist Church, Ealing Road, Wembley, HA0 4BN",NEEDS_CHECK,Independent or other supermarket
Unit 1,541-543 High Road,Wembley,,Malar Supermarket UK Limited / Malar Spice Ltd,Retailers - supermarkets/hypermarkets,7840,0,,1531243,103920,504,ens.foodsafety@brent.gov.uk,Brent,http://www.brent.gov.uk/,False,,HA0 2DJ,2025-07-10T00:00:00,fhrs_4_en-gb,4,,FHRS,-0.2997718,51.5518973,5.0,5.0,10.0,,malar supermarket uk limited / malar spice ltd,"Unit 1, 541-543 High Road, Wembley, HA0 2DJ",NEEDS_CHECK,Independent or other supermarket
343 Edgware Road,Colindale Retail Park,Kingsbury,London,B & M Retail Ltd,Retailers - supermarkets/hypermarkets,7840,0,,1534542,9696,504,ens.foodsafety@brent.gov.uk,Brent,http://www.brent.gov.uk/,False,,NW9 6TH,2025-10-02T00:00:00,fhrs_5_en-gb,5,,FHRS,-0.2579966,51.5904472,0.0,0.0,0.0,,b & m retail ltd,"343 Edgware Road, Colindale Retail Park, Kingsbury, NW9 6TH",NEEDS_CHECK,Independent or other supermarket
131-139 East Lane,Wembley,,,Esso & Londis- TH Retail,Retailers - supermarkets/hypermarkets,7840,0,,1537523,87286,504,ens.foodsafety@brent.gov.uk,Brent,http://www.brent.gov.uk/,False,,HA9 7PE,2022-08-08T00:00:00,fhrs_5_en-gb,5,,FHRS,,,0.0,0.0,0.0,,esso & londis- th retail,"131-139 East Lane, Wembley, HA9 7PE",NEEDS_CHECK,Independent or other supermarket
51 Burnt Oak Broadway,Edgware,,,Poundstretcher,Retailers - supermarkets/hypermarkets,7840,0,,1544655,3125,504,ens.foodsafety@brent.gov.uk,Brent,http://www.brent.gov.uk/,False,,HA8 5JZ,2022-09-29T00:00:00,fhrs_5_en-gb,5,,FHRS,-0.2672751,51.6000532,0.0,0.0,0.0,,poundstretcher,"51 Burnt Oak Broadway, Edgware, HA8 5JZ",NEEDS_CHECK,Independent or other supermarket
141-145 Kilburn High Road,London,,,Ranya Food Centre,Retailers - supermarkets/hypermarkets,7840,0,,1564154,104869,504,ens.foodsafety@brent.gov.uk,Brent,http://www.brent.gov.uk/,False,,NW6 7HT,2025-09-22T00:00:00,fhrs_5_en-gb,5,,FHRS,-0.1961518,51.5401261,0.0,0.0,5.0,,ranya food centre,"141-145 Kilburn High Road, London, NW6 7HT",NEEDS_CHECK,Independent or other supermarket
449-453 Kingsbury Road,London,,,Mir Food Centre,Retailers - supermarkets/hypermarkets,7840,0,,1581232,105088,504,ens.foodsafety@brent.gov.uk,Brent,http://www.brent.gov.uk/,False,,NW9 9DY,2024-08-16T00:00:00,fhrs_5_en-gb,5,,FHRS,-0.276132,51.585632,0.0,5.0,0.0,,mir food centre,"449-453 Kingsbury Road, London, NW9 9DY",NEEDS_CHECK,Independent or other supermarket
8 Court Parade,East Lane,Wembley,,Stockhouse Groceries,Retailers - supermarkets/hypermarkets,7840,0,,1581235,6378,504,ens.foodsafety@brent.gov.uk,Brent,http://www.brent.gov.uk/,False,,HA0 3HY,2023-06-21T00:00:00,fhrs_5_en-gb,5,,FHRS,-0.3186799,51.5621424,0.0,0.0,5.0,,stockhouse groceries,"8 Court Parade, East Lane, Wembley, HA0 3HY",NEEDS_CHECK,Independent or other supermarket
3 Harlesden Plaza,Tavistock Road,London,,Sam Pound Store,Retailers - supermarkets/hypermarkets,7840,0,,1593491,23439,504,ens.foodsafety@brent.gov.uk,Brent,http://www.brent.gov.uk/,False,,NW10 4NG,2023-05-04T00:00:00,fhrs_5_en-gb,5,,FHRS,-0.2480032,51.5372608,5.0,5.0,5.0,,sam pound store,"3 Harlesden Plaza, Tavistock Road, London, NW10 4NG",NEEDS_CHECK,Independent or other supermarket
84 High Road,London,,,Miah's Oriental Foods,Retailers - supermarkets/hypermarkets,7840,0,,1596914,12703,504,ens.foodsafety@brent.gov.uk,Brent,http://www.brent.gov.uk/,False,,NW10 2PR,2025-05-30T00:00:00,fhrs_5_en-gb,5,,FHRS,-0.2297077,51.5472018,5.0,0.0,0.0,,miah's oriental foods,"84 High Road, London, NW10 2PR",NEEDS_CHECK,Independent or other supermarket
571-573 Kingsbury Road,London,,,Nisa Local,Retailers - supermarkets/hypermarkets,7840,0,,1611170,14923,504,ens.foodsafety@brent.gov.uk,Brent,http://www.brent.gov.uk/,False,,NW9 9EL,2025-06-17T00:00:00,fhrs_5_en-gb,5,,FHRS,-0.280869,51.584597,0.0,5.0,5.0,,nisa local,"571-573 Kingsbury Road, London, NW9 9EL",NEEDS_CHECK,Independent or other supermarket
195 Cricklewood Broadway,London,,,Poundstretcher,Retailers - supermarkets/hypermarkets,7840,0,,1622684,6843,504,ens.foodsafety@brent.gov.uk,Brent,http://www.brent.gov.uk/,False,,NW2 3HS,2023-07-13T00:00:00,fhrs_4_en-gb,4,,FHRS,-0.2164535,51.5571538,5.0,10.0,5.0,,poundstretcher,"195 Cricklewood Broadway, London, NW2 3HS",NEEDS_CHECK,Independent or other supermarket
Shell Neasden,369 North Circular Road,Stonebridge,London,Shell Neasden Retail Shop,Retailers - supermarkets/hypermarkets,7840,0,,1648502,106473,504,ens.foodsafety@brent.gov.uk,Brent,http://www.brent.gov.uk/,False,,NW10 0HS,2023-08-15T00:00:00,fhrs_5_en-gb,5,,FHRS,-0.2540217,51.5578264,0.0,0.0,0.0,,shell neasden retail shop,"Shell Neasden, 369 North Circular Road, Stonebridge, NW10 0HS",NEEDS_CHECK,Independent or other supermarket
Service Station,290 Willesden Lane,Willesden,London,Shell Willesden Retail Shop,Retailers - supermarkets/hypermarkets,7840,0,,1648503,106474,504,ens.foodsafety@brent.gov.uk,Brent,http://www.brent.gov.uk/,False,,NW2 5HS,2023-08-17T00:00:00,fhrs_5_en-gb,5,,FHRS,-0.2224127,51.5471275,0.0,0.0,0.0,,shell willesden retail shop,"Service Station, 290 Willesden Lane, Willesden, NW2 5HS",NEEDS_CHECK,Independent or other supermarket
7 Weaver Walk,Wembley,,,Urban Rose Beauty Limited,Retailers - supermarkets/hypermarkets,7840,0,,1667680,101564,504,ens.foodsafety@brent.gov.uk,Brent,http://www.brent.gov.uk/,False,,HA9 0GX,2023-10-24T00:00:00,fhrs_5_en-gb,5,,FHRS,-0.2807915,51.5595074,0.0,0.0,5.0,,urban rose beauty limited,"7 Weaver Walk, Wembley, HA9 0GX",NEEDS_CHECK,Independent or other supermarket
7 COURT PARADE,East Lane,Wembley,,Homeland Supermarket,Retailers - supermarkets/hypermarkets,7840,0,,1667690,38619,504,ens.foodsafety@brent.gov.uk,Brent,http://www.brent.gov.uk/,False,,HA0 3HY,2025-08-27T00:00:00,fhrs_5_en-gb,5,,FHRS,-0.3186799,51.5621424,0.0,0.0,0.0,,homeland supermarket,"7 COURT PARADE, East Lane, Wembley, HA0 3HY",NEEDS_CHECK,Independent or other supermarket
233 All Souls Avenue,London,,,Soul Food and Wine,Retailers - supermarkets/hypermarkets,7840,0,,1667691,395,504,ens.foodsafety@brent.gov.uk,Brent,http://www.brent.gov.uk/,False,,NW10 3AE,2023-10-19T00:00:00,fhrs_5_en-gb,5,,FHRS,-0.2261908,51.5412136,0.0,0.0,5.0,,soul food and wine,"233 All Souls Avenue, London, NW10 3AE",NEEDS_CHECK,Independent or other supermarket
452 High Road,Wembley,,,Sam Poundstore,Retailers - supermarkets/hypermarkets,7840,0,,1671996,12481,504,ens.foodsafety@brent.gov.uk,Brent,http://www.brent.gov.uk/,False,,HA9 7AY,2025-11-17T00:00:00,fhrs_5_en-gb,5,,FHRS,-0.2938322,51.5537446,0.0,0.0,0.0,,sam poundstore,"452 High Road, Wembley, HA9 7AY",NEEDS_CHECK,Independent or other supermarket
268A-271 Abbeydale Road,Wembley,,,Bakkavor Staff Shop,Retailers - supermarkets/hypermarkets,7840,0,,1677620,79,504,ens.foodsafety@brent.gov.uk,Brent,http://www.brent.gov.uk/,False,,HA0 1TW,2023-11-15T00:00:00,fhrs_5_en-gb,5,,FHRS,-0.2842017,51.5394231,0.0,0.0,0.0,,bakkavor staff shop,"268A-271 Abbeydale Road, Wembley, HA0 1TW",NEEDS_CHECK,Independent or other supermarket
40 Cumberland Business Park,Cumberland Avenue,London,,Bakkavor Staff Shop,Retailers - supermarkets/hypermarkets,7840,0,,1677621,85777,504,ens.foodsafety@brent.gov.uk,Brent,http://www.brent.gov.uk/,False,,NW10 7RT,2023-11-16T00:00:00,fhrs_5_en-gb,5,,FHRS,-0.27787,51.5295285,0.0,0.0,0.0,,bakkavor staff shop,"40 Cumberland Business Park, Cumberland Avenue, London, NW10 7RT",NEEDS_CHECK,Independent or other supermarket
Unit 3,81 High Street,London,,Rhejim Mart,Retailers - supermarkets/hypermarkets,7840,0,,1683639,107262,504,ens.foodsafety@brent.gov.uk,Brent,http://www.brent.gov.uk/,False,,NW10 4NT,2023-12-13T00:00:00,fhrs_5_en-gb,5,,FHRS,-0.2461142,51.5361355,5.0,5.0,5.0,,rhejim mart,"Unit 3, 81 High Street, London, NW10 4NT",NEEDS_CHECK,Independent or other supermarket
1 Library Parade,Craven Park Road,London,,Masters Supermarket Ltd,Retailers - supermarkets/hypermarkets,7840,0,,1687342,6659,504,ens.foodsafety@brent.gov.uk,Brent,http://www.brent.gov.uk/,False,,NW10 8SG,2025-11-13T00:00:00,fhrs_5_en-gb,5,,FHRS,-0.2507152,51.5390083,0.0,0.0,5.0,,masters supermarket ltd,"1 Library Parade, Craven Park Road, London, NW10 8SG",NEEDS_CHECK,Independent or other supermarket
7 Wellers Way,Wembley,,,Tian Tian Market,Retailers - supermarkets/hypermarkets,7840,0,,1696443,106495,504,ens.foodsafety@brent.gov.uk,Brent,http://www.brent.gov.uk/,False,,HA9 0UH,2024-07-05T00:00:00,fhrs_5_en-gb,5,,FHRS,-0.2808314,51.5603623,0.0,0.0,0.0,,tian tian market,"7 Wellers Way, Wembley, HA9 0UH",NEEDS_CHECK,Independent or other supermarket
52A Ealing Road,Wembley,,,Devi Cash and Carry,Retailers - supermarkets/hypermarkets,7840,0,,1712522,91716,504,ens.foodsafety@brent.gov.uk,Brent,http://www.brent.gov.uk/,False,,HA0 4TQ,2024-06-26T00:00:00,fhrs_5_en-gb,5,,FHRS,-0.2985209,51.5502425,0.0,0.0,5.0,,devi cash and carry,"52A Ealing Road, Wembley, HA0 4TQ",NEEDS_CHECK,Independent or other supermarket
284 Ealing Road,Wembley,,,One Stop Superstore,Retailers - supermarkets/hypermarkets,7840,0,,1718316,8770,504,ens.foodsafety@brent.gov.uk,Brent,http://www.brent.gov.uk/,False,,HA0 4LL,2024-04-13T00:00:00,fhrs_5_en-gb,5,,FHRS,-0.2980807,51.5415584,5.0,0.0,5.0,,one stop superstore,"284 Ealing Road, Wembley, HA0 4LL",NEEDS_CHECK,Independent or other supermarket
110-114 College Road,London,,,The Kensal Store,Retailers - supermarkets/hypermarkets,7840,0,,1746139,109423,504,ens.foodsafety@brent.gov.uk,Brent,http://www.brent.gov.uk/,False,,NW10 5HD,2024-06-26T00:00:00,fhrs_5_en-gb,5,,FHRS,-0.2262107,51.5355126,0.0,0.0,0.0,,the kensal store,"110-114 College Road, London, NW10 5HD",NEEDS_CHECK,Independent or other supermarket
95-97 Kenton Road,Harrow,,,Green Valley Supermarket,Retailers - supermarkets/hypermarkets,7840,0,,1750593,79647,504,ens.foodsafety@brent.gov.uk,Brent,http://www.brent.gov.uk/,False,,HA3 0AN,2025-02-05T00:00:00,fhrs_5_en-gb,5,,FHRS,-0.318363,51.581047,0.0,0.0,5.0,,green valley supermarket,"95-97 Kenton Road, Harrow, HA3 0AN",NEEDS_CHECK,Independent or other supermarket
28 Craven Park Road,London,,,Craven Park Local,Retailers - supermarkets/hypermarkets,7840,0,,1758832,6576,504,ens.foodsafety@brent.gov.uk,Brent,http://www.brent.gov.uk/,False,,NW10 4AB,2024-12-23T00:00:00,fhrs_5_en-gb,5,,FHRS,-0.2496006,51.5384716,0.0,0.0,0.0,,craven park local,"28 Craven Park Road, London, NW10 4AB",NEEDS_CHECK,Independent or other supermarket
18C High Road,London,,,Erbil Supermarket,Retailers - supermarkets/hypermarkets,7840,0,,1770140,12633,504,ens.foodsafety@brent.gov.uk,Brent,http://www.brent.gov.uk/,False,,NW10 2QD,1901-01-01T00:00:00,fhrs_awaitinginspection_en-gb,AwaitingInspection,,FHRS,-0.2260111,51.5476855,,,,,erbil supermarket,"18C High Road, London, NW10 2QD",NEEDS_CHECK,Independent or other supermarket
2A-8 Craven Park Road,London,,,Blue Mountain Peak,Retailers - supermarkets/hypermarkets,7840,0,,1775121,110992,504,ens.foodsafety@brent.gov.uk,Brent,http://www.brent.gov.uk/,False,,NW10 4AB,2025-11-06T00:00:00,fhrs_4_en-gb,4,,FHRS,-0.2488365,51.5377138,5.0,5.0,10.0,,blue mountain peak,"2A-8 Craven Park Road, London, NW10 4AB",NEEDS_CHECK,Independent or other supermarket
37 Court Parade,East Lane,Wembley,,WATAN MARKET,Retailers - supermarkets/hypermarkets,7840,0,,1775122,111693,504,ens.foodsafety@brent.gov.uk,Brent,http://www.brent.gov.uk/,False,,HA0 3HS,2025-05-20T00:00:00,fhrs_4_en-gb,4,,FHRS,-0.3192008,51.5617093,5.0,0.0,10.0,,watan market,"37 Court Parade, East Lane, Wembley, HA0 3HS",NEEDS_CHECK,Independent or other supermarket
343 Edgware Road,Cricklewood,London,,Gladstone Mini Mart,Retailers - supermarkets/hypermarkets,7840,0,,1783835,112391,504,ens.foodsafety@brent.gov.uk,Brent,http://www.brent.gov.uk/,False,,NW2 6LB,2025-07-15T00:00:00,fhrs_5_en-gb,5,,FHRS,-0.2234437,51.5639774,5.0,5.0,5.0,,gladstone mini mart,"343 Edgware Road, Cricklewood, London, NW2 6LB",NEEDS_CHECK,Independent or other supermarket
46 High Street,London,,,Janah Market,Retailers - supermarkets/hypermarkets,7840,0,,1792012,13006,504,ens.foodsafety@brent.gov.uk,Brent,http://www.brent.gov.uk/,False,,NW10 4LS,2025-04-16T00:00:00,fhrs_5_en-gb,5,,FHRS,-0.2476679,51.5358529,0.0,0.0,5.0,,janah market,"46 High Street, London, NW10 4LS",NEEDS_CHECK,Independent or other supermarket
1 The Broadway,Wembley,,,AToZ Store,Retailers - supermarkets/hypermarkets,7840,0,,1792013,42196,504,ens.foodsafety@brent.gov.uk,Brent,http://www.brent.gov.uk/,False,,HA9 8JT,2025-05-20T00:00:00,fhrs_4_en-gb,4,,FHRS,-0.2914979,51.5625413,0.0,0.0,10.0,,atoz store,"1 The Broadway, Wembley, HA9 8JT",NEEDS_CHECK,Independent or other supermarket
Shell Service Station,Empire Way,Wembley,,Londis @ Shell Wembley Park Service Station,Retailers - supermarkets/hypermarkets,7840,0,,1795619,112924,504,ens.foodsafety@brent.gov.uk,Brent,http://www.brent.gov.uk/,False,,HA9 0RJ,2025-01-21T00:00:00,fhrs_5_en-gb,5,,FHRS,-0.286491,51.55735,0.0,0.0,0.0,,londis @ shell wembley park service station,"Shell Service Station, Empire Way, Wembley, HA9 0RJ",NEEDS_CHECK,Independent or other supermarket
Unit 5B,9 Lakeside Drive,London,,Wakka UK Limited,Retailers - supermarkets/hypermarkets,7840,0,,1815444,107635,504,ens.foodsafety@brent.gov.uk,Brent,http://www.brent.gov.uk/,False,,NW10 7GL,2025-11-19T00:00:00,fhrs_5_en-gb,5,,FHRS,-0.2825087,51.5296235,0.0,0.0,0.0,,wakka uk limited,"Unit 5B, 9 Lakeside Drive, London, NW10 7GL",NEEDS_CHECK,Independent or other supermarket
Units 4-5,Chequers House,149 Ealing Road,Wembley,Sai Krupa supermarket/Bihari Samosa Ghantawala UK(Wembley)),Retailers - supermarkets/hypermarkets,7840,0,,1824664,114159,504,ens.foodsafety@brent.gov.uk,Brent,http://www.brent.gov.uk/,False,,HA0 4BY,2026-02-25T00:00:00,fhrs_1_en-gb,1,,FHRS,-0.2967452,51.5437242,15.0,15.0,20.0,,sai krupa supermarket/bihari samosa ghantawala uk(wembley)),"Units 4-5, Chequers House, 149 Ealing Road, HA0 4BY",NEEDS_CHECK,Independent or other supermarket
Unit 1,2 The Broadway,Wembley,,Shisha Town,Retailers - supermarkets/hypermarkets,7840,0,,1854847,106279,504,ens.foodsafety@brent.gov.uk,Brent,http://www.brent.gov.uk/,False,,HA9 8JT,2025-07-08T00:00:00,fhrs_1_en-gb,1,,FHRS,-0.2915992,51.5625338,10.0,10.0,20.0,,shisha town,"Unit 1, 2 The Broadway, Wembley, HA9 8JT",NEEDS_CHECK,Independent or other supermarket
327 Harrow Road,Wembley,,,"Sangit Express,",Retailers - supermarkets/hypermarkets,7840,0,,1859221,11680,504,ens.foodsafety@brent.gov.uk,Brent,http://www.brent.gov.uk/,False,,HA9 6BA,1901-01-01T00:00:00,fhrs_awaitinginspection_en-gb,AwaitingInspection,,FHRS,-0.2862822,51.553131,,,,,"sangit express,","327 Harrow Road, Wembley, HA9 6BA",NEEDS_CHECK,Independent or other supermarket
6A High Road,Willesden,London,,Spoon and Rice Sari Sari Store,Retailers - supermarkets/hypermarkets,7840,0,,1859222,27066,504,ens.foodsafety@brent.gov.uk,Brent,http://www.brent.gov.uk/,False,,NW10 2QG,2025-07-15T00:00:00,fhrs_5_en-gb,5,,FHRS,-0.2248875,51.5476506,0.0,5.0,5.0,,spoon and rice sari sari store,"6A High Road, Willesden, London, NW10 2QG",NEEDS_CHECK,Independent or other supermarket
268-270 Kingsbury Road,London,,,Costcutter & Post Office,Retailers - supermarkets/hypermarkets,7840,0,,1871512,115238,504,ens.foodsafety@brent.gov.uk,Brent,http://www.brent.gov.uk/,False,,NW9 0BT,2025-09-23T00:00:00,fhrs_3_en-gb,3,,FHRS,-0.26467,51.584132,10.0,10.0,10.0,,costcutter & post office,"268-270 Kingsbury Road, London, NW9 0BT",NEEDS_CHECK,Independent or other supermarket
513-515 High Road,Wembley,,,Anglo Asian Supermarket,Retailers - supermarkets/hypermarkets,7840,0,,1875835,109026,504,ens.foodsafety@brent.gov.uk,Brent,http://www.brent.gov.uk/,False,,HA0 2DH,2025-07-10T00:00:00,fhrs_5_en-gb,5,,FHRS,-0.2979517,51.5519698,5.0,5.0,5.0,,anglo asian supermarket,"513-515 High Road, Wembley, HA0 2DH",NEEDS_CHECK,Independent or other supermarket
Elsley Primary School,Tokyngton Avenue,Wembley,,Elsley Primary School - Breakfast/Afterschool & Food Bank,Retailers - supermarkets/hypermarkets,7840,0,,1881821,107599,504,ens.foodsafety@brent.gov.uk,Brent,http://www.brent.gov.uk/,False,,HA9 6HT,2025-10-09T00:00:00,fhrs_5_en-gb,5,,FHRS,-0.286898,51.548813,0.0,0.0,5.0,,elsley primary school - breakfast/afterschool & food bank,"Elsley Primary School, Tokyngton Avenue, Wembley, HA9 6HT",NEEDS_CHECK,Independent or other supermarket
808 Harrow Road,Wembley,,,Savariya Tea Stall Ltd,Retailers - supermarkets/hypermarkets,7840,0,,1890199,11763,504,ens.foodsafety@brent.gov.uk,Brent,http://www.brent.gov.uk/,False,,HA0 3EL,1901-01-01T00:00:00,fhrs_awaitinginspection_en-gb,AwaitingInspection,,FHRS,-0.3155858,51.5552817,,,,,savariya tea stall ltd,"808 Harrow Road, Wembley, HA0 3EL",NEEDS_CHECK,Independent or other supermarket
Unit 4,42-44 High Street,London,,TINDAHAN KO. @Kabul Plaza,Retailers - supermarkets/hypermarkets,7840,0,,1905418,116226,504,ens.foodsafety@brent.gov.uk,Brent,http://www.brent.gov.uk/,False,,NW10 4LS,1901-01-01T00:00:00,fhrs_awaitinginspection_en-gb,AwaitingInspection,,FHRS,-0.2477218,51.5359527,,,,,tindahan ko. @kabul plaza,"Unit 4, 42-44 High Street, London, NW10 4LS",NEEDS_CHECK,Independent or other supermarket
219-221 East Lane,Wembley,,,Romania Market,Retailers - supermarkets/hypermarkets,7840,0,,1921706,8932,504,ens.foodsafety@brent.gov.uk,Brent,http://www.brent.gov.uk/,False,,HA0 3NN,2026-03-05T00:00:00,fhrs_5_en-gb,5,,FHRS,-0.3065948,51.5623914,5.0,5.0,0.0,,romania market,"219-221 East Lane, Wembley, HA0 3NN",NEEDS_CHECK,Independent or other supermarket
8 Quay Walk,Wembley,,,EGGYMart,Retailers - supermarkets/hypermarkets,7840,0,,1926905,116569,504,ens.foodsafety@brent.gov.uk,Brent,http://www.brent.gov.uk/,False,,HA0 1DY,2026-03-25T00:00:00,fhrs_5_en-gb,5,,FHRS,,,0.0,0.0,0.0,,eggymart,"8 Quay Walk, Wembley, HA0 1DY",NEEDS_CHECK,Independent or other supermarket
Unit 1-2,226 Ealing Road,Wembley,,Diu Bazar,Retailers - supermarkets/hypermarkets,7840,0,,1926906,116841,504,ens.foodsafety@brent.gov.uk,Brent,http://www.brent.gov.uk/,False,,HA0 4QL,2026-02-24T00:00:00,fhrs_2_en-gb,2,,FHRS,-0.2972412,51.5439563,10.0,15.0,10.0,,diu bazar,"Unit 1-2, 226 Ealing Road, Wembley, HA0 4QL",NEEDS_CHECK,Independent or other supermarket
Tesco Stores Ltd Croydon Road,,Beckenham,,Tesco,Retailers - supermarkets/hypermarkets,7840,0,,357197,00000/0000/0/963,505,food@bromley.gov.uk,Bromley,http://www.bromley.gov.uk,False,,BR3 4AA,2026-05-20T00:00:00,fhrs_5_en-gb,5,,FHRS,-0.0502447,51.3965498,5.0,5.0,5.0,Tesco,tesco,"Tesco Stores Ltd Croydon Road, Beckenham, BR3 4AA",NEEDS_CHECK,Tesco store format unclear from FHRS record
44 High Street,,Beckenham,,Marks & Spencer,Retailers - supermarkets/hypermarkets,7840,0,,357229,00000/0000/1/551,505,food@bromley.gov.uk,Bromley,http://www.bromley.gov.uk,False,,BR3 1AY,2026-01-09T00:00:00,fhrs_5_en-gb,5,,FHRS,-0.0253944,51.4093252,0.0,0.0,0.0,M&S,marks & spencer,"44 High Street, Beckenham, BR3 1AY",NEEDS_CHECK,Larger M&S store: bakery provision to confirm
185 High Street,,Beckenham,,Sainsbury's,Retailers - supermarkets/hypermarkets,7840,0,,357234,00000/0000/1/677,505,food@bromley.gov.uk,Bromley,http://www.bromley.gov.uk,False,,BR3 1AH,2025-07-28T00:00:00,fhrs_5_en-gb,5,,FHRS,-0.0302694,51.4064317,0.0,0.0,0.0,Sainsbury's,sainsbury's,"185 High Street, Beckenham, BR3 1AH",NEEDS_CHECK,Sainsbury's store format unclear from FHRS record
Waitrose Ltd 1 Southend Road,,Beckenham,,Waitrose,Retailers - supermarkets/hypermarkets,7840,0,,357296,00000/0000/2/625,505,food@bromley.gov.uk,Bromley,http://www.bromley.gov.uk,False,,BR3 1SD,2026-02-19T00:00:00,fhrs_5_en-gb,5,,FHRS,-0.0260498,51.4115947,0.0,5.0,5.0,Waitrose,waitrose,"Waitrose Ltd 1 Southend Road, Beckenham, BR3 1SD",NEEDS_CHECK,Full Waitrose store: bakery provision to confirm
76 - 82 Station Road,,West Wickham,,Sainsbury's,Retailers - supermarkets/hypermarkets,7840,0,,357301,00000/0000/2/727,505,food@bromley.gov.uk,Bromley,http://www.bromley.gov.uk,False,,BR4 0PU,2025-07-28T00:00:00,fhrs_5_en-gb,5,,FHRS,-0.0150287,51.3768407,0.0,0.0,0.0,Sainsbury's,sainsbury's,"76 - 82 Station Road, West Wickham, BR4 0PU",NEEDS_CHECK,Sainsbury's store format unclear from FHRS record
63 - 65 Chislehurst Road,,Chislehurst,,Costcutter,Retailers - supermarkets/hypermarkets,7840,0,,357369,00000/0000/4/028,505,food@bromley.gov.uk,Bromley,http://www.bromley.gov.uk,False,,BR7 5NP,2025-04-09T00:00:00,fhrs_5_en-gb,5,,FHRS,0.0558879,51.4077405,0.0,5.0,5.0,,costcutter,"63 - 65 Chislehurst Road, Chislehurst, BR7 5NP",NEEDS_CHECK,Independent or other supermarket
Marks And Spencer 123 - 131 High Street,,Bromley,,Marks & Spencer,Retailers - supermarkets/hypermarkets,7840,0,,357433,00000/0000/5/338,505,food@bromley.gov.uk,Bromley,http://www.bromley.gov.uk,False,,BR1 1JL,2025-12-15T00:00:00,fhrs_5_en-gb,5,,FHRS,0.0154199,51.4040185,5.0,5.0,0.0,M&S,marks & spencer,"Marks And Spencer 123 - 131 High Street, Bromley, BR1 1JL",NEEDS_CHECK,Larger M&S store: bakery provision to confirm
Waitrose 45 Masons Hill,,Bromley,,Waitrose,Retailers - supermarkets/hypermarkets,7840,0,,357480,00000/0000/6/193,505,food@bromley.gov.uk,Bromley,http://www.bromley.gov.uk,False,,BR2 9HD,2024-09-23T00:00:00,fhrs_4_en-gb,4,,FHRS,0.0193495,51.398897,5.0,10.0,0.0,Waitrose,waitrose,"Waitrose 45 Masons Hill, Bromley, BR2 9HD",NEEDS_CHECK,Full Waitrose store: bakery provision to confirm
J Sainsbury Plc Walters Yard,,Bromley,,Sainsbury's,Retailers - supermarkets/hypermarkets,7840,0,,357560,00000/0000/7/708,505,food@bromley.gov.uk,Bromley,http://www.bromley.gov.uk,False,,BR1 1TP,2025-06-23T00:00:00,fhrs_5_en-gb,5,,FHRS,0.0136393,51.4066631,0.0,5.0,0.0,Sainsbury's,sainsbury's,"J Sainsbury Plc Walters Yard, Bromley, BR1 1TP",NEEDS_CHECK,Sainsbury's store format unclear from FHRS record
J Sainsbury 73 High Street,,Chislehurst,,Sainsbury's,Retailers - supermarkets/hypermarkets,7840,0,,357621,00000/0000/8/793,505,food@bromley.gov.uk,Bromley,http://www.bromley.gov.uk,False,,BR7 5AG,2025-06-17T00:00:00,fhrs_5_en-gb,5,,FHRS,0.0664648,51.4187596,0.0,5.0,5.0,Sainsbury's,sainsbury's,"J Sainsbury 73 High Street, Chislehurst, BR7 5AG",NEEDS_CHECK,Sainsbury's store format unclear from FHRS record
Tesco Stores Ltd Edgington Way,,Sidcup,,Tesco,Retailers - supermarkets/hypermarkets,7840,0,,357683,00000/0000/9/635,505,food@bromley.gov.uk,Bromley,http://www.bromley.gov.uk,False,,DA14 5BN,2023-07-24T00:00:00,fhrs_5_en-gb,5,,FHRS,0.1228461,51.4125624,0.0,0.0,0.0,Tesco,tesco,"Tesco Stores Ltd Edgington Way, Sidcup, DA14 5BN",NEEDS_CHECK,Tesco store format unclear from FHRS record
11 High Street,Green Street Green,Orpington,,Waitrose,Retailers - supermarkets/hypermarkets,7840,0,,357766,00000/0001/1/334,505,food@bromley.gov.uk,Bromley,http://www.bromley.gov.uk,False,,BR6 6BG,2025-09-23T00:00:00,fhrs_5_en-gb,5,,FHRS,0.090055,51.354051,0.0,0.0,0.0,Waitrose,waitrose,"11 High Street, Green Street Green, Orpington, BR6 6BG",NEEDS_CHECK,Full Waitrose store: bakery provision to confirm
J Sainsbury Plc Pallant Way,,Orpington,,Sainsbury's,Retailers - supermarkets/hypermarkets,7840,0,,357856,00000/0001/2/844,505,food@bromley.gov.uk,Bromley,http://www.bromley.gov.uk,False,,BR6 8NZ,2025-07-21T00:00:00,fhrs_5_en-gb,5,,FHRS,0.0552297,51.3660708,5.0,5.0,0.0,Sainsbury's,sainsbury's,"J Sainsbury Plc Pallant Way, Orpington, BR6 8NZ",NEEDS_CHECK,Sainsbury's store format unclear from FHRS record
158 - 162 High Street,Penge,London,,Sainsbury's,Retailers - supermarkets/hypermarkets,7840,0,,358081,00000/0002/1/897,505,food@bromley.gov.uk,Bromley,http://www.bromley.gov.uk,False,,SE20 7QS,2025-04-23T00:00:00,fhrs_4_en-gb,4,,FHRS,-0.050558,51.412402,5.0,10.0,5.0,Sainsbury's,sainsbury's,"158 - 162 High Street, Penge, London, SE20 7QS",NEEDS_CHECK,Sainsbury's store format unclear from FHRS record
197 - 199 High Street,Penge,London,,Penge Food Centre,Retailers - supermarkets/hypermarkets,7840,0,,358245,02/00094/MIXED,505,food@bromley.gov.uk,Bromley,http://www.bromley.gov.uk,False,,SE20 7PF,2025-01-08T00:00:00,fhrs_3_en-gb,3,,FHRS,-0.050906,51.413343,5.0,10.0,10.0,,penge food centre,"197 - 199 High Street, Penge, London, SE20 7PF",NEEDS_CHECK,Independent or other supermarket
100 High Street,,West Wickham,,Marks & Spencer Simply Foods,Retailers - supermarkets/hypermarkets,7840,0,,358287,04/00022/MIXED,505,food@bromley.gov.uk,Bromley,http://www.bromley.gov.uk,False,,BR4 0NF,2024-05-29T00:00:00,fhrs_5_en-gb,5,,FHRS,-0.01915194,51.37670143,0.0,0.0,0.0,M&S,marks & spencer simply foods,"100 High Street, West Wickham, BR4 0NF",NEEDS_CHECK,Larger M&S store: bakery provision to confirm
168 Main Road,,Biggin Hill,,Waitrose,Retailers - supermarkets/hypermarkets,7840,0,,358339,06/00009/MIXED,505,food@bromley.gov.uk,Bromley,http://www.bromley.gov.uk,False,,TN16 3BB,2025-09-23T00:00:00,fhrs_5_en-gb,5,,FHRS,0.0367679,51.3090169,0.0,0.0,0.0,Waitrose,waitrose,"168 Main Road, Biggin Hill, TN16 3BB",NEEDS_CHECK,Full Waitrose store: bakery provision to confirm
143 High Street,,West Wickham,,Sainsbury's,Retailers - supermarkets/hypermarkets,7840,0,,358365,06/00171/MIXED,505,food@bromley.gov.uk,Bromley,http://www.bromley.gov.uk,False,,BR4 0LU,2025-07-28T00:00:00,fhrs_5_en-gb,5,,FHRS,-0.0215922,51.3769157,0.0,0.0,0.0,Sainsbury's,sainsbury's,"143 High Street, West Wickham, BR4 0LU",NEEDS_CHECK,Sainsbury's store format unclear from FHRS record
Unit 3 Nugent Shopping Park Cray Avenue,,Orpington,,Marks & Spencer,Retailers - supermarkets/hypermarkets,7840,0,,358417,08/00018/MIXED,505,food@bromley.gov.uk,Bromley,http://www.bromley.gov.uk,False,,BR5 3RP,2024-10-09T00:00:00,fhrs_5_en-gb,5,,FHRS,0.1126963,51.3929616,0.0,5.0,0.0,M&S,marks & spencer,"Unit 3 Nugent Shopping Park Cray Avenue, Orpington, BR5 3RP",NEEDS_CHECK,Larger M&S store: bakery provision to confirm
Tesco Homesdale Road,,Bromley,,Tesco,Retailers - supermarkets/hypermarkets,7840,0,,358424,08/00048/MIXED,505,food@bromley.gov.uk,Bromley,http://www.bromley.gov.uk,False,,BR1 2UE,2023-07-26T00:00:00,fhrs_5_en-gb,5,,FHRS,,,0.0,0.0,0.0,Tesco,tesco,"Tesco Homesdale Road, Bromley, BR1 2UE",NEEDS_CHECK,Tesco store format unclear from FHRS record
Sainsbury's 5 - 7 Homefield Rise,,Orpington,,Sainsbury's,Retailers - supermarkets/hypermarkets,7840,0,,358445,08/00119/MIXED,505,food@bromley.gov.uk,Bromley,http://www.bromley.gov.uk,False,,BR6 0RT,2024-10-09T00:00:00,fhrs_4_en-gb,4,,FHRS,0.1006094,51.3757605,0.0,10.0,5.0,Sainsbury's,sainsbury's,"Sainsbury's 5 - 7 Homefield Rise, Orpington, BR6 0RT",NEEDS_CHECK,Sainsbury's store format unclear from FHRS record
183 - 189 High Street,Penge,London,,Mega Saver,Retailers - supermarkets/hypermarkets,7840,0,,1345315,20/00576/MIXED,505,food@bromley.gov.uk,Bromley,http://www.bromley.gov.uk,False,,SE20 7PF,2024-12-04T00:00:00,fhrs_3_en-gb,3,,FHRS,-0.050906,51.413342,10.0,10.0,10.0,,mega saver,"183 - 189 High Street, Penge, London, SE20 7PF",NEEDS_CHECK,Independent or other supermarket
45 Oakfield Road,Penge,London,,The Range,Retailers - supermarkets/hypermarkets,7840,0,,1790325,25/00007/MIXED,505,food@bromley.gov.uk,Bromley,http://www.bromley.gov.uk,False,,SE20 8RD,2025-02-27T00:00:00,fhrs_5_en-gb,5,,FHRS,-0.05957,51.417264,0.0,0.0,0.0,,the range,"45 Oakfield Road, Penge, London, SE20 8RD",NEEDS_CHECK,Independent or other supermarket
195 - 197 High Street,,Orpington,,ASA International Food Centre,Retailers - supermarkets/hypermarkets,7840,0,,1811012,25/00159/MIXED,505,food@bromley.gov.uk,Bromley,http://www.bromley.gov.uk,False,,BR6 0PF,2025-04-02T00:00:00,fhrs_3_en-gb,3,,FHRS,0.100212,51.376496,5.0,10.0,10.0,,asa international food centre,"195 - 197 High Street, Orpington, BR6 0PF",NEEDS_CHECK,Independent or other supermarket
172 Petts Wood Road,Petts Wood,Orpington,,Hub Mart,Retailers - supermarkets/hypermarkets,7840,0,,1882869,9103077,505,food@bromley.gov.uk,Bromley,http://www.bromley.gov.uk,False,,BR5 1LG,2025-11-27T00:00:00,fhrs_5_en-gb,5,,FHRS,0.0757267,51.3904845,0.0,5.0,5.0,,hub mart,"172 Petts Wood Road, Petts Wood, Orpington, BR5 1LG",NEEDS_CHECK,Independent or other supermarket
126 High Street,,Orpington,,SS Food & Wine,Retailers - supermarkets/hypermarkets,7840,0,,1896332,9103158,505,food@bromley.gov.uk,Bromley,http://www.bromley.gov.uk,False,,BR6 0JS,1901-01-01T00:00:00,fhrs_awaitinginspection_en-gb,AwaitingInspection,,FHRS,0.1015923,51.3787104,,,,,ss food & wine,"126 High Street, Orpington, BR6 0JS",NEEDS_CHECK,Independent or other supermarket
257 - 259 High Street,,Orpington,,Tayo's Afro-Mart,Retailers - supermarkets/hypermarkets,7840,0,,1901055,9103167,505,food@bromley.gov.uk,Bromley,http://www.bromley.gov.uk,False,,BR6 0NY,1901-01-01T00:00:00,fhrs_awaitinginspection_en-gb,AwaitingInspection,,FHRS,0.0991232,51.3749958,,,,,tayo's afro-mart,"257 - 259 High Street, Orpington, BR6 0NY",NEEDS_CHECK,Independent or other supermarket
237 - 239 High Street,,Bromley,,Bromley International Food Centre,Retailers - supermarkets/hypermarkets,7840,0,,1905880,9103192,505,food@bromley.gov.uk,Bromley,http://www.bromley.gov.uk,False,,BR1 1NZ,2026-01-08T00:00:00,fhrs_3_en-gb,3,,FHRS,0.0123871,51.4069843,10.0,5.0,10.0,,bromley international food centre,"237 - 239 High Street, Bromley, BR1 1NZ",NEEDS_CHECK,Independent or other supermarket
,10-16 Goodge Street,,London,Tesco Stores Ltd,Retailers - supermarkets/hypermarkets,7840,0,,423677,10501,506,foodsafety@camden.gov.uk,Camden,http://www.camden.gov.uk,False,,W1T 2QB,2022-03-10T00:00:00,fhrs_5_en-gb,5,,FHRS,-0.134461998939514,51.5199966430664,0.0,5.0,0.0,Tesco,tesco stores ltd,"10-16 Goodge Street, W1T 2QB",NEEDS_CHECK,Tesco store format unclear from FHRS record
,199 Finchley Road,,London,Waitrose and Partners,Retailers - supermarkets/hypermarkets,7840,0,,423884,14176,506,foodsafety@camden.gov.uk,Camden,http://www.camden.gov.uk,False,,NW3 6NN,2023-12-19T00:00:00,fhrs_5_en-gb,5,,FHRS,-0.179859,51.546565,0.0,0.0,0.0,Waitrose,waitrose and partners,"199 Finchley Road, NW3 6NN",NEEDS_CHECK,Full Waitrose store: bakery provision to confirm
Unit 1a The O2 Centre,255 Finchley Road,,London,J Sainsburys Plc,Retailers - supermarkets/hypermarkets,7840,0,,424475,24168,506,foodsafety@camden.gov.uk,Camden,http://www.camden.gov.uk,False,,NW3 6LU,2026-01-21T00:00:00,fhrs_5_en-gb,5,,FHRS,-0.1814048,51.5479469,5.0,5.0,5.0,Sainsbury's,j sainsburys plc,"Unit 1a The O2 Centre, 255 Finchley Road, NW3 6LU",NEEDS_CHECK,Sainsbury's store format unclear from FHRS record
,8-12 Camden High Street,,London,Sainsbury's Supermarkets Ltd,Retailers - supermarkets/hypermarkets,7840,0,,424661,30281,506,foodsafety@camden.gov.uk,Camden,http://www.camden.gov.uk,False,,NW1 0JH,2023-09-19T00:00:00,fhrs_5_en-gb,5,,FHRS,-0.1385758,51.5350362,0.0,0.0,5.0,Sainsbury's,sainsbury's supermarkets ltd,"8-12 Camden High Street, NW1 0JH",NEEDS_CHECK,Sainsbury's store format unclear from FHRS record
,66-68 Kilburn High Road,,London,Marks & Spencer,Retailers - supermarkets/hypermarkets,7840,0,,424923,4056,506,foodsafety@camden.gov.uk,Camden,http://www.camden.gov.uk,False,,NW6 4HJ,2025-01-28T00:00:00,fhrs_5_en-gb,5,,FHRS,-0.1930837,51.5382174,5.0,5.0,0.0,M&S,marks & spencer,"66-68 Kilburn High Road, NW6 4HJ",NEEDS_CHECK,Larger M&S store: bakery provision to confirm
,88-92 Kilburn High Road,,London,Sainsbury's Supermarkets,Retailers - supermarkets/hypermarkets,7840,0,,424925,4063,506,foodsafety@camden.gov.uk,Camden,http://www.camden.gov.uk,False,,NW6 4HS,2024-12-13T00:00:00,fhrs_5_en-gb,5,,FHRS,-0.1935379,51.538764,0.0,0.0,0.0,Sainsbury's,sainsbury's supermarkets,"88-92 Kilburn High Road, NW6 4HS",NEEDS_CHECK,Sainsbury's store format unclear from FHRS record
,40 Bernard Street,,London,Tesco Stores Ltd,Retailers - supermarkets/hypermarkets,7840,0,,425086,47182,506,foodsafety@camden.gov.uk,Camden,http://www.camden.gov.uk,False,,WC1N 1BY,2023-01-30T00:00:00,fhrs_5_en-gb,5,,FHRS,-0.124718002974987,51.5233764648438,0.0,5.0,0.0,Tesco,tesco stores ltd,"40 Bernard Street, WC1N 1BY",NEEDS_CHECK,Tesco store format unclear from FHRS record
,17-21 Camden Road,,London,Sainsbury's Supermarkets Ltd,Retailers - supermarkets/hypermarkets,7840,0,,425136,4867,506,foodsafety@camden.gov.uk,Camden,http://www.camden.gov.uk,False,,NW1 9LJ,2026-03-17T00:00:00,fhrs_5_en-gb,5,,FHRS,-0.1407747,51.5405207,5.0,5.0,0.0,Sainsbury's,sainsbury's supermarkets ltd,"17-21 Camden Road, NW1 9LJ",NEEDS_CHECK,Sainsbury's store format unclear from FHRS record
,23-37 Brunswick Centre,,London,Waitrose and Partners,Retailers - supermarkets/hypermarkets,7840,0,,425220,51674,506,foodsafety@camden.gov.uk,Camden,http://www.camden.gov.uk,False,,WC1N 1AF,2025-09-16T00:00:00,fhrs_5_en-gb,5,,FHRS,-0.123503997921944,51.5242729187012,0.0,0.0,0.0,Waitrose,waitrose and partners,"23-37 Brunswick Centre, WC1N 1AF",NEEDS_CHECK,Full Waitrose store: bakery provision to confirm
,17-23 Farringdon Road,,London,Sainsbury's Supermarkets Ltd,Retailers - supermarkets/hypermarkets,7840,0,,425227,51811,506,foodsafety@camden.gov.uk,Camden,http://www.camden.gov.uk,False,,EC1M 3HA,2025-03-18T00:00:00,fhrs_4_en-gb,4,,FHRS,-0.105820998549461,51.519287109375,5.0,10.0,0.0,Sainsbury's,sainsbury's supermarkets ltd,"17-23 Farringdon Road, EC1M 3HA",NEEDS_CHECK,Sainsbury's store format unclear from FHRS record
,143-151 Camden High Street,,London,Marks & Spencer,Retailers - supermarkets/hypermarkets,7840,0,,425546,5752,506,foodsafety@camden.gov.uk,Camden,http://www.camden.gov.uk,False,,NW1 7JX,2019-07-10T00:00:00,fhrs_5_en-gb,5,,FHRS,-0.1421376,51.5378624,0.0,0.0,0.0,M&S,marks & spencer,"143-151 Camden High Street, NW1 7JX",NEEDS_CHECK,Larger M&S store: bakery provision to confirm
,47-49 Belsize Road,,London,Tesco,Retailers - supermarkets/hypermarkets,7840,0,,425670,59295,506,foodsafety@camden.gov.uk,Camden,http://www.camden.gov.uk,False,,NW6 4RY,2022-11-22T00:00:00,fhrs_5_en-gb,5,,FHRS,-0.178871,51.5420534,5.0,5.0,0.0,Tesco,tesco,"47-49 Belsize Road, NW6 4RY",NEEDS_CHECK,Tesco store format unclear from FHRS record
,43-45 Farringdon Road,,London,Tesco,Retailers - supermarkets/hypermarkets,7840,0,,425715,60112,506,foodsafety@camden.gov.uk,Camden,http://www.camden.gov.uk,False,,EC1M 3JB,2025-03-18T00:00:00,fhrs_5_en-gb,5,,FHRS,-0.106128,51.5202185,5.0,5.0,0.0,Tesco,tesco,"43-45 Farringdon Road, EC1M 3JB",NEEDS_CHECK,Tesco store format unclear from FHRS record
Sainsburys,329-333 Kentish Town Road,,London,Sainsburys,Retailers - supermarkets/hypermarkets,7840,0,,425734,60278,506,foodsafety@camden.gov.uk,Camden,http://www.camden.gov.uk,False,,NW5 2TJ,2025-07-01T00:00:00,fhrs_5_en-gb,5,,FHRS,-0.1411406,51.5502925,0.0,0.0,5.0,Sainsbury's,sainsburys,"Sainsburys, 329-333 Kentish Town Road, NW5 2TJ",NEEDS_CHECK,Sainsbury's store format unclear from FHRS record
,21 Hampstead Road,,,Sainsburys,Retailers - supermarkets/hypermarkets,7840,0,,785708,76157,506,foodsafety@camden.gov.uk,Camden,http://www.camden.gov.uk,False,,NW1 3JA,2026-04-16T00:00:00,fhrs_0_en-gb,0,"&lt;p data-renderer-start-pos=&quot;103&quot; style=&quot;margin: 0.75rem 0px 0px; padding: 0px; font-variant: normal; font-size-adjust: none; font-language-override: normal; font-kerning: auto; font-optical-sizing: auto; font-feature-settings: normal; font-variation-settings: normal; font-stretch: normal; font-size: 14px; line-height: 1.714; font-family: &amp;quot;Atlassian Sans&amp;quot;, ui-sans-serif, -apple-system, &amp;quot;system-ui&amp;quot;, &amp;quot;Segoe UI&amp;quot;, Ubuntu, &amp;quot;Helvetica Neue&amp;quot;, sans-serif; color: rgb(41, 42, 46); white-space: pre-wrap; background-color: rgba(5, 21, 36, 0.06);&quot;&gt;
	We take food hygiene seriously and have acted promptly to make improvements. The following steps have been taken:&lt;/p&gt;
&lt;ul class=&quot;ak-ul&quot; data-indent-level=&quot;1&quot; style=&quot;margin: 12px 0px 0px; padding: 0px 0px 0px 24px; box-sizing: border-box; display: flow-root; color: rgb(41, 42, 46); font-family: &amp;quot;Atlassian Sans&amp;quot;, ui-sans-serif, -apple-system, &amp;quot;system-ui&amp;quot;, &amp;quot;Segoe UI&amp;quot;, Ubuntu, &amp;quot;Helvetica Neue&amp;quot;, sans-serif; font-size: 14px; white-space: pre-wrap; background-color: rgba(5, 21, 36, 0.06);&quot;&gt;
	&lt;li&gt;
		&lt;p data-renderer-start-pos=&quot;221&quot; style=&quot;margin: 0px; padding: 0px; font-variant: normal; font-size-adjust: none; font-language-override: normal; font-kerning: auto; font-optical-sizing: auto; font-feature-settings: normal; font-variation-settings: normal; font-stretch: normal; line-height: 1.714;&quot;&gt;
			The store was temporarily closed so we could undertake proactive maintenance.&lt;/p&gt;
	&lt;/li&gt;
&lt;/ul&gt;
&lt;ul class=&quot;ak-ul&quot; data-indent-level=&quot;1&quot; style=&quot;margin: 12px 0px 0px; padding: 0px 0px 0px 24px; box-sizing: border-box; display: flow-root; color: rgb(41, 42, 46); font-family: &amp;quot;Atlassian Sans&amp;quot;, ui-sans-serif, -apple-system, &amp;quot;system-ui&amp;quot;, &amp;quot;Segoe UI&amp;quot;, Ubuntu, &amp;quot;Helvetica Neue&amp;quot;, sans-serif; font-size: 14px; white-space: pre-wrap; background-color: rgba(5, 21, 36, 0.06);&quot;&gt;
	&lt;li&gt;
		&lt;p data-renderer-start-pos=&quot;304&quot; style=&quot;margin: 0px; padding: 0px; font-variant: normal; font-size-adjust: none; font-language-override: normal; font-kerning: auto; font-optical-sizing: auto; font-feature-settings: normal; font-variation-settings: normal; font-stretch: normal; line-height: 1.714;&quot;&gt;
			During this maintenance period we undertook enhanced cleaning and structural improvements&lt;/p&gt;
	&lt;/li&gt;
&lt;/ul&gt;
&lt;ul class=&quot;ak-ul&quot; data-indent-level=&quot;1&quot; style=&quot;margin: 12px 0px 0px; padding: 0px 0px 0px 24px; box-sizing: border-box; display: flow-root; color: rgb(41, 42, 46); font-family: &amp;quot;Atlassian Sans&amp;quot;, ui-sans-serif, -apple-system, &amp;quot;system-ui&amp;quot;, &amp;quot;Segoe UI&amp;quot;, Ubuntu, &amp;quot;Helvetica Neue&amp;quot;, sans-serif; font-size: 14px; white-space: pre-wrap; background-color: rgba(5, 21, 36, 0.06);&quot;&gt;
	&lt;li&gt;
		&lt;p data-renderer-start-pos=&quot;399&quot; style=&quot;margin: 0px; padding: 0px; font-variant: normal; font-size-adjust: none; font-language-override: normal; font-kerning: auto; font-optical-sizing: auto; font-feature-settings: normal; font-variation-settings: normal; font-stretch: normal; line-height: 1.714;&quot;&gt;
			The Improvements made will help prevent future concerns and we continue to independently review our standards&lt;/p&gt;
	&lt;/li&gt;
&lt;/ul&gt;
&lt;ul class=&quot;ak-ul&quot; data-indent-level=&quot;1&quot; style=&quot;margin: 12px 0px 0px; padding: 0px 0px 0px 24px; box-sizing: border-box; display: flow-root; color: rgb(41, 42, 46); font-family: &amp;quot;Atlassian Sans&amp;quot;, ui-sans-serif, -apple-system, &amp;quot;system-ui&amp;quot;, &amp;quot;Segoe UI&amp;quot;, Ubuntu, &amp;quot;Helvetica Neue&amp;quot;, sans-serif; font-size: 14px; white-space: pre-wrap; background-color: rgba(5, 21, 36, 0.06);&quot;&gt;
	&lt;li&gt;
		&lt;p data-renderer-start-pos=&quot;514&quot; style=&quot;margin: 0px; padding: 0px; font-variant: normal; font-size-adjust: none; font-language-override: normal; font-kerning: auto; font-optical-sizing: auto; font-feature-settings: normal; font-variation-settings: normal; font-stretch: normal; line-height: 1.714;&quot;&gt;
			Staff have received additional training and our management procedures have been enhanced.&lt;/p&gt;
	&lt;/li&gt;
&lt;/ul&gt;
",FHRS,-0.138816,51.52618,20.0,20.0,30.0,Sainsbury's,sainsburys,"21 Hampstead Road, NW1 3JA",NEEDS_CHECK,Sainsbury's store format unclear from FHRS record
,129-133 Kingsway,,,Sainsbury's,Retailers - supermarkets/hypermarkets,7840,0,,807690,36853,506,foodsafety@camden.gov.uk,Camden,http://www.camden.gov.uk,False,,WC2B 6NH,2026-04-30T00:00:00,fhrs_5_en-gb,5,,FHRS,-0.120599,51.516969,0.0,5.0,0.0,Sainsbury's,sainsbury's,"129-133 Kingsway, WC2B 6NH",NEEDS_CHECK,Sainsbury's store format unclear from FHRS record
,115 Tottenham Court Road,,,Oseyo,Retailers - supermarkets/hypermarkets,7840,0,,830822,84343,506,foodsafety@camden.gov.uk,Camden,http://www.camden.gov.uk,False,,W1T 5AH,2025-11-24T00:00:00,fhrs_5_en-gb,5,,FHRS,-0.137232,51.523323,5.0,5.0,0.0,,oseyo,"115 Tottenham Court Road, W1T 5AH",NEEDS_CHECK,Independent or other supermarket
,123 Holborn,,,Sainsburys,Retailers - supermarkets/hypermarkets,7840,0,,836649,82954,506,foodsafety@camden.gov.uk,Camden,http://www.camden.gov.uk,False,,EC1N 2TD,2025-03-24T00:00:00,fhrs_5_en-gb,5,,FHRS,-0.108532,51.518079,0.0,5.0,0.0,Sainsbury's,sainsburys,"123 Holborn, EC1N 2TD",NEEDS_CHECK,Sainsbury's store format unclear from FHRS record
,5 Brunswick Centre,,,Sainsburys supermarkets Ltd,Retailers - supermarkets/hypermarkets,7840,0,,846789,79721,506,foodsafety@camden.gov.uk,Camden,http://www.camden.gov.uk,False,,WC1N 1AF,2025-09-10T00:00:00,fhrs_5_en-gb,5,,FHRS,-0.12395,51.524855,0.0,5.0,0.0,Sainsbury's,sainsburys supermarkets ltd,"5 Brunswick Centre, WC1N 1AF",NEEDS_CHECK,Sainsbury's store format unclear from FHRS record
Royal Free Hospital,Pond Street,,,Marks And Spencer Food To Go,Retailers - supermarkets/hypermarkets,7840,0,,849905,81149,506,foodsafety@camden.gov.uk,Camden,http://www.camden.gov.uk,False,,NW3 2QG,2025-12-15T00:00:00,fhrs_5_en-gb,5,,FHRS,-0.165335,51.553234,5.0,5.0,5.0,M&S,marks and spencer food to go,"Royal Free Hospital, Pond Street, NW3 2QG",NEEDS_CHECK,Larger M&S store: bakery provision to confirm
,1 Wharf Road,,London,Waitrose and Partners,Retailers - supermarkets/hypermarkets,7840,0,,912305,84100,506,foodsafety@camden.gov.uk,Camden,http://www.camden.gov.uk,False,,N1C 4BZ,2026-03-04T00:00:00,fhrs_5_en-gb,5,,FHRS,-0.1234619,51.5361534,0.0,0.0,0.0,Waitrose,waitrose and partners,"1 Wharf Road, N1C 4BZ",NEEDS_CHECK,Full Waitrose store: bakery provision to confirm
Maiden Lane Estate,Maiden Lane,,London,Sainsbury's,Retailers - supermarkets/hypermarkets,7840,0,,1181570,196164,506,foodsafety@camden.gov.uk,Camden,http://www.camden.gov.uk,False,,NW1 9UP,2019-08-22T00:00:00,fhrs_5_en-gb,5,,FHRS,-0.131698995828629,51.5455741882324,0.0,0.0,0.0,Sainsbury's,sainsbury's,"Maiden Lane Estate, Maiden Lane, NW1 9UP",NEEDS_CHECK,Sainsbury's store format unclear from FHRS record
Unit 20-21 St Pancras International Station,Pancras Road,,London,Marks And Spencers The Circle,Retailers - supermarkets/hypermarkets,7840,0,,1251617,194951,506,foodsafety@camden.gov.uk,Camden,http://www.camden.gov.uk,False,,NW1 2QL,2026-01-24T00:00:00,fhrs_5_en-gb,5,,FHRS,,,0.0,5.0,0.0,,marks and spencers the circle,"Unit 20-21 St Pancras International Station, Pancras Road, NW1 2QL",NEEDS_CHECK,Independent or other supermarket
Northways Parade,Finchley Road,,London,Tesco,Retailers - supermarkets/hypermarkets,7840,0,,1251655,196492,506,foodsafety@camden.gov.uk,Camden,http://www.camden.gov.uk,False,,NW3 5EN,2021-06-23T00:00:00,fhrs_4_en-gb,4,,FHRS,-0.175281,51.5445515,5.0,5.0,10.0,Tesco,tesco,"Northways Parade, Finchley Road, NW3 5EN",NEEDS_CHECK,Tesco store format unclear from FHRS record
,111 Highgate Road,,London,T/A Londis,Retailers - supermarkets/hypermarkets,7840,0,,1267274,198611,506,foodsafety@camden.gov.uk,Camden,http://www.camden.gov.uk,False,,NW5 1TR,2024-12-19T00:00:00,fhrs_4_en-gb,4,,FHRS,-0.1454424,51.5551717,5.0,5.0,10.0,,t/a londis,"111 Highgate Road, NW5 1TR",NEEDS_CHECK,Independent or other supermarket
Tesco Express 19-21,High Holborn,,London,TESCO,Retailers - supermarkets/hypermarkets,7840,0,,1278176,198760,506,foodsafety@camden.gov.uk,Camden,http://www.camden.gov.uk,False,,WC1V 6BS,2024-12-12T00:00:00,fhrs_5_en-gb,5,,FHRS,-0.112609997391701,51.5184936523438,0.0,0.0,0.0,Tesco,tesco,"Tesco Express 19-21, High Holborn, WC1V 6BS",NEEDS_CHECK,Tesco store format unclear from FHRS record
Camden Abbey Road local- Junction of Abbey Road and,Belsize Road,,London,Sainsbury's,Retailers - supermarkets/hypermarkets,7840,0,,1294815,199035,506,foodsafety@camden.gov.uk,Camden,http://www.camden.gov.uk,False,,NW6 4DP,2026-03-04T00:00:00,fhrs_4_en-gb,4,,FHRS,-0.18724499642849,51.5402565002441,5.0,10.0,5.0,Sainsbury's,sainsbury's,"Camden Abbey Road local- Junction of Abbey Road and, Belsize Road, NW6 4DP",NEEDS_CHECK,Sainsbury's store format unclear from FHRS record
Tesco Express,15 Endell Street,,London,TESCO,Retailers - supermarkets/hypermarkets,7840,0,,1369904,199669,506,foodsafety@camden.gov.uk,Camden,http://www.camden.gov.uk,False,,WC2H 9BJ,2026-02-17T00:00:00,fhrs_5_en-gb,5,,FHRS,,,0.0,5.0,0.0,Tesco,tesco,"Tesco Express, 15 Endell Street, WC2H 9BJ",NEEDS_CHECK,Tesco store format unclear from FHRS record
,24-26 Brunswick Centre,,London,Tian Tian Market,Retailers - supermarkets/hypermarkets,7840,0,,1513611,201195,506,foodsafety@camden.gov.uk,Camden,http://www.camden.gov.uk,False,,WC1N 1AE,2026-01-27T00:00:00,fhrs_2_en-gb,2,,FHRS,-0.1237596,51.5247104,15.0,15.0,10.0,,tian tian market,"24-26 Brunswick Centre, WC1N 1AE",NEEDS_CHECK,Independent or other supermarket
,93 Fairfax Road,,London,FAIR SUPERMARKET,Retailers - supermarkets/hypermarkets,7840,0,,1560483,201895,506,foodsafety@camden.gov.uk,Camden,http://www.camden.gov.uk,False,,NW6 4DY,2025-09-01T00:00:00,fhrs_0_en-gb,0,,FHRS,-0.1799396,51.542016,5.0,10.0,30.0,,fair supermarket,"93 Fairfax Road, NW6 4DY",NEEDS_CHECK,Independent or other supermarket
,267 Tottenham Court Road,,London,TESCO,Retailers - supermarkets/hypermarkets,7840,0,,1587395,202185,506,foodsafety@camden.gov.uk,Camden,http://www.camden.gov.uk,False,,W1T 7RQ,2023-04-26T00:00:00,fhrs_5_en-gb,5,,FHRS,-0.1302658,51.5168328,0.0,5.0,0.0,Tesco,tesco,"267 Tottenham Court Road, W1T 7RQ",NEEDS_CHECK,Tesco store format unclear from FHRS record
,199-205 Haverstock Hill,,London,Kavanagh's Belsize Park,Retailers - supermarkets/hypermarkets,7840,0,,1619253,202622,506,foodsafety@camden.gov.uk,Camden,http://www.camden.gov.uk,False,,NW3 4QG,2025-07-09T00:00:00,fhrs_5_en-gb,5,,FHRS,-0.165835,51.5506361,5.0,5.0,5.0,,kavanagh's belsize park,"199-205 Haverstock Hill, NW3 4QG",NEEDS_CHECK,Independent or other supermarket
Sainsbury's Camden Gospel Oak Spectrum House,32-34 Gordon House Road,,London,Sainsbury's Supermarkets Ltd,Retailers - supermarkets/hypermarkets,7840,0,,1691319,203779,506,foodsafety@camden.gov.uk,Camden,http://www.camden.gov.uk,False,,NW5 1LP,2026-07-01T00:00:00,fhrs_5_en-gb,5,,FHRS,-0.1483797,51.5560184,0.0,5.0,5.0,Sainsbury's,sainsbury's supermarkets ltd,"Sainsbury's Camden Gospel Oak Spectrum House, 32-34 Gordon House Road, NW5 1LP",NEEDS_CHECK,Sainsbury's store format unclear from FHRS record
146A,High Holborn,,London,EKAU,Retailers - supermarkets/hypermarkets,7840,0,,1751427,204729,506,foodsafety@camden.gov.uk,Camden,http://www.camden.gov.uk,False,,WC1V 6PJ,2025-12-17T00:00:00,fhrs_3_en-gb,3,,FHRS,-0.1235857,51.5170188,10.0,10.0,10.0,,ekau,"146A, High Holborn, WC1V 6PJ",NEEDS_CHECK,Independent or other supermarket
,204 Kilburn High Road,,London,Al Rouche,Retailers - supermarkets/hypermarkets,7840,0,,1798588,205531,506,foodsafety@camden.gov.uk,Camden,http://www.camden.gov.uk,False,,NW6 4JH,2025-01-29T00:00:00,fhrs_3_en-gb,3,,FHRS,-0.1971603,51.5416074,10.0,10.0,10.0,,al rouche,"204 Kilburn High Road, NW6 4JH",NEEDS_CHECK,Independent or other supermarket
,230 Kilburn High Road,,London,Alquds Supermarket,Retailers - supermarkets/hypermarkets,7840,0,,1803442,205567,506,foodsafety@camden.gov.uk,Camden,http://www.camden.gov.uk,False,,NW6 4JP,2025-02-04T00:00:00,fhrs_3_en-gb,3,,FHRS,-0.1979721,51.5422314,10.0,10.0,10.0,,alquds supermarket,"230 Kilburn High Road, NW6 4JP",NEEDS_CHECK,Independent or other supermarket
,175 Finchley Road,,London,FINCHLEY LOCAL CONVENIENCE STORE,Retailers - supermarkets/hypermarkets,7840,0,,1841678,206186,506,foodsafety@camden.gov.uk,Camden,http://www.camden.gov.uk,False,,NW3 6LB,2025-12-11T00:00:00,fhrs_1_en-gb,1,,FHRS,-0.1785857,51.545583,5.0,15.0,20.0,,finchley local convenience store,"175 Finchley Road, NW3 6LB",NEEDS_CHECK,Independent or other supermarket
9-10 Chester Court,Albany Street,,London,Londis Regent's Park,Retailers - supermarkets/hypermarkets,7840,0,,1844531,206277,506,foodsafety@camden.gov.uk,Camden,http://www.camden.gov.uk,False,,NW1 4BU,2025-06-16T00:00:00,fhrs_3_en-gb,3,,FHRS,-0.1447257,51.5288297,10.0,10.0,10.0,,londis regent's park,"9-10 Chester Court, Albany Street, NW1 4BU",NEEDS_CHECK,Independent or other supermarket
,23 Lower Merton Rise,,London,Costcutter,Retailers - supermarkets/hypermarkets,7840,0,,1876681,206652,506,foodsafety@camden.gov.uk,Camden,http://www.camden.gov.uk,False,,NW3 3RA,2025-09-22T00:00:00,fhrs_3_en-gb,3,,FHRS,-0.1667375,51.5428986,10.0,10.0,10.0,,costcutter,"23 Lower Merton Rise, NW3 3RA",NEEDS_CHECK,Independent or other supermarket
Unit 18 The Circle,St. Pancras International Station,,,WH Smith,Retailers - supermarkets/hypermarkets,7840,0,,1918475,207021,506,foodsafety@camden.gov.uk,Camden,http://www.camden.gov.uk,False,,NW1 2QL,2026-01-22T00:00:00,fhrs_5_en-gb,5,,FHRS,,,0.0,0.0,0.0,,wh smith,"Unit 18 The Circle, St. Pancras International Station, NW1 2QL",NEEDS_CHECK,Independent or other supermarket
,230 Kilburn High Road,,London,Alquds Supermarket,Retailers - supermarkets/hypermarkets,7840,0,,1942051,207353,506,foodsafety@camden.gov.uk,Camden,http://www.camden.gov.uk,False,,NW6 4JP,1901-01-01T00:00:00,fhrs_awaitinginspection_en-gb,AwaitingInspection,,FHRS,-0.1979721,51.5422314,,,,,alquds supermarket,"230 Kilburn High Road, NW6 4JP",NEEDS_CHECK,Independent or other supermarket
,6-12 Parkway,,London,SAINSBURYS SUPERMARKETS LTD,Retailers - supermarkets/hypermarkets,7840,0,,1960260,207452,506,foodsafety@camden.gov.uk,Camden,http://www.camden.gov.uk,False,,NW1 7AA,1901-01-01T00:00:00,fhrs_awaitinginspection_en-gb,AwaitingInspection,,FHRS,-0.1434126,51.5388751,,,,Sainsbury's,sainsburys supermarkets ltd,"6-12 Parkway, NW1 7AA",NEEDS_CHECK,Sainsbury's store format unclear from FHRS record
6 Eastcheap,London,,,Tesco Metro,Retailers - supermarkets/hypermarkets,7840,0,,294345,PI/000013425,508,publicprotection@cityoflondon.gov.uk,City of London Corporation,http://www.cityoflondon.gov.uk/Corporation/homepage.htm,False,,EC3M 1AE,2023-05-22T00:00:00,fhrs_5_en-gb,5,,FHRS,-0.085223,51.510588,5.0,0.0,0.0,Tesco,tesco metro,"6 Eastcheap, London, EC3M 1AE",NEEDS_CHECK,Tesco store format unclear from FHRS record
80B Cheapside,London,,,Tesco Metro,Retailers - supermarkets/hypermarkets,7840,0,,294431,PI/000014066,508,publicprotection@cityoflondon.gov.uk,City of London Corporation,http://www.cityoflondon.gov.uk/Corporation/homepage.htm,False,,EC2V 6EE,2025-02-21T00:00:00,fhrs_5_en-gb,5,,FHRS,-0.091717,51.513473,0.0,5.0,0.0,Tesco,tesco metro,"80B Cheapside, London, EC2V 6EE",NEEDS_CHECK,Tesco store format unclear from FHRS record
323-324 High Holborn,London,,,Marks & Spencer Simply Foods,Retailers - supermarkets/hypermarkets,7840,0,,294553,PI/000015589,508,publicprotection@cityoflondon.gov.uk,City of London Corporation,http://www.cityoflondon.gov.uk/Corporation/homepage.htm,False,,WC1V 7PU,2023-08-17T00:00:00,fhrs_5_en-gb,5,,FHRS,-0.112668,51.518083,0.0,5.0,0.0,M&S,marks & spencer simply foods,"323-324 High Holborn, London, WC1V 7PU",NEEDS_CHECK,Larger M&S store: bakery provision to confirm
14 St Martin's-Le-Grand,London,,,Tesco,Retailers - supermarkets/hypermarkets,7840,0,,294724,PI/000017199,508,publicprotection@cityoflondon.gov.uk,City of London Corporation,http://www.cityoflondon.gov.uk/Corporation/homepage.htm,False,,EC2V 6BJ,2023-05-10T00:00:00,fhrs_5_en-gb,5,,FHRS,-0.095879,51.514593,0.0,0.0,0.0,Tesco,tesco,"14 St Martin's-Le-Grand, London, EC2V 6BJ",NEEDS_CHECK,Tesco store format unclear from FHRS record
90 Mansell Street,London,,,Tesco,Retailers - supermarkets/hypermarkets,7840,0,,294762,PI/000017515,508,publicprotection@cityoflondon.gov.uk,City of London Corporation,http://www.cityoflondon.gov.uk/Corporation/homepage.htm,False,,E1 8AL,2019-07-16T00:00:00,fhrs_5_en-gb,5,,FHRS,-0.072726,51.511661,5.0,5.0,0.0,Tesco,tesco,"90 Mansell Street, London, E1 8AL",NEEDS_CHECK,Tesco store format unclear from FHRS record
Retail Unit 24 Upper Concourse,Liverpool Street Station,Liverpool Street,London,Marks & Spencer Simply Foods,Retailers - supermarkets/hypermarkets,7840,0,,295189,PI/000101031,508,publicprotection@cityoflondon.gov.uk,City of London Corporation,http://www.cityoflondon.gov.uk/Corporation/homepage.htm,False,,EC2M 7PY,2025-02-06T00:00:00,fhrs_5_en-gb,5,,FHRS,-0.081393,51.519069,0.0,0.0,0.0,M&S,marks & spencer simply foods,"Retail Unit 24 Upper Concourse, Liverpool Street Station, Liverpool Street, EC2M 7PY",NEEDS_CHECK,Larger M&S store: bakery provision to confirm
142 Houndsditch,London,,,Tesco,Retailers - supermarkets/hypermarkets,7840,0,,295298,PI/000114112,508,publicprotection@cityoflondon.gov.uk,City of London Corporation,http://www.cityoflondon.gov.uk/Corporation/homepage.htm,False,,EC3A 7DH,2025-10-16T00:00:00,fhrs_5_en-gb,5,,FHRS,-0.078857,51.514775,0.0,5.0,0.0,Tesco,tesco,"142 Houndsditch, London, EC3A 7DH",NEEDS_CHECK,Tesco store format unclear from FHRS record
46 King William Street,London,,,Waitrose,Retailers - supermarkets/hypermarkets,7840,0,,578600,PI/000023721,508,publicprotection@cityoflondon.gov.uk,City of London Corporation,http://www.cityoflondon.gov.uk/Corporation/homepage.htm,False,,EC4R 9AN,2025-10-15T00:00:00,fhrs_5_en-gb,5,,FHRS,-0.086701,51.510037,0.0,0.0,0.0,Waitrose,waitrose,"46 King William Street, London, EC4R 9AN",NEEDS_CHECK,Full Waitrose store: bakery provision to confirm
89 Cannon Street,London,,,Sainsbury's,Retailers - supermarkets/hypermarkets,7840,0,,629359,PI/000025006,508,publicprotection@cityoflondon.gov.uk,City of London Corporation,http://www.cityoflondon.gov.uk/Corporation/homepage.htm,False,,EC4N 6HA,2023-04-27T00:00:00,fhrs_5_en-gb,5,,FHRS,-0.0891219973564148,51.5111198425293,0.0,0.0,0.0,Sainsbury's,sainsbury's,"89 Cannon Street, London, EC4N 6HA",NEEDS_CHECK,Sainsbury's store format unclear from FHRS record
The Walbrook Building,25 Walbrook,London,,Waitrose,Retailers - supermarkets/hypermarkets,7840,0,,706954,PI/000026584,508,publicprotection@cityoflondon.gov.uk,City of London Corporation,http://www.cityoflondon.gov.uk/Corporation/homepage.htm,False,,EC4N 8AF,2023-06-07T00:00:00,fhrs_5_en-gb,5,,FHRS,-0.090164,51.512,0.0,0.0,0.0,Waitrose,waitrose,"The Walbrook Building, 25 Walbrook, London, EC4N 8AF",NEEDS_CHECK,Full Waitrose store: bakery provision to confirm
31 New Bridge Street,London,,,Sainsbury's,Retailers - supermarkets/hypermarkets,7840,0,,775591,PI/000113141,508,publicprotection@cityoflondon.gov.uk,City of London Corporation,http://www.cityoflondon.gov.uk/Corporation/homepage.htm,False,,EC4V 6BJ,2023-08-07T00:00:00,fhrs_5_en-gb,5,,FHRS,-0.10399,51.512574,5.0,5.0,0.0,Sainsbury's,sainsbury's,"31 New Bridge Street, London, EC4V 6BJ",NEEDS_CHECK,Sainsbury's store format unclear from FHRS record
318 High Holborn,London,,,Amazon Fresh,Retailers - supermarkets/hypermarkets,7840,0,,1431180,PI/000037824,508,publicprotection@cityoflondon.gov.uk,City of London Corporation,http://www.cityoflondon.gov.uk/Corporation/homepage.htm,False,,WC1V 7BN,2023-12-28T00:00:00,fhrs_5_en-gb,5,,FHRS,-0.11346,51.518114,0.0,0.0,0.0,,amazon fresh,"318 High Holborn, London, WC1V 7BN",NEEDS_CHECK,Independent or other supermarket
26 Wormwood Street,London,,,Little Market Convenience Store,Retailers - supermarkets/hypermarkets,7840,0,,1688524,23/00782/COMM,508,publicprotection@cityoflondon.gov.uk,City of London Corporation,http://www.cityoflondon.gov.uk/Corporation/homepage.htm,False,,EC2M 1RP,2024-01-09T00:00:00,fhrs_5_en-gb,5,,FHRS,-0.0825332,51.5163998,0.0,0.0,0.0,,little market convenience store,"26 Wormwood Street, London, EC2M 1RP",NEEDS_CHECK,Independent or other supermarket
110 - 112 Brighton Road,Coulsdon,,,Waitrose,Retailers - supermarkets/hypermarkets,7840,0,,1681,00351/0112/0/200,507,food.safety@croydon.gov.uk,Croydon,http://www.croydon.gov.uk,False,,CR5 2NB,2023-10-18T00:00:00,fhrs_5_en-gb,5,,FHRS,-0.1371967,51.3219752,0.0,0.0,0.0,Waitrose,waitrose,"110 - 112 Brighton Road, Coulsdon, CR5 2NB",NEEDS_CHECK,Full Waitrose store: bakery provision to confirm
Sainsburys Local,6 - 9 Purley Parade,High Street,Purley,Sainsbury's,Retailers - supermarkets/hypermarkets,7840,0,,4351,01079/2007/3/211,507,food.safety@croydon.gov.uk,Croydon,http://www.croydon.gov.uk,False,,CR8 2AB,2017-05-31T00:00:00,fhrs_5_en-gb,5,,FHRS,-0.1144007,51.339588,0.0,0.0,0.0,Sainsbury's,sainsbury's,"Sainsburys Local, 6 - 9 Purley Parade, High Street, CR8 2AB",NEEDS_CHECK,Sainsbury's store format unclear from FHRS record
114 - 120 North End,Croydon,,,"Marks & Spencer - Hot Food On The Move, Cafe Revive",Retailers - supermarkets/hypermarkets,7840,0,,5077,01547/0116/0/201,507,food.safety@croydon.gov.uk,Croydon,http://www.croydon.gov.uk,False,,CR9 1SH,2025-10-25T00:00:00,fhrs_5_en-gb,5,,FHRS,-0.1015639975667,51.3773765563965,0.0,0.0,0.0,M&S,"marks & spencer - hot food on the move, cafe revive","114 - 120 North End, Croydon, CR9 1SH",NEEDS_CHECK,Larger M&S store: bakery provision to confirm
J Sainsbury Plc,2 Trafalgar Way,Croydon,,Sainsburys,Retailers - supermarkets/hypermarkets,7840,0,,6391,02159/0002/0/200,507,food.safety@croydon.gov.uk,Croydon,http://www.croydon.gov.uk,False,,CR0 4XT,2025-06-06T00:00:00,fhrs_5_en-gb,5,,FHRS,-0.119553998112679,51.3770294189453,0.0,5.0,0.0,Sainsbury's,sainsburys,"J Sainsbury Plc, 2 Trafalgar Way, Croydon, CR0 4XT",NEEDS_CHECK,Sainsbury's store format unclear from FHRS record
Sainsburys Supermarket,120 Whitehorse Lane,South Norwood,London,Sainsbury's,Retailers - supermarkets/hypermarkets,7840,0,,6555,02285/0120/0/200,507,food.safety@croydon.gov.uk,Croydon,http://www.croydon.gov.uk,False,,SE25 6XB,2026-05-16T00:00:00,fhrs_5_en-gb,5,,FHRS,-0.0864029973745346,51.3991088867188,0.0,5.0,5.0,Sainsbury's,sainsbury's,"Sainsburys Supermarket, 120 Whitehorse Lane, South Norwood, SE25 6XB",NEEDS_CHECK,Sainsbury's store format unclear from FHRS record
8 Purley Road,Purley,,,Tesco,Retailers - supermarkets/hypermarkets,7840,0,,6734,02460/0008/0/207,507,food.safety@croydon.gov.uk,Croydon,http://www.croydon.gov.uk,False,,CR8 2HA,2025-06-17T00:00:00,fhrs_5_en-gb,5,,FHRS,-0.11625300347805,51.338062286377,0.0,0.0,0.0,Tesco,tesco,"8 Purley Road, Purley, CR8 2HA",NEEDS_CHECK,Tesco store format unclear from FHRS record
Wing Yip Business Centre,544 Purley Way,Croydon,,W. Wing Yip (London) Cash And Carry,Retailers - supermarkets/hypermarkets,7840,0,,7107,02689/0550/0/200,507,food.safety@croydon.gov.uk,Croydon,http://www.croydon.gov.uk,False,,CR0 4NZ,2022-03-17T00:00:00,fhrs_5_en-gb,5,,FHRS,-0.1192674,51.3624092,0.0,0.0,0.0,,w. wing yip (london) cash and carry,"Wing Yip Business Centre, 544 Purley Way, Croydon, CR0 4NZ",NEEDS_CHECK,Independent or other supermarket
Tesco Express,111 Whitehorse Road,Croydon,,Tesco,Retailers - supermarkets/hypermarkets,7840,0,,7142,02695/0111/0/201,507,food.safety@croydon.gov.uk,Croydon,http://www.croydon.gov.uk,False,,CR0 2JJ,2024-11-29T00:00:00,fhrs_5_en-gb,5,,FHRS,-0.09740299731493,51.3858795166016,0.0,5.0,0.0,Tesco,tesco,"Tesco Express, 111 Whitehorse Road, Croydon, CR0 2JJ",NEEDS_CHECK,Tesco store format unclear from FHRS record
Tesco Express Esso,847 - 853 London Road,Thornton Heath,,Tesco,Retailers - supermarkets/hypermarkets,7840,0,,9403,04/00008/COMM,507,food.safety@croydon.gov.uk,Croydon,http://www.croydon.gov.uk,False,,CR7 6JH,2021-09-23T00:00:00,fhrs_5_en-gb,5,,FHRS,-0.1160462,51.3971325,0.0,0.0,5.0,Tesco,tesco,"Tesco Express Esso, 847 - 853 London Road, Thornton Heath, CR7 6JH",NEEDS_CHECK,Tesco store format unclear from FHRS record
87 Limpsfield Road,South Croydon,,,Waitrose,Retailers - supermarkets/hypermarkets,7840,0,,10617,04/00252/COMM,507,food.safety@croydon.gov.uk,Croydon,http://www.croydon.gov.uk,False,,CR2 9LE,2026-03-16T00:00:00,fhrs_5_en-gb,5,,FHRS,-0.0755169987678528,51.3323669433594,0.0,5.0,0.0,Waitrose,waitrose,"87 Limpsfield Road, South Croydon, CR2 9LE",NEEDS_CHECK,Full Waitrose store: bakery provision to confirm
64 Westow Street,Upper Norwood,London,,Sainsbury's,Retailers - supermarkets/hypermarkets,7840,0,,18455,06/00133/COMM,507,food.safety@croydon.gov.uk,Croydon,http://www.croydon.gov.uk,False,,SE19 3AF,2024-12-03T00:00:00,fhrs_5_en-gb,5,,FHRS,-0.0826701,51.4176608,0.0,0.0,0.0,Sainsbury's,sainsbury's,"64 Westow Street, Upper Norwood, London, SE19 3AF",NEEDS_CHECK,Sainsbury's store format unclear from FHRS record
156 Portland Road,South Norwood,London,,Tesco,Retailers - supermarkets/hypermarkets,7840,0,,22219,07/00147/COMM,507,food.safety@croydon.gov.uk,Croydon,http://www.croydon.gov.uk,False,,SE25 4PT,2024-11-20T00:00:00,fhrs_5_en-gb,5,,FHRS,-0.0675550028681755,51.3943481445313,0.0,0.0,0.0,Tesco,tesco,"156 Portland Road, South Norwood, London, SE25 4PT",NEEDS_CHECK,Tesco store format unclear from FHRS record
369 - 373 London Road,Croydon,,,Tesco,Retailers - supermarkets/hypermarkets,7840,0,,28641,09/00015/COMM,507,food.safety@croydon.gov.uk,Croydon,http://www.croydon.gov.uk,False,,CR0 3PB,2015-03-17T00:00:00,fhrs_5_en-gb,5,,FHRS,-0.1104608,51.3858195,0.0,0.0,0.0,Tesco,tesco,"369 - 373 London Road, Croydon, CR0 3PB",NEEDS_CHECK,Tesco store format unclear from FHRS record
Supermarket,130 Addington Road,South Croydon,,Sainsbury's,Retailers - supermarkets/hypermarkets,7840,0,,29309,09/00071/COMM,507,food.safety@croydon.gov.uk,Croydon,http://www.croydon.gov.uk,False,,CR2 8LA,2023-11-22T00:00:00,fhrs_5_en-gb,5,,FHRS,-0.0632840022444725,51.3422966003418,0.0,0.0,0.0,Sainsbury's,sainsbury's,"Supermarket, 130 Addington Road, South Croydon, CR2 8LA",NEEDS_CHECK,Sainsbury's store format unclear from FHRS record
261 Lower Addiscombe Road,Croydon,,,Sainsbury's,Retailers - supermarkets/hypermarkets,7840,0,,33085,10/00024/COMM,507,food.safety@croydon.gov.uk,Croydon,http://www.croydon.gov.uk,False,,CR9 6DB,2010-10-20T00:00:00,fhrs_5_en-gb,5,,FHRS,-0.0716330727401025,51.3807700146877,5.0,5.0,5.0,Sainsbury's,sainsbury's,"261 Lower Addiscombe Road, Croydon, CR9 6DB",NEEDS_CHECK,Sainsbury's store format unclear from FHRS record
2 - 4 Chipstead Valley Road,Coulsdon,,,Tesco,Retailers - supermarkets/hypermarkets,7840,0,,34037,10/00084/COMM,507,food.safety@croydon.gov.uk,Croydon,http://www.croydon.gov.uk,False,,CR5 2RA,2018-10-07T00:00:00,fhrs_5_en-gb,5,,FHRS,-0.138521,51.3211689,0.0,5.0,0.0,Tesco,tesco,"2 - 4 Chipstead Valley Road, Coulsdon, CR5 2RA",NEEDS_CHECK,Tesco store format unclear from FHRS record
1 - 3 Suffolk House,George Street,Croydon,,Sainsbury's,Retailers - supermarkets/hypermarkets,7840,0,,293522,10/00442/COMM,507,food.safety@croydon.gov.uk,Croydon,http://www.croydon.gov.uk,False,,CR0 1PE,2017-11-07T00:00:00,fhrs_5_en-gb,5,,FHRS,-0.0962785,51.3739714,0.0,5.0,0.0,Sainsbury's,sainsbury's,"1 - 3 Suffolk House, George Street, Croydon, CR0 1PE",NEEDS_CHECK,Sainsbury's store format unclear from FHRS record
Tesco Express,1 Brighton Road,South Croydon,,Tesco,Retailers - supermarkets/hypermarkets,7840,0,,481365,02662/0001/0/200,507,food.safety@croydon.gov.uk,Croydon,http://www.croydon.gov.uk,False,,CR2 6EA,2017-09-07T00:00:00,fhrs_4_en-gb,4,,FHRS,-0.0979340001940727,51.3616256713867,0.0,10.0,5.0,Tesco,tesco,"Tesco Express, 1 Brighton Road, South Croydon, CR2 6EA",NEEDS_CHECK,Tesco store format unclear from FHRS record
7 South Norwood Hill,South Norwood,London,,Tesco,Retailers - supermarkets/hypermarkets,7840,0,,682608,01962/0007/0/201,507,food.safety@croydon.gov.uk,Croydon,http://www.croydon.gov.uk,False,,SE25 6AA,2014-05-23T00:00:00,fhrs_5_en-gb,5,,FHRS,-0.0764970034360886,51.4001579284668,5.0,0.0,0.0,Tesco,tesco,"7 South Norwood Hill, South Norwood, London, SE25 6AA",NEEDS_CHECK,Tesco store format unclear from FHRS record
Sainsbury's Local,112 Portland Road,South Norwood,London,Sainsbury's,Retailers - supermarkets/hypermarkets,7840,0,,682615,12/00288/COMM,507,food.safety@croydon.gov.uk,Croydon,http://www.croydon.gov.uk,False,,SE25 4PJ,2014-05-20T00:00:00,fhrs_5_en-gb,5,,FHRS,-0.0691077,51.3958195,5.0,5.0,5.0,Sainsbury's,sainsbury's,"Sainsbury's Local, 112 Portland Road, South Norwood, SE25 4PJ",NEEDS_CHECK,Sainsbury's store format unclear from FHRS record
Sainsburys Local,59 High Street,Croydon,,Sainsbury's,Retailers - supermarkets/hypermarkets,7840,0,,859644,12/00247/COMM,507,food.safety@croydon.gov.uk,Croydon,http://www.croydon.gov.uk,False,,CR0 1QD,2017-11-07T00:00:00,fhrs_5_en-gb,5,,FHRS,-0.100102998316288,51.3720474243164,5.0,5.0,5.0,Sainsbury's,sainsbury's,"Sainsburys Local, 59 High Street, Croydon, CR0 1QD",NEEDS_CHECK,Sainsbury's store format unclear from FHRS record
Sainsburys Supermarket,18 Addiscombe Road,Croydon,,Sainsbury's,Retailers - supermarkets/hypermarkets,7840,0,,859665,14/00035/COMM,507,food.safety@croydon.gov.uk,Croydon,http://www.croydon.gov.uk,False,,CR0 0XT,2026-05-09T00:00:00,fhrs_5_en-gb,5,,FHRS,-0.0911270007491112,51.3750762939453,0.0,5.0,0.0,Sainsbury's,sainsbury's,"Sainsburys Supermarket, 18 Addiscombe Road, Croydon, CR0 0XT",NEEDS_CHECK,Sainsbury's store format unclear from FHRS record
114 - 116 Thornton Road,Thornton Heath,,,Sainsbury's,Retailers - supermarkets/hypermarkets,7840,0,,859742,15/00181/COMM,507,food.safety@croydon.gov.uk,Croydon,http://www.croydon.gov.uk,False,,CR7 6BB,2025-10-30T00:00:00,fhrs_5_en-gb,5,,FHRS,-0.1189589,51.3916666,0.0,5.0,0.0,Sainsbury's,sainsbury's,"114 - 116 Thornton Road, Thornton Heath, CR7 6BB",NEEDS_CHECK,Sainsbury's store format unclear from FHRS record
Croydon University Hospital,530 London Road,Thornton Heath,,M & S Simply Foods At Croydon University Hospital,Retailers - supermarkets/hypermarkets,7840,0,,983353,16/00090/COMM,507,food.safety@croydon.gov.uk,Croydon,http://www.croydon.gov.uk,False,,CR7 7YE,2024-03-01T00:00:00,fhrs_5_en-gb,5,,FHRS,-0.108795002102852,51.3891372680664,0.0,0.0,0.0,,m & s simply foods at croydon university hospital,"Croydon University Hospital, 530 London Road, Thornton Heath, CR7 7YE",NEEDS_CHECK,Independent or other supermarket
Sainsburys Local,9 - 11 London Road,Croydon,,Sainsbury's,Retailers - supermarkets/hypermarkets,7840,0,,990460,17/00297/COMM,507,food.safety@croydon.gov.uk,Croydon,http://www.croydon.gov.uk,False,,CR0 2RE,2017-11-17T00:00:00,fhrs_5_en-gb,5,,FHRS,-0.103634998202324,51.3787231445313,0.0,0.0,0.0,Sainsbury's,sainsbury's,"Sainsburys Local, 9 - 11 London Road, Croydon, CR0 2RE",NEEDS_CHECK,Sainsbury's store format unclear from FHRS record
102 Bensham Lane,Thornton Heath,,,Bensham Local,Retailers - supermarkets/hypermarkets,7840,0,,990499,17/00355/COMM,507,food.safety@croydon.gov.uk,Croydon,http://www.croydon.gov.uk,False,,CR7 7ES,2019-01-03T00:00:00,fhrs_4_en-gb,4,,FHRS,-0.106457002460957,51.3893699645996,0.0,5.0,10.0,,bensham local,"102 Bensham Lane, Thornton Heath, CR7 7ES",NEEDS_CHECK,Independent or other supermarket
47 - 48 Surrey Street,Croydon,,,Polski Supermarket London Ltd,Retailers - supermarkets/hypermarkets,7840,0,,1001665,17/00408/COMM,507,food.safety@croydon.gov.uk,Croydon,http://www.croydon.gov.uk,False,,CR0 1RJ,2023-02-07T00:00:00,fhrs_4_en-gb,4,,FHRS,-0.1008364,51.3725076,0.0,0.0,10.0,,polski supermarket london ltd,"47 - 48 Surrey Street, Croydon, CR0 1RJ",NEEDS_CHECK,Independent or other supermarket
330 Purley Way,Croydon,,,Marks And Spencer Purley Way,Retailers - supermarkets/hypermarkets,7840,0,,1562718,22/00861/COMM,507,food.safety@croydon.gov.uk,Croydon,http://www.croydon.gov.uk,False,,CR0 4XJ,2024-01-13T00:00:00,fhrs_5_en-gb,5,,FHRS,-0.118979997932911,51.3720893859863,0.0,5.0,0.0,M&S,marks and spencer purley way,"330 Purley Way, Croydon, CR0 4XJ",NEEDS_CHECK,Larger M&S store: bakery provision to confirm
19 - 23 Lower Addiscombe Road,Croydon,,,Croydon International Food Center,Retailers - supermarkets/hypermarkets,7840,0,,1581149,22/00981/COMM,507,food.safety@croydon.gov.uk,Croydon,http://www.croydon.gov.uk,False,,CR0 6PQ,2026-03-14T00:00:00,fhrs_5_en-gb,5,,FHRS,-0.088281,51.3807726,,,,,croydon international food center,"19 - 23 Lower Addiscombe Road, Croydon, CR0 6PQ",NEEDS_CHECK,Independent or other supermarket
246 High Street,Croydon,,,Hung Manh Vietnamese Supermarket,Retailers - supermarkets/hypermarkets,7840,0,,1668801,23/00666/COMM,507,food.safety@croydon.gov.uk,Croydon,http://www.croydon.gov.uk,False,,CR0 1NF,2024-05-11T00:00:00,fhrs_4_en-gb,4,,FHRS,-0.0998526,51.3688495,0.0,0.0,10.0,,hung manh vietnamese supermarket,"246 High Street, Croydon, CR0 1NF",NEEDS_CHECK,Independent or other supermarket
42 Church Street,Croydon,,,Tran Supermarket,Retailers - supermarkets/hypermarkets,7840,0,,1685264,23/00788/COMM,507,food.safety@croydon.gov.uk,Croydon,http://www.croydon.gov.uk,False,,CR0 1RB,2026-06-29T00:00:00,fhrs_1_en-gb,1,,FHRS,-0.103110000491142,51.3736801147461,0.0,10.0,20.0,,tran supermarket,"42 Church Street, Croydon, CR0 1RB",NEEDS_CHECK,Independent or other supermarket
118 - 122 Orchard Way,Croydon,,,Welcome Shirley,Retailers - supermarkets/hypermarkets,7840,0,,1748778,24/00458/COMM,507,food.safety@croydon.gov.uk,Croydon,http://www.croydon.gov.uk,False,,CR0 7NN,2026-02-19T00:00:00,fhrs_4_en-gb,4,,FHRS,-0.0401579,51.386004,5.0,10.0,5.0,,welcome shirley,"118 - 122 Orchard Way, Croydon, CR0 7NN",NEEDS_CHECK,Independent or other supermarket
24 - 26 London Road,Croydon,,,Early Till Late,Retailers - supermarkets/hypermarkets,7840,0,,1788765,24/00744/COMM,507,food.safety@croydon.gov.uk,Croydon,http://www.croydon.gov.uk,False,,CR0 2TA,2025-02-16T00:00:00,fhrs_4_en-gb,4,,FHRS,-0.1030439,51.3788923,0.0,10.0,10.0,,early till late,"24 - 26 London Road, Croydon, CR0 2TA",NEEDS_CHECK,Independent or other supermarket
3 Drury Crescent,Croydon,,,Home Bargains,Retailers - supermarkets/hypermarkets,7840,0,,1883475,25/00788/COMM,507,food.safety@croydon.gov.uk,Croydon,http://www.croydon.gov.uk,False,,CR0 4XU,2026-06-12T00:00:00,fhrs_5_en-gb,5,,FHRS,-0.1162553,51.3749057,0.0,0.0,0.0,,home bargains,"3 Drury Crescent, Croydon, CR0 4XU",NEEDS_CHECK,Independent or other supermarket
183 Horn Lane,Acton,,,Sainsbury's,Retailers - supermarkets/hypermarkets,7840,0,,945853,PI000179063,509,foodsafety@ealing.gov.uk,Ealing,https://www.ealing.gov.uk/info/201150/food_hygiene_and_safety,False,,W3 6NR,2024-03-28T00:00:00,fhrs_5_en-gb,5,,FHRS,-0.2689512,51.5149463,0.0,5.0,0.0,Sainsbury's,sainsbury's,"183 Horn Lane, Acton, W3 6NR",NEEDS_CHECK,Sainsbury's store format unclear from FHRS record
142 Bollo Bridge Road,Acton,,,Sainsbury's,Retailers - supermarkets/hypermarkets,7840,0,,954702,CP00354,509,foodsafety@ealing.gov.uk,Ealing,https://www.ealing.gov.uk/info/201150/food_hygiene_and_safety,False,,W3 8YF,2024-02-29T00:00:00,fhrs_5_en-gb,5,,FHRS,-0.270971,51.5019549,0.0,5.0,5.0,Sainsbury's,sainsbury's,"142 Bollo Bridge Road, Acton, W3 8YF",NEEDS_CHECK,Sainsbury's store format unclear from FHRS record
Unit C,Rehearsal House,3 Victoria Road,Acton,Sainsbury's,Retailers - supermarkets/hypermarkets,7840,0,,974715,PI000179030,509,foodsafety@ealing.gov.uk,Ealing,https://www.ealing.gov.uk/info/201150/food_hygiene_and_safety,False,,W3 6HU,2025-09-11T00:00:00,fhrs_4_en-gb,4,,FHRS,-0.2611743,51.5234912,0.0,10.0,0.0,Sainsbury's,sainsbury's,"Unit C, Rehearsal House, 3 Victoria Road, W3 6HU",NEEDS_CHECK,Sainsbury's store format unclear from FHRS record
The Plough Inn,Mandeville Road,Northolt,,Sainsbury's,Retailers - supermarkets/hypermarkets,7840,0,,980724,PI000178953,509,foodsafety@ealing.gov.uk,Ealing,https://www.ealing.gov.uk/info/201150/food_hygiene_and_safety,False,,UB5 5HG,2025-08-14T00:00:00,fhrs_5_en-gb,5,,FHRS,,,0.0,5.0,0.0,Sainsbury's,sainsbury's,"The Plough Inn, Mandeville Road, Northolt, UB5 5HG",NEEDS_CHECK,Sainsbury's store format unclear from FHRS record
Tesco Superstore,The Old Hoover Building,Western Avenue,Perivale,Tesco,Retailers - supermarkets/hypermarkets,7840,0,,1032298,PI000005387,509,foodsafety@ealing.gov.uk,Ealing,https://www.ealing.gov.uk/info/201150/food_hygiene_and_safety,False,,UB6 8DW,2025-01-06T00:00:00,fhrs_4_en-gb,4,,FHRS,-0.318743,51.533609,5.0,10.0,5.0,Tesco,tesco,"Tesco Superstore, The Old Hoover Building, Western Avenue, UB6 8DW",NEEDS_CHECK,Tesco store format unclear from FHRS record
Tesco Superstore,223 - 229 Greenford Road,Greenford,,Tesco,Retailers - supermarkets/hypermarkets,7840,0,,1032644,PI000088219,509,foodsafety@ealing.gov.uk,Ealing,https://www.ealing.gov.uk/info/201150/food_hygiene_and_safety,False,,UB6 8QY,2023-12-29T00:00:00,fhrs_2_en-gb,2,,FHRS,-0.3524081,51.5286742,0.0,15.0,5.0,Tesco,tesco,"Tesco Superstore, 223 - 229 Greenford Road, Greenford, UB6 8QY",NEEDS_CHECK,Tesco store format unclear from FHRS record
Tesco,355 - 363 Uxbridge Road,Acton,,Tesco,Retailers - supermarkets/hypermarkets,7840,0,,1032651,PI000088748,509,foodsafety@ealing.gov.uk,Ealing,https://www.ealing.gov.uk/info/201150/food_hygiene_and_safety,False,,W3 9RH,2024-03-13T00:00:00,fhrs_5_en-gb,5,,FHRS,-0.2811906,51.5083549,0.0,5.0,0.0,Tesco,tesco,"Tesco, 355 - 363 Uxbridge Road, Acton, W3 9RH",NEEDS_CHECK,Tesco store format unclear from FHRS record
Waitrose,2 Alexandria Road,West Ealing,,Waitrose,Retailers - supermarkets/hypermarkets,7840,0,,1032735,PI000109063,509,foodsafety@ealing.gov.uk,Ealing,https://www.ealing.gov.uk/info/201150/food_hygiene_and_safety,False,,W13 0NL,2025-01-28T00:00:00,fhrs_5_en-gb,5,,FHRS,-0.321416,51.513055,5.0,5.0,5.0,Waitrose,waitrose,"Waitrose, 2 Alexandria Road, West Ealing, W13 0NL",NEEDS_CHECK,Full Waitrose store: bakery provision to confirm
482 - 486 Church Road,Northolt,,,Tesco,Retailers - supermarkets/hypermarkets,7840,0,,1032863,PI000120683,509,foodsafety@ealing.gov.uk,Ealing,https://www.ealing.gov.uk/info/201150/food_hygiene_and_safety,False,,UB5 5AU,2023-09-04T00:00:00,fhrs_4_en-gb,4,,FHRS,-0.3894095,51.5374519,0.0,10.0,0.0,Tesco,tesco,"482 - 486 Church Road, Northolt, UB5 5AU",NEEDS_CHECK,Tesco store format unclear from FHRS record
69 - 79 Ealing Broadway Centre,The Broadway,Ealing,,Marks & Spencer,Retailers - supermarkets/hypermarkets,7840,0,,1032884,PI000124656,509,foodsafety@ealing.gov.uk,Ealing,https://www.ealing.gov.uk/info/201150/food_hygiene_and_safety,False,,W5 5JW,2025-02-18T00:00:00,fhrs_5_en-gb,5,,FHRS,-0.303973,51.5130207,5.0,5.0,0.0,M&S,marks & spencer,"69 - 79 Ealing Broadway Centre, The Broadway, Ealing, W5 5JW",NEEDS_CHECK,Larger M&S store: bakery provision to confirm
30 - 33 The Broadway,Ealing,,,Sainsbury's,Retailers - supermarkets/hypermarkets,7840,0,,1032892,PI000126311,509,foodsafety@ealing.gov.uk,Ealing,https://www.ealing.gov.uk/info/201150/food_hygiene_and_safety,False,,W5 2NP,2024-02-21T00:00:00,fhrs_5_en-gb,5,,FHRS,-0.3024178,51.5141493,0.0,5.0,0.0,Sainsbury's,sainsbury's,"30 - 33 The Broadway, Ealing, W5 2NP",NEEDS_CHECK,Sainsbury's store format unclear from FHRS record
31 The Vale,Acton,,,Tesco,Retailers - supermarkets/hypermarkets,7840,0,,1032895,PI000126401,509,foodsafety@ealing.gov.uk,Ealing,https://www.ealing.gov.uk/info/201150/food_hygiene_and_safety,False,,W3 7RR,2025-01-21T00:00:00,fhrs_5_en-gb,5,,FHRS,-0.249754,51.50646,0.0,5.0,0.0,Tesco,tesco,"31 The Vale, Acton, W3 7RR",NEEDS_CHECK,Tesco store format unclear from FHRS record
119 Gunnersbury Avenue,Ealing,,,BP Gunnersbury Park SF Connect,Retailers - supermarkets/hypermarkets,7840,0,,1032924,PI000129592,509,foodsafety@ealing.gov.uk,Ealing,https://www.ealing.gov.uk/info/201150/food_hygiene_and_safety,False,,W5 4LR,2025-03-04T00:00:00,fhrs_5_en-gb,5,,FHRS,-0.286822,51.501692,0.0,0.0,0.0,,bp gunnersbury park sf connect,"119 Gunnersbury Avenue, Ealing, W5 4LR",NEEDS_CHECK,Independent or other supermarket
589 Lady Margaret Road,Southall,,,Tesco,Retailers - supermarkets/hypermarkets,7840,0,,1032933,PI000130074,509,foodsafety@ealing.gov.uk,Ealing,https://www.ealing.gov.uk/info/201150/food_hygiene_and_safety,False,,UB1 2QQ,2026-03-02T00:00:00,fhrs_4_en-gb,4,,FHRS,-0.372296,51.531865,0.0,10.0,5.0,Tesco,tesco,"589 Lady Margaret Road, Southall, UB1 2QQ",NEEDS_CHECK,Tesco store format unclear from FHRS record
20 Ealing Broadway Centre,The Broadway,Ealing,,Tesco,Retailers - supermarkets/hypermarkets,7840,0,,1033053,PI000138179,509,foodsafety@ealing.gov.uk,Ealing,https://www.ealing.gov.uk/info/201150/food_hygiene_and_safety,False,,W5 5JY,2026-03-19T00:00:00,fhrs_5_en-gb,5,,FHRS,-0.303007,51.5128,0.0,5.0,5.0,Tesco,tesco,"20 Ealing Broadway Centre, The Broadway, Ealing, W5 5JY",NEEDS_CHECK,Tesco store format unclear from FHRS record
Sainsbury Supermarket,Melbourne Avenue,West Ealing,,Sainsbury's,Retailers - supermarkets/hypermarkets,7840,0,,1033128,PI000143910,509,foodsafety@ealing.gov.uk,Ealing,https://www.ealing.gov.uk/info/201150/food_hygiene_and_safety,False,,W13 9BZ,2025-04-29T00:00:00,fhrs_5_en-gb,5,,FHRS,-0.325079,51.509466,0.0,0.0,0.0,Sainsbury's,sainsbury's,"Sainsbury Supermarket, Melbourne Avenue, West Ealing, W13 9BZ",NEEDS_CHECK,Sainsbury's store format unclear from FHRS record
Site Of Bp Service Station,Western Avenue,Perivale,Ealing,BP Perivale Simply Food Connect,Retailers - supermarkets/hypermarkets,7840,0,,1033130,PI000143929,509,foodsafety@ealing.gov.uk,Ealing,https://www.ealing.gov.uk/info/201150/food_hygiene_and_safety,False,,UB6 8TF,2024-12-17T00:00:00,fhrs_5_en-gb,5,,FHRS,-0.3257305,51.5331704,0.0,5.0,5.0,,bp perivale simply food connect,"Site Of Bp Service Station, Western Avenue, Perivale, UB6 8TF",NEEDS_CHECK,Independent or other supermarket
Supermarket,35 - 39 South Ealing Road,Ealing,,Sainsbury's,Retailers - supermarkets/hypermarkets,7840,0,,1033173,PI000150248,509,foodsafety@ealing.gov.uk,Ealing,https://www.ealing.gov.uk/info/201150/food_hygiene_and_safety,False,,W5 4QT,2024-04-23T00:00:00,fhrs_5_en-gb,5,,FHRS,-0.3066808,51.5021879,0.0,0.0,0.0,Sainsbury's,sainsbury's,"Supermarket, 35 - 39 South Ealing Road, Ealing, W5 4QT",NEEDS_CHECK,Sainsbury's store format unclear from FHRS record
3 - 4 The Parade,Haven Green,Ealing,,Tesco,Retailers - supermarkets/hypermarkets,7840,0,,1033194,PI000152343,509,foodsafety@ealing.gov.uk,Ealing,https://www.ealing.gov.uk/info/201150/food_hygiene_and_safety,False,,W5 2PB,2024-02-20T00:00:00,fhrs_5_en-gb,5,,FHRS,,,0.0,5.0,0.0,Tesco,tesco,"3 - 4 The Parade, Haven Green, Ealing, W5 2PB",NEEDS_CHECK,Tesco store format unclear from FHRS record
Unit 193,Ebbett Court,Victoria Road,Acton,Tesco,Retailers - supermarkets/hypermarkets,7840,0,,1033205,PI000156449,509,foodsafety@ealing.gov.uk,Ealing,https://www.ealing.gov.uk/info/201150/food_hygiene_and_safety,False,,W3 6BW,2024-08-08T00:00:00,fhrs_5_en-gb,5,,FHRS,-0.260545,51.52278,0.0,5.0,0.0,Tesco,tesco,"Unit 193, Ebbett Court, Victoria Road, W3 6BW",NEEDS_CHECK,Tesco store format unclear from FHRS record
140 - 144 Uxbridge Road,West Ealing,,,Tesco,Retailers - supermarkets/hypermarkets,7840,0,,1033247,PI000162227,509,foodsafety@ealing.gov.uk,Ealing,https://www.ealing.gov.uk/info/201150/food_hygiene_and_safety,False,,W13 8SB,2026-05-28T00:00:00,fhrs_5_en-gb,5,,FHRS,-0.3182644,51.5112031,0.0,5.0,0.0,Tesco,tesco,"140 - 144 Uxbridge Road, West Ealing, W13 8SB",NEEDS_CHECK,Tesco store format unclear from FHRS record
2 - 20 Western Road,Park Royal,,,Asda,Retailers - supermarkets/hypermarkets,7840,0,,1033249,PI000162281,509,foodsafety@ealing.gov.uk,Ealing,https://www.ealing.gov.uk/info/201150/food_hygiene_and_safety,False,,NW10 7LW,2025-07-23T00:00:00,fhrs_5_en-gb,5,,FHRS,-0.2701297,51.5287223,0.0,5.0,0.0,Asda,asda,"2 - 20 Western Road, Park Royal, NW10 7LW",NEEDS_CHECK,Asda store format unclear from FHRS record
437B Uxbridge Road,Ealing,,,Sainsbury's,Retailers - supermarkets/hypermarkets,7840,0,,1033313,PI000163227,509,foodsafety@ealing.gov.uk,Ealing,https://www.ealing.gov.uk/info/201150/food_hygiene_and_safety,False,,W5 3NT,2024-02-20T00:00:00,fhrs_5_en-gb,5,,FHRS,-0.287595,51.509887,0.0,5.0,0.0,Sainsbury's,sainsbury's,"437B Uxbridge Road, Ealing, W5 3NT",NEEDS_CHECK,Sainsbury's store format unclear from FHRS record
227 Northfield Avenue,West Ealing,,,Sainsbury's,Retailers - supermarkets/hypermarkets,7840,0,,1033314,PI000163241,509,foodsafety@ealing.gov.uk,Ealing,https://www.ealing.gov.uk/info/201150/food_hygiene_and_safety,False,,W13 9QU,2023-06-26T00:00:00,fhrs_5_en-gb,5,,FHRS,-0.3149007,51.5000401,5.0,5.0,0.0,Sainsbury's,sainsbury's,"227 Northfield Avenue, West Ealing, W13 9QU",NEEDS_CHECK,Sainsbury's store format unclear from FHRS record
13 - 14 Boston Parade,Boston Road,Hanwell,,Sainsbury's,Retailers - supermarkets/hypermarkets,7840,0,,1033336,PI000168003,509,foodsafety@ealing.gov.uk,Ealing,https://www.ealing.gov.uk/info/201150/food_hygiene_and_safety,False,,W7 2DG,2023-08-01T00:00:00,fhrs_5_en-gb,5,,FHRS,-0.3255945,51.496812,0.0,5.0,5.0,Sainsbury's,sainsbury's,"13 - 14 Boston Parade, Boston Road, Hanwell, W7 2DG",NEEDS_CHECK,Sainsbury's store format unclear from FHRS record
61 - 63 Churchfield Road,Acton,,,Sainsbury's,Retailers - supermarkets/hypermarkets,7840,0,,1033390,PI000169158,509,foodsafety@ealing.gov.uk,Ealing,https://www.ealing.gov.uk/info/201150/food_hygiene_and_safety,False,,W3 6AY,2024-03-08T00:00:00,fhrs_5_en-gb,5,,FHRS,-0.2663515,51.5084811,0.0,5.0,0.0,Sainsbury's,sainsbury's,"61 - 63 Churchfield Road, Acton, W3 6AY",NEEDS_CHECK,Sainsbury's store format unclear from FHRS record
46 - 48 King Street,Southall,,,Tesco,Retailers - supermarkets/hypermarkets,7840,0,,1033556,PI000172915,509,foodsafety@ealing.gov.uk,Ealing,https://www.ealing.gov.uk/info/201150/food_hygiene_and_safety,False,,UB2 4DB,2024-01-02T00:00:00,fhrs_5_en-gb,5,,FHRS,-0.3831754,51.5005515,0.0,0.0,0.0,Tesco,tesco,"46 - 48 King Street, Southall, UB2 4DB",NEEDS_CHECK,Tesco store format unclear from FHRS record
249 - 251 Oldfield Lane North,Greenford,,,Tesco,Retailers - supermarkets/hypermarkets,7840,0,,1033599,PI000173161,509,foodsafety@ealing.gov.uk,Ealing,https://www.ealing.gov.uk/info/201150/food_hygiene_and_safety,False,,UB6 8PX,2024-02-21T00:00:00,fhrs_5_en-gb,5,,FHRS,-0.3467259,51.541858,5.0,5.0,0.0,Tesco,tesco,"249 - 251 Oldfield Lane North, Greenford, UB6 8PX",NEEDS_CHECK,Tesco store format unclear from FHRS record
Site Of Star Service Station,Western Avenue,Northolt,,Asda Northolt Service Station,Retailers - supermarkets/hypermarkets,7840,0,,1033753,PI000175841,509,foodsafety@ealing.gov.uk,Ealing,https://www.ealing.gov.uk/info/201150/food_hygiene_and_safety,False,,UB5 5AW,2026-03-17T00:00:00,fhrs_5_en-gb,5,,FHRS,-0.379645,51.542523,0.0,5.0,0.0,Asda,asda northolt service station,"Site Of Star Service Station, Western Avenue, Northolt, UB5 5AW",NEEDS_CHECK,Asda store format unclear from FHRS record
Wincanton,14 Rockware Avenue,Greenford,Ealing,Waitrose Customer Fulfillment Centre - Greenford,Retailers - supermarkets/hypermarkets,7840,0,,1349311,CP02754,509,foodsafety@ealing.gov.uk,Ealing,https://www.ealing.gov.uk/info/201150/food_hygiene_and_safety,False,,UB6 0AA,2024-08-23T00:00:00,fhrs_5_en-gb,5,,FHRS,-0.34432171,51.54274019,0.0,0.0,0.0,Waitrose,waitrose customer fulfillment centre - greenford,"Wincanton, 14 Rockware Avenue, Greenford, UB6 0AA",NEEDS_CHECK,Full Waitrose store: bakery provision to confirm
Units 2-3,North Chiswick Business Park,20 Stirling Road,Acton,Ocado Zoom,Retailers - supermarkets/hypermarkets,7840,0,,1349314,CP02767,509,foodsafety@ealing.gov.uk,Ealing,https://www.ealing.gov.uk/info/201150/food_hygiene_and_safety,False,,W3 8BG,2025-03-07T00:00:00,fhrs_5_en-gb,5,,FHRS,-0.2743748,51.499577,0.0,5.0,0.0,,ocado zoom,"Units 2-3, North Chiswick Business Park, 20 Stirling Road, W3 8BG",NEEDS_CHECK,Independent or other supermarket
144 - 156 Uxbridge Road,Hanwell,Ealing,,Sainsburys,Retailers - supermarkets/hypermarkets,7840,0,,1590928,CP02544,509,foodsafety@ealing.gov.uk,Ealing,https://www.ealing.gov.uk/info/201150/food_hygiene_and_safety,False,,W7 3TB,2025-01-16T00:00:00,fhrs_5_en-gb,5,,FHRS,-0.3392876,51.5085081,0.0,5.0,0.0,Sainsbury's,sainsburys,"144 - 156 Uxbridge Road, Hanwell, Ealing, W7 3TB",NEEDS_CHECK,Sainsbury's store format unclear from FHRS record
91 Boston Road,Hanwell,,,Tesco,Retailers - supermarkets/hypermarkets,7840,0,,1690430,CP04497,509,foodsafety@ealing.gov.uk,Ealing,https://www.ealing.gov.uk/info/201150/food_hygiene_and_safety,False,,W7 3SA,2026-02-23T00:00:00,fhrs_5_en-gb,5,,FHRS,-0.3367215,51.5059463,5.0,5.0,0.0,Tesco,tesco,"91 Boston Road, Hanwell, W7 3SA",NEEDS_CHECK,Tesco store format unclear from FHRS record
Ground Floor Shop,54 Bilton Road,Perivale,,Mohan Food Market,Retailers - supermarkets/hypermarkets,7840,0,,1711051,CP04738,509,foodsafety@ealing.gov.uk,Ealing,https://www.ealing.gov.uk/info/201150/food_hygiene_and_safety,False,,UB6 7DH,2024-04-16T00:00:00,fhrs_5_en-gb,5,,FHRS,-0.3097454,51.5396587,5.0,5.0,0.0,,mohan food market,"Ground Floor Shop, 54 Bilton Road, Perivale, UB6 7DH",NEEDS_CHECK,Independent or other supermarket
Post Office,125 - 127 The Vale,Acton,,Morrison Daily,Retailers - supermarkets/hypermarkets,7840,0,,1867536,CP05645,509,foodsafety@ealing.gov.uk,Ealing,https://www.ealing.gov.uk/info/201150/food_hygiene_and_safety,False,,W3 7RQ,2025-10-14T00:00:00,fhrs_5_en-gb,5,,FHRS,-0.2538695,51.5064407,0.0,5.0,0.0,,morrison daily,"Post Office, 125 - 127 The Vale, Acton, W3 7RQ",NEEDS_CHECK,Independent or other supermarket
101 - 103 Northfield Avenue,West Ealing,,,Tesco,Retailers - supermarkets/hypermarkets,7840,0,,1931590,CP05937,509,foodsafety@ealing.gov.uk,Ealing,https://www.ealing.gov.uk/info/201150/food_hygiene_and_safety,False,,W13 9QR,2026-03-17T00:00:00,fhrs_5_en-gb,5,,FHRS,-0.3174035,51.503673,5.0,0.0,0.0,Tesco,tesco,"101 - 103 Northfield Avenue, West Ealing, W13 9QR",NEEDS_CHECK,Tesco store format unclear from FHRS record
Petrol Station,153 Bramley Road,LONDON,,Tesco,Retailers - supermarkets/hypermarkets,7840,0,,316134,PI/000013754,510,environmental.health@enfield.gov.uk,Enfield,http://www.enfield.gov.uk/,False,,N14 4XA,1901-01-01T00:00:00,fhrs_awaitinginspection_en-gb,AwaitingInspection,,FHRS,-0.129186,51.648846,,,,Tesco,tesco,"Petrol Station, 153 Bramley Road, LONDON, N14 4XA",NEEDS_CHECK,Tesco store format unclear from FHRS record
3 Bullsmoor Lane,WALTHAM CROSS,,,Tesco,Retailers - supermarkets/hypermarkets,7840,0,,316171,PI/000017585,510,environmental.health@enfield.gov.uk,Enfield,http://www.enfield.gov.uk/,False,,EN3 6TF,2022-02-28T00:00:00,fhrs_5_en-gb,5,,FHRS,-0.034419,51.680551,0.0,5.0,0.0,Tesco,tesco,"3 Bullsmoor Lane, WALTHAM CROSS, EN3 6TF",NEEDS_CHECK,Tesco store format unclear from FHRS record
130 Chase Side,LONDON,,,Asda,Retailers - supermarkets/hypermarkets,7840,0,,316237,PI/000025912,510,environmental.health@enfield.gov.uk,Enfield,http://www.enfield.gov.uk/,False,,N14 5PW,2025-07-10T00:00:00,fhrs_5_en-gb,5,,FHRS,-0.131245,51.634275,0.0,5.0,0.0,Asda,asda,"130 Chase Side, LONDON, N14 5PW",NEEDS_CHECK,Asda store format unclear from FHRS record
Petrol Station,Crown Road,ENFIELD,,Sainsbury's,Retailers - supermarkets/hypermarkets,7840,0,,316343,PI/000035029,510,environmental.health@enfield.gov.uk,Enfield,http://www.enfield.gov.uk/,False,,EN1 1TH,1901-01-01T00:00:00,fhrs_awaitinginspection_en-gb,AwaitingInspection,,FHRS,-0.05287,51.652731,,,,Sainsbury's,sainsbury's,"Petrol Station, Crown Road, ENFIELD, EN1 1TH",NEEDS_CHECK,Sainsbury's store format unclear from FHRS record
28 Crown Road,ENFIELD,,,Dhamecha Cash & Carry,Retailers - supermarkets/hypermarkets,7840,0,,316345,PI/000035036,510,environmental.health@enfield.gov.uk,Enfield,http://www.enfield.gov.uk/,False,,EN1 1TH,2025-02-15T00:00:00,fhrs_5_en-gb,5,,FHRS,-0.05287,51.652731,0.0,0.0,0.0,,dhamecha cash & carry,"28 Crown Road, ENFIELD, EN1 1TH",NEEDS_CHECK,Independent or other supermarket
3 Crown Road,ENFIELD,,,Sainsbury's,Retailers - supermarkets/hypermarkets,7840,0,,316346,PI/000035042,510,environmental.health@enfield.gov.uk,Enfield,http://www.enfield.gov.uk/,False,,EN1 1TH,2025-07-29T00:00:00,fhrs_5_en-gb,5,,FHRS,-0.05287,51.652731,5.0,5.0,0.0,Sainsbury's,sainsbury's,"3 Crown Road, ENFIELD, EN1 1TH",NEEDS_CHECK,Sainsbury's store format unclear from FHRS record
1 Florey Square,LONDON,,,Sainsbury's,Retailers - supermarkets/hypermarkets,7840,0,,316401,PI/000046009,510,environmental.health@enfield.gov.uk,Enfield,http://www.enfield.gov.uk/,False,,N21 1UJ,2026-05-22T00:00:00,fhrs_5_en-gb,5,,FHRS,-0.1106,51.646327,0.0,0.0,0.0,Sainsbury's,sainsbury's,"1 Florey Square, LONDON, N21 1UJ",NEEDS_CHECK,Sainsbury's store format unclear from FHRS record
1 Glover Drive,LONDON,,,Tesco,Retailers - supermarkets/hypermarkets,7840,0,,316483,PI/000050616,510,environmental.health@enfield.gov.uk,Enfield,http://www.enfield.gov.uk/,False,,N18 3HF,2025-06-16T00:00:00,fhrs_5_en-gb,5,,FHRS,-0.046845,51.608244,5.0,5.0,5.0,Tesco,tesco,"1 Glover Drive, LONDON, N18 3HF",NEEDS_CHECK,Tesco store format unclear from FHRS record
681 Green Lanes,LONDON,,,Sainsbury's,Retailers - supermarkets/hypermarkets,7840,0,,316518,PI/000053712,510,environmental.health@enfield.gov.uk,Enfield,http://www.enfield.gov.uk/,False,,N21 3RS,2025-03-14T00:00:00,fhrs_5_en-gb,5,,FHRS,-0.097126,51.630517,5.0,5.0,5.0,Sainsbury's,sainsbury's,"681 Green Lanes, LONDON, N21 3RS",NEEDS_CHECK,Sainsbury's store format unclear from FHRS record
810 Green Lanes,LONDON,,,Tesco,Retailers - supermarkets/hypermarkets,7840,0,,316532,PI/000053871,510,environmental.health@enfield.gov.uk,Enfield,http://www.enfield.gov.uk/,False,,N21 2SA,1901-01-01T00:00:00,fhrs_awaitinginspection_en-gb,AwaitingInspection,,FHRS,-0.093848,51.633216,,,,Tesco,tesco,"810 Green Lanes, LONDON, N21 2SA",NEEDS_CHECK,Tesco store format unclear from FHRS record
439 Hertford Road,ENFIELD,,,Tesco,Retailers - supermarkets/hypermarkets,7840,0,,316649,PI/000060982,510,environmental.health@enfield.gov.uk,Enfield,http://www.enfield.gov.uk/,False,,EN3 5UT,2025-11-16T00:00:00,fhrs_5_en-gb,5,,FHRS,-0.042562,51.666489,5.0,5.0,0.0,Tesco,tesco,"439 Hertford Road, ENFIELD, EN3 5UT",NEEDS_CHECK,Tesco store format unclear from FHRS record
Tesco,54-56 Island Centre Way,ENFIELD,,TESCO,Retailers - supermarkets/hypermarkets,7840,0,,316761,PI/000067002,510,environmental.health@enfield.gov.uk,Enfield,http://www.enfield.gov.uk/,False,,EN3 6GS,2023-08-15T00:00:00,fhrs_5_en-gb,5,,FHRS,-0.01621937,51.66836384,0.0,5.0,0.0,Tesco,tesco,"Tesco, 54-56 Island Centre Way, ENFIELD, EN3 6GS",NEEDS_CHECK,Tesco store format unclear from FHRS record
54 Palace Gardens,ENFIELD,,,Marks & Spencer,Retailers - supermarkets/hypermarkets,7840,0,,316946,PI/000092457,510,environmental.health@enfield.gov.uk,Enfield,http://www.enfield.gov.uk/,False,,EN2 6SN,2026-06-05T00:00:00,fhrs_4_en-gb,4,,FHRS,-0.083492,51.651284,5.0,10.0,5.0,M&S,marks & spencer,"54 Palace Gardens, ENFIELD, EN2 6SN",NEEDS_CHECK,Larger M&S store: bakery provision to confirm
8-12 Palace Gardens,ENFIELD,,,Waitrose,Retailers - supermarkets/hypermarkets,7840,0,,316948,PI/000092461,510,environmental.health@enfield.gov.uk,Enfield,http://www.enfield.gov.uk/,False,,EN2 6SN,2026-06-24T00:00:00,fhrs_5_en-gb,5,,FHRS,-0.083492,51.651284,0.0,5.0,5.0,Waitrose,waitrose,"8-12 Palace Gardens, ENFIELD, EN2 6SN",NEEDS_CHECK,Full Waitrose store: bakery provision to confirm
Supermarket,Savoy Parade,Southbury Road,ENFIELD,Tesco,Retailers - supermarkets/hypermarkets,7840,0,,317042,PI/000105930,510,environmental.health@enfield.gov.uk,Enfield,http://www.enfield.gov.uk/,False,,EN1 1RT,2024-08-30T00:00:00,fhrs_4_en-gb,4,,FHRS,-0.076197,51.652171,0.0,10.0,5.0,Tesco,tesco,"Supermarket, Savoy Parade, Southbury Road, EN1 1RT",NEEDS_CHECK,Tesco store format unclear from FHRS record
21 Winchmore Hill Road,LONDON,,,Marks & Spencer Simply Foods,Retailers - supermarkets/hypermarkets,7840,0,,317200,PI/000125571,510,environmental.health@enfield.gov.uk,Enfield,http://www.enfield.gov.uk/,False,,N14 6AQ,1901-01-01T00:00:00,fhrs_awaitinginspection_en-gb,AwaitingInspection,,FHRS,-0.125201,51.633657,,,,M&S,marks & spencer simply foods,"21 Winchmore Hill Road, LONDON, N14 6AQ",NEEDS_CHECK,Larger M&S store: bakery provision to confirm
2B Hedge Lane,Southgate,,,Yasar Halim Supermarket,Retailers - supermarkets/hypermarkets,7840,0,,317262,PI/000132750,510,environmental.health@enfield.gov.uk,Enfield,http://www.enfield.gov.uk/,False,,N13 5SH,2026-01-28T00:00:00,fhrs_5_en-gb,5,,FHRS,-0.101728,51.622723,5.0,5.0,5.0,,yasar halim supermarket,"2B Hedge Lane, Southgate, N13 5SH",NEEDS_CHECK,Independent or other supermarket
1 West Mall,LONDON,,,Asda,Retailers - supermarkets/hypermarkets,7840,0,,317838,PI/000165796,510,environmental.health@enfield.gov.uk,Enfield,http://www.enfield.gov.uk/,False,,N9 0AL,2026-04-21T00:00:00,fhrs_5_en-gb,5,,FHRS,-0.059583,51.623149,,,,Asda,asda,"1 West Mall, LONDON, N9 0AL",NEEDS_CHECK,Asda store format unclear from FHRS record
131 St Marks Road,ENFIELD,,,Sainsbury's,Retailers - supermarkets/hypermarkets,7840,0,,317904,PI/000167253,510,environmental.health@enfield.gov.uk,Enfield,http://www.enfield.gov.uk/,False,,EN1 1BA,2021-12-11T00:00:00,fhrs_5_en-gb,5,,FHRS,-0.06896,51.641846,0.0,5.0,5.0,Sainsbury's,sainsbury's,"131 St Marks Road, ENFIELD, EN1 1BA",NEEDS_CHECK,Sainsbury's store format unclear from FHRS record
5 Clock Parade,London Road,Enfield,,Sainsbury's,Retailers - supermarkets/hypermarkets,7840,0,,317959,PI/000167927,510,environmental.health@enfield.gov.uk,Enfield,http://www.enfield.gov.uk/,False,,EN2 6JG,2024-01-25T00:00:00,fhrs_5_en-gb,5,,FHRS,-0.080649,51.645689,0.0,5.0,0.0,Sainsbury's,sainsbury's,"5 Clock Parade, London Road, Enfield, EN2 6JG",NEEDS_CHECK,Sainsbury's store format unclear from FHRS record
15A-15B Eley Road,LONDON,,,Holland Bazaar,Retailers - supermarkets/hypermarkets,7840,0,,668077,PI/000177619,510,environmental.health@enfield.gov.uk,Enfield,http://www.enfield.gov.uk/,False,,N18 3BH,2025-04-23T00:00:00,fhrs_5_en-gb,5,,FHRS,-0.046451,51.61607,0.0,0.0,0.0,,holland bazaar,"15A-15B Eley Road, LONDON, N18 3BH",NEEDS_CHECK,Independent or other supermarket
Unit 4,67 High Street,ENFIELD,,Asda,Retailers - supermarkets/hypermarkets,7840,0,,747403,PI/000178580,510,environmental.health@enfield.gov.uk,Enfield,http://www.enfield.gov.uk/,False,,EN3 4EF,2025-02-13T00:00:00,fhrs_4_en-gb,4,,FHRS,-0.046979,51.641456,0.0,10.0,5.0,Asda,asda,"Unit 4, 67 High Street, ENFIELD, EN3 4EF",NEEDS_CHECK,Asda store format unclear from FHRS record
340-344 Green Lanes,LONDON,,,Sainsbury's,Retailers - supermarkets/hypermarkets,7840,0,,828848,PI/000177527,510,environmental.health@enfield.gov.uk,Enfield,http://www.enfield.gov.uk/,False,,N13 5TW,1901-01-01T00:00:00,fhrs_awaitinginspection_en-gb,AwaitingInspection,,FHRS,-0.10676,51.619486,,,,Sainsbury's,sainsbury's,"340-344 Green Lanes, LONDON, N13 5TW",NEEDS_CHECK,Sainsbury's store format unclear from FHRS record
70 Lancaster Road,ENFIELD,,,Sainsbury's,Retailers - supermarkets/hypermarkets,7840,0,,866203,PI/000160084,510,environmental.health@enfield.gov.uk,Enfield,http://www.enfield.gov.uk/,False,,EN2 0BX,1901-01-01T00:00:00,fhrs_awaitinginspection_en-gb,AwaitingInspection,,FHRS,-0.080908,51.663839,,,,Sainsbury's,sainsbury's,"70 Lancaster Road, ENFIELD, EN2 0BX",NEEDS_CHECK,Sainsbury's store format unclear from FHRS record
213-215 Baker Street,ENFIELD,,,One Stop Shop,Retailers - supermarkets/hypermarkets,7840,0,,954848,PI/000181528,510,environmental.health@enfield.gov.uk,Enfield,http://www.enfield.gov.uk/,False,,EN1 3LA,2020-02-12T00:00:00,fhrs_5_en-gb,5,,FHRS,-0.078696,51.661087,5.0,0.0,0.0,,one stop shop,"213-215 Baker Street, ENFIELD, EN1 3LA",NEEDS_CHECK,Independent or other supermarket
2-4 Heddon Court Parade,Cockfosters Road,BARNET,,Sainsbury's,Retailers - supermarkets/hypermarkets,7840,0,,972249,PI/000182555,510,environmental.health@enfield.gov.uk,Enfield,http://www.enfield.gov.uk/,False,,EN4 0DB,1901-01-01T00:00:00,fhrs_awaitinginspection_en-gb,AwaitingInspection,,FHRS,-0.147577,51.647312,,,,Sainsbury's,sainsbury's,"2-4 Heddon Court Parade, Cockfosters Road, BARNET, EN4 0DB",NEEDS_CHECK,Sainsbury's store format unclear from FHRS record
38-42 Windmill Hill,ENFIELD,,,Waitrose,Retailers - supermarkets/hypermarkets,7840,0,,972250,PI/000182556,510,environmental.health@enfield.gov.uk,Enfield,http://www.enfield.gov.uk/,False,,EN2 7AS,1901-01-01T00:00:00,fhrs_awaitinginspection_en-gb,AwaitingInspection,,FHRS,,,,,,Waitrose,waitrose,"38-42 Windmill Hill, ENFIELD, EN2 7AS",NEEDS_CHECK,Full Waitrose store: bakery provision to confirm
20-22 Green Lanes,LONDON,,,Bracia,Retailers - supermarkets/hypermarkets,7840,0,,1005631,PI/000179688,510,environmental.health@enfield.gov.uk,Enfield,http://www.enfield.gov.uk/,True,,N13 6HT,2025-03-21T00:00:00,fhrs_3_en-gb,3,,FHRS,-0.109346002340317,51.6107978820801,5.0,10.0,10.0,,bracia,"20-22 Green Lanes, LONDON, N13 6HT",NEEDS_CHECK,Independent or other supermarket
25 Green Lanes,LONDON,,,Aida Supermarket,Retailers - supermarkets/hypermarkets,7840,0,,1019420,PI/000178686,510,environmental.health@enfield.gov.uk,Enfield,http://www.enfield.gov.uk/,True,,N13 4TN,2020-01-18T00:00:00,fhrs_5_en-gb,5,,FHRS,-0.110440999269485,51.6091232299805,0.0,5.0,5.0,,aida supermarket,"25 Green Lanes, LONDON, N13 4TN",NEEDS_CHECK,Independent or other supermarket
254-256 Hertford Road,ENFIELD,,,Enfield Pound Plus,Retailers - supermarkets/hypermarkets,7840,0,,1024327,PI/000182070,510,environmental.health@enfield.gov.uk,Enfield,http://www.enfield.gov.uk/,False,,EN3 5BL,2023-06-21T00:00:00,fhrs_5_en-gb,5,,FHRS,-0.047594,51.658426,0.0,0.0,0.0,,enfield pound plus,"254-256 Hertford Road, ENFIELD, EN3 5BL",NEEDS_CHECK,Independent or other supermarket
889 Green Lanes,LONDON,,,Waitrose,Retailers - supermarkets/hypermarkets,7840,0,,1030258,PI/000179681,510,environmental.health@enfield.gov.uk,Enfield,http://www.enfield.gov.uk/,False,,N21 2QP,2026-06-24T00:00:00,fhrs_5_en-gb,5,,FHRS,-0.0932520031929016,51.6353645324707,0.0,5.0,0.0,Waitrose,waitrose,"889 Green Lanes, LONDON, N21 2QP",NEEDS_CHECK,Full Waitrose store: bakery provision to confirm
236 Hertford Road,ENFIELD,,,Ayaz Food Centre,Retailers - supermarkets/hypermarkets,7840,0,,1071981,PI/000184357,510,environmental.health@enfield.gov.uk,Enfield,http://www.enfield.gov.uk/,False,,EN3 5BL,2024-09-13T00:00:00,fhrs_3_en-gb,3,,FHRS,-0.047594,51.658426,10.0,10.0,10.0,,ayaz food centre,"236 Hertford Road, ENFIELD, EN3 5BL",NEEDS_CHECK,Independent or other supermarket
102 Tottenhall Road,LONDON,,,Bodrum Supermarket,Retailers - supermarkets/hypermarkets,7840,0,,1130449,PI/000183881,510,environmental.health@enfield.gov.uk,Enfield,http://www.enfield.gov.uk/,False,,N13 6DG,2026-04-08T00:00:00,fhrs_3_en-gb,3,,FHRS,-0.101593,51.611076,5.0,10.0,10.0,,bodrum supermarket,"102 Tottenhall Road, LONDON, N13 6DG",NEEDS_CHECK,Independent or other supermarket
368 Bowes Road,LONDON,,,Arnos Grove Food Centre,Retailers - supermarkets/hypermarkets,7840,0,,1130454,PI/000184461,510,environmental.health@enfield.gov.uk,Enfield,http://www.enfield.gov.uk/,False,,N11 1AH,2026-02-12T00:00:00,fhrs_5_en-gb,5,,FHRS,-0.135646,51.616451,0.0,5.0,5.0,,arnos grove food centre,"368 Bowes Road, LONDON, N11 1AH",NEEDS_CHECK,Independent or other supermarket
282 High Street,ENFIELD,,,Nue Supermarket,Retailers - supermarkets/hypermarkets,7840,0,,1138188,PI/000185497,510,environmental.health@enfield.gov.uk,Enfield,http://www.enfield.gov.uk/,False,,EN3 4HF,2025-06-24T00:00:00,fhrs_3_en-gb,3,,FHRS,-0.0469711,51.6474553,10.0,10.0,10.0,,nue supermarket,"282 High Street, ENFIELD, EN3 4HF",NEEDS_CHECK,Independent or other supermarket
360-362 Green Lanes,LONDON,,,S T Food & Wine,Retailers - supermarkets/hypermarkets,7840,0,,1217172,PI/000187004,510,environmental.health@enfield.gov.uk,Enfield,http://www.enfield.gov.uk/,False,,N13 5TJ,2024-11-02T00:00:00,fhrs_4_en-gb,4,,FHRS,-0.106206,51.620305,5.0,5.0,10.0,,s t food & wine,"360-362 Green Lanes, LONDON, N13 5TJ",NEEDS_CHECK,Independent or other supermarket
65 Bounces Road,LONDON,,,Oz Sultan Supermarket & Off Licence,Retailers - supermarkets/hypermarkets,7840,0,,1241740,PI/000186838,510,environmental.health@enfield.gov.uk,Enfield,http://www.enfield.gov.uk/,False,,N9 8JE,2025-07-02T00:00:00,fhrs_5_en-gb,5,,FHRS,-0.052577,51.628537,0.0,0.0,5.0,,oz sultan supermarket & off licence,"65 Bounces Road, LONDON, N9 8JE",NEEDS_CHECK,Independent or other supermarket
602-606 Hertford Road,ENFIELD,,,Enfield Food Centre,Retailers - supermarkets/hypermarkets,7840,0,,1272636,PI/000185090,510,environmental.health@enfield.gov.uk,Enfield,http://www.enfield.gov.uk/,False,,EN3 5SX,2025-04-23T00:00:00,fhrs_5_en-gb,5,,FHRS,-0.0414153,51.6697091,5.0,5.0,0.0,,enfield food centre,"602-606 Hertford Road, ENFIELD, EN3 5SX",NEEDS_CHECK,Independent or other supermarket
Unit 2,46 East Duck Lees Lane,ENFIELD,,Holland Bazaar Ltd,Retailers - supermarkets/hypermarkets,7840,0,,1416888,PI/000190026,510,environmental.health@enfield.gov.uk,Enfield,http://www.enfield.gov.uk/,False,,EN3 7SR,2025-01-04T00:00:00,fhrs_5_en-gb,5,,FHRS,-0.0295728,51.6466692,0.0,0.0,5.0,,holland bazaar ltd,"Unit 2, 46 East Duck Lees Lane, ENFIELD, EN3 7SR",NEEDS_CHECK,Independent or other supermarket
285 Hertford Road,LONDON,,,Family Food centre,Retailers - supermarkets/hypermarkets,7840,0,,1450370,PI/000189358,510,environmental.health@enfield.gov.uk,Enfield,http://www.enfield.gov.uk/,False,,N9 7ES,2024-12-21T00:00:00,fhrs_4_en-gb,4,,FHRS,-0.0538386,51.6336038,5.0,5.0,10.0,,family food centre,"285 Hertford Road, LONDON, N9 7ES",NEEDS_CHECK,Independent or other supermarket
Unit 2,2-4 Winchmore Hill Road,Southgate,,Yasar Halim,Retailers - supermarkets/hypermarkets,7840,0,,1488232,PI/000189994,510,environmental.health@enfield.gov.uk,Enfield,http://www.enfield.gov.uk/,False,,N14 6PT,2025-03-09T00:00:00,fhrs_5_en-gb,5,,FHRS,-0.1259658,51.6327456,0.0,0.0,0.0,,yasar halim,"Unit 2, 2-4 Winchmore Hill Road, Southgate, N14 6PT",NEEDS_CHECK,Independent or other supermarket
5 Market Square,LONDON,,,Mauritian Foods Online,Retailers - supermarkets/hypermarkets,7840,0,,1567792,PI/000191643,510,environmental.health@enfield.gov.uk,Enfield,http://www.enfield.gov.uk/,False,,N9 0TZ,2026-02-24T00:00:00,fhrs_3_en-gb,3,,FHRS,-0.0579844,51.6241763,10.0,10.0,5.0,,mauritian foods online,"5 Market Square, LONDON, N9 0TZ",NEEDS_CHECK,Independent or other supermarket
Unit 1 To 8,Centenary Estate,Centenary Road,ENFIELD,Star Catering,Retailers - supermarkets/hypermarkets,7840,0,,1603299,PI/000192190,510,environmental.health@enfield.gov.uk,Enfield,http://www.enfield.gov.uk/,False,,EN3 7UF,2025-06-18T00:00:00,fhrs_3_en-gb,3,,FHRS,-0.0266076,51.6493801,10.0,10.0,5.0,,star catering,"Unit 1 To 8, Centenary Estate, Centenary Road, EN3 7UF",NEEDS_CHECK,Independent or other supermarket
37 Green Lanes,LONDON,,,Kaya Food Centre,Retailers - supermarkets/hypermarkets,7840,0,,1634760,PI/000192355,510,environmental.health@enfield.gov.uk,Enfield,http://www.enfield.gov.uk/,False,,N13 4TN,2025-05-28T00:00:00,fhrs_3_en-gb,3,,FHRS,-0.110441,51.609123,10.0,5.0,10.0,,kaya food centre,"37 Green Lanes, LONDON, N13 4TN",NEEDS_CHECK,Independent or other supermarket
177 Fore Street,LONDON,,,Casa Mea,Retailers - supermarkets/hypermarkets,7840,0,,1656165,PI/000193082,510,environmental.health@enfield.gov.uk,Enfield,http://www.enfield.gov.uk/,False,,N18 2XB,2026-04-20T00:00:00,fhrs_5_en-gb,5,,FHRS,-0.06489,51.613858,5.0,5.0,5.0,,casa mea,"177 Fore Street, LONDON, N18 2XB",NEEDS_CHECK,Independent or other supermarket
37 Palace Gardens,ENFIELD,,,UUGO,Retailers - supermarkets/hypermarkets,7840,0,,1709320,PI/000194710,510,environmental.health@enfield.gov.uk,Enfield,http://www.enfield.gov.uk/,False,,EN2 6SN,2024-07-22T00:00:00,fhrs_5_en-gb,5,,FHRS,-0.083491,51.651283,5.0,5.0,5.0,,uugo,"37 Palace Gardens, ENFIELD, EN2 6SN",NEEDS_CHECK,Independent or other supermarket
Unit 2 Alexandra Business Centre,278 Alma Road,ENFIELD,,Tahtakale Wholesale,Retailers - supermarkets/hypermarkets,7840,0,,1767259,PI/000186920,510,environmental.health@enfield.gov.uk,Enfield,http://www.enfield.gov.uk/,False,,EN3 7BB,2025-12-03T00:00:00,fhrs_4_en-gb,4,,FHRS,-0.0352593,51.6495435,0.0,0.0,10.0,,tahtakale wholesale,"Unit 2 Alexandra Business Centre, 278 Alma Road, ENFIELD, EN3 7BB",NEEDS_CHECK,Independent or other supermarket
Unit 5 Martinbridge Industrial Estate,240-242 Lincoln Road,ENFIELD,,Caaveri Ltd,Retailers - supermarkets/hypermarkets,7840,0,,1798447,PI/000197290,510,environmental.health@enfield.gov.uk,Enfield,http://www.enfield.gov.uk/,False,,EN1 1SP,2026-04-15T00:00:00,fhrs_4_en-gb,4,,FHRS,-0.058017,51.645604,5.0,5.0,10.0,,caaveri ltd,"Unit 5 Martinbridge Industrial Estate, 240-242 Lincoln Road, ENFIELD, EN1 1SP",NEEDS_CHECK,Independent or other supermarket
212 Baker Street,ENFIELD,,,Xquisite Foodz,Retailers - supermarkets/hypermarkets,7840,0,,1892348,PI/000200031,510,environmental.health@enfield.gov.uk,Enfield,http://www.enfield.gov.uk/,False,,EN1 3JY,2025-10-28T00:00:00,fhrs_5_en-gb,5,,FHRS,-0.079489,51.6605723,0.0,0.0,5.0,,xquisite foodz,"212 Baker Street, ENFIELD, EN1 3JY",NEEDS_CHECK,Independent or other supermarket
,,,,Oakwood Local,Retailers - supermarkets/hypermarkets,7840,0,,1895884,PI/000208037,510,environmental.health@enfield.gov.uk,Enfield,http://www.enfield.gov.uk/,False,,N14 ,2025-11-23T00:00:00,fhrs_5_en-gb,5,,FHRS,,,0.0,0.0,5.0,,oakwood local,N14,NEEDS_CHECK,Independent or other supermarket
25 Calderwood Street,,Woolwich,Greenwich,Sainsbury's,Retailers - supermarkets/hypermarkets,7840,0,,694162,PI/000025965,511,Food.Concerns@royalgreenwich.gov.uk,Greenwich,http://www.royalgreenwich.gov.uk,False,,SE18 6QW,2024-08-14T00:00:00,fhrs_5_en-gb,5,,FHRS,0.0646784,51.4911007,0.0,0.0,0.0,Sainsbury's,sainsbury's,"25 Calderwood Street, Woolwich, SE18 6QW",NEEDS_CHECK,Sainsbury's store format unclear from FHRS record
115 - 123 Eltham High Street,,Eltham,Greenwich,Marks & Spencer,Retailers - supermarkets/hypermarkets,7840,0,,694271,PI/000051936,511,Food.Concerns@royalgreenwich.gov.uk,Greenwich,http://www.royalgreenwich.gov.uk,False,,SE9 1TQ,2026-03-21T00:00:00,fhrs_5_en-gb,5,,FHRS,0.0550438,51.4510921,0.0,5.0,0.0,M&S,marks & spencer,"115 - 123 Eltham High Street, Eltham, SE9 1TQ",NEEDS_CHECK,Larger M&S store: bakery provision to confirm
12 - 16 Hare Street,,Woolwich,Greenwich,Boots The Chemist Ltd,Retailers - supermarkets/hypermarkets,7840,0,,694400,PI/000072027,511,Food.Concerns@royalgreenwich.gov.uk,Greenwich,http://www.royalgreenwich.gov.uk,False,,SE18 6NB,2025-02-25T00:00:00,fhrs_5_en-gb,5,,FHRS,0.0644924,51.4925574,0.0,0.0,0.0,,boots the chemist ltd,"12 - 16 Hare Street, Woolwich, SE18 6NB",NEEDS_CHECK,Independent or other supermarket
196 - 200 Shooters Hill Road,,Blackheath,Greenwich,Co- Op Late Shop,Retailers - supermarkets/hypermarkets,7840,0,,694713,PI/000132672,511,Food.Concerns@royalgreenwich.gov.uk,Greenwich,http://www.royalgreenwich.gov.uk,False,,SE3 8RP,2024-06-05T00:00:00,fhrs_5_en-gb,5,,FHRS,0.0350964,51.4744259,0.0,0.0,0.0,,co- op late shop,"196 - 200 Shooters Hill Road, Blackheath, SE3 8RP",NEEDS_CHECK,Independent or other supermarket
59 - 63 Sibthorpe Road,,Eltham,Greenwich,Nisa,Retailers - supermarkets/hypermarkets,7840,0,,694719,PI/000133752,511,Food.Concerns@royalgreenwich.gov.uk,Greenwich,http://www.royalgreenwich.gov.uk,False,,SE12 9DN,2025-02-20T00:00:00,fhrs_4_en-gb,4,,FHRS,0.0264171,51.4473567,5.0,5.0,10.0,,nisa,"59 - 63 Sibthorpe Road, Eltham, SE12 9DN",NEEDS_CHECK,Independent or other supermarket
7 - 8 Thames Reach,,Thamesmead,Greenwich,Tesco,Retailers - supermarkets/hypermarkets,7840,0,,695003,PI/000171503,511,Food.Concerns@royalgreenwich.gov.uk,Greenwich,http://www.royalgreenwich.gov.uk,False,,SE28 0NY,2023-03-27T00:00:00,fhrs_5_en-gb,5,,FHRS,0.0902181,51.4989512,0.0,0.0,5.0,Tesco,tesco,"7 - 8 Thames Reach, Thamesmead, SE28 0NY",NEEDS_CHECK,Tesco store format unclear from FHRS record
17 Stratheden Parade,,Blackheath,Greenwich,Marks & Spencer Simply Foods,Retailers - supermarkets/hypermarkets,7840,0,,695060,PI/000174625,511,Food.Concerns@royalgreenwich.gov.uk,Greenwich,http://www.royalgreenwich.gov.uk,False,,SE3 7SX,2024-10-22T00:00:00,fhrs_5_en-gb,5,,FHRS,0.0201653,51.4767032,0.0,0.0,0.0,M&S,marks & spencer simply foods,"17 Stratheden Parade, Blackheath, SE3 7SX",NEEDS_CHECK,Larger M&S store: bakery provision to confirm
142 - 146 Trafalgar Road,,Greenwich,,Tesco,Retailers - supermarkets/hypermarkets,7840,0,,695065,PI/000174756,511,Food.Concerns@royalgreenwich.gov.uk,Greenwich,http://www.royalgreenwich.gov.uk,False,,SE10 9TZ,2025-03-17T00:00:00,fhrs_5_en-gb,5,,FHRS,0.0033129,51.4845874,0.0,5.0,0.0,Tesco,tesco,"142 - 146 Trafalgar Road, Greenwich, SE10 9TZ",NEEDS_CHECK,Tesco store format unclear from FHRS record
Petrol Filling Station 39 - 41 Eltham High Street,,Eltham,Greenwich,Tesco,Retailers - supermarkets/hypermarkets,7840,0,,695147,PI/000176678,511,Food.Concerns@royalgreenwich.gov.uk,Greenwich,http://www.royalgreenwich.gov.uk,False,,SE9 1DH,2026-02-12T00:00:00,fhrs_5_en-gb,5,,FHRS,0.0502387,51.4514919,0.0,5.0,0.0,Tesco,tesco,"Petrol Filling Station 39 - 41 Eltham High Street, Eltham, SE9 1DH",NEEDS_CHECK,Tesco store format unclear from FHRS record
Petrol Filling Station 39 - 41 Eltham High Street,,Eltham,Greenwich,Tesco,Retailers - supermarkets/hypermarkets,7840,0,,695147,PI/000176678,511,Food.Concerns@royalgreenwich.gov.uk,Greenwich,http://www.royalgreenwich.gov.uk,False,,SE9 1DH,2026-02-12T00:00:00,fhrs_5_en-gb,5,,FHRS,0.0502387,51.4514919,0.0,5.0,0.0,Tesco,tesco,"Petrol Filling Station 39 - 41 Eltham High Street, Eltham, SE9 1DH",NEEDS_CHECK,Tesco store format unclear from FHRS record
Unit 2 Lombard Trading Estate Anchor And Hope Lane,,Charlton,Greenwich,Duc Tien,Retailers - supermarkets/hypermarkets,7840,0,,695207,PI/000178012,511,Food.Concerns@royalgreenwich.gov.uk,Greenwich,http://www.royalgreenwich.gov.uk,False,,SE7 7SN,2024-05-20T00:00:00,fhrs_4_en-gb,4,,FHRS,0.0291923,51.4912908,0.0,0.0,10.0,,duc tien,"Unit 2 Lombard Trading Estate Anchor And Hope Lane, Charlton, SE7 7SN",NEEDS_CHECK,Independent or other supermarket
231 - 235 Greenwich High Road,,Greenwich,,Sainsbury's,Retailers - supermarkets/hypermarkets,7840,0,,695284,PI/000182107,511,Food.Concerns@royalgreenwich.gov.uk,Greenwich,http://www.royalgreenwich.gov.uk,False,,SE10 8NB,2024-03-04T00:00:00,fhrs_5_en-gb,5,,FHRS,-0.0113778,51.4789371,0.0,0.0,0.0,Sainsbury's,sainsbury's,"231 - 235 Greenwich High Road, Greenwich, SE10 8NB",NEEDS_CHECK,Sainsbury's store format unclear from FHRS record
7 Green Place,,Greenwich,,Tesco,Retailers - supermarkets/hypermarkets,7840,0,,695333,PI/000183168,511,Food.Concerns@royalgreenwich.gov.uk,Greenwich,http://www.royalgreenwich.gov.uk,False,,SE10 0PE,2025-06-04T00:00:00,fhrs_5_en-gb,5,,FHRS,0.0061601,51.5006966,0.0,0.0,0.0,Tesco,tesco,"7 Green Place, Greenwich, SE10 0PE",NEEDS_CHECK,Tesco store format unclear from FHRS record
10 Odeon Parade Well Hall Road,,Eltham,Greenwich,Tesco,Retailers - supermarkets/hypermarkets,7840,0,,695358,PI/000183637,511,Food.Concerns@royalgreenwich.gov.uk,Greenwich,http://www.royalgreenwich.gov.uk,False,,SE9 6BZ,2024-07-02T00:00:00,fhrs_5_en-gb,5,,FHRS,0.0494114,51.4593917,0.0,0.0,0.0,Tesco,tesco,"10 Odeon Parade Well Hall Road, Eltham, SE9 6BZ",NEEDS_CHECK,Tesco store format unclear from FHRS record
1 Victoria Parade,,Greenwich,,Waitrose,Retailers - supermarkets/hypermarkets,7840,0,,695490,PI/000186768,511,Food.Concerns@royalgreenwich.gov.uk,Greenwich,http://www.royalgreenwich.gov.uk,False,,SE10 9FR,2025-08-29T00:00:00,fhrs_5_en-gb,5,,FHRS,-0.0160386,51.4822771,0.0,0.0,0.0,Waitrose,waitrose,"1 Victoria Parade, Greenwich, SE10 9FR",NEEDS_CHECK,Full Waitrose store: bakery provision to confirm
308 Creek Road,,Deptford,Greenwich,Tesco,Retailers - supermarkets/hypermarkets,7840,0,,695528,PI/000187746,511,Food.Concerns@royalgreenwich.gov.uk,Greenwich,http://www.royalgreenwich.gov.uk,False,,SE10 9SW,2025-03-15T00:00:00,fhrs_5_en-gb,5,,FHRS,-0.0112589,51.4813216,0.0,0.0,0.0,Tesco,tesco,"308 Creek Road, Deptford, SE10 9SW",NEEDS_CHECK,Tesco store format unclear from FHRS record
3 - 4 Fenton Parade Woolwich Road,,Greenwich,,Sainsbury's,Retailers - supermarkets/hypermarkets,7840,0,,699975,PI/000192316,511,Food.Concerns@royalgreenwich.gov.uk,Greenwich,http://www.royalgreenwich.gov.uk,False,,SE10 0FY,2024-11-26T00:00:00,fhrs_5_en-gb,5,,FHRS,0.0096918,51.4861199,0.0,0.0,0.0,Sainsbury's,sainsbury's,"3 - 4 Fenton Parade Woolwich Road, Greenwich, SE10 0FY",NEEDS_CHECK,Sainsbury's store format unclear from FHRS record
2 Joyce Dawson Way,,Thamesmead,Greenwich,Poundland,Retailers - supermarkets/hypermarkets,7840,0,,732588,PI/000195888,511,Food.Concerns@royalgreenwich.gov.uk,Greenwich,http://www.royalgreenwich.gov.uk,False,,SE28 8RA,2024-09-26T00:00:00,fhrs_5_en-gb,5,,FHRS,0.1062213,51.5072525,0.0,0.0,5.0,,poundland,"2 Joyce Dawson Way, Thamesmead, SE28 8RA",NEEDS_CHECK,Independent or other supermarket
33 - 37 Charlton Church Lane,,Charlton,Greenwich,Sainsbury's,Retailers - supermarkets/hypermarkets,7840,0,,741739,PI/000188404,511,Food.Concerns@royalgreenwich.gov.uk,Greenwich,http://www.royalgreenwich.gov.uk,False,,SE7 7AG,2024-02-09T00:00:00,fhrs_5_en-gb,5,,FHRS,0.0324421,51.4866442,0.0,5.0,5.0,Sainsbury's,sainsbury's,"33 - 37 Charlton Church Lane, Charlton, SE7 7AG",NEEDS_CHECK,Sainsbury's store format unclear from FHRS record
132 Nathan Way,,Thamesmead,Greenwich,Ades Limited,Retailers - supermarkets/hypermarkets,7840,0,,747149,PI/000193719,511,Food.Concerns@royalgreenwich.gov.uk,Greenwich,http://www.royalgreenwich.gov.uk,False,,SE28 0AU,2023-11-15T00:00:00,fhrs_5_en-gb,5,,FHRS,0.0984705,51.494847,0.0,0.0,0.0,,ades limited,"132 Nathan Way, Thamesmead, SE28 0AU",NEEDS_CHECK,Independent or other supermarket
7 - 11 Charlton Riverside Place Gallions Road,,Charlton,Greenwich,Sainsbury's,Retailers - supermarkets/hypermarkets,7840,0,,773032,PI/000196985,511,Food.Concerns@royalgreenwich.gov.uk,Greenwich,http://www.royalgreenwich.gov.uk,False,,SE7 7FA,2025-11-07T00:00:00,fhrs_4_en-gb,4,,FHRS,0.0261077,51.4888643,0.0,10.0,0.0,Sainsbury's,sainsbury's,"7 - 11 Charlton Riverside Place Gallions Road, Charlton, SE7 7FA",NEEDS_CHECK,Sainsbury's store format unclear from FHRS record
1 - 5 Charlton Riverside Place Gallions Road,,Charlton,Greenwich,Marks & Spencer,Retailers - supermarkets/hypermarkets,7840,0,,778695,PI/000197962,511,Food.Concerns@royalgreenwich.gov.uk,Greenwich,http://www.royalgreenwich.gov.uk,False,,SE7 7FA,2025-11-17T00:00:00,fhrs_5_en-gb,5,,FHRS,0.026298,51.4877589,0.0,0.0,0.0,M&S,marks & spencer,"1 - 5 Charlton Riverside Place Gallions Road, Charlton, SE7 7FA",NEEDS_CHECK,Larger M&S store: bakery provision to confirm
Unit 5 Stone Lake Retail Park 601 Woolwich Road,,Greenwich,,B&M Stores,Retailers - supermarkets/hypermarkets,7840,0,,805467,PI/000196728,511,Food.Concerns@royalgreenwich.gov.uk,Greenwich,http://www.royalgreenwich.gov.uk,False,,SE7 8LU,2025-11-03T00:00:00,fhrs_2_en-gb,2,,FHRS,0.0343746,51.4897954,0.0,15.0,0.0,,b&m stores,"Unit 5 Stone Lake Retail Park 601 Woolwich Road, Greenwich, SE7 8LU",NEEDS_CHECK,Independent or other supermarket
12 - 14 Creek Road,,Deptford,Greenwich,Sainsbury's,Retailers - supermarkets/hypermarkets,7840,0,,812230,PI/000185286,511,Food.Concerns@royalgreenwich.gov.uk,Greenwich,http://www.royalgreenwich.gov.uk,False,,SE8 3BN,2024-10-15T00:00:00,fhrs_5_en-gb,5,,FHRS,-0.0212873,51.480792,0.0,5.0,0.0,Sainsbury's,sainsbury's,"12 - 14 Creek Road, Deptford, SE8 3BN",NEEDS_CHECK,Sainsbury's store format unclear from FHRS record
Harrow Manorway,,Abbey Wood,Greenwich,Sainsbury's,Retailers - supermarkets/hypermarkets,7840,0,,812231,PI/000197123,511,Food.Concerns@royalgreenwich.gov.uk,Greenwich,http://www.royalgreenwich.gov.uk,False,,SE2 9SA,2025-03-25T00:00:00,fhrs_5_en-gb,5,,FHRS,,,0.0,5.0,0.0,Sainsbury's,sainsbury's,"Harrow Manorway, Abbey Wood, SE2 9SA",NEEDS_CHECK,Sainsbury's store format unclear from FHRS record
1A Philipot Path,,Eltham,Greenwich,Sainsbury's,Retailers - supermarkets/hypermarkets,7840,0,,816918,PI/000114827,511,Food.Concerns@royalgreenwich.gov.uk,Greenwich,http://www.royalgreenwich.gov.uk,False,,SE9 5DL,2026-03-02T00:00:00,fhrs_5_en-gb,5,,FHRS,0.0574953,51.449916,0.0,5.0,5.0,Sainsbury's,sainsbury's,"1A Philipot Path, Eltham, SE9 5DL",NEEDS_CHECK,Sainsbury's store format unclear from FHRS record
10 Major Draper Street,,Woolwich,Greenwich,Tesco,Retailers - supermarkets/hypermarkets,7840,0,,859292,PI/000191735,511,Food.Concerns@royalgreenwich.gov.uk,Greenwich,http://www.royalgreenwich.gov.uk,False,,SE18 6GD,2024-08-03T00:00:00,fhrs_5_en-gb,5,,FHRS,0.0710867,51.4925104,0.0,0.0,0.0,Tesco,tesco,"10 Major Draper Street, Woolwich, SE18 6GD",NEEDS_CHECK,Tesco store format unclear from FHRS record
57 Greenwich Church Street,,Greenwich,,Marks & Spencer,Retailers - supermarkets/hypermarkets,7840,0,,940025,PI/000068030,511,Food.Concerns@royalgreenwich.gov.uk,Greenwich,http://www.royalgreenwich.gov.uk,False,,SE10 9BL,2024-02-21T00:00:00,fhrs_5_en-gb,5,,FHRS,-0.0103804,51.4820177,0.0,5.0,0.0,M&S,marks & spencer,"57 Greenwich Church Street, Greenwich, SE10 9BL",NEEDS_CHECK,Larger M&S store: bakery provision to confirm
148 - 156 Plumstead High Street,,Plumstead,Greenwich,Poundland,Retailers - supermarkets/hypermarkets,7840,0,,1028778,PI/000204596,511,Food.Concerns@royalgreenwich.gov.uk,Greenwich,http://www.royalgreenwich.gov.uk,False,,,2024-05-21T00:00:00,fhrs_5_en-gb,5,,FHRS,0.0893575026992294,51.4884195010951,5.0,5.0,0.0,,poundland,"148 - 156 Plumstead High Street, Plumstead",NEEDS_CHECK,Independent or other supermarket
10 Victory Parade Plumstead Road,,Woolwich,Greenwich,Sainsbury's,Retailers - supermarkets/hypermarkets,7840,0,,1096746,PI/000195820,511,Food.Concerns@royalgreenwich.gov.uk,Greenwich,http://www.royalgreenwich.gov.uk,False,,SE18 6FL,2024-08-20T00:00:00,fhrs_5_en-gb,5,,FHRS,0.0719232,51.4914453,0.0,0.0,0.0,Sainsbury's,sainsbury's,"10 Victory Parade Plumstead Road, Woolwich, SE18 6FL",NEEDS_CHECK,Sainsbury's store format unclear from FHRS record
13 Pegler Square,,Kidbrooke,Greenwich,Sainsbury's,Retailers - supermarkets/hypermarkets,7840,0,,1152318,12801,511,Food.Concerns@royalgreenwich.gov.uk,Greenwich,http://www.royalgreenwich.gov.uk,False,,SE3 9FW,2024-09-03T00:00:00,fhrs_5_en-gb,5,,FHRS,0.0287849726965169,51.4662549657169,0.0,0.0,0.0,Sainsbury's,sainsbury's,"13 Pegler Square, Kidbrooke, SE3 9FW",NEEDS_CHECK,Sainsbury's store format unclear from FHRS record
70 - 72 Banning Street,,Greenwich,,Sainsbury's,Retailers - supermarkets/hypermarkets,7840,0,,1269016,13661,511,Food.Concerns@royalgreenwich.gov.uk,Greenwich,http://www.royalgreenwich.gov.uk,False,,SE10 0NZ,2026-02-26T00:00:00,fhrs_5_en-gb,5,,FHRS,0.0041467,51.488348,5.0,0.0,0.0,Sainsbury's,sainsbury's,"70 - 72 Banning Street, Greenwich, SE10 0NZ",NEEDS_CHECK,Sainsbury's store format unclear from FHRS record
30 Blackheath Road,,Greenwich,,Tesco,Retailers - supermarkets/hypermarkets,7840,0,,1336977,14100,511,Food.Concerns@royalgreenwich.gov.uk,Greenwich,http://www.royalgreenwich.gov.uk,False,,SE10 8DA,2026-05-05T00:00:00,fhrs_5_en-gb,5,,FHRS,-0.020871,51.4738175,0.0,0.0,0.0,Tesco,tesco,"30 Blackheath Road, Greenwich, SE10 8DA",NEEDS_CHECK,Tesco store format unclear from FHRS record
1 Brocklebank Road,,Charlton,Greenwich,Home Bargains,Retailers - supermarkets/hypermarkets,7840,0,,1350891,14200,511,Food.Concerns@royalgreenwich.gov.uk,Greenwich,http://www.royalgreenwich.gov.uk,False,,SE7 7FR,2024-05-20T00:00:00,fhrs_5_en-gb,5,,FHRS,0.0212533,51.4905569,0.0,0.0,5.0,,home bargains,"1 Brocklebank Road, Charlton, SE7 7FR",NEEDS_CHECK,Independent or other supermarket
10 Greens End,,Woolwich,Greenwich,Classic Sea Food,Retailers - supermarkets/hypermarkets,7840,0,,1367007,14302,511,Food.Concerns@royalgreenwich.gov.uk,Greenwich,http://www.royalgreenwich.gov.uk,False,,SE18 6HX,2026-02-02T00:00:00,fhrs_4_en-gb,4,,FHRS,0.067504,51.4904865,0.0,10.0,0.0,,classic sea food,"10 Greens End, Woolwich, SE18 6HX",NEEDS_CHECK,Independent or other supermarket
Ground Floor Shop 159 Lee Road,,London,,Blackheath food centre,Retailers - supermarkets/hypermarkets,7840,0,,1378212,14414,511,Food.Concerns@royalgreenwich.gov.uk,Greenwich,http://www.royalgreenwich.gov.uk,False,,SE3 9DJ,2024-06-18T00:00:00,fhrs_5_en-gb,5,,FHRS,0.0115970000624657,51.4570426940918,0.0,0.0,5.0,,blackheath food centre,"Ground Floor Shop 159 Lee Road, London, SE3 9DJ",NEEDS_CHECK,Independent or other supermarket
41 Greenwich High Road,,Greenwich,,Dag supermarket,Retailers - supermarkets/hypermarkets,7840,0,,1402965,14677,511,Food.Concerns@royalgreenwich.gov.uk,Greenwich,http://www.royalgreenwich.gov.uk,False,,SE10 8JL,2024-10-16T00:00:00,fhrs_5_en-gb,5,,FHRS,-0.0198369,51.4754993,5.0,5.0,5.0,,dag supermarket,"41 Greenwich High Road, Greenwich, SE10 8JL",NEEDS_CHECK,Independent or other supermarket
141 - 145 Swingate Lane,,Plumstead,Greenwich,Tesco,Retailers - supermarkets/hypermarkets,7840,0,,1682382,16301,511,Food.Concerns@royalgreenwich.gov.uk,Greenwich,http://www.royalgreenwich.gov.uk,False,,SE18 2BZ,2024-03-04T00:00:00,fhrs_5_en-gb,5,,FHRS,0.0934152,51.4749162,5.0,0.0,0.0,Tesco,tesco,"141 - 145 Swingate Lane, Plumstead, SE18 2BZ",NEEDS_CHECK,Tesco store format unclear from FHRS record
18 Royal Hill,,Greenwich,,Art of Zero Living,Retailers - supermarkets/hypermarkets,7840,0,,1684282,16319,511,Food.Concerns@royalgreenwich.gov.uk,Greenwich,http://www.royalgreenwich.gov.uk,False,,SE10 8RT,2024-02-08T00:00:00,fhrs_5_en-gb,5,,FHRS,-0.010017,51.4774482,0.0,0.0,5.0,,art of zero living,"18 Royal Hill, Greenwich, SE10 8RT",NEEDS_CHECK,Independent or other supermarket
131 Powis Street,,Woolwich,Greenwich,TFC WOOLWICH,Retailers - supermarkets/hypermarkets,7840,0,,1693061,16346,511,Food.Concerns@royalgreenwich.gov.uk,Greenwich,http://www.royalgreenwich.gov.uk,False,,SE18 6JL,2026-01-24T00:00:00,fhrs_3_en-gb,3,,FHRS,0.0631552,51.4922576,10.0,10.0,10.0,,tfc woolwich,"131 Powis Street, Woolwich, SE18 6JL",NEEDS_CHECK,Independent or other supermarket
7 Pegler Square,,Kidbrooke,Greenwich,Tesco,Retailers - supermarkets/hypermarkets,7840,0,,1711627,16585,511,Food.Concerns@royalgreenwich.gov.uk,Greenwich,http://www.royalgreenwich.gov.uk,False,,SE3 9FW,2024-09-03T00:00:00,fhrs_5_en-gb,5,,FHRS,0.0275669,51.4618829,0.0,5.0,0.0,Tesco,tesco,"7 Pegler Square, Kidbrooke, SE3 9FW",NEEDS_CHECK,Tesco store format unclear from FHRS record
Kings Arms 1 Frances Street,,Woolwich,Greenwich,Tesco Stores Limited,Retailers - supermarkets/hypermarkets,7840,0,,1772307,17011,511,Food.Concerns@royalgreenwich.gov.uk,Greenwich,http://www.royalgreenwich.gov.uk,False,,SE18 5EF,2025-02-06T00:00:00,fhrs_5_en-gb,5,,FHRS,0.0561606,51.4874665,0.0,0.0,0.0,Tesco,tesco stores limited,"Kings Arms 1 Frances Street, Woolwich, SE18 5EF",NEEDS_CHECK,Tesco store format unclear from FHRS record
366 Rochester Way,,Eltham,Greenwich,SIMPLY NATURAL SUPERMARKET,Retailers - supermarkets/hypermarkets,7840,0,,1785624,17088,511,Food.Concerns@royalgreenwich.gov.uk,Greenwich,http://www.royalgreenwich.gov.uk,False,,SE9 6LH,2024-12-13T00:00:00,fhrs_5_en-gb,5,,FHRS,0.0396802,51.4617492,5.0,0.0,5.0,,simply natural supermarket,"366 Rochester Way, Eltham, SE9 6LH",NEEDS_CHECK,Independent or other supermarket
22 - 24 Victoria Parade,,Greenwich,,mini C,Retailers - supermarkets/hypermarkets,7840,0,,1787657,17138,511,Food.Concerns@royalgreenwich.gov.uk,Greenwich,http://www.royalgreenwich.gov.uk,False,,SE10 9FR,2025-03-07T00:00:00,fhrs_5_en-gb,5,,FHRS,-0.0149187,51.4826285,0.0,0.0,0.0,,mini c,"22 - 24 Victoria Parade, Greenwich, SE10 9FR",NEEDS_CHECK,Independent or other supermarket
26 - 28 Victoria Parade,,Greenwich,,Uncle Wang,Retailers - supermarkets/hypermarkets,7840,0,,1805540,17365,511,Food.Concerns@royalgreenwich.gov.uk,Greenwich,http://www.royalgreenwich.gov.uk,False,,SE10 9FR,2025-12-17T00:00:00,fhrs_5_en-gb,5,,FHRS,-0.0149187,51.4826285,0.0,0.0,0.0,,uncle wang,"26 - 28 Victoria Parade, Greenwich, SE10 9FR",NEEDS_CHECK,Independent or other supermarket
3 Woolwich New Road,,Woolwich,Greenwich,allfresh food market,Retailers - supermarkets/hypermarkets,7840,0,,1805543,17369,511,Food.Concerns@royalgreenwich.gov.uk,Greenwich,http://www.royalgreenwich.gov.uk,False,,SE18 6EX,2025-05-01T00:00:00,fhrs_3_en-gb,3,,FHRS,0.0701495,51.4906916,10.0,5.0,10.0,,allfresh food market,"3 Woolwich New Road, Woolwich, SE18 6EX",NEEDS_CHECK,Independent or other supermarket
125 - 127 Woolwich Road,,Greenwich,,Greenwich Mini Market,Retailers - supermarkets/hypermarkets,7840,0,,1814408,17447,511,Food.Concerns@royalgreenwich.gov.uk,Greenwich,http://www.royalgreenwich.gov.uk,False,,SE10 0RF,2025-04-02T00:00:00,fhrs_4_en-gb,4,,FHRS,0.0131389,51.4863152,5.0,10.0,5.0,,greenwich mini market,"125 - 127 Woolwich Road, Greenwich, SE10 0RF",NEEDS_CHECK,Independent or other supermarket
33 Herbert Road,,Woolwich,Greenwich,EXPO SUPERMARKET BKGT(AK)LTD,Retailers - supermarkets/hypermarkets,7840,0,,1832090,17526,511,Food.Concerns@royalgreenwich.gov.uk,Greenwich,http://www.royalgreenwich.gov.uk,False,,SE18 3SZ,2025-05-29T00:00:00,fhrs_5_en-gb,5,,FHRS,0.0696199,51.4799545,5.0,5.0,5.0,,expo supermarket bkgt(ak)ltd,"33 Herbert Road, Woolwich, SE18 3SZ",NEEDS_CHECK,Independent or other supermarket
58 Plumstead High Street,,Plumstead,Greenwich,Feeza’s Foods,Retailers - supermarkets/hypermarkets,7840,0,,1838545,17542,511,Food.Concerns@royalgreenwich.gov.uk,Greenwich,http://www.royalgreenwich.gov.uk,False,,SE18 1SL,1901-01-01T00:00:00,fhrs_awaitinginspection_en-gb,AwaitingInspection,,FHRS,0.0884309,51.4885943,,,,,feeza’s foods,"58 Plumstead High Street, Plumstead, SE18 1SL",NEEDS_CHECK,Independent or other supermarket
2 Thames Reach,,Thamesmead,Greenwich,Checkers Afro Caribbean Store,Retailers - supermarkets/hypermarkets,7840,0,,1900102,17919,511,Food.Concerns@royalgreenwich.gov.uk,Greenwich,http://www.royalgreenwich.gov.uk,False,,SE28 0NY,2025-12-16T00:00:00,fhrs_4_en-gb,4,,FHRS,0.089683,51.4987921,0.0,0.0,10.0,,checkers afro caribbean store,"2 Thames Reach, Thamesmead, SE28 0NY",NEEDS_CHECK,Independent or other supermarket
1 Cripps Yard Soames Walk,,Greenwich,,Kiki & Miumiu Market,Retailers - supermarkets/hypermarkets,7840,0,,1907812,17955,511,Food.Concerns@royalgreenwich.gov.uk,Greenwich,http://www.royalgreenwich.gov.uk,False,,SE10 0BQ,2026-01-19T00:00:00,fhrs_4_en-gb,4,,FHRS,0.0057688,51.5003516,5.0,0.0,10.0,,kiki & miumiu market,"1 Cripps Yard Soames Walk, Greenwich, SE10 0BQ",NEEDS_CHECK,Independent or other supermarket
400 Footscray Road,,Eltham,Greenwich,Cinar Village Market,Retailers - supermarkets/hypermarkets,7840,0,,1924068,18041,511,Food.Concerns@royalgreenwich.gov.uk,Greenwich,http://www.royalgreenwich.gov.uk,False,,SE9 3TU,2026-03-10T00:00:00,fhrs_5_en-gb,5,,FHRS,0.0721456,51.4371757,5.0,0.0,0.0,,cinar village market,"400 Footscray Road, Eltham, SE9 3TU",NEEDS_CHECK,Independent or other supermarket
4 Tudor Parade Well Hall Road,,Eltham,Greenwich,BAGDO,Retailers - supermarkets/hypermarkets,7840,0,,1938121,18126,511,Food.Concerns@royalgreenwich.gov.uk,Greenwich,http://www.royalgreenwich.gov.uk,False,,SE9 6SX,2026-04-30T00:00:00,fhrs_5_en-gb,5,,FHRS,0.0495139,51.4590577,5.0,0.0,5.0,,bagdo,"4 Tudor Parade Well Hall Road, Eltham, SE9 6SX",NEEDS_CHECK,Independent or other supermarket
1 Southlake Road,,Thamesmead,Greenwich,Tesco Stores Limited,Retailers - supermarkets/hypermarkets,7840,0,,1938126,18131,511,Food.Concerns@royalgreenwich.gov.uk,Greenwich,http://www.royalgreenwich.gov.uk,False,,SE28 0FX,1901-01-01T00:00:00,fhrs_awaitinginspection_en-gb,AwaitingInspection,,FHRS,,,,,,Tesco,tesco stores limited,"1 Southlake Road, Thamesmead, SE28 0FX",NEEDS_CHECK,Tesco store format unclear from FHRS record
Flat 1 Ballard House Thames Street,,Greenwich,,Waitrose,Retailers - supermarkets/hypermarkets,7840,0,,1962419,18259,511,Food.Concerns@royalgreenwich.gov.uk,Greenwich,http://www.royalgreenwich.gov.uk,False,,SE10 9DD,1901-01-01T00:00:00,fhrs_awaitinginspection_en-gb,AwaitingInspection,,FHRS,-0.0143048,51.4821702,,,,Waitrose,waitrose,"Flat 1 Ballard House Thames Street, Greenwich, SE10 9DD",NEEDS_CHECK,Full Waitrose store: bakery provision to confirm
,UNIT 3 277 MARE STREET,Hackney,London,Sainsbury's,Retailers - supermarkets/hypermarkets,7840,0,,468957,155776,512,technicalbusinesssupport@hackney.gov.uk,Hackney,https://hackney.gov.uk/environmental-health#food,False,,E8 1GR,2022-09-13T00:00:00,fhrs_5_en-gb,5,,FHRS,-0.0556229,51.5441481,5.0,5.0,5.0,Sainsbury's,sainsbury's,"UNIT 3 277 MARE STREET, Hackney, E8 1GR",NEEDS_CHECK,Sainsbury's store format unclear from FHRS record
,11-13 LOWER CLAPTON ROAD,Hackney,London,Sainsbury's,Retailers - supermarkets/hypermarkets,7840,0,,469509,2542,512,technicalbusinesssupport@hackney.gov.uk,Hackney,https://hackney.gov.uk/environmental-health#food,False,,E5 0NS,2025-12-20T00:00:00,fhrs_5_en-gb,5,,FHRS,-0.0543,51.55,5.0,5.0,5.0,Sainsbury's,sainsbury's,"11-13 LOWER CLAPTON ROAD, Hackney, E5 0NS",NEEDS_CHECK,Sainsbury's store format unclear from FHRS record
,386 KINGSLAND ROAD,Hackney,London,Yours Locally,Retailers - supermarkets/hypermarkets,7840,0,,469915,31128,512,technicalbusinesssupport@hackney.gov.uk,Hackney,https://hackney.gov.uk/environmental-health#food,False,,E8 4AA,2020-10-31T00:00:00,fhrs_4_en-gb,4,,FHRS,-0.0759981,51.5411482,5.0,10.0,5.0,,yours locally,"386 KINGSLAND ROAD, Hackney, E8 4AA",NEEDS_CHECK,Independent or other supermarket
,100-104 STOKE NEWINGTON HIGH STREET,Hackney,London,Sainsbury's,Retailers - supermarkets/hypermarkets,7840,0,,470175,33565,512,technicalbusinesssupport@hackney.gov.uk,Hackney,https://hackney.gov.uk/environmental-health#food,False,,N16 7NY,2026-06-08T00:00:00,fhrs_5_en-gb,5,,FHRS,-0.0736665,51.5598325,0.0,5.0,0.0,Sainsbury's,sainsbury's,"100-104 STOKE NEWINGTON HIGH STREET, Hackney, N16 7NY",NEEDS_CHECK,Sainsbury's store format unclear from FHRS record
,351 MARE STREET,Hackney,London,Marks & Spencer,Retailers - supermarkets/hypermarkets,7840,0,,470403,3570,512,technicalbusinesssupport@hackney.gov.uk,Hackney,https://hackney.gov.uk/environmental-health#food,False,,E8 1JB,2026-05-27T00:00:00,fhrs_5_en-gb,5,,FHRS,-0.0552157,51.5476125,0.0,5.0,5.0,M&S,marks & spencer,"351 MARE STREET, Hackney, E8 1JB",NEEDS_CHECK,Larger M&S store: bakery provision to confirm
,62-64 STOKE NEWINGTON HIGH STREET,Hackney,London,Akdeniz Supermarket Stoke Newington Limited,Retailers - supermarkets/hypermarkets,7840,0,,470407,3576,512,technicalbusinesssupport@hackney.gov.uk,Hackney,https://hackney.gov.uk/environmental-health#food,False,,N16 7PB,2026-01-08T00:00:00,fhrs_3_en-gb,3,,FHRS,-0.0740091,51.5585522,5.0,10.0,10.0,,akdeniz supermarket stoke newington limited,"62-64 STOKE NEWINGTON HIGH STREET, Hackney, N16 7PB",NEEDS_CHECK,Independent or other supermarket
,159 CLAPTON COMMON,Hackney,London,Dukkon Supermarket,Retailers - supermarkets/hypermarkets,7840,0,,470436,373,512,technicalbusinesssupport@hackney.gov.uk,Hackney,https://hackney.gov.uk/environmental-health#food,False,,E5 9AE,2025-01-13T00:00:00,fhrs_5_en-gb,5,,FHRS,-0.0717136,51.5729297,0.0,0.0,0.0,,dukkon supermarket,"159 CLAPTON COMMON, Hackney, E5 9AE",NEEDS_CHECK,Independent or other supermarket
,DALSTON CROSS SHOPPING CENTRE 64 KINGSLAND HIGH STREET,Hackney,London,Sainsbury's,Retailers - supermarkets/hypermarkets,7840,0,,470686,4860,512,technicalbusinesssupport@hackney.gov.uk,Hackney,https://hackney.gov.uk/environmental-health#food,False,,E8 2LX,2025-02-15T00:00:00,fhrs_5_en-gb,5,,FHRS,-0.07396,51.5477512,0.0,5.0,0.0,Sainsbury's,sainsbury's,"DALSTON CROSS SHOPPING CENTRE 64 KINGSLAND HIGH STREET, Hackney, E8 2LX",NEEDS_CHECK,Sainsbury's store format unclear from FHRS record
,245 OLD STREET,Hackney,London,Sainsbury's,Retailers - supermarkets/hypermarkets,7840,0,,719949,155807,512,technicalbusinesssupport@hackney.gov.uk,Hackney,https://hackney.gov.uk/environmental-health#food,False,,EC1V 9EY,2022-08-24T00:00:00,fhrs_5_en-gb,5,,FHRS,-0.0840047,51.5266665,5.0,5.0,5.0,Sainsbury's,sainsbury's,"245 OLD STREET, Hackney, EC1V 9EY",NEEDS_CHECK,Sainsbury's store format unclear from FHRS record
,29-31 BLACKSTOCK ROAD,Hackney,London,Sainsbury's,Retailers - supermarkets/hypermarkets,7840,0,,736460,38897,512,technicalbusinesssupport@hackney.gov.uk,Hackney,https://hackney.gov.uk/environmental-health#food,False,,N4 2JF,2024-12-18T00:00:00,fhrs_5_en-gb,5,,FHRS,-0.1030362,51.5640796,0.0,0.0,0.0,Sainsbury's,sainsbury's,"29-31 BLACKSTOCK ROAD, Hackney, N4 2JF",NEEDS_CHECK,Sainsbury's store format unclear from FHRS record
,112-116 KINGSLAND ROAD,Hackney,London,Sainsbury's,Retailers - supermarkets/hypermarkets,7840,0,,738789,107887,512,technicalbusinesssupport@hackney.gov.uk,Hackney,https://hackney.gov.uk/environmental-health#food,False,,E2 8DP,2022-07-05T00:00:00,fhrs_5_en-gb,5,,FHRS,-0.077079,51.5302221,5.0,5.0,0.0,Sainsbury's,sainsbury's,"112-116 KINGSLAND ROAD, Hackney, E2 8DP",NEEDS_CHECK,Sainsbury's store format unclear from FHRS record
,27-31 MARE STREET,Hackney,London,Sainsbury's,Retailers - supermarkets/hypermarkets,7840,0,,748394,150252,512,technicalbusinesssupport@hackney.gov.uk,Hackney,https://hackney.gov.uk/environmental-health#food,False,,E8 4RP,2022-09-05T00:00:00,fhrs_5_en-gb,5,,FHRS,-0.0574257,51.5350317,0.0,5.0,0.0,Sainsbury's,sainsbury's,"27-31 MARE STREET, Hackney, E8 4RP",NEEDS_CHECK,Sainsbury's store format unclear from FHRS record
,161 CITY ROAD,Hackney,London,Sainsbury's,Retailers - supermarkets/hypermarkets,7840,0,,840594,185211,512,technicalbusinesssupport@hackney.gov.uk,Hackney,https://hackney.gov.uk/environmental-health#food,False,,EC1V 1NR,2019-03-10T00:00:00,fhrs_5_en-gb,5,,FHRS,-0.089766,51.5279174,5.0,5.0,5.0,Sainsbury's,sainsbury's,"161 CITY ROAD, Hackney, EC1V 1NR",NEEDS_CHECK,Sainsbury's store format unclear from FHRS record
,147 WOODBERRY GROVE,Hackney,London,Sainsbury's,Retailers - supermarkets/hypermarkets,7840,0,,977038,93547,512,technicalbusinesssupport@hackney.gov.uk,Hackney,https://hackney.gov.uk/environmental-health#food,False,,N4 2SB,2017-03-24T00:00:00,fhrs_5_en-gb,5,,FHRS,-0.0893242,51.5714376,0.0,5.0,0.0,Sainsbury's,sainsbury's,"147 WOODBERRY GROVE, Hackney, N4 2SB",NEEDS_CHECK,Sainsbury's store format unclear from FHRS record
,230 DALSTON LANE,Hackney,London,Tesco Plc,Retailers - supermarkets/hypermarkets,7840,0,,991624,35869,512,technicalbusinesssupport@hackney.gov.uk,Hackney,https://hackney.gov.uk/environmental-health#food,False,,E8 1LA,2026-04-15T00:00:00,fhrs_5_en-gb,5,,FHRS,-0.061119,51.5485202,5.0,5.0,5.0,Tesco,tesco plc,"230 DALSTON LANE, Hackney, E8 1LA",NEEDS_CHECK,Tesco store format unclear from FHRS record
,51-57 KINGSLAND HIGH STREET,Hackney,London,Marks & Spencer,Retailers - supermarkets/hypermarkets,7840,0,,1060986,189669,512,technicalbusinesssupport@hackney.gov.uk,Hackney,https://hackney.gov.uk/environmental-health#food,False,,E8 2FA,2022-06-28T00:00:00,fhrs_5_en-gb,5,,FHRS,-0.0756503,51.5479412,0.0,0.0,0.0,M&S,marks & spencer,"51-57 KINGSLAND HIGH STREET, Hackney, E8 2FA",NEEDS_CHECK,Larger M&S store: bakery provision to confirm
,255-259 GREEN LANES,Hackney,London,Sainsbury's (Clissold Quarter),Retailers - supermarkets/hypermarkets,7840,0,,1149782,185630,512,technicalbusinesssupport@hackney.gov.uk,Hackney,https://hackney.gov.uk/environmental-health#food,False,,N4 2UX,2025-02-12T00:00:00,fhrs_5_en-gb,5,,FHRS,-0.0921133,51.5625833,0.0,0.0,0.0,Sainsbury's,sainsbury's (clissold quarter),"255-259 GREEN LANES, Hackney, N4 2UX",NEEDS_CHECK,Sainsbury's store format unclear from FHRS record
,TESCO EXPRESS MATTHIAS ROAD (2973) 48 MATTHIAS ROAD,Hackney,London,Tesco Stores Limited,Retailers - supermarkets/hypermarkets,7840,0,,1794845,HAC2041,512,technicalbusinesssupport@hackney.gov.uk,Hackney,https://hackney.gov.uk/environmental-health#food,False,,N16 8LH,2025-11-09T00:00:00,fhrs_5_en-gb,5,,FHRS,,,5.0,5.0,5.0,Tesco,tesco stores limited,"TESCO EXPRESS MATTHIAS ROAD (2973) 48 MATTHIAS ROAD, Hackney, N16 8LH",NEEDS_CHECK,Tesco store format unclear from FHRS record
,OLYMPIC PARK EXPRESS UNIT 15A BLOCK 5-5A LEGACY COMMUNITY SCHEMES OLYMPIC PARK,Hackney,London,Tesco Stores Limited,Retailers - supermarkets/hypermarkets,7840,0,,1830461,HAC2119,512,technicalbusinesssupport@hackney.gov.uk,Hackney,https://hackney.gov.uk/environmental-health#food,False,,E20 3HB,1901-01-01T00:00:00,fhrs_awaitinginspection_en-gb,AwaitingInspection,,FHRS,,,,,,Tesco,tesco stores limited,"OLYMPIC PARK EXPRESS UNIT 15A BLOCK 5-5A LEGACY COMMUNITY SCHEMES OLYMPIC PARK, Hackney, E20 3HB",NEEDS_CHECK,Tesco store format unclear from FHRS record
,11 BOHEMIA PLACE MARE STREET,Hackney,London,Jerky Jerky,Retailers - supermarkets/hypermarkets,7840,0,,1864904,w9x0y1z2,512,technicalbusinesssupport@hackney.gov.uk,Hackney,https://hackney.gov.uk/environmental-health#food,False,,E8 1DU,1901-01-01T00:00:00,fhrs_awaitinginspection_en-gb,AwaitingInspection,,FHRS,,,,,,,jerky jerky,"11 BOHEMIA PLACE MARE STREET, Hackney, E8 1DU",NEEDS_CHECK,Independent or other supermarket
,TESCO (2942)  WOODBERRY DOWN EXPRESS UNIT A DARTER HOUSE SEVEN ...,Hackney,London,Tesco Stores Limited,Retailers - supermarkets/hypermarkets,7840,0,,1872311,da13cd30,512,technicalbusinesssupport@hackney.gov.uk,Hackney,https://hackney.gov.uk/environmental-health#food,False,,N4 2XE,2025-09-28T00:00:00,fhrs_5_en-gb,5,,FHRS,,,0.0,5.0,5.0,Tesco,tesco stores limited,"TESCO (2942)  WOODBERRY DOWN EXPRESS UNIT A DARTER HOUSE SEVEN ..., Hackney, N4 2XE",NEEDS_CHECK,Tesco store format unclear from FHRS record
,108 Stoke Newington High Street London,Hackney,London,Hamza & Omar supermarket,Retailers - supermarkets/hypermarkets,7840,0,,1914610,35f141d9,512,technicalbusinesssupport@hackney.gov.uk,Hackney,https://hackney.gov.uk/environmental-health#food,False,,N16 7NY,2026-02-25T00:00:00,fhrs_5_en-gb,5,,FHRS,-0.0737128,51.560103,0.0,0.0,5.0,,hamza & omar supermarket,"108 Stoke Newington High Street London, Hackney, N16 7NY",NEEDS_CHECK,Independent or other supermarket
,195-197 Rushmore Road London,Hackney,London,Square food centre,Retailers - supermarkets/hypermarkets,7840,0,,1927864,c22025a3,512,technicalbusinesssupport@hackney.gov.uk,Hackney,https://hackney.gov.uk/environmental-health#food,False,,E5 0HD,2026-05-26T00:00:00,fhrs_4_en-gb,4,,FHRS,-0.0400151,51.555624,5.0,10.0,5.0,,square food centre,"195-197 Rushmore Road London, Hackney, E5 0HD",NEEDS_CHECK,Independent or other supermarket
,10-12 Clunbury Street London,Hackney,London,Zelal Supermarket,Retailers - supermarkets/hypermarkets,7840,0,,1935115,15495b4d,512,technicalbusinesssupport@hackney.gov.uk,Hackney,https://hackney.gov.uk/environmental-health#food,False,,N1 6TT,1901-01-01T00:00:00,fhrs_awaitinginspection_en-gb,AwaitingInspection,,FHRS,-0.0853081,51.5320205,,,,,zelal supermarket,"10-12 Clunbury Street London, Hackney, N1 6TT",NEEDS_CHECK,Independent or other supermarket
,64-66 Brooksby's Walk London,Hackney,London,Fresh Wonder,Retailers - supermarkets/hypermarkets,7840,0,,1935135,8c9c20f8,512,technicalbusinesssupport@hackney.gov.uk,Hackney,https://hackney.gov.uk/environmental-health#food,False,,E9 6DA,2026-04-21T00:00:00,fhrs_5_en-gb,5,,FHRS,-0.0433028,51.5512904,0.0,0.0,0.0,,fresh wonder,"64-66 Brooksby's Walk London, Hackney, E9 6DA",NEEDS_CHECK,Independent or other supermarket
,Unit E1 Curie House Wallis Road London,Hackney,London,Daily Fresh,Retailers - supermarkets/hypermarkets,7840,0,,1961299,5626c792,512,technicalbusinesssupport@hackney.gov.uk,Hackney,https://hackney.gov.uk/environmental-health#food,False,,E9 5LN,2026-07-07T00:00:00,fhrs_5_en-gb,5,,FHRS,-0.0236015,51.5441489,5.0,5.0,5.0,,daily fresh,"Unit E1 Curie House Wallis Road London, Hackney, E9 5LN",NEEDS_CHECK,Independent or other supermarket
,350-352 Queensbridge Road London,Hackney,London,OLIVRA SUPERMARKET,Retailers - supermarkets/hypermarkets,7840,0,,1961308,a623534e,512,technicalbusinesssupport@hackney.gov.uk,Hackney,https://hackney.gov.uk/environmental-health#food,False,,E8 3AR,1901-01-01T00:00:00,fhrs_awaitinginspection_en-gb,AwaitingInspection,,FHRS,-0.0696394,51.544191,,,,,olivra supermarket,"350-352 Queensbridge Road London, Hackney, E8 3AR",NEEDS_CHECK,Independent or other supermarket
180 Shepherd's Bush Road,London,,,Tesco,Retailers - supermarkets/hypermarkets,7840,0,,345511,03047/0180/1/001,513,foodandsafety@lbhf.gov.uk,Hammersmith and Fulham,http://www.lbhf.gov.uk,False,,W6 7NL,2020-01-15T00:00:00,fhrs_5_en-gb,5,,FHRS,-0.224267,51.495627,5.0,5.0,0.0,Tesco,tesco,"180 Shepherd's Bush Road, London, W6 7NL",NEEDS_CHECK,Tesco store format unclear from FHRS record
Unit 17,Fulham Broadway Retail Centre,Fulham Road,London,Sainsbury's,Retailers - supermarkets/hypermarkets,7840,0,,345675,2002/00239/COMB,513,foodandsafety@lbhf.gov.uk,Hammersmith and Fulham,http://www.lbhf.gov.uk,False,,SW6 1BW,2023-10-20T00:00:00,fhrs_5_en-gb,5,,FHRS,-0.194436,51.480559,0.0,0.0,0.0,Sainsbury's,sainsbury's,"Unit 17, Fulham Broadway Retail Centre, Fulham Road, SW6 1BW",NEEDS_CHECK,Sainsbury's store format unclear from FHRS record
402 North End Road,London,,,Waitrose,Retailers - supermarkets/hypermarkets,7840,0,,345795,2002/02222/COMB,513,foodandsafety@lbhf.gov.uk,Hammersmith and Fulham,http://www.lbhf.gov.uk,False,,SW6 1LU,2026-03-30T00:00:00,fhrs_5_en-gb,5,,FHRS,-0.199037,51.480018,5.0,0.0,0.0,Waitrose,waitrose,"402 North End Road, London, SW6 1LU",NEEDS_CHECK,Full Waitrose store: bakery provision to confirm
179 - 183 Fulham Palace Road,London,,,Sainsbury's,Retailers - supermarkets/hypermarkets,7840,0,,345803,2002/02879/COMB,513,foodandsafety@lbhf.gov.uk,Hammersmith and Fulham,http://www.lbhf.gov.uk,False,,W6 8QZ,2023-10-25T00:00:00,fhrs_4_en-gb,4,,FHRS,-0.219765,51.484705,5.0,10.0,0.0,Sainsbury's,sainsbury's,"179 - 183 Fulham Palace Road, London, W6 8QZ",NEEDS_CHECK,Sainsbury's store format unclear from FHRS record
27 - 33 King Street,London,,,Marks & Spencer,Retailers - supermarkets/hypermarkets,7840,0,,345892,2003/00659/COMB,513,foodandsafety@lbhf.gov.uk,Hammersmith and Fulham,http://www.lbhf.gov.uk,False,,W6 9HW,2024-10-23T00:00:00,fhrs_5_en-gb,5,,FHRS,-0.227717,51.492478,0.0,0.0,5.0,M&S,marks & spencer,"27 - 33 King Street, London, W6 9HW",NEEDS_CHECK,Larger M&S store: bakery provision to confirm
164 Uxbridge Road,London,,,Sainsbury's,Retailers - supermarkets/hypermarkets,7840,0,,345978,2003/00912/COMB,513,foodandsafety@lbhf.gov.uk,Hammersmith and Fulham,http://www.lbhf.gov.uk,False,,W12 8AA,2025-03-12T00:00:00,fhrs_5_en-gb,5,,FHRS,-0.223064,51.505078,0.0,5.0,0.0,Sainsbury's,sainsbury's,"164 Uxbridge Road, London, W12 8AA",NEEDS_CHECK,Sainsbury's store format unclear from FHRS record
2 - 3 Kings Mall,King Street,London,,Sainsbury's,Retailers - supermarkets/hypermarkets,7840,0,,346081,2005/00169/COMB,513,foodandsafety@lbhf.gov.uk,Hammersmith and Fulham,http://www.lbhf.gov.uk,False,,W6 0PZ,2026-02-24T00:00:00,fhrs_5_en-gb,5,,FHRS,-0.227534,51.493114,0.0,0.0,0.0,Sainsbury's,sainsbury's,"2 - 3 Kings Mall, King Street, London, W6 0PZ",NEEDS_CHECK,Sainsbury's store format unclear from FHRS record
Store B,Westfield London Shopping Centre,Ariel Way,London,Marks & Spencer,Retailers - supermarkets/hypermarkets,7840,0,,346300,2008/00378/COMB,513,foodandsafety@lbhf.gov.uk,Hammersmith and Fulham,http://www.lbhf.gov.uk,False,,W12 7GA,2026-03-17T00:00:00,fhrs_5_en-gb,5,,FHRS,-0.223254,51.507212,0.0,0.0,0.0,M&S,marks & spencer,"Store B, Westfield London Shopping Centre, Ariel Way, W12 7GA",NEEDS_CHECK,Larger M&S store: bakery provision to confirm
Store E,Westfield London Shopping Centre,Ariel Way,London,Waitrose,Retailers - supermarkets/hypermarkets,7840,0,,346314,2008/00411/COMB,513,foodandsafety@lbhf.gov.uk,Hammersmith and Fulham,http://www.lbhf.gov.uk,False,,W12 7GA,2025-10-10T00:00:00,fhrs_5_en-gb,5,,FHRS,-0.223254,51.507212,0.0,5.0,0.0,Waitrose,waitrose,"Store E, Westfield London Shopping Centre, Ariel Way, W12 7GA",NEEDS_CHECK,Full Waitrose store: bakery provision to confirm
93 Askew Road,London,,,Tesco,Retailers - supermarkets/hypermarkets,7840,0,,346520,2011/00074/COMB,513,foodandsafety@lbhf.gov.uk,Hammersmith and Fulham,http://www.lbhf.gov.uk,False,,W12 9AS,2025-03-11T00:00:00,fhrs_5_en-gb,5,,FHRS,-0.243035,51.503194,0.0,5.0,0.0,Tesco,tesco,"93 Askew Road, London, W12 9AS",NEEDS_CHECK,Tesco store format unclear from FHRS record
915 - 921 Fulham Road,London,,,Sainsbury's,Retailers - supermarkets/hypermarkets,7840,0,,346562,2011/00225/COMB,513,foodandsafety@lbhf.gov.uk,Hammersmith and Fulham,http://www.lbhf.gov.uk,False,,SW6 5HU,2022-07-04T00:00:00,fhrs_5_en-gb,5,,FHRS,-0.208134,51.473153,0.0,0.0,0.0,Sainsbury's,sainsbury's,"915 - 921 Fulham Road, London, SW6 5HU",NEEDS_CHECK,Sainsbury's store format unclear from FHRS record
48 - 50 Shepherd's Bush Road,London,,,Sainsbury's,Retailers - supermarkets/hypermarkets,7840,0,,674266,2014/00095/COMB,513,foodandsafety@lbhf.gov.uk,Hammersmith and Fulham,http://www.lbhf.gov.uk,False,,W6 7PH,2025-10-21T00:00:00,fhrs_5_en-gb,5,,FHRS,-0.222373,51.500599,0.0,0.0,0.0,Sainsbury's,sainsbury's,"48 - 50 Shepherd's Bush Road, London, W6 7PH",NEEDS_CHECK,Sainsbury's store format unclear from FHRS record
Unit 1,Cranston Court,56 Bloemfontein Road,London,Sainsbury's,Retailers - supermarkets/hypermarkets,7840,0,,691508,2014/00283/COMB,513,foodandsafety@lbhf.gov.uk,Hammersmith and Fulham,http://www.lbhf.gov.uk,False,,W12 7FE,2024-02-02T00:00:00,fhrs_5_en-gb,5,,FHRS,-0.2351967,51.5108465,0.0,5.0,0.0,Sainsbury's,sainsbury's,"Unit 1, Cranston Court, 56 Bloemfontein Road, W12 7FE",NEEDS_CHECK,Sainsbury's store format unclear from FHRS record
Unit 13-16,Broadway Shopping Centre,Hammersmith Broadway,London,Tesco Metro,Retailers - supermarkets/hypermarkets,7840,0,,770641,2000/00053/COMB,513,foodandsafety@lbhf.gov.uk,Hammersmith and Fulham,http://www.lbhf.gov.uk,False,,W6 9YD,2025-08-20T00:00:00,fhrs_5_en-gb,5,,FHRS,-0.224571,51.492242,0.0,0.0,0.0,Tesco,tesco metro,"Unit 13-16, Broadway Shopping Centre, Hammersmith Broadway, W6 9YD",NEEDS_CHECK,Tesco store format unclear from FHRS record
81 - 85 Uxbridge Road,London,,,Damas Gate,Retailers - supermarkets/hypermarkets,7840,0,,770647,2000/00059/COMB,513,foodandsafety@lbhf.gov.uk,Hammersmith and Fulham,http://www.lbhf.gov.uk,False,,W12 8NR,2025-05-27T00:00:00,fhrs_5_en-gb,5,,FHRS,-0.231368,51.506085,,,,,damas gate,"81 - 85 Uxbridge Road, London, W12 8NR",NEEDS_CHECK,Independent or other supermarket
27 Townmead Road,London,,,Sainsbury's,Retailers - supermarkets/hypermarkets,7840,0,,844619,2015/00251/COMB,513,foodandsafety@lbhf.gov.uk,Hammersmith and Fulham,http://www.lbhf.gov.uk,False,,SW6 2GD,2024-12-19T00:00:00,fhrs_5_en-gb,5,,FHRS,-0.1875836,51.4673737,0.0,0.0,0.0,Sainsbury's,sainsbury's,"27 Townmead Road, London, SW6 2GD",NEEDS_CHECK,Sainsbury's store format unclear from FHRS record
Unit A,Brunswick House,Parr's Way,London,Tesco,Retailers - supermarkets/hypermarkets,7840,0,,946819,2017/00024/COMB,513,foodandsafety@lbhf.gov.uk,Hammersmith and Fulham,http://www.lbhf.gov.uk,False,,W6 9LH,2023-10-05T00:00:00,fhrs_5_en-gb,5,,FHRS,-0.225766003131866,51.4874839782715,0.0,0.0,0.0,Tesco,tesco,"Unit A, Brunswick House, Parr's Way, W6 9LH",NEEDS_CHECK,Tesco store format unclear from FHRS record
8 Heathman's Road,London,,,Sushi Daily,Retailers - supermarkets/hypermarkets,7840,0,,1023697,2017/00364/COMB,513,foodandsafety@lbhf.gov.uk,Hammersmith and Fulham,http://www.lbhf.gov.uk,False,,SW6 4TJ,2026-06-24T00:00:00,fhrs_5_en-gb,5,,FHRS,-0.202681005001068,51.4737701416016,5.0,0.0,0.0,,sushi daily,"8 Heathman's Road, London, SW6 4TJ",NEEDS_CHECK,Independent or other supermarket
440 Uxbridge Road,London,,,Baytee Halal Supermarket,Retailers - supermarkets/hypermarkets,7840,0,,1229284,2020/00077/COMB,513,foodandsafety@lbhf.gov.uk,Hammersmith and Fulham,http://www.lbhf.gov.uk,False,,W12 0NS,2024-01-11T00:00:00,fhrs_5_en-gb,5,,FHRS,-0.239127,51.506651,5.0,5.0,5.0,,baytee halal supermarket,"440 Uxbridge Road, London, W12 0NS",NEEDS_CHECK,Independent or other supermarket
582 Fulham Road,London,,,Sainsbury's,Retailers - supermarkets/hypermarkets,7840,0,,1247499,2013/00093/COMB,513,foodandsafety@lbhf.gov.uk,Hammersmith and Fulham,http://www.lbhf.gov.uk,False,,SW6 5NT,2022-07-04T00:00:00,fhrs_5_en-gb,5,,FHRS,-0.201621,51.4778372,0.0,0.0,0.0,Sainsbury's,sainsbury's,"582 Fulham Road, London, SW6 5NT",NEEDS_CHECK,Sainsbury's store format unclear from FHRS record
3 - 11 Imperial Road,London,,,Weezy - Fulham And Chelsea,Retailers - supermarkets/hypermarkets,7840,0,,1383174,2021/00449/COMB,513,foodandsafety@lbhf.gov.uk,Hammersmith and Fulham,http://www.lbhf.gov.uk,False,,SW6 2AG,2021-07-26T00:00:00,fhrs_5_en-gb,5,,FHRS,-0.1895154,51.4762631,0.0,5.0,0.0,,weezy - fulham and chelsea,"3 - 11 Imperial Road, London, SW6 2AG",NEEDS_CHECK,Independent or other supermarket
The Links West 12,19 Shepherd's Bush Green,London,,Weezy,Retailers - supermarkets/hypermarkets,7840,0,,1383180,2021/00455/COMB,513,foodandsafety@lbhf.gov.uk,Hammersmith and Fulham,http://www.lbhf.gov.uk,False,,W12 8PP,2021-08-06T00:00:00,fhrs_5_en-gb,5,,FHRS,,,5.0,5.0,5.0,,weezy,"The Links West 12, 19 Shepherd's Bush Green, London, W12 8PP",NEEDS_CHECK,Independent or other supermarket
1 Kings Mall,King Street,London,,Livat Ikea,Retailers - supermarkets/hypermarkets,7840,0,,1416695,2021/00587/COMB,513,foodandsafety@lbhf.gov.uk,Hammersmith and Fulham,http://www.lbhf.gov.uk,False,,W6 0PZ,2025-03-19T00:00:00,fhrs_5_en-gb,5,,FHRS,-0.227533,51.493113,0.0,0.0,0.0,,livat ikea,"1 Kings Mall, King Street, London, W6 0PZ",NEEDS_CHECK,Independent or other supermarket
Unit 8,Mitre Bridge Industrial Park,Mitre Way,London,Kkini,Retailers - supermarkets/hypermarkets,7840,0,,1434018,2021/00639/COMB,513,foodandsafety@lbhf.gov.uk,Hammersmith and Fulham,http://www.lbhf.gov.uk,False,,W10 6AU,2025-11-03T00:00:00,fhrs_5_en-gb,5,,FHRS,-0.2313306,51.5243312,5.0,5.0,5.0,,kkini,"Unit 8, Mitre Bridge Industrial Park, Mitre Way, W10 6AU",NEEDS_CHECK,Independent or other supermarket
220 King Street,London,,,Fortune Cat,Retailers - supermarkets/hypermarkets,7840,0,,1434020,2021/00641/COMB,513,foodandsafety@lbhf.gov.uk,Hammersmith and Fulham,http://www.lbhf.gov.uk,False,,W6 0RA,2026-01-02T00:00:00,fhrs_3_en-gb,3,,FHRS,-0.235774,51.493094,10.0,10.0,10.0,,fortune cat,"220 King Street, London, W6 0RA",NEEDS_CHECK,Independent or other supermarket
Unit 25A,Broadway Shopping Centre,Hammersmith Broadway,London,Heriots Patisserie,Retailers - supermarkets/hypermarkets,7840,0,,1582890,2022/00325/COMB,513,foodandsafety@lbhf.gov.uk,Hammersmith and Fulham,http://www.lbhf.gov.uk,False,,W6 9YD,2025-01-23T00:00:00,fhrs_5_en-gb,5,,FHRS,-0.2245504,51.492224,0.0,0.0,0.0,,heriots patisserie,"Unit 25A, Broadway Shopping Centre, Hammersmith Broadway, W6 9YD",NEEDS_CHECK,Independent or other supermarket
94 North End Road,London,,,Sultan Lebanon,Retailers - supermarkets/hypermarkets,7840,0,,1644669,2023/00266/COMB,513,foodandsafety@lbhf.gov.uk,Hammersmith and Fulham,http://www.lbhf.gov.uk,False,,W14 9EX,2025-05-13T00:00:00,fhrs_4_en-gb,4,,FHRS,-0.206575,51.489765,5.0,5.0,10.0,,sultan lebanon,"94 North End Road, London, W14 9EX",NEEDS_CHECK,Independent or other supermarket
Unit 1 Ground Floor,Parkside Apartments,Cascade Way,London,Tian Tian Market,Retailers - supermarkets/hypermarkets,7840,0,,1707180,2024/00094/COMB,513,foodandsafety@lbhf.gov.uk,Hammersmith and Fulham,http://www.lbhf.gov.uk,False,,W12 7RD,2024-06-14T00:00:00,fhrs_5_en-gb,5,,FHRS,,,5.0,0.0,5.0,,tian tian market,"Unit 1 Ground Floor, Parkside Apartments, Cascade Way, W12 7RD",NEEDS_CHECK,Independent or other supermarket
396 North End Road,London,,,Starry Mart,Retailers - supermarkets/hypermarkets,7840,0,,1733341,2024/00190/COMB,513,foodandsafety@lbhf.gov.uk,Hammersmith and Fulham,http://www.lbhf.gov.uk,False,,SW6 1LU,2025-01-09T00:00:00,fhrs_5_en-gb,5,,FHRS,-0.1992546,51.4805167,5.0,0.0,5.0,,starry mart,"396 North End Road, London, SW6 1LU",NEEDS_CHECK,Independent or other supermarket
Unit 1 And 2,Mitre Bridge Industrial Park,Mitre Way,London,Zapp,Retailers - supermarkets/hypermarkets,7840,0,,1746145,2024/00243/COMB,513,foodandsafety@lbhf.gov.uk,Hammersmith and Fulham,http://www.lbhf.gov.uk,False,,W10 6AU,2025-01-28T00:00:00,fhrs_5_en-gb,5,,FHRS,-0.2315592,51.5247573,0.0,0.0,5.0,,zapp,"Unit 1 And 2, Mitre Bridge Industrial Park, Mitre Way, W10 6AU",NEEDS_CHECK,Independent or other supermarket
Units 7 And 8,Broadway Shopping Centre,Hammersmith Broadway,London,Cookie Jar London  Hammersmith,Retailers - supermarkets/hypermarkets,7840,0,,1753590,2024/00285/COMB,513,foodandsafety@lbhf.gov.uk,Hammersmith and Fulham,http://www.lbhf.gov.uk,False,,W6 7AL,2024-10-16T00:00:00,fhrs_5_en-gb,5,,FHRS,-0.223751,51.493336,0.0,0.0,0.0,,cookie jar london  hammersmith,"Units 7 And 8, Broadway Shopping Centre, Hammersmith Broadway, W6 7AL",NEEDS_CHECK,Independent or other supermarket
295 King Street,London,,,River Greens,Retailers - supermarkets/hypermarkets,7840,0,,1768961,2024/00340/COMB,513,foodandsafety@lbhf.gov.uk,Hammersmith and Fulham,http://www.lbhf.gov.uk,False,,W6 9NH,2024-12-09T00:00:00,fhrs_5_en-gb,5,,FHRS,-0.239967,51.4932747,0.0,5.0,5.0,,river greens,"295 King Street, London, W6 9NH",NEEDS_CHECK,Independent or other supermarket
Store A,Westfield London Shopping Centre,Ariel Way,London,Sushi Daily,Retailers - supermarkets/hypermarkets,7840,0,,1789412,2025/00010/COMB,513,foodandsafety@lbhf.gov.uk,Hammersmith and Fulham,http://www.lbhf.gov.uk,False,,W12 7GA,2025-03-19T00:00:00,fhrs_5_en-gb,5,,FHRS,-0.223254,51.507212,0.0,0.0,0.0,,sushi daily,"Store A, Westfield London Shopping Centre, Ariel Way, W12 7GA",NEEDS_CHECK,Independent or other supermarket
Unit 31-32,Broadway Shopping Centre,Hammersmith Broadway,London,Sainsbury's Supermarkets Ltd,Retailers - supermarkets/hypermarkets,7840,0,,1804777,2025/00074/COMB,513,foodandsafety@lbhf.gov.uk,Hammersmith and Fulham,http://www.lbhf.gov.uk,False,,W6 9YD,2025-02-25T00:00:00,fhrs_5_en-gb,5,,FHRS,-0.224571,51.492242,0.0,0.0,0.0,Sainsbury's,sainsbury's supermarkets ltd,"Unit 31-32, Broadway Shopping Centre, Hammersmith Broadway, W6 9YD",NEEDS_CHECK,Sainsbury's store format unclear from FHRS record
122 - 124 Hammersmith Road,London,,,Star Supermarket,Retailers - supermarkets/hypermarkets,7840,0,,1920987,2026/00080/COMB,513,foodandsafety@lbhf.gov.uk,Hammersmith and Fulham,http://www.lbhf.gov.uk,False,,W6 7JP,2026-06-03T00:00:00,fhrs_5_en-gb,5,,FHRS,-0.218329,51.49346,0.0,0.0,5.0,,star supermarket,"122 - 124 Hammersmith Road, London, W6 7JP",NEEDS_CHECK,Independent or other supermarket
116 - 128 North End Road,London,,,Waitrose,Retailers - supermarkets/hypermarkets,7840,0,,1970333,2026/00224/COMB,513,foodandsafety@lbhf.gov.uk,Hammersmith and Fulham,http://www.lbhf.gov.uk,False,,W14 9PP,1901-01-01T00:00:00,fhrs_awaitinginspection_en-gb,AwaitingInspection,,FHRS,-0.205252,51.488611,,,,Waitrose,waitrose,"116 - 128 North End Road, London, W14 9PP",NEEDS_CHECK,Full Waitrose store: bakery provision to confirm
201 - 207 Fulham Palace Road,London,,,Waitrose,Retailers - supermarkets/hypermarkets,7840,0,,1970334,2026/00225/COMB,513,foodandsafety@lbhf.gov.uk,Hammersmith and Fulham,http://www.lbhf.gov.uk,False,,W6 8QX,1901-01-01T00:00:00,fhrs_awaitinginspection_en-gb,AwaitingInspection,,FHRS,-0.219513,51.484152,,,,Waitrose,waitrose,"201 - 207 Fulham Palace Road, London, W6 8QX",NEEDS_CHECK,Full Waitrose store: bakery provision to confirm
Brigade House,8 Parsons Green,London,,Waitrose,Retailers - supermarkets/hypermarkets,7840,0,,1970335,2026/00226/COMB,513,foodandsafety@lbhf.gov.uk,Hammersmith and Fulham,http://www.lbhf.gov.uk,False,,SW6 4TN,1901-01-01T00:00:00,fhrs_awaitinginspection_en-gb,AwaitingInspection,,FHRS,-0.201203,51.474386,,,,Waitrose,waitrose,"Brigade House, 8 Parsons Green, London, SW6 4TN",NEEDS_CHECK,Full Waitrose store: bakery provision to confirm
Supermarket,4 Williamson Road,Tottenham,London,Sainsbury's,Retailers - supermarkets/hypermarkets,7840,0,,422320,PI/000113572,514,frontline@haringey.gov.uk,Haringey,http://www.haringey.gov.uk,False,,N4 1UJ,2025-07-15T00:00:00,fhrs_5_en-gb,5,,FHRS,-0.095424,51.577299,0.0,0.0,0.0,Sainsbury's,sainsbury's,"Supermarket, 4 Williamson Road, Tottenham, N4 1UJ",NEEDS_CHECK,Sainsbury's store format unclear from FHRS record
Shop Exchange House,71 Crouch End Hill,Hornsey,London,Marks & Spencer Simply Foods,Retailers - supermarkets/hypermarkets,7840,0,,422343,PI/000116157,514,frontline@haringey.gov.uk,Haringey,http://www.haringey.gov.uk,False,,N8 8DF,2026-01-29T00:00:00,fhrs_5_en-gb,5,,FHRS,-0.1247112,51.5773145,0.0,0.0,0.0,M&S,marks & spencer simply foods,"Shop Exchange House, 71 Crouch End Hill, Hornsey, N8 8DF",NEEDS_CHECK,Larger M&S store: bakery provision to confirm
126-128 Muswell Hill Broadway,Hornsey,London,,Marks & Spencer Plc,Retailers - supermarkets/hypermarkets,7840,0,,422526,PI/000126261,514,frontline@haringey.gov.uk,Haringey,http://www.haringey.gov.uk,False,,N10 3RU,2025-12-03T00:00:00,fhrs_5_en-gb,5,,FHRS,-0.14361,51.59013,0.0,0.0,0.0,M&S,marks & spencer plc,"126-128 Muswell Hill Broadway, Hornsey, London, N10 3RU",NEEDS_CHECK,Larger M&S store: bakery provision to confirm
12 Fortis Green Road,Hornsey,London,,Sainsbury’s,Retailers - supermarkets/hypermarkets,7840,0,,422633,PI/000127085,514,frontline@haringey.gov.uk,Haringey,http://www.haringey.gov.uk,False,,N10 3HN,2025-04-09T00:00:00,fhrs_5_en-gb,5,,FHRS,-0.146131,51.590251,0.0,0.0,0.0,Sainsbury's,sainsbury’s,"12 Fortis Green Road, Hornsey, London, N10 3HN",NEEDS_CHECK,Sainsbury's store format unclear from FHRS record
230 High Road,Tottenham,London,,Tesco,Retailers - supermarkets/hypermarkets,7840,0,,422661,PI/000127335,514,frontline@haringey.gov.uk,Haringey,http://www.haringey.gov.uk,False,,N15 4AJ,2023-10-25T00:00:00,fhrs_5_en-gb,5,,FHRS,-0.071394,51.585468,0.0,5.0,0.0,Tesco,tesco,"230 High Road, Tottenham, London, N15 4AJ",NEEDS_CHECK,Tesco store format unclear from FHRS record
48-54 High Road,Wood Green,London,,Sainsbury's,Retailers - supermarkets/hypermarkets,7840,0,,422949,PI/000129738,514,frontline@haringey.gov.uk,Haringey,http://www.haringey.gov.uk,False,,N22 6BX,2024-02-02T00:00:00,fhrs_5_en-gb,5,,FHRS,-0.1050122,51.5925637,0.0,0.0,0.0,Sainsbury's,sainsbury's,"48-54 High Road, Wood Green, London, N22 6BX",NEEDS_CHECK,Sainsbury's store format unclear from FHRS record
35-39 The Broadway,Hornsey,London,,Waitrose,Retailers - supermarkets/hypermarkets,7840,0,,423069,PI/000133639,514,frontline@haringey.gov.uk,Haringey,http://www.haringey.gov.uk,False,,N8 8DU,2025-01-20T00:00:00,fhrs_5_en-gb,5,,FHRS,-0.124135,51.578931,0.0,0.0,0.0,Waitrose,waitrose,"35-39 The Broadway, Hornsey, London, N8 8DU",NEEDS_CHECK,Full Waitrose store: bakery provision to confirm
,1-3 High Road,Wood Green,London,Tesco Stores,Retailers - supermarkets/hypermarkets,7840,0,,423331,PI/000140049,514,frontline@haringey.gov.uk,Haringey,http://www.haringey.gov.uk,False,,N22 6BH,2025-12-09T00:00:00,fhrs_5_en-gb,5,,FHRS,-0.1040098,51.5906321,0.0,5.0,0.0,Tesco,tesco stores,"1-3 High Road, Wood Green, N22 6BH",NEEDS_CHECK,Tesco store format unclear from FHRS record
490 High Road,Tottenham,London,,Asda Stores,Retailers - supermarkets/hypermarkets,7840,0,,423369,PI/000140655,514,frontline@haringey.gov.uk,Haringey,http://www.haringey.gov.uk,False,,N17 9JF,2023-09-19T00:00:00,fhrs_5_en-gb,5,,FHRS,-0.069425,51.593457,0.0,0.0,0.0,Asda,asda stores,"490 High Road, Tottenham, London, N17 9JF",NEEDS_CHECK,Asda store format unclear from FHRS record
390-392 Muswell Hill Broadway,Hornsey,London,,Waitrose,Retailers - supermarkets/hypermarkets,7840,0,,448313,PI/000142696,514,frontline@haringey.gov.uk,Haringey,http://www.haringey.gov.uk,False,,N10 1DJ,2019-03-09T00:00:00,fhrs_5_en-gb,5,,FHRS,-0.142438,51.591604,0.0,5.0,0.0,Waitrose,waitrose,"390-392 Muswell Hill Broadway, Hornsey, London, N10 1DJ",NEEDS_CHECK,Full Waitrose store: bakery provision to confirm
669-673 High Road,Tottenham,London,,Sainsbury's,Retailers - supermarkets/hypermarkets,7840,0,,502554,PI/000143014,514,frontline@haringey.gov.uk,Haringey,http://www.haringey.gov.uk,False,,N17 8AD,2019-05-02T00:00:00,fhrs_5_en-gb,5,,FHRS,-0.068236,51.600712,0.0,0.0,0.0,Sainsbury's,sainsbury's,"669-673 High Road, Tottenham, London, N17 8AD",NEEDS_CHECK,Sainsbury's store format unclear from FHRS record
421 Lordship Lane,Tottenham,London,,Sainsbury’s,Retailers - supermarkets/hypermarkets,7840,0,,502555,PI/000143196,514,frontline@haringey.gov.uk,Haringey,http://www.haringey.gov.uk,False,,N17 6AG,2019-07-02T00:00:00,fhrs_5_en-gb,5,,FHRS,-0.091343,51.597871,0.0,0.0,0.0,Sainsbury's,sainsbury’s,"421 Lordship Lane, Tottenham, London, N17 6AG",NEEDS_CHECK,Sainsbury's store format unclear from FHRS record
3-7 West Green Road,Tottenham,London,,Sainsbury's,Retailers - supermarkets/hypermarkets,7840,0,,521408,PI/000140743,514,frontline@haringey.gov.uk,Haringey,http://www.haringey.gov.uk,False,,N15 5BX,2019-06-21T00:00:00,fhrs_5_en-gb,5,,FHRS,-0.073699,51.583878,0.0,0.0,0.0,Sainsbury's,sainsbury's,"3-7 West Green Road, Tottenham, London, N15 5BX",NEEDS_CHECK,Sainsbury's store format unclear from FHRS record
260-268 Archway Road,Hornsey,London,,Sainsbury's,Retailers - supermarkets/hypermarkets,7840,0,,569467,PI/000143571,514,frontline@haringey.gov.uk,Haringey,http://www.haringey.gov.uk,False,,N6 5AX,2026-03-19T00:00:00,fhrs_5_en-gb,5,,FHRS,-0.141708,51.574471,5.0,5.0,0.0,Sainsbury's,sainsbury's,"260-268 Archway Road, Hornsey, London, N6 5AX",NEEDS_CHECK,Sainsbury's store format unclear from FHRS record
Unit 4,Tottenham Hale Retail Park,Broad Lane,Tottenham,Asda Living Store,Retailers - supermarkets/hypermarkets,7840,0,,719827,PI/000135564,514,frontline@haringey.gov.uk,Haringey,http://www.haringey.gov.uk,False,,N15 4QD,1901-01-01T00:00:00,fhrs_exempt_en-gb,Exempt,,FHRS,-0.06231,51.587611,,,,Asda,asda living store,"Unit 4, Tottenham Hale Retail Park, Broad Lane, N15 4QD",NEEDS_CHECK,Asda store format unclear from FHRS record
Strawbridge Court,308 West Green Road,Tottenham,London,Tesco,Retailers - supermarkets/hypermarkets,7840,0,,719831,PI/000145595,514,frontline@haringey.gov.uk,Haringey,http://www.haringey.gov.uk,False,,N15 3AN,2024-07-17T00:00:00,fhrs_5_en-gb,5,,FHRS,-0.0913835,51.5863627,0.0,0.0,0.0,Tesco,tesco,"Strawbridge Court, 308 West Green Road, Tottenham, N15 3AN",NEEDS_CHECK,Tesco store format unclear from FHRS record
335-337 White Hart Lane,Tottenham,London,,Asda Service Station,Retailers - supermarkets/hypermarkets,7840,0,,852018,PI/000146935,514,frontline@haringey.gov.uk,Haringey,http://www.haringey.gov.uk,False,,N17 7LY,2018-02-08T00:00:00,fhrs_5_en-gb,5,,FHRS,-0.091181,51.606564,0.0,0.0,0.0,Asda,asda service station,"335-337 White Hart Lane, Tottenham, London, N17 7LY",NEEDS_CHECK,Asda store format unclear from FHRS record
Diana Martin Court,678-682 High Road,Tottenham,London,Szampion Polskie Delikatesy,Retailers - supermarkets/hypermarkets,7840,0,,984599,PI/000152218,514,frontline@haringey.gov.uk,Haringey,http://www.haringey.gov.uk,True,,N17 0AE,2026-03-24T00:00:00,fhrs_5_en-gb,5,,FHRS,-0.0675436,51.6004859,5.0,5.0,5.0,,szampion polskie delikatesy,"Diana Martin Court, 678-682 High Road, Tottenham, N17 0AE",NEEDS_CHECK,Independent or other supermarket
28-48 Northumberland Park,Tottenham,London,,Sainsbury's,Retailers - supermarkets/hypermarkets,7840,0,,1045962,PI/000143556,514,frontline@haringey.gov.uk,Haringey,http://www.haringey.gov.uk,False,,N17 0TX,2025-09-08T00:00:00,fhrs_5_en-gb,5,,FHRS,-0.0650940015912056,51.6060180664063,0.0,0.0,0.0,Sainsbury's,sainsbury's,"28-48 Northumberland Park, Tottenham, London, N17 0TX",NEEDS_CHECK,Sainsbury's store format unclear from FHRS record
542-544 Lordship Lane,Wood Green,London,,Ziaronca Delikatesy,Retailers - supermarkets/hypermarkets,7840,0,,1081598,PI/000154647,514,frontline@haringey.gov.uk,Haringey,http://www.haringey.gov.uk,False,,N22 5BY,2023-11-23T00:00:00,fhrs_5_en-gb,5,,FHRS,-0.097319,51.598966,5.0,5.0,5.0,,ziaronca delikatesy,"542-544 Lordship Lane, Wood Green, London, N22 5BY",NEEDS_CHECK,Independent or other supermarket
,121-123 Bounds Green Road,Wood Green,London,Euro Express,Retailers - supermarkets/hypermarkets,7840,0,,1154887,PI/000157386,514,frontline@haringey.gov.uk,Haringey,http://www.haringey.gov.uk,False,,N11 2PP,2025-02-26T00:00:00,fhrs_5_en-gb,5,,FHRS,-0.1225762,51.6053187,0.0,0.0,0.0,,euro express,"121-123 Bounds Green Road, Wood Green, N11 2PP",NEEDS_CHECK,Independent or other supermarket
Unit A Eclipse House,35 Station Road,Wood Green,London,Mleczko Delikatesy Ltd,Retailers - supermarkets/hypermarkets,7840,0,,1181381,PI/000157326,514,frontline@haringey.gov.uk,Haringey,http://www.haringey.gov.uk,False,,N22 6UX,2023-09-25T00:00:00,fhrs_5_en-gb,5,,FHRS,-0.1115518,51.5967518,0.0,0.0,0.0,,mleczko delikatesy ltd,"Unit A Eclipse House, 35 Station Road, Wood Green, N22 6UX",NEEDS_CHECK,Independent or other supermarket
Smithfield Square,High Street,Hornsey,London,Sainsbury's,Retailers - supermarkets/hypermarkets,7840,0,,1198817,PI/000152223,514,frontline@haringey.gov.uk,Haringey,http://www.haringey.gov.uk,False,,N8 7QB,2026-04-17T00:00:00,fhrs_5_en-gb,5,,FHRS,-0.116512,51.588034,0.0,0.0,0.0,Sainsbury's,sainsbury's,"Smithfield Square, High Street, Hornsey, N8 7QB",NEEDS_CHECK,Sainsbury's store format unclear from FHRS record
,83 St Anns Road,Tottenham,London,Best Supermarket,Retailers - supermarkets/hypermarkets,7840,0,,1355343,PI/000160190,514,frontline@haringey.gov.uk,Haringey,http://www.haringey.gov.uk,False,,N15 6NJ,2024-08-15T00:00:00,fhrs_4_en-gb,4,,FHRS,-0.0770087,51.5777468,0.0,10.0,5.0,,best supermarket,"83 St Anns Road, Tottenham, N15 6NJ",NEEDS_CHECK,Independent or other supermarket
,90 Trinity Road,Wood Green,London,Vino's Food & Wine,Retailers - supermarkets/hypermarkets,7840,0,,1430698,PI/000163112,514,frontline@haringey.gov.uk,Haringey,http://www.haringey.gov.uk,False,,N22 8YB,2026-02-11T00:00:00,fhrs_5_en-gb,5,,FHRS,-0.1215645,51.6049878,0.0,0.0,0.0,,vino's food & wine,"90 Trinity Road, Wood Green, N22 8YB",NEEDS_CHECK,Independent or other supermarket
,185-187 Lordship Lane,Tottenham,London,Gunes Supermarket,Retailers - supermarkets/hypermarkets,7840,0,,1497807,PI/000162546,514,frontline@haringey.gov.uk,Haringey,http://www.haringey.gov.uk,False,,N17 6XF,2026-03-21T00:00:00,fhrs_4_en-gb,4,,FHRS,-0.0787497,51.5980713,5.0,5.0,10.0,,gunes supermarket,"185-187 Lordship Lane, Tottenham, N17 6XF",NEEDS_CHECK,Independent or other supermarket
134 West Green Road,Tottenham,London,,Loco,Retailers - supermarkets/hypermarkets,7840,0,,1523269,PI/000164532,514,frontline@haringey.gov.uk,Haringey,http://www.haringey.gov.uk,False,,N15 5AD,1901-01-01T00:00:00,fhrs_awaitinginspection_en-gb,AwaitingInspection,,FHRS,-0.0801730006933212,51.5854225158691,,,,,loco,"134 West Green Road, Tottenham, London, N15 5AD",NEEDS_CHECK,Independent or other supermarket
102 Vale Road,Tottenham,London,,Turkish Porter,Retailers - supermarkets/hypermarkets,7840,0,,1540413,PI/000164836,514,frontline@haringey.gov.uk,Haringey,http://www.haringey.gov.uk,False,,N4 1FL,2023-06-23T00:00:00,fhrs_5_en-gb,5,,FHRS,-0.0902253,51.5750762,0.0,0.0,5.0,,turkish porter,"102 Vale Road, Tottenham, London, N4 1FL",NEEDS_CHECK,Independent or other supermarket
21-23 The Broadway,Hornsey,London,,Sainsbury's,Retailers - supermarkets/hypermarkets,7840,0,,1672683,PI/000166625,514,frontline@haringey.gov.uk,Haringey,http://www.haringey.gov.uk,False,,N8 8DU,2023-11-17T00:00:00,fhrs_5_en-gb,5,,FHRS,-0.124135,51.578931,0.0,5.0,0.0,Sainsbury's,sainsbury's,"21-23 The Broadway, Hornsey, London, N8 8DU",NEEDS_CHECK,Sainsbury's store format unclear from FHRS record
,155 Mount Pleasant Road,Tottenham,London,Elif Food Centre,Retailers - supermarkets/hypermarkets,7840,0,,1679244,PI/000167721,514,frontline@haringey.gov.uk,Haringey,http://www.haringey.gov.uk,False,,N17 6JH,2025-08-15T00:00:00,fhrs_5_en-gb,5,,FHRS,-0.0785816,51.5938421,5.0,5.0,5.0,,elif food centre,"155 Mount Pleasant Road, Tottenham, N17 6JH",NEEDS_CHECK,Independent or other supermarket
159A Tottenham Lane,Hornsey,London,,Harvest @,Retailers - supermarkets/hypermarkets,7840,0,,1691675,PI/000167920,514,frontline@haringey.gov.uk,Haringey,http://www.haringey.gov.uk,False,,N8 9BT,2026-01-30T00:00:00,fhrs_5_en-gb,5,,FHRS,-0.1199642,51.5818336,0.0,0.0,0.0,,harvest @,"159A Tottenham Lane, Hornsey, London, N8 9BT",NEEDS_CHECK,Independent or other supermarket
12-14 High Road,Wood Green,London,,Farmfoods,Retailers - supermarkets/hypermarkets,7840,0,,1738950,PI/000167900,514,frontline@haringey.gov.uk,Haringey,http://www.haringey.gov.uk,False,,N22 6BX,2024-09-18T00:00:00,fhrs_5_en-gb,5,,FHRS,-0.1035864,51.5910929,5.0,5.0,5.0,,farmfoods,"12-14 High Road, Wood Green, London, N22 6BX",NEEDS_CHECK,Independent or other supermarket
16 High Road,Wood Green,London,,Green Market,Retailers - supermarkets/hypermarkets,7840,0,,1742013,PI/000168593,514,frontline@haringey.gov.uk,Haringey,http://www.haringey.gov.uk,False,,N22 6BX,2026-06-11T00:00:00,fhrs_4_en-gb,4,,FHRS,-0.103826,51.5912317,5.0,10.0,5.0,,green market,"16 High Road, Wood Green, London, N22 6BX",NEEDS_CHECK,Independent or other supermarket
Ground Floor Unit A,37 Broad Lane,Tottenham,London,Wang Hong Ltd Supermarket,Retailers - supermarkets/hypermarkets,7840,0,,1745420,PI/000169085,514,frontline@haringey.gov.uk,Haringey,http://www.haringey.gov.uk,False,,N15 4DJ,2026-01-20T00:00:00,fhrs_4_en-gb,4,,FHRS,-0.069016,51.584358,5.0,10.0,5.0,,wang hong ltd supermarket,"Ground Floor Unit A, 37 Broad Lane, Tottenham, N15 4DJ",NEEDS_CHECK,Independent or other supermarket
,717-719 Seven Sisters Road,Tottenham,London,Antalya Supermarket,Retailers - supermarkets/hypermarkets,7840,0,,1751185,PI/000154448,514,frontline@haringey.gov.uk,Haringey,http://www.haringey.gov.uk,False,,N15 5JT,2025-11-26T00:00:00,fhrs_4_en-gb,4,,FHRS,-0.0730389,51.5828882,5.0,10.0,5.0,,antalya supermarket,"717-719 Seven Sisters Road, Tottenham, N15 5JT",NEEDS_CHECK,Independent or other supermarket
Unit 1 Navigation Point 2,Hale Wharf,Ferry Lane,Tottenham,Lock 17 Wholefoods,Retailers - supermarkets/hypermarkets,7840,0,,1768934,PI/000158756,514,frontline@haringey.gov.uk,Haringey,http://www.haringey.gov.uk,False,,N17 9LW,2025-02-08T00:00:00,fhrs_5_en-gb,5,,FHRS,-0.0558766,51.5879644,0.0,0.0,5.0,,lock 17 wholefoods,"Unit 1 Navigation Point 2, Hale Wharf, Ferry Lane, N17 9LW",NEEDS_CHECK,Independent or other supermarket
63-64 Grand Parade,Tottenham,London,,Minutego Grocery,Retailers - supermarkets/hypermarkets,7840,0,,1777748,PI/000169332,514,frontline@haringey.gov.uk,Haringey,http://www.haringey.gov.uk,False,,N4 1AF,2026-06-09T00:00:00,fhrs_2_en-gb,2,,FHRS,-0.098678,51.578511,10.0,15.0,10.0,,minutego grocery,"63-64 Grand Parade, Tottenham, London, N4 1AF",NEEDS_CHECK,Independent or other supermarket
,3 St Michaels Terrace,Wood Green,London,Ally pally food store Ltd,Retailers - supermarkets/hypermarkets,7840,0,,1797988,PI/000169640,514,frontline@haringey.gov.uk,Haringey,http://www.haringey.gov.uk,False,,N22 7SJ,2025-02-26T00:00:00,fhrs_5_en-gb,5,,FHRS,-0.1194683,51.5983987,0.0,0.0,0.0,,ally pally food store ltd,"3 St Michaels Terrace, Wood Green, N22 7SJ",NEEDS_CHECK,Independent or other supermarket
4 Vicarage Parade,West Green Road,Tottenham,London,International Food Centre,Retailers - supermarkets/hypermarkets,7840,0,,1805818,PI/000167894,514,frontline@haringey.gov.uk,Haringey,http://www.haringey.gov.uk,False,,N15 3BL,2025-02-15T00:00:00,fhrs_4_en-gb,4,,FHRS,-0.089857,51.586147,5.0,10.0,5.0,,international food centre,"4 Vicarage Parade, West Green Road, Tottenham, N15 3BL",NEEDS_CHECK,Independent or other supermarket
867-869 High Road,Tottenham,London,,B&M Home Store,Retailers - supermarkets/hypermarkets,7840,0,,1814038,PI/000164503,514,frontline@haringey.gov.uk,Haringey,http://www.haringey.gov.uk,False,,N17 8EY,2022-09-27T00:00:00,fhrs_5_en-gb,5,,FHRS,-0.0700387,51.6078288,0.0,5.0,0.0,,b&m home store,"867-869 High Road, Tottenham, London, N17 8EY",NEEDS_CHECK,Independent or other supermarket
Unit 1b,York House,Whymark Avenue,Wood Green,Jiahe Market,Retailers - supermarkets/hypermarkets,7840,0,,1834922,PI/000169390,514,frontline@haringey.gov.uk,Haringey,http://www.haringey.gov.uk,False,,N22 6DJ,2024-11-12T00:00:00,fhrs_4_en-gb,4,,FHRS,-0.1030725,51.5913004,0.0,5.0,10.0,,jiahe market,"Unit 1b, York House, Whymark Avenue, N22 6DJ",NEEDS_CHECK,Independent or other supermarket
245 High Road,Tottenham,London,,Merca Express Latino,Retailers - supermarkets/hypermarkets,7840,0,,1839439,PI/000170241,514,frontline@haringey.gov.uk,Haringey,http://www.haringey.gov.uk,False,,N15 5BT,2026-03-16T00:00:00,fhrs_5_en-gb,5,,FHRS,-0.0727846,51.5832637,0.0,0.0,0.0,,merca express latino,"245 High Road, Tottenham, London, N15 5BT",NEEDS_CHECK,Independent or other supermarket
Block C,125 Brantwood Road,Tottenham,London,Bestway Wholesale,Retailers - supermarkets/hypermarkets,7840,0,,1860016,PI/000165159,514,frontline@haringey.gov.uk,Haringey,http://www.haringey.gov.uk,False,,N17 0DX,1901-01-01T00:00:00,fhrs_exempt_en-gb,Exempt,,FHRS,-0.0568098,51.6083838,,,,,bestway wholesale,"Block C, 125 Brantwood Road, Tottenham, N17 0DX",NEEDS_CHECK,Independent or other supermarket
2A Bounds Green Road,Wood Green,London,,Bounds Green Petrol Filling Station,Retailers - supermarkets/hypermarkets,7840,0,,1919909,PI/000170780,514,frontline@haringey.gov.uk,Haringey,http://www.haringey.gov.uk,False,,N11 2QH,2025-10-07T00:00:00,fhrs_5_en-gb,5,,FHRS,-0.1223389,51.6058185,0.0,0.0,0.0,,bounds green petrol filling station,"2A Bounds Green Road, Wood Green, London, N11 2QH",NEEDS_CHECK,Independent or other supermarket
192-194 West Green Road,Tottenham,London,,Rojin Supermarket,Retailers - supermarkets/hypermarkets,7840,0,,1922896,PI/000171156,514,frontline@haringey.gov.uk,Haringey,http://www.haringey.gov.uk,False,,N15 5AG,2026-02-21T00:00:00,fhrs_4_en-gb,4,,FHRS,-0.0840311,51.5857931,5.0,5.0,10.0,,rojin supermarket,"192-194 West Green Road, Tottenham, London, N15 5AG",NEEDS_CHECK,Independent or other supermarket
131-137 Turnpike Lane,Wood Green,London,,Olive Tree,Retailers - supermarkets/hypermarkets,7840,0,,1946155,PI/000170108,514,frontline@haringey.gov.uk,Haringey,http://www.haringey.gov.uk,False,,N8 0DU,2026-04-02T00:00:00,fhrs_5_en-gb,5,,FHRS,-0.1093779,51.5889473,5.0,5.0,5.0,,olive tree,"131-137 Turnpike Lane, Wood Green, London, N8 0DU",NEEDS_CHECK,Independent or other supermarket
306 Park Road,Hornsey,London,,Park Road Stores LTD,Retailers - supermarkets/hypermarkets,7840,0,,1946158,PI/000171355,514,frontline@haringey.gov.uk,Haringey,http://www.haringey.gov.uk,False,,N8 8LA,2026-03-30T00:00:00,fhrs_5_en-gb,5,,FHRS,-0.133577,51.58695,5.0,5.0,5.0,,park road stores ltd,"306 Park Road, Hornsey, London, N8 8LA",NEEDS_CHECK,Independent or other supermarket
350 High Road,Harrow,,,Waitrose,Retailers - supermarkets/hypermarkets,7840,0,,276426,PI/000040687,515,envhealth@harrow.gov.uk,Harrow,http://www.harrow.gov.uk,False,,HA3 6HF,2021-11-15T00:00:00,fhrs_5_en-gb,5,,FHRS,-0.339583,51.6053426,5.0,5.0,5.0,Waitrose,waitrose,"350 High Road, Harrow, HA3 6HF",NEEDS_CHECK,Full Waitrose store: bakery provision to confirm
1 Ash Hill Drive,Pinner,,,Tesco,Retailers - supermarkets/hypermarkets,7840,0,,276449,PI/000041000,515,envhealth@harrow.gov.uk,Harrow,http://www.harrow.gov.uk,False,,HA5 2AG,2024-01-30T00:00:00,fhrs_5_en-gb,5,,FHRS,-0.395423,51.596999,0.0,5.0,0.0,Tesco,tesco,"1 Ash Hill Drive, Pinner, HA5 2AG",NEEDS_CHECK,Tesco store format unclear from FHRS record
387-395 Rayners Lane,Harrow,,,Sainsbury's,Retailers - supermarkets/hypermarkets,7840,0,,276468,PI/000041517,515,envhealth@harrow.gov.uk,Harrow,http://www.harrow.gov.uk,False,,HA5 5ER,2023-11-01T00:00:00,fhrs_5_en-gb,5,,FHRS,-0.371476,51.576653,5.0,5.0,5.0,Sainsbury's,sainsbury's,"387-395 Rayners Lane, Harrow, HA5 5ER",NEEDS_CHECK,Sainsbury's store format unclear from FHRS record
1-9 The Broadway,Stanmore,,,Sainsbury's,Retailers - supermarkets/hypermarkets,7840,0,,276567,PI/000044953,515,envhealth@harrow.gov.uk,Harrow,http://www.harrow.gov.uk,False,,HA7 4DA,2025-01-06T00:00:00,fhrs_5_en-gb,5,,FHRS,-0.311124,51.617487,0.0,5.0,0.0,Sainsbury's,sainsbury's,"1-9 The Broadway, Stanmore, HA7 4DA",NEEDS_CHECK,Sainsbury's store format unclear from FHRS record
12 Barters Walk,Pinner,,,Sainsbury's,Retailers - supermarkets/hypermarkets,7840,0,,276619,PI/000046835,515,envhealth@harrow.gov.uk,Harrow,http://www.harrow.gov.uk,False,,HA5 5LU,2025-08-04T00:00:00,fhrs_5_en-gb,5,,FHRS,-0.3806897,51.5933726,5.0,5.0,0.0,Sainsbury's,sainsbury's,"12 Barters Walk, Pinner, HA5 5LU",NEEDS_CHECK,Sainsbury's store format unclear from FHRS record
31 St Anns Road,Harrow,,,Marks & Spencer,Retailers - supermarkets/hypermarkets,7840,0,,276701,PI/000080994,515,envhealth@harrow.gov.uk,Harrow,http://www.harrow.gov.uk,False,,HA1 1NB,2025-07-07T00:00:00,fhrs_5_en-gb,5,,FHRS,-0.335696,51.581105,5.0,5.0,5.0,M&S,marks & spencer,"31 St Anns Road, Harrow, HA1 1NB",NEEDS_CHECK,Larger M&S store: bakery provision to confirm
Service Station Adjacent To 140,Northolt Road,,,Waitrose Petrol Station,Retailers - supermarkets/hypermarkets,7840,0,,276930,PI/000087206,515,envhealth@harrow.gov.uk,Harrow,http://www.harrow.gov.uk,False,,HA2 0EG,2024-01-17T00:00:00,fhrs_5_en-gb,5,,FHRS,-0.352159,51.567679,0.0,0.0,0.0,Waitrose,waitrose petrol station,"Service Station Adjacent To 140, Northolt Road, HA2 0EG",NEEDS_CHECK,Full Waitrose store: bakery provision to confirm
Tesco Stores Ltd,404 Kenton Lane,,,Tesco,Retailers - supermarkets/hypermarkets,7840,0,,276996,PI/000090746,515,envhealth@harrow.gov.uk,Harrow,http://www.harrow.gov.uk,False,,HA3 8RQ,2026-02-16T00:00:00,fhrs_5_en-gb,5,,FHRS,-0.3169497,51.6008881,5.0,5.0,5.0,Tesco,tesco,"Tesco Stores Ltd, 404 Kenton Lane, HA3 8RQ",NEEDS_CHECK,Tesco store format unclear from FHRS record
Waitrose Limited,140 Northolt Road,,,Waitrose,Retailers - supermarkets/hypermarkets,7840,0,,277007,PI/000091301,515,envhealth@harrow.gov.uk,Harrow,http://www.harrow.gov.uk,False,,HA2 0EG,2023-05-03T00:00:00,fhrs_5_en-gb,5,,FHRS,-0.3516333,51.5675818,0.0,5.0,0.0,Waitrose,waitrose,"Waitrose Limited, 140 Northolt Road, HA2 0EG",NEEDS_CHECK,Full Waitrose store: bakery provision to confirm
503 Pinner Road,Harrow,,,Tesco,Retailers - supermarkets/hypermarkets,7840,0,,277223,PI/000102962,515,envhealth@harrow.gov.uk,Harrow,http://www.harrow.gov.uk,False,,HA2 6EH,2023-12-20T00:00:00,fhrs_5_en-gb,5,,FHRS,-0.363331,51.588454,0.0,5.0,5.0,Tesco,tesco,"503 Pinner Road, Harrow, HA2 6EH",NEEDS_CHECK,Tesco store format unclear from FHRS record
8 Central Parade Station Road,Harrow,,,Kabul-Beirut Supermarket & Halal,Retailers - supermarkets/hypermarkets,7840,0,,277289,PI/000103307,515,envhealth@harrow.gov.uk,Harrow,http://www.harrow.gov.uk,False,,HA1 2TW,2026-03-19T00:00:00,fhrs_4_en-gb,4,,FHRS,-0.332611,51.5847677,0.0,0.0,10.0,,kabul-beirut supermarket & halal,"8 Central Parade Station Road, Harrow, HA1 2TW",NEEDS_CHECK,Independent or other supermarket
469-491 Northolt Road,South Harrow,,,Asda,Retailers - supermarkets/hypermarkets,7840,0,,277437,PI/000103942,515,envhealth@harrow.gov.uk,Harrow,http://www.harrow.gov.uk,False,,HA2 8JN,2025-05-27T00:00:00,fhrs_5_en-gb,5,,FHRS,-0.3608621,51.5578288,5.0,5.0,0.0,Asda,asda,"469-491 Northolt Road, South Harrow, HA2 8JN",NEEDS_CHECK,Asda store format unclear from FHRS record
Tesco Local,303-305 Station Road,,,Tesco,Retailers - supermarkets/hypermarkets,7840,0,,277459,PI/000104203,515,envhealth@harrow.gov.uk,Harrow,http://www.harrow.gov.uk,False,,HA1 2TA,2026-06-11T00:00:00,fhrs_5_en-gb,5,,FHRS,-0.3333725,51.5817121,5.0,5.0,0.0,Tesco,tesco,"Tesco Local, 303-305 Station Road, HA1 2TA",NEEDS_CHECK,Tesco store format unclear from FHRS record
293-295 Station Road,Harrow,,,Northwest Market,Retailers - supermarkets/hypermarkets,7840,0,,748008,PI/000105902,515,envhealth@harrow.gov.uk,Harrow,http://www.harrow.gov.uk,False,,HA1 2TA,2025-03-21T00:00:00,fhrs_1_en-gb,1,,FHRS,-0.333372,51.581881,15.0,15.0,20.0,,northwest market,"293-295 Station Road, Harrow, HA1 2TA",NEEDS_CHECK,Independent or other supermarket
First National House,53-61 College Road,,,Tesco,Retailers - supermarkets/hypermarkets,7840,0,,771475,PI/000106926,515,envhealth@harrow.gov.uk,Harrow,http://www.harrow.gov.uk,False,,HA1 1FB,2023-01-18T00:00:00,fhrs_5_en-gb,5,,FHRS,-0.336465,51.579794,5.0,5.0,0.0,Tesco,tesco,"First National House, 53-61 College Road, HA1 1FB",NEEDS_CHECK,Tesco store format unclear from FHRS record
17 Belmont Circle,Belmont,,,Royal Food & Wine,Retailers - supermarkets/hypermarkets,7840,0,,816504,PI/000105936,515,envhealth@harrow.gov.uk,Harrow,http://www.harrow.gov.uk,False,,HA3 8RF,2026-04-16T00:00:00,fhrs_4_en-gb,4,,FHRS,-0.31849929,51.60146107,0.0,10.0,5.0,,royal food & wine,"17 Belmont Circle, Belmont, HA3 8RF",NEEDS_CHECK,Independent or other supermarket
35-43 High Street,Wealdstone,,,Asda,Retailers - supermarkets/hypermarkets,7840,0,,816514,PI/000106262,515,envhealth@harrow.gov.uk,Harrow,http://www.harrow.gov.uk,False,,HA3 5DE,2025-01-23T00:00:00,fhrs_5_en-gb,5,,FHRS,-0.33577,51.594873,5.0,5.0,0.0,Asda,asda,"35-43 High Street, Wealdstone, HA3 5DE",NEEDS_CHECK,Asda store format unclear from FHRS record
29 Station Road,Harrow,,,Arya Market & Bakery,Retailers - supermarkets/hypermarkets,7840,0,,879393,PI/000108030,515,envhealth@harrow.gov.uk,Harrow,http://www.harrow.gov.uk,False,,HA1 2UA,2026-01-29T00:00:00,fhrs_2_en-gb,2,,FHRS,-0.332528,51.587993,15.0,15.0,10.0,,arya market & bakery,"29 Station Road, Harrow, HA1 2UA",NEEDS_CHECK,Independent or other supermarket
97-99 Burnt Oak Broadway,Edgware,,,Class Food Centre,Retailers - supermarkets/hypermarkets,7840,0,,903801,PI/000108161,515,envhealth@harrow.gov.uk,Harrow,http://www.harrow.gov.uk,False,,HA8 5EP,2025-10-10T00:00:00,fhrs_4_en-gb,4,,FHRS,-0.268093,51.600764,0.0,5.0,10.0,,class food centre,"97-99 Burnt Oak Broadway, Edgware, HA8 5EP",NEEDS_CHECK,Independent or other supermarket
1 Tudor Gardens,Tudor Road,,,Lucky Mini Market,Retailers - supermarkets/hypermarkets,7840,0,,972704,PI/000108409,515,envhealth@harrow.gov.uk,Harrow,http://www.harrow.gov.uk,False,,HA3 5PB,2025-08-06T00:00:00,fhrs_4_en-gb,4,,FHRS,-0.344354,51.597827,0.0,5.0,10.0,,lucky mini market,"1 Tudor Gardens, Tudor Road, HA3 5PB",NEEDS_CHECK,Independent or other supermarket
245 Northolt Road,South Harrow,,,Asian Pearl Sea Foods,Retailers - supermarkets/hypermarkets,7840,0,,1045936,PI/000109780,515,envhealth@harrow.gov.uk,Harrow,http://www.harrow.gov.uk,False,,HA2 8HR,2024-04-03T00:00:00,fhrs_4_en-gb,4,,FHRS,-0.353639,51.564255,5.0,5.0,10.0,,asian pearl sea foods,"245 Northolt Road, South Harrow, HA2 8HR",NEEDS_CHECK,Independent or other supermarket
3 Kenton Park Parade,Kenton Road,,,Stejarul,Retailers - supermarkets/hypermarkets,7840,0,,1095787,PI/000110047,515,envhealth@harrow.gov.uk,Harrow,http://www.harrow.gov.uk,False,,HA3 8DQ,2024-04-18T00:00:00,fhrs_5_en-gb,5,,FHRS,-0.3064905,51.5868361,5.0,5.0,5.0,,stejarul,"3 Kenton Park Parade, Kenton Road, HA3 8DQ",NEEDS_CHECK,Independent or other supermarket
26 Broadwalk,Pinner Road,,,Emma Market,Retailers - supermarkets/hypermarkets,7840,0,,1104121,PI/000109987,515,envhealth@harrow.gov.uk,Harrow,http://www.harrow.gov.uk,False,,HA2 6ED,2025-09-27T00:00:00,fhrs_4_en-gb,4,,FHRS,-0.362477,51.586904,0.0,5.0,10.0,,emma market,"26 Broadwalk, Pinner Road, HA2 6ED",NEEDS_CHECK,Independent or other supermarket
21 High Street,Wealdstone,,,Freshland,Retailers - supermarkets/hypermarkets,7840,0,,1158244,PI/000110756,515,envhealth@harrow.gov.uk,Harrow,http://www.harrow.gov.uk,False,,HA3 5BY,2026-03-02T00:00:00,fhrs_3_en-gb,3,,FHRS,-0.335401,51.593906,10.0,10.0,10.0,,freshland,"21 High Street, Wealdstone, HA3 5BY",NEEDS_CHECK,Independent or other supermarket
23-25 St Anns Road,Harrow,,,Sam 99p,Retailers - supermarkets/hypermarkets,7840,0,,1221375,PI/000111070,515,envhealth@harrow.gov.uk,Harrow,http://www.harrow.gov.uk,False,,HA1 1JU,2023-08-31T00:00:00,fhrs_4_en-gb,4,,FHRS,-0.335182,51.5811712,5.0,10.0,0.0,,sam 99p,"23-25 St Anns Road, Harrow, HA1 1JU",NEEDS_CHECK,Independent or other supermarket
16-18 Headstone Drive,Wealdstone,,,Harrow Food Centre Ltd,Retailers - supermarkets/hypermarkets,7840,0,,1221378,PI/000111077,515,envhealth@harrow.gov.uk,Harrow,http://www.harrow.gov.uk,False,,HA3 5QH,2025-03-17T00:00:00,fhrs_1_en-gb,1,,FHRS,-0.3361998,51.594,15.0,15.0,20.0,,harrow food centre ltd,"16-18 Headstone Drive, Wealdstone, HA3 5QH",NEEDS_CHECK,Independent or other supermarket
74 Whittington Way,Pinner,,,Tesco,Retailers - supermarkets/hypermarkets,7840,0,,1279005,PI/000110378,515,envhealth@harrow.gov.uk,Harrow,http://www.harrow.gov.uk,False,,,2026-06-17T00:00:00,fhrs_5_en-gb,5,,FHRS,-0.3805337,51.5851783,0.0,0.0,0.0,Tesco,tesco,"74 Whittington Way, Pinner",NEEDS_CHECK,Tesco store format unclear from FHRS record
416 - 420 Rayners Lane,Harrow,,,Rayners Food Centre,Retailers - supermarkets/hypermarkets,7840,0,,1314139,PI/000111596,515,envhealth@harrow.gov.uk,Harrow,http://www.harrow.gov.uk,False,,HA5 5DY,2026-03-15T00:00:00,fhrs_4_en-gb,4,,FHRS,-0.3708797,51.5770323,5.0,5.0,10.0,,rayners food centre,"416 - 420 Rayners Lane, Harrow, HA5 5DY",NEEDS_CHECK,Independent or other supermarket
Kingsgate House,29-43 The Broadway,,,BUY & SAVE Supermarket,Retailers - supermarkets/hypermarkets,7840,0,,1377403,PI/000111842,515,envhealth@harrow.gov.uk,Harrow,http://www.harrow.gov.uk,False,,HA7 4DJ,2024-12-19T00:00:00,fhrs_4_en-gb,4,,FHRS,-0.3097056,51.6173526,5.0,5.0,10.0,,buy & save supermarket,"Kingsgate House, 29-43 The Broadway, HA7 4DJ",NEEDS_CHECK,Independent or other supermarket
Kingsgate House,29 - 43,,,Savers Health and Beauty,Retailers - supermarkets/hypermarkets,7840,0,,1377419,PI/000111863,515,envhealth@harrow.gov.uk,Harrow,http://www.harrow.gov.uk,False,,HA7 4DJ,2024-06-05T00:00:00,fhrs_4_en-gb,4,,FHRS,-0.309475004673004,51.617546081543,5.0,10.0,5.0,,savers health and beauty,"Kingsgate House, 29 - 43, HA7 4DJ",NEEDS_CHECK,Independent or other supermarket
28 Shaftesbury Circle,South Harrow,,,Tesco,Retailers - supermarkets/hypermarkets,7840,0,,1540198,PI/000081834,515,envhealth@harrow.gov.uk,Harrow,http://www.harrow.gov.uk,False,,HA2 0AT,2023-09-05T00:00:00,fhrs_5_en-gb,5,,FHRS,-0.3537676,51.5717216,0.0,5.0,0.0,Tesco,tesco,"28 Shaftesbury Circle, South Harrow, HA2 0AT",NEEDS_CHECK,Tesco store format unclear from FHRS record
Tesco Express,North Parade,,,Tesco,Retailers - supermarkets/hypermarkets,7840,0,,1541822,PI/000124505,515,envhealth@harrow.gov.uk,Harrow,http://www.harrow.gov.uk,False,,HA8 5QH,2023-12-21T00:00:00,fhrs_5_en-gb,5,,FHRS,,,5.0,5.0,5.0,Tesco,tesco,"Tesco Express, North Parade, HA8 5QH",NEEDS_CHECK,Tesco store format unclear from FHRS record
9 Village Way East,Harrow,,,M&R Food & Liquor,Retailers - supermarkets/hypermarkets,7840,0,,1589495,PI/000132322,515,envhealth@harrow.gov.uk,Harrow,http://www.harrow.gov.uk,False,,HA2 7LX,2025-12-29T00:00:00,fhrs_5_en-gb,5,,FHRS,-0.3703535,51.5772562,0.0,5.0,0.0,,m&r food & liquor,"9 Village Way East, Harrow, HA2 7LX",NEEDS_CHECK,Independent or other supermarket
103-105 Pinner Road,Harrow,,,Londis,Retailers - supermarkets/hypermarkets,7840,0,,1601989,PI/000132471,515,envhealth@harrow.gov.uk,Harrow,http://www.harrow.gov.uk,False,,HA1 4EU,2025-11-24T00:00:00,fhrs_4_en-gb,4,,FHRS,-0.3480905,51.5809342,10.0,5.0,0.0,,londis,"103-105 Pinner Road, Harrow, HA1 4EU",NEEDS_CHECK,Independent or other supermarket
,,,,Slimming world,Retailers - supermarkets/hypermarkets,7840,0,,1603998,PI/000014064,515,envhealth@harrow.gov.uk,Harrow,http://www.harrow.gov.uk,False,,HA2 ,2023-03-13T00:00:00,fhrs_5_en-gb,5,,FHRS,,,0.0,0.0,0.0,,slimming world,HA2,NEEDS_CHECK,Independent or other supermarket
67 Burnt Oak Broadway,Edgware,,,Maya Food Centre,Retailers - supermarkets/hypermarkets,7840,0,,1617761,PI/000132592,515,envhealth@harrow.gov.uk,Harrow,http://www.harrow.gov.uk,False,,HA8 5EP,2025-07-14T00:00:00,fhrs_4_en-gb,4,,FHRS,-0.267957,51.6007286,5.0,5.0,10.0,,maya food centre,"67 Burnt Oak Broadway, Edgware, HA8 5EP",NEEDS_CHECK,Independent or other supermarket
43 High Street,Harrow,,,Hill Foods Supermarket,Retailers - supermarkets/hypermarkets,7840,0,,1643166,PI/000132680,515,envhealth@harrow.gov.uk,Harrow,http://www.harrow.gov.uk,False,,HA1 3HT,2025-07-16T00:00:00,fhrs_5_en-gb,5,,FHRS,-0.3394249,51.5705035,5.0,5.0,5.0,,hill foods supermarket,"43 High Street, Harrow, HA1 3HT",NEEDS_CHECK,Independent or other supermarket
,,,,Lucky's Food and Wine LTD,Retailers - supermarkets/hypermarkets,7840,0,,1672058,PI/000132817,515,envhealth@harrow.gov.uk,Harrow,http://www.harrow.gov.uk,False,,HA3 ,2024-03-15T00:00:00,fhrs_5_en-gb,5,,FHRS,,,5.0,5.0,5.0,,lucky's food and wine ltd,HA3,NEEDS_CHECK,Independent or other supermarket
6-7 North Parade,Mollison Way,,,LA DANI SUPERMARKET,Retailers - supermarkets/hypermarkets,7840,0,,1672065,PI/000132826,515,envhealth@harrow.gov.uk,Harrow,http://www.harrow.gov.uk,False,,HA8 5QH,2023-11-14T00:00:00,fhrs_5_en-gb,5,,FHRS,-0.2791062,51.5981763,5.0,5.0,5.0,,la dani supermarket,"6-7 North Parade, Mollison Way, HA8 5QH",NEEDS_CHECK,Independent or other supermarket
347 Uxbridge Road,Hatch End,,,Exotic Fruits,Retailers - supermarkets/hypermarkets,7840,0,,1676891,PI/000132904,515,envhealth@harrow.gov.uk,Harrow,http://www.harrow.gov.uk,False,,HA5 4JN,2023-11-02T00:00:00,fhrs_1_en-gb,1,,FHRS,-0.3718143,51.6082043,15.0,15.0,20.0,,exotic fruits,"347 Uxbridge Road, Hatch End, HA5 4JN",NEEDS_CHECK,Independent or other supermarket
7 Canons Corner,Edgware,,,Cannon Mini Market ltd,Retailers - supermarkets/hypermarkets,7840,0,,1679220,PI/000132907,515,envhealth@harrow.gov.uk,Harrow,http://www.harrow.gov.uk,False,,HA8 8AE,2023-11-28T00:00:00,fhrs_4_en-gb,4,,FHRS,-0.2932039,51.6213582,0.0,5.0,10.0,,cannon mini market ltd,"7 Canons Corner, Edgware, HA8 8AE",NEEDS_CHECK,Independent or other supermarket
201-203 Streatfield Road,Harrow,,,MIR Food Centre,Retailers - supermarkets/hypermarkets,7840,0,,1692452,PI/000108812,515,envhealth@harrow.gov.uk,Harrow,http://www.harrow.gov.uk,False,,HA3 9DA,2024-04-02T00:00:00,fhrs_5_en-gb,5,,FHRS,-0.295575,51.5959457,5.0,5.0,5.0,,mir food centre,"201-203 Streatfield Road, Harrow, HA3 9DA",NEEDS_CHECK,Independent or other supermarket
Unit 1 And Unit 2,St Georges Shopping Centre,,,B&M Retail Ltd,Retailers - supermarkets/hypermarkets,7840,0,,1706288,PI/000133023,515,envhealth@harrow.gov.uk,Harrow,http://www.harrow.gov.uk,False,,HA1 1HS,2024-04-08T00:00:00,fhrs_5_en-gb,5,,FHRS,-0.3381747,51.5813148,5.0,5.0,0.0,,b&m retail ltd,"Unit 1 And Unit 2, St Georges Shopping Centre, HA1 1HS",NEEDS_CHECK,Independent or other supermarket
9 North Parade,Mollison Way,,,Sri Thurkkaa,Retailers - supermarkets/hypermarkets,7840,0,,1718567,PI/000133105,515,envhealth@harrow.gov.uk,Harrow,http://www.harrow.gov.uk,False,,HA8 5QH,1901-01-01T00:00:00,fhrs_awaitinginspection_en-gb,AwaitingInspection,,FHRS,-0.2791594,51.5981325,,,,,sri thurkkaa,"9 North Parade, Mollison Way, HA8 5QH",NEEDS_CHECK,Independent or other supermarket
178 Alexandra Avenue,Harrow,,,Bharatiya Cash and Carry,Retailers - supermarkets/hypermarkets,7840,0,,1772472,PI/000133433,515,envhealth@harrow.gov.uk,Harrow,http://www.harrow.gov.uk,False,,HA2 9BN,1901-01-01T00:00:00,fhrs_awaitinginspection_en-gb,AwaitingInspection,,FHRS,-0.365519,51.564484,,,,,bharatiya cash and carry,"178 Alexandra Avenue, Harrow, HA2 9BN",NEEDS_CHECK,Independent or other supermarket
314 Station Road,Harrow,,,Station Food Centre,Retailers - supermarkets/hypermarkets,7840,0,,1848817,PI/000133427,515,envhealth@harrow.gov.uk,Harrow,http://www.harrow.gov.uk,False,,HA1 2DX,2025-07-09T00:00:00,fhrs_3_en-gb,3,,FHRS,-0.3331408,51.5812031,5.0,10.0,10.0,,station food centre,"314 Station Road, Harrow, HA1 2DX",NEEDS_CHECK,Independent or other supermarket
128 Kenton Road,Harrow,,,Stejarul,Retailers - supermarkets/hypermarkets,7840,0,,1863308,PI/000133357,515,envhealth@harrow.gov.uk,Harrow,http://www.harrow.gov.uk,False,,HA3 8AL,2025-08-21T00:00:00,fhrs_4_en-gb,4,,FHRS,-0.31784000992775,51.5819282531738,5.0,5.0,10.0,,stejarul,"128 Kenton Road, Harrow, HA3 8AL",NEEDS_CHECK,Independent or other supermarket
144 Station Road,HARROW,,,Bollywood Paan,Retailers - supermarkets/hypermarkets,7840,0,,1883948,PI/000144499,515,envhealth@harrow.gov.uk,Harrow,http://www.harrow.gov.uk,False,,HA1 2RH,2025-10-03T00:00:00,fhrs_1_en-gb,1,,FHRS,-0.3318361,51.5847772,10.0,15.0,20.0,,bollywood paan,"144 Station Road, HARROW, HA1 2RH",NEEDS_CHECK,Independent or other supermarket
20 Station Road,Harrow,,,Bilal Halal Meat,Retailers - supermarkets/hypermarkets,7840,0,,1918014,PI/000140929,515,envhealth@harrow.gov.uk,Harrow,http://www.harrow.gov.uk,False,,HA1 2SL,2026-02-13T00:00:00,fhrs_4_en-gb,4,,FHRS,,,5.0,5.0,10.0,,bilal halal meat,"20 Station Road, Harrow, HA1 2SL",NEEDS_CHECK,Independent or other supermarket
Greenford House 38 Greenford Road,Harrow,,,Accomplished Group,Retailers - supermarkets/hypermarkets,7840,0,,1932904,PI/000144977,515,envhealth@harrow.gov.uk,Harrow,http://www.harrow.gov.uk,False,,HA1 3QH,2026-03-19T00:00:00,fhrs_5_en-gb,5,,FHRS,,,5.0,5.0,5.0,,accomplished group,"Greenford House 38 Greenford Road, Harrow, HA1 3QH",NEEDS_CHECK,Independent or other supermarket
37-43 South Street,Romford,,,Marks & Spencer,Retailers - supermarkets/hypermarkets,7840,0,,372472,10289,516,environmental.health@havering.gov.uk,Havering,http://www.havering.gov.uk,False,,RM1 1NT,2026-04-24T00:00:00,fhrs_5_en-gb,5,,FHRS,0.182169,51.577492,0.0,5.0,0.0,M&S,marks & spencer,"37-43 South Street, Romford, RM1 1NT",NEEDS_CHECK,Larger M&S store: bakery provision to confirm
The Brewery,Romford,,,Sainsbury's,Retailers - supermarkets/hypermarkets,7840,0,,372755,12442,516,environmental.health@havering.gov.uk,Havering,http://www.havering.gov.uk,False,,RM1 1AU,2025-12-29T00:00:00,fhrs_4_en-gb,4,,FHRS,0.18071,51.575964,0.0,10.0,10.0,Sainsbury's,sainsbury's,"The Brewery, Romford, RM1 1AU",NEEDS_CHECK,Sainsbury's store format unclear from FHRS record
Mercury Gardens,Romford,,,Asda,Retailers - supermarkets/hypermarkets,7840,0,,373391,42924,516,environmental.health@havering.gov.uk,Havering,http://www.havering.gov.uk,False,,RM1 3EE,2025-10-22T00:00:00,fhrs_4_en-gb,4,,FHRS,0.185098,51.57929,5.0,10.0,5.0,Asda,asda,"Mercury Gardens, Romford, RM1 3EE",NEEDS_CHECK,Asda store format unclear from FHRS record
44 Farnham Road,Romford,,,Sainsbury's,Retailers - supermarkets/hypermarkets,7840,0,,373461,47730,516,environmental.health@havering.gov.uk,Havering,http://www.havering.gov.uk,False,,RM3 8DX,2026-03-27T00:00:00,fhrs_5_en-gb,5,,FHRS,0.218532,51.606361,0.0,5.0,0.0,Sainsbury's,sainsbury's,"44 Farnham Road, Romford, RM3 8DX",NEEDS_CHECK,Sainsbury's store format unclear from FHRS record
The Brewery,Romford,,,Sainsburys Garage,Retailers - supermarkets/hypermarkets,7840,0,,373831,7474,516,environmental.health@havering.gov.uk,Havering,http://www.havering.gov.uk,False,,RM1 1AU,2026-02-05T00:00:00,fhrs_5_en-gb,5,,FHRS,0.18071,51.575964,0.0,5.0,0.0,Sainsbury's,sainsburys garage,"The Brewery, Romford, RM1 1AU",NEEDS_CHECK,Sainsbury's store format unclear from FHRS record
316-318 Collier Row Lane,Romford,,,Tesco,Retailers - supermarkets/hypermarkets,7840,0,,373967,9249,516,environmental.health@havering.gov.uk,Havering,http://www.havering.gov.uk,False,,RM5 3NL,2025-11-20T00:00:00,fhrs_4_en-gb,4,,FHRS,0.163789,51.598309,5.0,10.0,0.0,Tesco,tesco,"316-318 Collier Row Lane, Romford, RM5 3NL",NEEDS_CHECK,Tesco store format unclear from FHRS record
101-105 High Street,Hornchurch,,,Sainsbury's,Retailers - supermarkets/hypermarkets,7840,0,,374050,9762,516,environmental.health@havering.gov.uk,Havering,http://www.havering.gov.uk,False,,RM11 1TX,2026-01-05T00:00:00,fhrs_5_en-gb,5,,FHRS,0.219582,51.562726,0.0,5.0,0.0,Sainsbury's,sainsbury's,"101-105 High Street, Hornchurch, RM11 1TX",NEEDS_CHECK,Sainsbury's store format unclear from FHRS record
77-79 Butts Green Road,Hornchurch,,,Tesco,Retailers - supermarkets/hypermarkets,7840,0,,582587,131596,516,environmental.health@havering.gov.uk,Havering,http://www.havering.gov.uk,False,,RM11 2LD,2026-03-06T00:00:00,fhrs_5_en-gb,5,,FHRS,0.218508,51.572098,5.0,0.0,0.0,Tesco,tesco,"77-79 Butts Green Road, Hornchurch, RM11 2LD",NEEDS_CHECK,Tesco store format unclear from FHRS record
137-141 North Street,Romford,,,Sainsbury's,Retailers - supermarkets/hypermarkets,7840,0,,626953,123279,516,environmental.health@havering.gov.uk,Havering,http://www.havering.gov.uk,False,,RM1 4QA,2026-04-21T00:00:00,fhrs_5_en-gb,5,,FHRS,0.173548,51.584352,0.0,0.0,0.0,Sainsbury's,sainsbury's,"137-141 North Street, Romford, RM1 4QA",NEEDS_CHECK,Sainsbury's store format unclear from FHRS record
2 Suttons Lane,Hornchurch,,,Sainsbury's,Retailers - supermarkets/hypermarkets,7840,0,,848882,132084,516,environmental.health@havering.gov.uk,Havering,http://www.havering.gov.uk,False,,RM12 6RJ,2026-02-02T00:00:00,fhrs_5_en-gb,5,,FHRS,0.218798,51.551966,0.0,5.0,0.0,Sainsbury's,sainsbury's,"2 Suttons Lane, Hornchurch, RM12 6RJ",NEEDS_CHECK,Sainsbury's store format unclear from FHRS record
35 Briar Road,Romford,,,Budgens,Retailers - supermarkets/hypermarkets,7840,0,,1360588,138800,516,environmental.health@havering.gov.uk,Havering,http://www.havering.gov.uk,False,,RM3 8SN,2025-11-27T00:00:00,fhrs_5_en-gb,5,,FHRS,0.2138503,51.6001591,5.0,0.0,5.0,,budgens,"35 Briar Road, Romford, RM3 8SN",NEEDS_CHECK,Independent or other supermarket
Faringdon Avenue,Romford,,,Jayam Cash & Carry,Retailers - supermarkets/hypermarkets,7840,0,,1384480,138976,516,environmental.health@havering.gov.uk,Havering,http://www.havering.gov.uk,False,,RM3 8TD,1901-01-01T00:00:00,fhrs_exempt_en-gb,Exempt,,FHRS,0.220715,51.600195,,,,,jayam cash & carry,"Faringdon Avenue, Romford, RM3 8TD",NEEDS_CHECK,Independent or other supermarket
Eastern Avenue West,Romford,,,Home Bargains,Retailers - supermarkets/hypermarkets,7840,0,,1389706,138987,516,environmental.health@havering.gov.uk,Havering,http://www.havering.gov.uk,False,,RM7 7EX,1901-01-01T00:00:00,fhrs_exempt_en-gb,Exempt,,FHRS,0.167548000812531,51.5830154418945,,,,,home bargains,"Eastern Avenue West, Romford, RM7 7EX",NEEDS_CHECK,Independent or other supermarket
St Nicholas Avenue,Hornchurch,,,Midpoint Food Store,Retailers - supermarkets/hypermarkets,7840,0,,1415564,139296,516,environmental.health@havering.gov.uk,Havering,http://www.havering.gov.uk,False,,RM12 4RH,2026-05-20T00:00:00,fhrs_4_en-gb,4,,FHRS,0.198941,51.551486,0.0,10.0,10.0,,midpoint food store,"St Nicholas Avenue, Hornchurch, RM12 4RH",NEEDS_CHECK,Independent or other supermarket
11 Western Road,Romford,,,Sankofa,Retailers - supermarkets/hypermarkets,7840,0,,1546060,139751,516,environmental.health@havering.gov.uk,Havering,http://www.havering.gov.uk,False,,RM1 3LD,2025-01-15T00:00:00,fhrs_4_en-gb,4,,FHRS,0.183215,51.577032,5.0,5.0,10.0,,sankofa,"11 Western Road, Romford, RM1 3LD",NEEDS_CHECK,Independent or other supermarket
14 Halewood Way,Rainham,,,Sainsbury's,Retailers - supermarkets/hypermarkets,7840,0,,1622662,140053,516,environmental.health@havering.gov.uk,Havering,http://www.havering.gov.uk,False,,RM13 8QZ,2023-12-06T00:00:00,fhrs_5_en-gb,5,,FHRS,0.16793,51.5244212,0.0,0.0,0.0,Sainsbury's,sainsbury's,"14 Halewood Way, Rainham, RM13 8QZ",NEEDS_CHECK,Sainsbury's store format unclear from FHRS record
176-178 Hornchurch Road,Hornchurch,,,Hornchurch Food Centre,Retailers - supermarkets/hypermarkets,7840,0,,1734854,140709,516,environmental.health@havering.gov.uk,Havering,http://www.havering.gov.uk,False,,RM11 1QL,2025-07-25T00:00:00,fhrs_5_en-gb,5,,FHRS,0.200419,51.565082,0.0,0.0,0.0,,hornchurch food centre,"176-178 Hornchurch Road, Hornchurch, RM11 1QL",NEEDS_CHECK,Independent or other supermarket
148 South Street,Romford,,,Dulce Limited,Retailers - supermarkets/hypermarkets,7840,0,,1735690,140723,516,environmental.health@havering.gov.uk,Havering,http://www.havering.gov.uk,False,,RM1 1SX,2025-07-30T00:00:00,fhrs_4_en-gb,4,,FHRS,0.1832661,51.5742158,5.0,5.0,10.0,,dulce limited,"148 South Street, Romford, RM1 1SX",NEEDS_CHECK,Independent or other supermarket
Consul Avenue,Rainham,,,Tesco Stores Plc,Retailers - supermarkets/hypermarkets,7840,0,,1747237,140762,516,environmental.health@havering.gov.uk,Havering,http://www.havering.gov.uk,False,,RM13 8GJ,1901-01-01T00:00:00,fhrs_awaitinginspection_en-gb,AwaitingInspection,,FHRS,0.172088,51.522544,,,,Tesco,tesco stores plc,"Consul Avenue, Rainham, RM13 8GJ",NEEDS_CHECK,Tesco store format unclear from FHRS record
204-206 Elm Park Avenue,Hornchurch,,,Fresh & Easy Food Centre,Retailers - supermarkets/hypermarkets,7840,0,,1777477,140878,516,environmental.health@havering.gov.uk,Havering,http://www.havering.gov.uk,False,,RM12 4SD,2025-07-30T00:00:00,fhrs_1_en-gb,1,,FHRS,0.199353,51.5509482,15.0,10.0,20.0,,fresh & easy food centre,"204-206 Elm Park Avenue, Hornchurch, RM12 4SD",NEEDS_CHECK,Independent or other supermarket
9 Victoria Road,Romford,,,Nearby Store Cash & Carry,Retailers - supermarkets/hypermarkets,7840,0,,1789573,140979,516,environmental.health@havering.gov.uk,Havering,http://www.havering.gov.uk,False,,RM1 2JT,2025-04-14T00:00:00,fhrs_5_en-gb,5,,FHRS,0.1850682,51.5747044,5.0,5.0,5.0,,nearby store cash & carry,"9 Victoria Road, Romford, RM1 2JT",NEEDS_CHECK,Independent or other supermarket
181 High Street,Hornchurch,,,Costcutter,Retailers - supermarkets/hypermarkets,7840,0,,1842122,141256,516,environmental.health@havering.gov.uk,Havering,http://www.havering.gov.uk,False,,RM11 3XS,2026-03-10T00:00:00,fhrs_4_en-gb,4,,FHRS,0.221458,51.561845,5.0,10.0,5.0,,costcutter,"181 High Street, Hornchurch, RM11 3XS",NEEDS_CHECK,Independent or other supermarket
131 Mungo Park Road,Rainham,,,Rainham Food Centre,Retailers - supermarkets/hypermarkets,7840,0,,1894126,141521,516,environmental.health@havering.gov.uk,Havering,http://www.havering.gov.uk,False,,RM13 7PP,2026-02-05T00:00:00,fhrs_5_en-gb,5,,FHRS,0.1925489,51.5408607,5.0,0.0,0.0,,rainham food centre,"131 Mungo Park Road, Rainham, RM13 7PP",NEEDS_CHECK,Independent or other supermarket
22-23 Danes Road,Romford,,,Bombay Basket Limited,Retailers - supermarkets/hypermarkets,7840,0,,1896124,141541,516,environmental.health@havering.gov.uk,Havering,http://www.havering.gov.uk,False,,RM7 0HL,2026-02-12T00:00:00,fhrs_4_en-gb,4,,FHRS,0.1674456,51.570133,0.0,10.0,10.0,,bombay basket limited,"22-23 Danes Road, Romford, RM7 0HL",NEEDS_CHECK,Independent or other supermarket
82 South Street,Romford,,,African Green Grocery,Retailers - supermarkets/hypermarkets,7840,0,,1943948,141722,516,environmental.health@havering.gov.uk,Havering,http://www.havering.gov.uk,False,,RM1 1RX,1901-01-01T00:00:00,fhrs_awaitinginspection_en-gb,AwaitingInspection,,FHRS,0.182308,51.575871,,,,,african green grocery,"82 South Street, Romford, RM1 1RX",NEEDS_CHECK,Independent or other supermarket
28 Station Road,Upminster,,,Welcome Upminster,Retailers - supermarkets/hypermarkets,7840,0,,1950776,140191,516,environmental.health@havering.gov.uk,Havering,http://www.havering.gov.uk,False,,RM14 2UB,1901-01-01T00:00:00,fhrs_awaitinginspection_en-gb,AwaitingInspection,,FHRS,0.249773,51.556737,,,,,welcome upminster,"28 Station Road, Upminster, RM14 2UB",NEEDS_CHECK,Independent or other supermarket
28 Station Road,Upminster,,,Welcome Upminster,Retailers - supermarkets/hypermarkets,7840,0,,1950779,141803,516,environmental.health@havering.gov.uk,Havering,http://www.havering.gov.uk,False,,RM14 2UB,2026-05-14T00:00:00,fhrs_4_en-gb,4,,FHRS,0.249773,51.556737,0.0,10.0,5.0,,welcome upminster,"28 Station Road, Upminster, RM14 2UB",NEEDS_CHECK,Independent or other supermarket
J Sainsbury Plc,York Road,,Uxbridge,Sainsbury's Supermarkets Ltd,Retailers - supermarkets/hypermarkets,7840,0,,518678,19780,517,foodhealthandsafety@hillingdon.gov.uk,Hillingdon,http://www.hillingdon.gov.uk/foodsafety,False,,UB8 1QW,2025-02-08T00:00:00,fhrs_5_en-gb,5,,FHRS,-0.474848,51.548655,0.0,0.0,0.0,Sainsbury's,sainsbury's supermarkets ltd,"J Sainsbury Plc, York Road, UB8 1QW",NEEDS_CHECK,Sainsbury's store format unclear from FHRS record
J Sainsbury Plc,Long Drive,,Ruislip,Sainsbury's Supermarkets Ltd,Retailers - supermarkets/hypermarkets,7840,0,,518679,31408,517,foodhealthandsafety@hillingdon.gov.uk,Hillingdon,http://www.hillingdon.gov.uk/foodsafety,False,,HA4 0HQ,2009-04-15T00:00:00,fhrs_5_en-gb,5,,FHRS,-0.396251,51.557085,5.0,5.0,5.0,Sainsbury's,sainsbury's supermarkets ltd,"J Sainsbury Plc, Long Drive, HA4 0HQ",NEEDS_CHECK,Sainsbury's store format unclear from FHRS record
J Sainsbury Plc Lombardy Retail Park,Coldharbour Lane,,Hayes,Sainsbury,Retailers - supermarkets/hypermarkets,7840,0,,518687,33366,517,foodhealthandsafety@hillingdon.gov.uk,Hillingdon,http://www.hillingdon.gov.uk/foodsafety,False,,UB3 3EX,2026-06-11T00:00:00,fhrs_5_en-gb,5,,FHRS,-0.405524,51.516702,0.0,5.0,0.0,Sainsbury's,sainsbury,"J Sainsbury Plc Lombardy Retail Park, Coldharbour Lane, UB3 3EX",NEEDS_CHECK,Sainsbury's store format unclear from FHRS record
North Hyde Service Station,40-42 North Hyde Road,,Hayes,Tesco,Retailers - supermarkets/hypermarkets,7840,0,,518692,36231,517,foodhealthandsafety@hillingdon.gov.uk,Hillingdon,http://www.hillingdon.gov.uk/foodsafety,False,,UB3 4NE,2020-01-30T00:00:00,fhrs_5_en-gb,5,,FHRS,-0.42137,51.500685,0.0,0.0,0.0,Tesco,tesco,"North Hyde Service Station, 40-42 North Hyde Road, UB3 4NE",NEEDS_CHECK,Tesco store format unclear from FHRS record
,686 Uxbridge Road,,Hayes,Sadda Superstore,Retailers - supermarkets/hypermarkets,7840,0,,518732,39291,517,foodhealthandsafety@hillingdon.gov.uk,Hillingdon,http://www.hillingdon.gov.uk/foodsafety,False,,UB4 0RX,2019-04-03T00:00:00,fhrs_5_en-gb,5,,FHRS,-0.413893,51.520178,5.0,5.0,5.0,,sadda superstore,"686 Uxbridge Road, UB4 0RX",NEEDS_CHECK,Independent or other supermarket
Tesco Express Tolcarne Service Station,Joel Street,,Northwood,Tesco,Retailers - supermarkets/hypermarkets,7840,0,,518803,39974,517,foodhealthandsafety@hillingdon.gov.uk,Hillingdon,http://www.hillingdon.gov.uk/foodsafety,False,,HA5 2PA,2018-12-20T00:00:00,fhrs_5_en-gb,5,,FHRS,-0.409558,51.599053,5.0,5.0,5.0,Tesco,tesco,"Tesco Express Tolcarne Service Station, Joel Street, HA5 2PA",NEEDS_CHECK,Tesco store format unclear from FHRS record
Tesco Extra,Glencoe Road,,Hayes,Tesco,Retailers - supermarkets/hypermarkets,7840,0,,518863,40781,517,foodhealthandsafety@hillingdon.gov.uk,Hillingdon,http://www.hillingdon.gov.uk/foodsafety,False,,UB4 9SQ,2024-09-11T00:00:00,fhrs_5_en-gb,5,,FHRS,-0.385086,51.524865,5.0,5.0,5.0,Tesco,tesco,"Tesco Extra, Glencoe Road, UB4 9SQ",NEEDS_CHECK,Tesco store format unclear from FHRS record
,712-714 Field End Road,,Ruislip,Tesco,Retailers - supermarkets/hypermarkets,7840,0,,518947,41617,517,foodhealthandsafety@hillingdon.gov.uk,Hillingdon,http://www.hillingdon.gov.uk/foodsafety,False,,HA4 0QP,2019-10-22T00:00:00,fhrs_5_en-gb,5,,FHRS,-0.381202,51.560817,5.0,5.0,5.0,Tesco,tesco,"712-714 Field End Road, HA4 0QP",NEEDS_CHECK,Tesco store format unclear from FHRS record
Tesco Express Esso Service Station,High Street,,Cowley,Tesco,Retailers - supermarkets/hypermarkets,7840,0,,518993,42061,517,foodhealthandsafety@hillingdon.gov.uk,Hillingdon,http://www.hillingdon.gov.uk/foodsafety,False,,UB8 2ER,2012-05-11T00:00:00,fhrs_4_en-gb,4,,FHRS,-0.4823278,51.5257245,5.0,10.0,0.0,Tesco,tesco,"Tesco Express Esso Service Station, High Street, UB8 2ER",NEEDS_CHECK,Tesco store format unclear from FHRS record
,58-64 Park Way,,Ruislip,Tesco,Retailers - supermarkets/hypermarkets,7840,0,,519278,44784,517,foodhealthandsafety@hillingdon.gov.uk,Hillingdon,http://www.hillingdon.gov.uk/foodsafety,False,,HA4 8NR,2026-06-16T00:00:00,fhrs_4_en-gb,4,,FHRS,-0.413037,51.574228,5.0,10.0,5.0,Tesco,tesco,"58-64 Park Way, HA4 8NR",NEEDS_CHECK,Tesco store format unclear from FHRS record
,91-93 High Road,,Ickenham,Tesco,Retailers - supermarkets/hypermarkets,7840,0,,519408,45688,517,foodhealthandsafety@hillingdon.gov.uk,Hillingdon,http://www.hillingdon.gov.uk/foodsafety,False,,UB10 8LB,2016-02-26T00:00:00,fhrs_5_en-gb,5,,FHRS,-0.439607,51.569071,0.0,0.0,5.0,Tesco,tesco,"91-93 High Road, UB10 8LB",NEEDS_CHECK,Tesco store format unclear from FHRS record
,122-124 High Street,,Ruislip,Tesco,Retailers - supermarkets/hypermarkets,7840,0,,519436,45805,517,foodhealthandsafety@hillingdon.gov.uk,Hillingdon,http://www.hillingdon.gov.uk/foodsafety,False,,HA4 8LS,2014-06-24T00:00:00,fhrs_5_en-gb,5,,FHRS,-0.424516,51.574023,5.0,5.0,5.0,Tesco,tesco,"122-124 High Street, HA4 8LS",NEEDS_CHECK,Tesco store format unclear from FHRS record
,734 Uxbridge Road,,Hayes,Tesco,Retailers - supermarkets/hypermarkets,7840,0,,519454,45848,517,foodhealthandsafety@hillingdon.gov.uk,Hillingdon,http://www.hillingdon.gov.uk/foodsafety,False,,UB4 0RX,2010-03-11T00:00:00,fhrs_5_en-gb,5,,FHRS,-0.413892,51.520178,5.0,5.0,5.0,Tesco,tesco,"734 Uxbridge Road, UB4 0RX",NEEDS_CHECK,Tesco store format unclear from FHRS record
Vantage Building,Station Approach,,Hayes,Tesco,Retailers - supermarkets/hypermarkets,7840,0,,519542,46044,517,foodhealthandsafety@hillingdon.gov.uk,Hillingdon,http://www.hillingdon.gov.uk/foodsafety,False,,UB3 4BH,2019-08-21T00:00:00,fhrs_5_en-gb,5,,FHRS,-0.4195941,51.5040157,0.0,5.0,0.0,Tesco,tesco,"Vantage Building, Station Approach, UB3 4BH",NEEDS_CHECK,Tesco store format unclear from FHRS record
Tesco Extra,Chantry Close,,West Drayton,Tesco,Retailers - supermarkets/hypermarkets,7840,0,,519604,46141,517,foodhealthandsafety@hillingdon.gov.uk,Hillingdon,http://www.hillingdon.gov.uk/foodsafety,False,,UB7 7FP,2023-11-27T00:00:00,fhrs_5_en-gb,5,,FHRS,-0.477337,51.515569,0.0,5.0,0.0,Tesco,tesco,"Tesco Extra, Chantry Close, UB7 7FP",NEEDS_CHECK,Tesco store format unclear from FHRS record
,149 Field End Road,,Eastcote,Tesco,Retailers - supermarkets/hypermarkets,7840,0,,519748,46401,517,foodhealthandsafety@hillingdon.gov.uk,Hillingdon,http://www.hillingdon.gov.uk/foodsafety,False,,HA5 1QL,2009-03-02T00:00:00,fhrs_5_en-gb,5,,FHRS,-0.3990644,51.5786229,0.0,0.0,5.0,Tesco,tesco,"149 Field End Road, HA5 1QL",NEEDS_CHECK,Tesco store format unclear from FHRS record
,62 High Street,,Uxbridge,Tesco,Retailers - supermarkets/hypermarkets,7840,0,,519838,47462,517,foodhealthandsafety@hillingdon.gov.uk,Hillingdon,http://www.hillingdon.gov.uk/foodsafety,False,,UB8 1ND,2016-01-17T00:00:00,fhrs_5_en-gb,5,,FHRS,-0.48161,51.54743,0.0,5.0,5.0,Tesco,tesco,"62 High Street, UB8 1ND",NEEDS_CHECK,Tesco store format unclear from FHRS record
Waterside,Speedbird Way,,West Drayton,Sainsburys,Retailers - supermarkets/hypermarkets,7840,0,,519846,47502,517,foodhealthandsafety@hillingdon.gov.uk,Hillingdon,http://www.hillingdon.gov.uk/foodsafety,False,,UB7 0GA,2023-11-08T00:00:00,fhrs_5_en-gb,5,,FHRS,-0.487052,51.4855,0.0,0.0,0.0,Sainsbury's,sainsburys,"Waterside, Speedbird Way, UB7 0GA",NEEDS_CHECK,Sainsbury's store format unclear from FHRS record
,54 High Street,,Uxbridge,Marks & Spencer Plc,Retailers - supermarkets/hypermarkets,7840,0,,519873,47851,517,foodhealthandsafety@hillingdon.gov.uk,Hillingdon,http://www.hillingdon.gov.uk/foodsafety,False,,UB8 1TL,2021-09-29T00:00:00,fhrs_5_en-gb,5,,FHRS,-0.480699,51.546627,0.0,0.0,0.0,M&S,marks & spencer plc,"54 High Street, UB8 1TL",NEEDS_CHECK,Larger M&S store: bakery provision to confirm
,9 Kingsend,,Ruislip,Waitrose Ltd,Retailers - supermarkets/hypermarkets,7840,0,,520481,53397,517,foodhealthandsafety@hillingdon.gov.uk,Hillingdon,http://www.hillingdon.gov.uk/foodsafety,False,,HA4 7DS,2025-10-09T00:00:00,fhrs_5_en-gb,5,,FHRS,-0.423035,51.571377,0.0,0.0,0.0,Waitrose,waitrose ltd,"9 Kingsend, HA4 7DS",NEEDS_CHECK,Full Waitrose store: bakery provision to confirm
Sainsburys Local,132 Coldharbour Lane,,Hayes,Sainsbury's Supermarkets Ltd,Retailers - supermarkets/hypermarkets,7840,0,,520600,54385,517,foodhealthandsafety@hillingdon.gov.uk,Hillingdon,http://www.hillingdon.gov.uk/foodsafety,False,,UB3 3HG,2023-07-27T00:00:00,fhrs_5_en-gb,5,,FHRS,-0.412214010953903,51.5116767883301,0.0,5.0,0.0,Sainsbury's,sainsbury's supermarkets ltd,"Sainsburys Local, 132 Coldharbour Lane, UB3 3HG",NEEDS_CHECK,Sainsbury's store format unclear from FHRS record
,52 Green Lane,,Northwood,Waitrose Ltd,Retailers - supermarkets/hypermarkets,7840,0,,537473,53756,517,foodhealthandsafety@hillingdon.gov.uk,Hillingdon,http://www.hillingdon.gov.uk/foodsafety,False,,HA6 2XW,2025-06-24T00:00:00,fhrs_5_en-gb,5,,FHRS,-0.423329,51.611252,0.0,0.0,0.0,Waitrose,waitrose ltd,"52 Green Lane, HA6 2XW",NEEDS_CHECK,Full Waitrose store: bakery provision to confirm
Carmel House,4f Swallowfield Way,,Hayes,Masala Bazaar Approved cold store,Retailers - supermarkets/hypermarkets,7840,0,,580738,54567,517,foodhealthandsafety@hillingdon.gov.uk,Hillingdon,http://www.hillingdon.gov.uk/foodsafety,False,,UB3 1DQ,2025-03-13T00:00:00,fhrs_5_en-gb,5,,FHRS,-0.436635,51.50677,0.0,5.0,0.0,,masala bazaar approved cold store,"Carmel House, 4f Swallowfield Way, UB3 1DQ",NEEDS_CHECK,Independent or other supermarket
Unit 1 Hampstead House,2 Spring Promenade,,West Drayton,Sainsbury's Supermarkets Ltd,Retailers - supermarkets/hypermarkets,7840,0,,682348,55459,517,foodhealthandsafety@hillingdon.gov.uk,Hillingdon,http://www.hillingdon.gov.uk/foodsafety,False,,UB7 9GL,2014-06-20T00:00:00,fhrs_5_en-gb,5,,FHRS,-0.459756,51.505673,0.0,0.0,0.0,Sainsbury's,sainsbury's supermarkets ltd,"Unit 1 Hampstead House, 2 Spring Promenade, UB7 9GL",NEEDS_CHECK,Sainsbury's store format unclear from FHRS record
Tesco Express,223 Station Road,,West Drayton,Tesco,Retailers - supermarkets/hypermarkets,7840,0,,749701,38160,517,foodhealthandsafety@hillingdon.gov.uk,Hillingdon,http://www.hillingdon.gov.uk/foodsafety,False,,UB7 7JF,2015-03-26T00:00:00,fhrs_5_en-gb,5,,FHRS,-0.466371,51.503053,5.0,5.0,5.0,Tesco,tesco,"Tesco Express, 223 Station Road, UB7 7JF",NEEDS_CHECK,Tesco store format unclear from FHRS record
Asda Stores Ltd,Millington Road,,Hayes,Asda Stores Ltd,Retailers - supermarkets/hypermarkets,7840,0,,811854,128861,517,foodhealthandsafety@hillingdon.gov.uk,Hillingdon,http://www.hillingdon.gov.uk/foodsafety,False,,UB3 4AZ,2025-04-29T00:00:00,fhrs_5_en-gb,5,,FHRS,-0.428399,51.501993,0.0,0.0,0.0,Asda,asda stores ltd,"Asda Stores Ltd, Millington Road, UB3 4AZ",NEEDS_CHECK,Asda store format unclear from FHRS record
,428b Victoria Road,,Ruislip,B&M Retail Stores,Retailers - supermarkets/hypermarkets,7840,0,,962745,34418,517,foodhealthandsafety@hillingdon.gov.uk,Hillingdon,http://www.hillingdon.gov.uk/foodsafety,False,,HA4 0EH,2026-04-07T00:00:00,fhrs_5_en-gb,5,,FHRS,-0.4004249,51.5605149,0.0,5.0,5.0,,b&m retail stores,"428b Victoria Road, HA4 0EH",NEEDS_CHECK,Independent or other supermarket
,82-86 Pield Heath Road,,Uxbridge,Tesco,Retailers - supermarkets/hypermarkets,7840,0,,988167,149069,517,foodhealthandsafety@hillingdon.gov.uk,Hillingdon,http://www.hillingdon.gov.uk/foodsafety,False,,UB8 3NJ,2026-05-26T00:00:00,fhrs_5_en-gb,5,,FHRS,-0.458535999059677,51.5260429382324,5.0,0.0,0.0,Tesco,tesco,"82-86 Pield Heath Road, UB8 3NJ",NEEDS_CHECK,Tesco store format unclear from FHRS record
,6 Old Dairy Lane,,Ruislip,Asda,Retailers - supermarkets/hypermarkets,7840,0,,1010308,149089,517,foodhealthandsafety@hillingdon.gov.uk,Hillingdon,http://www.hillingdon.gov.uk/foodsafety,False,,HA4 0FY,2024-10-02T00:00:00,fhrs_5_en-gb,5,,FHRS,-0.3997375,51.5590093,5.0,5.0,5.0,Asda,asda,"6 Old Dairy Lane, HA4 0FY",NEEDS_CHECK,Asda store format unclear from FHRS record
Waterside,Speedbird Way,,West Drayton,Sainsbury's,Retailers - supermarkets/hypermarkets,7840,0,,1229448,149535,517,foodhealthandsafety@hillingdon.gov.uk,Hillingdon,http://www.hillingdon.gov.uk/foodsafety,False,,UB7 0GA,2023-11-08T00:00:00,fhrs_5_en-gb,5,,FHRS,-0.487052,51.4855,0.0,0.0,0.0,Sainsbury's,sainsbury's,"Waterside, Speedbird Way, UB7 0GA",NEEDS_CHECK,Sainsbury's store format unclear from FHRS record
,53-55 High Road,,Ickenham,Shell,Retailers - supermarkets/hypermarkets,7840,0,,1300682,149759,517,foodhealthandsafety@hillingdon.gov.uk,Hillingdon,http://www.hillingdon.gov.uk/foodsafety,False,,UB10 8LF,2025-04-30T00:00:00,fhrs_5_en-gb,5,,FHRS,-0.442698,51.566442,5.0,0.0,0.0,,shell,"53-55 High Road, UB10 8LF",NEEDS_CHECK,Independent or other supermarket
Unit 1 Cowley Retail Park,High Road,,Cowley,Farmfoods,Retailers - supermarkets/hypermarkets,7840,0,,1589393,150526,517,foodhealthandsafety@hillingdon.gov.uk,Hillingdon,http://www.hillingdon.gov.uk/foodsafety,False,,UB8 2TE,2026-05-26T00:00:00,fhrs_5_en-gb,5,,FHRS,-0.4781405,51.5172805,0.0,5.0,0.0,,farmfoods,"Unit 1 Cowley Retail Park, High Road, UB8 2TE",NEEDS_CHECK,Independent or other supermarket
,1 Pump Lane,,Hayes,Poundstretcher,Retailers - supermarkets/hypermarkets,7840,0,,1710530,151061,517,foodhealthandsafety@hillingdon.gov.uk,Hillingdon,http://www.hillingdon.gov.uk/foodsafety,False,,UB3 3NB,2024-09-05T00:00:00,fhrs_4_en-gb,4,,FHRS,-0.413566,51.505112,0.0,10.0,5.0,,poundstretcher,"1 Pump Lane, UB3 3NB",NEEDS_CHECK,Independent or other supermarket
Jebsen House,53-55 High Street,,Ruislip,Ruislip Food Centre,Retailers - supermarkets/hypermarkets,7840,0,,1714751,151076,517,foodhealthandsafety@hillingdon.gov.uk,Hillingdon,http://www.hillingdon.gov.uk/foodsafety,False,,HA4 7BD,2026-04-30T00:00:00,fhrs_4_en-gb,4,,FHRS,-0.4250007,51.5749115,5.0,10.0,5.0,,ruislip food centre,"Jebsen House, 53-55 High Street, HA4 7BD",NEEDS_CHECK,Independent or other supermarket
Springfield Retail Park,Springfield Road,,Hayes,Farmfoods,Retailers - supermarkets/hypermarkets,7840,0,,1766505,151271,517,foodhealthandsafety@hillingdon.gov.uk,Hillingdon,http://www.hillingdon.gov.uk/foodsafety,False,,UB4 0TU,2025-01-21T00:00:00,fhrs_5_en-gb,5,,FHRS,-0.3978288,51.5147456,0.0,0.0,0.0,,farmfoods,"Springfield Retail Park, Springfield Road, UB4 0TU",NEEDS_CHECK,Independent or other supermarket
,1a Fairfield Road,,West Drayton,B&M Retail,Retailers - supermarkets/hypermarkets,7840,0,,1774799,151302,517,foodhealthandsafety@hillingdon.gov.uk,Hillingdon,http://www.hillingdon.gov.uk/foodsafety,False,,UB7 8EY,2025-01-07T00:00:00,fhrs_5_en-gb,5,,FHRS,-0.471477,51.513677,0.0,0.0,0.0,,b&m retail,"1a Fairfield Road, UB7 8EY",NEEDS_CHECK,Independent or other supermarket
,28 Market Square,,Uxbridge,Wilko,Retailers - supermarkets/hypermarkets,7840,0,,1774802,151305,517,foodhealthandsafety@hillingdon.gov.uk,Hillingdon,http://www.hillingdon.gov.uk/foodsafety,False,,UB8 1LH,2025-02-28T00:00:00,fhrs_4_en-gb,4,,FHRS,-0.481194,51.546049,0.0,10.0,0.0,,wilko,"28 Market Square, UB8 1LH",NEEDS_CHECK,Independent or other supermarket
,217 High Street,,Yiewsley,Home Bargains,Retailers - supermarkets/hypermarkets,7840,0,,1782449,151358,517,foodhealthandsafety@hillingdon.gov.uk,Hillingdon,http://www.hillingdon.gov.uk/foodsafety,False,,UB7 7GN,2025-07-08T00:00:00,fhrs_5_en-gb,5,,FHRS,-0.477865,51.516602,0.0,0.0,0.0,,home bargains,"217 High Street, UB7 7GN",NEEDS_CHECK,Independent or other supermarket
,704-710 Uxbridge Road,,Hayes,Krishna Cash & Carry,Retailers - supermarkets/hypermarkets,7840,0,,1801861,151446,517,foodhealthandsafety@hillingdon.gov.uk,Hillingdon,http://www.hillingdon.gov.uk/foodsafety,False,,UB4 0RX,2025-08-27T00:00:00,fhrs_4_en-gb,4,,FHRS,-0.413893,51.520178,0.0,10.0,0.0,,krishna cash & carry,"704-710 Uxbridge Road, UB4 0RX",NEEDS_CHECK,Independent or other supermarket
Unit 1 Victoria Retail Park,Victoria Road,,Ruislip,The Range,Retailers - supermarkets/hypermarkets,7840,0,,1801868,151453,517,foodhealthandsafety@hillingdon.gov.uk,Hillingdon,http://www.hillingdon.gov.uk/foodsafety,False,,HA4 0AJ,2025-08-12T00:00:00,fhrs_5_en-gb,5,,FHRS,-0.3886131,51.55592,5.0,0.0,0.0,,the range,"Unit 1 Victoria Retail Park, Victoria Road, HA4 0AJ",NEEDS_CHECK,Independent or other supermarket
,300 West End Road,,Ruislip,Shell Northolt,Retailers - supermarkets/hypermarkets,7840,0,,1857027,151665,517,foodhealthandsafety@hillingdon.gov.uk,Hillingdon,http://www.hillingdon.gov.uk/foodsafety,False,,HA4 6QQ,2025-12-05T00:00:00,fhrs_5_en-gb,5,,FHRS,-0.405533,51.555251,0.0,5.0,5.0,,shell northolt,"300 West End Road, HA4 6QQ",NEEDS_CHECK,Independent or other supermarket
Unit 231a Intu Uxbridge The Chimes Shopping Centre,High Street,,Uxbridge,Kenji (UK) Ltd,Retailers - supermarkets/hypermarkets,7840,0,,1886355,151792,517,foodhealthandsafety@hillingdon.gov.uk,Hillingdon,http://www.hillingdon.gov.uk/foodsafety,False,,UB8 1GB,2025-11-19T00:00:00,fhrs_4_en-gb,4,,FHRS,-0.4761012,51.5455526,0.0,5.0,10.0,,kenji (uk) ltd,"Unit 231a Intu Uxbridge The Chimes Shopping Centre, High Street, UB8 1GB",NEEDS_CHECK,Independent or other supermarket
,9 Kingsend,,Ruislip,Sushi Daily,Retailers - supermarkets/hypermarkets,7840,0,,1923568,151960,517,foodhealthandsafety@hillingdon.gov.uk,Hillingdon,http://www.hillingdon.gov.uk/foodsafety,False,,HA4 7DS,2026-05-19T00:00:00,fhrs_5_en-gb,5,,FHRS,-0.423035,51.571377,0.0,0.0,0.0,,sushi daily,"9 Kingsend, HA4 7DS",NEEDS_CHECK,Independent or other supermarket
,162-164 Brabazon Road,Hounslow,,Heston Supermarket,Retailers - supermarkets/hypermarkets,7840,0,,489984,11160,518,foodsafety@hounslow.gov.uk,Hounslow,http://www.hounslow.gov.uk,False,,TW5 9LP,2024-09-24T00:00:00,fhrs_4_en-gb,4,,FHRS,-0.3961825,51.4845456,5.0,5.0,10.0,,heston supermarket,"162-164 Brabazon Road, Hounslow, TW5 9LP",NEEDS_CHECK,Independent or other supermarket
Moons Filling Station,2-10 Burns Way,Hounslow,,Marks &Spencer Simply Foods,Retailers - supermarkets/hypermarkets,7840,0,,490018,11641,518,foodsafety@hounslow.gov.uk,Hounslow,http://www.hounslow.gov.uk,False,,TW5 9BA,2024-05-09T00:00:00,fhrs_5_en-gb,5,,FHRS,-0.4009106,51.4770997,0.0,0.0,0.0,M&S,marks &spencer simply foods,"Moons Filling Station, 2-10 Burns Way, Hounslow, TW5 9BA",NEEDS_CHECK,Larger M&S store: bakery provision to confirm
,236 Chiswick High Road,Chiswick,,Marks & Spencer,Retailers - supermarkets/hypermarkets,7840,0,,490036,1198,518,foodsafety@hounslow.gov.uk,Hounslow,http://www.hounslow.gov.uk,False,,W4 1PJ,2024-06-20T00:00:00,fhrs_5_en-gb,5,,FHRS,-0.2578625,51.4928044,0.0,0.0,0.0,M&S,marks & spencer,"236 Chiswick High Road, Chiswick, W4 1PJ",NEEDS_CHECK,Larger M&S store: bakery provision to confirm
,356-362 Chiswick High Road,Chiswick,,Waitrose,Retailers - supermarkets/hypermarkets,7840,0,,490037,1199,518,foodsafety@hounslow.gov.uk,Hounslow,http://www.hounslow.gov.uk,False,,W4 5TA,2024-04-26T00:00:00,fhrs_5_en-gb,5,,FHRS,-0.263112,51.4927266,5.0,5.0,5.0,Waitrose,waitrose,"356-362 Chiswick High Road, Chiswick, W4 5TA",NEEDS_CHECK,Full Waitrose store: bakery provision to confirm
Asda Superstore,Tilley Road,Feltham,,Asda Stores Limited,Retailers - supermarkets/hypermarkets,7840,0,,490345,22883,518,foodsafety@hounslow.gov.uk,Hounslow,http://www.hounslow.gov.uk,False,,TW13 4AU,2025-08-28T00:00:00,fhrs_5_en-gb,5,,FHRS,-0.410988986492157,51.4466018676758,5.0,5.0,0.0,Asda,asda stores limited,"Asda Superstore, Tilley Road, Feltham, TW13 4AU",NEEDS_CHECK,Asda store format unclear from FHRS record
Asda The Blenheim Centre,Prince Regent Road,Hounslow,,Asda,Retailers - supermarkets/hypermarkets,7840,0,,490362,23510,518,foodsafety@hounslow.gov.uk,Hounslow,http://www.hounslow.gov.uk,False,,TW3 1NL,2024-05-03T00:00:00,fhrs_5_en-gb,5,,FHRS,-0.361663013696671,51.4708557128906,0.0,0.0,0.0,Asda,asda,"Asda The Blenheim Centre, Prince Regent Road, Hounslow, TW3 1NL",NEEDS_CHECK,Asda store format unclear from FHRS record
,31 Essex Place,Chiswick,,Sainsbury's,Retailers - supermarkets/hypermarkets,7840,0,,490603,3,518,foodsafety@hounslow.gov.uk,Hounslow,http://www.hounslow.gov.uk,False,,W4 5UT,2024-05-05T00:00:00,fhrs_5_en-gb,5,,FHRS,-0.2651698,51.4935421,0.0,5.0,0.0,Sainsbury's,sainsbury's,"31 Essex Place, Chiswick, W4 5UT",NEEDS_CHECK,Sainsbury's store format unclear from FHRS record
Costco,Hayes Road,Southall,,Costco Wholesale,Retailers - supermarkets/hypermarkets,7840,0,,707319,135577,518,foodsafety@hounslow.gov.uk,Hounslow,http://www.hounslow.gov.uk,False,,UB2 5XX,2025-02-24T00:00:00,fhrs_5_en-gb,5,,FHRS,-0.404576003551483,51.4962959289551,5.0,5.0,5.0,,costco wholesale,"Costco, Hayes Road, Southall, UB2 5XX",NEEDS_CHECK,Independent or other supermarket
,Heston Service West,Junction 2/3 M4,,Marks & Spencer Simply Foods,Retailers - supermarkets/hypermarkets,7840,0,,855167,136504,518,foodsafety@hounslow.gov.uk,Hounslow,http://www.hounslow.gov.uk,False,,TW5 9NB,2025-01-16T00:00:00,fhrs_5_en-gb,5,,FHRS,-0.396117985248566,51.4865837097168,0.0,0.0,0.0,M&S,marks & spencer simply foods,"Heston Service West, Junction 2/3 M4, TW5 9NB",NEEDS_CHECK,Larger M&S store: bakery provision to confirm
Western International Market,W8 Hayes Road,Southall,,VitaPlus UK Ltd,Retailers - supermarkets/hypermarkets,7840,0,,855339,29509,518,foodsafety@hounslow.gov.uk,Hounslow,http://www.hounslow.gov.uk,False,,UB2 5XU,2025-08-08T00:00:00,fhrs_4_en-gb,4,,FHRS,,,10.0,5.0,5.0,,vitaplus uk ltd,"Western International Market, W8 Hayes Road, Southall, UB2 5XU",NEEDS_CHECK,Independent or other supermarket
,Grant Way,Isleworth,,Waitrose,Retailers - supermarkets/hypermarkets,7840,0,,892957,136697,518,foodsafety@hounslow.gov.uk,Hounslow,http://www.hounslow.gov.uk,False,,TW7 5QD,1901-01-01T00:00:00,fhrs_awaitinginspection_en-gb,AwaitingInspection,,FHRS,-0.327885985374451,51.4866905212402,,,,Waitrose,waitrose,"Grant Way, Isleworth, TW7 5QD",NEEDS_CHECK,Full Waitrose store: bakery provision to confirm
,354-356 Bath Road,Hounslow,,Sadda Superstore,Retailers - supermarkets/hypermarkets,7840,0,,1516277,1204,518,foodsafety@hounslow.gov.uk,Hounslow,http://www.hounslow.gov.uk,False,,TW4 7HW,2026-02-17T00:00:00,fhrs_5_en-gb,5,,FHRS,-0.3886864,51.4733712,5.0,5.0,5.0,,sadda superstore,"354-356 Bath Road, Hounslow, TW4 7HW",NEEDS_CHECK,Independent or other supermarket
,112 High Street,Hounslow,,Kujawiak,Retailers - supermarkets/hypermarkets,7840,0,,1616449,1634,518,foodsafety@hounslow.gov.uk,Hounslow,http://www.hounslow.gov.uk,False,,,2025-12-04T00:00:00,fhrs_5_en-gb,5,,FHRS,-0.3590959,51.4698861,0.0,0.0,5.0,,kujawiak,"112 High Street, Hounslow",NEEDS_CHECK,Independent or other supermarket
Section B- Global Trading Centre,1b Amberley Way,Hounslow,,Bakhtar Market London Ltd.,Retailers - supermarkets/hypermarkets,7840,0,,1713486,171468,518,foodsafety@hounslow.gov.uk,Hounslow,http://www.hounslow.gov.uk,False,,TW4 6BH,2024-04-16T00:00:00,fhrs_4_en-gb,4,,FHRS,-0.3981527,51.4629189,5.0,5.0,10.0,,bakhtar market london ltd.,"Section B- Global Trading Centre, 1b Amberley Way, Hounslow, TW4 6BH",NEEDS_CHECK,Independent or other supermarket
Unit 3 The Blenheim Centre,Prince Regent Road,,,Dukkan,Retailers - supermarkets/hypermarkets,7840,0,,1766932,19399,518,foodsafety@hounslow.gov.uk,Hounslow,http://www.hounslow.gov.uk,False,,TW3 1NL,2025-01-20T00:00:00,fhrs_5_en-gb,5,,FHRS,-0.361684,51.470857,5.0,5.0,5.0,,dukkan,"Unit 3 The Blenheim Centre, Prince Regent Road, TW3 1NL",NEEDS_CHECK,Independent or other supermarket
Unit 8,8 Kew Bridge Road,Brentford,,Mums Wholefood,Retailers - supermarkets/hypermarkets,7840,0,,1791011,171510,518,foodsafety@hounslow.gov.uk,Hounslow,http://www.hounslow.gov.uk,False,,TW8 0FJ,1901-01-01T00:00:00,fhrs_awaitinginspection_en-gb,AwaitingInspection,,FHRS,-0.288322,51.4880434,,,,,mums wholefood,"Unit 8, 8 Kew Bridge Road, Brentford, TW8 0FJ",NEEDS_CHECK,Independent or other supermarket
,Unit 1 Manor Park,High Street,,Farmfoods,Retailers - supermarkets/hypermarkets,7840,0,,1846261,11677,518,foodsafety@hounslow.gov.uk,Hounslow,http://www.hounslow.gov.uk,False,,TW13 4EX,2025-12-05T00:00:00,fhrs_5_en-gb,5,,FHRS,-0.4142646,51.442107,0.0,0.0,0.0,,farmfoods,"Unit 1 Manor Park, High Street, TW13 4EX",NEEDS_CHECK,Independent or other supermarket
,57a High Street,Feltham,,Koshi Mart,Retailers - supermarkets/hypermarkets,7840,0,,1968534,725,518,foodsafety@hounslow.gov.uk,Hounslow,http://www.hounslow.gov.uk,False,,TW13 4EZ,1901-01-01T00:00:00,fhrs_awaitinginspection_en-gb,AwaitingInspection,,FHRS,-0.4119205,51.4429719,,,,,koshi mart,"57a High Street, Feltham, TW13 4EZ",NEEDS_CHECK,Independent or other supermarket
Tesco,1 Brewhouse Yard,London,EC1V 4JD,Tesco,Retailers - supermarkets/hypermarkets,7840,0,,416295,PI/000039139,519,Commercial.Envh@islington.gov.uk,Islington,http://www.islington.gov.uk,False,,EC1V 4JD,2022-04-06T00:00:00,fhrs_5_en-gb,5,,FHRS,-0.1025685,51.5240099,0.0,0.0,0.0,Tesco,tesco,"Tesco, 1 Brewhouse Yard, London, EC1V 4JD",NEEDS_CHECK,Tesco store format unclear from FHRS record
Tesco,Basement And Ground Floors Focus Point,21 Caledonian Road,London,Tesco,Retailers - supermarkets/hypermarkets,7840,0,,416306,PI/000041455,519,Commercial.Envh@islington.gov.uk,Islington,http://www.islington.gov.uk,False,,N1 9DX,2025-05-09T00:00:00,fhrs_5_en-gb,5,,FHRS,-0.1212283,51.531918,0.0,5.0,0.0,Tesco,tesco,"Tesco, Basement And Ground Floors Focus Point, 21 Caledonian Road, N1 9DX",NEEDS_CHECK,Tesco store format unclear from FHRS record
Tesco,43 Holloway Road,London,,Tesco,Retailers - supermarkets/hypermarkets,7840,0,,416316,PI/000044961,519,Commercial.Envh@islington.gov.uk,Islington,http://www.islington.gov.uk,False,,N7 8JP,2025-06-06T00:00:00,fhrs_5_en-gb,5,,FHRS,-0.1049662,51.5468001,0.0,5.0,5.0,Tesco,tesco,"Tesco, 43 Holloway Road, London, N7 8JP",NEEDS_CHECK,Tesco store format unclear from FHRS record
Tesco,Unit B Charles Morton Court,37 Green Lanes,London,Tesco,Retailers - supermarkets/hypermarkets,7840,0,,416346,PI/000074853,519,Commercial.Envh@islington.gov.uk,Islington,http://www.islington.gov.uk,False,,N16 9BS,2025-11-19T00:00:00,fhrs_5_en-gb,5,,FHRS,-0.0877162,51.5526527,0.0,0.0,0.0,Tesco,tesco,"Tesco, Unit B Charles Morton Court, 37 Green Lanes, N16 9BS",NEEDS_CHECK,Tesco store format unclear from FHRS record
Waitrose,21 Liverpool Road,London,N1 0RW,Waitrose,Retailers - supermarkets/hypermarkets,7840,0,,416726,PI/000096828,519,Commercial.Envh@islington.gov.uk,Islington,http://www.islington.gov.uk,False,,N1 0RW,2024-11-29T00:00:00,fhrs_5_en-gb,5,,FHRS,-0.1074059,51.5338901,5.0,5.0,0.0,Waitrose,waitrose,"Waitrose, 21 Liverpool Road, London, N1 0RW",NEEDS_CHECK,Full Waitrose store: bakery provision to confirm
Tesco,109-115 Stroud Green Road,London,,Tesco,Retailers - supermarkets/hypermarkets,7840,0,,416882,PI/000102584,519,Commercial.Envh@islington.gov.uk,Islington,http://www.islington.gov.uk,False,,N4 3PX,2023-11-24T00:00:00,fhrs_5_en-gb,5,,FHRS,-0.1121047,51.5689001,0.0,5.0,0.0,Tesco,tesco,"Tesco, 109-115 Stroud Green Road, London, N4 3PX",NEEDS_CHECK,Tesco store format unclear from FHRS record
Sainsbury's,317 Upper Street,London,N1 2XQ,Sainsbury's,Retailers - supermarkets/hypermarkets,7840,0,,416919,PI/000105897,519,Commercial.Envh@islington.gov.uk,Islington,http://www.islington.gov.uk,False,,N1 2XQ,2023-12-12T00:00:00,fhrs_5_en-gb,5,,FHRS,-0.1029014,51.5373754,0.0,0.0,0.0,Sainsbury's,sainsbury's,"Sainsbury's, 317 Upper Street, London, N1 2XQ",NEEDS_CHECK,Sainsbury's store format unclear from FHRS record
Waitrose,6 Cherry Tree Walk,London,,Waitrose,Retailers - supermarkets/hypermarkets,7840,0,,416999,PI/000119038,519,Commercial.Envh@islington.gov.uk,Islington,http://www.islington.gov.uk,False,,,2024-12-06T00:00:00,fhrs_5_en-gb,5,,FHRS,,,5.0,5.0,5.0,Waitrose,waitrose,"Waitrose, 6 Cherry Tree Walk, London",NEEDS_CHECK,Full Waitrose store: bakery provision to confirm
Sainsbury's,Ground Floor 641 - 643,641-645 Holloway Road,London,Sainsbury's,Retailers - supermarkets/hypermarkets,7840,0,,417026,PI/000119669,519,Commercial.Envh@islington.gov.uk,Islington,http://www.islington.gov.uk,False,,N19 5SS,2016-05-17T00:00:00,fhrs_5_en-gb,5,,FHRS,-0.1318935,51.564408,0.0,0.0,0.0,Sainsbury's,sainsbury's,"Sainsbury's, Ground Floor 641 - 643, 641-645 Holloway Road, N19 5SS",NEEDS_CHECK,Sainsbury's store format unclear from FHRS record
Tesco,315 Essex Road,London,N1 2BD,Tesco,Retailers - supermarkets/hypermarkets,7840,0,,417042,PI/000120312,519,Commercial.Envh@islington.gov.uk,Islington,http://www.islington.gov.uk,False,,N1 2BD,2023-07-19T00:00:00,fhrs_5_en-gb,5,,FHRS,-0.0910913,51.5433555,0.0,0.0,0.0,Tesco,tesco,"Tesco, 315 Essex Road, London, N1 2BD",NEEDS_CHECK,Tesco store format unclear from FHRS record
Marks & Spencer,Marks And Spencer,3-7 Liverpool Road,London,Marks & Spencer,Retailers - supermarkets/hypermarkets,7840,0,,417144,PI/000126208,519,Commercial.Envh@islington.gov.uk,Islington,http://www.islington.gov.uk,False,,N1 0RR,2024-11-18T00:00:00,fhrs_5_en-gb,5,,FHRS,-0.10626082,51.53324497,0.0,0.0,0.0,M&S,marks & spencer,"Marks & Spencer, Marks And Spencer, 3-7 Liverpool Road, N1 0RR",NEEDS_CHECK,Larger M&S store: bakery provision to confirm
Tesco,Unit 5a,5-7 Hornsey Street,London,Tesco,Retailers - supermarkets/hypermarkets,7840,0,,417230,PI/000139488,519,Commercial.Envh@islington.gov.uk,Islington,http://www.islington.gov.uk,False,,N7 8GA,2022-04-07T00:00:00,fhrs_5_en-gb,5,,FHRS,-0.1139086,51.5520252,0.0,5.0,5.0,Tesco,tesco,"Tesco, Unit 5a, 5-7 Hornsey Street, N7 8GA",NEEDS_CHECK,Tesco store format unclear from FHRS record
Sainsbury's,325-331 Essex Road,London,,Sainsbury's,Retailers - supermarkets/hypermarkets,7840,0,,417267,PI/000142440,519,Commercial.Envh@islington.gov.uk,Islington,http://www.islington.gov.uk,False,,N1 2YG,2022-04-08T00:00:00,fhrs_5_en-gb,5,,FHRS,-0.0903629,51.5438742,0.0,0.0,0.0,Sainsbury's,sainsbury's,"Sainsbury's, 325-331 Essex Road, London, N1 2YG",NEEDS_CHECK,Sainsbury's store format unclear from FHRS record
Tesco,Ground Floor,268-270 Seven Sisters Road,London,Tesco,Retailers - supermarkets/hypermarkets,7840,0,,417290,PI/000143130,519,Commercial.Envh@islington.gov.uk,Islington,http://www.islington.gov.uk,False,,N4 2HY,2023-05-26T00:00:00,fhrs_5_en-gb,5,,FHRS,-0.1049623,51.5642546,0.0,0.0,0.0,Tesco,tesco,"Tesco, Ground Floor, 268-270 Seven Sisters Road, N4 2HY",NEEDS_CHECK,Tesco store format unclear from FHRS record
Tesco,25 Islington Green,London,N1 8DU,Tesco,Retailers - supermarkets/hypermarkets,7840,0,,417307,PI/000144269,519,Commercial.Envh@islington.gov.uk,Islington,http://www.islington.gov.uk,False,,N1 8DU,2022-03-22T00:00:00,fhrs_5_en-gb,5,,FHRS,-0.102293,51.5358308,0.0,5.0,5.0,Tesco,tesco,"Tesco, 25 Islington Green, London, N1 8DU",NEEDS_CHECK,Tesco store format unclear from FHRS record
Marks & Spencer,70 Finsbury Pavement,London,EC2A 1SA,Marks & Spencer,Retailers - supermarkets/hypermarkets,7840,0,,417410,PI/000150201,519,Commercial.Envh@islington.gov.uk,Islington,http://www.islington.gov.uk,False,,EC2A 1SA,2024-11-18T00:00:00,fhrs_5_en-gb,5,,FHRS,-0.0872736,51.5195348,0.0,0.0,0.0,M&S,marks & spencer,"Marks & Spencer, 70 Finsbury Pavement, London, EC2A 1SA",NEEDS_CHECK,Larger M&S store: bakery provision to confirm
Waitrose,174 St John Street,London,EC1V 4DE,Waitrose,Retailers - supermarkets/hypermarkets,7840,0,,417441,PI/000150771,519,Commercial.Envh@islington.gov.uk,Islington,http://www.islington.gov.uk,False,,EC1V 4DE,2025-01-09T00:00:00,fhrs_5_en-gb,5,,FHRS,-0.1027058,51.524174,5.0,5.0,5.0,Waitrose,waitrose,"Waitrose, 174 St John Street, London, EC1V 4DE",NEEDS_CHECK,Full Waitrose store: bakery provision to confirm
Tesco,71 Drayton Park,London,N5 1LB,Tesco,Retailers - supermarkets/hypermarkets,7840,0,,417450,PI/000150855,519,Commercial.Envh@islington.gov.uk,Islington,http://www.islington.gov.uk,False,,N5 1LB,2022-04-19T00:00:00,fhrs_5_en-gb,5,,FHRS,,,0.0,5.0,0.0,Tesco,tesco,"Tesco, 71 Drayton Park, London, N5 1LB",NEEDS_CHECK,Tesco store format unclear from FHRS record
Tesco,5 Cottage Road,London,N7 8TP,Tesco,Retailers - supermarkets/hypermarkets,7840,0,,417511,PI/000151139,519,Commercial.Envh@islington.gov.uk,Islington,http://www.islington.gov.uk,False,,N7 8TP,2025-01-08T00:00:00,fhrs_5_en-gb,5,,FHRS,-0.1177139,51.5492986,5.0,5.0,5.0,Tesco,tesco,"Tesco, 5 Cottage Road, London, N7 8TP",NEEDS_CHECK,Tesco store format unclear from FHRS record
Sainsbury's,31-41 Liverpool Road,London,,Sainsbury's,Retailers - supermarkets/hypermarkets,7840,0,,417515,PI/000151146,519,Commercial.Envh@islington.gov.uk,Islington,http://www.islington.gov.uk,False,,N1 0RW,2024-11-18T00:00:00,fhrs_5_en-gb,5,,FHRS,-0.1072746,51.5342747,0.0,0.0,0.0,Sainsbury's,sainsbury's,"Sainsbury's, 31-41 Liverpool Road, London, N1 0RW",NEEDS_CHECK,Sainsbury's store format unclear from FHRS record
Tesco,126-130 Seven Sisters Road,London,N7 7NS,Tesco,Retailers - supermarkets/hypermarkets,7840,0,,417667,PI/000151944,519,Commercial.Envh@islington.gov.uk,Islington,http://www.islington.gov.uk,False,,N7 7NS,2022-04-07T00:00:00,fhrs_4_en-gb,4,,FHRS,-0.1146372,51.5602201,5.0,5.0,10.0,Tesco,tesco,"Tesco, 126-130 Seven Sisters Road, London, N7 7NS",NEEDS_CHECK,Tesco store format unclear from FHRS record
Sainsbury's,175-179 Stroud Green Road,London,N4 3PZ,Sainsbury's,Retailers - supermarkets/hypermarkets,7840,0,,417672,PI/000151950,519,Commercial.Envh@islington.gov.uk,Islington,http://www.islington.gov.uk,False,,N4 3PZ,2016-05-13T00:00:00,fhrs_5_en-gb,5,,FHRS,-0.114938,51.5703955,0.0,0.0,0.0,Sainsbury's,sainsbury's,"Sainsbury's, 175-179 Stroud Green Road, London, N4 3PZ",NEEDS_CHECK,Sainsbury's store format unclear from FHRS record
Sainsbury's,301 St John Street,London,EC1R 4AE,Sainsbury's,Retailers - supermarkets/hypermarkets,7840,0,,485850,PI/000259812,519,Commercial.Envh@islington.gov.uk,Islington,http://www.islington.gov.uk,False,,EC1R 4AE,2015-09-18T00:00:00,fhrs_5_en-gb,5,,FHRS,-0.1049996,51.527952,0.0,0.0,0.0,Sainsbury's,sainsbury's,"Sainsbury's, 301 St John Street, London, EC1R 4AE",NEEDS_CHECK,Sainsbury's store format unclear from FHRS record
Sainsbury's,Part Ground Floor,465 Holloway Road,London,Sainsbury's,Retailers - supermarkets/hypermarkets,7840,0,,524914,PI/000260482,519,Commercial.Envh@islington.gov.uk,Islington,http://www.islington.gov.uk,False,,N7 6BQ,2018-02-14T00:00:00,fhrs_5_en-gb,5,,FHRS,-0.1234101,51.56019,0.0,0.0,0.0,Sainsbury's,sainsbury's,"Sainsbury's, Part Ground Floor, 465 Holloway Road, N7 6BQ",NEEDS_CHECK,Sainsbury's store format unclear from FHRS record
Tesco,Commercial Unit,291-295 Hornsey Road,London,Tesco,Retailers - supermarkets/hypermarkets,7840,0,,559404,PI/000174487,519,Commercial.Envh@islington.gov.uk,Islington,http://www.islington.gov.uk,False,,,2025-11-21T00:00:00,fhrs_5_en-gb,5,,FHRS,-0.1188275,51.5635607,5.0,5.0,5.0,Tesco,tesco,"Tesco, Commercial Unit, 291-295 Hornsey Road",NEEDS_CHECK,Tesco store format unclear from FHRS record
Waitrose,30 Highbury Corner,London,N5 1RD,Waitrose,Retailers - supermarkets/hypermarkets,7840,0,,559405,PI/000259950,519,Commercial.Envh@islington.gov.uk,Islington,http://www.islington.gov.uk,False,,N5 1RD,2025-01-08T00:00:00,fhrs_5_en-gb,5,,FHRS,-0.1042111,51.5469228,0.0,5.0,0.0,Waitrose,waitrose,"Waitrose, 30 Highbury Corner, London, N5 1RD",NEEDS_CHECK,Full Waitrose store: bakery provision to confirm
Sainsbury's,The Parade,15 Stroud Green Road,London,Sainsbury's,Retailers - supermarkets/hypermarkets,7840,0,,570641,PI/000257996,519,Commercial.Envh@islington.gov.uk,Islington,http://www.islington.gov.uk,False,,N4 3ED,2016-05-13T00:00:00,fhrs_5_en-gb,5,,FHRS,,,0.0,0.0,0.0,Sainsbury's,sainsbury's,"Sainsbury's, The Parade, 15 Stroud Green Road, N4 3ED",NEEDS_CHECK,Sainsbury's store format unclear from FHRS record
Tesco,Ground Floor Friendly House,21-24 Chiswell Street,London,Tesco,Retailers - supermarkets/hypermarkets,7840,0,,570642,PI/000260509,519,Commercial.Envh@islington.gov.uk,Islington,http://www.islington.gov.uk,False,,EC1Y 4TY,2018-08-03T00:00:00,fhrs_5_en-gb,5,,FHRS,-0.0896238,51.520895,0.0,0.0,0.0,Tesco,tesco,"Tesco, Ground Floor Friendly House, 21-24 Chiswell Street, EC1Y 4TY",NEEDS_CHECK,Tesco store format unclear from FHRS record
Sainsbury's,311 Holloway Road,London,N7 9DS,Sainsbury's,Retailers - supermarkets/hypermarkets,7840,0,,594263,PI/000263199,519,Commercial.Envh@islington.gov.uk,Islington,http://www.islington.gov.uk,False,,N7 9DS,2016-05-06T00:00:00,fhrs_5_en-gb,5,,FHRS,-0.1138136,51.5536243,0.0,0.0,0.0,Sainsbury's,sainsbury's,"Sainsbury's, 311 Holloway Road, London, N7 9DS",NEEDS_CHECK,Sainsbury's store format unclear from FHRS record
Sainsbury's,465B Caledonian Road,London,N7 9GX,Sainsbury's,Retailers - supermarkets/hypermarkets,7840,0,,669078,PI/000262705,519,Commercial.Envh@islington.gov.uk,Islington,http://www.islington.gov.uk,False,,N7 9GX,2014-05-15T00:00:00,fhrs_5_en-gb,5,,FHRS,-0.1182633,51.5478686,0.0,0.0,0.0,Sainsbury's,sainsbury's,"Sainsbury's, 465B Caledonian Road, London, N7 9GX",NEEDS_CHECK,Sainsbury's store format unclear from FHRS record
Waitrose,366 Holloway Road,London,,Waitrose,Retailers - supermarkets/hypermarkets,7840,0,,701777,PI/000123022,519,Commercial.Envh@islington.gov.uk,Islington,http://www.islington.gov.uk,False,,N7 6PA,2025-11-17T00:00:00,fhrs_5_en-gb,5,,FHRS,-0.1163843,51.5559947,5.0,5.0,5.0,Waitrose,waitrose,"Waitrose, 366 Holloway Road, London, N7 6PA",NEEDS_CHECK,Full Waitrose store: bakery provision to confirm
Tesco,21 City Road,London,EC1Y 1AG,Tesco,Retailers - supermarkets/hypermarkets,7840,0,,717209,PI/000149524,519,Commercial.Envh@islington.gov.uk,Islington,http://www.islington.gov.uk,False,,EC1Y 1AG,2025-11-21T00:00:00,fhrs_5_en-gb,5,,FHRS,-0.0868927,51.5227749,5.0,0.0,5.0,Tesco,tesco,"Tesco, 21 City Road, London, EC1Y 1AG",NEEDS_CHECK,Tesco store format unclear from FHRS record
Tesco,122-128 Pentonville Road,London,N1 9TT,Tesco,Retailers - supermarkets/hypermarkets,7840,0,,735139,PI/000070897,519,Commercial.Envh@islington.gov.uk,Islington,http://www.islington.gov.uk,False,,N1 9TT,2022-04-06T00:00:00,fhrs_5_en-gb,5,,FHRS,-0.1128617,51.5316669,0.0,0.0,0.0,Tesco,tesco,"Tesco, 122-128 Pentonville Road, London, N1 9TT",NEEDS_CHECK,Tesco store format unclear from FHRS record
Tesco,55 Central Street,London,EC1V 3AF,Tesco,Retailers - supermarkets/hypermarkets,7840,0,,735146,PI/000262407,519,Commercial.Envh@islington.gov.uk,Islington,http://www.islington.gov.uk,False,,EC1V 3AF,2022-04-06T00:00:00,fhrs_5_en-gb,5,,FHRS,-0.0966565,51.5257756,5.0,5.0,5.0,Tesco,tesco,"Tesco, 55 Central Street, London, EC1V 3AF",NEEDS_CHECK,Tesco store format unclear from FHRS record
Sainsbury's,266-268 Pentonville Road,London,N1 9JY,Sainsbury's,Retailers - supermarkets/hypermarkets,7840,0,,735147,PI/000263080,519,Commercial.Envh@islington.gov.uk,Islington,http://www.islington.gov.uk,False,,N1 9JY,2019-04-17T00:00:00,fhrs_5_en-gb,5,,FHRS,-0.1205863,51.5310535,0.0,0.0,0.0,Sainsbury's,sainsbury's,"Sainsbury's, 266-268 Pentonville Road, London, N1 9JY",NEEDS_CHECK,Sainsbury's store format unclear from FHRS record
Tesco,Basement and Ground,627-635 Holloway Road,London,Tesco,Retailers - supermarkets/hypermarkets,7840,0,,851565,PI/000270385,519,Commercial.Envh@islington.gov.uk,Islington,http://www.islington.gov.uk,False,,N19 5SU,2022-04-22T00:00:00,fhrs_5_en-gb,5,,FHRS,,,5.0,5.0,5.0,Tesco,tesco,"Tesco, Basement and Ground, 627-635 Holloway Road, N19 5SU",NEEDS_CHECK,Tesco store format unclear from FHRS record
Sainsbury's,79 City Road,London,EC1Y 1BD,Sainsbury's,Retailers - supermarkets/hypermarkets,7840,0,,951969,PI/000152999,519,Commercial.Envh@islington.gov.uk,Islington,http://www.islington.gov.uk,False,,EC1Y 1BD,2019-12-11T00:00:00,fhrs_5_en-gb,5,,FHRS,-0.0873542,51.5248328,0.0,0.0,0.0,Sainsbury's,sainsbury's,"Sainsbury's, 79 City Road, London, EC1Y 1BD",NEEDS_CHECK,Sainsbury's store format unclear from FHRS record
Tesco,272-280 New North Road,London,N1 8SY,Tesco,Retailers - supermarkets/hypermarkets,7840,0,,1047237,PI/000263031,519,Commercial.Envh@islington.gov.uk,Islington,http://www.islington.gov.uk,False,,N1 8SY,2022-04-19T00:00:00,fhrs_4_en-gb,4,,FHRS,-0.0941254,51.539772,5.0,5.0,10.0,Tesco,tesco,"Tesco, 272-280 New North Road, London, N1 8SY",NEEDS_CHECK,Tesco store format unclear from FHRS record
Sainsbury's,89-95 St Paul's Road,St Paul's Road,London,Sainsbury's,Retailers - supermarkets/hypermarkets,7840,0,,1087062,PI/000263522,519,Commercial.Envh@islington.gov.uk,Islington,http://www.islington.gov.uk,False,,N1 2NA,2025-03-13T00:00:00,fhrs_5_en-gb,5,,FHRS,-0.1011888,51.5460735,0.0,0.0,0.0,Sainsbury's,sainsbury's,"Sainsbury's, 89-95 St Paul's Road, St Paul's Road, N1 2NA",NEEDS_CHECK,Sainsbury's store format unclear from FHRS record
Marks & Spencer,Hill House,17 Highgate Hill,London,Marks & Spencer,Retailers - supermarkets/hypermarkets,7840,0,,1171222,PI/000282729,519,Commercial.Envh@islington.gov.uk,Islington,http://www.islington.gov.uk,False,,,2025-10-22T00:00:00,fhrs_5_en-gb,5,,FHRS,-0.1530237,51.563879,0.0,0.0,0.0,M&S,marks & spencer,"Marks & Spencer, Hill House, 17 Highgate Hill",NEEDS_CHECK,Larger M&S store: bakery provision to confirm
Marks & Spencer,201 Old Street,London,EC1V 9NP,Marks & Spencer,Retailers - supermarkets/hypermarkets,7840,0,,1247114,PI/000283839,519,Commercial.Envh@islington.gov.uk,Islington,http://www.islington.gov.uk,False,,EC1V 9NP,2024-04-19T00:00:00,fhrs_5_en-gb,5,,FHRS,-0.0904912,51.5256573,0.0,5.0,0.0,M&S,marks & spencer,"Marks & Spencer, 201 Old Street, London, EC1V 9NP",NEEDS_CHECK,Larger M&S store: bakery provision to confirm
Marks & Spencer,6 City North Place,London,,Marks & Spencer,Retailers - supermarkets/hypermarkets,7840,0,,1569080,PI/000198376,519,Commercial.Envh@islington.gov.uk,Islington,http://www.islington.gov.uk,False,,N4 3FU,2025-10-22T00:00:00,fhrs_5_en-gb,5,,FHRS,-0.1073899,51.5648604,0.0,0.0,0.0,M&S,marks & spencer,"Marks & Spencer, 6 City North Place, London, N4 3FU",NEEDS_CHECK,Larger M&S store: bakery provision to confirm
Sainsbury's,14 Junction Road,London,N19 5RQ,Sainsbury's,Retailers - supermarkets/hypermarkets,7840,0,,1691662,PI/000293321,519,Commercial.Envh@islington.gov.uk,Islington,http://www.islington.gov.uk,False,,N19 5RQ,2024-03-15T00:00:00,fhrs_5_en-gb,5,,FHRS,-0.1352503,51.564884,0.0,0.0,0.0,Sainsbury's,sainsbury's,"Sainsbury's, 14 Junction Road, London, N19 5RQ",NEEDS_CHECK,Sainsbury's store format unclear from FHRS record
Tesco,Petrol Filling Station,219-227 Caledonian Road,London,Tesco,Retailers - supermarkets/hypermarkets,7840,0,,1691665,PI/000295687,519,Commercial.Envh@islington.gov.uk,Islington,http://www.islington.gov.uk,False,,N1 0NH,2024-04-12T00:00:00,fhrs_5_en-gb,5,,FHRS,-0.1169582,51.5379107,0.0,0.0,0.0,Tesco,tesco,"Tesco, Petrol Filling Station, 219-227 Caledonian Road, N1 0NH",NEEDS_CHECK,Tesco store format unclear from FHRS record
Asda,The Arsenal Shop,6-9 Station Place,London,Asda,Retailers - supermarkets/hypermarkets,7840,0,,1763588,PI/000293329,519,Commercial.Envh@islington.gov.uk,Islington,http://www.islington.gov.uk,False,,N4 2DH,1901-01-01T00:00:00,fhrs_awaitinginspection_en-gb,AwaitingInspection,,FHRS,-0.1058009,51.5645802,,,,Asda,asda,"Asda, The Arsenal Shop, 6-9 Station Place, N4 2DH",NEEDS_CHECK,Asda store format unclear from FHRS record
Marks & Spencer Foodhall,1 Archway Mall,London,N19 5RG,Marks & Spencer Foodhall,Retailers - supermarkets/hypermarkets,7840,0,,1766669,PI/000296293,519,Commercial.Envh@islington.gov.uk,Islington,http://www.islington.gov.uk,False,,N19 5RG,2024-11-11T00:00:00,fhrs_5_en-gb,5,,FHRS,-0.13501,51.566,0.0,0.0,0.0,M&S,marks & spencer foodhall,"Marks & Spencer Foodhall, 1 Archway Mall, London, N19 5RG",NEEDS_CHECK,Larger M&S store: bakery provision to confirm
Tesco,UNIT A and B,27 North Road,London,Tesco,Retailers - supermarkets/hypermarkets,7840,0,,1790576,PI/000297026,519,Commercial.Envh@islington.gov.uk,Islington,http://www.islington.gov.uk,False,,N7 9GF,2025-03-11T00:00:00,fhrs_5_en-gb,5,,FHRS,-0.1254787,51.5477773,0.0,0.0,0.0,Tesco,tesco,"Tesco, UNIT A and B, 27 North Road, N7 9GF",NEEDS_CHECK,Tesco store format unclear from FHRS record
Whole Foods Market,The Mall,359 Upper Street,London,Whole Foods Market,Retailers - supermarkets/hypermarkets,7840,0,,1971491,PI/000300950,519,Commercial.Envh@islington.gov.uk,Islington,http://www.islington.gov.uk,False,,N1 0PD,1901-01-01T00:00:00,fhrs_awaitinginspection_en-gb,AwaitingInspection,,FHRS,,,,,,,whole foods market,"Whole Foods Market, The Mall, 359 Upper Street, N1 0PD",NEEDS_CHECK,Independent or other supermarket
Lav Whole Foods,Ground Floor,691 Holloway Road,London,Lav Whole Foods,Retailers - supermarkets/hypermarkets,7840,0,,1971496,PI/000309429,519,Commercial.Envh@islington.gov.uk,Islington,http://www.islington.gov.uk,False,,N19 5SE,1901-01-01T00:00:00,fhrs_awaitinginspection_en-gb,AwaitingInspection,,FHRS,,,,,,,lav whole foods,"Lav Whole Foods, Ground Floor, 691 Holloway Road, N19 5SE",NEEDS_CHECK,Independent or other supermarket
1-2 Gloucester Road Arcade,128 Gloucester Road,LONDON,,Waitrose,Retailers - supermarkets/hypermarkets,7840,0,,333425,INSPF/01/750231,520,food.hygiene@rbkc.gov.uk,Kensington and Chelsea,http://www.rbkc.gov.uk,False,,SW7 4SF,2025-11-19T00:00:00,fhrs_5_en-gb,5,,FHRS,-0.183555,51.494509,0.0,5.0,0.0,Waitrose,waitrose,"1-2 Gloucester Road Arcade, 128 Gloucester Road, LONDON, SW7 4SF",NEEDS_CHECK,Full Waitrose store: bakery provision to confirm
243 Kensington High Street,LONDON,,,Waitrose,Retailers - supermarkets/hypermarkets,7840,0,,333529,INSPF/04/817541,520,food.hygiene@rbkc.gov.uk,Kensington and Chelsea,http://www.rbkc.gov.uk,False,,W8 6SA,2025-03-24T00:00:00,fhrs_5_en-gb,5,,FHRS,-0.197781,51.499081,0.0,5.0,0.0,Waitrose,waitrose,"243 Kensington High Street, LONDON, W8 6SA",NEEDS_CHECK,Full Waitrose store: bakery provision to confirm
50-52 Old Brompton Road,LONDON,,,Tesco,Retailers - supermarkets/hypermarkets,7840,0,,333530,INSPF/04/818964,520,food.hygiene@rbkc.gov.uk,Kensington and Chelsea,http://www.rbkc.gov.uk,False,,SW7 3DY,2023-08-07T00:00:00,fhrs_5_en-gb,5,,FHRS,-0.176489,51.493239,0.0,0.0,0.0,Tesco,tesco,"50-52 Old Brompton Road, LONDON, SW7 3DY",NEEDS_CHECK,Tesco store format unclear from FHRS record
84-90 Holland Park Avenue,LONDON,,,Tesco,Retailers - supermarkets/hypermarkets,7840,0,,333533,INSPF/04/819557,520,food.hygiene@rbkc.gov.uk,Kensington and Chelsea,http://www.rbkc.gov.uk,False,,W11 3RB,2023-08-30T00:00:00,fhrs_5_en-gb,5,,FHRS,-0.20657,51.507156,0.0,0.0,0.0,Tesco,tesco,"84-90 Holland Park Avenue, LONDON, W11 3RB",NEEDS_CHECK,Tesco store format unclear from FHRS record
114-120 Notting Hill Gate,LONDON,,,Tesco,Retailers - supermarkets/hypermarkets,7840,0,,333548,INSPF/05/901916,520,food.hygiene@rbkc.gov.uk,Kensington and Chelsea,http://www.rbkc.gov.uk,False,,W11 3QE,2023-10-23T00:00:00,fhrs_5_en-gb,5,,FHRS,-0.198527,51.509038,0.0,5.0,0.0,Tesco,tesco,"114-120 Notting Hill Gate, LONDON, W11 3QE",NEEDS_CHECK,Tesco store format unclear from FHRS record
63-97 Kensington High Street,LONDON,,,Whole Foods Market,Retailers - supermarkets/hypermarkets,7840,0,,333654,INSPF/06/008901,520,food.hygiene@rbkc.gov.uk,Kensington and Chelsea,http://www.rbkc.gov.uk,False,,W8 5SE,2025-08-12T00:00:00,fhrs_5_en-gb,5,,FHRS,-0.190627,51.501462,0.0,5.0,0.0,,whole foods market,"63-97 Kensington High Street, LONDON, W8 5SE",NEEDS_CHECK,Independent or other supermarket
Sainsburys,161-165 Ladbroke Grove,LONDON,,Sainsbury's,Retailers - supermarkets/hypermarkets,7840,0,,334202,INSPF/11/101080,520,food.hygiene@rbkc.gov.uk,Kensington and Chelsea,http://www.rbkc.gov.uk,False,,W10 6HJ,2024-01-02T00:00:00,fhrs_5_en-gb,5,,FHRS,-0.2105023,51.5176671,0.0,0.0,0.0,Sainsbury's,sainsbury's,"Sainsburys, 161-165 Ladbroke Grove, LONDON, W10 6HJ",NEEDS_CHECK,Sainsbury's store format unclear from FHRS record
158A Cromwell Road,LONDON,,,Sainsbury's,Retailers - supermarkets/hypermarkets,7840,0,,334461,INSPF/92/525677,520,food.hygiene@rbkc.gov.uk,Kensington and Chelsea,http://www.rbkc.gov.uk,False,,SW7 4EJ,2025-10-28T00:00:00,fhrs_5_en-gb,5,,FHRS,-0.18792,51.495611,0.0,5.0,0.0,Sainsbury's,sainsbury's,"158A Cromwell Road, LONDON, SW7 4EJ",NEEDS_CHECK,Sainsbury's store format unclear from FHRS record
85-95 King's Road,LONDON,,,Marks & Spencer,Retailers - supermarkets/hypermarkets,7840,0,,334501,INSPF/92/526530,520,food.hygiene@rbkc.gov.uk,Kensington and Chelsea,http://www.rbkc.gov.uk,False,,SW3 4NX,2023-11-27T00:00:00,fhrs_5_en-gb,5,,FHRS,-0.164258,51.488966,0.0,0.0,0.0,M&S,marks & spencer,"85-95 King's Road, LONDON, SW3 4NX",NEEDS_CHECK,Larger M&S store: bakery provision to confirm
224-226 Portobello Road,LONDON,,,Tesco,Retailers - supermarkets/hypermarkets,7840,0,,334583,INSPF/92/528732,520,food.hygiene@rbkc.gov.uk,Kensington and Chelsea,http://www.rbkc.gov.uk,False,,W11 1LJ,2024-07-01T00:00:00,fhrs_5_en-gb,5,,FHRS,-0.205843,51.517235,0.0,5.0,0.0,Tesco,tesco,"224-226 Portobello Road, LONDON, W11 1LJ",NEEDS_CHECK,Tesco store format unclear from FHRS record
80-81 Royal Hospital Road,LONDON,,,Tesco,Retailers - supermarkets/hypermarkets,7840,0,,334665,INSPF/93/532911,520,food.hygiene@rbkc.gov.uk,Kensington and Chelsea,http://www.rbkc.gov.uk,False,,SW3 4HN,2023-11-20T00:00:00,fhrs_5_en-gb,5,,FHRS,-0.161517,51.485848,0.0,0.0,0.0,Tesco,tesco,"80-81 Royal Hospital Road, LONDON, SW3 4HN",NEEDS_CHECK,Tesco store format unclear from FHRS record
248 Fulham Road,LONDON,,,Tesco,Retailers - supermarkets/hypermarkets,7840,0,,334764,INSPF/93/543300,520,food.hygiene@rbkc.gov.uk,Kensington and Chelsea,http://www.rbkc.gov.uk,False,,SW10 9NA,2026-07-21T00:00:00,fhrs_5_en-gb,5,,FHRS,,,0.0,5.0,0.0,Tesco,tesco,"248 Fulham Road, LONDON, SW10 9NA",NEEDS_CHECK,Tesco store format unclear from FHRS record
2 Canal Way,LONDON,,,Sainsbury's,Retailers - supermarkets/hypermarkets,7840,0,,334836,INSPF/94/552848,520,food.hygiene@rbkc.gov.uk,Kensington and Chelsea,http://www.rbkc.gov.uk,False,,W10 5AZ,2025-01-28T00:00:00,fhrs_5_en-gb,5,,FHRS,-0.217825,51.52631,0.0,5.0,0.0,Sainsbury's,sainsbury's,"2 Canal Way, LONDON, W10 5AZ",NEEDS_CHECK,Sainsbury's store format unclear from FHRS record
113 Kensington High Street,LONDON,,,Marks & Spencer,Retailers - supermarkets/hypermarkets,7840,0,,334885,INSPF/94/561017,520,food.hygiene@rbkc.gov.uk,Kensington and Chelsea,http://www.rbkc.gov.uk,False,,W8 5SQ,2025-01-23T00:00:00,fhrs_5_en-gb,5,,FHRS,-0.191578,51.500739,0.0,5.0,0.0,M&S,marks & spencer,"113 Kensington High Street, LONDON, W8 5SQ",NEEDS_CHECK,Larger M&S store: bakery provision to confirm
459 Fulham Road,LONDON,,,Tesco,Retailers - supermarkets/hypermarkets,7840,0,,334983,INSPF/97/636400,520,food.hygiene@rbkc.gov.uk,Kensington and Chelsea,http://www.rbkc.gov.uk,False,,SW10 9UZ,2025-06-23T00:00:00,fhrs_5_en-gb,5,,FHRS,-0.185887,51.482594,0.0,5.0,0.0,Tesco,tesco,"459 Fulham Road, LONDON, SW10 9UZ",NEEDS_CHECK,Tesco store format unclear from FHRS record
100A West Cromwell Road,LONDON,,,Tesco,Retailers - supermarkets/hypermarkets,7840,0,,335024,INSPF/99/682926,520,food.hygiene@rbkc.gov.uk,Kensington and Chelsea,http://www.rbkc.gov.uk,False,,W14 8PB,2026-06-17T00:00:00,fhrs_5_en-gb,5,,FHRS,-0.201606,51.493052,0.0,0.0,0.0,Tesco,tesco,"100A West Cromwell Road, LONDON, W14 8PB",NEEDS_CHECK,Tesco store format unclear from FHRS record
346 Kensington High Street,LONDON,,,Sainsbury's,Retailers - supermarkets/hypermarkets,7840,0,,489738,INSPF/12/127242,520,food.hygiene@rbkc.gov.uk,Kensington and Chelsea,http://www.rbkc.gov.uk,False,,W14 8NS,2025-09-29T00:00:00,fhrs_5_en-gb,5,,FHRS,-0.205114,51.497269,0.0,0.0,0.0,Sainsbury's,sainsbury's,"346 Kensington High Street, LONDON, W14 8NS",NEEDS_CHECK,Sainsbury's store format unclear from FHRS record
Ground Floor,13-15 North Pole Road,LONDON,,Tesco,Retailers - supermarkets/hypermarkets,7840,0,,499782,INSPF/13/128450,520,food.hygiene@rbkc.gov.uk,Kensington and Chelsea,http://www.rbkc.gov.uk,False,,W10 6QH,2024-12-18T00:00:00,fhrs_5_en-gb,5,,FHRS,-0.225691,51.519766,0.0,0.0,0.0,Tesco,tesco,"Ground Floor, 13-15 North Pole Road, LONDON, W10 6QH",NEEDS_CHECK,Tesco store format unclear from FHRS record
61-65 Kensington Church Street,LONDON,,,Sainsbury's,Retailers - supermarkets/hypermarkets,7840,0,,499784,INSPF/13/128475,520,food.hygiene@rbkc.gov.uk,Kensington and Chelsea,http://www.rbkc.gov.uk,False,,W8 4BA,2025-09-18T00:00:00,fhrs_4_en-gb,4,,FHRS,-0.193459,51.504176,0.0,10.0,0.0,Sainsbury's,sainsbury's,"61-65 Kensington Church Street, LONDON, W8 4BA",NEEDS_CHECK,Sainsbury's store format unclear from FHRS record
177-179 Ladbroke Grove,LONDON,,,Tesco,Retailers - supermarkets/hypermarkets,7840,0,,594274,INSPF/13/136829,520,food.hygiene@rbkc.gov.uk,Kensington and Chelsea,http://www.rbkc.gov.uk,False,,W10 6HH,2025-06-17T00:00:00,fhrs_4_en-gb,4,,FHRS,-0.211008,51.518572,5.0,10.0,0.0,Tesco,tesco,"177-179 Ladbroke Grove, LONDON, W10 6HH",NEEDS_CHECK,Tesco store format unclear from FHRS record
Local,268 Fulham Road,LONDON,,Sainsbury's,Retailers - supermarkets/hypermarkets,7840,0,,605931,INSPF/13/140827,520,food.hygiene@rbkc.gov.uk,Kensington and Chelsea,http://www.rbkc.gov.uk,False,,SW10 9EW,2026-02-24T00:00:00,fhrs_5_en-gb,5,,FHRS,-0.185072,51.483876,0.0,0.0,0.0,Sainsbury's,sainsbury's,"Local, 268 Fulham Road, LONDON, SW10 9EW",NEEDS_CHECK,Sainsbury's store format unclear from FHRS record
Local,268 Fulham Road,LONDON,,Sainsbury's,Retailers - supermarkets/hypermarkets,7840,0,,605931,INSPF/13/140827,520,food.hygiene@rbkc.gov.uk,Kensington and Chelsea,http://www.rbkc.gov.uk,False,,SW10 9EW,2026-02-24T00:00:00,fhrs_5_en-gb,5,,FHRS,-0.185072,51.483876,0.0,0.0,0.0,Sainsbury's,sainsbury's,"Local, 268 Fulham Road, LONDON, SW10 9EW",NEEDS_CHECK,Sainsbury's store format unclear from FHRS record
266-268 Earl's Court Road,LONDON,,,Marks & Spencer,Retailers - supermarkets/hypermarkets,7840,0,,640112,INSPF/04/812686,520,food.hygiene@rbkc.gov.uk,Kensington and Chelsea,http://www.rbkc.gov.uk,False,,SW5 9AS,2025-10-06T00:00:00,fhrs_5_en-gb,5,,FHRS,-0.192015,51.49116,0.0,5.0,0.0,M&S,marks & spencer,"266-268 Earl's Court Road, LONDON, SW5 9AS",NEEDS_CHECK,Larger M&S store: bakery provision to confirm
75 Sloane Avenue,LONDON,,,Sainsbury's,Retailers - supermarkets/hypermarkets,7840,0,,676404,INSPF/01/749405,520,food.hygiene@rbkc.gov.uk,Kensington and Chelsea,http://www.rbkc.gov.uk,False,,SW3 3DJ,2023-09-06T00:00:00,fhrs_5_en-gb,5,,FHRS,-0.166345,51.492245,0.0,0.0,0.0,Sainsbury's,sainsbury's,"75 Sloane Avenue, LONDON, SW3 3DJ",NEEDS_CHECK,Sainsbury's store format unclear from FHRS record
188-192 Portobello Road,LONDON,,,Sainsbury's,Retailers - supermarkets/hypermarkets,7840,0,,716743,INSPF/14/158708,520,food.hygiene@rbkc.gov.uk,Kensington and Chelsea,http://www.rbkc.gov.uk,False,,W11 1LA,2024-01-19T00:00:00,fhrs_5_en-gb,5,,FHRS,-0.205224,51.51647,0.0,5.0,0.0,Sainsbury's,sainsbury's,"188-192 Portobello Road, LONDON, W11 1LA",NEEDS_CHECK,Sainsbury's store format unclear from FHRS record
132-136 Notting Hill Gate,LONDON,,,Waitrose,Retailers - supermarkets/hypermarkets,7840,0,,716758,INSPF/14/159801,520,food.hygiene@rbkc.gov.uk,Kensington and Chelsea,http://www.rbkc.gov.uk,False,,W11 3QG,2023-10-23T00:00:00,fhrs_5_en-gb,5,,FHRS,-0.1991368,51.5089111,0.0,5.0,0.0,Waitrose,waitrose,"132-136 Notting Hill Gate, LONDON, W11 3QG",NEEDS_CHECK,Full Waitrose store: bakery provision to confirm
Ground Floor  Edwardes House,294 Old Brompton Road,LONDON,,Tesco,Retailers - supermarkets/hypermarkets,7840,0,,943188,INSPF/17/199356,520,food.hygiene@rbkc.gov.uk,Kensington and Chelsea,http://www.rbkc.gov.uk,False,,SW5 9JF,2025-10-01T00:00:00,fhrs_5_en-gb,5,,FHRS,-0.193488,51.488502,0.0,5.0,0.0,Tesco,tesco,"Ground Floor  Edwardes House, 294 Old Brompton Road, LONDON, SW5 9JF",NEEDS_CHECK,Tesco store format unclear from FHRS record
126 Holland Park Avenue,LONDON,,,Supermarket of Dreams,Retailers - supermarkets/hypermarkets,7840,0,,1286251,INSPF/20/258799,520,food.hygiene@rbkc.gov.uk,Kensington and Chelsea,http://www.rbkc.gov.uk,False,,W11 4UE,2025-02-14T00:00:00,fhrs_5_en-gb,5,,FHRS,-0.2085142,51.5066202,0.0,5.0,5.0,,supermarket of dreams,"126 Holland Park Avenue, LONDON, W11 4UE",NEEDS_CHECK,Independent or other supermarket
104-106 Notting Hill Gate,LONDON,,,Marks & Spencer Simply Foods Ltd,Retailers - supermarkets/hypermarkets,7840,0,,1286254,INSPF/20/266709,520,food.hygiene@rbkc.gov.uk,Kensington and Chelsea,http://www.rbkc.gov.uk,False,,W11 3QA,2025-08-04T00:00:00,fhrs_5_en-gb,5,,FHRS,-0.1979682,51.5091205,0.0,5.0,0.0,M&S,marks & spencer simply foods ltd,"104-106 Notting Hill Gate, LONDON, W11 3QA",NEEDS_CHECK,Larger M&S store: bakery provision to confirm
388-390 King's Road,LONDON,,,Prezzemolo & Vitale,Retailers - supermarkets/hypermarkets,7840,0,,1350183,INSPF/21/277054,520,food.hygiene@rbkc.gov.uk,Kensington and Chelsea,http://www.rbkc.gov.uk,False,,SW3 5UZ,2026-06-01T00:00:00,fhrs_5_en-gb,5,,FHRS,-0.1770881,51.4840139,0.0,0.0,0.0,,prezzemolo & vitale,"388-390 King's Road, LONDON, SW3 5UZ",NEEDS_CHECK,Independent or other supermarket
196-198 King's Road,LONDON,,,Waitrose,Retailers - supermarkets/hypermarkets,7840,0,,1627526,INSPF/23/324362,520,food.hygiene@rbkc.gov.uk,Kensington and Chelsea,http://www.rbkc.gov.uk,False,,SW3 5XP,2025-08-20T00:00:00,fhrs_5_en-gb,5,,FHRS,-0.167031,51.488416,0.0,0.0,0.0,Waitrose,waitrose,"196-198 King's Road, LONDON, SW3 5XP",NEEDS_CHECK,Full Waitrose store: bakery provision to confirm
66-68 Notting Hill Gate,LONDON,,,Amazon E.U S.A.R.L,Retailers - supermarkets/hypermarkets,7840,0,,1677308,INSPF/23/334135,520,food.hygiene@rbkc.gov.uk,Kensington and Chelsea,http://www.rbkc.gov.uk,False,,W11 3HT,2023-12-29T00:00:00,fhrs_5_en-gb,5,,FHRS,-0.1959005,51.5092955,0.0,0.0,0.0,,amazon e.u s.a.r.l,"66-68 Notting Hill Gate, LONDON, W11 3HT",NEEDS_CHECK,Independent or other supermarket
172-174 Kensington High Street,LONDON,,,La Mart,Retailers - supermarkets/hypermarkets,7840,0,,1710048,INSPF/24/340771,520,food.hygiene@rbkc.gov.uk,Kensington and Chelsea,http://www.rbkc.gov.uk,False,,W8 7RG,2024-05-14T00:00:00,fhrs_5_en-gb,5,,FHRS,-0.197052,51.500023,0.0,5.0,0.0,,la mart,"172-174 Kensington High Street, LONDON, W8 7RG",NEEDS_CHECK,Independent or other supermarket
120 King's Road,LONDON,,,Whole Foods Market,Retailers - supermarkets/hypermarkets,7840,0,,1799332,INSPF/25/356731,520,food.hygiene@rbkc.gov.uk,Kensington and Chelsea,http://www.rbkc.gov.uk,False,,SW3 4TR,2025-05-27T00:00:00,fhrs_5_en-gb,5,,FHRS,-0.16278253,51.4900621,0.0,0.0,0.0,,whole foods market,"120 King's Road, LONDON, SW3 4TR",NEEDS_CHECK,Independent or other supermarket
190 Kensington Church Street,LONDON,,,Nisa Local,Retailers - supermarkets/hypermarkets,7840,0,,1855174,INSPF/25/365392,520,food.hygiene@rbkc.gov.uk,Kensington and Chelsea,http://www.rbkc.gov.uk,False,,W8 4DP,2025-08-07T00:00:00,fhrs_5_en-gb,5,,FHRS,-0.1949334,51.5086062,0.0,5.0,5.0,,nisa local,"190 Kensington Church Street, LONDON, W8 4DP",NEEDS_CHECK,Independent or other supermarket
Development Site,66-74 Notting Hill Gate,LONDON,,Whole Foods Market,Retailers - supermarkets/hypermarkets,7840,0,,1958444,INSPF/26/371629,520,food.hygiene@rbkc.gov.uk,Kensington and Chelsea,http://www.rbkc.gov.uk,False,,,1901-01-01T00:00:00,fhrs_awaitinginspection_en-gb,AwaitingInspection,,FHRS,-0.1959188,51.5093947,,,,,whole foods market,"Development Site, 66-74 Notting Hill Gate, LONDON",NEEDS_CHECK,Independent or other supermarket
Ground Floor,Apex Tower,7 High Street,New Malden,Tesco,Retailers - supermarkets/hypermarkets,7840,0,,1385286,08/15993/RBK,521,food.safety@kingston.gov.uk,Kingston-Upon-Thames,http://www.kingston.gov.uk,False,,KT3 4DQ,2026-01-06T00:00:00,fhrs_5_en-gb,5,,FHRS,-0.2570352,51.4032522,0.0,5.0,0.0,Tesco,tesco,"Ground Floor, Apex Tower, 7 High Street, KT3 4DQ",NEEDS_CHECK,Tesco store format unclear from FHRS record
Quebec House,1 Cromwell Road,Kingston Upon Thames,,Tesco,Retailers - supermarkets/hypermarkets,7840,0,,1385312,10/25442/RBK,521,food.safety@kingston.gov.uk,Kingston-Upon-Thames,http://www.kingston.gov.uk,False,,KT2 6BJ,2025-12-10T00:00:00,fhrs_5_en-gb,5,,FHRS,-0.300294,51.412549,0.0,5.0,0.0,Tesco,tesco,"Quebec House, 1 Cromwell Road, Kingston Upon Thames, KT2 6BJ",NEEDS_CHECK,Tesco store format unclear from FHRS record
324 Hook Road,Chessington,,,Sainsbury's,Retailers - supermarkets/hypermarkets,7840,0,,1385381,15/03302/RBK,521,food.safety@kingston.gov.uk,Kingston-Upon-Thames,http://www.kingston.gov.uk,False,,KT9 1NU,2025-08-04T00:00:00,fhrs_5_en-gb,5,,FHRS,-0.3072315,51.367397,0.0,5.0,0.0,Sainsbury's,sainsbury's,"324 Hook Road, Chessington, KT9 1NU",NEEDS_CHECK,Sainsbury's store format unclear from FHRS record
75 Penrhyn Road,Kingston Upon Thames,,,Sainsbury's,Retailers - supermarkets/hypermarkets,7840,0,,1385492,17/96133/RBK,521,food.safety@kingston.gov.uk,Kingston-Upon-Thames,http://www.kingston.gov.uk,False,,KT1 2EQ,2026-03-26T00:00:00,fhrs_5_en-gb,5,,FHRS,-0.3039651,51.4022232,0.0,5.0,5.0,Sainsbury's,sainsbury's,"75 Penrhyn Road, Kingston Upon Thames, KT1 2EQ",NEEDS_CHECK,Sainsbury's store format unclear from FHRS record
11 Richmond Road,Kingston Upon Thames,,,Kingston Food Centre,Retailers - supermarkets/hypermarkets,7840,0,,1385700,20/96866/RBK,521,food.safety@kingston.gov.uk,Kingston-Upon-Thames,http://www.kingston.gov.uk,False,,KT2 5BW,2025-12-12T00:00:00,fhrs_5_en-gb,5,,FHRS,-0.300917,51.4130517,,,,,kingston food centre,"11 Richmond Road, Kingston Upon Thames, KT2 5BW",NEEDS_CHECK,Independent or other supermarket
39 Cox Lane,Chessington,,,Tesco,Retailers - supermarkets/hypermarkets,7840,0,,1385704,20/97082/RBK,521,food.safety@kingston.gov.uk,Kingston-Upon-Thames,http://www.kingston.gov.uk,False,,KT9 1SG,2025-03-13T00:00:00,fhrs_5_en-gb,5,,FHRS,-0.2954345,51.3692417,0.0,5.0,0.0,Tesco,tesco,"39 Cox Lane, Chessington, KT9 1SG",NEEDS_CHECK,Tesco store format unclear from FHRS record
106 Tolworth Broadway,Surbiton,,,Kourosh Supermarket,Retailers - supermarkets/hypermarkets,7840,0,,1385792,20/97758/RBK,521,food.safety@kingston.gov.uk,Kingston-Upon-Thames,http://www.kingston.gov.uk,False,,KT6 7HT,2025-05-17T00:00:00,fhrs_4_en-gb,4,,FHRS,-0.2820216,51.3800066,5.0,10.0,5.0,,kourosh supermarket,"106 Tolworth Broadway, Surbiton, KT6 7HT",NEEDS_CHECK,Independent or other supermarket
138-140 Cambridge Road,Kingston Upon Thames,,,Cambridge International,Retailers - supermarkets/hypermarkets,7840,0,,1385812,21/00146/RBK,521,food.safety@kingston.gov.uk,Kingston-Upon-Thames,http://www.kingston.gov.uk,False,,KT1 3LE,2024-07-09T00:00:00,fhrs_3_en-gb,3,,FHRS,-0.2857891,51.408425,10.0,10.0,10.0,,cambridge international,"138-140 Cambridge Road, Kingston Upon Thames, KT1 3LE",NEEDS_CHECK,Independent or other supermarket
6-12 Eden Walk,Kingston Upon Thames,,,Sainsbury's,Retailers - supermarkets/hypermarkets,7840,0,,1385848,21/00547/RBK,521,food.safety@kingston.gov.uk,Kingston-Upon-Thames,http://www.kingston.gov.uk,False,,KT1 1BU,2024-05-10T00:00:00,fhrs_5_en-gb,5,,FHRS,-0.3033712,51.4096881,5.0,5.0,0.0,Sainsbury's,sainsbury's,"6-12 Eden Walk, Kingston Upon Thames, KT1 1BU",NEEDS_CHECK,Sainsbury's store format unclear from FHRS record
17 Wood Street,Kingston Upon Thames,,,Longdan Express,Retailers - supermarkets/hypermarkets,7840,0,,1385878,21/01547/RBK,521,food.safety@kingston.gov.uk,Kingston-Upon-Thames,http://www.kingston.gov.uk,False,,KT1 1TY,2025-07-29T00:00:00,fhrs_5_en-gb,5,,FHRS,-0.3058029,51.4122892,,,,,longdan express,"17 Wood Street, Kingston Upon Thames, KT1 1TY",NEEDS_CHECK,Independent or other supermarket
24-28 High Street,New Malden,,,Waitrose,Retailers - supermarkets/hypermarkets,7840,0,,1385887,21/01996/RBK,521,food.safety@kingston.gov.uk,Kingston-Upon-Thames,http://www.kingston.gov.uk,False,,KT3 4HE,2025-10-03T00:00:00,fhrs_5_en-gb,5,,FHRS,-0.2557217,51.4023877,5.0,0.0,0.0,Waitrose,waitrose,"24-28 High Street, New Malden, KT3 4HE",NEEDS_CHECK,Full Waitrose store: bakery provision to confirm
15A Claremont Road,Surbiton,,,Waitrose,Retailers - supermarkets/hypermarkets,7840,0,,1385924,21/02779/RBK,521,food.safety@kingston.gov.uk,Kingston-Upon-Thames,http://www.kingston.gov.uk,False,,KT6 4QR,2026-02-24T00:00:00,fhrs_5_en-gb,5,,FHRS,-0.3050212,51.3938217,0.0,5.0,0.0,Waitrose,waitrose,"15A Claremont Road, Surbiton, KT6 4QR",NEEDS_CHECK,Full Waitrose store: bakery provision to confirm
374 Ewell Road,Surbiton,,,B&M Retail Ltd,Retailers - supermarkets/hypermarkets,7840,0,,1385930,21/03048/RBK,521,food.safety@kingston.gov.uk,Kingston-Upon-Thames,http://www.kingston.gov.uk,False,,KT6 7BB,2026-04-07T00:00:00,fhrs_5_en-gb,5,,FHRS,-0.2874235,51.3825853,5.0,5.0,5.0,,b&m retail ltd,"374 Ewell Road, Surbiton, KT6 7BB",NEEDS_CHECK,Independent or other supermarket
Waitrose John Lewis,Wood Street,Kingston Upon Thames,,Waitrose,Retailers - supermarkets/hypermarkets,7840,0,,1385976,21/04388/RBK,521,food.safety@kingston.gov.uk,Kingston-Upon-Thames,http://www.kingston.gov.uk,False,,KT1 1TE,2026-06-11T00:00:00,fhrs_5_en-gb,5,,FHRS,-0.3066726,51.4115981,0.0,0.0,0.0,Waitrose,waitrose,"Waitrose John Lewis, Wood Street, Kingston Upon Thames, KT1 1TE",NEEDS_CHECK,Full Waitrose store: bakery provision to confirm
26-32 Clarence Street,Kingston Upon Thames,,,Marks & Spencer Foodhall,Retailers - supermarkets/hypermarkets,7840,0,,1385990,21/05387/RBK,521,food.safety@kingston.gov.uk,Kingston-Upon-Thames,http://www.kingston.gov.uk,False,,KT1 1NU,2024-05-10T00:00:00,fhrs_5_en-gb,5,,FHRS,-0.3037643,51.4106482,0.0,5.0,0.0,M&S,marks & spencer foodhall,"26-32 Clarence Street, Kingston Upon Thames, KT1 1NU",NEEDS_CHECK,Larger M&S store: bakery provision to confirm
2 Regent House,Hawks Road,Kingston Upon Thames,,BM Superstore,Retailers - supermarkets/hypermarkets,7840,0,,1386000,21/05659/RBK,521,food.safety@kingston.gov.uk,Kingston-Upon-Thames,http://www.kingston.gov.uk,False,,KT1 3DG,2024-02-20T00:00:00,fhrs_5_en-gb,5,,FHRS,-0.293197,51.408111,5.0,5.0,5.0,,bm superstore,"2 Regent House, Hawks Road, Kingston Upon Thames, KT1 3DG",NEEDS_CHECK,Independent or other supermarket
Sainsburys,Sury Basin,Kingston Upon Thames,,Sainsbury's,Retailers - supermarkets/hypermarkets,7840,0,,1386001,21/05703/RBK,521,food.safety@kingston.gov.uk,Kingston-Upon-Thames,http://www.kingston.gov.uk,False,,KT2 5NZ,2025-01-29T00:00:00,fhrs_5_en-gb,5,,FHRS,-0.303036,51.41579,0.0,5.0,0.0,Sainsbury's,sainsbury's,"Sainsburys, Sury Basin, Kingston Upon Thames, KT2 5NZ",NEEDS_CHECK,Sainsbury's store format unclear from FHRS record
381 Hook Road,Chessington,,,Tesco,Retailers - supermarkets/hypermarkets,7840,0,,1386008,21/06442/RBK,521,food.safety@kingston.gov.uk,Kingston-Upon-Thames,http://www.kingston.gov.uk,False,,KT9 1EL,2024-07-24T00:00:00,fhrs_5_en-gb,5,,FHRS,-0.306380987167358,51.3669357299805,5.0,5.0,0.0,Tesco,tesco,"381 Hook Road, Chessington, KT9 1EL",NEEDS_CHECK,Tesco store format unclear from FHRS record
396 Ewell Road,Surbiton,,,Vaishna Super Foods,Retailers - supermarkets/hypermarkets,7840,0,,1386165,21/14344/RBK,521,food.safety@kingston.gov.uk,Kingston-Upon-Thames,http://www.kingston.gov.uk,False,,KT6 7HF,2026-02-16T00:00:00,fhrs_5_en-gb,5,,FHRS,-0.2857028,51.3822464,0.0,5.0,5.0,,vaishna super foods,"396 Ewell Road, Surbiton, KT6 7HF",NEEDS_CHECK,Independent or other supermarket
36 High Street,New Malden,,,Seoul Plaza,Retailers - supermarkets/hypermarkets,7840,0,,1386190,21/15907/RBK,521,food.safety@kingston.gov.uk,Kingston-Upon-Thames,http://www.kingston.gov.uk,False,,KT3 4HE,2025-02-22T00:00:00,fhrs_5_en-gb,5,,FHRS,-0.2561004,51.4022585,0.0,5.0,5.0,,seoul plaza,"36 High Street, New Malden, KT3 4HE",NEEDS_CHECK,Independent or other supermarket
142 London Road,Kingston Upon Thames,,,Asda Stores Limited,Retailers - supermarkets/hypermarkets,7840,0,,1386250,21/18287/RBK,521,food.safety@kingston.gov.uk,Kingston-Upon-Thames,http://www.kingston.gov.uk,False,,KT2 6QL,2025-06-10T00:00:00,fhrs_5_en-gb,5,,FHRS,-0.2902737,51.4113564,0.0,5.0,0.0,Asda,asda stores limited,"142 London Road, Kingston Upon Thames, KT2 6QL",NEEDS_CHECK,Asda store format unclear from FHRS record
8-14 North Parade,Chessington,,,Sainsbury's,Retailers - supermarkets/hypermarkets,7840,0,,1386282,21/19622/RBK,521,food.safety@kingston.gov.uk,Kingston-Upon-Thames,http://www.kingston.gov.uk,False,,KT9 1QF,2024-02-14T00:00:00,fhrs_5_en-gb,5,,FHRS,-0.2988361,51.3640148,5.0,5.0,0.0,Sainsbury's,sainsbury's,"8-14 North Parade, Chessington, KT9 1QF",NEEDS_CHECK,Sainsbury's store format unclear from FHRS record
101 - 115 Robin Hood Way,Kingston Vale,,,Suroor Market,Retailers - supermarkets/hypermarkets,7840,0,,1386310,21/21223/RBK,521,food.safety@kingston.gov.uk,Kingston-Upon-Thames,http://www.kingston.gov.uk,False,,SW15 3QE,2026-04-14T00:00:00,fhrs_5_en-gb,5,,FHRS,,,0.0,0.0,0.0,,suroor market,"101 - 115 Robin Hood Way, Kingston Vale, SW15 3QE",NEEDS_CHECK,Independent or other supermarket
50-58 Victoria Road,Surbiton,,,Sainsbury's,Retailers - supermarkets/hypermarkets,7840,0,,1386349,21/23735/RBK,521,food.safety@kingston.gov.uk,Kingston-Upon-Thames,http://www.kingston.gov.uk,False,,KT6 4NG,2025-09-01T00:00:00,fhrs_5_en-gb,5,,FHRS,-0.3077822,51.3914515,0.0,0.0,0.0,Sainsbury's,sainsbury's,"50-58 Victoria Road, Surbiton, KT6 4NG",NEEDS_CHECK,Sainsbury's store format unclear from FHRS record
Unit 1,Leigh Close,New Malden,,H Mart Europe,Retailers - supermarkets/hypermarkets,7840,0,,1386391,21/25725/RBK,521,food.safety@kingston.gov.uk,Kingston-Upon-Thames,http://www.kingston.gov.uk,False,,KT3 3NW,2025-11-26T00:00:00,fhrs_5_en-gb,5,,FHRS,-0.267009,51.402529,5.0,5.0,5.0,,h mart europe,"Unit 1, Leigh Close, New Malden, KT3 3NW",NEEDS_CHECK,Independent or other supermarket
143 Ewell Road,Surbiton,,,Sainsbury's,Retailers - supermarkets/hypermarkets,7840,0,,1386487,21/96005/RBK,521,food.safety@kingston.gov.uk,Kingston-Upon-Thames,http://www.kingston.gov.uk,False,,KT6 6AW,2024-02-12T00:00:00,fhrs_5_en-gb,5,,FHRS,-0.297423,51.3890366,0.0,0.0,0.0,Sainsbury's,sainsbury's,"143 Ewell Road, Surbiton, KT6 6AW",NEEDS_CHECK,Sainsbury's store format unclear from FHRS record
118 Raeburn Avenue,Surbiton,,,Sainsburys,Retailers - supermarkets/hypermarkets,7840,0,,1488272,21/96796/RBK,521,food.safety@kingston.gov.uk,Kingston-Upon-Thames,http://www.kingston.gov.uk,False,,KT5 9EA,2024-02-01T00:00:00,fhrs_5_en-gb,5,,FHRS,-0.281546,51.390124,0.0,0.0,0.0,Sainsbury's,sainsburys,"118 Raeburn Avenue, Surbiton, KT5 9EA",NEEDS_CHECK,Sainsbury's store format unclear from FHRS record
99-101 Clarence Street,Kingston Upon Thames,,,Oseyo,Retailers - supermarkets/hypermarkets,7840,0,,1560267,22/00422/COM,521,food.safety@kingston.gov.uk,Kingston-Upon-Thames,http://www.kingston.gov.uk,False,,KT1 1QY,2025-02-06T00:00:00,fhrs_5_en-gb,5,,FHRS,-0.3014114,51.4109636,0.0,5.0,5.0,,oseyo,"99-101 Clarence Street, Kingston Upon Thames, KT1 1QY",NEEDS_CHECK,Independent or other supermarket
78 Victoria Road,Surbiton,,,M&S Food,Retailers - supermarkets/hypermarkets,7840,0,,1638987,23/00285/COM,521,food.safety@kingston.gov.uk,Kingston-Upon-Thames,http://www.kingston.gov.uk,False,,KT6 4NS,2025-07-22T00:00:00,fhrs_5_en-gb,5,,FHRS,-0.3054291,51.3925056,5.0,5.0,0.0,M&S,m&s food,"78 Victoria Road, Surbiton, KT6 4NS",NEEDS_CHECK,Larger M&S store: bakery provision to confirm
36 Cambridge Road,Kingston Upon Thames,,,ADA Food Centre,Retailers - supermarkets/hypermarkets,7840,0,,1640868,23/00294/COM,521,food.safety@kingston.gov.uk,Kingston-Upon-Thames,http://www.kingston.gov.uk,False,,KT1 3JY,2025-09-06T00:00:00,fhrs_4_en-gb,4,,FHRS,-0.2900295,51.40962,5.0,5.0,10.0,,ada food centre,"36 Cambridge Road, Kingston Upon Thames, KT1 3JY",NEEDS_CHECK,Independent or other supermarket
51 Cambridge Road,Kingston Upon Thames,,,Everyday Local,Retailers - supermarkets/hypermarkets,7840,0,,1650389,23/00342/COM,521,food.safety@kingston.gov.uk,Kingston-Upon-Thames,http://www.kingston.gov.uk,False,,KT1 3NS,2025-03-13T00:00:00,fhrs_3_en-gb,3,,FHRS,-0.2852965,51.4085257,10.0,10.0,10.0,,everyday local,"51 Cambridge Road, Kingston Upon Thames, KT1 3NS",NEEDS_CHECK,Independent or other supermarket
56 High Street,New Malden,,,M&S Food,Retailers - supermarkets/hypermarkets,7840,0,,1692095,24/00029/COM,521,food.safety@kingston.gov.uk,Kingston-Upon-Thames,http://www.kingston.gov.uk,False,,KT3 4EZ,2024-02-23T00:00:00,fhrs_5_en-gb,5,,FHRS,-0.2558722,51.4018324,0.0,5.0,0.0,M&S,m&s food,"56 High Street, New Malden, KT3 4EZ",NEEDS_CHECK,Larger M&S store: bakery provision to confirm
9 Central Parade,St Mark's Hill,Surbiton,,Highlife Supermarket,Retailers - supermarkets/hypermarkets,7840,0,,1710440,24/00117/COM,521,food.safety@kingston.gov.uk,Kingston-Upon-Thames,http://www.kingston.gov.uk,False,,KT6 4PJ,2026-04-08T00:00:00,fhrs_4_en-gb,4,,FHRS,,,5.0,10.0,5.0,,highlife supermarket,"9 Central Parade, St Mark's Hill, Surbiton, KT6 4PJ",NEEDS_CHECK,Independent or other supermarket
384 Malden Road,Worcester Park,,,Dar Al Zaad,Retailers - supermarkets/hypermarkets,7840,0,,1728900,24/00198/COM,521,food.safety@kingston.gov.uk,Kingston-Upon-Thames,http://www.kingston.gov.uk,False,,KT4 7NL,2026-02-19T00:00:00,fhrs_2_en-gb,2,,FHRS,-0.2510656,51.3846521,15.0,10.0,10.0,,dar al zaad,"384 Malden Road, Worcester Park, KT4 7NL",NEEDS_CHECK,Independent or other supermarket
69 - 73 Robin Hood Way,Kingston Vale,,,Jana Food Centre,Retailers - supermarkets/hypermarkets,7840,0,,1751990,24/00342/COM,521,food.safety@kingston.gov.uk,Kingston-Upon-Thames,http://www.kingston.gov.uk,True,,SW15 3PW,2024-09-26T00:00:00,fhrs_3_en-gb,3,,FHRS,,,10.0,10.0,10.0,,jana food centre,"69 - 73 Robin Hood Way, Kingston Vale, SW15 3PW",NEEDS_CHECK,Independent or other supermarket
138 - 140 High Street,New Malden,,,New Malden International Foods,Retailers - supermarkets/hypermarkets,7840,0,,1793035,25/00024/COM,521,food.safety@kingston.gov.uk,Kingston-Upon-Thames,http://www.kingston.gov.uk,False,,KT3 4EP,2026-01-21T00:00:00,fhrs_5_en-gb,5,,FHRS,-0.2551648,51.3997131,5.0,5.0,5.0,,new malden international foods,"138 - 140 High Street, New Malden, KT3 4EP",NEEDS_CHECK,Independent or other supermarket
9 Coombe Road,New Malden,,,Sainsburys Supermarkets Ltd.,Retailers - supermarkets/hypermarkets,7840,0,,1794621,25/00032/COM,521,food.safety@kingston.gov.uk,Kingston-Upon-Thames,http://www.kingston.gov.uk,False,,KT3 4QG,2025-03-13T00:00:00,fhrs_5_en-gb,5,,FHRS,-0.2567162,51.4043753,5.0,5.0,5.0,Sainsbury's,sainsburys supermarkets ltd.,"9 Coombe Road, New Malden, KT3 4QG",NEEDS_CHECK,Sainsbury's store format unclear from FHRS record
78 - 80 Tolworth Broadway,Tolworth,,,Kingston International Market,Retailers - supermarkets/hypermarkets,7840,0,,1822569,25/00145/COM,521,food.safety@kingston.gov.uk,Kingston-Upon-Thames,http://www.kingston.gov.uk,False,,KT6 7HR,2025-05-17T00:00:00,fhrs_4_en-gb,4,,FHRS,,,5.0,5.0,10.0,,kingston international market,"78 - 80 Tolworth Broadway, Tolworth, KT6 7HR",NEEDS_CHECK,Independent or other supermarket
93 Burlington Road,New Malden,,,New Malden Superstore,Retailers - supermarkets/hypermarkets,7840,0,,1824641,25/00177/COM,521,food.safety@kingston.gov.uk,Kingston-Upon-Thames,http://www.kingston.gov.uk,False,,KT3 4LR,2025-04-23T00:00:00,fhrs_2_en-gb,2,,FHRS,-0.2497728,51.3992864,15.0,15.0,10.0,,new malden superstore,"93 Burlington Road, New Malden, KT3 4LR",NEEDS_CHECK,Independent or other supermarket
9 Heritage Walk,Kingston Upon Thames,,,Grewals Budgens,Retailers - supermarkets/hypermarkets,7840,0,,1838960,25/00251/COM,521,food.safety@kingston.gov.uk,Kingston-Upon-Thames,http://www.kingston.gov.uk,False,,KT1 2US,2025-12-17T00:00:00,fhrs_5_en-gb,5,,FHRS,-0.3030201,51.4085267,5.0,5.0,5.0,,grewals budgens,"9 Heritage Walk, Kingston Upon Thames, KT1 2US",NEEDS_CHECK,Independent or other supermarket
86 - 88 Ewell Road,Surbiton,,,Londis,Retailers - supermarkets/hypermarkets,7840,0,,1866717,25/00410/COM,521,food.safety@kingston.gov.uk,Kingston-Upon-Thames,http://www.kingston.gov.uk,False,,KT6 6EX,2026-03-27T00:00:00,fhrs_5_en-gb,5,,FHRS,-0.2985228,51.3907509,,,,,londis,"86 - 88 Ewell Road, Surbiton, KT6 6EX",NEEDS_CHECK,Independent or other supermarket
124 - 130 High Street,New Malden,,,Loon Fung,Retailers - supermarkets/hypermarkets,7840,0,,1875273,25/00281/COM,521,food.safety@kingston.gov.uk,Kingston-Upon-Thames,http://www.kingston.gov.uk,False,,KT3 4EP,2025-10-15T00:00:00,fhrs_5_en-gb,5,,FHRS,-0.2555553,51.40001165,5.0,5.0,5.0,,loon fung,"124 - 130 High Street, New Malden, KT3 4EP",NEEDS_CHECK,Independent or other supermarket
Shop,Petrol Station,159 Kingston Road,New Malden,Londis Rose Cottage,Retailers - supermarkets/hypermarkets,7840,0,,1883332,25/00489/COM,521,food.safety@kingston.gov.uk,Kingston-Upon-Thames,http://www.kingston.gov.uk,False,,KT3 3NS,2026-01-20T00:00:00,fhrs_5_en-gb,5,,FHRS,-0.2671917,51.4015152,5.0,5.0,0.0,,londis rose cottage,"Shop, Petrol Station, 159 Kingston Road, KT3 3NS",NEEDS_CHECK,Independent or other supermarket
Unit 1,Kingston Station,Wood Street,Kingston Upon Thames,Sainsburys Supermarkets,Retailers - supermarkets/hypermarkets,7840,0,,1946993,26/00252/COM,521,food.safety@kingston.gov.uk,Kingston-Upon-Thames,http://www.kingston.gov.uk,False,,KT1 1UJ,2026-06-18T00:00:00,fhrs_5_en-gb,5,,FHRS,-0.3013146,51.4126288,0.0,0.0,5.0,Sainsbury's,sainsburys supermarkets,"Unit 1, Kingston Station, Wood Street, KT1 1UJ",NEEDS_CHECK,Sainsbury's store format unclear from FHRS record
13 Acre Lane,London,,,Tesco,Retailers - supermarkets/hypermarkets,7840,0,,482932,00100/0013/2/000,522,foodhealthandsafety@lambeth.gov.uk,Lambeth,http://www.lambeth.gov.uk,False,,SW2 5RS,2024-02-13T00:00:00,fhrs_5_en-gb,5,,FHRS,-0.119779,51.459863,0.0,5.0,0.0,Tesco,tesco,"13 Acre Lane, London, SW2 5RS",NEEDS_CHECK,Tesco store format unclear from FHRS record
23 Balham Hill,London,,,Sainsbury's,Retailers - supermarkets/hypermarkets,7840,0,,482978,04530/0021/3/002,522,foodhealthandsafety@lambeth.gov.uk,Lambeth,http://www.lambeth.gov.uk,False,,SW12 9DY,2025-03-28T00:00:00,fhrs_5_en-gb,5,,FHRS,-0.147199,51.452458,0.0,0.0,0.0,Sainsbury's,sainsbury's,"23 Balham Hill, London, SW12 9DY",NEEDS_CHECK,Sainsbury's store format unclear from FHRS record
425 Brixton Road,London,,,Sainsbury's,Retailers - supermarkets/hypermarkets,7840,0,,482997,05/00033/COMM,522,foodhealthandsafety@lambeth.gov.uk,Lambeth,http://www.lambeth.gov.uk,False,,SW9 8HE,2025-03-21T00:00:00,fhrs_5_en-gb,5,,FHRS,-0.114564,51.462747,0.0,0.0,0.0,Sainsbury's,sainsbury's,"425 Brixton Road, London, SW9 8HE",NEEDS_CHECK,Sainsbury's store format unclear from FHRS record
132A Herne Hill,London,,,Sainsbury's,Retailers - supermarkets/hypermarkets,7840,0,,483016,05/00072/COMM,522,foodhealthandsafety@lambeth.gov.uk,Lambeth,http://www.lambeth.gov.uk,False,,SE24 9QJ,2023-11-06T00:00:00,fhrs_5_en-gb,5,,FHRS,-0.10138,51.453289,5.0,5.0,0.0,Sainsbury's,sainsbury's,"132A Herne Hill, London, SE24 9QJ",NEEDS_CHECK,Sainsbury's store format unclear from FHRS record
101 Waterloo Road,London,,,Sainsbury's,Retailers - supermarkets/hypermarkets,7840,0,,483047,05/00131/COMM,522,foodhealthandsafety@lambeth.gov.uk,Lambeth,http://www.lambeth.gov.uk,False,,SE1 8UL,2023-10-14T00:00:00,fhrs_5_en-gb,5,,FHRS,-0.110076,51.502727,0.0,5.0,5.0,Sainsbury's,sainsbury's,"101 Waterloo Road, London, SE1 8UL",NEEDS_CHECK,Sainsbury's store format unclear from FHRS record
646 - 650 Wandsworth Road,London,,,Sainsbury's,Retailers - supermarkets/hypermarkets,7840,0,,483106,05/00280/COMM,522,foodhealthandsafety@lambeth.gov.uk,Lambeth,http://www.lambeth.gov.uk,False,,SW8 3SB,2025-03-31T00:00:00,fhrs_5_en-gb,5,,FHRS,-0.150043,51.466486,0.0,0.0,0.0,Sainsbury's,sainsbury's,"646 - 650 Wandsworth Road, London, SW8 3SB",NEEDS_CHECK,Sainsbury's store format unclear from FHRS record
The Concourse,Waterloo Station,London,,Marks & Spencer Main Store  (Opp Plat 6&7),Retailers - supermarkets/hypermarkets,7840,0,,483170,05/00684/COMM,522,foodhealthandsafety@lambeth.gov.uk,Lambeth,http://www.lambeth.gov.uk,False,,SE1 7LY,2019-08-05T00:00:00,fhrs_5_en-gb,5,,FHRS,-0.113271,51.503157,0.0,0.0,5.0,M&S,marks & spencer main store  (opp plat 6&7),"The Concourse, Waterloo Station, London, SE1 7LY",NEEDS_CHECK,Larger M&S store: bakery provision to confirm
330 Brixton Road,London,,,Tesco,Retailers - supermarkets/hypermarkets,7840,0,,483259,05650/0330/2/000,522,foodhealthandsafety@lambeth.gov.uk,Lambeth,http://www.lambeth.gov.uk,False,,SW9 7AA,2026-05-16T00:00:00,fhrs_5_en-gb,5,,FHRS,-0.112977,51.468405,0.0,0.0,0.0,Tesco,tesco,"330 Brixton Road, London, SW9 7AA",NEEDS_CHECK,Tesco store format unclear from FHRS record
Sainsburys Local,47A - 47B Streatham Hill,London,,Sainsbury's,Retailers - supermarkets/hypermarkets,7840,0,,483312,06/01290/COMM,522,foodhealthandsafety@lambeth.gov.uk,Lambeth,http://www.lambeth.gov.uk,False,,SW2 4TS,2026-04-25T00:00:00,fhrs_5_en-gb,5,,FHRS,-0.125175,51.440588,0.0,0.0,0.0,Sainsbury's,sainsbury's,"Sainsburys Local, 47A - 47B Streatham Hill, London, SW2 4TS",NEEDS_CHECK,Sainsbury's store format unclear from FHRS record
Block F St George Wharf London,London,,,Tesco,Retailers - supermarkets/hypermarkets,7840,0,,483314,06/01300/COMM,522,foodhealthandsafety@lambeth.gov.uk,Lambeth,http://www.lambeth.gov.uk,False,,,2026-04-10T00:00:00,fhrs_5_en-gb,5,,FHRS,-0.127429759302952,51.4849138698859,0.0,5.0,0.0,Tesco,tesco,"Block F St George Wharf London, London",NEEDS_CHECK,Tesco store format unclear from FHRS record
Tesco Store,128 Clapham Common South Side,London,,Tesco,Retailers - supermarkets/hypermarkets,7840,0,,483345,08/00420/COMM,522,foodhealthandsafety@lambeth.gov.uk,Lambeth,http://www.lambeth.gov.uk,False,,SW4 9DF,2025-03-26T00:00:00,fhrs_5_en-gb,5,,FHRS,-0.146530002355576,51.4529876708984,0.0,5.0,0.0,Tesco,tesco,"Tesco Store, 128 Clapham Common South Side, London, SW4 9DF",NEEDS_CHECK,Tesco store format unclear from FHRS record
551 Norwood Road,London,,,Tesco,Retailers - supermarkets/hypermarkets,7840,0,,483349,08/00432/COMM,522,foodhealthandsafety@lambeth.gov.uk,Lambeth,http://www.lambeth.gov.uk,False,,SE27 9DL,2023-02-23T00:00:00,fhrs_5_en-gb,5,,FHRS,-0.103558,51.434782,0.0,5.0,0.0,Tesco,tesco,"551 Norwood Road, London, SE27 9DL",NEEDS_CHECK,Tesco store format unclear from FHRS record
266 - 270 Brixton Hill,London,,,Sainsbury's,Retailers - supermarkets/hypermarkets,7840,0,,483363,08/00471/COMM,522,foodhealthandsafety@lambeth.gov.uk,Lambeth,http://www.lambeth.gov.uk,False,,SW2 1HP,2026-01-09T00:00:00,fhrs_5_en-gb,5,,FHRS,-0.124591,51.446757,0.0,5.0,0.0,Sainsbury's,sainsbury's,"266 - 270 Brixton Hill, London, SW2 1HP",NEEDS_CHECK,Sainsbury's store format unclear from FHRS record
42 - 50 Streatham High Road,London,,,Tesco,Retailers - supermarkets/hypermarkets,7840,0,,483412,09/00022/COMM,522,foodhealthandsafety@lambeth.gov.uk,Lambeth,http://www.lambeth.gov.uk,False,,SW16 1DA,2025-03-22T00:00:00,fhrs_5_en-gb,5,,FHRS,-0.128233,51.436545,0.0,0.0,0.0,Tesco,tesco,"42 - 50 Streatham High Road, London, SW16 1DA",NEEDS_CHECK,Tesco store format unclear from FHRS record
364 - 366 Norwood Road,London,,,Sainsbury's,Retailers - supermarkets/hypermarkets,7840,0,,483441,09/00086/COMM,522,foodhealthandsafety@lambeth.gov.uk,Lambeth,http://www.lambeth.gov.uk,False,,SE27 9AG,2023-02-15T00:00:00,fhrs_4_en-gb,4,,FHRS,-0.106160651163846,51.4407078834836,0.0,10.0,0.0,Sainsbury's,sainsbury's,"364 - 366 Norwood Road, London, SE27 9AG",NEEDS_CHECK,Sainsbury's store format unclear from FHRS record
139 Clapham Road,London,,,Tesco,Retailers - supermarkets/hypermarkets,7840,0,,483501,10/00081/COMM,522,foodhealthandsafety@lambeth.gov.uk,Lambeth,http://www.lambeth.gov.uk,False,,SW9 0HP,2025-12-12T00:00:00,fhrs_5_en-gb,5,,FHRS,-0.11777,51.476143,0.0,0.0,0.0,Tesco,tesco,"139 Clapham Road, London, SW9 0HP",NEEDS_CHECK,Tesco store format unclear from FHRS record
214 Wandsworth Road,London,,,Tesco,Retailers - supermarkets/hypermarkets,7840,0,,483502,10/00082/COMM,522,foodhealthandsafety@lambeth.gov.uk,Lambeth,http://www.lambeth.gov.uk,False,,SW8 2JU,2024-12-14T00:00:00,fhrs_5_en-gb,5,,FHRS,-0.131298,51.476,0.0,5.0,5.0,Tesco,tesco,"214 Wandsworth Road, London, SW8 2JU",NEEDS_CHECK,Tesco store format unclear from FHRS record
38 - 40 Kennington Park Road,London,,,Tesco,Retailers - supermarkets/hypermarkets,7840,0,,483609,10/00342/COMM,522,foodhealthandsafety@lambeth.gov.uk,Lambeth,http://www.lambeth.gov.uk,False,,SE11 4RS,2023-10-21T00:00:00,fhrs_5_en-gb,5,,FHRS,-0.105463,51.489227,0.0,0.0,5.0,Tesco,tesco,"38 - 40 Kennington Park Road, London, SE11 4RS",NEEDS_CHECK,Tesco store format unclear from FHRS record
Tesco Express,118A Brixton Road,London,,Tesco,Retailers - supermarkets/hypermarkets,7840,0,,483816,11/00435/COMM,522,foodhealthandsafety@lambeth.gov.uk,Lambeth,http://www.lambeth.gov.uk,False,,SW9 6BD,2026-01-03T00:00:00,fhrs_5_en-gb,5,,FHRS,-0.113052,51.476714,0.0,5.0,0.0,Tesco,tesco,"Tesco Express, 118A Brixton Road, London, SW9 6BD",NEEDS_CHECK,Tesco store format unclear from FHRS record
55A The Cut,London,,,Sainsbury's,Retailers - supermarkets/hypermarkets,7840,0,,483823,11/00467/COMM,522,foodhealthandsafety@lambeth.gov.uk,Lambeth,http://www.lambeth.gov.uk,False,,SE1 8LL,2019-08-20T00:00:00,fhrs_5_en-gb,5,,FHRS,-0.107944,51.502702,5.0,5.0,0.0,Sainsbury's,sainsbury's,"55A The Cut, London, SE1 8LL",NEEDS_CHECK,Sainsbury's store format unclear from FHRS record
216 Kennington Road,London,,,Tesco,Retailers - supermarkets/hypermarkets,7840,0,,483845,12/00062/COMM,522,foodhealthandsafety@lambeth.gov.uk,Lambeth,http://www.lambeth.gov.uk,False,,SE11 6HR,2025-01-07T00:00:00,fhrs_5_en-gb,5,,FHRS,-0.111616,51.489866,5.0,5.0,5.0,Tesco,tesco,"216 Kennington Road, London, SE11 6HR",NEEDS_CHECK,Tesco store format unclear from FHRS record
Sainsburys,133 Clapham High Street,London,,Sainsbury's,Retailers - supermarkets/hypermarkets,7840,0,,483957,13440/0139/2/000,522,foodhealthandsafety@lambeth.gov.uk,Lambeth,http://www.lambeth.gov.uk,False,,SW4 7SL,2024-02-17T00:00:00,fhrs_5_en-gb,5,,FHRS,-0.135901,51.462351,0.0,5.0,5.0,Sainsbury's,sainsbury's,"Sainsburys, 133 Clapham High Street, London, SW4 7SL",NEEDS_CHECK,Sainsbury's store format unclear from FHRS record
Tesco Stores,Kennington Lane,London,,Tesco,Retailers - supermarkets/hypermarkets,7840,0,,484167,42470/0271/2/000,522,foodhealthandsafety@lambeth.gov.uk,Lambeth,http://www.lambeth.gov.uk,False,,SE11 5QU,2023-10-27T00:00:00,fhrs_5_en-gb,5,,FHRS,-0.113545,51.48675,0.0,0.0,0.0,Tesco,tesco,"Tesco Stores, Kennington Lane, London, SE11 5QU",NEEDS_CHECK,Tesco store format unclear from FHRS record
172-176 Streatham High Road,London,,,Sainsbury's,Retailers - supermarkets/hypermarkets,7840,0,,484517,68890/0172/3/001,522,foodhealthandsafety@lambeth.gov.uk,Lambeth,http://www.lambeth.gov.uk,False,,SW16 1BJ,2021-08-18T00:00:00,fhrs_5_en-gb,5,,FHRS,-0.129494,51.43278,0.0,0.0,0.0,Sainsbury's,sainsbury's,"172-176 Streatham High Road, London, SW16 1BJ",NEEDS_CHECK,Sainsbury's store format unclear from FHRS record
480 Streatham High Road,London,,,Sainsbury's,Retailers - supermarkets/hypermarkets,7840,0,,484534,68890/0480/2/000,522,foodhealthandsafety@lambeth.gov.uk,Lambeth,http://www.lambeth.gov.uk,False,,SW16 3PY,2023-11-15T00:00:00,fhrs_5_en-gb,5,,FHRS,-0.129293,51.419737,5.0,5.0,5.0,Sainsbury's,sainsbury's,"480 Streatham High Road, London, SW16 3PY",NEEDS_CHECK,Sainsbury's store format unclear from FHRS record
Sainsburys,62 Wandsworth Road,London,,Sainsbury's - Main Store,Retailers - supermarkets/hypermarkets,7840,0,,484644,83810/0062/2/000,522,foodhealthandsafety@lambeth.gov.uk,Lambeth,http://www.lambeth.gov.uk,False,,SW8 2LF,2026-03-25T00:00:00,fhrs_5_en-gb,5,,FHRS,-0.128248,51.481554,0.0,0.0,0.0,Sainsbury's,sainsbury's - main store,"Sainsburys, 62 Wandsworth Road, London, SW8 2LF",NEEDS_CHECK,Sainsbury's store format unclear from FHRS record
76 Brixton Hill,London,,,Sainsbury's,Retailers - supermarkets/hypermarkets,7840,0,,509162,11/00458/COMM,522,foodhealthandsafety@lambeth.gov.uk,Lambeth,http://www.lambeth.gov.uk,False,,SW2 1QW,2023-02-11T00:00:00,fhrs_5_en-gb,5,,FHRS,-0.119578,51.455642,0.0,5.0,0.0,Sainsbury's,sainsbury's,"76 Brixton Hill, London, SW2 1QW",NEEDS_CHECK,Sainsbury's store format unclear from FHRS record
36-38 Abbeville Road,London,,,Sainsbury's,Retailers - supermarkets/hypermarkets,7840,0,,517198,10/00365/COMM,522,foodhealthandsafety@lambeth.gov.uk,Lambeth,http://www.lambeth.gov.uk,False,,SW4 9NG,2023-02-27T00:00:00,fhrs_5_en-gb,5,,FHRS,-0.139875,51.454176,0.0,0.0,0.0,Sainsbury's,sainsbury's,"36-38 Abbeville Road, London, SW4 9NG",NEEDS_CHECK,Sainsbury's store format unclear from FHRS record
4 Crown Lane,London,,,Tesco,Retailers - supermarkets/hypermarkets,7840,0,,517199,10/00366/COMM,522,foodhealthandsafety@lambeth.gov.uk,Lambeth,http://www.lambeth.gov.uk,False,,SW16 3JG,2019-08-15T00:00:00,fhrs_5_en-gb,5,,FHRS,-0.106142,51.422747,5.0,5.0,5.0,Tesco,tesco,"4 Crown Lane, London, SW16 3JG",NEEDS_CHECK,Tesco store format unclear from FHRS record
5 The Pavement,London,,,Waitrose Ltd,Retailers - supermarkets/hypermarkets,7840,0,,517203,11/00460/COMM,522,foodhealthandsafety@lambeth.gov.uk,Lambeth,http://www.lambeth.gov.uk,False,,SW4 0HY,2025-02-10T00:00:00,fhrs_5_en-gb,5,,FHRS,-0.139295995235443,51.4620628356934,0.0,0.0,0.0,Waitrose,waitrose ltd,"5 The Pavement, London, SW4 0HY",NEEDS_CHECK,Full Waitrose store: bakery provision to confirm
2 Mullins Place,London,,,Sainsbury's,Retailers - supermarkets/hypermarkets,7840,0,,534932,11/00431/COMM,522,foodhealthandsafety@lambeth.gov.uk,Lambeth,http://www.lambeth.gov.uk,False,,SW4 8EU,2025-03-06T00:00:00,fhrs_5_en-gb,5,,FHRS,-0.133306,51.449396,0.0,5.0,0.0,Sainsbury's,sainsbury's,"2 Mullins Place, London, SW4 8EU",NEEDS_CHECK,Sainsbury's store format unclear from FHRS record
Shop,827 - 833 Wandsworth Road,London,,Tesco,Retailers - supermarkets/hypermarkets,7840,0,,534944,12/00186/COMM,522,foodhealthandsafety@lambeth.gov.uk,Lambeth,http://www.lambeth.gov.uk,False,,SW8 3JL,2026-06-04T00:00:00,fhrs_5_en-gb,5,,FHRS,-0.150161,51.466057,0.0,5.0,0.0,Tesco,tesco,"Shop, 827 - 833 Wandsworth Road, London, SW8 3JL",NEEDS_CHECK,Tesco store format unclear from FHRS record
246 Coldharbour Lane,London,,,Tesco,Retailers - supermarkets/hypermarkets,7840,0,,534954,12/00355/COMM,522,foodhealthandsafety@lambeth.gov.uk,Lambeth,http://www.lambeth.gov.uk,False,,SW9 8SE,2026-05-23T00:00:00,fhrs_5_en-gb,5,,FHRS,-0.105412,51.464047,0.0,0.0,0.0,Tesco,tesco,"246 Coldharbour Lane, London, SW9 8SE",NEEDS_CHECK,Tesco store format unclear from FHRS record
3 Bondway,London,,,Waitrose,Retailers - supermarkets/hypermarkets,7840,0,,590866,11/00410/COMM,522,foodhealthandsafety@lambeth.gov.uk,Lambeth,http://www.lambeth.gov.uk,False,,SW8 1SJ,2024-12-20T00:00:00,fhrs_5_en-gb,5,,FHRS,-0.124123,51.484869,0.0,0.0,0.0,Waitrose,waitrose,"3 Bondway, London, SW8 1SJ",NEEDS_CHECK,Full Waitrose store: bakery provision to confirm
379 Brixton Road,London,,,Sainsbury's,Retailers - supermarkets/hypermarkets,7840,0,,606760,13/00256/COMM,522,foodhealthandsafety@lambeth.gov.uk,Lambeth,http://www.lambeth.gov.uk,False,,SW9 7DE,2026-05-16T00:00:00,fhrs_5_en-gb,5,,FHRS,-0.11396,51.464473,5.0,5.0,0.0,Sainsbury's,sainsbury's,"379 Brixton Road, London, SW9 7DE",NEEDS_CHECK,Sainsbury's store format unclear from FHRS record
384 Streatham High Road,London,,,Tesco,Retailers - supermarkets/hypermarkets,7840,0,,623106,13/00335/COMM,522,foodhealthandsafety@lambeth.gov.uk,Lambeth,http://www.lambeth.gov.uk,False,,SW16 6HP,2025-03-22T00:00:00,fhrs_5_en-gb,5,,FHRS,-0.131255,51.425596,0.0,0.0,0.0,Tesco,tesco,"384 Streatham High Road, London, SW16 6HP",NEEDS_CHECK,Tesco store format unclear from FHRS record
2 Tulse Hill,London,,,Sainsbury's,Retailers - supermarkets/hypermarkets,7840,0,,665343,13/00145/COMM,522,foodhealthandsafety@lambeth.gov.uk,Lambeth,http://www.lambeth.gov.uk,False,,SW2 2TP,2026-01-23T00:00:00,fhrs_5_en-gb,5,,FHRS,-0.113496,51.453737,0.0,0.0,0.0,Sainsbury's,sainsbury's,"2 Tulse Hill, London, SW2 2TP",NEEDS_CHECK,Sainsbury's store format unclear from FHRS record
100 Baylis Road,London,,,Tesco,Retailers - supermarkets/hypermarkets,7840,0,,710633,13/00337/COMM,522,foodhealthandsafety@lambeth.gov.uk,Lambeth,http://www.lambeth.gov.uk,False,,SE1 7FN,2024-02-16T00:00:00,fhrs_5_en-gb,5,,FHRS,-0.1118945,51.4996867,5.0,0.0,5.0,Tesco,tesco,"100 Baylis Road, London, SE1 7FN",NEEDS_CHECK,Tesco store format unclear from FHRS record
7 - 11 South Lambeth Place,London,,,Sainsbury's,Retailers - supermarkets/hypermarkets,7840,0,,729726,14/00296/COMM,522,foodhealthandsafety@lambeth.gov.uk,Lambeth,http://www.lambeth.gov.uk,False,,SW8 1SP,2025-03-18T00:00:00,fhrs_5_en-gb,5,,FHRS,-0.123662,51.485563,5.0,5.0,5.0,Sainsbury's,sainsbury's,"7 - 11 South Lambeth Place, London, SW8 1SP",NEEDS_CHECK,Sainsbury's store format unclear from FHRS record
103-107 Waterloo Road,London,,,Tesco,Retailers - supermarkets/hypermarkets,7840,0,,747527,14/00330/COMM,522,foodhealthandsafety@lambeth.gov.uk,Lambeth,http://www.lambeth.gov.uk,False,,SE1 8UL,2023-10-14T00:00:00,fhrs_4_en-gb,4,,FHRS,-0.110076,51.502727,0.0,0.0,10.0,Tesco,tesco,"103-107 Waterloo Road, London, SE1 8UL",NEEDS_CHECK,Tesco store format unclear from FHRS record
446 - 450 Brixton Road,London,,,Marks & Spencer,Retailers - supermarkets/hypermarkets,7840,0,,911506,05650/0446/2/000,522,foodhealthandsafety@lambeth.gov.uk,Lambeth,http://www.lambeth.gov.uk,False,,SW9 8ED,2025-01-17T00:00:00,fhrs_5_en-gb,5,,FHRS,-0.115554,51.463509,0.0,5.0,0.0,M&S,marks & spencer,"446 - 450 Brixton Road, London, SW9 8ED",NEEDS_CHECK,Larger M&S store: bakery provision to confirm
144 Brixton Hill,London,,,Tesco,Retailers - supermarkets/hypermarkets,7840,0,,925707,13/00244/COMM,522,foodhealthandsafety@lambeth.gov.uk,Lambeth,http://www.lambeth.gov.uk,False,,SW2 1SD,2023-02-07T00:00:00,fhrs_5_en-gb,5,,FHRS,-0.122013,51.452066,0.0,5.0,0.0,Tesco,tesco,"144 Brixton Hill, London, SW2 1SD",NEEDS_CHECK,Tesco store format unclear from FHRS record
314 - 318 Clapham Road,London,,,Sainsbury's,Retailers - supermarkets/hypermarkets,7840,0,,942309,13/00213/COMM,522,foodhealthandsafety@lambeth.gov.uk,Lambeth,http://www.lambeth.gov.uk,False,,SW9 9AE,2026-03-21T00:00:00,fhrs_5_en-gb,5,,FHRS,-0.124601,51.4711,0.0,0.0,0.0,Sainsbury's,sainsbury's,"314 - 318 Clapham Road, London, SW9 9AE",NEEDS_CHECK,Sainsbury's store format unclear from FHRS record
399 - 407 Clapham Road,London,,,Sainsbury's,Retailers - supermarkets/hypermarkets,7840,0,,942310,13/00214/COMM,522,foodhealthandsafety@lambeth.gov.uk,Lambeth,http://www.lambeth.gov.uk,False,,SW9 9BT,2023-02-11T00:00:00,fhrs_5_en-gb,5,,FHRS,-0.128219,51.466769,0.0,5.0,5.0,Sainsbury's,sainsbury's,"399 - 407 Clapham Road, London, SW9 9BT",NEEDS_CHECK,Sainsbury's store format unclear from FHRS record
1 - 5 Croxted Road,London,,,Tesco,Retailers - supermarkets/hypermarkets,7840,0,,946746,14290/0001/2/000,522,foodhealthandsafety@lambeth.gov.uk,Lambeth,http://www.lambeth.gov.uk,False,,SE21 8SZ,2026-06-17T00:00:00,fhrs_5_en-gb,5,,FHRS,-0.091045,51.436413,5.0,5.0,5.0,Tesco,tesco,"1 - 5 Croxted Road, London, SE21 8SZ",NEEDS_CHECK,Tesco store format unclear from FHRS record
33 Clapham High Street,London,,,Sainsbury's,Retailers - supermarkets/hypermarkets,7840,0,,950565,13440/0033/2/000,522,foodhealthandsafety@lambeth.gov.uk,Lambeth,http://www.lambeth.gov.uk,False,,SW4 7TP,2025-12-13T00:00:00,fhrs_5_en-gb,5,,FHRS,-0.131397,51.464041,5.0,5.0,5.0,Sainsbury's,sainsbury's,"33 Clapham High Street, London, SW4 7TP",NEEDS_CHECK,Sainsbury's store format unclear from FHRS record
2A - 2D Binfield Road,London,,,Sainsbury's,Retailers - supermarkets/hypermarkets,7840,0,,950569,15/00324/COMM,522,foodhealthandsafety@lambeth.gov.uk,Lambeth,http://www.lambeth.gov.uk,False,,SW4 6TA,2023-03-04T00:00:00,fhrs_5_en-gb,5,,FHRS,-0.122792,51.472725,0.0,5.0,5.0,Sainsbury's,sainsbury's,"2A - 2D Binfield Road, London, SW4 6TA",NEEDS_CHECK,Sainsbury's store format unclear from FHRS record
128 Herne Hill Road,London,,,Tesco,Retailers - supermarkets/hypermarkets,7840,0,,962992,13/00319/COMM,522,foodhealthandsafety@lambeth.gov.uk,Lambeth,http://www.lambeth.gov.uk,False,,SE24 0AH,2019-04-13T00:00:00,fhrs_5_en-gb,5,,FHRS,-0.097769,51.461917,0.0,5.0,0.0,Tesco,tesco,"128 Herne Hill Road, London, SE24 0AH",NEEDS_CHECK,Tesco store format unclear from FHRS record
107 Westminster Bridge Road,London,,,Sainsburys,Retailers - supermarkets/hypermarkets,7840,0,,988828,17/00254/COMM,522,foodhealthandsafety@lambeth.gov.uk,Lambeth,http://www.lambeth.gov.uk,False,,SE1 7HR,2025-11-22T00:00:00,fhrs_5_en-gb,5,,FHRS,-0.113053999841213,51.4989967346191,5.0,5.0,5.0,Sainsbury's,sainsburys,"107 Westminster Bridge Road, London, SE1 7HR",NEEDS_CHECK,Sainsbury's store format unclear from FHRS record
352 Streatham High Road,London,,,Marks & Spencer,Retailers - supermarkets/hypermarkets,7840,0,,997014,17/00295/COMM,522,foodhealthandsafety@lambeth.gov.uk,Lambeth,http://www.lambeth.gov.uk,False,,,2023-03-15T00:00:00,fhrs_5_en-gb,5,,FHRS,-0.13016,51.42411,0.0,5.0,0.0,M&S,marks & spencer,"352 Streatham High Road, London",NEEDS_CHECK,Larger M&S store: bakery provision to confirm
30A Streatham Place,London,,,Tesco,Retailers - supermarkets/hypermarkets,7840,0,,1002574,17/00325/COMM,522,foodhealthandsafety@lambeth.gov.uk,Lambeth,http://www.lambeth.gov.uk,False,,SW2 4QY,2023-02-22T00:00:00,fhrs_5_en-gb,5,,FHRS,-0.127865999937058,51.4469261169434,0.0,5.0,0.0,Tesco,tesco,"30A Streatham Place, London, SW2 4QY",NEEDS_CHECK,Tesco store format unclear from FHRS record
Unit 4 142-170 Streatham Hill,London,,,Marks & Spencer,Retailers - supermarkets/hypermarkets,7840,0,,1009672,17/00345/COMM,522,foodhealthandsafety@lambeth.gov.uk,Lambeth,http://www.lambeth.gov.uk,False,,SW2 4RU,2026-04-25T00:00:00,fhrs_5_en-gb,5,,FHRS,-0.126968994736671,51.4386024475098,0.0,0.0,0.0,M&S,marks & spencer,"Unit 4 142-170 Streatham Hill, London, SW2 4RU",NEEDS_CHECK,Larger M&S store: bakery provision to confirm
417 Brixton Road,London,,,Pret A Manger,Retailers - supermarkets/hypermarkets,7840,0,,1015201,17/00358/COMM,522,foodhealthandsafety@lambeth.gov.uk,Lambeth,http://www.lambeth.gov.uk,False,,SW9 8HE,2025-01-03T00:00:00,fhrs_5_en-gb,5,,FHRS,-0.114564001560211,51.4627456665039,0.0,0.0,0.0,,pret a manger,"417 Brixton Road, London, SW9 8HE",NEEDS_CHECK,Independent or other supermarket
Unit 1C Building 1 Southbank Place,London,SE1,,Mark & Spencer,Retailers - supermarkets/hypermarkets,7840,0,,1094396,18/00364/COMM,522,foodhealthandsafety@lambeth.gov.uk,Lambeth,http://www.lambeth.gov.uk,False,,,2026-05-30T00:00:00,fhrs_5_en-gb,5,,FHRS,-0.0812688,51.5053361,0.0,0.0,0.0,,mark & spencer,"Unit 1C Building 1 Southbank Place, London, SE1",NEEDS_CHECK,Independent or other supermarket
112 - 114 Coldharbour Lane,London,,,Budgens,Retailers - supermarkets/hypermarkets,7840,0,,1317391,20/00457/COMM,522,foodhealthandsafety@lambeth.gov.uk,Lambeth,http://www.lambeth.gov.uk,True,,SE5 9PZ,2024-02-21T00:00:00,fhrs_3_en-gb,3,,FHRS,-0.097774,51.469427,5.0,10.0,10.0,,budgens,"112 - 114 Coldharbour Lane, London, SE5 9PZ",NEEDS_CHECK,Independent or other supermarket
351 Norwood Road,London,,,Tesco,Retailers - supermarkets/hypermarkets,7840,0,,1870236,25/00265/COMM,522,foodhealthandsafety@lambeth.gov.uk,Lambeth,http://www.lambeth.gov.uk,False,,SE27 9BQ,2026-01-13T00:00:00,fhrs_5_en-gb,5,,FHRS,-0.105978,51.4404051,0.0,0.0,0.0,Tesco,tesco,"351 Norwood Road, London, SE27 9BQ",NEEDS_CHECK,Tesco store format unclear from FHRS record
156-164 Clapham High Street Clapham Common,London,,,Marks & Spencer,Retailers - supermarkets/hypermarkets,7840,0,,1875602,25/00316/COMM,522,foodhealthandsafety@lambeth.gov.uk,Lambeth,http://www.lambeth.gov.uk,False,,SW4 7UG,2026-01-03T00:00:00,fhrs_5_en-gb,5,,FHRS,-0.136872,51.4626719,0.0,0.0,0.0,M&S,marks & spencer,"156-164 Clapham High Street Clapham Common, London, SW4 7UG",NEEDS_CHECK,Larger M&S store: bakery provision to confirm
161 Clapham High Street,London,,,Holland & Barrett,Retailers - supermarkets/hypermarkets,7840,0,,1877957,25/00360/COMM,522,foodhealthandsafety@lambeth.gov.uk,Lambeth,http://www.lambeth.gov.uk,False,,SW4 7SS,2025-10-06T00:00:00,fhrs_5_en-gb,5,,FHRS,-0.1367876,51.4621101,0.0,0.0,0.0,,holland & barrett,"161 Clapham High Street, London, SW4 7SS",NEEDS_CHECK,Independent or other supermarket
182 Norwood Road,London,,,Ar Norwood Food & Wine,Retailers - supermarkets/hypermarkets,7840,0,,1889447,25/00416/COMM,522,foodhealthandsafety@lambeth.gov.uk,Lambeth,http://www.lambeth.gov.uk,False,,SE27 9AU,2025-10-28T00:00:00,fhrs_3_en-gb,3,,FHRS,-0.106635,51.439715,10.0,10.0,10.0,,ar norwood food & wine,"182 Norwood Road, London, SE27 9AU",NEEDS_CHECK,Independent or other supermarket
437 Coldharbour Lane,London,,,Brixton Bazaar,Retailers - supermarkets/hypermarkets,7840,0,,1926790,26/00043/COMM,522,foodhealthandsafety@lambeth.gov.uk,Lambeth,http://www.lambeth.gov.uk,False,,SW9 8LN,2026-03-24T00:00:00,fhrs_5_en-gb,5,,FHRS,-0.1138009,51.4614651,5.0,5.0,5.0,,brixton bazaar,"437 Coldharbour Lane, London, SW9 8LN",NEEDS_CHECK,Independent or other supermarket
86 London Road,London,,,TESCO,Retailers - supermarkets/hypermarkets,7840,0,,1047105,PI/000296111,523,environmentalhealth@lewisham.gov.uk,Lewisham,http://www.lewisham.gov.uk/myservices/business/food-safety/Pages/default.aspx,False,,SE23 3PE,2025-11-07T00:00:00,fhrs_5_en-gb,5,,FHRS,-0.059796,51.440792,5.0,0.0,0.0,Tesco,tesco,"86 London Road, London, SE23 3PE",NEEDS_CHECK,Tesco store format unclear from FHRS record
Sainsbury's,14 Burnt Ash Road,London,,J Sainsbury plc,Retailers - supermarkets/hypermarkets,7840,0,,1598603,FR/000000256,523,environmentalhealth@lewisham.gov.uk,Lewisham,http://www.lewisham.gov.uk/myservices/business/food-safety/Pages/default.aspx,False,,SE12 8PZ,2024-03-25T00:00:00,fhrs_5_en-gb,5,,FHRS,0.0101157,51.4561606,0.0,5.0,0.0,Sainsbury's,j sainsbury plc,"Sainsbury's, 14 Burnt Ash Road, London, SE12 8PZ",NEEDS_CHECK,Sainsbury's store format unclear from FHRS record
Tesco Superstore,290-290a Lewisham Road,Ladywell,London,Tesco,Retailers - supermarkets/hypermarkets,7840,0,,1598629,FR/000000619,523,environmentalhealth@lewisham.gov.uk,Lewisham,http://www.lewisham.gov.uk/myservices/business/food-safety/Pages/default.aspx,False,,SE13 7PA,2024-03-14T00:00:00,fhrs_5_en-gb,5,,FHRS,-0.0131982,51.4672143,5.0,5.0,0.0,Tesco,tesco,"Tesco Superstore, 290-290a Lewisham Road, Ladywell, SE13 7PA",NEEDS_CHECK,Tesco store format unclear from FHRS record
Sainsbury's Central Square,Lewisham Shopping Centre,Molesworth Street,Ladywell,Sainsbury's Supermarkets Ltd.,Retailers - supermarkets/hypermarkets,7840,0,,1598650,FR/000000943,523,environmentalhealth@lewisham.gov.uk,Lewisham,http://www.lewisham.gov.uk/myservices/business/food-safety/Pages/default.aspx,False,,SE13 7HB,2023-11-16T00:00:00,fhrs_5_en-gb,5,,FHRS,-0.0123308,51.4623255,0.0,5.0,0.0,Sainsbury's,sainsbury's supermarkets ltd.,"Sainsbury's Central Square, Lewisham Shopping Centre, Molesworth Street, SE13 7HB",NEEDS_CHECK,Sainsbury's store format unclear from FHRS record
14-21 Winslade Way,London,,,Tesco,Retailers - supermarkets/hypermarkets,7840,0,,1598665,FR/000001149,523,environmentalhealth@lewisham.gov.uk,Lewisham,http://www.lewisham.gov.uk/myservices/business/food-safety/Pages/default.aspx,False,,SE6 4JU,2025-09-16T00:00:00,fhrs_5_en-gb,5,,FHRS,-0.020477,51.446277,5.0,5.0,0.0,Tesco,tesco,"14-21 Winslade Way, London, SE6 4JU",NEEDS_CHECK,Tesco store format unclear from FHRS record
Sainsbury's,Sainsbury New Cross Gate Retail Park,New Cross Road,London,J Sainsbury PLC,Retailers - supermarkets/hypermarkets,7840,0,,1598703,FR/000001829,523,environmentalhealth@lewisham.gov.uk,Lewisham,http://www.lewisham.gov.uk/myservices/business/food-safety/Pages/default.aspx,False,,SE14 5UQ,2024-01-18T00:00:00,fhrs_5_en-gb,5,,FHRS,-0.0423529,51.4773183,0.0,5.0,5.0,Sainsbury's,j sainsbury plc,"Sainsbury's, Sainsbury New Cross Gate Retail Park, New Cross Road, SE14 5UQ",NEEDS_CHECK,Sainsbury's store format unclear from FHRS record
Sainsbury's Sava Centre,Southend Lane,Bellingham,London,Sainsburys,Retailers - supermarkets/hypermarkets,7840,0,,1598719,FR/000002122,523,environmentalhealth@lewisham.gov.uk,Lewisham,http://www.lewisham.gov.uk/myservices/business/food-safety/Pages/default.aspx,False,,SE26 4PU,2024-07-31T00:00:00,fhrs_5_en-gb,5,,FHRS,,,0.0,5.0,5.0,Sainsbury's,sainsburys,"Sainsbury's Sava Centre, Southend Lane, Bellingham, SE26 4PU",NEEDS_CHECK,Sainsbury's store format unclear from FHRS record
87-91 Perry Hill,London,,,Tesco,Retailers - supermarkets/hypermarkets,7840,0,,1598849,FR/000003365,523,environmentalhealth@lewisham.gov.uk,Lewisham,http://www.lewisham.gov.uk/myservices/business/food-safety/Pages/default.aspx,False,,SE6 4LJ,2018-01-16T00:00:00,fhrs_5_en-gb,5,,FHRS,-0.033988,51.435947,5.0,0.0,5.0,Tesco,tesco,"87-91 Perry Hill, London, SE6 4LJ",NEEDS_CHECK,Tesco store format unclear from FHRS record
Tesco,480-486 Bromley Road,London,,Tesco Stores Plc,Retailers - supermarkets/hypermarkets,7840,0,,1598992,FR/000004309,523,environmentalhealth@lewisham.gov.uk,Lewisham,http://www.lewisham.gov.uk/myservices/business/food-safety/Pages/default.aspx,False,,BR1 4PB,2026-05-14T00:00:00,fhrs_5_en-gb,5,,FHRS,-0.0039509,51.4237297,0.0,0.0,0.0,Tesco,tesco stores plc,"Tesco, 480-486 Bromley Road, London, BR1 4PB",NEEDS_CHECK,Tesco store format unclear from FHRS record
215-223 Lewisham Way,London,,,Tesco,Retailers - supermarkets/hypermarkets,7840,0,,1599011,FR/000004416,523,environmentalhealth@lewisham.gov.uk,Lewisham,http://www.lewisham.gov.uk/myservices/business/food-safety/Pages/default.aspx,False,,SE4 1UY,2019-06-18T00:00:00,fhrs_5_en-gb,5,,FHRS,-0.028993,51.470754,5.0,5.0,0.0,Tesco,tesco,"215-223 Lewisham Way, London, SE4 1UY",NEEDS_CHECK,Tesco store format unclear from FHRS record
Jays Budgens Of Crofton Park,400-406 Brockley Road,London,,Budgens,Retailers - supermarkets/hypermarkets,7840,0,,1599029,FR/000004558,523,environmentalhealth@lewisham.gov.uk,Lewisham,http://www.lewisham.gov.uk/myservices/business/food-safety/Pages/default.aspx,False,,SE4 2DH,2025-06-13T00:00:00,fhrs_3_en-gb,3,,FHRS,-0.0382828,51.4536978,10.0,10.0,10.0,,budgens,"Jays Budgens Of Crofton Park, 400-406 Brockley Road, London, SE4 2DH",NEEDS_CHECK,Independent or other supermarket
Tesco,The George,1 Rushey Green,London,Tesco's,Retailers - supermarkets/hypermarkets,7840,0,,1599184,FR/000005552,523,environmentalhealth@lewisham.gov.uk,Lewisham,http://www.lewisham.gov.uk/myservices/business/food-safety/Pages/default.aspx,False,,SE6 4AS,2025-11-06T00:00:00,fhrs_5_en-gb,5,,FHRS,-0.0166638,51.4503754,0.0,0.0,0.0,Tesco,tesco's,"Tesco, The George, 1 Rushey Green, SE6 4AS",NEEDS_CHECK,Tesco store format unclear from FHRS record
Sainsburys Supermarket,342 Baring Road,London,,Sainsbury's,Retailers - supermarkets/hypermarkets,7840,0,,1599205,FR/000005675,523,environmentalhealth@lewisham.gov.uk,Lewisham,http://www.lewisham.gov.uk/myservices/business/food-safety/Pages/default.aspx,False,,SE12 0DU,2026-04-02T00:00:00,fhrs_5_en-gb,5,,FHRS,0.021009,51.432826,0.0,0.0,0.0,Sainsbury's,sainsbury's,"Sainsburys Supermarket, 342 Baring Road, London, SE12 0DU",NEEDS_CHECK,Sainsbury's store format unclear from FHRS record
42 Sydenham Road,London,,,Tesco,Retailers - supermarkets/hypermarkets,7840,0,,1599311,FR/000006248,523,environmentalhealth@lewisham.gov.uk,Lewisham,http://www.lewisham.gov.uk/myservices/business/food-safety/Pages/default.aspx,False,,SE26 5QF,2018-04-19T00:00:00,fhrs_5_en-gb,5,,FHRS,-0.051779,51.425947,0.0,5.0,5.0,Tesco,tesco,"42 Sydenham Road, London, SE26 5QF",NEEDS_CHECK,Tesco store format unclear from FHRS record
Sainsbury's,209-211 Mantle Road,London,,Sainsburys,Retailers - supermarkets/hypermarkets,7840,0,,1599317,FR/000006286,523,environmentalhealth@lewisham.gov.uk,Lewisham,http://www.lewisham.gov.uk/myservices/business/food-safety/Pages/default.aspx,False,,SE4 2EW,2026-05-02T00:00:00,fhrs_5_en-gb,5,,FHRS,-0.0390071,51.4639387,0.0,0.0,0.0,Sainsbury's,sainsburys,"Sainsbury's, 209-211 Mantle Road, London, SE4 2EW",NEEDS_CHECK,Sainsbury's store format unclear from FHRS record
5-9 Deptford High Street,London,,,Asda Stores Ltd,Retailers - supermarkets/hypermarkets,7840,0,,1599431,FR/000006844,523,environmentalhealth@lewisham.gov.uk,Lewisham,http://www.lewisham.gov.uk/myservices/business/food-safety/Pages/default.aspx,False,,SE8 4AD,2025-11-26T00:00:00,fhrs_5_en-gb,5,,FHRS,-0.026197,51.475825,0.0,0.0,0.0,Asda,asda stores ltd,"5-9 Deptford High Street, London, SE8 4AD",NEEDS_CHECK,Asda store format unclear from FHRS record
Sainsbury Local,53 Loampit Vale,London,,Sainsbury's,Retailers - supermarkets/hypermarkets,7840,0,,1599461,FR/000006986,523,environmentalhealth@lewisham.gov.uk,Lewisham,http://www.lewisham.gov.uk/myservices/business/food-safety/Pages/default.aspx,False,,SE13 7DJ,2026-04-11T00:00:00,fhrs_5_en-gb,5,,FHRS,-0.0154216,51.4644192,0.0,0.0,0.0,Sainsbury's,sainsbury's,"Sainsbury Local, 53 Loampit Vale, London, SE13 7DJ",NEEDS_CHECK,Sainsbury's store format unclear from FHRS record
Asda Stores Unit 1 and 2,Thurston Point,Thurston Road,London,Asda Stores Ltd,Retailers - supermarkets/hypermarkets,7840,0,,1599600,FR/000007504,523,environmentalhealth@lewisham.gov.uk,Lewisham,http://www.lewisham.gov.uk/myservices/business/food-safety/Pages/default.aspx,False,,SE13 7SD,2024-02-26T00:00:00,fhrs_5_en-gb,5,,FHRS,-0.0143678,51.464815,0.0,5.0,0.0,Asda,asda stores ltd,"Asda Stores Unit 1 and 2, Thurston Point, Thurston Road, SE13 7SD",NEEDS_CHECK,Asda store format unclear from FHRS record
B&M,Unit 2 Bromley Retail Park,124-138 Bromley Road,London,B&M Retail Ltd,Retailers - supermarkets/hypermarkets,7840,0,,1599624,FR/000007561,523,environmentalhealth@lewisham.gov.uk,Lewisham,http://www.lewisham.gov.uk/myservices/business/food-safety/Pages/default.aspx,False,,SE6 2QU,2025-11-21T00:00:00,fhrs_5_en-gb,5,,FHRS,-0.0201064,51.4369983,0.0,0.0,5.0,,b&m retail ltd,"B&M, Unit 2 Bromley Retail Park, 124-138 Bromley Road, SE6 2QU",NEEDS_CHECK,Independent or other supermarket
Sainsbury's Supermarket Ltd,Sainsbury Local,9 Staplehurst Road,London,Sainsbury's Supermarkets Ltd,Retailers - supermarkets/hypermarkets,7840,0,,1599626,FR/000007567,523,environmentalhealth@lewisham.gov.uk,Lewisham,http://www.lewisham.gov.uk/myservices/business/food-safety/Pages/default.aspx,False,,SE13 5ND,2026-03-21T00:00:00,fhrs_5_en-gb,5,,FHRS,-0.0010649,51.4529523,5.0,5.0,0.0,Sainsbury's,sainsbury's supermarkets ltd,"Sainsbury's Supermarket Ltd, Sainsbury Local, 9 Staplehurst Road, SE13 5ND",NEEDS_CHECK,Sainsbury's store format unclear from FHRS record
Spar Convenience Store,4 Mantle Road,London,,SPAR,Retailers - supermarkets/hypermarkets,7840,0,,1600018,FR/000008381,523,environmentalhealth@lewisham.gov.uk,Lewisham,http://www.lewisham.gov.uk/myservices/business/food-safety/Pages/default.aspx,False,,SE4 2EX,2018-08-09T00:00:00,fhrs_5_en-gb,5,,FHRS,-0.0378061,51.4648141,5.0,5.0,0.0,,spar,"Spar Convenience Store, 4 Mantle Road, London, SE4 2EX",NEEDS_CHECK,Independent or other supermarket
Unit,2 Grosvenor Court,Adenmore Road,London,Sainsburys Catford Station,Retailers - supermarkets/hypermarkets,7840,0,,1600040,FR/000008426,523,environmentalhealth@lewisham.gov.uk,Lewisham,http://www.lewisham.gov.uk/myservices/business/food-safety/Pages/default.aspx,False,,SE6 4FD,2025-11-06T00:00:00,fhrs_5_en-gb,5,,FHRS,-0.0256498,51.44464,0.0,0.0,0.0,Sainsbury's,sainsburys catford station,"Unit, 2 Grosvenor Court, Adenmore Road, SE6 4FD",NEEDS_CHECK,Sainsbury's store format unclear from FHRS record
38-40 Sydenham Road,London,,,Costsaver Supermarket,Retailers - supermarkets/hypermarkets,7840,0,,1600540,FR/000009320,523,environmentalhealth@lewisham.gov.uk,Lewisham,http://www.lewisham.gov.uk/myservices/business/food-safety/Pages/default.aspx,False,,SE26 5QF,2023-07-18T00:00:00,fhrs_2_en-gb,2,,FHRS,-0.051779,51.425947,5.0,15.0,10.0,,costsaver supermarket,"38-40 Sydenham Road, London, SE26 5QF",NEEDS_CHECK,Independent or other supermarket
,,,,KGEB Community Supernarket,Retailers - supermarkets/hypermarkets,7840,0,,1600655,FR/000009563,523,environmentalhealth@lewisham.gov.uk,Lewisham,http://www.lewisham.gov.uk/myservices/business/food-safety/Pages/default.aspx,False,,SE26,2022-01-27T00:00:00,fhrs_5_en-gb,5,,FHRS,,,5.0,5.0,5.0,,kgeb community supernarket,SE26,NEEDS_CHECK,Independent or other supermarket
Bagci Food Centre,1 Brownhill Road,London,,BAGCI Food Centre,Retailers - supermarkets/hypermarkets,7840,0,,1600711,FR/000009686,523,environmentalhealth@lewisham.gov.uk,Lewisham,http://www.lewisham.gov.uk/myservices/business/food-safety/Pages/default.aspx,False,,SE6 2HG,2025-10-30T00:00:00,fhrs_4_en-gb,4,,FHRS,-0.01906977,51.44615376,5.0,5.0,10.0,,bagci food centre,"Bagci Food Centre, 1 Brownhill Road, London, SE6 2HG",NEEDS_CHECK,Independent or other supermarket
911-915 Old Kent Road,London,,,Cheers Cash & Carry,Retailers - supermarkets/hypermarkets,7840,0,,1600818,FR/000009880,523,environmentalhealth@lewisham.gov.uk,Lewisham,http://www.lewisham.gov.uk/myservices/business/food-safety/Pages/default.aspx,False,,SE15 1NL,2026-01-10T00:00:00,fhrs_4_en-gb,4,,FHRS,-0.053937,51.478761,0.0,0.0,10.0,,cheers cash & carry,"911-915 Old Kent Road, London, SE15 1NL",NEEDS_CHECK,Independent or other supermarket
25 London Road,London,,,Oriental Mini Market,Retailers - supermarkets/hypermarkets,7840,0,,1600924,FR/000010114,523,environmentalhealth@lewisham.gov.uk,Lewisham,http://www.lewisham.gov.uk/myservices/business/food-safety/Pages/default.aspx,False,,SE23 3TY,2025-11-04T00:00:00,fhrs_5_en-gb,5,,FHRS,-0.0551908,51.4392314,0.0,0.0,0.0,,oriental mini market,"25 London Road, London, SE23 3TY",NEEDS_CHECK,Independent or other supermarket
105 St Mildreds Road,London,,,Superstore,Retailers - supermarkets/hypermarkets,7840,0,,1662779,FR/000010544,523,environmentalhealth@lewisham.gov.uk,Lewisham,http://www.lewisham.gov.uk/myservices/business/food-safety/Pages/default.aspx,False,,SE12 0RL,2025-10-30T00:00:00,fhrs_5_en-gb,5,,FHRS,0.004962,51.44553,0.0,0.0,0.0,,superstore,"105 St Mildreds Road, London, SE12 0RL",NEEDS_CHECK,Independent or other supermarket
313 - 315 Kirkdale,London,,,Sainsburys,Retailers - supermarkets/hypermarkets,7840,0,,1924682,FR/000006287,523,environmentalhealth@lewisham.gov.uk,Lewisham,http://www.lewisham.gov.uk/myservices/business/food-safety/Pages/default.aspx,False,,SE26 4QB,2025-11-06T00:00:00,fhrs_5_en-gb,5,,FHRS,-0.0555648,51.4270342,0.0,0.0,0.0,Sainsbury's,sainsburys,"313 - 315 Kirkdale, London, SE26 4QB",NEEDS_CHECK,Sainsbury's store format unclear from FHRS record
164 - 178 High Street Collier's Wood,,Colliers Wood,Merton,Tesco,Retailers - supermarkets/hypermarkets,7840,0,,200012,PI/000077951,524,foodandsafety@merton.gov.uk,Merton,http://www.merton.gov.uk,False,,SW19 2BN,2023-10-30T00:00:00,fhrs_5_en-gb,5,,FHRS,-0.1782642,51.4187706,0.0,0.0,0.0,Tesco,tesco,"164 - 178 High Street Collier's Wood, Colliers Wood, SW19 2BN",NEEDS_CHECK,Tesco store format unclear from FHRS record
120 Wimbledon Hill Road,,Wimbledon,Merton,Tesco,Retailers - supermarkets/hypermarkets,7840,0,,232110,PI/000088364,524,foodandsafety@merton.gov.uk,Merton,http://www.merton.gov.uk,False,,,2025-09-23T00:00:00,fhrs_5_en-gb,5,,FHRS,-0.2155483,51.4239588,0.0,0.0,0.0,Tesco,tesco,"120 Wimbledon Hill Road, Wimbledon",NEEDS_CHECK,Tesco store format unclear from FHRS record
213 Worple Road,,Raynes Park,Merton,Sainsbury's,Retailers - supermarkets/hypermarkets,7840,0,,375885,PI/000097619,524,foodandsafety@merton.gov.uk,Merton,http://www.merton.gov.uk,False,,SW20 8QY,2024-05-10T00:00:00,fhrs_5_en-gb,5,,FHRS,,,0.0,0.0,0.0,Sainsbury's,sainsbury's,"213 Worple Road, Raynes Park, SW20 8QY",NEEDS_CHECK,Sainsbury's store format unclear from FHRS record
1 Merton High Street,,Colliers Wood,Merton,Sainsbury's,Retailers - supermarkets/hypermarkets,7840,0,,455446,PI/000046887,524,foodandsafety@merton.gov.uk,Merton,http://www.merton.gov.uk,False,,SW19 1DD,2025-08-04T00:00:00,fhrs_5_en-gb,5,,FHRS,,,0.0,0.0,0.0,Sainsbury's,sainsbury's,"1 Merton High Street, Colliers Wood, SW19 1DD",NEEDS_CHECK,Sainsbury's store format unclear from FHRS record
400 Durnsford Road,,Wimbledon,Merton,Sainsbury's,Retailers - supermarkets/hypermarkets,7840,0,,480238,PI/000088468,524,foodandsafety@merton.gov.uk,Merton,http://www.merton.gov.uk,False,,SW19 8DZ,2025-03-11T00:00:00,fhrs_5_en-gb,5,,FHRS,-0.1975762,51.4390434,0.0,0.0,0.0,Sainsbury's,sainsbury's,"400 Durnsford Road, Wimbledon, SW19 8DZ",NEEDS_CHECK,Sainsbury's store format unclear from FHRS record
1 Merton High Street,,Colliers Wood,Merton,Marks & Spencer,Retailers - supermarkets/hypermarkets,7840,0,,480242,PI/000091784,524,foodandsafety@merton.gov.uk,Merton,http://www.merton.gov.uk,False,,SW19 1DD,2024-08-28T00:00:00,fhrs_5_en-gb,5,,FHRS,,,5.0,5.0,5.0,M&S,marks & spencer,"1 Merton High Street, Colliers Wood, SW19 1DD",NEEDS_CHECK,Larger M&S store: bakery provision to confirm
Unit 1 James Estate Bond Road,,Mitcham,Merton,Asda,Retailers - supermarkets/hypermarkets,7840,0,,480258,PI/000100366,524,foodandsafety@merton.gov.uk,Merton,http://www.merton.gov.uk,False,,CR4 3HG,2026-06-29T00:00:00,fhrs_5_en-gb,5,,FHRS,-0.1682336,51.4074548,0.0,0.0,0.0,Asda,asda,"Unit 1 James Estate Bond Road, Mitcham, CR4 3HG",NEEDS_CHECK,Asda store format unclear from FHRS record
Unit Lsu1 Wimbledon Quarter 4 Queen's Road,,Wimbledon,Merton,Marks & Spencer,Retailers - supermarkets/hypermarkets,7840,0,,505249,PI/000075962,524,foodandsafety@merton.gov.uk,Merton,http://www.merton.gov.uk,False,,SW19 8ND,2023-08-31T00:00:00,fhrs_5_en-gb,5,,FHRS,-0.2040874,51.421679,0.0,0.0,5.0,M&S,marks & spencer,"Unit Lsu1 Wimbledon Quarter 4 Queen's Road, Wimbledon, SW19 8ND",NEEDS_CHECK,Larger M&S store: bakery provision to confirm
Street Record Alexandra Road,,Wimbledon,Merton,Waitrose Ltd,Retailers - supermarkets/hypermarkets,7840,0,,505278,PI/000097587,524,foodandsafety@merton.gov.uk,Merton,http://www.merton.gov.uk,False,,,2024-08-05T00:00:00,fhrs_5_en-gb,5,,FHRS,,,0.0,0.0,0.0,Waitrose,waitrose ltd,"Street Record Alexandra Road, Wimbledon",NEEDS_CHECK,Full Waitrose store: bakery provision to confirm
367 - 373 Kingston Road,,Raynes Park,Merton,Tesco,Retailers - supermarkets/hypermarkets,7840,0,,505279,PI/000097597,524,foodandsafety@merton.gov.uk,Merton,http://www.merton.gov.uk,False,,SW20 8JX,2023-08-10T00:00:00,fhrs_5_en-gb,5,,FHRS,-0.2135397,51.40968,5.0,5.0,5.0,Tesco,tesco,"367 - 373 Kingston Road, Raynes Park, SW20 8JX",NEEDS_CHECK,Tesco store format unclear from FHRS record
8 - 12 Worple Road,,Wimbledon,Merton,Sainsbury's,Retailers - supermarkets/hypermarkets,7840,0,,552903,PI/000087916,524,foodandsafety@merton.gov.uk,Merton,http://www.merton.gov.uk,False,,SW19 4DD,2026-05-06T00:00:00,fhrs_5_en-gb,5,,FHRS,-0.2088689,51.4212925,5.0,5.0,0.0,Sainsbury's,sainsbury's,"8 - 12 Worple Road, Wimbledon, SW19 4DD",NEEDS_CHECK,Sainsbury's store format unclear from FHRS record
300 Beverley Way,,New Malden,Merton,Tesco,Retailers - supermarkets/hypermarkets,7840,0,,552907,PI/000088302,524,foodandsafety@merton.gov.uk,Merton,http://www.merton.gov.uk,False,,KT3 4PJ,2024-03-08T00:00:00,fhrs_5_en-gb,5,,FHRS,-0.2403057,51.4023634,0.0,0.0,0.0,Tesco,tesco,"300 Beverley Way, New Malden, KT3 4PJ",NEEDS_CHECK,Tesco store format unclear from FHRS record
2 Morden Road,,Wimbledon,Merton,Tesco,Retailers - supermarkets/hypermarkets,7840,0,,578982,PI/000100650,524,foodandsafety@merton.gov.uk,Merton,http://www.merton.gov.uk,False,,SW19 3BH,2023-10-23T00:00:00,fhrs_5_en-gb,5,,FHRS,,,0.0,0.0,0.0,Tesco,tesco,"2 Morden Road, Wimbledon, SW19 3BH",NEEDS_CHECK,Tesco store format unclear from FHRS record
7 - 11 Kingston Road,,Wimbledon,Merton,Sainsbury's,Retailers - supermarkets/hypermarkets,7840,0,,585669,PI/000100793,524,foodandsafety@merton.gov.uk,Merton,http://www.merton.gov.uk,False,,SW19 1JX,2025-05-21T00:00:00,fhrs_5_en-gb,5,,FHRS,-0.1932921,51.4158796,0.0,0.0,0.0,Sainsbury's,sainsbury's,"7 - 11 Kingston Road, Wimbledon, SW19 1JX",NEEDS_CHECK,Sainsbury's store format unclear from FHRS record
194 - 210 Merton Road,,Wimbledon,Merton,Tesco,Retailers - supermarkets/hypermarkets,7840,0,,605029,PI/000087938,524,foodandsafety@merton.gov.uk,Merton,http://www.merton.gov.uk,False,,SW19 1EQ,2023-08-14T00:00:00,fhrs_5_en-gb,5,,FHRS,-0.192236,51.4169369,0.0,5.0,0.0,Tesco,tesco,"194 - 210 Merton Road, Wimbledon, SW19 1EQ",NEEDS_CHECK,Tesco store format unclear from FHRS record
189 - 191 Streatham Road,,Mitcham,Merton,Tesco,Retailers - supermarkets/hypermarkets,7840,0,,632510,PI/000101165,524,foodandsafety@merton.gov.uk,Merton,http://www.merton.gov.uk,False,,CR4 2AG,2023-10-31T00:00:00,fhrs_5_en-gb,5,,FHRS,-0.1525365,51.4164134,0.0,0.0,0.0,Tesco,tesco,"189 - 191 Streatham Road, Mitcham, CR4 2AG",NEEDS_CHECK,Tesco store format unclear from FHRS record
2 Wimbledon Hill Road,,Wimbledon,Merton,Waitrose,Retailers - supermarkets/hypermarkets,7840,0,,669659,PI/000097584,524,foodandsafety@merton.gov.uk,Merton,http://www.merton.gov.uk,False,,SW19 7NS,2023-12-14T00:00:00,fhrs_5_en-gb,5,,FHRS,-0.2074667,51.4207255,0.0,0.0,0.0,Waitrose,waitrose,"2 Wimbledon Hill Road, Wimbledon, SW19 7NS",NEEDS_CHECK,Full Waitrose store: bakery provision to confirm
Supermarket Peel House 34 - 44 London Road,,Morden,Merton,Sainsbury's,Retailers - supermarkets/hypermarkets,7840,0,,688277,PI/000078807,524,foodandsafety@merton.gov.uk,Merton,http://www.merton.gov.uk,False,,SM4 5HT,2025-10-21T00:00:00,fhrs_5_en-gb,5,,FHRS,-0.1931657,51.4030531,0.0,0.0,0.0,Sainsbury's,sainsbury's,"Supermarket Peel House 34 - 44 London Road, Morden, SM4 5HT",NEEDS_CHECK,Sainsbury's store format unclear from FHRS record
50 - 56 London Road,,Tooting,Merton,Tesco,Retailers - supermarkets/hypermarkets,7840,0,,706867,PI/000078789,524,foodandsafety@merton.gov.uk,Merton,http://www.merton.gov.uk,False,,SW17 9HP,2024-02-15T00:00:00,fhrs_5_en-gb,5,,FHRS,,,0.0,0.0,0.0,Tesco,tesco,"50 - 56 London Road, Tooting, SW17 9HP",NEEDS_CHECK,Tesco store format unclear from FHRS record
180 - 184 Streatham Road,,Mitcham,Merton,Mieszko Food City,Retailers - supermarkets/hypermarkets,7840,0,,745132,PI/000080311,524,foodandsafety@merton.gov.uk,Merton,http://www.merton.gov.uk,False,,CR4 2AF,2025-12-05T00:00:00,fhrs_5_en-gb,5,,FHRS,-0.1523133,51.4169925,0.0,0.0,5.0,,mieszko food city,"180 - 184 Streatham Road, Mitcham, CR4 2AF",NEEDS_CHECK,Independent or other supermarket
144 Central Road,,Morden,Merton,Sainsbury's,Retailers - supermarkets/hypermarkets,7840,0,,801010,PI/000106449,524,foodandsafety@merton.gov.uk,Merton,http://www.merton.gov.uk,False,,SM4 5RL,2023-11-01T00:00:00,fhrs_5_en-gb,5,,FHRS,-0.1937473,51.3953268,0.0,0.0,0.0,Sainsbury's,sainsbury's,"144 Central Road, Morden, SM4 5RL",NEEDS_CHECK,Sainsbury's store format unclear from FHRS record
198 - 202 Martin Way,,Morden,Merton,Sainsbury's,Retailers - supermarkets/hypermarkets,7840,0,,903137,PI/000112977,524,foodandsafety@merton.gov.uk,Merton,http://www.merton.gov.uk,False,,SM4 4AJ,2023-10-20T00:00:00,fhrs_5_en-gb,5,,FHRS,-0.2099578,51.4026972,0.0,0.0,0.0,Sainsbury's,sainsbury's,"198 - 202 Martin Way, Morden, SM4 4AJ",NEEDS_CHECK,Sainsbury's store format unclear from FHRS record
102 Haydons Road,,Wimbledon,Merton,Sainsbury's,Retailers - supermarkets/hypermarkets,7840,0,,958712,PI/000093864,524,foodandsafety@merton.gov.uk,Merton,http://www.merton.gov.uk,False,,SW19 1AW,2026-02-03T00:00:00,fhrs_5_en-gb,5,,FHRS,-0.1873332,51.4200905,0.0,0.0,0.0,Sainsbury's,sainsbury's,"102 Haydons Road, Wimbledon, SW19 1AW",NEEDS_CHECK,Sainsbury's store format unclear from FHRS record
120 The Broadway,,Wimbledon,Merton,Sainsbury's,Retailers - supermarkets/hypermarkets,7840,0,,1003642,PI/000095630,524,foodandsafety@merton.gov.uk,Merton,http://www.merton.gov.uk,False,,SW19 1RH,2025-05-27T00:00:00,fhrs_5_en-gb,5,,FHRS,-0.199771,51.4193507,0.0,0.0,0.0,Sainsbury's,sainsbury's,"120 The Broadway, Wimbledon, SW19 1RH",NEEDS_CHECK,Sainsbury's store format unclear from FHRS record
21 - 23 Coombe Lane,,Raynes Park,Merton,Waitrose & Partners Raynes Park,Retailers - supermarkets/hypermarkets,7840,0,,1675052,PI/000479050,524,foodandsafety@merton.gov.uk,Merton,http://www.merton.gov.uk,False,,SW20 0BS,2025-05-14T00:00:00,fhrs_5_en-gb,5,,FHRS,-0.2342903,51.4088759,5.0,5.0,0.0,Waitrose,waitrose & partners raynes park,"21 - 23 Coombe Lane, Raynes Park, SW20 0BS",NEEDS_CHECK,Full Waitrose store: bakery provision to confirm
97-98 High Street,,Wimbledon,Merton,Sainsbury's Supermarkets,Retailers - supermarkets/hypermarkets,7840,0,,1961731,PI/000490756,524,foodandsafety@merton.gov.uk,Merton,http://www.merton.gov.uk,False,,SW19 5UA,1901-01-01T00:00:00,fhrs_awaitinginspection_en-gb,AwaitingInspection,,FHRS,-0.2156868,51.4245418,,,,Sainsbury's,sainsbury's supermarkets,"97-98 High Street, Wimbledon, SW19 5UA",NEEDS_CHECK,Sainsbury's store format unclear from FHRS record
28 Woodgrange Road,Forest Gate,London,,Tesco,Retailers - supermarkets/hypermarkets,7840,0,,640281,09/00021/FOOD,525,food@newham.gov.uk,Newham,https://www.newham.gov.uk,False,,E7 0QH,2025-09-17T00:00:00,fhrs_3_en-gb,3,,FHRS,0.02514,51.548599,10.0,10.0,5.0,Tesco,tesco,"28 Woodgrange Road, Forest Gate, London, E7 0QH",NEEDS_CHECK,Tesco store format unclear from FHRS record
36 - 40 Barking Road,East Ham,London,,Tesco,Retailers - supermarkets/hypermarkets,7840,0,,640326,09/00422/FOOD,525,food@newham.gov.uk,Newham,https://www.newham.gov.uk,False,,E6 3BP,2026-05-30T00:00:00,fhrs_5_en-gb,5,,FHRS,0.0398539,51.5303415,5.0,5.0,5.0,Tesco,tesco,"36 - 40 Barking Road, East Ham, London, E6 3BP",NEEDS_CHECK,Tesco store format unclear from FHRS record
189 High Street South,East Ham,London,,Tesco,Retailers - supermarkets/hypermarkets,7840,0,,640355,10/00216/FOOD,525,food@newham.gov.uk,Newham,https://www.newham.gov.uk,False,,E6 3PA,2024-07-30T00:00:00,fhrs_5_en-gb,5,,FHRS,0.05656,51.526965,5.0,5.0,5.0,Tesco,tesco,"189 High Street South, East Ham, London, E6 3PA",NEEDS_CHECK,Tesco store format unclear from FHRS record
122 Romford Road,Stratford,London,,Tesco,Retailers - supermarkets/hypermarkets,7840,0,,640356,10/00217/FOOD,525,food@newham.gov.uk,Newham,https://www.newham.gov.uk,False,,E15 4EH,2026-01-31T00:00:00,fhrs_5_en-gb,5,,FHRS,0.0114860003814101,51.5431518554688,5.0,5.0,5.0,Tesco,tesco,"122 Romford Road, Stratford, London, E15 4EH",NEEDS_CHECK,Tesco store format unclear from FHRS record
326 Katherine Road,Forest Gate,London,,Tesco,Retailers - supermarkets/hypermarkets,7840,0,,640420,11/00162/FOOD,525,food@newham.gov.uk,Newham,https://www.newham.gov.uk,False,,E7 8PG,2026-06-23T00:00:00,fhrs_5_en-gb,5,,FHRS,0.039126,51.540426,0.0,5.0,0.0,Tesco,tesco,"326 Katherine Road, Forest Gate, London, E7 8PG",NEEDS_CHECK,Tesco store format unclear from FHRS record
101 The Arcade,Westfield Stratford City,Montfichet Road,Stratford,John Lewis - Food Safety Shop Floor,Retailers - supermarkets/hypermarkets,7840,0,,640491,11/00521/FOOD,525,food@newham.gov.uk,Newham,https://www.newham.gov.uk,False,,E20 1EL,2025-03-28T00:00:00,fhrs_5_en-gb,5,,FHRS,-0.0068078,51.5436879,0.0,0.0,0.0,,john lewis - food safety shop floor,"101 The Arcade, Westfield Stratford City, Montfichet Road, E20 1EL",NEEDS_CHECK,Independent or other supermarket
99 - 105 Leytonstone Road,Stratford,London,,Tesco,Retailers - supermarkets/hypermarkets,7840,0,,640535,12/00038/FOOD,525,food@newham.gov.uk,Newham,https://www.newham.gov.uk,False,,E15 1JA,2024-10-04T00:00:00,fhrs_4_en-gb,4,,FHRS,0.0053781,51.5479778,5.0,10.0,5.0,Tesco,tesco,"99 - 105 Leytonstone Road, Stratford, London, E15 1JA",NEEDS_CHECK,Tesco store format unclear from FHRS record
43 The Arcade,Westfield Stratford City,Montfichet Road,Stratford,Marks & Spencer,Retailers - supermarkets/hypermarkets,7840,0,,640543,12/00053/FOOD,525,food@newham.gov.uk,Newham,https://www.newham.gov.uk,False,,E20 1EH,2026-06-25T00:00:00,fhrs_5_en-gb,5,,FHRS,-0.0063590002246201,51.5443458557129,0.0,0.0,0.0,M&S,marks & spencer,"43 The Arcade, Westfield Stratford City, Montfichet Road, E20 1EH",NEEDS_CHECK,Larger M&S store: bakery provision to confirm
Unit B,The Oxygen,18 Western Gateway,Canning Town,Tesco,Retailers - supermarkets/hypermarkets,7840,0,,640554,12/00127/FOOD,525,food@newham.gov.uk,Newham,https://www.newham.gov.uk,False,,E16 1BL,2024-10-05T00:00:00,fhrs_5_en-gb,5,,FHRS,0.0193009,51.5083321,5.0,5.0,5.0,Tesco,tesco,"Unit B, The Oxygen, 18 Western Gateway, E16 1BL",NEEDS_CHECK,Tesco store format unclear from FHRS record
1 Armada Way,Beckton,London,,Tesco,Retailers - supermarkets/hypermarkets,7840,0,,640808,60725/0001/0/000,525,food@newham.gov.uk,Newham,https://www.newham.gov.uk,False,,E6 7ER,2024-03-18T00:00:00,fhrs_5_en-gb,5,,FHRS,0.0761953,51.5169279,0.0,0.0,0.0,Tesco,tesco,"1 Armada Way, Beckton, London, E6 7ER",NEEDS_CHECK,Tesco store format unclear from FHRS record
1 Claps Gate Lane,Beckton,London,,Sainsbury's,Retailers - supermarkets/hypermarkets,7840,0,,640886,63905/0001/0/000,525,food@newham.gov.uk,Newham,https://www.newham.gov.uk,False,,E6 6JF,2024-12-18T00:00:00,fhrs_5_en-gb,5,,FHRS,0.065863,51.521325,0.0,5.0,0.0,Sainsbury's,sainsbury's,"1 Claps Gate Lane, Beckton, London, E6 6JF",NEEDS_CHECK,Sainsbury's store format unclear from FHRS record
Asda Superstore,Tollgate Road,Beckton,London,Asda Stores,Retailers - supermarkets/hypermarkets,7840,0,,641007,70705/0001/0/000,525,food@newham.gov.uk,Newham,https://www.newham.gov.uk,False,,E6 5JP,2024-03-25T00:00:00,fhrs_5_en-gb,5,,FHRS,0.057746,51.514903,0.0,0.0,0.0,Asda,asda stores,"Asda Superstore, Tollgate Road, Beckton, E6 5JP",NEEDS_CHECK,Asda store format unclear from FHRS record
1 Pilgrims Way,East Ham,London,,Tesco,Retailers - supermarkets/hypermarkets,7840,0,,641037,73891/0001/0/000,525,food@newham.gov.uk,Newham,https://www.newham.gov.uk,True,,E6 1HW,2024-09-27T00:00:00,fhrs_4_en-gb,4,,FHRS,0.0526033,51.5349211,10.0,5.0,5.0,Tesco,tesco,"1 Pilgrims Way, East Ham, London, E6 1HW",NEEDS_CHECK,Tesco store format unclear from FHRS record
Units 38 To 40,West Mall,The Mall,Stratford,Sainsbury's,Retailers - supermarkets/hypermarkets,7840,0,,654119,77650/0038/0/000,525,food@newham.gov.uk,Newham,https://www.newham.gov.uk,False,,E15 1XE,2025-11-25T00:00:00,fhrs_5_en-gb,5,,FHRS,-0.000441,51.541835,0.0,5.0,0.0,Sainsbury's,sainsbury's,"Units 38 To 40, West Mall, The Mall, E15 1XE",NEEDS_CHECK,Sainsbury's store format unclear from FHRS record
542A Romford Road,Forest Gate,London,,Tesco,Retailers - supermarkets/hypermarkets,7840,0,,718166,74760/0542/0/000,525,food@newham.gov.uk,Newham,https://www.newham.gov.uk,False,,E7 8AF,2024-10-18T00:00:00,fhrs_5_en-gb,5,,FHRS,0.0432817,51.5489807,5.0,5.0,5.0,Tesco,tesco,"542A Romford Road, Forest Gate, London, E7 8AF",NEEDS_CHECK,Tesco store format unclear from FHRS record
1 The Arcade,Westfield Stratford City,Montfichet Road,Stratford,Waitrose - Food Hall,Retailers - supermarkets/hypermarkets,7840,0,,737494,12/00064/FOOD,525,food@newham.gov.uk,Newham,https://www.newham.gov.uk,False,,E20 1EH,2024-10-04T00:00:00,fhrs_5_en-gb,5,,FHRS,-0.0063590002246201,51.5443458557129,5.0,5.0,5.0,Waitrose,waitrose - food hall,"1 The Arcade, Westfield Stratford City, Montfichet Road, E20 1EH",NEEDS_CHECK,Full Waitrose store: bakery provision to confirm
2 - 10 Myrtle Road,East Ham,London,,Sainsbury's,Retailers - supermarkets/hypermarkets,7840,0,,776181,72100/0002/2/001,525,food@newham.gov.uk,Newham,https://www.newham.gov.uk,False,,E6 1HU,2025-02-01T00:00:00,fhrs_5_en-gb,5,,FHRS,0.052629,51.534452,5.0,5.0,5.0,Sainsbury's,sainsbury's,"2 - 10 Myrtle Road, East Ham, London, E6 1HU",NEEDS_CHECK,Sainsbury's store format unclear from FHRS record
346 - 352 Green Street,Upton Park,London,,Tesco,Retailers - supermarkets/hypermarkets,7840,0,,837096,68150/0346/0/000,525,food@newham.gov.uk,Newham,https://www.newham.gov.uk,False,,E13 9AP,2024-09-12T00:00:00,fhrs_5_en-gb,5,,FHRS,0.034529,51.536638,0.0,5.0,0.0,Tesco,tesco,"346 - 352 Green Street, Upton Park, London, E13 9AP",NEEDS_CHECK,Tesco store format unclear from FHRS record
165 - 167 Romford Road,Stratford,London,,Sainsbury's,Retailers - supermarkets/hypermarkets,7840,0,,864136,74750/0165/2/000,525,food@newham.gov.uk,Newham,https://www.newham.gov.uk,False,,E15 4JF,2024-11-30T00:00:00,fhrs_5_en-gb,5,,FHRS,0.014499,51.544457,5.0,5.0,5.0,Sainsbury's,sainsbury's,"165 - 167 Romford Road, Stratford, London, E15 4JF",NEEDS_CHECK,Sainsbury's store format unclear from FHRS record
1 Claps Gate Lane,Beckton,London,,Sainsbury's Online,Retailers - supermarkets/hypermarkets,7840,0,,897398,15/00216/FOOD,525,food@newham.gov.uk,Newham,https://www.newham.gov.uk,False,,E6 6JF,2025-03-22T00:00:00,fhrs_5_en-gb,5,,FHRS,0.065863,51.521325,0.0,5.0,5.0,Sainsbury's,sainsbury's online,"1 Claps Gate Lane, Beckton, London, E6 6JF",NEEDS_CHECK,Sainsbury's store format unclear from FHRS record
11 Royal Crest Avenue,Silvertown,London,,Sainsburys - Unit G,Retailers - supermarkets/hypermarkets,7840,0,,1010367,17/00600/FOOD,525,food@newham.gov.uk,Newham,https://www.newham.gov.uk,False,,E16 2PG,2024-06-21T00:00:00,fhrs_5_en-gb,5,,FHRS,0.0295939,51.5005247,5.0,5.0,5.0,Sainsbury's,sainsburys - unit g,"11 Royal Crest Avenue, Silvertown, London, E16 2PG",NEEDS_CHECK,Sainsbury's store format unclear from FHRS record
Unit 2,Beckton Retail Park,Alpine Way,Beckton,Food Bazar (LDN) Ltd,Retailers - supermarkets/hypermarkets,7840,0,,1047541,18/00148/FOOD,525,food@newham.gov.uk,Newham,https://www.newham.gov.uk,False,,E6 6LA,2024-08-14T00:00:00,fhrs_5_en-gb,5,,FHRS,0.0615056,51.5171661,5.0,5.0,5.0,,food bazar (ldn) ltd,"Unit 2, Beckton Retail Park, Alpine Way, E6 6LA",NEEDS_CHECK,Independent or other supermarket
32 - 34 Barking Road,East Ham,London,,Londis,Retailers - supermarkets/hypermarkets,7840,0,,1079207,18/00412/FOOD,525,food@newham.gov.uk,Newham,https://www.newham.gov.uk,False,,E6 3BP,2024-06-27T00:00:00,fhrs_5_en-gb,5,,FHRS,0.0395634,51.5302926,5.0,0.0,5.0,,londis,"32 - 34 Barking Road, East Ham, London, E6 3BP",NEEDS_CHECK,Independent or other supermarket
808 Romford Road,Manor Park,London,,Manor General Food Store,Retailers - supermarkets/hypermarkets,7840,0,,1261770,20/00301/FOOD,525,food@newham.gov.uk,Newham,https://www.newham.gov.uk,False,,E12 5JG,2020-03-20T00:00:00,fhrs_4_en-gb,4,,FHRS,0.057241,51.553913,0.0,0.0,10.0,,manor general food store,"808 Romford Road, Manor Park, London, E12 5JG",NEEDS_CHECK,Independent or other supermarket
112 Silvertown Way,Canning Town,London,,Pelene Retail Ltd Ground Floor - Supermarket & Deli,Retailers - supermarkets/hypermarkets,7840,0,,1370361,16/00821/FOOD,525,food@newham.gov.uk,Newham,https://www.newham.gov.uk,False,,E16 1EA,2025-11-05T00:00:00,fhrs_4_en-gb,4,,FHRS,0.010823,51.51274,5.0,10.0,5.0,,pelene retail ltd ground floor - supermarket & deli,"112 Silvertown Way, Canning Town, London, E16 1EA",NEEDS_CHECK,Independent or other supermarket
75 Celebration Avenue,Stratford,London,,Sainsbury's,Retailers - supermarkets/hypermarkets,7840,0,,1540042,22/01140/FOOD,525,food@newham.gov.uk,Newham,https://www.newham.gov.uk,False,,E20 1DB,2026-05-18T00:00:00,fhrs_5_en-gb,5,,FHRS,-0.0085096,51.547656,0.0,0.0,5.0,Sainsbury's,sainsbury's,"75 Celebration Avenue, Stratford, London, E20 1DB",NEEDS_CHECK,Sainsbury's store format unclear from FHRS record
3 New Plaistow Road,Stratford,London,,Tesco,Retailers - supermarkets/hypermarkets,7840,0,,1639040,23/00385/FOOD,525,food@newham.gov.uk,Newham,https://www.newham.gov.uk,False,,E15 3JB,2023-09-02T00:00:00,fhrs_5_en-gb,5,,FHRS,0.008305,51.5355088,5.0,0.0,0.0,Tesco,tesco,"3 New Plaistow Road, Stratford, London, E15 3JB",NEEDS_CHECK,Tesco store format unclear from FHRS record
255 - 263 Barking Road,East Ham,London,,Spice Of Asia,Retailers - supermarkets/hypermarkets,7840,0,,1710279,24/00192/FOOD,525,food@newham.gov.uk,Newham,https://www.newham.gov.uk,False,,E6 1LB,2024-05-18T00:00:00,fhrs_5_en-gb,5,,FHRS,0.0492173,51.5324083,5.0,5.0,5.0,,spice of asia,"255 - 263 Barking Road, East Ham, London, E6 1LB",NEEDS_CHECK,Independent or other supermarket
658 - 660 Romford Road,Manor Park,London,,Global Fresh Bazaar,Retailers - supermarkets/hypermarkets,7840,0,,1754693,24/00541/FOOD,525,food@newham.gov.uk,Newham,https://www.newham.gov.uk,False,,E12 5AQ,2026-01-21T00:00:00,fhrs_2_en-gb,2,,FHRS,0.0495040353127825,51.5514141259477,0.0,15.0,10.0,,global fresh bazaar,"658 - 660 Romford Road, Manor Park, London, E12 5AQ",NEEDS_CHECK,Independent or other supermarket
162 High Street,Stratford,London,,Tesco,Retailers - supermarkets/hypermarkets,7840,0,,1771306,24/00666/FOOD,525,food@newham.gov.uk,Newham,https://www.newham.gov.uk,False,,E15 2NE,2024-10-25T00:00:00,fhrs_5_en-gb,5,,FHRS,-0.0064036,51.5351048,0.0,0.0,0.0,Tesco,tesco,"162 High Street, Stratford, London, E15 2NE",NEEDS_CHECK,Tesco store format unclear from FHRS record
228A High Street North,Manor Park,London,,Braske Ltd,Retailers - supermarkets/hypermarkets,7840,0,,1776429,24/00692/FOOD,525,food@newham.gov.uk,Newham,https://www.newham.gov.uk,False,,E12 6SB,2024-10-26T00:00:00,fhrs_3_en-gb,3,,FHRS,0.050961,51.540974,10.0,5.0,10.0,,braske ltd,"228A High Street North, Manor Park, London, E12 6SB",NEEDS_CHECK,Independent or other supermarket
14 - 16 Avery Avenue,Canning Town,London,,Sainsbury's,Retailers - supermarkets/hypermarkets,7840,0,,1793706,25/00036/FOOD,525,food@newham.gov.uk,Newham,https://www.newham.gov.uk,False,,E16 4BF,2025-11-07T00:00:00,fhrs_5_en-gb,5,,FHRS,0.0039612,51.5264554,5.0,0.0,0.0,Sainsbury's,sainsbury's,"14 - 16 Avery Avenue, Canning Town, London, E16 4BF",NEEDS_CHECK,Sainsbury's store format unclear from FHRS record
430 High Street North,Manor Park,London,,Asian Grocery Point,Retailers - supermarkets/hypermarkets,7840,0,,1844764,22/00177/FOOD,525,food@newham.gov.uk,Newham,https://www.newham.gov.uk,False,,E12 6RH,2025-06-10T00:00:00,fhrs_1_en-gb,1,,FHRS,0.0492249988019466,51.5459785461426,10.0,20.0,20.0,,asian grocery point,"430 High Street North, Manor Park, London, E12 6RH",NEEDS_CHECK,Independent or other supermarket
323 Romford Road,Forest Gate,London,,E7 Supermarket,Retailers - supermarkets/hypermarkets,7840,0,,1927090,26/00176/FOOD,525,food@newham.gov.uk,Newham,https://www.newham.gov.uk,False,,E7 9HA,2026-03-18T00:00:00,fhrs_5_en-gb,5,,FHRS,0.024182,51.54652,5.0,5.0,5.0,,e7 supermarket,"323 Romford Road, Forest Gate, London, E7 9HA",NEEDS_CHECK,Independent or other supermarket
,92-100 Tanners Lane,,Barkingside,Sainsbury's,Retailers - supermarkets/hypermarkets,7840,0,,443100,150507,526,themis.skouros@redbridge.gov.uk,Redbridge,http://www.redbridge.gov.uk/,False,,IG6 1QE,2024-07-29T00:00:00,fhrs_5_en-gb,5,,FHRS,0.082536,51.588179,5.0,5.0,5.0,Sainsbury's,sainsbury's,"92-100 Tanners Lane, IG6 1QE",NEEDS_CHECK,Sainsbury's store format unclear from FHRS record
Units 1 And 2,King George Avenue,,Newbury Park,Sainsbury's,Retailers - supermarkets/hypermarkets,7840,0,,443102,150514,526,themis.skouros@redbridge.gov.uk,Redbridge,http://www.redbridge.gov.uk/,False,,IG2 7SH,2025-02-12T00:00:00,fhrs_5_en-gb,5,,FHRS,0.0871409997344017,51.5812339782715,5.0,5.0,5.0,Sainsbury's,sainsbury's,"Units 1 And 2, King George Avenue, IG2 7SH",NEEDS_CHECK,Sainsbury's store format unclear from FHRS record
,Southend Road,,Woodford Green,Tesco Stores Ltd,Retailers - supermarkets/hypermarkets,7840,0,,443272,151773,526,themis.skouros@redbridge.gov.uk,Redbridge,http://www.redbridge.gov.uk/,False,,IG8 8GE,2025-03-14T00:00:00,fhrs_5_en-gb,5,,FHRS,0.040153,51.592079,5.0,5.0,0.0,Tesco,tesco stores ltd,"Southend Road, IG8 8GE",NEEDS_CHECK,Tesco store format unclear from FHRS record
,822 High Road,,Chadwell Heath,Tesco Stores Ltd (Store),Retailers - supermarkets/hypermarkets,7840,0,,443349,155050,526,themis.skouros@redbridge.gov.uk,Redbridge,http://www.redbridge.gov.uk/,False,,RM6 4HY,2026-03-27T00:00:00,fhrs_5_en-gb,5,,FHRS,0.111922,51.566556,0.0,5.0,0.0,Tesco,tesco stores ltd (store),"822 High Road, RM6 4HY",NEEDS_CHECK,Tesco store format unclear from FHRS record
,118-126 Ilford Lane,,Ilford,Quality Foods,Retailers - supermarkets/hypermarkets,7840,0,,443420,158264,526,themis.skouros@redbridge.gov.uk,Redbridge,http://www.redbridge.gov.uk/,False,,IG1 2LE,2025-03-06T00:00:00,fhrs_3_en-gb,3,,FHRS,0.07271,51.553695,10.0,10.0,10.0,,quality foods,"118-126 Ilford Lane, IG1 2LE",NEEDS_CHECK,Independent or other supermarket
,261-275 High Road,,Ilford,Farmfoods,Retailers - supermarkets/hypermarkets,7840,0,,443429,159599,526,themis.skouros@redbridge.gov.uk,Redbridge,http://www.redbridge.gov.uk/,False,,IG1 1NJ,2025-02-10T00:00:00,fhrs_3_en-gb,3,,FHRS,0.078896,51.5606,10.0,10.0,10.0,,farmfoods,"261-275 High Road, IG1 1NJ",NEEDS_CHECK,Independent or other supermarket
,92-96 High Road,,South Woodford,Waitrose,Retailers - supermarkets/hypermarkets,7840,0,,443431,159603,526,themis.skouros@redbridge.gov.uk,Redbridge,http://www.redbridge.gov.uk/,False,,E18 2NA,2026-05-06T00:00:00,fhrs_5_en-gb,5,,FHRS,0.022437,51.595291,0.0,0.0,0.0,Waitrose,waitrose,"92-96 High Road, E18 2NA",NEEDS_CHECK,Full Waitrose store: bakery provision to confirm
Unit 1,253-269 High Road,,Woodford Green,Tesco,Retailers - supermarkets/hypermarkets,7840,0,,443630,165209,526,themis.skouros@redbridge.gov.uk,Redbridge,http://www.redbridge.gov.uk/,False,,IG8 9FB,2026-05-02T00:00:00,fhrs_5_en-gb,5,,FHRS,0.019829,51.599976,0.0,0.0,0.0,Tesco,tesco,"Unit 1, 253-269 High Road, IG8 9FB",NEEDS_CHECK,Tesco store format unclear from FHRS record
,146-150 George Lane,,South Woodford,International Supermarket,Retailers - supermarkets/hypermarkets,7840,0,,443674,165422,526,themis.skouros@redbridge.gov.uk,Redbridge,http://www.redbridge.gov.uk/,False,,E18 1AY,2026-05-02T00:00:00,fhrs_5_en-gb,5,,FHRS,0.024567,51.593842,5.0,5.0,5.0,,international supermarket,"146-150 George Lane, E18 1AY",NEEDS_CHECK,Independent or other supermarket
,141-143 Ilford Lane,,Ilford,BB Fatima Cash & Carry,Retailers - supermarkets/hypermarkets,7840,0,,443690,165476,526,themis.skouros@redbridge.gov.uk,Redbridge,http://www.redbridge.gov.uk/,False,,IG1 2RP,2026-06-10T00:00:00,fhrs_4_en-gb,4,,FHRS,0.07303,51.554085,5.0,10.0,5.0,,bb fatima cash & carry,"141-143 Ilford Lane, IG1 2RP",NEEDS_CHECK,Independent or other supermarket
,168-170 High Road,,Ilford,Sainsbury's,Retailers - supermarkets/hypermarkets,7840,0,,443718,165754,526,themis.skouros@redbridge.gov.uk,Redbridge,http://www.redbridge.gov.uk/,False,,IG1 1LL,2025-09-22T00:00:00,fhrs_5_en-gb,5,,FHRS,0.0749910026788712,51.559139251709,5.0,5.0,5.0,Sainsbury's,sainsbury's,"168-170 High Road, IG1 1LL",NEEDS_CHECK,Sainsbury's store format unclear from FHRS record
,555-557 Cranbrook Road,,Ilford,Sainsbury's,Retailers - supermarkets/hypermarkets,7840,0,,443794,171572,526,themis.skouros@redbridge.gov.uk,Redbridge,http://www.redbridge.gov.uk/,False,,IG2 6HE,2025-04-09T00:00:00,fhrs_3_en-gb,3,,FHRS,0.065807,51.575822,5.0,10.0,10.0,Sainsbury's,sainsbury's,"555-557 Cranbrook Road, IG2 6HE",NEEDS_CHECK,Sainsbury's store format unclear from FHRS record
,27-28 The Broadway,,Woodford Green,Sainsbury's,Retailers - supermarkets/hypermarkets,7840,0,,443879,175401,526,themis.skouros@redbridge.gov.uk,Redbridge,http://www.redbridge.gov.uk/,False,,IG8 0HQ,2026-05-05T00:00:00,fhrs_5_en-gb,5,,FHRS,0.034019,51.60795,5.0,5.0,5.0,Sainsbury's,sainsbury's,"27-28 The Broadway, IG8 0HQ",NEEDS_CHECK,Sainsbury's store format unclear from FHRS record
,185 Manford Way,,Chigwell,Tesco,Retailers - supermarkets/hypermarkets,7840,0,,444198,67229,526,themis.skouros@redbridge.gov.uk,Redbridge,http://www.redbridge.gov.uk/,False,,IG7 4DN,2025-10-09T00:00:00,fhrs_5_en-gb,5,,FHRS,0.105506,51.608497,5.0,5.0,5.0,Tesco,tesco,"185 Manford Way, IG7 4DN",NEEDS_CHECK,Tesco store format unclear from FHRS record
,796 Cranbrook Road,,Ilford,Tesco Stores Ltd (Store),Retailers - supermarkets/hypermarkets,7840,0,,444209,70791,526,themis.skouros@redbridge.gov.uk,Redbridge,http://www.redbridge.gov.uk/,False,,IG6 1HZ,2026-01-15T00:00:00,fhrs_5_en-gb,5,,FHRS,0.081444,51.587326,5.0,5.0,5.0,Tesco,tesco stores ltd (store),"796 Cranbrook Road, IG6 1HZ",NEEDS_CHECK,Tesco store format unclear from FHRS record
,55 Roden Street,,Ilford,Sainsbury's,Retailers - supermarkets/hypermarkets,7840,0,,444252,79096,526,themis.skouros@redbridge.gov.uk,Redbridge,http://www.redbridge.gov.uk/,False,,IG1 2AA,2026-01-05T00:00:00,fhrs_5_en-gb,5,,FHRS,0.067963,51.55653,0.0,0.0,0.0,Sainsbury's,sainsbury's,"55 Roden Street, IG1 2AA",NEEDS_CHECK,Sainsbury's store format unclear from FHRS record
,176 George Lane,,South Woodford,Sainsbury's,Retailers - supermarkets/hypermarkets,7840,0,,444273,83685,526,themis.skouros@redbridge.gov.uk,Redbridge,http://www.redbridge.gov.uk/,False,,E18 1AY,2024-11-19T00:00:00,fhrs_5_en-gb,5,,FHRS,0.024567,51.593842,5.0,5.0,5.0,Sainsbury's,sainsbury's,"176 George Lane, E18 1AY",NEEDS_CHECK,Sainsbury's store format unclear from FHRS record
,411-413 High Road,,Ilford,Azad Food Centre,Retailers - supermarkets/hypermarkets,7840,0,,570065,174448,526,themis.skouros@redbridge.gov.uk,Redbridge,http://www.redbridge.gov.uk/,False,,IG1 1TJ,2025-11-10T00:00:00,fhrs_2_en-gb,2,,FHRS,0.084549,51.561497,10.0,15.0,10.0,,azad food centre,"411-413 High Road, IG1 1TJ",NEEDS_CHECK,Independent or other supermarket
,134 Horns Road,,Barkingside,Nisa Local,Retailers - supermarkets/hypermarkets,7840,0,,717259,180541,526,themis.skouros@redbridge.gov.uk,Redbridge,http://www.redbridge.gov.uk/,False,,IG6 1BE,2026-05-09T00:00:00,fhrs_5_en-gb,5,,FHRS,0.083698,51.577906,5.0,5.0,5.0,,nisa local,"134 Horns Road, IG6 1BE",NEEDS_CHECK,Independent or other supermarket
Unit 1 Grove Farm Retail Park,1015-1021 High Road,,Chadwell Heath,Home Bargains,Retailers - supermarkets/hypermarkets,7840,0,,971684,197720,526,themis.skouros@redbridge.gov.uk,Redbridge,http://www.redbridge.gov.uk/,False,,RM6 4AU,2026-04-01T00:00:00,fhrs_5_en-gb,5,,FHRS,0.124779,51.569669,0.0,0.0,0.0,,home bargains,"Unit 1 Grove Farm Retail Park, 1015-1021 High Road, RM6 4AU",NEEDS_CHECK,Independent or other supermarket
,1171 High Road,,Chadwell Heath,B B Fatima Cash and Carry,Retailers - supermarkets/hypermarkets,7840,0,,1659343,114980,526,themis.skouros@redbridge.gov.uk,Redbridge,http://www.redbridge.gov.uk/,False,,RM6 4AL,2023-12-19T00:00:00,fhrs_5_en-gb,5,,FHRS,0.1275968,51.5704301,5.0,5.0,5.0,,b b fatima cash and carry,"1171 High Road, RM6 4AL",NEEDS_CHECK,Independent or other supermarket
99 - 101 High Street,Teddington,London,Richmond Upon Thames,Marks & Spencer Simply Foods,Retailers - supermarkets/hypermarkets,7840,0,,1574150,PI/000423072,527,foodandsafety@merton.gov.uk,Richmond-Upon-Thames,http://www.richmond.gov.uk,False,,,2024-02-01T00:00:00,fhrs_5_en-gb,5,,FHRS,-0.328938,51.4274199,0.0,0.0,0.0,M&S,marks & spencer simply foods,"99 - 101 High Street, Teddington, London",NEEDS_CHECK,Larger M&S store: bakery provision to confirm
4 Sheen Road,,Richmond,Richmond Upon Thames,Waitrose & Partners,Retailers - supermarkets/hypermarkets,7840,0,,1574154,PI/000423090,527,foodandsafety@merton.gov.uk,Richmond-Upon-Thames,http://www.richmond.gov.uk,False,,TW9 1AE,2025-11-20T00:00:00,fhrs_5_en-gb,5,,FHRS,-0.3019408,51.4618415,0.0,5.0,0.0,Waitrose,waitrose & partners,"4 Sheen Road, Richmond, TW9 1AE",NEEDS_CHECK,Full Waitrose store: bakery provision to confirm
29 George Street,,Richmond,Richmond Upon Thames,Tesco Metro,Retailers - supermarkets/hypermarkets,7840,0,,1574168,PI/000423204,527,foodandsafety@merton.gov.uk,Richmond-Upon-Thames,http://www.richmond.gov.uk,False,,TW9 1HY,2025-11-20T00:00:00,fhrs_5_en-gb,5,,FHRS,-0.3039402,51.4607194,0.0,0.0,0.0,Tesco,tesco metro,"29 George Street, Richmond, TW9 1HY",NEEDS_CHECK,Tesco store format unclear from FHRS record
2 - 4 Heath Road,,Twickenham,Richmond Upon Thames,Marks & Spencer Simply Foods,Retailers - supermarkets/hypermarkets,7840,0,,1574172,PI/000423215,527,foodandsafety@merton.gov.uk,Richmond-Upon-Thames,http://www.richmond.gov.uk,False,,TW1 4BZ,2026-06-10T00:00:00,fhrs_5_en-gb,5,,FHRS,-0.3303694,51.4457577,0.0,5.0,0.0,M&S,marks & spencer simply foods,"2 - 4 Heath Road, Twickenham, TW1 4BZ",NEEDS_CHECK,Larger M&S store: bakery provision to confirm
4 Station Parade,,Richmond,Richmond Upon Thames,Tesco,Retailers - supermarkets/hypermarkets,7840,0,,1574197,PI/000423418,527,foodandsafety@merton.gov.uk,Richmond-Upon-Thames,http://www.richmond.gov.uk,False,,,2023-12-20T00:00:00,fhrs_5_en-gb,5,,FHRS,-0.286071,51.476988,5.0,5.0,5.0,Tesco,tesco,"4 Station Parade, Richmond",NEEDS_CHECK,Tesco store format unclear from FHRS record
50 London Road,,Twickenham,Richmond Upon Thames,Waitrose,Retailers - supermarkets/hypermarkets,7840,0,,1574216,PI/000423515,527,foodandsafety@merton.gov.uk,Richmond-Upon-Thames,http://www.richmond.gov.uk,False,,TW1 3RJ,2023-10-24T00:00:00,fhrs_5_en-gb,5,,FHRS,-0.328797,51.4485612,0.0,5.0,0.0,Waitrose,waitrose,"50 London Road, Twickenham, TW1 3RJ",NEEDS_CHECK,Full Waitrose store: bakery provision to confirm
42 - 44 Friars Stile Road,,Richmond,Richmond Upon Thames,Sainsbury's,Retailers - supermarkets/hypermarkets,7840,0,,1574218,PI/000423522,527,foodandsafety@merton.gov.uk,Richmond-Upon-Thames,http://www.richmond.gov.uk,False,,TW10 6NQ,2025-03-18T00:00:00,fhrs_5_en-gb,5,,FHRS,-0.296952,51.4550877,0.0,0.0,0.0,Sainsbury's,sainsbury's,"42 - 44 Friars Stile Road, Richmond, TW10 6NQ",NEEDS_CHECK,Sainsbury's store format unclear from FHRS record
185 Ashburnham Road,,Ham,Richmond Upon Thames,Tesco,Retailers - supermarkets/hypermarkets,7840,0,,1574265,PI/000423782,527,foodandsafety@merton.gov.uk,Richmond-Upon-Thames,http://www.richmond.gov.uk,False,,TW10 7NR,2025-05-02T00:00:00,fhrs_4_en-gb,4,,FHRS,-0.3207614,51.4366011,0.0,10.0,5.0,Tesco,tesco,"185 Ashburnham Road, Ham, TW10 7NR",NEEDS_CHECK,Tesco store format unclear from FHRS record
11 Barnes High Street,Barnes,London,Richmond Upon Thames,Sainsbury's,Retailers - supermarkets/hypermarkets,7840,0,,1574329,PI/000433012,527,foodandsafety@merton.gov.uk,Richmond-Upon-Thames,http://www.richmond.gov.uk,False,,,2025-08-11T00:00:00,fhrs_5_en-gb,5,,FHRS,,,0.0,5.0,0.0,Sainsbury's,sainsbury's,"11 Barnes High Street, Barnes, London",NEEDS_CHECK,Sainsbury's store format unclear from FHRS record
20 - 28 Broad Street,,Teddington,Richmond Upon Thames,Tesco Metro,Retailers - supermarkets/hypermarkets,7840,0,,1574343,PI/000433045,527,foodandsafety@merton.gov.uk,Richmond-Upon-Thames,http://www.richmond.gov.uk,False,,TW11 8RF,2025-04-22T00:00:00,fhrs_5_en-gb,5,,FHRS,-0.3385459,51.425866,0.0,0.0,5.0,Tesco,tesco metro,"20 - 28 Broad Street, Teddington, TW11 8RF",NEEDS_CHECK,Tesco store format unclear from FHRS record
385 - 387 Upper Richmond Road West,,East Sheen,Richmond Upon Thames,Tesco,Retailers - supermarkets/hypermarkets,7840,0,,1574346,PI/000433048,527,foodandsafety@merton.gov.uk,Richmond-Upon-Thames,http://www.richmond.gov.uk,False,,SW14 7NX,2023-10-30T00:00:00,fhrs_5_en-gb,5,,FHRS,-0.26776,51.46431,0.0,5.0,0.0,Tesco,tesco,"385 - 387 Upper Richmond Road West, East Sheen, SW14 7NX",NEEDS_CHECK,Tesco store format unclear from FHRS record
30 Tangley Park Road,,Hampton,Richmond Upon Thames,Sainsbury's,Retailers - supermarkets/hypermarkets,7840,0,,1574414,PI/000433311,527,foodandsafety@merton.gov.uk,Richmond-Upon-Thames,http://www.richmond.gov.uk,False,,TW12 3YH,2026-05-28T00:00:00,fhrs_5_en-gb,5,,FHRS,-0.3775482,51.4264846,0.0,0.0,0.0,Sainsbury's,sainsbury's,"30 Tangley Park Road, Hampton, TW12 3YH",NEEDS_CHECK,Sainsbury's store format unclear from FHRS record
Sainsburys Local 32 - 38 The Green,,Twickenham,Richmond Upon Thames,Sainsbury's,Retailers - supermarkets/hypermarkets,7840,0,,1574491,PI/000433736,527,foodandsafety@merton.gov.uk,Richmond-Upon-Thames,http://www.richmond.gov.uk,False,,TW2 5AB,2024-04-24T00:00:00,fhrs_5_en-gb,5,,FHRS,-0.3411576,51.4446674,0.0,5.0,0.0,Sainsbury's,sainsbury's,"Sainsburys Local 32 - 38 The Green, Twickenham, TW2 5AB",NEEDS_CHECK,Sainsbury's store format unclear from FHRS record
Ground Floor 9 - 11 White Hart Lane,,Barnes,Richmond Upon Thames,Sainsbury's,Retailers - supermarkets/hypermarkets,7840,0,,1574761,PI/000454088,527,foodandsafety@merton.gov.uk,Richmond-Upon-Thames,http://www.richmond.gov.uk,False,,SW13 0PX,2023-11-14T00:00:00,fhrs_5_en-gb,5,,FHRS,-0.2553,51.4704,0.0,5.0,0.0,Sainsbury's,sainsbury's,"Ground Floor 9 - 11 White Hart Lane, Barnes, SW13 0PX",NEEDS_CHECK,Sainsbury's store format unclear from FHRS record
16 The Quadrant,,Richmond,Richmond Upon Thames,The Source Bulk Foods Richmond,Retailers - supermarkets/hypermarkets,7840,0,,1575418,PI/000455198,527,foodandsafety@merton.gov.uk,Richmond-Upon-Thames,http://www.richmond.gov.uk,False,,,2025-10-28T00:00:00,fhrs_5_en-gb,5,,FHRS,-0.3031217,51.4622183,0.0,5.0,5.0,,the source bulk foods richmond,"16 The Quadrant, Richmond",NEEDS_CHECK,Independent or other supermarket
22 - 24 High Street,,Whitton,Richmond Upon Thames,Al-Nour Supermarket,Retailers - supermarkets/hypermarkets,7840,0,,1575559,PI/000455381,527,foodandsafety@merton.gov.uk,Richmond-Upon-Thames,http://www.richmond.gov.uk,False,,TW2 7LT,2025-12-18T00:00:00,fhrs_2_en-gb,2,,FHRS,-0.3583098,51.4527528,15.0,10.0,10.0,,al-nour supermarket,"22 - 24 High Street, Whitton, TW2 7LT",NEEDS_CHECK,Independent or other supermarket
13 George Street,,Richmond,Richmond Upon Thames,Marks & Spencer,Retailers - supermarkets/hypermarkets,7840,0,,1662282,PI/000473552,527,foodandsafety@merton.gov.uk,Richmond-Upon-Thames,http://www.richmond.gov.uk,False,,TW9 1JY,2023-05-02T00:00:00,fhrs_5_en-gb,5,,FHRS,-0.3053266,51.4598791,0.0,5.0,0.0,M&S,marks & spencer,"13 George Street, Richmond, TW9 1JY",NEEDS_CHECK,Larger M&S store: bakery provision to confirm
5 Bessant Drive,,Richmond,Richmond Upon Thames,Marks & Spencer,Retailers - supermarkets/hypermarkets,7840,0,,1690045,PI/000433532,527,foodandsafety@merton.gov.uk,Richmond-Upon-Thames,http://www.richmond.gov.uk,False,,,2025-04-14T00:00:00,fhrs_5_en-gb,5,,FHRS,,,0.0,5.0,0.0,M&S,marks & spencer,"5 Bessant Drive, Richmond",NEEDS_CHECK,Larger M&S store: bakery provision to confirm
Sainsbury's Supermarket Manor Road,,Richmond,Richmond Upon Thames,Sainsbury's Supermarkets Ltd,Retailers - supermarkets/hypermarkets,7840,0,,1690063,PI/000474931,527,foodandsafety@merton.gov.uk,Richmond-Upon-Thames,http://www.richmond.gov.uk,False,,TW9 1YB,2023-05-19T00:00:00,fhrs_5_en-gb,5,,FHRS,,,5.0,5.0,0.0,Sainsbury's,sainsbury's supermarkets ltd,"Sainsbury's Supermarket Manor Road, Richmond, TW9 1YB",NEEDS_CHECK,Sainsbury's store format unclear from FHRS record
28 Barnes High Street,Barnes,London,Richmond Upon Thames,Marks & Spencer,Retailers - supermarkets/hypermarkets,7840,0,,1690070,PI/000476895,527,foodandsafety@merton.gov.uk,Richmond-Upon-Thames,http://www.richmond.gov.uk,False,,SW13 9LW,2025-08-23T00:00:00,fhrs_5_en-gb,5,,FHRS,,,0.0,5.0,0.0,M&S,marks & spencer,"28 Barnes High Street, Barnes, London, SW13 9LW",NEEDS_CHECK,Larger M&S store: bakery provision to confirm
292 Upper Richmond Road West,,East Sheen,Richmond Upon Thames,Waitrose,Retailers - supermarkets/hypermarkets,7840,0,,1693318,PI/000473857,527,foodandsafety@merton.gov.uk,Richmond-Upon-Thames,http://www.richmond.gov.uk,False,,,2026-06-03T00:00:00,fhrs_5_en-gb,5,,FHRS,,,0.0,5.0,0.0,Waitrose,waitrose,"292 Upper Richmond Road West, East Sheen",NEEDS_CHECK,Full Waitrose store: bakery provision to confirm
303 - 305 Uxbridge Road,,Hampton Hill,Richmond Upon Thames,Sainsbury's,Retailers - supermarkets/hypermarkets,7840,0,,1697006,PI/000473990,527,foodandsafety@merton.gov.uk,Richmond-Upon-Thames,http://www.richmond.gov.uk,False,,TW12 1AW,2025-02-20T00:00:00,fhrs_4_en-gb,4,,FHRS,-0.3752137,51.4341966,5.0,10.0,5.0,Sainsbury's,sainsbury's,"303 - 305 Uxbridge Road, Hampton Hill, TW12 1AW",NEEDS_CHECK,Sainsbury's store format unclear from FHRS record
37 - 39 Broad Street,,Teddington,Richmond Upon Thames,Superdrug,Retailers - supermarkets/hypermarkets,7840,0,,1724915,PI/000433729,527,foodandsafety@merton.gov.uk,Richmond-Upon-Thames,http://www.richmond.gov.uk,False,,TW11 8QZ,2026-01-29T00:00:00,fhrs_5_en-gb,5,,FHRS,-0.3381754,51.4261665,0.0,0.0,0.0,,superdrug,"37 - 39 Broad Street, Teddington, TW11 8QZ",NEEDS_CHECK,Independent or other supermarket
Field House 72 Oldfield Road,,Hampton,Richmond Upon Thames,Waitrose,Retailers - supermarkets/hypermarkets,7840,0,,1737537,PI/000475555,527,foodandsafety@merton.gov.uk,Richmond-Upon-Thames,http://www.richmond.gov.uk,False,,TW12 2HQ,2025-08-19T00:00:00,fhrs_5_en-gb,5,,FHRS,-0.3736192,51.4156033,5.0,0.0,5.0,Waitrose,waitrose,"Field House 72 Oldfield Road, Hampton, TW12 2HQ",NEEDS_CHECK,Full Waitrose store: bakery provision to confirm
19 - 23 Upper Ham Road,,Ham,Richmond Upon Thames,Sainsbury's,Retailers - supermarkets/hypermarkets,7840,0,,1768277,PI/000476794,527,foodandsafety@merton.gov.uk,Richmond-Upon-Thames,http://www.richmond.gov.uk,False,,KT2 5QX,2025-03-12T00:00:00,fhrs_5_en-gb,5,,FHRS,-0.3073604,51.4313096,0.0,5.0,0.0,Sainsbury's,sainsbury's,"19 - 23 Upper Ham Road, Ham, KT2 5QX",NEEDS_CHECK,Sainsbury's store format unclear from FHRS record
2 The Parade Lower Richmond Road,,Richmond,Richmond Upon Thames,Richmond food centre,Retailers - supermarkets/hypermarkets,7840,0,,1931904,26344,527,foodandsafety@merton.gov.uk,Richmond-Upon-Thames,http://www.richmond.gov.uk,False,,TW9 4LX,2026-04-27T00:00:00,fhrs_4_en-gb,4,,FHRS,-0.2842495,51.4675731,5.0,5.0,10.0,,richmond food centre,"2 The Parade Lower Richmond Road, Richmond, TW9 4LX",NEEDS_CHECK,Independent or other supermarket
Tesco,34,Long Lane,London,Tesco,Retailers - supermarkets/hypermarkets,7840,0,,362753,110419,528,food@southwark.gov.uk,Southwark,http://www.southwark.gov.uk/,False,,SE1 4AU,2026-01-24T00:00:00,fhrs_5_en-gb,5,,FHRS,-0.090103,51.500713,0.0,0.0,0.0,Tesco,tesco,"Tesco, 34, Long Lane, SE1 4AU",NEEDS_CHECK,Tesco store format unclear from FHRS record
,357-365,Lordship Lane,London,Sainsbury's,Retailers - supermarkets/hypermarkets,7840,0,,362859,126851,528,food@southwark.gov.uk,Southwark,http://www.southwark.gov.uk/,False,,SE22 8JJ,2026-02-06T00:00:00,fhrs_5_en-gb,5,,FHRS,-0.074837,51.449943,0.0,5.0,0.0,Sainsbury's,sainsbury's,"357-365, Lordship Lane, SE22 8JJ",NEEDS_CHECK,Sainsbury's store format unclear from FHRS record
,224-226,Walworth Road,London,Tesco,Retailers - supermarkets/hypermarkets,7840,0,,363037,140769,528,food@southwark.gov.uk,Southwark,http://www.southwark.gov.uk/,False,,SE17 1JE,2026-01-24T00:00:00,fhrs_5_en-gb,5,,FHRS,-0.096366,51.48872,5.0,0.0,0.0,Tesco,tesco,"224-226, Walworth Road, SE17 1JE",NEEDS_CHECK,Tesco store format unclear from FHRS record
,191-199,Southampton Way,London,Tesco,Retailers - supermarkets/hypermarkets,7840,0,,363158,170731,528,food@southwark.gov.uk,Southwark,http://www.southwark.gov.uk/,False,,SE5 7EJ,2024-09-06T00:00:00,fhrs_5_en-gb,5,,FHRS,-0.082566,51.4781,0.0,5.0,0.0,Tesco,tesco,"191-199, Southampton Way, SE5 7EJ",NEEDS_CHECK,Tesco store format unclear from FHRS record
,265,Rye Lane,London,Tesco,Retailers - supermarkets/hypermarkets,7840,0,,363249,171745,528,food@southwark.gov.uk,Southwark,http://www.southwark.gov.uk/,False,,SE15 4UR,2024-06-19T00:00:00,fhrs_5_en-gb,5,,FHRS,-0.0657261,51.4664115,0.0,0.0,0.0,Tesco,tesco,"265, Rye Lane, SE15 4UR",NEEDS_CHECK,Tesco store format unclear from FHRS record
,151-155,Queens Road,London,Tesco,Retailers - supermarkets/hypermarkets,7840,0,,363318,172537,528,food@southwark.gov.uk,Southwark,http://www.southwark.gov.uk/,False,,SE15 2ND,2026-01-17T00:00:00,fhrs_4_en-gb,4,,FHRS,-0.057091,51.473679,5.0,10.0,5.0,Tesco,tesco,"151-155, Queens Road, SE15 2ND",NEEDS_CHECK,Tesco store format unclear from FHRS record
,186-188,Southwark Park Road,London,Tesco,Retailers - supermarkets/hypermarkets,7840,0,,363413,173756,528,food@southwark.gov.uk,Southwark,http://www.southwark.gov.uk/,False,,SE16 3RP,2026-01-31T00:00:00,fhrs_4_en-gb,4,,FHRS,-0.067707,51.492343,0.0,10.0,10.0,Tesco,tesco,"186-188, Southwark Park Road, SE16 3RP",NEEDS_CHECK,Tesco store format unclear from FHRS record
,67-69,Tower Bridge Road,London,Tesco,Retailers - supermarkets/hypermarkets,7840,0,,363513,174733,528,food@southwark.gov.uk,Southwark,http://www.southwark.gov.uk/,False,,SE1 4TL,2026-01-30T00:00:00,fhrs_5_en-gb,5,,FHRS,-0.0838819965720177,51.49560546875,0.0,0.0,0.0,Tesco,tesco,"67-69, Tower Bridge Road, SE1 4TL",NEEDS_CHECK,Tesco store format unclear from FHRS record
,364-368,Walworth Road,London,Tesco,Retailers - supermarkets/hypermarkets,7840,0,,363561,175120,528,food@southwark.gov.uk,Southwark,http://www.southwark.gov.uk/,False,,SE17 2NF,2026-01-30T00:00:00,fhrs_5_en-gb,5,,FHRS,-0.094205,51.485268,0.0,0.0,0.0,Tesco,tesco,"364-368, Walworth Road, SE17 2NF",NEEDS_CHECK,Tesco store format unclear from FHRS record
,44-46,Borough Road,London,Tesco,Retailers - supermarkets/hypermarkets,7840,0,,363728,176385,528,food@southwark.gov.uk,Southwark,http://www.southwark.gov.uk/,False,,SE1 0AJ,2023-05-24T00:00:00,fhrs_5_en-gb,5,,FHRS,-0.100422,51.499262,0.0,0.0,0.0,Tesco,tesco,"44-46, Borough Road, SE1 0AJ",NEEDS_CHECK,Tesco store format unclear from FHRS record
Unit 1,15,Great Suffolk Street,London,Tesco,Retailers - supermarkets/hypermarkets,7840,0,,363731,176586,528,food@southwark.gov.uk,Southwark,http://www.southwark.gov.uk/,False,,SE1 0NS,2026-01-24T00:00:00,fhrs_5_en-gb,5,,FHRS,-0.1010746,51.5051056,0.0,0.0,0.0,Tesco,tesco,"Unit 1, 15, Great Suffolk Street, SE1 0NS",NEEDS_CHECK,Tesco store format unclear from FHRS record
,125,Tooley Street,London,Tesco,Retailers - supermarkets/hypermarkets,7840,0,,363897,178528,528,food@southwark.gov.uk,Southwark,http://www.southwark.gov.uk/,False,,SE1 2RS,2026-04-27T00:00:00,fhrs_5_en-gb,5,,FHRS,-0.080878,51.504915,0.0,0.0,0.0,Tesco,tesco,"125, Tooley Street, SE1 2RS",NEEDS_CHECK,Tesco store format unclear from FHRS record
,107,Dunton Road,London,Tesco,Retailers - supermarkets/hypermarkets,7840,0,,364518,3288,528,food@southwark.gov.uk,Southwark,http://www.southwark.gov.uk/,False,,SE1 5HG,2024-09-17T00:00:00,fhrs_5_en-gb,5,,FHRS,-0.076127,51.488749,0.0,5.0,5.0,Tesco,tesco,"107, Dunton Road, SE1 5HG",NEEDS_CHECK,Tesco store format unclear from FHRS record
1 Surrey Quays Shopping Centre,,Redriff Road,London,Tesco,Retailers - supermarkets/hypermarkets,7840,0,,364525,3300,528,food@southwark.gov.uk,Southwark,http://www.southwark.gov.uk/,False,,SE16 7LL,2024-10-01T00:00:00,fhrs_5_en-gb,5,,FHRS,-0.046976,51.495408,5.0,5.0,5.0,Tesco,tesco,"1 Surrey Quays Shopping Centre, Redriff Road, SE16 7LL",NEEDS_CHECK,Tesco store format unclear from FHRS record
,80,Dog Kennel Hill,London,Sainsburys supermarkets ltd,Retailers - supermarkets/hypermarkets,7840,0,,364527,3307,528,food@southwark.gov.uk,Southwark,http://www.southwark.gov.uk/,False,,SE22 8BB,2026-04-23T00:00:00,fhrs_5_en-gb,5,,FHRS,-0.085189,51.461884,0.0,0.0,0.0,Sainsbury's,sainsburys supermarkets ltd,"80, Dog Kennel Hill, SE22 8BB",NEEDS_CHECK,Sainsbury's store format unclear from FHRS record
Unit 3,6,More London Place,London,Marks and spencer,Retailers - supermarkets/hypermarkets,7840,0,,364904,59194,528,food@southwark.gov.uk,Southwark,http://www.southwark.gov.uk/,False,,SE1 2DA,2026-01-19T00:00:00,fhrs_5_en-gb,5,,FHRS,-0.083201,51.505196,0.0,5.0,0.0,M&S,marks and spencer,"Unit 3, 6, More London Place, SE1 2DA",NEEDS_CHECK,Larger M&S store: bakery provision to confirm
Asda,464-504,Old Kent Road,London,Asda,Retailers - supermarkets/hypermarkets,7840,0,,364944,62007,528,food@southwark.gov.uk,Southwark,http://www.southwark.gov.uk/,False,,SE1 5AG,2026-01-08T00:00:00,fhrs_5_en-gb,5,,FHRS,-0.0698756,51.4851041,0.0,0.0,0.0,Asda,asda,"Asda, 464-504, Old Kent Road, SE1 5AG",NEEDS_CHECK,Asda store format unclear from FHRS record
,5a-9,East Dulwich Road,London,Tesco,Retailers - supermarkets/hypermarkets,7840,0,,365040,77931,528,food@southwark.gov.uk,Southwark,http://www.southwark.gov.uk/,False,,SE22 9BD,2026-01-10T00:00:00,fhrs_5_en-gb,5,,FHRS,-0.068618,51.46189,0.0,0.0,0.0,Tesco,tesco,"5a-9, East Dulwich Road, SE22 9BD",NEEDS_CHECK,Tesco store format unclear from FHRS record
,48,East Street,London,Daily fresh supermarket,Retailers - supermarkets/hypermarkets,7840,0,,467672,179348,528,food@southwark.gov.uk,Southwark,http://www.southwark.gov.uk/,False,,SE17 2DN,2025-01-08T00:00:00,fhrs_3_en-gb,3,,FHRS,-0.093948,51.487979,10.0,10.0,10.0,,daily fresh supermarket,"48, East Street, SE17 2DN",NEEDS_CHECK,Independent or other supermarket
,157,New Kent Road,London,Tesco,Retailers - supermarkets/hypermarkets,7840,0,,487182,181641,528,food@southwark.gov.uk,Southwark,http://www.southwark.gov.uk/,False,,SE1 4AG,2026-03-02T00:00:00,fhrs_5_en-gb,5,,FHRS,-0.091824,51.494357,0.0,0.0,0.0,Tesco,tesco,"157, New Kent Road, SE1 4AG",NEEDS_CHECK,Tesco store format unclear from FHRS record
,173-181,Rotherhithe New Road,London,Costcutters,Retailers - supermarkets/hypermarkets,7840,0,,521962,180673,528,food@southwark.gov.uk,Southwark,http://www.southwark.gov.uk/,False,,SE16 2BE,2022-10-31T00:00:00,fhrs_5_en-gb,5,,FHRS,-0.053326,51.490729,0.0,5.0,5.0,,costcutters,"173-181, Rotherhithe New Road, SE16 2BE",NEEDS_CHECK,Independent or other supermarket
,30-32,Surrey Quays Road,London,Sainsbury's,Retailers - supermarkets/hypermarkets,7840,0,,617531,183194,528,food@southwark.gov.uk,Southwark,http://www.southwark.gov.uk/,False,,SE16 7ED,2024-10-02T00:00:00,fhrs_5_en-gb,5,,FHRS,-0.0496652,51.4983127,5.0,5.0,0.0,Sainsbury's,sainsbury's,"30-32, Surrey Quays Road, SE16 7ED",NEEDS_CHECK,Sainsbury's store format unclear from FHRS record
Retail Unit South,160,Blackfriars Road,London,Sainsbury's,Retailers - supermarkets/hypermarkets,7840,0,,635611,182922,528,food@southwark.gov.uk,Southwark,http://www.southwark.gov.uk/,False,,SE1 8EZ,2026-06-16T00:00:00,fhrs_4_en-gb,4,,FHRS,,,5.0,10.0,0.0,Sainsbury's,sainsbury's,"Retail Unit South, 160, Blackfriars Road, SE1 8EZ",NEEDS_CHECK,Sainsbury's store format unclear from FHRS record
Ground Floor,18,Great Suffolk Street,London,Sainsbury's,Retailers - supermarkets/hypermarkets,7840,0,,654165,183126,528,food@southwark.gov.uk,Southwark,http://www.southwark.gov.uk/,False,,SE1 0UG,2026-01-24T00:00:00,fhrs_5_en-gb,5,,FHRS,-0.1013144,51.5053244,0.0,0.0,0.0,Sainsbury's,sainsbury's,"Ground Floor, 18, Great Suffolk Street, SE1 0UG",NEEDS_CHECK,Sainsbury's store format unclear from FHRS record
,78,Jamaica Road,London,Tesco,Retailers - supermarkets/hypermarkets,7840,0,,665567,183272,528,food@southwark.gov.uk,Southwark,http://www.southwark.gov.uk/,False,,SE16 4BA,2026-01-19T00:00:00,fhrs_5_en-gb,5,,FHRS,-0.0682049989700317,51.4979705810547,0.0,0.0,0.0,Tesco,tesco,"78, Jamaica Road, SE16 4BA",NEEDS_CHECK,Tesco store format unclear from FHRS record
,3-11,The Cut,London,Tesco,Retailers - supermarkets/hypermarkets,7840,0,,692048,183830,528,food@southwark.gov.uk,Southwark,http://www.southwark.gov.uk/,False,,SE1 8JZ,2026-01-28T00:00:00,fhrs_5_en-gb,5,,FHRS,-0.105,51.503527,0.0,0.0,0.0,Tesco,tesco,"3-11, The Cut, SE1 8JZ",NEEDS_CHECK,Tesco store format unclear from FHRS record
,192-196,Jamaica Road,London,Sainsbury's,Retailers - supermarkets/hypermarkets,7840,0,,714781,183741,528,food@southwark.gov.uk,Southwark,http://www.southwark.gov.uk/,False,,SE16 4RT,2026-02-06T00:00:00,fhrs_5_en-gb,5,,FHRS,-0.062358,51.498226,0.0,5.0,5.0,Sainsbury's,sainsbury's,"192-196, Jamaica Road, SE16 4RT",NEEDS_CHECK,Sainsbury's store format unclear from FHRS record
,171,Long Lane,London,Sainsbury's,Retailers - supermarkets/hypermarkets,7840,0,,745075,182928,528,food@southwark.gov.uk,Southwark,http://www.southwark.gov.uk/,False,,SE1 4PN,2026-01-29T00:00:00,fhrs_5_en-gb,5,,FHRS,-0.084478,51.498769,0.0,5.0,0.0,Sainsbury's,sainsbury's,"171, Long Lane, SE1 4PN",NEEDS_CHECK,Sainsbury's store format unclear from FHRS record
,316-322,Camberwell New Road,London,Tesco,Retailers - supermarkets/hypermarkets,7840,0,,781509,180591,528,food@southwark.gov.uk,Southwark,http://www.southwark.gov.uk/,False,,SE5 0RW,2026-01-21T00:00:00,fhrs_5_en-gb,5,,FHRS,-0.09532,51.474737,5.0,5.0,5.0,Tesco,tesco,"316-322, Camberwell New Road, SE5 0RW",NEEDS_CHECK,Tesco store format unclear from FHRS record
,58a,Great Dover Street,London,Sainsbury's,Retailers - supermarkets/hypermarkets,7840,0,,781532,184072,528,food@southwark.gov.uk,Southwark,http://www.southwark.gov.uk/,False,,SE1 4YF,2023-07-25T00:00:00,fhrs_5_en-gb,5,,FHRS,-0.0900304,51.4974036,5.0,5.0,0.0,Sainsbury's,sainsbury's,"58a, Great Dover Street, SE1 4YF",NEEDS_CHECK,Sainsbury's store format unclear from FHRS record
,37-41,Peckham Road,London,Sainsbury's,Retailers - supermarkets/hypermarkets,7840,0,,910657,186649,528,food@southwark.gov.uk,Southwark,http://www.southwark.gov.uk/,False,,SE5  8UH,2026-01-21T00:00:00,fhrs_5_en-gb,5,,FHRS,-0.079688,51.474248,0.0,5.0,0.0,Sainsbury's,sainsbury's,"37-41, Peckham Road, SE5  8UH",NEEDS_CHECK,Sainsbury's store format unclear from FHRS record
,20,Stamford Street,London,Waitrose,Retailers - supermarkets/hypermarkets,7840,0,,980450,185738,528,food@southwark.gov.uk,Southwark,http://www.southwark.gov.uk/,False,,SE1 9LQ,2024-06-25T00:00:00,fhrs_5_en-gb,5,,FHRS,-0.1071879,51.5076445,0.0,5.0,0.0,Waitrose,waitrose,"20, Stamford Street, SE1 9LQ",NEEDS_CHECK,Full Waitrose store: bakery provision to confirm
,83-89,Queens Road,London,Sainsbury,Retailers - supermarkets/hypermarkets,7840,0,,980451,185810,528,food@southwark.gov.uk,Southwark,http://www.southwark.gov.uk/,False,,SE15 2EZ,2026-01-17T00:00:00,fhrs_5_en-gb,5,,FHRS,-0.0594840012490749,51.4739608764648,5.0,5.0,5.0,Sainsbury's,sainsbury,"83-89, Queens Road, SE15 2EZ",NEEDS_CHECK,Sainsbury's store format unclear from FHRS record
,84-90,Lordship Lane,London,Marks & spencer simply foods,Retailers - supermarkets/hypermarkets,7840,0,,1028965,186675,528,food@southwark.gov.uk,Southwark,http://www.southwark.gov.uk/,False,,SE22 8HF,2026-01-30T00:00:00,fhrs_5_en-gb,5,,FHRS,-0.075699,51.457493,5.0,5.0,5.0,M&S,marks & spencer simply foods,"84-90, Lordship Lane, SE22 8HF",NEEDS_CHECK,Larger M&S store: bakery provision to confirm
,150,Blackfriars Road,London,Tesco,Retailers - supermarkets/hypermarkets,7840,0,,1043886,188388,528,food@southwark.gov.uk,Southwark,http://www.southwark.gov.uk/,False,,SE1 8EL,2026-02-06T00:00:00,fhrs_4_en-gb,4,,FHRS,-0.104336999356747,51.5005302429199,5.0,10.0,5.0,Tesco,tesco,"150, Blackfriars Road, SE1 8EL",NEEDS_CHECK,Tesco store format unclear from FHRS record
,19,Spa Road,London,Sainsbury's,Retailers - supermarkets/hypermarkets,7840,0,,1053383,184090,528,food@southwark.gov.uk,Southwark,http://www.southwark.gov.uk/,False,,SE16 3SA,2026-02-04T00:00:00,fhrs_5_en-gb,5,,FHRS,-0.0736499,51.4960205,0.0,5.0,0.0,Sainsbury's,sainsbury's,"19, Spa Road, SE16 3SA",NEEDS_CHECK,Sainsbury's store format unclear from FHRS record
,40,New Kent Road,London,Sainsbury's,Retailers - supermarkets/hypermarkets,7840,0,,1061966,187587,528,food@southwark.gov.uk,Southwark,http://www.southwark.gov.uk/,False,,SE1 6TJ,2025-05-21T00:00:00,fhrs_5_en-gb,5,,FHRS,-0.0965936,51.4943384,0.0,0.0,0.0,Sainsbury's,sainsbury's,"40, New Kent Road, SE1 6TJ",NEEDS_CHECK,Sainsbury's store format unclear from FHRS record
,18-22,Grove Vale,London,Marks & spencer,Retailers - supermarkets/hypermarkets,7840,0,,1093542,192129,528,food@southwark.gov.uk,Southwark,http://www.southwark.gov.uk/,False,,SE22 8EF,2026-01-24T00:00:00,fhrs_5_en-gb,5,,FHRS,-0.080449,51.461636,5.0,5.0,5.0,M&S,marks & spencer,"18-22, Grove Vale, SE22 8EF",NEEDS_CHECK,Larger M&S store: bakery provision to confirm
Tesco,127-143,Borough High Street,London,Tesco,Retailers - supermarkets/hypermarkets,7840,0,,1135503,185286,528,food@southwark.gov.uk,Southwark,http://www.southwark.gov.uk/,False,,SE1 1NP,2026-01-24T00:00:00,fhrs_5_en-gb,5,,FHRS,-0.0912138,51.5034461,0.0,0.0,0.0,Tesco,tesco,"Tesco, 127-143, Borough High Street, SE1 1NP",NEEDS_CHECK,Tesco store format unclear from FHRS record
Warehouse,310-326,St Jamess Road,London,Unity traders limited,Retailers - supermarkets/hypermarkets,7840,0,,1316501,197709,528,food@southwark.gov.uk,Southwark,http://www.southwark.gov.uk/,False,,SE1 5JX,2025-04-15T00:00:00,fhrs_4_en-gb,4,,FHRS,-0.0660032,51.4857327,10.0,0.0,5.0,,unity traders limited,"Warehouse, 310-326, St Jamess Road, SE1 5JX",NEEDS_CHECK,Independent or other supermarket
,244-246,Camberwell Road,London,Ar camberwell supermarket,Retailers - supermarkets/hypermarkets,7840,0,,1372524,198137,528,food@southwark.gov.uk,Southwark,http://www.southwark.gov.uk/,False,,SE5 0DP,2025-07-03T00:00:00,fhrs_4_en-gb,4,,FHRS,-0.094343,51.47679,5.0,10.0,5.0,,ar camberwell supermarket,"244-246, Camberwell Road, SE5 0DP",NEEDS_CHECK,Independent or other supermarket
,88,Dulwich Village,London,Simply fresh,Retailers - supermarkets/hypermarkets,7840,0,,1397487,198401,528,food@southwark.gov.uk,Southwark,http://www.southwark.gov.uk/,False,,SE21 7AQ,2023-06-14T00:00:00,fhrs_4_en-gb,4,,FHRS,-0.085894,51.448478,0.0,10.0,0.0,,simply fresh,"88, Dulwich Village, SE21 7AQ",NEEDS_CHECK,Independent or other supermarket
,240,Camberwell Road,London,Budgens camberwell road,Retailers - supermarkets/hypermarkets,7840,0,,1422308,198562,528,food@southwark.gov.uk,Southwark,http://www.southwark.gov.uk/,False,,SE5 0DP,2021-11-23T00:00:00,fhrs_5_en-gb,5,,FHRS,-0.0940099405012134,51.4771115637494,5.0,5.0,5.0,,budgens camberwell road,"240, Camberwell Road, SE5 0DP",NEEDS_CHECK,Independent or other supermarket
,127-129,Half Moon Lane,London,Budgens (dulwich),Retailers - supermarkets/hypermarkets,7840,0,,1426178,198702,528,food@southwark.gov.uk,Southwark,http://www.southwark.gov.uk/,False,,SE24 9JY,2024-10-30T00:00:00,fhrs_5_en-gb,5,,FHRS,-0.093967,51.453313,0.0,0.0,0.0,,budgens (dulwich),"127-129, Half Moon Lane, SE24 9JY",NEEDS_CHECK,Independent or other supermarket
Unit A Gwen Morris House,,Wyndham Road,London,Wyndham supermarket,Retailers - supermarkets/hypermarkets,7840,0,,1608594,200172,528,food@southwark.gov.uk,Southwark,http://www.southwark.gov.uk/,False,,SE5 0AD,2025-08-19T00:00:00,fhrs_5_en-gb,5,,FHRS,-0.095979,51.478642,0.0,0.0,5.0,,wyndham supermarket,"Unit A Gwen Morris House, Wyndham Road, SE5 0AD",NEEDS_CHECK,Independent or other supermarket
,97-99,Commercial Way,London,Londis - commercial way,Retailers - supermarkets/hypermarkets,7840,0,,1625701,200472,528,food@southwark.gov.uk,Southwark,http://www.southwark.gov.uk/,False,,SE15 6DB,2024-07-01T00:00:00,fhrs_5_en-gb,5,,FHRS,-0.0734163,51.4773026,0.0,0.0,5.0,,londis - commercial way,"97-99, Commercial Way, SE15 6DB",NEEDS_CHECK,Independent or other supermarket
,2,Kirkwood Road,London,Nisa nunhead express,Retailers - supermarkets/hypermarkets,7840,0,,1630534,200502,528,food@southwark.gov.uk,Southwark,http://www.southwark.gov.uk/,False,,SE15 3XX,2023-06-05T00:00:00,fhrs_5_en-gb,5,,FHRS,-0.058254,51.466971,5.0,5.0,5.0,,nisa nunhead express,"2, Kirkwood Road, SE15 3XX",NEEDS_CHECK,Independent or other supermarket
,170,Camberwell Road,London,Sainsbury's,Retailers - supermarkets/hypermarkets,7840,0,,1662822,200702,528,food@southwark.gov.uk,Southwark,http://www.southwark.gov.uk/,False,,SE5 0EE,2025-10-13T00:00:00,fhrs_5_en-gb,5,,FHRS,-0.094426,51.4792518,0.0,0.0,0.0,Sainsbury's,sainsbury's,"170, Camberwell Road, SE5 0EE",NEEDS_CHECK,Sainsbury's store format unclear from FHRS record
Shop Unit 2 Gwent Court,,Rotherhithe Street,London,Mogul,Retailers - supermarkets/hypermarkets,7840,0,,1664084,200322,528,food@southwark.gov.uk,Southwark,http://www.southwark.gov.uk/,False,,SE16 5SW,2025-07-09T00:00:00,fhrs_3_en-gb,3,,FHRS,-0.043539,51.506366,10.0,10.0,10.0,,mogul,"Shop Unit 2 Gwent Court, Rotherhithe Street, SE16 5SW",NEEDS_CHECK,Independent or other supermarket
,141,Jamaica Road,London,City wines,Retailers - supermarkets/hypermarkets,7840,0,,1675156,200817,528,food@southwark.gov.uk,Southwark,http://www.southwark.gov.uk/,False,,SE16 4SH,2025-10-11T00:00:00,fhrs_5_en-gb,5,,FHRS,-0.066082,51.498395,5.0,5.0,5.0,,city wines,"141, Jamaica Road, SE16 4SH",NEEDS_CHECK,Independent or other supermarket
,252,Old Kent Road,London,Zaitoon food market,Retailers - supermarkets/hypermarkets,7840,0,,1681597,201043,528,food@southwark.gov.uk,Southwark,http://www.southwark.gov.uk/,False,,SE1 5UB,2024-07-29T00:00:00,fhrs_2_en-gb,2,,FHRS,-0.079175,51.489213,15.0,10.0,10.0,,zaitoon food market,"252, Old Kent Road, SE1 5UB",NEEDS_CHECK,Independent or other supermarket
,282-286,Old Kent Road,London,Ali's halal butchers ltd t/a tariq halal,Retailers - supermarkets/hypermarkets,7840,0,,1692075,201166,528,food@southwark.gov.uk,Southwark,http://www.southwark.gov.uk/,False,,SE1 5UE,2024-07-29T00:00:00,fhrs_2_en-gb,2,,FHRS,-0.0780898,51.4886419,10.0,15.0,10.0,,ali's halal butchers ltd t/a tariq halal,"282-286, Old Kent Road, SE1 5UE",NEEDS_CHECK,Independent or other supermarket
Basement And Ground Floor,214-216,Borough High Street,London,Borough supermarket,Retailers - supermarkets/hypermarkets,7840,0,,1727200,200310,528,food@southwark.gov.uk,Southwark,http://www.southwark.gov.uk/,False,,SE1 1JX,2024-05-17T00:00:00,fhrs_3_en-gb,3,,FHRS,-0.094209,51.501058,10.0,10.0,10.0,,borough supermarket,"Basement And Ground Floor, 214-216, Borough High Street, SE1 1JX",NEEDS_CHECK,Independent or other supermarket
,1,Lockwood Square,London,Londis - lockwood,Retailers - supermarkets/hypermarkets,7840,0,,1732924,200984,528,food@southwark.gov.uk,Southwark,http://www.southwark.gov.uk/,False,,SE16 2HS,2024-06-04T00:00:00,fhrs_5_en-gb,5,,FHRS,-0.061448,51.496223,5.0,5.0,5.0,,londis - lockwood,"1, Lockwood Square, SE16 2HS",NEEDS_CHECK,Independent or other supermarket
Unit 1 To 3,22,Elephant And Castle,London,Sainsbury's,Retailers - supermarkets/hypermarkets,7840,0,,1776753,198582,528,food@southwark.gov.uk,Southwark,http://www.southwark.gov.uk/,False,,SE1 6BH,2026-01-19T00:00:00,fhrs_5_en-gb,5,,FHRS,,,0.0,0.0,0.0,Sainsbury's,sainsbury's,"Unit 1 To 3, 22, Elephant And Castle, SE1 6BH",NEEDS_CHECK,Sainsbury's store format unclear from FHRS record
,7,Borough High Street,London,Gkss limited t/a oseyo,Retailers - supermarkets/hypermarkets,7840,0,,1776772,202119,528,food@southwark.gov.uk,Southwark,http://www.southwark.gov.uk/,False,,SE1 9SU,2025-04-04T00:00:00,fhrs_5_en-gb,5,,FHRS,-0.088313,51.505963,5.0,5.0,5.0,,gkss limited t/a oseyo,"7, Borough High Street, SE1 9SU",NEEDS_CHECK,Independent or other supermarket
,1a,Zenoria Street,London,Chilli & garlic,Retailers - supermarkets/hypermarkets,7840,0,,1813210,202476,528,food@southwark.gov.uk,Southwark,http://www.southwark.gov.uk/,False,,SE22 8HP,2025-05-25T00:00:00,fhrs_5_en-gb,5,,FHRS,-0.0756402,51.4602193,5.0,5.0,5.0,,chilli & garlic,"1a, Zenoria Street, SE22 8HP",NEEDS_CHECK,Independent or other supermarket
Units 1 And 2,19-19a,Great Guildford Street,London,Shop 19,Retailers - supermarkets/hypermarkets,7840,0,,1843408,202699,528,food@southwark.gov.uk,Southwark,http://www.southwark.gov.uk/,False,,SE1 9EZ,2025-10-20T00:00:00,fhrs_3_en-gb,3,,FHRS,-0.09715,51.505503,5.0,10.0,10.0,,shop 19,"Units 1 And 2, 19-19a, Great Guildford Street, SE1 9EZ",NEEDS_CHECK,Independent or other supermarket
,15-21,Camberwell Road,London,Sainsburys,Retailers - supermarkets/hypermarkets,7840,0,,1856471,202094,528,food@southwark.gov.uk,Southwark,http://www.southwark.gov.uk/,False,,SE5 0EZ,2025-10-13T00:00:00,fhrs_5_en-gb,5,,FHRS,-0.0942758,51.4840465,0.0,0.0,0.0,Sainsbury's,sainsburys,"15-21, Camberwell Road, SE5 0EZ",NEEDS_CHECK,Sainsbury's store format unclear from FHRS record
,14,Camberwell Church Street,,R  k news,Retailers - supermarkets/hypermarkets,7840,0,,1870116,203010,528,food@southwark.gov.uk,Southwark,http://www.southwark.gov.uk/,False,,,2026-01-08T00:00:00,fhrs_4_en-gb,4,,FHRS,-0.0915145,51.4739386,5.0,10.0,5.0,,r  k news,"14, Camberwell Church Street",NEEDS_CHECK,Independent or other supermarket
Ground Floor Front,154,Camberwell Road,London,Seehra supermarket,Retailers - supermarkets/hypermarkets,7840,0,,1884690,203123,528,food@southwark.gov.uk,Southwark,http://www.southwark.gov.uk/,False,,SE5 0EE,2025-11-08T00:00:00,fhrs_3_en-gb,3,,FHRS,-0.0946338,51.4796009,10.0,10.0,5.0,,seehra supermarket,"Ground Floor Front, 154, Camberwell Road, SE5 0EE",NEEDS_CHECK,Independent or other supermarket
,109,Tower Bridge Road,London,Village green wholefood limited,Retailers - supermarkets/hypermarkets,7840,0,,1902090,203269,528,food@southwark.gov.uk,Southwark,http://www.southwark.gov.uk/,False,,SE1 4TW,2025-12-27T00:00:00,fhrs_5_en-gb,5,,FHRS,-0.082594,51.4967696,5.0,5.0,5.0,,village green wholefood limited,"109, Tower Bridge Road, SE1 4TW",NEEDS_CHECK,Independent or other supermarket
,143,Rye Lane,London,Rye afro & caribbean foods,Retailers - supermarkets/hypermarkets,7840,0,,1916372,203403,528,food@southwark.gov.uk,Southwark,http://www.southwark.gov.uk/,False,,SE15 4ST,2026-03-06T00:00:00,fhrs_4_en-gb,4,,FHRS,-0.0677206,51.4692715,10.0,5.0,5.0,,rye afro & caribbean foods,"143, Rye Lane, SE15 4ST",NEEDS_CHECK,Independent or other supermarket
61-63 London Bridge Station,,St Thomas Street,London,Sainsburys,Retailers - supermarkets/hypermarkets,7840,0,,1947451,202892,528,food@southwark.gov.uk,Southwark,http://www.southwark.gov.uk/,False,,SE1 3QX,2026-06-22T00:00:00,fhrs_5_en-gb,5,,FHRS,-0.0839181,51.5030483,0.0,0.0,0.0,Sainsbury's,sainsburys,"61-63 London Bridge Station, St Thomas Street, SE1 3QX",NEEDS_CHECK,Sainsbury's store format unclear from FHRS record
Unit 5,193-221,Southwark Park Road,London,Sainsbury's,Retailers - supermarkets/hypermarkets,7840,0,,1947457,203627,528,food@southwark.gov.uk,Southwark,http://www.southwark.gov.uk/,False,,SE16 3TU,2026-05-21T00:00:00,fhrs_5_en-gb,5,,FHRS,-0.0645424,51.4923523,0.0,0.0,0.0,Sainsbury's,sainsbury's,"Unit 5, 193-221, Southwark Park Road, SE16 3TU",NEEDS_CHECK,Sainsbury's store format unclear from FHRS record
,55,Camberwell Road,London,La fama butcher ltd,Retailers - supermarkets/hypermarkets,7840,0,,1965191,203710,528,food@southwark.gov.uk,Southwark,http://www.southwark.gov.uk/,False,,SE5 0EZ,1901-01-01T00:00:00,fhrs_awaitinginspection_en-gb,AwaitingInspection,,FHRS,-0.0938315,51.4833018,,,,,la fama butcher ltd,"55, Camberwell Road, SE5 0EZ",NEEDS_CHECK,Independent or other supermarket
229 High Street,Sutton,,,Asda,Retailers - supermarkets/hypermarkets,7840,0,,570869,03/00006/COM,529,food.safety@sutton.gov.uk,Sutton,http://www.sutton.gov.uk,False,,SM1 1LD,2025-02-26T00:00:00,fhrs_5_en-gb,5,,FHRS,-0.195252,51.367859,5.0,5.0,5.0,Asda,asda,"229 High Street, Sutton, SM1 1LD",NEEDS_CHECK,Asda store format unclear from FHRS record
Marlowe Way,Beddington,,,Asda,Retailers - supermarkets/hypermarkets,7840,0,,570872,04/00003/COM,529,food.safety@sutton.gov.uk,Sutton,http://www.sutton.gov.uk,False,,CR0 4XS,2025-11-04T00:00:00,fhrs_5_en-gb,5,,FHRS,-0.128026,51.375761,0.0,0.0,0.0,Asda,asda,"Marlowe Way, Beddington, CR0 4XS",NEEDS_CHECK,Asda store format unclear from FHRS record
2 Stafford Road,Wallington,,,Sainsbury's,Retailers - supermarkets/hypermarkets,7840,0,,570913,04703/0002/0/000,529,food.safety@sutton.gov.uk,Sutton,http://www.sutton.gov.uk,False,,SM6 9AA,2023-10-11T00:00:00,fhrs_5_en-gb,5,,FHRS,-0.14643,51.358392,0.0,5.0,5.0,Sainsbury's,sainsbury's,"2 Stafford Road, Wallington, SM6 9AA",NEEDS_CHECK,Sainsbury's store format unclear from FHRS record
566 London Road,North Cheam,,,Sainsbury's,Retailers - supermarkets/hypermarkets,7840,0,,571016,06550/0566/0/000,529,food.safety@sutton.gov.uk,Sutton,http://www.sutton.gov.uk,False,,SM3 9AA,2025-04-11T00:00:00,fhrs_5_en-gb,5,,FHRS,-0.225716,51.372119,5.0,5.0,0.0,Sainsbury's,sainsbury's,"566 London Road, North Cheam, SM3 9AA",NEEDS_CHECK,Sainsbury's store format unclear from FHRS record
28 - 32 The Broadway,Cheam,,,Waitrose Ltd,Retailers - supermarkets/hypermarkets,7840,0,,571090,10/00142/COM,529,food.safety@sutton.gov.uk,Sutton,http://www.sutton.gov.uk,False,,SM3 8BD,2023-12-12T00:00:00,fhrs_5_en-gb,5,,FHRS,-0.2164153,51.3587121,0.0,5.0,0.0,Waitrose,waitrose ltd,"28 - 32 The Broadway, Cheam, SM3 8BD",NEEDS_CHECK,Full Waitrose store: bakery provision to confirm
144 - 146 High Street,Sutton,,,Marks And Spencer,Retailers - supermarkets/hypermarkets,7840,0,,745039,06455/0146/0/000,529,food.safety@sutton.gov.uk,Sutton,http://www.sutton.gov.uk,False,,SM1 1NQ,2024-01-19T00:00:00,fhrs_5_en-gb,5,,FHRS,-0.1932568,51.3641763,5.0,5.0,0.0,M&S,marks and spencer,"144 - 146 High Street, Sutton, SM1 1NQ",NEEDS_CHECK,Larger M&S store: bakery provision to confirm
1 Stone Place,Worcester Park,,,Waitrose,Retailers - supermarkets/hypermarkets,7840,0,,754279,06170/0139/0/000,529,food.safety@sutton.gov.uk,Sutton,http://www.sutton.gov.uk,False,,KT4 8DX,2024-06-05T00:00:00,fhrs_5_en-gb,5,,FHRS,-0.243571,51.378206,0.0,5.0,0.0,Waitrose,waitrose,"1 Stone Place, Worcester Park, KT4 8DX",NEEDS_CHECK,Full Waitrose store: bakery provision to confirm
10 Lower Road,Sutton,,,Tesco,Retailers - supermarkets/hypermarkets,7840,0,,781592,13/00170/COM,529,food.safety@sutton.gov.uk,Sutton,http://www.sutton.gov.uk,False,,SM1 4QW,2024-06-10T00:00:00,fhrs_5_en-gb,5,,FHRS,-0.185,51.365515,0.0,5.0,0.0,Tesco,tesco,"10 Lower Road, Sutton, SM1 4QW",NEEDS_CHECK,Tesco store format unclear from FHRS record
120 - 124 Manor Road,Wallington,,,Wallington  Food Centre,Retailers - supermarkets/hypermarkets,7840,0,,860656,16/00086/COM,529,food.safety@sutton.gov.uk,Sutton,http://www.sutton.gov.uk,False,,SM6 0DS,2024-03-20T00:00:00,fhrs_5_en-gb,5,,FHRS,-0.150736,51.361301,5.0,5.0,5.0,,wallington  food centre,"120 - 124 Manor Road, Wallington, SM6 0DS",NEEDS_CHECK,Independent or other supermarket
1 Stonecot Hill,Sutton,,,Asda,Retailers - supermarkets/hypermarkets,7840,0,,864152,16/00009/COM,529,food.safety@sutton.gov.uk,Sutton,http://www.sutton.gov.uk,False,,SM3 9HB,2025-11-20T00:00:00,fhrs_5_en-gb,5,,FHRS,-0.212024,51.385013,5.0,5.0,0.0,Asda,asda,"1 Stonecot Hill, Sutton, SM3 9HB",NEEDS_CHECK,Asda store format unclear from FHRS record
17 - 19 High Street,Cheam,,,Sainsbury's,Retailers - supermarkets/hypermarkets,7840,0,,898517,06/00117/COM,529,food.safety@sutton.gov.uk,Sutton,http://www.sutton.gov.uk,False,,SM3 8RQ,2024-01-12T00:00:00,fhrs_5_en-gb,5,,FHRS,-0.2154619,51.3581131,0.0,5.0,5.0,Sainsbury's,sainsbury's,"17 - 19 High Street, Cheam, SM3 8RQ",NEEDS_CHECK,Sainsbury's store format unclear from FHRS record
14 - 17 Regent Parade,Brighton Road,Sutton,,Tesco,Retailers - supermarkets/hypermarkets,7840,0,,898526,06112/0002/3/014,529,food.safety@sutton.gov.uk,Sutton,http://www.sutton.gov.uk,False,,SM2 5BQ,2026-07-08T00:00:00,fhrs_5_en-gb,5,,FHRS,-0.1913292,51.3581744,5.0,5.0,0.0,Tesco,tesco,"14 - 17 Regent Parade, Brighton Road, Sutton, SM2 5BQ",NEEDS_CHECK,Tesco store format unclear from FHRS record
Retail Unit,Harcros House,1 - 15 Central Road,Worcester Park,Sainsbury's,Retailers - supermarkets/hypermarkets,7840,0,,898641,07/00004/COM,529,food.safety@sutton.gov.uk,Sutton,http://www.sutton.gov.uk,False,,KT4 8EG,2024-04-18T00:00:00,fhrs_5_en-gb,5,,FHRS,-0.239090994000435,51.3770751953125,0.0,5.0,5.0,Sainsbury's,sainsbury's,"Retail Unit, Harcros House, 1 - 15 Central Road, KT4 8EG",NEEDS_CHECK,Sainsbury's store format unclear from FHRS record
78 Woodcote Road,Wallington,,,Tesco,Retailers - supermarkets/hypermarkets,7840,0,,898811,07/00275/COM,529,food.safety@sutton.gov.uk,Sutton,http://www.sutton.gov.uk,False,,SM6 0LY,2025-04-29T00:00:00,fhrs_5_en-gb,5,,FHRS,-0.149955004453659,51.3586006164551,5.0,0.0,5.0,Tesco,tesco,"78 Woodcote Road, Wallington, SM6 0LY",NEEDS_CHECK,Tesco store format unclear from FHRS record
93 Manor Road,Wallington,,,Sainsbury's,Retailers - supermarkets/hypermarkets,7840,0,,899074,13/00033/COM,529,food.safety@sutton.gov.uk,Sutton,http://www.sutton.gov.uk,False,,SM6 0AT,2025-10-28T00:00:00,fhrs_5_en-gb,5,,FHRS,-0.149971,51.3608315,,,,Sainsbury's,sainsbury's,"93 Manor Road, Wallington, SM6 0AT",NEEDS_CHECK,Sainsbury's store format unclear from FHRS record
77 Angel Hill,Sutton,,,Tesco,Retailers - supermarkets/hypermarkets,7840,0,,899096,13/00151/COM,529,food.safety@sutton.gov.uk,Sutton,http://www.sutton.gov.uk,False,,SM1 3EH,2024-08-31T00:00:00,fhrs_5_en-gb,5,,FHRS,-0.193873,51.374788,0.0,5.0,0.0,Tesco,tesco,"77 Angel Hill, Sutton, SM1 3EH",NEEDS_CHECK,Tesco store format unclear from FHRS record
168 London Road,Hackbridge,,,Sainsbury's,Retailers - supermarkets/hypermarkets,7840,0,,899134,14/00057/COM,529,food.safety@sutton.gov.uk,Sutton,http://www.sutton.gov.uk,False,,SM6 7AN,2024-06-04T00:00:00,fhrs_5_en-gb,5,,FHRS,-0.155713,51.379005,0.0,5.0,5.0,Sainsbury's,sainsbury's,"168 London Road, Hackbridge, SM6 7AN",NEEDS_CHECK,Sainsbury's store format unclear from FHRS record
132 Stanley Park Road,Carshalton,,,Sainsbury's,Retailers - supermarkets/hypermarkets,7840,0,,899141,14/00079/COM,529,food.safety@sutton.gov.uk,Sutton,http://www.sutton.gov.uk,False,,SM5 3JG,2026-06-24T00:00:00,fhrs_5_en-gb,5,,FHRS,-0.162481,51.354957,0.0,0.0,0.0,Sainsbury's,sainsbury's,"132 Stanley Park Road, Carshalton, SM5 3JG",NEEDS_CHECK,Sainsbury's store format unclear from FHRS record
287A High Street,Sutton,,,Sainsbury's,Retailers - supermarkets/hypermarkets,7840,0,,928736,16/00181/COM,529,food.safety@sutton.gov.uk,Sutton,http://www.sutton.gov.uk,False,,SM1 1LD,2024-12-05T00:00:00,fhrs_5_en-gb,5,,FHRS,-0.195251,51.367858,5.0,5.0,5.0,Sainsbury's,sainsbury's,"287A High Street, Sutton, SM1 1LD",NEEDS_CHECK,Sainsbury's store format unclear from FHRS record
Unit 1,Beddington Cross,136 - 138 Beddington Farm Road,Beddington,Holland Bazaar Cash And Carry,Retailers - supermarkets/hypermarkets,7840,0,,943552,17/00026/COM,529,food.safety@sutton.gov.uk,Sutton,http://www.sutton.gov.uk,False,,CR0 4XH,2025-12-09T00:00:00,fhrs_5_en-gb,5,,FHRS,-0.1348656,51.3833146,,,,,holland bazaar cash and carry,"Unit 1, Beddington Cross, 136 - 138 Beddington Farm Road, CR0 4XH",NEEDS_CHECK,Independent or other supermarket
66-72 Grove Road,Sutton,,,OKOK Supermarket,Retailers - supermarkets/hypermarkets,7840,0,,1582222,23/00002/COM,529,food.safety@sutton.gov.uk,Sutton,http://www.sutton.gov.uk,False,,SM1 1BT,2026-01-06T00:00:00,fhrs_4_en-gb,4,,FHRS,-0.194357,51.3600737,5.0,0.0,10.0,,okok supermarket,"66-72 Grove Road, Sutton, SM1 1BT",NEEDS_CHECK,Independent or other supermarket
6 High Street,Sutton,,,Sutton Food Centre,Retailers - supermarkets/hypermarkets,7840,0,,1673388,23/00479/COM,529,food.safety@sutton.gov.uk,Sutton,http://www.sutton.gov.uk,False,,SM1 1HN,2026-01-16T00:00:00,fhrs_4_en-gb,4,,FHRS,-0.1913606,51.3600066,5.0,5.0,10.0,,sutton food centre,"6 High Street, Sutton, SM1 1HN",NEEDS_CHECK,Independent or other supermarket
Unit 1,Anchor Business Park,102 Beddington Lane,Beddington,Saveways,Retailers - supermarkets/hypermarkets,7840,0,,1794625,25/00037/COM,529,food.safety@sutton.gov.uk,Sutton,http://www.sutton.gov.uk,False,,CR0 4YX,2025-02-17T00:00:00,fhrs_5_en-gb,5,,FHRS,-0.1304481,51.3727697,5.0,0.0,5.0,,saveways,"Unit 1, Anchor Business Park, 102 Beddington Lane, CR0 4YX",NEEDS_CHECK,Independent or other supermarket
563 - 567 London Road,North Cheam,,,Elif Food Centre,Retailers - supermarkets/hypermarkets,7840,0,,1814676,25/00108/COM,529,food.safety@sutton.gov.uk,Sutton,http://www.sutton.gov.uk,False,,SM3 9AE,2025-05-07T00:00:00,fhrs_5_en-gb,5,,FHRS,-0.2268991,51.3725219,5.0,5.0,5.0,,elif food centre,"563 - 567 London Road, North Cheam, SM3 9AE",NEEDS_CHECK,Independent or other supermarket
Unit 4 Level 1,Times Square Shopping Centre,High Street,Sutton,Seewoo Supermarket,Retailers - supermarkets/hypermarkets,7840,0,,1904418,25/00597/COM,529,food.safety@sutton.gov.uk,Sutton,http://www.sutton.gov.uk,True,,SM1 1LF,1901-01-01T00:00:00,fhrs_awaitinginspection_en-gb,AwaitingInspection,,FHRS,,,,,,,seewoo supermarket,"Unit 4 Level 1, Times Square Shopping Centre, High Street, SM1 1LF",NEEDS_CHECK,Independent or other supermarket
2 Station Way,Cheam,,,Premier Cheam Village Store,Retailers - supermarkets/hypermarkets,7840,0,,1936513,26/00206/COM,529,food.safety@sutton.gov.uk,Sutton,http://www.sutton.gov.uk,False,,SM3 8SW,2026-04-29T00:00:00,fhrs_5_en-gb,5,,FHRS,-0.216659,51.357089,5.0,5.0,5.0,,premier cheam village store,"2 Station Way, Cheam, SM3 8SW",NEEDS_CHECK,Independent or other supermarket
1 High Street,Sutton,,,Sainsburys,Retailers - supermarkets/hypermarkets,7840,0,,1961531,26/00301/COM,529,food.safety@sutton.gov.uk,Sutton,http://www.sutton.gov.uk,False,,SM1 1DF,2026-06-29T00:00:00,fhrs_5_en-gb,5,,FHRS,-0.1916074,51.3595007,0.0,0.0,0.0,Sainsbury's,sainsburys,"1 High Street, Sutton, SM1 1DF",NEEDS_CHECK,Sainsbury's store format unclear from FHRS record
Tesco Stores Ltd,Hancock Road,London,,Tesco,Retailers - supermarkets/hypermarkets,7840,0,,41230,10233,530,foodsafety@towerhamlets.gov.uk,Tower Hamlets,http://www.towerhamlets.gov.uk,False,,E3 3DA,2025-08-18T00:00:00,fhrs_5_en-gb,5,,FHRS,-0.01058,51.527268,0.0,5.0,0.0,Tesco,tesco,"Tesco Stores Ltd, Hancock Road, London, E3 3DA",NEEDS_CHECK,Tesco store format unclear from FHRS record
Sainsbury Foodstore,1 Cambridge Heath Road,London,,Sainsbury's,Retailers - supermarkets/hypermarkets,7840,0,,44301,10753,530,foodsafety@towerhamlets.gov.uk,Tower Hamlets,http://www.towerhamlets.gov.uk,False,,E1 5SD,2025-10-13T00:00:00,fhrs_5_en-gb,5,,FHRS,-0.058772,51.521224,0.0,0.0,0.0,Sainsbury's,sainsbury's,"Sainsbury Foodstore, 1 Cambridge Heath Road, London, E1 5SD",NEEDS_CHECK,Sainsbury's store format unclear from FHRS record
Tesco,15 Cabot Square,London,,Tesco,Retailers - supermarkets/hypermarkets,7840,0,,44830,10866,530,foodsafety@towerhamlets.gov.uk,Tower Hamlets,http://www.towerhamlets.gov.uk,False,,E14 4QT,2025-08-27T00:00:00,fhrs_5_en-gb,5,,FHRS,-0.0209306,51.5050883,5.0,5.0,0.0,Tesco,tesco,"Tesco, 15 Cabot Square, London, E14 4QT",NEEDS_CHECK,Tesco store format unclear from FHRS record
Tesco  Unit 1-5 Merchants Quarter,Bow Road,London,,Tesco,Retailers - supermarkets/hypermarkets,7840,0,,65927,148456,530,foodsafety@towerhamlets.gov.uk,Tower Hamlets,http://www.towerhamlets.gov.uk,False,,E3 2AD,2025-04-24T00:00:00,fhrs_5_en-gb,5,,FHRS,-0.029649,51.5264402,0.0,5.0,5.0,Tesco,tesco,"Tesco  Unit 1-5 Merchants Quarter, Bow Road, London, E3 2AD",NEEDS_CHECK,Tesco store format unclear from FHRS record
Tesco  Unit 1 Poplar Business Park,Poplar High Street,London,,Tesco,Retailers - supermarkets/hypermarkets,7840,0,,66016,148694,530,foodsafety@towerhamlets.gov.uk,Tower Hamlets,http://www.towerhamlets.gov.uk,False,,E14 9RL,2025-06-05T00:00:00,fhrs_5_en-gb,5,,FHRS,,,5.0,0.0,5.0,Tesco,tesco,"Tesco  Unit 1 Poplar Business Park, Poplar High Street, London, E14 9RL",NEEDS_CHECK,Tesco store format unclear from FHRS record
Tesco,114-116 Violet Road,London,,Tesco,Retailers - supermarkets/hypermarkets,7840,0,,66372,149292,530,foodsafety@towerhamlets.gov.uk,Tower Hamlets,http://www.towerhamlets.gov.uk,False,,E3 3QH,2024-11-20T00:00:00,fhrs_5_en-gb,5,,FHRS,-0.0170009,51.5190303,0.0,5.0,0.0,Tesco,tesco,"Tesco, 114-116 Violet Road, London, E3 3QH",NEEDS_CHECK,Tesco store format unclear from FHRS record
Tesco,452 Hackney Road,London,,Tesco,Retailers - supermarkets/hypermarkets,7840,0,,66644,149696,530,foodsafety@towerhamlets.gov.uk,Tower Hamlets,http://www.towerhamlets.gov.uk,False,,E2 9EG,2025-07-21T00:00:00,fhrs_5_en-gb,5,,FHRS,-0.0594106,51.5320779,0.0,0.0,0.0,Tesco,tesco,"Tesco, 452 Hackney Road, London, E2 9EG",NEEDS_CHECK,Tesco store format unclear from FHRS record
Tesco  Unit 3 Frances Wharf,303-305 Burdett Road,London,,Tesco,Retailers - supermarkets/hypermarkets,7840,0,,66668,149715,530,foodsafety@towerhamlets.gov.uk,Tower Hamlets,http://www.towerhamlets.gov.uk,False,,E14 7EL,2025-03-31T00:00:00,fhrs_5_en-gb,5,,FHRS,,,0.0,5.0,5.0,Tesco,tesco,"Tesco  Unit 3 Frances Wharf, 303-305 Burdett Road, London, E14 7EL",NEEDS_CHECK,Tesco store format unclear from FHRS record
,90 Mansell Street,London,,Tesco,Retailers - supermarkets/hypermarkets,7840,0,,67279,150033,530,foodsafety@towerhamlets.gov.uk,Tower Hamlets,http://www.towerhamlets.gov.uk,False,,E1 8AL,2025-04-02T00:00:00,fhrs_5_en-gb,5,,FHRS,-0.072726,51.511661,0.0,5.0,0.0,Tesco,tesco,"90 Mansell Street, London, E1 8AL",NEEDS_CHECK,Tesco store format unclear from FHRS record
Tesco  Westward Parade,Pepper Street,London,,Tesco,Retailers - supermarkets/hypermarkets,7840,0,,67311,150101,530,foodsafety@towerhamlets.gov.uk,Tower Hamlets,http://www.towerhamlets.gov.uk,False,,E14 9DZ,2025-06-05T00:00:00,fhrs_5_en-gb,5,,FHRS,,,0.0,0.0,0.0,Tesco,tesco,"Tesco  Westward Parade, Pepper Street, London, E14 9DZ",NEEDS_CHECK,Tesco store format unclear from FHRS record
Tesco South Quay Plaza,185 Marsh Wall,London,,Tesco,Retailers - supermarkets/hypermarkets,7840,0,,67668,151130,530,foodsafety@towerhamlets.gov.uk,Tower Hamlets,http://www.towerhamlets.gov.uk,False,,E14 9SH,2025-06-05T00:00:00,fhrs_5_en-gb,5,,FHRS,-0.0174128,51.500542,5.0,5.0,5.0,Tesco,tesco,"Tesco South Quay Plaza, 185 Marsh Wall, London, E14 9SH",NEEDS_CHECK,Tesco store format unclear from FHRS record
Tesco,83-89 Mile End Road,London,,Tesco,Retailers - supermarkets/hypermarkets,7840,0,,67735,151334,530,foodsafety@towerhamlets.gov.uk,Tower Hamlets,http://www.towerhamlets.gov.uk,False,,E1 4UJ,2025-02-20T00:00:00,fhrs_5_en-gb,5,,FHRS,-0.0513561,51.5207933,5.0,5.0,0.0,Tesco,tesco,"Tesco, 83-89 Mile End Road, London, E1 4UJ",NEEDS_CHECK,Tesco store format unclear from FHRS record
Tesco,271-275 Bethnal Green Road,London,,Tesco,Retailers - supermarkets/hypermarkets,7840,0,,67843,151629,530,foodsafety@towerhamlets.gov.uk,Tower Hamlets,http://www.towerhamlets.gov.uk,False,,E2 6AH,2026-06-18T00:00:00,fhrs_5_en-gb,5,,FHRS,-0.0658407,51.5265598,0.0,0.0,5.0,Tesco,tesco,"Tesco, 271-275 Bethnal Green Road, London, E2 6AH",NEEDS_CHECK,Tesco store format unclear from FHRS record
Waitrose Food and Home,16-19 Canada Square,London,,Waitrose Food and Home,Retailers - supermarkets/hypermarkets,7840,0,,75876,17803,530,foodsafety@towerhamlets.gov.uk,Tower Hamlets,http://www.towerhamlets.gov.uk,False,,E14 5EW,2024-09-18T00:00:00,fhrs_5_en-gb,5,,FHRS,-0.0162315,51.5045816,0.0,5.0,0.0,Waitrose,waitrose food and home,"Waitrose Food and Home, 16-19 Canada Square, London, E14 5EW",NEEDS_CHECK,Full Waitrose store: bakery provision to confirm
Tesco,116-118 Commercial Street,London,,Tesco,Retailers - supermarkets/hypermarkets,7840,0,,92485,26054,530,foodsafety@towerhamlets.gov.uk,Tower Hamlets,http://www.towerhamlets.gov.uk,False,,E1 6NF,2025-07-15T00:00:00,fhrs_5_en-gb,5,,FHRS,-0.07447,51.52062,5.0,5.0,5.0,Tesco,tesco,"Tesco, 116-118 Commercial Street, London, E1 6NF",NEEDS_CHECK,Tesco store format unclear from FHRS record
Waitrose Ltd,41 Thomas More Street,London,,Waitrose Ltd,Retailers - supermarkets/hypermarkets,7840,0,,92607,26151,530,foodsafety@towerhamlets.gov.uk,Tower Hamlets,http://www.towerhamlets.gov.uk,False,,E1W 1YY,2024-11-06T00:00:00,fhrs_5_en-gb,5,,FHRS,-0.0672979,51.506878,0.0,0.0,0.0,Waitrose,waitrose ltd,"Waitrose Ltd, 41 Thomas More Street, London, E1W 1YY",NEEDS_CHECK,Full Waitrose store: bakery provision to confirm
Tesco,41 Millharbour,London,,Tesco,Retailers - supermarkets/hypermarkets,7840,0,,99601,31588,530,foodsafety@towerhamlets.gov.uk,Tower Hamlets,http://www.towerhamlets.gov.uk,False,,E14 9NA,2025-03-07T00:00:00,fhrs_4_en-gb,4,,FHRS,-0.0181928,51.4977847,0.0,10.0,0.0,Tesco,tesco,"Tesco, 41 Millharbour, London, E14 9NA",NEEDS_CHECK,Tesco store format unclear from FHRS record
Tesco  Black Lion House,45 Whitechapel Road,London,,Tesco,Retailers - supermarkets/hypermarkets,7840,0,,99704,31675,530,foodsafety@towerhamlets.gov.uk,Tower Hamlets,http://www.towerhamlets.gov.uk,False,,E1 1DU,2025-06-24T00:00:00,fhrs_5_en-gb,5,,FHRS,-0.068354,51.5169942,0.0,0.0,5.0,Tesco,tesco,"Tesco  Black Lion House, 45 Whitechapel Road, London, E1 1DU",NEEDS_CHECK,Tesco store format unclear from FHRS record
Sainsbury's,291-293 Cambridge Heath Road,London,,Sainsbury's,Retailers - supermarkets/hypermarkets,7840,0,,100985,32773,530,foodsafety@towerhamlets.gov.uk,Tower Hamlets,http://www.towerhamlets.gov.uk,False,,E2 0EL,2025-05-21T00:00:00,fhrs_5_en-gb,5,,FHRS,-0.0558624,51.5270508,0.0,0.0,0.0,Sainsbury's,sainsbury's,"Sainsbury's, 291-293 Cambridge Heath Road, London, E2 0EL",NEEDS_CHECK,Sainsbury's store format unclear from FHRS record
Tesco,657 Commercial Road,London,,Tesco,Retailers - supermarkets/hypermarkets,7840,0,,102356,33927,530,foodsafety@towerhamlets.gov.uk,Tower Hamlets,http://www.towerhamlets.gov.uk,False,,E14 7LW,2025-05-14T00:00:00,fhrs_5_en-gb,5,,FHRS,-0.038072,51.512867,0.0,0.0,0.0,Tesco,tesco,"Tesco, 657 Commercial Road, London, E14 7LW",NEEDS_CHECK,Tesco store format unclear from FHRS record
Tesco,226-228 Commercial Road,London,,Tesco,Retailers - supermarkets/hypermarkets,7840,0,,131663,632,530,foodsafety@towerhamlets.gov.uk,Tower Hamlets,http://www.towerhamlets.gov.uk,False,,E1 2NB,2023-07-18T00:00:00,fhrs_5_en-gb,5,,FHRS,-0.0586506,51.5144662,0.0,5.0,0.0,Tesco,tesco,"Tesco, 226-228 Commercial Road, London, E1 2NB",NEEDS_CHECK,Tesco store format unclear from FHRS record
Tesco Metro,361-363 Bethnal Green Road,London,,Tesco,Retailers - supermarkets/hypermarkets,7840,0,,148395,9327,530,foodsafety@towerhamlets.gov.uk,Tower Hamlets,http://www.towerhamlets.gov.uk,False,,E2 0AN,2026-06-10T00:00:00,fhrs_5_en-gb,5,,FHRS,-0.05973,51.527175,0.0,0.0,0.0,Tesco,tesco,"Tesco Metro, 361-363 Bethnal Green Road, London, E2 0AN",NEEDS_CHECK,Tesco store format unclear from FHRS record
Asda  Unit 2,151 East Ferry Road,London,,Asda,Retailers - supermarkets/hypermarkets,7840,0,,150650,9885,530,foodsafety@towerhamlets.gov.uk,Tower Hamlets,http://www.towerhamlets.gov.uk,False,,E14 3BT,2025-08-11T00:00:00,fhrs_5_en-gb,5,,FHRS,-0.013592,51.4942535,0.0,5.0,0.0,Asda,asda,"Asda  Unit 2, 151 East Ferry Road, London, E14 3BT",NEEDS_CHECK,Asda store format unclear from FHRS record
Tesco,1 Landmark Square,London,,Tesco,Retailers - supermarkets/hypermarkets,7840,0,,307970,153201,530,foodsafety@towerhamlets.gov.uk,Tower Hamlets,http://www.towerhamlets.gov.uk,False,,E14 9AB,2025-02-14T00:00:00,fhrs_5_en-gb,5,,FHRS,-0.0250711,51.5019815,0.0,0.0,0.0,Tesco,tesco,"Tesco, 1 Landmark Square, London, E14 9AB",NEEDS_CHECK,Tesco store format unclear from FHRS record
Tesco,4 Fieldgate Street,London,,Tesco,Retailers - supermarkets/hypermarkets,7840,0,,362433,153284,530,foodsafety@towerhamlets.gov.uk,Tower Hamlets,http://www.towerhamlets.gov.uk,False,,E1 1ES,2024-08-23T00:00:00,fhrs_5_en-gb,5,,FHRS,-0.0662236,51.5167421,0.0,5.0,0.0,Tesco,tesco,"Tesco, 4 Fieldgate Street, London, E1 1ES",NEEDS_CHECK,Tesco store format unclear from FHRS record
Sainsbury's,516-518 Commercial Road,London,,Sainsbury's,Retailers - supermarkets/hypermarkets,7840,0,,362443,153350,530,foodsafety@towerhamlets.gov.uk,Tower Hamlets,http://www.towerhamlets.gov.uk,False,,E1 0HY,2025-04-17T00:00:00,fhrs_5_en-gb,5,,FHRS,-0.0426899,51.5128097,0.0,5.0,0.0,Sainsbury's,sainsbury's,"Sainsbury's, 516-518 Commercial Road, London, E1 0HY",NEEDS_CHECK,Sainsbury's store format unclear from FHRS record
Sainsbury's,420-430 Mile End Road,London,,Sainsbury's,Retailers - supermarkets/hypermarkets,7840,0,,442189,153459,530,foodsafety@towerhamlets.gov.uk,Tower Hamlets,http://www.towerhamlets.gov.uk,False,,E1 4PE,2025-05-22T00:00:00,fhrs_5_en-gb,5,,FHRS,-0.0395576,51.5227791,0.0,0.0,0.0,Sainsbury's,sainsbury's,"Sainsbury's, 420-430 Mile End Road, London, E1 4PE",NEEDS_CHECK,Sainsbury's store format unclear from FHRS record
Sainsbury's,242 Hackney Road,London,,Sainsbury's,Retailers - supermarkets/hypermarkets,7840,0,,481557,154035,530,foodsafety@towerhamlets.gov.uk,Tower Hamlets,http://www.towerhamlets.gov.uk,False,,E2 7SJ,2024-09-26T00:00:00,fhrs_5_en-gb,5,,FHRS,-0.0700862,51.5308027,0.0,0.0,0.0,Sainsbury's,sainsbury's,"Sainsbury's, 242 Hackney Road, London, E2 7SJ",NEEDS_CHECK,Sainsbury's store format unclear from FHRS record
Sainsbury's  Commercial Unit 7,50 Bethnal Green Road,London,,Sainsbury's,Retailers - supermarkets/hypermarkets,7840,0,,493842,154148,530,foodsafety@towerhamlets.gov.uk,Tower Hamlets,http://www.towerhamlets.gov.uk,False,,E1 6JW,2025-05-19T00:00:00,fhrs_5_en-gb,5,,FHRS,-0.0734335,51.5239181,0.0,0.0,0.0,Sainsbury's,sainsbury's,"Sainsbury's  Commercial Unit 7, 50 Bethnal Green Road, London, E1 6JW",NEEDS_CHECK,Sainsbury's store format unclear from FHRS record
Sainsbury's  Unit 2 Southwest Block,Goodmans Fields,London,,Sainsbury's,Retailers - supermarkets/hypermarkets,7840,0,,493843,154150,530,foodsafety@towerhamlets.gov.uk,Tower Hamlets,http://www.towerhamlets.gov.uk,False,,E1 8EJ,2025-04-02T00:00:00,fhrs_5_en-gb,5,,FHRS,-0.0685586,51.512843,0.0,0.0,0.0,Sainsbury's,sainsbury's,"Sainsbury's  Unit 2 Southwest Block, Goodmans Fields, London, E1 8EJ",NEEDS_CHECK,Sainsbury's store format unclear from FHRS record
Sainsbury's  Block D,Devas Street,London,,Sainsbury's,Retailers - supermarkets/hypermarkets,7840,0,,508922,154238,530,foodsafety@towerhamlets.gov.uk,Tower Hamlets,http://www.towerhamlets.gov.uk,False,,E3 3NT,2025-08-14T00:00:00,fhrs_5_en-gb,5,,FHRS,,,0.0,0.0,5.0,Sainsbury's,sainsbury's,"Sainsbury's  Block D, Devas Street, London, E3 3NT",NEEDS_CHECK,Sainsbury's store format unclear from FHRS record
Sainsbury's,27 Mansell Street,London,,Sainsbury's,Retailers - supermarkets/hypermarkets,7840,0,,530834,153822,530,foodsafety@towerhamlets.gov.uk,Tower Hamlets,http://www.towerhamlets.gov.uk,False,,E1 8AA,2025-10-04T00:00:00,fhrs_5_en-gb,5,,FHRS,-0.0730757,51.5135059,0.0,0.0,0.0,Sainsbury's,sainsbury's,"Sainsbury's, 27 Mansell Street, London, E1 8AA",NEEDS_CHECK,Sainsbury's store format unclear from FHRS record
Tesco,3 Commercial Street,London,,Tesco,Retailers - supermarkets/hypermarkets,7840,0,,583280,154791,530,foodsafety@towerhamlets.gov.uk,Tower Hamlets,http://www.towerhamlets.gov.uk,False,,E1 6BF,2025-07-15T00:00:00,fhrs_5_en-gb,5,,FHRS,-0.0724277,51.515526,0.0,5.0,0.0,Tesco,tesco,"Tesco, 3 Commercial Street, London, E1 6BF",NEEDS_CHECK,Tesco store format unclear from FHRS record
Tesco  Unit 1,Gladstone Place,London,,Tesco,Retailers - supermarkets/hypermarkets,7840,0,,634032,155461,530,foodsafety@towerhamlets.gov.uk,Tower Hamlets,http://www.towerhamlets.gov.uk,False,,E3 5EQ,2025-03-06T00:00:00,fhrs_5_en-gb,5,,FHRS,-0.0299038,51.5325594,0.0,0.0,0.0,Tesco,tesco,"Tesco  Unit 1, Gladstone Place, London, E3 5EQ",NEEDS_CHECK,Tesco store format unclear from FHRS record
Sainsbury's,31 Bell Lane,London,,Sainsbury's,Retailers - supermarkets/hypermarkets,7840,0,,654218,152187,530,foodsafety@towerhamlets.gov.uk,Tower Hamlets,http://www.towerhamlets.gov.uk,False,,E1 7LA,2026-01-14T00:00:00,fhrs_5_en-gb,5,,FHRS,-0.0765146,51.5176042,0.0,0.0,0.0,Sainsbury's,sainsbury's,"Sainsbury's, 31 Bell Lane, London, E1 7LA",NEEDS_CHECK,Sainsbury's store format unclear from FHRS record
Tesco,571 Manchester Road,London,,Tesco,Retailers - supermarkets/hypermarkets,7840,0,,770190,156029,530,foodsafety@towerhamlets.gov.uk,Tower Hamlets,http://www.towerhamlets.gov.uk,False,,E14 3NX,2025-08-11T00:00:00,fhrs_5_en-gb,5,,FHRS,-0.0095613,51.499411,0.0,5.0,0.0,Tesco,tesco,"Tesco, 571 Manchester Road, London, E14 3NX",NEEDS_CHECK,Tesco store format unclear from FHRS record
Tesco,1 St Katharines Way,London,,Tesco,Retailers - supermarkets/hypermarkets,7840,0,,811135,154630,530,foodsafety@towerhamlets.gov.uk,Tower Hamlets,http://www.towerhamlets.gov.uk,False,,E1W 1TW,2025-10-14T00:00:00,fhrs_5_en-gb,5,,FHRS,-0.0737113,51.5076048,0.0,0.0,0.0,Tesco,tesco,"Tesco, 1 St Katharines Way, London, E1W 1TW",NEEDS_CHECK,Tesco store format unclear from FHRS record
Sainsbury's,327-329 Commercial Road,London,,Sainsbury's,Retailers - supermarkets/hypermarkets,7840,0,,925295,156175,530,foodsafety@towerhamlets.gov.uk,Tower Hamlets,http://www.towerhamlets.gov.uk,False,,E1 2PS,2025-07-22T00:00:00,fhrs_5_en-gb,5,,FHRS,-0.0544688,51.514487,0.0,0.0,0.0,Sainsbury's,sainsbury's,"Sainsbury's, 327-329 Commercial Road, London, E1 2PS",NEEDS_CHECK,Sainsbury's store format unclear from FHRS record
Yo Yo Oriental Supermarket,61a Alie Street,London,,Yo Yo Oriental Supermarket,Retailers - supermarkets/hypermarkets,7840,0,,1155307,201595,530,foodsafety@towerhamlets.gov.uk,Tower Hamlets,http://www.towerhamlets.gov.uk,False,,E1 8EB,2026-06-08T00:00:00,fhrs_5_en-gb,5,,FHRS,-0.0699968,51.5143454,5.0,5.0,0.0,,yo yo oriental supermarket,"Yo Yo Oriental Supermarket, 61a Alie Street, London, E1 8EB",NEEDS_CHECK,Independent or other supermarket
Sainsbury's  Unit 1,Vaughan Way,London,,Sainsbury's,Retailers - supermarkets/hypermarkets,7840,0,,1278317,205216,530,foodsafety@towerhamlets.gov.uk,Tower Hamlets,http://www.towerhamlets.gov.uk,False,,E1W 2AA,2025-11-05T00:00:00,fhrs_5_en-gb,5,,FHRS,-0.0671625,51.509079,0.0,0.0,0.0,Sainsbury's,sainsbury's,"Sainsbury's  Unit 1, Vaughan Way, London, E1W 2AA",NEEDS_CHECK,Sainsbury's store format unclear from FHRS record
Tian Tian Markets  Unit 2 & 3,18 Piazza Walk,London,,Tian Tian Markets,Retailers - supermarkets/hypermarkets,7840,0,,1316865,206097,530,foodsafety@towerhamlets.gov.uk,Tower Hamlets,http://www.towerhamlets.gov.uk,False,,E1 8ZN,2026-04-16T00:00:00,fhrs_5_en-gb,5,,FHRS,-0.0688317,51.5135399,5.0,5.0,5.0,,tian tian markets,"Tian Tian Markets  Unit 2 & 3, 18 Piazza Walk, London, E1 8ZN",NEEDS_CHECK,Independent or other supermarket
Sainsbury's,50 Hopewell Square,London,,Sainsbury's,Retailers - supermarkets/hypermarkets,7840,0,,1425378,207217,530,foodsafety@towerhamlets.gov.uk,Tower Hamlets,http://www.towerhamlets.gov.uk,False,,E14 0SY,2026-05-07T00:00:00,fhrs_5_en-gb,5,,FHRS,0.0066661,51.5134726,0.0,0.0,0.0,Sainsbury's,sainsbury's,"Sainsbury's, 50 Hopewell Square, London, E14 0SY",NEEDS_CHECK,Sainsbury's store format unclear from FHRS record
Unit 1,18 Plumbers Row,London,,Easy As Fresh Ltd,Retailers - supermarkets/hypermarkets,7840,0,,1530406,209619,530,foodsafety@towerhamlets.gov.uk,Tower Hamlets,http://www.towerhamlets.gov.uk,False,,E1 1EP,2025-08-29T00:00:00,fhrs_4_en-gb,4,,FHRS,-0.0666652,51.5160312,5.0,5.0,10.0,,easy as fresh ltd,"Unit 1, 18 Plumbers Row, London, E1 1EP",NEEDS_CHECK,Independent or other supermarket
Tian Tian Market  Unit 16-17 Canada Place,38 Canada Square,London,,Tian Tian Market,Retailers - supermarkets/hypermarkets,7840,0,,1584790,210316,530,foodsafety@towerhamlets.gov.uk,Tower Hamlets,http://www.towerhamlets.gov.uk,False,,E14 5AX,2025-04-04T00:00:00,fhrs_4_en-gb,4,,FHRS,-0.0174278,51.5044536,10.0,5.0,5.0,,tian tian market,"Tian Tian Market  Unit 16-17 Canada Place, 38 Canada Square, London, E14 5AX",NEEDS_CHECK,Independent or other supermarket
,4 Sutton Street,London,,Brit Bazar,Retailers - supermarkets/hypermarkets,7840,0,,1616884,211302,530,foodsafety@towerhamlets.gov.uk,Tower Hamlets,http://www.towerhamlets.gov.uk,False,,E1 0BB,2026-06-22T00:00:00,fhrs_5_en-gb,5,,FHRS,-0.05362,51.513693,0.0,5.0,5.0,,brit bazar,"4 Sutton Street, London, E1 0BB",NEEDS_CHECK,Independent or other supermarket
Sainsbury's,70 Wapping Lane,London,,Sainsbury's,Retailers - supermarkets/hypermarkets,7840,0,,1648053,211004,530,foodsafety@towerhamlets.gov.uk,Tower Hamlets,http://www.towerhamlets.gov.uk,False,,E1W 2RD,2025-10-30T00:00:00,fhrs_5_en-gb,5,,FHRS,-0.0577409,51.504798,0.0,0.0,0.0,Sainsbury's,sainsbury's,"Sainsbury's, 70 Wapping Lane, London, E1W 2RD",NEEDS_CHECK,Sainsbury's store format unclear from FHRS record
Unit 23 The Arcade,Market Square,London,,Ahmed Food and Vegetables UK Limited,Retailers - supermarkets/hypermarkets,7840,0,,1687768,213184,530,foodsafety@towerhamlets.gov.uk,Tower Hamlets,http://www.towerhamlets.gov.uk,False,,E14 6AQ,2025-11-10T00:00:00,fhrs_4_en-gb,4,,FHRS,-0.0142157,51.5126627,5.0,10.0,5.0,,ahmed food and vegetables uk limited,"Unit 23 The Arcade, Market Square, London, E14 6AQ",NEEDS_CHECK,Independent or other supermarket
Sainsbury's  Unit 16a,Leven Road,London,,Sainsbury's,Retailers - supermarkets/hypermarkets,7840,0,,1695279,208386,530,foodsafety@towerhamlets.gov.uk,Tower Hamlets,http://www.towerhamlets.gov.uk,False,,E14 0LL,2024-02-06T00:00:00,fhrs_5_en-gb,5,,FHRS,-0.0082229,51.5169328,0.0,0.0,0.0,Sainsbury's,sainsbury's,"Sainsbury's  Unit 16a, Leven Road, London, E14 0LL",NEEDS_CHECK,Sainsbury's store format unclear from FHRS record
Sainsbury's,20-21 Norton Folgate,London,,Sainsburys,Retailers - supermarkets/hypermarkets,7840,0,,1775186,213804,530,foodsafety@towerhamlets.gov.uk,Tower Hamlets,http://www.towerhamlets.gov.uk,False,,E1 6DB,2025-10-13T00:00:00,fhrs_5_en-gb,5,,FHRS,-0.078225,51.5215,0.0,0.0,0.0,Sainsbury's,sainsburys,"Sainsbury's, 20-21 Norton Folgate, London, E1 6DB",NEEDS_CHECK,Sainsbury's store format unclear from FHRS record
Sainsbury's,409-413 Mile End Road,London,,Sainsbury's,Retailers - supermarkets/hypermarkets,7840,0,,1856136,213542,530,foodsafety@towerhamlets.gov.uk,Tower Hamlets,http://www.towerhamlets.gov.uk,False,,E3 4PB,2025-08-05T00:00:00,fhrs_5_en-gb,5,,FHRS,-0.0335514,51.5258761,0.0,0.0,0.0,Sainsbury's,sainsbury's,"Sainsbury's, 409-413 Mile End Road, London, E3 4PB",NEEDS_CHECK,Sainsbury's store format unclear from FHRS record
Ban Duo Duo,40 Millharbour,London,,Ban Duo Duo,Retailers - supermarkets/hypermarkets,7840,0,,1899096,216991,530,foodsafety@towerhamlets.gov.uk,Tower Hamlets,http://www.towerhamlets.gov.uk,False,,E14 9JS,2025-12-11T00:00:00,fhrs_4_en-gb,4,,FHRS,-0.01923,51.4976717,0.0,0.0,10.0,,ban duo duo,"Ban Duo Duo, 40 Millharbour, London, E14 9JS",NEEDS_CHECK,Independent or other supermarket
Tesco (6437) Aldgate East Express Unit 1 NW Block Goodsmans Field,39 Leman Street,London,,Tesco Stores Limited,Retailers - supermarkets/hypermarkets,7840,0,,1956212,219377,530,foodsafety@towerhamlets.gov.uk,Tower Hamlets,http://www.towerhamlets.gov.uk,False,,E1 8PU,1901-01-01T00:00:00,fhrs_awaitinginspection_en-gb,AwaitingInspection,,FHRS,,,,,,Tesco,tesco stores limited,"Tesco (6437) Aldgate East Express Unit 1 NW Block Goodsmans Field, 39 Leman Street, London, E1 8PU",NEEDS_CHECK,Tesco store format unclear from FHRS record
Sainsburys Store 11 Walthamstow Avenue,,Chingford,London,Sainsbury's,Retailers - supermarkets/hypermarkets,7840,0,,514070,11944,531,food.safety@walthamforest.gov.uk,Waltham Forest,http://www.walthamforest.gov.uk,False,,E4 8ST,2024-11-01T00:00:00,fhrs_5_en-gb,5,,FHRS,-0.0210178,51.6041256,5.0,5.0,0.0,Sainsbury's,sainsbury's,"Sainsburys Store 11 Walthamstow Avenue, Chingford, E4 8ST",NEEDS_CHECK,Sainsbury's store format unclear from FHRS record
Tesco Stores Ltd 5 Gainsborough Road,,Leytonstone,London,Tesco,Retailers - supermarkets/hypermarkets,7840,0,,514077,12235,531,food.safety@walthamforest.gov.uk,Waltham Forest,http://www.walthamforest.gov.uk,False,,E11 1RX,2026-02-05T00:00:00,fhrs_5_en-gb,5,,FHRS,0.0137886,51.571862,0.0,0.0,0.0,Tesco,tesco,"Tesco Stores Ltd 5 Gainsborough Road, Leytonstone, E11 1RX",NEEDS_CHECK,Tesco store format unclear from FHRS record
825 High Road Leyton,,Leyton,London,Tesco,Retailers - supermarkets/hypermarkets,7840,0,,514096,13011,531,food.safety@walthamforest.gov.uk,Waltham Forest,http://www.walthamforest.gov.uk,False,,E10 7AA,2026-02-17T00:00:00,fhrs_4_en-gb,4,,FHRS,-0.0120891,51.5744258,5.0,5.0,10.0,Tesco,tesco,"825 High Road Leyton, Leyton, E10 7AA",NEEDS_CHECK,Tesco store format unclear from FHRS record
Ground Floor 647 - 661 High Road Leytonstone,,Leytonstone,London,Continental Food Exchange,Retailers - supermarkets/hypermarkets,7840,0,,514221,17220,531,food.safety@walthamforest.gov.uk,Waltham Forest,http://www.walthamforest.gov.uk,False,,E11 4RD,2025-03-19T00:00:00,fhrs_5_en-gb,5,,FHRS,0.0093775,51.5634576,5.0,5.0,5.0,,continental food exchange,"Ground Floor 647 - 661 High Road Leytonstone, Leytonstone, E11 4RD",NEEDS_CHECK,Independent or other supermarket
Asda Superstore 1 Leyton Mills Marshall Road,,Leyton,London,Asda,Retailers - supermarkets/hypermarkets,7840,0,,514237,18077,531,food.safety@walthamforest.gov.uk,Waltham Forest,http://www.walthamforest.gov.uk,False,,E10 5NH,2025-05-13T00:00:00,fhrs_4_en-gb,4,,FHRS,,,5.0,10.0,5.0,Asda,asda,"Asda Superstore 1 Leyton Mills Marshall Road, Leyton, E10 5NH",NEEDS_CHECK,Asda store format unclear from FHRS record
Costco Wholesale Warehouse 1 Shadbolt Avenue,,Chingford,London,Costco,Retailers - supermarkets/hypermarkets,7840,0,,514259,19239,531,food.safety@walthamforest.gov.uk,Waltham Forest,http://www.walthamforest.gov.uk,False,,E4 8GP,2024-05-24T00:00:00,fhrs_5_en-gb,5,,FHRS,-0.0316894,51.609152,0.0,0.0,0.0,,costco,"Costco Wholesale Warehouse 1 Shadbolt Avenue, Chingford, E4 8GP",NEEDS_CHECK,Independent or other supermarket
727A Lea Bridge Road,,Walthamstow,London,Tesco at Esso Filling Station,Retailers - supermarkets/hypermarkets,7840,0,,514459,3870,531,food.safety@walthamforest.gov.uk,Waltham Forest,http://www.walthamforest.gov.uk,False,,E17 9DZ,2025-10-14T00:00:00,fhrs_3_en-gb,3,,FHRS,-0.0069749,51.5788442,5.0,10.0,10.0,Tesco,tesco at esso filling station,"727A Lea Bridge Road, Walthamstow, E17 9DZ",NEEDS_CHECK,Tesco store format unclear from FHRS record
Tesco Express 5 Selborne Road,,Walthamstow,London,Tesco,Retailers - supermarkets/hypermarkets,7840,0,,514480,39485,531,food.safety@walthamforest.gov.uk,Waltham Forest,http://www.walthamforest.gov.uk,False,,E17 7LS,2025-01-19T00:00:00,fhrs_5_en-gb,5,,FHRS,-0.0195522,51.5833556,0.0,0.0,0.0,Tesco,tesco,"Tesco Express 5 Selborne Road, Walthamstow, E17 7LS",NEEDS_CHECK,Tesco store format unclear from FHRS record
Tesco Express 401 - 407 High Road Leyton,,Leyton,London,Tesco,Retailers - supermarkets/hypermarkets,7840,0,,514693,48841,531,food.safety@walthamforest.gov.uk,Waltham Forest,http://www.walthamforest.gov.uk,False,,E10 5NA,2024-09-06T00:00:00,fhrs_5_en-gb,5,,FHRS,-0.0105153,51.5618814,5.0,5.0,5.0,Tesco,tesco,"Tesco Express 401 - 407 High Road Leyton, Leyton, E10 5NA",NEEDS_CHECK,Tesco store format unclear from FHRS record
13 Hall Lane,,Chingford,London,Sainsbury's,Retailers - supermarkets/hypermarkets,7840,0,,514796,5240,531,food.safety@walthamforest.gov.uk,Waltham Forest,http://www.walthamforest.gov.uk,False,,E4 8HH,2025-10-01T00:00:00,fhrs_5_en-gb,5,,FHRS,-0.0189216,51.6167786,0.0,5.0,5.0,Sainsbury's,sainsbury's,"13 Hall Lane, Chingford, E4 8HH",NEEDS_CHECK,Sainsbury's store format unclear from FHRS record
Tesco Express 567 - 569 High Road Leytonstone,,Leytonstone,London,Tesco,Retailers - supermarkets/hypermarkets,7840,0,,514920,56168,531,food.safety@walthamforest.gov.uk,Waltham Forest,http://www.walthamforest.gov.uk,False,,E11 4PB,2025-01-24T00:00:00,fhrs_5_en-gb,5,,FHRS,0.0081561,51.5609516,0.0,0.0,0.0,Tesco,tesco,"Tesco Express 567 - 569 High Road Leytonstone, Leytonstone, E11 4PB",NEEDS_CHECK,Tesco store format unclear from FHRS record
Sainsburys 112 High Street,,Walthamstow,London,Sainsbury's,Retailers - supermarkets/hypermarkets,7840,0,,514999,5768,531,food.safety@walthamforest.gov.uk,Waltham Forest,http://www.walthamforest.gov.uk,False,,E17 7JY,2025-11-10T00:00:00,fhrs_5_en-gb,5,,FHRS,-0.027601,51.5828257,0.0,0.0,0.0,Sainsbury's,sainsbury's,"Sainsburys 112 High Street, Walthamstow, E17 7JY",NEEDS_CHECK,Sainsbury's store format unclear from FHRS record
Ground Floor Sainsburys Supermarkets Ltd 14 - 15 Church Lane,,Leytonstone,London,Sainsbury's,Retailers - supermarkets/hypermarkets,7840,0,,515033,58349,531,food.safety@walthamforest.gov.uk,Waltham Forest,http://www.walthamforest.gov.uk,False,,E11 1HG,2025-01-20T00:00:00,fhrs_5_en-gb,5,,FHRS,0.0095726,51.5682114,0.0,0.0,0.0,Sainsbury's,sainsbury's,"Ground Floor Sainsburys Supermarkets Ltd 14 - 15 Church Lane, Leytonstone, E11 1HG",NEEDS_CHECK,Sainsbury's store format unclear from FHRS record
Sainsburys Supermarket Ltd 297 - 299 High Road Leyton,,Leyton,London,Sainsbury's,Retailers - supermarkets/hypermarkets,7840,0,,515079,59004,531,food.safety@walthamforest.gov.uk,Waltham Forest,http://www.walthamforest.gov.uk,False,,E10 5QN,2025-06-28T00:00:00,fhrs_4_en-gb,4,,FHRS,-0.0089703,51.5595981,0.0,10.0,10.0,Sainsbury's,sainsbury's,"Sainsburys Supermarket Ltd 297 - 299 High Road Leyton, Leyton, E10 5QN",NEEDS_CHECK,Sainsbury's store format unclear from FHRS record
617B Forest Road,,Walthamstow,London,Tesco,Retailers - supermarkets/hypermarkets,7840,0,,515150,59972,531,food.safety@walthamforest.gov.uk,Waltham Forest,http://www.walthamforest.gov.uk,False,,E17 4NE,2025-02-17T00:00:00,fhrs_5_en-gb,5,,FHRS,-0.0165267,51.5901926,0.0,0.0,0.0,Tesco,tesco,"617B Forest Road, Walthamstow, E17 4NE",NEEDS_CHECK,Tesco store format unclear from FHRS record
Basement And Ground Floor 43 - 45 St James Street,,Walthamstow,London,Tesco,Retailers - supermarkets/hypermarkets,7840,0,,515180,60416,531,food.safety@walthamforest.gov.uk,Waltham Forest,http://www.walthamforest.gov.uk,False,,E17 7PJ,2025-02-12T00:00:00,fhrs_5_en-gb,5,,FHRS,-0.032543,51.5803638,0.0,0.0,0.0,Tesco,tesco,"Basement And Ground Floor 43 - 45 St James Street, Walthamstow, E17 7PJ",NEEDS_CHECK,Tesco store format unclear from FHRS record
46 High Street,,Walthamstow,London,Farmfoods,Retailers - supermarkets/hypermarkets,7840,0,,515410,7196,531,food.safety@walthamforest.gov.uk,Waltham Forest,http://www.walthamforest.gov.uk,False,,E17 7LD,2025-01-25T00:00:00,fhrs_5_en-gb,5,,FHRS,-0.0312491,51.5819158,0.0,5.0,0.0,,farmfoods,"46 High Street, Walthamstow, E17 7LD",NEEDS_CHECK,Independent or other supermarket
Tesco Store 82 Forest Road,,Walthamstow,London,Tesco,Retailers - supermarkets/hypermarkets,7840,0,,535460,58253,531,food.safety@walthamforest.gov.uk,Waltham Forest,http://www.walthamforest.gov.uk,False,,E17 6JR,2025-02-11T00:00:00,fhrs_5_en-gb,5,,FHRS,-0.0370255,51.5873086,0.0,5.0,0.0,Tesco,tesco,"Tesco Store 82 Forest Road, Walthamstow, E17 6JR",NEEDS_CHECK,Tesco store format unclear from FHRS record
Tesco Supermarket 405 Larkshall Road,,Chingford,London,Tesco,Retailers - supermarkets/hypermarkets,7840,0,,552281,21924,531,food.safety@walthamforest.gov.uk,Waltham Forest,http://www.walthamforest.gov.uk,False,,E4 9EF,2025-11-19T00:00:00,fhrs_5_en-gb,5,,FHRS,-0.0013336,51.6080993,0.0,5.0,0.0,Tesco,tesco,"Tesco Supermarket 405 Larkshall Road, Chingford, E4 9EF",NEEDS_CHECK,Tesco store format unclear from FHRS record
Tesco Express 12 - 20 Wood Street,,Walthamstow,London,Tesco,Retailers - supermarkets/hypermarkets,7840,0,,704993,138815,531,food.safety@walthamforest.gov.uk,Waltham Forest,http://www.walthamforest.gov.uk,False,,E17 3HT,2025-02-10T00:00:00,fhrs_5_en-gb,5,,FHRS,-0.0050891,51.5912666,0.0,0.0,0.0,Tesco,tesco,"Tesco Express 12 - 20 Wood Street, Walthamstow, E17 3HT",NEEDS_CHECK,Tesco store format unclear from FHRS record
Garage 394 - 396 Hoe Street,,Walthamstow,London,Tesco,Retailers - supermarkets/hypermarkets,7840,0,,705014,6245,531,food.safety@walthamforest.gov.uk,Waltham Forest,http://www.walthamforest.gov.uk,False,,E17 9AA,2024-02-26T00:00:00,fhrs_5_en-gb,5,,FHRS,-0.0175014,51.5784021,5.0,5.0,0.0,Tesco,tesco,"Garage 394 - 396 Hoe Street, Walthamstow, E17 9AA",NEEDS_CHECK,Tesco store format unclear from FHRS record
Unit 2 829 - 837 High Road Leytonstone,,Leytonstone,London,Marks & Spencer,Retailers - supermarkets/hypermarkets,7840,0,,1840640,351578,531,food.safety@walthamforest.gov.uk,Waltham Forest,http://www.walthamforest.gov.uk,False,,E11 1HH,2025-07-24T00:00:00,fhrs_5_en-gb,5,,FHRS,0.0115675,51.5692743,5.0,5.0,5.0,M&S,marks & spencer,"Unit 2 829 - 837 High Road Leytonstone, Leytonstone, E11 1HH",NEEDS_CHECK,Larger M&S store: bakery provision to confirm
3 - 5 Market Parade Forest Road,,Walthamstow,London,Grogreen,Retailers - supermarkets/hypermarkets,7840,0,,1968650,9103129,531,food.safety@walthamforest.gov.uk,Waltham Forest,http://www.walthamforest.gov.uk,True,,E17 6DY,1901-01-01T00:00:00,fhrs_awaitinginspection_en-gb,AwaitingInspection,,FHRS,,,,,,,grogreen,"3 - 5 Market Parade Forest Road, Walthamstow, E17 6DY",NEEDS_CHECK,Independent or other supermarket
527 - 529 Old York Road,,London,Wandsworth,Sainsbury's,Retailers - supermarkets/hypermarkets,7840,0,,1571402,PI/000423839,532,foodandsafety@merton.gov.uk,Wandsworth,http://www.wandsworth.gov.uk,False,,SW18 1TG,2024-12-20T00:00:00,fhrs_5_en-gb,5,,FHRS,-0.1886168,51.4599072,0.0,5.0,5.0,Sainsbury's,sainsbury's,"527 - 529 Old York Road, London, SW18 1TG",NEEDS_CHECK,Sainsbury's store format unclear from FHRS record
134 - 152 Balham High Road,,London,Wandsworth,Waitrose,Retailers - supermarkets/hypermarkets,7840,0,,1571411,PI/000423883,532,foodandsafety@merton.gov.uk,Wandsworth,http://www.wandsworth.gov.uk,False,,SW12 9BN,2023-08-08T00:00:00,fhrs_5_en-gb,5,,FHRS,-0.1517393,51.4456592,0.0,5.0,0.0,Waitrose,waitrose,"134 - 152 Balham High Road, London, SW12 9BN",NEEDS_CHECK,Full Waitrose store: bakery provision to confirm
147 - 151 Balham High Road,,London,Wandsworth,Sainsbury's,Retailers - supermarkets/hypermarkets,7840,0,,1571423,PI/000423919,532,foodandsafety@merton.gov.uk,Wandsworth,http://www.wandsworth.gov.uk,False,,SW12 9AU,2025-04-09T00:00:00,fhrs_5_en-gb,5,,FHRS,-0.1515889,51.4440381,5.0,5.0,5.0,Sainsbury's,sainsbury's,"147 - 151 Balham High Road, London, SW12 9AU",NEEDS_CHECK,Sainsbury's store format unclear from FHRS record
322 Queenstown Road,,London,Wandsworth,Waitrose,Retailers - supermarkets/hypermarkets,7840,0,,1571458,PI/000424199,532,foodandsafety@merton.gov.uk,Wandsworth,http://www.wandsworth.gov.uk,False,,SW8 4LT,2025-11-27T00:00:00,fhrs_5_en-gb,5,,FHRS,-0.1479721,51.4776047,0.0,0.0,0.0,Waitrose,waitrose,"322 Queenstown Road, London, SW8 4LT",NEEDS_CHECK,Full Waitrose store: bakery provision to confirm
45 - 49 St Johns Road,,London,Wandsworth,Marks & Spencer,Retailers - supermarkets/hypermarkets,7840,0,,1571461,PI/000424225,532,foodandsafety@merton.gov.uk,Wandsworth,http://www.wandsworth.gov.uk,False,,SW11 1QP,2026-05-19T00:00:00,fhrs_5_en-gb,5,,FHRS,-0.1673526,51.4621546,0.0,5.0,0.0,M&S,marks & spencer,"45 - 49 St Johns Road, London, SW11 1QP",NEEDS_CHECK,Larger M&S store: bakery provision to confirm
40-44 St Johns Road,,London,Wandsworth,Waitrose,Retailers - supermarkets/hypermarkets,7840,0,,1571491,PI/000424438,532,foodandsafety@merton.gov.uk,Wandsworth,http://www.wandsworth.gov.uk,False,,SW11 1PW,2023-07-18T00:00:00,fhrs_5_en-gb,5,,FHRS,-0.1679125,51.4626215,0.0,5.0,0.0,Waitrose,waitrose,"40-44 St Johns Road, London, SW11 1PW",NEEDS_CHECK,Full Waitrose store: bakery provision to confirm
99 - 105 Moyser Road,,London,Wandsworth,Budgens,Retailers - supermarkets/hypermarkets,7840,0,,1571560,PI/000424789,532,foodandsafety@merton.gov.uk,Wandsworth,http://www.wandsworth.gov.uk,False,,SW16 6SJ,2026-07-01T00:00:00,fhrs_5_en-gb,5,,FHRS,-0.1481347,51.4250726,5.0,5.0,0.0,,budgens,"99 - 105 Moyser Road, London, SW16 6SJ",NEEDS_CHECK,Independent or other supermarket
Sainsburys 45 Garratt Lane,,London,Wandsworth,Sainsburys,Retailers - supermarkets/hypermarkets,7840,0,,1571562,PI/000424799,532,foodandsafety@merton.gov.uk,Wandsworth,http://www.wandsworth.gov.uk,False,,SW18 4AD,2025-02-06T00:00:00,fhrs_5_en-gb,5,,FHRS,-0.1916626,51.454339,5.0,5.0,5.0,Sainsbury's,sainsburys,"Sainsburys 45 Garratt Lane, London, SW18 4AD",NEEDS_CHECK,Sainsbury's store format unclear from FHRS record
305 - 311 Lavender Hill,,London,Wandsworth,Wholefoods,Retailers - supermarkets/hypermarkets,7840,0,,1571583,PI/000424878,532,foodandsafety@merton.gov.uk,Wandsworth,http://www.wandsworth.gov.uk,False,,SW11 1LN,2025-04-29T00:00:00,fhrs_5_en-gb,5,,FHRS,-0.1666228,51.463731,5.0,5.0,5.0,,wholefoods,"305 - 311 Lavender Hill, London, SW11 1LN",NEEDS_CHECK,Independent or other supermarket
Ground Floor Connexion Building 326 Battersea Park Road,,London,Wandsworth,Sainsbury's,Retailers - supermarkets/hypermarkets,7840,0,,1571607,PI/000425055,532,foodandsafety@merton.gov.uk,Wandsworth,http://www.wandsworth.gov.uk,False,,SW11 3BX,2023-09-05T00:00:00,fhrs_5_en-gb,5,,FHRS,-0.1701609,51.470905,0.0,0.0,0.0,Sainsbury's,sainsbury's,"Ground Floor Connexion Building 326 Battersea Park Road, London, SW11 3BX",NEEDS_CHECK,Sainsbury's store format unclear from FHRS record
77 - 83 Upper Richmond Road,,London,Wandsworth,Waitrose Ltd,Retailers - supermarkets/hypermarkets,7840,0,,1571636,PI/000425256,532,foodandsafety@merton.gov.uk,Wandsworth,http://www.wandsworth.gov.uk,False,,,2024-08-28T00:00:00,fhrs_5_en-gb,5,,FHRS,,,0.0,5.0,0.0,Waitrose,waitrose ltd,"77 - 83 Upper Richmond Road, London",NEEDS_CHECK,Full Waitrose store: bakery provision to confirm
2 - 6 Werter Road,,London,Wandsworth,Sainsbury's,Retailers - supermarkets/hypermarkets,7840,0,,1571643,PI/000425291,532,foodandsafety@merton.gov.uk,Wandsworth,http://www.wandsworth.gov.uk,False,,SW15 2LJ,2025-01-15T00:00:00,fhrs_5_en-gb,5,,FHRS,-0.2154761,51.4622076,0.0,5.0,5.0,Sainsbury's,sainsbury's,"2 - 6 Werter Road, London, SW15 2LJ",NEEDS_CHECK,Sainsbury's store format unclear from FHRS record
31 Roehampton Vale,,London,Wandsworth,Asda,Retailers - supermarkets/hypermarkets,7840,0,,1571716,PI/000431229,532,foodandsafety@merton.gov.uk,Wandsworth,http://www.wandsworth.gov.uk,False,,SW15 3DT,2025-08-16T00:00:00,fhrs_5_en-gb,5,,FHRS,-0.2462842,51.4393592,0.0,0.0,0.0,Asda,asda,"31 Roehampton Vale, London, SW15 3DT",NEEDS_CHECK,Asda store format unclear from FHRS record
22 Replingham Road,,London,Wandsworth,Tesco,Retailers - supermarkets/hypermarkets,7840,0,,1571732,PI/000431309,532,foodandsafety@merton.gov.uk,Wandsworth,http://www.wandsworth.gov.uk,False,,SW18 5LS,2023-09-11T00:00:00,fhrs_5_en-gb,5,,FHRS,-0.2050106,51.44467,0.0,0.0,5.0,Tesco,tesco,"22 Replingham Road, London, SW18 5LS",NEEDS_CHECK,Tesco store format unclear from FHRS record
164B Mitcham Road,,London,Wandsworth,MARTIN STORES UK PVT LTD,Retailers - supermarkets/hypermarkets,7840,0,,1571875,PI/000435009,532,foodandsafety@merton.gov.uk,Wandsworth,http://www.wandsworth.gov.uk,False,,SW17 9NJ,2025-07-01T00:00:00,fhrs_5_en-gb,5,,FHRS,-0.1628099,51.4236837,0.0,5.0,5.0,,martin stores uk pvt ltd,"164B Mitcham Road, London, SW17 9NJ",NEEDS_CHECK,Independent or other supermarket
495 - 497 Garratt Lane,,London,Wandsworth,Tesco,Retailers - supermarkets/hypermarkets,7840,0,,1571959,PI/000435452,532,foodandsafety@merton.gov.uk,Wandsworth,http://www.wandsworth.gov.uk,False,,SW18 4SW,2025-08-08T00:00:00,fhrs_5_en-gb,5,,FHRS,-0.1884291,51.4426929,0.0,5.0,5.0,Tesco,tesco,"495 - 497 Garratt Lane, London, SW18 4SW",NEEDS_CHECK,Tesco store format unclear from FHRS record
192 Garratt Lane,,London,Wandsworth,Tesco Stores Limited,Retailers - supermarkets/hypermarkets,7840,0,,1571961,PI/000435457,532,foodandsafety@merton.gov.uk,Wandsworth,http://www.wandsworth.gov.uk,False,,SW18 4ED,2025-08-08T00:00:00,fhrs_5_en-gb,5,,FHRS,-0.1897533,51.4482689,0.0,5.0,0.0,Tesco,tesco stores limited,"192 Garratt Lane, London, SW18 4ED",NEEDS_CHECK,Tesco store format unclear from FHRS record
130 Upper Tooting Road,,London,Wandsworth,Tesco,Retailers - supermarkets/hypermarkets,7840,0,,1571971,PI/000435529,532,foodandsafety@merton.gov.uk,Wandsworth,http://www.wandsworth.gov.uk,False,,SW17 7EN,2023-09-12T00:00:00,fhrs_5_en-gb,5,,FHRS,-0.1640126,51.4327943,0.0,0.0,0.0,Tesco,tesco,"130 Upper Tooting Road, London, SW17 7EN",NEEDS_CHECK,Tesco store format unclear from FHRS record
29 - 33 Battersea Rise,,London,Wandsworth,Tesco,Retailers - supermarkets/hypermarkets,7840,0,,1571984,PI/000435581,532,foodandsafety@merton.gov.uk,Wandsworth,http://www.wandsworth.gov.uk,False,,SW11 1HG,2025-11-10T00:00:00,fhrs_2_en-gb,2,,FHRS,-0.163851,51.4607765,5.0,15.0,10.0,Tesco,tesco,"29 - 33 Battersea Rise, London, SW11 1HG",NEEDS_CHECK,Tesco store format unclear from FHRS record
111 - 113 Wandsworth High Street,,London,Wandsworth,Tesco,Retailers - supermarkets/hypermarkets,7840,0,,1571987,PI/000435586,532,foodandsafety@merton.gov.uk,Wandsworth,http://www.wandsworth.gov.uk,False,,SW18 4HY,2026-07-15T00:00:00,fhrs_5_en-gb,5,,FHRS,-0.194679,51.4570439,0.0,5.0,5.0,Tesco,tesco,"111 - 113 Wandsworth High Street, London, SW18 4HY",NEEDS_CHECK,Tesco store format unclear from FHRS record
219 - 221 Balham High Road,,London,Wandsworth,Tesco,Retailers - supermarkets/hypermarkets,7840,0,,1572016,PI/000435760,532,foodandsafety@merton.gov.uk,Wandsworth,http://www.wandsworth.gov.uk,False,,SW17 7BQ,2025-09-03T00:00:00,fhrs_5_en-gb,5,,FHRS,-0.1558795,51.4387714,0.0,0.0,0.0,Tesco,tesco,"219 - 221 Balham High Road, London, SW17 7BQ",NEEDS_CHECK,Tesco store format unclear from FHRS record
139 - 141 Putney High Street,,London,Wandsworth,Tesco,Retailers - supermarkets/hypermarkets,7840,0,,1572020,PI/000435787,532,foodandsafety@merton.gov.uk,Wandsworth,http://www.wandsworth.gov.uk,False,,SW15 1SU,2024-01-11T00:00:00,fhrs_5_en-gb,5,,FHRS,-0.2162945,51.4619647,0.0,5.0,0.0,Tesco,tesco,"139 - 141 Putney High Street, London, SW15 1SU",NEEDS_CHECK,Tesco store format unclear from FHRS record
74 Upper Richmond Road,,London,Wandsworth,Sainsbury's,Retailers - supermarkets/hypermarkets,7840,0,,1572048,PI/000436001,532,foodandsafety@merton.gov.uk,Wandsworth,http://www.wandsworth.gov.uk,False,,SW15 2SU,2024-08-28T00:00:00,fhrs_5_en-gb,5,,FHRS,-0.2091931,51.4591493,5.0,5.0,0.0,Sainsbury's,sainsbury's,"74 Upper Richmond Road, London, SW15 2SU",NEEDS_CHECK,Sainsbury's store format unclear from FHRS record
Unit 2 Estate House 225 - 231 Upper Richmond Road,,London,Wandsworth,Sainsbury's,Retailers - supermarkets/hypermarkets,7840,0,,1572073,PI/000436068,532,foodandsafety@merton.gov.uk,Wandsworth,http://www.wandsworth.gov.uk,False,,SW15 6SJ,2024-01-11T00:00:00,fhrs_5_en-gb,5,,FHRS,-0.2218857,51.4618424,0.0,0.0,0.0,Sainsbury's,sainsbury's,"Unit 2 Estate House 225 - 231 Upper Richmond Road, London, SW15 6SJ",NEEDS_CHECK,Sainsbury's store format unclear from FHRS record
357 - 361 Upper Richmond Road,,London,Wandsworth,Tesco,Retailers - supermarkets/hypermarkets,7840,0,,1572076,PI/000436071,532,foodandsafety@merton.gov.uk,Wandsworth,http://www.wandsworth.gov.uk,False,,SW15 5QJ,2023-09-18T00:00:00,fhrs_4_en-gb,4,,FHRS,-0.2372065,51.4643668,0.0,10.0,5.0,Tesco,tesco,"357 - 361 Upper Richmond Road, London, SW15 5QJ",NEEDS_CHECK,Tesco store format unclear from FHRS record
86 - 88 Mitcham Lane,,London,Wandsworth,Sainsbury's,Retailers - supermarkets/hypermarkets,7840,0,,1572084,PI/000436091,532,foodandsafety@merton.gov.uk,Wandsworth,http://www.wandsworth.gov.uk,False,,SW16 6NR,2023-08-08T00:00:00,fhrs_5_en-gb,5,,FHRS,-0.1408451,51.4251092,0.0,5.0,5.0,Sainsbury's,sainsbury's,"86 - 88 Mitcham Lane, London, SW16 6NR",NEEDS_CHECK,Sainsbury's store format unclear from FHRS record
165 - 167 St Johns Hill,,London,Wandsworth,Sainsbury's,Retailers - supermarkets/hypermarkets,7840,0,,1572146,PI/000436216,532,foodandsafety@merton.gov.uk,Wandsworth,http://www.wandsworth.gov.uk,False,,SW11 1TQ,2025-11-26T00:00:00,fhrs_4_en-gb,4,,FHRS,,,,,,Sainsbury's,sainsbury's,"165 - 167 St Johns Hill, London, SW11 1TQ",NEEDS_CHECK,Sainsbury's store format unclear from FHRS record
2 Abercrombie Street,,London,Wandsworth,Battersea Local,Retailers - supermarkets/hypermarkets,7840,0,,1572154,PI/000436227,532,foodandsafety@merton.gov.uk,Wandsworth,http://www.wandsworth.gov.uk,False,,SW11 2JD,2025-05-06T00:00:00,fhrs_4_en-gb,4,,FHRS,-0.1685388,51.4712092,5.0,10.0,5.0,,battersea local,"2 Abercrombie Street, London, SW11 2JD",NEEDS_CHECK,Independent or other supermarket
275 - 277 Battersea Park Road,,London,Wandsworth,Tesco Stores Ltd,Retailers - supermarkets/hypermarkets,7840,0,,1572274,PI/000437149,532,foodandsafety@merton.gov.uk,Wandsworth,http://www.wandsworth.gov.uk,False,,SW11 4NE,2024-09-06T00:00:00,fhrs_5_en-gb,5,,FHRS,-0.152468,51.4746811,5.0,5.0,5.0,Tesco,tesco stores ltd,"275 - 277 Battersea Park Road, London, SW11 4NE",NEEDS_CHECK,Tesco store format unclear from FHRS record
Asda Superstore 204 Lavender Hill,,London,Wandsworth,Asda Stores Limited,Retailers - supermarkets/hypermarkets,7840,0,,1572407,PI/000457148,532,foodandsafety@merton.gov.uk,Wandsworth,http://www.wandsworth.gov.uk,False,,SW11 1JG,2025-09-05T00:00:00,fhrs_5_en-gb,5,,FHRS,-0.164905,51.4654611,5.0,5.0,5.0,Asda,asda stores limited,"Asda Superstore 204 Lavender Hill, London, SW11 1JG",NEEDS_CHECK,Asda store format unclear from FHRS record
Unit 5a The Junction Shopping Centre 20 St Johns Hill,,London,Wandsworth,Sainsbury's,Retailers - supermarkets/hypermarkets,7840,0,,1572593,PI/000457534,532,foodandsafety@merton.gov.uk,Wandsworth,http://www.wandsworth.gov.uk,False,,SW11 1SA,2024-09-24T00:00:00,fhrs_5_en-gb,5,,FHRS,-0.1689354,51.4636806,0.0,0.0,0.0,Sainsbury's,sainsbury's,"Unit 5a The Junction Shopping Centre 20 St Johns Hill, London, SW11 1SA",NEEDS_CHECK,Sainsbury's store format unclear from FHRS record
Grosvenor Wing St Georges Hospital Blackshaw Road,,London,Wandsworth,M & S Simply Food,Retailers - supermarkets/hypermarkets,7840,0,,1572740,PI/000457836,532,foodandsafety@merton.gov.uk,Wandsworth,http://www.wandsworth.gov.uk,False,,SW17 0QT,2023-10-26T00:00:00,fhrs_5_en-gb,5,,FHRS,-0.1757211,51.426718,0.0,0.0,0.0,,m & s simply food,"Grosvenor Wing St Georges Hospital Blackshaw Road, London, SW17 0QT",NEEDS_CHECK,Independent or other supermarket
Commodore House Juniper Drive,,London,Wandsworth,Tesco Stores,Retailers - supermarkets/hypermarkets,7840,0,,1573065,PI/000458515,532,foodandsafety@merton.gov.uk,Wandsworth,http://www.wandsworth.gov.uk,False,,,2024-03-19T00:00:00,fhrs_5_en-gb,5,,FHRS,-0.1847255,51.4644836,0.0,5.0,5.0,Tesco,tesco stores,"Commodore House Juniper Drive, London",NEEDS_CHECK,Tesco store format unclear from FHRS record
Unit 66 To 67 Southside Shopping Centre Wandsworth High Street,,London,Wandsworth,Waitrose,Retailers - supermarkets/hypermarkets,7840,0,,1573082,PI/000458555,532,foodandsafety@merton.gov.uk,Wandsworth,http://www.wandsworth.gov.uk,False,,SW18 4TG,2025-09-19T00:00:00,fhrs_5_en-gb,5,,FHRS,,,0.0,0.0,0.0,Waitrose,waitrose,"Unit 66 To 67 Southside Shopping Centre Wandsworth High Street, London, SW18 4TG",NEEDS_CHECK,Full Waitrose store: bakery provision to confirm
Kensington House 3 Palmer Road,,London,Wandsworth,Tesco Stores Limited,Retailers - supermarkets/hypermarkets,7840,0,,1573498,PI/000459616,532,foodandsafety@merton.gov.uk,Wandsworth,http://www.wandsworth.gov.uk,False,,SW11 4FA,2023-11-02T00:00:00,fhrs_5_en-gb,5,,FHRS,-0.1463624,51.4782358,0.0,0.0,0.0,Tesco,tesco stores limited,"Kensington House 3 Palmer Road, London, SW11 4FA",NEEDS_CHECK,Tesco store format unclear from FHRS record
J Sainsburys Superstore 71 - 77 Tooting High Street,,London,Wandsworth,Sainsbury's,Retailers - supermarkets/hypermarkets,7840,0,,1580633,PI/000337229,532,foodandsafety@merton.gov.uk,Wandsworth,http://www.wandsworth.gov.uk,False,,SW17 0RN,2024-12-16T00:00:00,fhrs_5_en-gb,5,,FHRS,-0.1681593,51.4272744,0.0,5.0,0.0,Sainsbury's,sainsbury's,"J Sainsburys Superstore 71 - 77 Tooting High Street, London, SW17 0RN",NEEDS_CHECK,Sainsbury's store format unclear from FHRS record
Waitrose Superstore Putney Exchange Putney High Street,,London,Wandsworth,Waitrose,Retailers - supermarkets/hypermarkets,7840,0,,1580636,PI/000402894,532,foodandsafety@merton.gov.uk,Wandsworth,http://www.wandsworth.gov.uk,False,,SW15 1TW,2025-10-02T00:00:00,fhrs_5_en-gb,5,,FHRS,-0.2167525,51.4637526,0.0,5.0,5.0,Waitrose,waitrose,"Waitrose Superstore Putney Exchange Putney High Street, London, SW15 1TW",NEEDS_CHECK,Full Waitrose store: bakery provision to confirm
1 St Georges Grove,,London,Wandsworth,Tesco,Retailers - supermarkets/hypermarkets,7840,0,,1588867,PI/000435584,532,foodandsafety@merton.gov.uk,Wandsworth,http://www.wandsworth.gov.uk,False,,SW17 0PZ,2025-09-03T00:00:00,fhrs_5_en-gb,5,,FHRS,-0.179393,51.4363974,0.0,5.0,5.0,Tesco,tesco,"1 St Georges Grove, London, SW17 0PZ",NEEDS_CHECK,Tesco store format unclear from FHRS record
Marks And Spencer 229 Wimbledon Park Road,,London,Wandsworth,Marks & Spencer,Retailers - supermarkets/hypermarkets,7840,0,,1610367,PI/000301933,532,foodandsafety@merton.gov.uk,Wandsworth,http://www.wandsworth.gov.uk,False,,SW18 5RJ,2025-08-12T00:00:00,fhrs_4_en-gb,4,,FHRS,-0.2056315,51.445321,5.0,10.0,5.0,M&S,marks & spencer,"Marks And Spencer 229 Wimbledon Park Road, London, SW18 5RJ",NEEDS_CHECK,Larger M&S store: bakery provision to confirm
23 - 27 Falcon Road,,London,Wandsworth,Tesco Stores Ltd,Retailers - supermarkets/hypermarkets,7840,0,,1625046,PI/000467233,532,foodandsafety@merton.gov.uk,Wandsworth,http://www.wandsworth.gov.uk,False,,SW11 2PH,2024-03-13T00:00:00,fhrs_5_en-gb,5,,FHRS,-0.1710112,51.4693784,0.0,0.0,0.0,Tesco,tesco stores ltd,"23 - 27 Falcon Road, London, SW11 2PH",NEEDS_CHECK,Tesco store format unclear from FHRS record
15 - 17 Northcote Road,,London,Wandsworth,Sainsbury's,Retailers - supermarkets/hypermarkets,7840,0,,1625053,PI/000467822,532,foodandsafety@merton.gov.uk,Wandsworth,http://www.wandsworth.gov.uk,False,,SW11 1NG,2026-05-14T00:00:00,fhrs_5_en-gb,5,,FHRS,-0.1664179,51.4601831,0.0,5.0,0.0,Sainsbury's,sainsbury's,"15 - 17 Northcote Road, London, SW11 1NG",NEEDS_CHECK,Sainsbury's store format unclear from FHRS record
129 - 133 Mitcham Road,,London,Wandsworth,Tesco,Retailers - supermarkets/hypermarkets,7840,0,,1632578,PI/000470145,532,foodandsafety@merton.gov.uk,Wandsworth,http://www.wandsworth.gov.uk,False,,SW17 9PE,2023-09-29T00:00:00,fhrs_5_en-gb,5,,FHRS,-0.1638271,51.4252194,0.0,0.0,0.0,Tesco,tesco,"129 - 133 Mitcham Road, London, SW17 9PE",NEEDS_CHECK,Tesco store format unclear from FHRS record
282 Magdalen Road,,London,Wandsworth,Sainsbury's Supermarkets,Retailers - supermarkets/hypermarkets,7840,0,,1636830,PI/000467073,532,foodandsafety@merton.gov.uk,Wandsworth,http://www.wandsworth.gov.uk,False,,SW18 3NY,2024-09-16T00:00:00,fhrs_5_en-gb,5,,FHRS,-0.1871868,51.4421294,5.0,5.0,0.0,Sainsbury's,sainsbury's supermarkets,"282 Magdalen Road, London, SW18 3NY",NEEDS_CHECK,Sainsbury's store format unclear from FHRS record
Ground Floor The Prince Of Wales 186 Battersea Bridge Road,,London,Wandsworth,Tesco,Retailers - supermarkets/hypermarkets,7840,0,,1647423,PI/000459032,532,foodandsafety@merton.gov.uk,Wandsworth,http://www.wandsworth.gov.uk,False,,SW11 3AE,2025-10-13T00:00:00,fhrs_5_en-gb,5,,FHRS,-0.1667112,51.4746621,0.0,0.0,0.0,Tesco,tesco,"Ground Floor The Prince Of Wales 186 Battersea Bridge Road, London, SW11 3AE",NEEDS_CHECK,Tesco store format unclear from FHRS record
1 Lumen Lane,,London,Wandsworth,Marks & Spencer,Retailers - supermarkets/hypermarkets,7840,0,,1666100,PI/000464561,532,foodandsafety@merton.gov.uk,Wandsworth,http://www.wandsworth.gov.uk,False,,SW11 8DE,2025-08-09T00:00:00,fhrs_5_en-gb,5,,FHRS,-0.1433256,51.4806516,0.0,0.0,5.0,M&S,marks & spencer,"1 Lumen Lane, London, SW11 8DE",NEEDS_CHECK,Larger M&S store: bakery provision to confirm
1 Clyde House 4 Enterprise Way,,London,Wandsworth,Sainsbury's,Retailers - supermarkets/hypermarkets,7840,0,,1688626,PI/000363360,532,foodandsafety@merton.gov.uk,Wandsworth,http://www.wandsworth.gov.uk,False,,SW18 1GE,2024-03-01T00:00:00,fhrs_5_en-gb,5,,FHRS,-0.1963045,51.4612961,0.0,0.0,0.0,Sainsbury's,sainsbury's,"1 Clyde House 4 Enterprise Way, London, SW18 1GE",NEEDS_CHECK,Sainsbury's store format unclear from FHRS record
131 - 133 Beaumont Road,,London,Wandsworth,Tesco Stores Limited,Retailers - supermarkets/hypermarkets,7840,0,,1693438,PI/000452799,532,foodandsafety@merton.gov.uk,Wandsworth,http://www.wandsworth.gov.uk,False,,SW19 6RY,2025-08-13T00:00:00,fhrs_5_en-gb,5,,FHRS,-0.2155871,51.4482027,0.0,5.0,5.0,Tesco,tesco stores limited,"131 - 133 Beaumont Road, London, SW19 6RY",NEEDS_CHECK,Tesco store format unclear from FHRS record
319 - 323 Battersea Park Road,,London,Wandsworth,Budgens Supermarket,Retailers - supermarkets/hypermarkets,7840,0,,1705728,PI/000484044,532,foodandsafety@merton.gov.uk,Wandsworth,http://www.wandsworth.gov.uk,False,,SW11 4LT,2026-06-02T00:00:00,fhrs_5_en-gb,5,,FHRS,-0.15591,51.4743,0.0,0.0,0.0,,budgens supermarket,"319 - 323 Battersea Park Road, London, SW11 4LT",NEEDS_CHECK,Independent or other supermarket
5 Replingham Road,,London,Wandsworth,John Walker,Retailers - supermarkets/hypermarkets,7840,0,,1748621,PI/000467886,532,foodandsafety@merton.gov.uk,Wandsworth,http://www.wandsworth.gov.uk,False,,SW18 5LT,2025-02-12T00:00:00,fhrs_4_en-gb,4,,FHRS,-0.2057486,51.4449172,5.0,5.0,10.0,,john walker,"5 Replingham Road, London, SW18 5LT",NEEDS_CHECK,Independent or other supermarket
295 - 297 Upper Richmond Road,,London,Wandsworth,Gerhold Limited,Retailers - supermarkets/hypermarkets,7840,0,,1857970,PI/000434995,532,foodandsafety@merton.gov.uk,Wandsworth,http://www.wandsworth.gov.uk,False,,SW15 6SP,2025-07-31T00:00:00,fhrs_5_en-gb,5,,FHRS,-0.2269185,51.4628125,5.0,5.0,5.0,,gerhold limited,"295 - 297 Upper Richmond Road, London, SW15 6SP",NEEDS_CHECK,Independent or other supermarket
Waitrose 1 New Union Square,,London,Wandsworth,Waitrose,Retailers - supermarkets/hypermarkets,7840,0,,1902110,PI/000365907,532,foodandsafety@merton.gov.uk,Wandsworth,http://www.wandsworth.gov.uk,False,,SW11 7DN,2024-08-05T00:00:00,fhrs_5_en-gb,5,,FHRS,-0.134422,51.482165,0.0,0.0,0.0,Waitrose,waitrose,"Waitrose 1 New Union Square, London, SW11 7DN",NEEDS_CHECK,Full Waitrose store: bakery provision to confirm
111 York Road,,London,Wandsworth,Sainsburys Ltd,Retailers - supermarkets/hypermarkets,7840,0,,1950550,26607,532,foodandsafety@merton.gov.uk,Wandsworth,http://www.wandsworth.gov.uk,False,,SW11 3JX,1901-01-01T00:00:00,fhrs_awaitinginspection_en-gb,AwaitingInspection,,FHRS,-0.1765085,51.4688342,,,,Sainsbury's,sainsburys ltd,"111 York Road, London, SW11 3JX",NEEDS_CHECK,Sainsbury's store format unclear from FHRS record
19 - 21 Mitcham Road,,London,Wandsworth,Marks and Spencer,Retailers - supermarkets/hypermarkets,7840,0,,1950553,26616,532,foodandsafety@merton.gov.uk,Wandsworth,http://www.wandsworth.gov.uk,False,,SW17 9PA,1901-01-01T00:00:00,fhrs_awaitinginspection_en-gb,AwaitingInspection,,FHRS,-0.1672,51.4278,,,,M&S,marks and spencer,"19 - 21 Mitcham Road, London, SW17 9PA",NEEDS_CHECK,Larger M&S store: bakery provision to confirm
169-173 OXFORD STREET,,LONDON,,Marks And Spencer,Retailers - supermarkets/hypermarkets,7840,0,,411026,00159/0169/0/000,533,foodsafety@westminster.gov.uk,Westminster,http://www.westminster.gov.uk/,False,,W1D 2JR,2023-11-06T00:00:00,fhrs_5_en-gb,5,,FHRS,-0.1379778,51.5150719,0.0,5.0,5.0,M&S,marks and spencer,"169-173 OXFORD STREET, LONDON, W1D 2JR",NEEDS_CHECK,Larger M&S store: bakery provision to confirm
456-472 OXFORD STREET,,LONDON,,Marks and Spencer,Retailers - supermarkets/hypermarkets,7840,0,,411057,00159/0458/0/000,533,foodsafety@westminster.gov.uk,Westminster,http://www.westminster.gov.uk/,False,,W1C 1AP,2026-04-17T00:00:00,fhrs_5_en-gb,5,,FHRS,-0.1543199,51.5140532,5.0,5.0,5.0,M&S,marks and spencer,"456-472 OXFORD STREET, LONDON, W1C 1AP",NEEDS_CHECK,Larger M&S store: bakery provision to confirm
504-510 HARROW ROAD,,LONDON,,The Co Operative Food Stores,Retailers - supermarkets/hypermarkets,7840,0,,411717,00530/0504/0/000,533,foodsafety@westminster.gov.uk,Westminster,http://www.westminster.gov.uk/,False,,W9 3QA,2024-09-11T00:00:00,fhrs_5_en-gb,5,,FHRS,-0.2024763,51.5249178,0.0,5.0,0.0,,the co operative food stores,"504-510 HARROW ROAD, LONDON, W9 3QA",NEEDS_CHECK,Independent or other supermarket
UNIT R17 PADDINGTON STATION PRAED STREET,,LONDON,,Sainsbury's,Retailers - supermarkets/hypermarkets,7840,0,,411843,00572/2001/2/015,533,foodsafety@westminster.gov.uk,Westminster,http://www.westminster.gov.uk/,False,,W2 1HB,2024-11-14T00:00:00,fhrs_5_en-gb,5,,FHRS,-0.1774148,51.5175078,0.0,5.0,0.0,Sainsbury's,sainsbury's,"UNIT R17 PADDINGTON STATION PRAED STREET, LONDON, W2 1HB",NEEDS_CHECK,Sainsbury's store format unclear from FHRS record
WHOLE BUILDING GROVE HOUSE 88-94 WESTBOURNE GROVE,,LONDON,,Sainsbury's,Retailers - supermarkets/hypermarkets,7840,0,,412275,00743/0088/1/001,533,foodsafety@westminster.gov.uk,Westminster,http://www.westminster.gov.uk/,False,,W2 5RT,2024-08-01T00:00:00,fhrs_5_en-gb,5,,FHRS,-0.1935988,51.5153841,5.0,5.0,0.0,Sainsbury's,sainsbury's,"WHOLE BUILDING GROVE HOUSE 88-94 WESTBOURNE GROVE, LONDON, W2 5RT",NEEDS_CHECK,Sainsbury's store format unclear from FHRS record
UNIT A AND B PORTCULLIS HOUSE BRIDGE STREET,,LONDON,,Tesco,Retailers - supermarkets/hypermarkets,7840,0,,412313,00758/2005/9/001,533,foodsafety@westminster.gov.uk,Westminster,http://www.westminster.gov.uk/,False,,SW1A 2LW,2024-11-12T00:00:00,fhrs_5_en-gb,5,,FHRS,-0.1243451,51.5013476,5.0,0.0,0.0,Tesco,tesco,"UNIT A AND B PORTCULLIS HOUSE BRIDGE STREET, LONDON, SW1A 2LW",NEEDS_CHECK,Tesco store format unclear from FHRS record
258 EDGWARE ROAD,,LONDON,,Marks And Spencer,Retailers - supermarkets/hypermarkets,7840,0,,412767,00919/0258/0/000,533,foodsafety@westminster.gov.uk,Westminster,http://www.westminster.gov.uk/,False,,,2026-01-22T00:00:00,fhrs_5_en-gb,5,,FHRS,-0.1691036,51.5195276,0.0,5.0,0.0,M&S,marks and spencer,"258 EDGWARE ROAD, LONDON",NEEDS_CHECK,Larger M&S store: bakery provision to confirm
NATHANCO HOUSE 24 LISSON GROVE,,LONDON,,Tesco,Retailers - supermarkets/hypermarkets,7840,0,,412987,00993/0024/1/000,533,foodsafety@westminster.gov.uk,Westminster,http://www.westminster.gov.uk/,False,,NW1 6TU,2024-03-12T00:00:00,fhrs_5_en-gb,5,,FHRS,-0.1647585,51.5220618,0.0,5.0,0.0,Tesco,tesco,"NATHANCO HOUSE 24 LISSON GROVE, LONDON, NW1 6TU",NEEDS_CHECK,Tesco store format unclear from FHRS record
11-15 MELCOMBE STREET,,LONDON,,Tesco,Retailers - supermarkets/hypermarkets,7840,0,,413195,01084/0011/0/000,533,foodsafety@westminster.gov.uk,Westminster,http://www.westminster.gov.uk/,False,,NW1 6AE,2025-01-04T00:00:00,fhrs_5_en-gb,5,,FHRS,-0.158229,51.5225408,0.0,0.0,0.0,Tesco,tesco,"11-15 MELCOMBE STREET, LONDON, NW1 6AE",NEEDS_CHECK,Tesco store format unclear from FHRS record
110-112 BAKER STREET,,LONDON,,Tesco,Retailers - supermarkets/hypermarkets,7840,0,,413279,01123/0110/0/000,533,foodsafety@westminster.gov.uk,Westminster,http://www.westminster.gov.uk/,False,,W1U 6TP,2025-10-08T00:00:00,fhrs_5_en-gb,5,,FHRS,-0.1566913,51.5209969,0.0,0.0,5.0,Tesco,tesco,"110-112 BAKER STREET, LONDON, W1U 6TP",NEEDS_CHECK,Tesco store format unclear from FHRS record
6-14 CIRCUS ROAD,,LONDON,,Tesco,Retailers - supermarkets/hypermarkets,7840,0,,413345,01154/0006/0/000,533,foodsafety@westminster.gov.uk,Westminster,http://www.westminster.gov.uk/,False,,NW8 6PG,2024-04-27T00:00:00,fhrs_5_en-gb,5,,FHRS,-0.1718972,51.5339864,0.0,5.0,0.0,Tesco,tesco,"6-14 CIRCUS ROAD, LONDON, NW8 6PG",NEEDS_CHECK,Tesco store format unclear from FHRS record
29-35 MORTIMER STREET,,LONDON,,Sainsbury's,Retailers - supermarkets/hypermarkets,7840,0,,413891,01448/0027/0/100,533,foodsafety@westminster.gov.uk,Westminster,http://www.westminster.gov.uk/,False,,W1T 3JE,2022-12-20T00:00:00,fhrs_5_en-gb,5,,FHRS,-0.1385138,51.5181559,0.0,5.0,0.0,Sainsbury's,sainsbury's,"29-35 MORTIMER STREET, LONDON, W1T 3JE",NEEDS_CHECK,Sainsbury's store format unclear from FHRS record
36-37 STRAND,,LONDON,,Sainsbury's,Retailers - supermarkets/hypermarkets,7840,0,,414180,01576/0036/0/000,533,foodsafety@westminster.gov.uk,Westminster,http://www.westminster.gov.uk/,False,,WC2N 5HY,2024-02-09T00:00:00,fhrs_5_en-gb,5,,FHRS,-0.1244289,51.508777,5.0,0.0,0.0,Sainsbury's,sainsbury's,"36-37 STRAND, LONDON, WC2N 5HY",NEEDS_CHECK,Sainsbury's store format unclear from FHRS record
BASEMENT AND GROUND FLOOR EAST WELLINGTON HOUSE 125-130 STRAND,,LONDON,,Tesco,Retailers - supermarkets/hypermarkets,7840,0,,414192,01576/0125/1/001,533,foodsafety@westminster.gov.uk,Westminster,http://www.westminster.gov.uk/,False,,WC2R 0AP,2024-11-12T00:00:00,fhrs_5_en-gb,5,,FHRS,-0.1192796,51.5109877,0.0,0.0,0.0,Tesco,tesco,"BASEMENT AND GROUND FLOOR EAST WELLINGTON HOUSE 125-130 STRAND, LONDON, WC2R 0AP",NEEDS_CHECK,Tesco store format unclear from FHRS record
38 STRATTON STREET,,LONDON,,Sainsbury's,Retailers - supermarkets/hypermarkets,7840,0,,414243,01579/0038/0/000,533,foodsafety@westminster.gov.uk,Westminster,http://www.westminster.gov.uk/,False,,W1J 8LT,2024-08-31T00:00:00,fhrs_5_en-gb,5,,FHRS,-0.1436881,51.5079143,0.0,0.0,0.0,Sainsbury's,sainsbury's,"38 STRATTON STREET, LONDON, W1J 8LT",NEEDS_CHECK,Sainsbury's store format unclear from FHRS record
385-387 EUSTON ROAD,,LONDON,,Tesco,Retailers - supermarkets/hypermarkets,7840,0,,414415,01728/0385/1/000,533,foodsafety@westminster.gov.uk,Westminster,http://www.westminster.gov.uk/,False,,NW1 3AU,2024-06-20T00:00:00,fhrs_5_en-gb,5,,FHRS,-0.1433105,51.5235736,5.0,5.0,5.0,Tesco,tesco,"385-387 EUSTON ROAD, LONDON, NW1 3AU",NEEDS_CHECK,Tesco store format unclear from FHRS record
UNIT 8 WEST END QUAY SOUTH WHARF ROAD,,LONDON,,Tesco,Retailers - supermarkets/hypermarkets,7840,0,,414538,04/00333/COMM,533,foodsafety@westminster.gov.uk,Westminster,http://www.westminster.gov.uk/,False,,W2 1LA,2021-02-11T00:00:00,fhrs_5_en-gb,5,,FHRS,-0.1708636,51.518413,5.0,0.0,5.0,Tesco,tesco,"UNIT 8 WEST END QUAY SOUTH WHARF ROAD, LONDON, W2 1LA",NEEDS_CHECK,Tesco store format unclear from FHRS record
12A SHELDON SQUARE,REGENT'S PARK,LONDON,,Sainsbury's,Retailers - supermarkets/hypermarkets,7840,0,,414556,04/00428/COMM,533,foodsafety@westminster.gov.uk,Westminster,http://www.westminster.gov.uk/,False,,W2 6EZ,2025-01-09T00:00:00,fhrs_5_en-gb,5,,FHRS,-0.1803887,51.5195839,0.0,0.0,0.0,Sainsbury's,sainsbury's,"12A SHELDON SQUARE, REGENT'S PARK, LONDON, W2 6EZ",NEEDS_CHECK,Sainsbury's store format unclear from FHRS record
138-142 QUEENSWAY,,LONDON,,Tesco,Retailers - supermarkets/hypermarkets,7840,0,,414578,05/00059/COMM,533,foodsafety@westminster.gov.uk,Westminster,http://www.westminster.gov.uk/,False,,W2 6LS,2023-09-18T00:00:00,fhrs_5_en-gb,5,,FHRS,-0.18773666,51.51405028,0.0,5.0,5.0,Tesco,tesco,"138-142 QUEENSWAY, LONDON, W2 6LS",NEEDS_CHECK,Tesco store format unclear from FHRS record
GROUND FLOOR 10 CARDINAL WALK,,LONDON,,Marks And Spencer,Retailers - supermarkets/hypermarkets,7840,0,,414622,06/00109/COMM,533,foodsafety@westminster.gov.uk,Westminster,http://www.westminster.gov.uk/,False,,SW1E 5JE,2024-09-21T00:00:00,fhrs_5_en-gb,5,,FHRS,-0.1407303,51.4976763,0.0,0.0,0.0,M&S,marks and spencer,"GROUND FLOOR 10 CARDINAL WALK, LONDON, SW1E 5JE",NEEDS_CHECK,Larger M&S store: bakery provision to confirm
BASEMENT TO GROUND AND MEZZANINE FLOOR 456-459 STRAND,,LONDON,,The Co Operative Group,Retailers - supermarkets/hypermarkets,7840,0,,414743,11/00025/COMM,533,foodsafety@westminster.gov.uk,Westminster,http://www.westminster.gov.uk/,False,,WC2R 0RG,2025-01-11T00:00:00,fhrs_5_en-gb,5,,FHRS,-0.1263661,51.5082774,0.0,5.0,0.0,,the co operative group,"BASEMENT TO GROUND AND MEZZANINE FLOOR 456-459 STRAND, LONDON, WC2R 0RG",NEEDS_CHECK,Independent or other supermarket
21-25 CLIFTON ROAD,,LONDON,,Tesco,Retailers - supermarkets/hypermarkets,7840,0,,427693,00055/0021/0/000,533,foodsafety@westminster.gov.uk,Westminster,http://www.westminster.gov.uk/,False,,W9 1SY,2024-06-12T00:00:00,fhrs_5_en-gb,5,,FHRS,-0.17959307,51.52544827,5.0,5.0,5.0,Tesco,tesco,"21-25 CLIFTON ROAD, LONDON, W9 1SY",NEEDS_CHECK,Tesco store format unclear from FHRS record
115-117 MAIDA VALE,,LONDON,,Tesco,Retailers - supermarkets/hypermarkets,7840,0,,427803,00514/0115/0/000,533,foodsafety@westminster.gov.uk,Westminster,http://www.westminster.gov.uk/,False,,W9 1UP,2024-12-06T00:00:00,fhrs_5_en-gb,5,,FHRS,-0.1818823,51.5283773,0.0,0.0,0.0,Tesco,tesco,"115-117 MAIDA VALE, LONDON, W9 1UP",NEEDS_CHECK,Tesco store format unclear from FHRS record
RCA HOUSE 50-52 CURZON STREET,,LONDON,,Tesco,Retailers - supermarkets/hypermarkets,7840,0,,427972,00943/0050/1/000,533,foodsafety@westminster.gov.uk,Westminster,http://www.westminster.gov.uk/,False,,W1J 7UP,2024-05-20T00:00:00,fhrs_5_en-gb,5,,FHRS,-0.1457186,51.5068853,5.0,5.0,0.0,Tesco,tesco,"RCA HOUSE 50-52 CURZON STREET, LONDON, W1J 7UP",NEEDS_CHECK,Tesco store format unclear from FHRS record
2-4 DEAN STREET,,LONDON,,Tesco,Retailers - supermarkets/hypermarkets,7840,0,,427976,00953/0002/0/001,533,foodsafety@westminster.gov.uk,Westminster,http://www.westminster.gov.uk/,False,,W1D 3RG,2026-06-26T00:00:00,fhrs_5_en-gb,5,,FHRS,-0.1334437,51.5156293,0.0,5.0,0.0,Tesco,tesco,"2-4 DEAN STREET, LONDON, W1D 3RG",NEEDS_CHECK,Tesco store format unclear from FHRS record
22-25 BEDFORD STREET,,LONDON,,Tesco,Retailers - supermarkets/hypermarkets,7840,0,,428021,01103/0022/0/000,533,foodsafety@westminster.gov.uk,Westminster,http://www.westminster.gov.uk/,False,,WC2E 9EQ,2025-10-16T00:00:00,fhrs_5_en-gb,5,,FHRS,-0.1251871,51.5110193,,,,Tesco,tesco,"22-25 BEDFORD STREET, LONDON, WC2E 9EQ",NEEDS_CHECK,Tesco store format unclear from FHRS record
93-95 LUPUS STREET,,LONDON,,Tesco,Retailers - supermarkets/hypermarkets,7840,0,,428044,01180/0093/0/000,533,foodsafety@westminster.gov.uk,Westminster,http://www.westminster.gov.uk/,False,,SW1V 3EN,2024-08-17T00:00:00,fhrs_5_en-gb,5,,FHRS,-0.1402445,51.4877341,0.0,5.0,0.0,Tesco,tesco,"93-95 LUPUS STREET, LONDON, SW1V 3EN",NEEDS_CHECK,Tesco store format unclear from FHRS record
99 WILTON ROAD,,LONDON,,Sainsbury's,Retailers - supermarkets/hypermarkets,7840,0,,428181,03/00433/COMM,533,foodsafety@westminster.gov.uk,Westminster,http://www.westminster.gov.uk/,False,,SW1V 1DT,2024-07-20T00:00:00,fhrs_5_en-gb,5,,FHRS,-0.1417195,51.493261,0.0,0.0,0.0,Sainsbury's,sainsbury's,"99 WILTON ROAD, LONDON, SW1V 1DT",NEEDS_CHECK,Sainsbury's store format unclear from FHRS record
GROUND FLOOR 2 MONCK STREET,,LONDON,,Tesco,Retailers - supermarkets/hypermarkets,7840,0,,428189,05/00122/COMM,533,foodsafety@westminster.gov.uk,Westminster,http://www.westminster.gov.uk/,False,,SW1P 2BQ,2024-05-20T00:00:00,fhrs_5_en-gb,5,,FHRS,-0.1309289,51.4962929,0.0,0.0,0.0,Tesco,tesco,"GROUND FLOOR 2 MONCK STREET, LONDON, SW1P 2BQ",NEEDS_CHECK,Tesco store format unclear from FHRS record
GROUND FLOOR THE PLAZA 17-25 REGENT STREET,,LONDON,,Tesco,Retailers - supermarkets/hypermarkets,7840,0,,444725,01217/0017/1/000,533,foodsafety@westminster.gov.uk,Westminster,http://www.westminster.gov.uk/,False,,SW1Y 4LR,2025-01-22T00:00:00,fhrs_5_en-gb,5,,FHRS,-0.1344664,51.508946,0.0,0.0,0.0,Tesco,tesco,"GROUND FLOOR THE PLAZA 17-25 REGENT STREET, LONDON, SW1Y 4LR",NEEDS_CHECK,Tesco store format unclear from FHRS record
UNITS 3 AND UNIT 4 MOREAU HOUSE 112-120 BROMPTON ROAD,,LONDON,,Sainsbury's,Retailers - supermarkets/hypermarkets,7840,0,,511188,00725/0112/1/004,533,foodsafety@westminster.gov.uk,Westminster,http://www.westminster.gov.uk/,False,,SW3 1JJ,2024-05-11T00:00:00,fhrs_4_en-gb,4,,FHRS,-0.1650085,51.4990966,0.0,10.0,5.0,Sainsbury's,sainsbury's,"UNITS 3 AND UNIT 4 MOREAU HOUSE 112-120 BROMPTON ROAD, LONDON, SW3 1JJ",NEEDS_CHECK,Sainsbury's store format unclear from FHRS record
478 HARROW ROAD,,LONDON,,Sainsbury's,Retailers - supermarkets/hypermarkets,7840,0,,554735,11/00019/COMM,533,foodsafety@westminster.gov.uk,Westminster,http://www.westminster.gov.uk/,False,,W9 3RU,2024-09-13T00:00:00,fhrs_5_en-gb,5,,FHRS,-0.2007779,51.5241184,0.0,0.0,0.0,Sainsbury's,sainsbury's,"478 HARROW ROAD, LONDON, W9 3RU",NEEDS_CHECK,Sainsbury's store format unclear from FHRS record
1 GATLIFF ROAD,,LONDON,,Sainsbury's,Retailers - supermarkets/hypermarkets,7840,0,,554737,13/00026/COMM,533,foodsafety@westminster.gov.uk,Westminster,http://www.westminster.gov.uk/,False,,SW1W 8DT,2024-08-19T00:00:00,fhrs_5_en-gb,5,,FHRS,-0.1505933,51.4882844,0.0,0.0,0.0,Sainsbury's,sainsbury's,"1 GATLIFF ROAD, LONDON, SW1W 8DT",NEEDS_CHECK,Sainsbury's store format unclear from FHRS record
BASEMENT AND GROUND FLOOR 1 BERNERS STREET,,LONDON,,Sainsbury's,Retailers - supermarkets/hypermarkets,7840,0,,615380,13/00260/COMM,533,foodsafety@westminster.gov.uk,Westminster,http://www.westminster.gov.uk/,False,,W1T 3LA,2022-12-20T00:00:00,fhrs_5_en-gb,5,,FHRS,-0.1359504,51.516194,0.0,0.0,0.0,Sainsbury's,sainsbury's,"BASEMENT AND GROUND FLOOR 1 BERNERS STREET, LONDON, W1T 3LA",NEEDS_CHECK,Sainsbury's store format unclear from FHRS record
BASEMENT AND GROUND FLOOR 202 GREAT PORTLAND STREET,,LONDON,,Sainsbury's,Retailers - supermarkets/hypermarkets,7840,0,,654336,09/00073/COMM,533,foodsafety@westminster.gov.uk,Westminster,http://www.westminster.gov.uk/,False,,W1W 5QQ,2026-04-24T00:00:00,fhrs_5_en-gb,5,,FHRS,-0.1432038,51.5219442,0.0,5.0,0.0,Sainsbury's,sainsbury's,"BASEMENT AND GROUND FLOOR 202 GREAT PORTLAND STREET, LONDON, W1W 5QQ",NEEDS_CHECK,Sainsbury's store format unclear from FHRS record
169 QUEENSWAY,,LONDON,,Sainsbury's,Retailers - supermarkets/hypermarkets,7840,0,,699196,14/00073/COMM,533,foodsafety@westminster.gov.uk,Westminster,http://www.westminster.gov.uk/,False,,W2 4SB,2024-12-13T00:00:00,fhrs_5_en-gb,5,,FHRS,-0.1885502,51.5154861,0.0,0.0,0.0,Sainsbury's,sainsbury's,"169 QUEENSWAY, LONDON, W2 4SB",NEEDS_CHECK,Sainsbury's store format unclear from FHRS record
318-324 EDGWARE ROAD,,LONDON,,Sainsbury's,Retailers - supermarkets/hypermarkets,7840,0,,715211,00919/0318/0/000,533,foodsafety@westminster.gov.uk,Westminster,http://www.westminster.gov.uk/,False,,W2 1DY,2025-06-04T00:00:00,fhrs_5_en-gb,5,,FHRS,-0.1706259,51.5207474,0.0,0.0,0.0,Sainsbury's,sainsbury's,"318-324 EDGWARE ROAD, LONDON, W2 1DY",NEEDS_CHECK,Sainsbury's store format unclear from FHRS record
QUEENS HOUSE 73-77 QUEENSWAY,,LONDON,,Sainsbury's,Retailers - supermarkets/hypermarkets,7840,0,,715214,13/00048/COMM,533,foodsafety@westminster.gov.uk,Westminster,http://www.westminster.gov.uk/,False,,W2 4RA,2023-04-21T00:00:00,fhrs_5_en-gb,5,,FHRS,-0.1878771,51.5121125,5.0,5.0,0.0,Sainsbury's,sainsbury's,"QUEENS HOUSE 73-77 QUEENSWAY, LONDON, W2 4RA",NEEDS_CHECK,Sainsbury's store format unclear from FHRS record
14-20 ELIZABETH STREET,,LONDON,,Sainsbury's,Retailers - supermarkets/hypermarkets,7840,0,,720251,14/00074/COMM,533,foodsafety@westminster.gov.uk,Westminster,http://www.westminster.gov.uk/,False,,SW1W 9RB,2024-02-20T00:00:00,fhrs_5_en-gb,5,,FHRS,-0.1492999,51.4931155,0.0,5.0,5.0,Sainsbury's,sainsbury's,"14-20 ELIZABETH STREET, LONDON, SW1W 9RB",NEEDS_CHECK,Sainsbury's store format unclear from FHRS record
101 NEW CAVENDISH STREET,,LONDON,,Tesco,Retailers - supermarkets/hypermarkets,7840,0,,741334,09/00103/COMM,533,foodsafety@westminster.gov.uk,Westminster,http://www.westminster.gov.uk/,False,,W1W 6XH,2025-05-15T00:00:00,fhrs_5_en-gb,5,,FHRS,-0.1410536,51.5205883,0.0,0.0,0.0,Tesco,tesco,"101 NEW CAVENDISH STREET, LONDON, W1W 6XH",NEEDS_CHECK,Tesco store format unclear from FHRS record
GROUND FLOOR 116 BAKER STREET,,LONDON,,Sainsbury's,Retailers - supermarkets/hypermarkets,7840,0,,741338,14/00112/COMM,533,foodsafety@westminster.gov.uk,Westminster,http://www.westminster.gov.uk/,False,,W1U 6TS,2025-01-07T00:00:00,fhrs_5_en-gb,5,,FHRS,-0.1566678,51.5212214,0.0,5.0,0.0,Sainsbury's,sainsbury's,"GROUND FLOOR 116 BAKER STREET, LONDON, W1U 6TS",NEEDS_CHECK,Sainsbury's store format unclear from FHRS record
10 ROCHESTER ROW,,LONDON,,Sainsbury's,Retailers - supermarkets/hypermarkets,7840,0,,741339,14/00137/COMM,533,foodsafety@westminster.gov.uk,Westminster,http://www.westminster.gov.uk/,False,,SW1P 1NS,2025-07-22T00:00:00,fhrs_5_en-gb,5,,FHRS,-0.1358614,51.495605,5.0,5.0,5.0,Sainsbury's,sainsbury's,"10 ROCHESTER ROW, LONDON, SW1P 1NS",NEEDS_CHECK,Sainsbury's store format unclear from FHRS record
BASEMENT CONCESSION JOHN LEWIS 278-306 OXFORD STREET,,LONDON,,Waitrose Ltd,Retailers - supermarkets/hypermarkets,7840,0,,766885,12/00057/COMM,533,foodsafety@westminster.gov.uk,Westminster,http://www.westminster.gov.uk/,False,,,2024-08-29T00:00:00,fhrs_5_en-gb,5,,FHRS,-0.14451094,51.51499798,5.0,5.0,0.0,Waitrose,waitrose ltd,"BASEMENT CONCESSION JOHN LEWIS 278-306 OXFORD STREET, LONDON",NEEDS_CHECK,Full Waitrose store: bakery provision to confirm
18-28 WARWICK WAY,,LONDON,,Tesco,Retailers - supermarkets/hypermarkets,7840,0,,772608,01044/0018/0/000,533,foodsafety@westminster.gov.uk,Westminster,http://www.westminster.gov.uk/,False,,SW1V 1RX,2024-05-20T00:00:00,fhrs_5_en-gb,5,,FHRS,-0.139285,51.4921972,0.0,5.0,0.0,Tesco,tesco,"18-28 WARWICK WAY, LONDON, SW1V 1RX",NEEDS_CHECK,Tesco store format unclear from FHRS record
1-4 CHARING CROSS,,LONDON,,Tesco,Retailers - supermarkets/hypermarkets,7840,0,,772636,01260/0001/0/000,533,foodsafety@westminster.gov.uk,Westminster,http://www.westminster.gov.uk/,False,,SW1A 2DR,2024-04-15T00:00:00,fhrs_5_en-gb,5,,FHRS,-0.1269727,51.5071899,0.0,0.0,0.0,Tesco,tesco,"1-4 CHARING CROSS, LONDON, SW1A 2DR",NEEDS_CHECK,Tesco store format unclear from FHRS record
GROUND 27 MOTCOMB STREET,,LONDON,,Waitrose,Retailers - supermarkets/hypermarkets,7840,0,,772653,01451/0027/0/000,533,foodsafety@westminster.gov.uk,Westminster,http://www.westminster.gov.uk/,False,,SW1X 8GG,2025-07-10T00:00:00,fhrs_5_en-gb,5,,FHRS,-0.1570752,51.4989978,0.0,5.0,0.0,Waitrose,waitrose,"GROUND 27 MOTCOMB STREET, LONDON, SW1X 8GG",NEEDS_CHECK,Full Waitrose store: bakery provision to confirm
94 CHURCH STREET,,LONDON,,Tesco Metro Paddington,Retailers - supermarkets/hypermarkets,7840,0,,1026631,18/00009/COMM,533,foodsafety@westminster.gov.uk,Westminster,http://www.westminster.gov.uk/,False,,NW8 8EX,2024-07-25T00:00:00,fhrs_5_en-gb,5,,FHRS,-0.1719246,51.5225122,5.0,5.0,5.0,Tesco,tesco metro paddington,"94 CHURCH STREET, LONDON, NW8 8EX",NEEDS_CHECK,Tesco store format unclear from FHRS record
UNITS SU29 VICTORIA PLACE 115 BUCKINGHAM PALACE ROAD,,LONDON,,Sainsbury's,Retailers - supermarkets/hypermarkets,7840,0,,1212875,19/00587/COMM,533,foodsafety@westminster.gov.uk,Westminster,http://www.westminster.gov.uk/,False,,SW1W 9SJ,2025-11-27T00:00:00,fhrs_4_en-gb,4,,FHRS,-0.1457445,51.4945387,0.0,10.0,5.0,Sainsbury's,sainsbury's,"UNITS SU29 VICTORIA PLACE 115 BUCKINGHAM PALACE ROAD, LONDON, SW1W 9SJ",NEEDS_CHECK,Sainsbury's store format unclear from FHRS record
UNITS 5 AND 6 57-63 CHARING CROSS ROAD,,LONDON,,Sainsbury's,Retailers - supermarkets/hypermarkets,7840,0,,1270680,20/00338/COMM,533,foodsafety@westminster.gov.uk,Westminster,http://www.westminster.gov.uk/,False,,WC2H 0NE,2024-05-11T00:00:00,fhrs_5_en-gb,5,,FHRS,-0.1286519,51.5120731,0.0,5.0,5.0,Sainsbury's,sainsbury's,"UNITS 5 AND 6 57-63 CHARING CROSS ROAD, LONDON, WC2H 0NE",NEEDS_CHECK,Sainsbury's store format unclear from FHRS record
1 MARBLE ARCH,,LONDON,,Sainsbury's,Retailers - supermarkets/hypermarkets,7840,0,,1431994,21/00820/COMM,533,foodsafety@westminster.gov.uk,Westminster,http://www.westminster.gov.uk/,False,,W1H 7EJ,2024-06-04T00:00:00,fhrs_5_en-gb,5,,FHRS,-0.1592297,51.5134948,5.0,5.0,5.0,Sainsbury's,sainsbury's,"1 MARBLE ARCH, LONDON, W1H 7EJ",NEEDS_CHECK,Sainsbury's store format unclear from FHRS record
544 HARROW ROAD,,LONDON,,Asia food bazar,Retailers - supermarkets/hypermarkets,7840,0,,1643112,BKXVC2-YVK1LP-A5CQR6,533,foodsafety@westminster.gov.uk,Westminster,http://www.westminster.gov.uk/,False,,W9 3QG,2023-07-18T00:00:00,fhrs_2_en-gb,2,,FHRS,-0.2042155,51.5257807,5.0,15.0,10.0,,asia food bazar,"544 HARROW ROAD, LONDON, W9 3QG",NEEDS_CHECK,Independent or other supermarket
270 HARROW ROAD,,LONDON,,Basma,Retailers - supermarkets/hypermarkets,7840,0,,1679185,LJKA5J-ZPHCFE-SBJ0YL,533,foodsafety@westminster.gov.uk,Westminster,http://www.westminster.gov.uk/,False,,W2 5ES,2024-02-29T00:00:00,fhrs_4_en-gb,4,,FHRS,-0.1915508,51.520874,5.0,5.0,10.0,,basma,"270 HARROW ROAD, LONDON, W2 5ES",NEEDS_CHECK,Independent or other supermarket
127A-129 QUEENSWAY,,LONDON,,M&S Food,Retailers - supermarkets/hypermarkets,7840,0,,1702988,PCLSS7-VSDMEZ-4YRS6N,533,foodsafety@westminster.gov.uk,Westminster,http://www.westminster.gov.uk/,False,,W2 4SJ,2024-05-21T00:00:00,fhrs_5_en-gb,5,,FHRS,-0.1879374,51.5134983,0.0,0.0,0.0,M&S,m&s food,"127A-129 QUEENSWAY, LONDON, W2 4SJ",NEEDS_CHECK,Larger M&S store: bakery provision to confirm
83-85 SHAFTESBURY AVENUE,,LONDON,,M&S Food,Retailers - supermarkets/hypermarkets,7840,0,,1702991,PV4VLP-8CM5FA-HCVBPB,533,foodsafety@westminster.gov.uk,Westminster,http://www.westminster.gov.uk/,False,,W1D 5DX,2024-07-04T00:00:00,fhrs_5_en-gb,5,,FHRS,-0.1311911,51.5125629,0.0,0.0,0.0,M&S,m&s food,"83-85 SHAFTESBURY AVENUE, LONDON, W1D 5DX",NEEDS_CHECK,Larger M&S store: bakery provision to confirm
36-38 EDGWARE ROAD,,LONDON,,Tesco Stores Limited,Retailers - supermarkets/hypermarkets,7840,0,,1743828,B3EW6K-BEVJVV-BE7QAM,533,foodsafety@westminster.gov.uk,Westminster,http://www.westminster.gov.uk/,False,,W2 2EH,2024-08-09T00:00:00,fhrs_5_en-gb,5,,FHRS,-0.1616519,51.5144303,0.0,5.0,0.0,Tesco,tesco stores limited,"36-38 EDGWARE ROAD, LONDON, W2 2EH",NEEDS_CHECK,Tesco store format unclear from FHRS record
78-80 MARSHAM STREET,,LONDON,,Sainsbury's,Retailers - supermarkets/hypermarkets,7840,0,,1775672,15/00339/COMM,533,foodsafety@westminster.gov.uk,Westminster,http://www.westminster.gov.uk/,False,,SW1P 4LY,2024-11-13T00:00:00,fhrs_4_en-gb,4,,FHRS,-0.1293286,51.4943589,0.0,10.0,5.0,Sainsbury's,sainsbury's,"78-80 MARSHAM STREET, LONDON, SW1P 4LY",NEEDS_CHECK,Sainsbury's store format unclear from FHRS record
UNIT SU22-23 VICTORIA PLACE 115 BUCKINGHAM PALACE ROAD,,LONDON,,Oseyo,Retailers - supermarkets/hypermarkets,7840,0,,1775692,HARMGT-E4KG3N-CQ2K9M,533,foodsafety@westminster.gov.uk,Westminster,http://www.westminster.gov.uk/,False,,SW1W 9SJ,2024-12-31T00:00:00,fhrs_5_en-gb,5,,FHRS,-0.1457445,51.4945387,0.0,0.0,5.0,,oseyo,"UNIT SU22-23 VICTORIA PLACE 115 BUCKINGHAM PALACE ROAD, LONDON, SW1W 9SJ",NEEDS_CHECK,Independent or other supermarket
30-31 LEINSTER TERRACE,,LONDON,,Midoo Food and Wine,Retailers - supermarkets/hypermarkets,7840,0,,1775702,KWJKQ7-4XT00X-V79TBS,533,foodsafety@westminster.gov.uk,Westminster,http://www.westminster.gov.uk/,False,,W2 3ET,2024-11-28T00:00:00,fhrs_4_en-gb,4,,FHRS,-0.183374,51.5119169,5.0,0.0,10.0,,midoo food and wine,"30-31 LEINSTER TERRACE, LONDON, W2 3ET",NEEDS_CHECK,Independent or other supermarket
UNIT 10 1 PADDINGTON SQUARE,WESTMINSTER,LONDON,,Oseyo,Retailers - supermarkets/hypermarkets,7840,0,,1775721,RAGBR9-K8FRR9-M3EFDC,533,foodsafety@westminster.gov.uk,Westminster,http://www.westminster.gov.uk/,False,,W2 1DL,2024-11-26T00:00:00,fhrs_5_en-gb,5,,FHRS,,,5.0,0.0,0.0,,oseyo,"UNIT 10 1 PADDINGTON SQUARE, WESTMINSTER, LONDON, W2 1DL",NEEDS_CHECK,Independent or other supermarket
UNIT 1 1 PADDINGTON SQUARE,WESTMINSTER,LONDON,,Sainsbury's,Retailers - supermarkets/hypermarkets,7840,0,,1793487,PBHFN8-ZBXNQH-J2W624,533,foodsafety@westminster.gov.uk,Westminster,http://www.westminster.gov.uk/,False,,W2 1DL,2025-02-25T00:00:00,fhrs_5_en-gb,5,,FHRS,,,0.0,0.0,0.0,Sainsbury's,sainsbury's,"UNIT 1 1 PADDINGTON SQUARE, WESTMINSTER, LONDON, W2 1DL",NEEDS_CHECK,Sainsbury's store format unclear from FHRS record
207 SHIRLAND ROAD,,LONDON,,Sainsbury?s Maida Vale,Retailers - supermarkets/hypermarkets,7840,0,,1863893,001Nz00000MYHGOIA5,533,foodsafety@westminster.gov.uk,Westminster,http://www.westminster.gov.uk/,False,,W9 2EX,2025-10-08T00:00:00,fhrs_5_en-gb,5,,FHRS,-0.1970087,51.5279363,,,,Sainsbury's,sainsbury?s maida vale,"207 SHIRLAND ROAD, LONDON, W9 2EX",NEEDS_CHECK,Sainsbury's store format unclear from FHRS record
117-121 VICTORIA STREET,,LONDON,United Kingdom,Tesco Stores Limited,Retailers - supermarkets/hypermarkets,7840,0,,1863902,A41981-DX2GG8-VN2E3B,533,foodsafety@westminster.gov.uk,Westminster,http://www.westminster.gov.uk/,False,,SW1E 6RA,2025-10-15T00:00:00,fhrs_5_en-gb,5,,FHRS,-0.13632659,51.49733899,0.0,0.0,0.0,Tesco,tesco stores limited,"117-121 VICTORIA STREET, LONDON, SW1E 6RA",NEEDS_CHECK,Tesco store format unclear from FHRS record
GROUND FLOOR 425 HARROW ROAD,,LONDON,,Tesco Stores Limited,Retailers - supermarkets/hypermarkets,7840,0,,1870915,F2F0GK-GNEP9W-A0FHK4,533,foodsafety@westminster.gov.uk,Westminster,http://www.westminster.gov.uk/,False,,W10 4RE,2026-01-21T00:00:00,fhrs_5_en-gb,5,,FHRS,-0.2056878,51.5261,0.0,5.0,0.0,Tesco,tesco stores limited,"GROUND FLOOR 425 HARROW ROAD, LONDON, W10 4RE",NEEDS_CHECK,Tesco store format unclear from FHRS record
GROUND FLOOR 55 VICTORIA STREET,,LONDON,,Whole Foods Market,Retailers - supermarkets/hypermarkets,7840,0,,1935982,C4KBXH-Z1VJ8B-JHPCRQ,533,foodsafety@westminster.gov.uk,Westminster,http://www.westminster.gov.uk/,False,,SW1H 0AF,2026-06-22T00:00:00,fhrs_5_en-gb,5,,FHRS,-0.1333483,51.4978762,5.0,5.0,5.0,,whole foods market,"GROUND FLOOR 55 VICTORIA STREET, LONDON, SW1H 0AF",NEEDS_CHECK,Independent or other supermarket
8 SOUTHAMPTON STREET,,LONDON,,Marks and Spencer,Retailers - supermarkets/hypermarkets,7840,0,,1955264,001Nz00000rpIUDIA2,533,foodsafety@westminster.gov.uk,Westminster,http://www.westminster.gov.uk/,False,,WC2E 7HA,2026-05-29T00:00:00,fhrs_2_en-gb,2,,FHRS,-0.1218079,51.5109169,15.0,15.0,10.0,M&S,marks and spencer,"8 SOUTHAMPTON STREET, LONDON, WC2E 7HA",NEEDS_CHECK,Larger M&S store: bakery provision to confirm
98-101 MARYLEBONE HIGH STREET,,LONDON,,Waitrose,Retailers - supermarkets/hypermarkets,7840,0,,1955283,FSNAHV-B5JZZZ-V5KS0J,533,foodsafety@westminster.gov.uk,Westminster,http://www.westminster.gov.uk/,False,,W1U 4SD,2025-09-19T00:00:00,fhrs_5_en-gb,5,,FHRS,-0.1520519,51.519521,5.0,5.0,0.0,Waitrose,waitrose,"98-101 MARYLEBONE HIGH STREET, LONDON, W1U 4SD",NEEDS_CHECK,Full Waitrose store: bakery provision to confirm
7-8 ST MARTIN'S PLACE,,LONDON,,Sainsburys Supermarkets,Retailers - supermarkets/hypermarkets,7840,0,,1955298,LV1HSQ-YV32YK-X8NGY9,533,foodsafety@westminster.gov.uk,Westminster,http://www.westminster.gov.uk/,False,,WC2N 4HA,2026-07-06T00:00:00,fhrs_5_en-gb,5,,FHRS,-0.126584,51.5090935,0.0,0.0,0.0,Sainsbury's,sainsburys supermarkets,"7-8 ST MARTIN'S PLACE, LONDON, WC2N 4HA",NEEDS_CHECK,Sainsbury's store format unclear from FHRS record
177 QUEENSWAY,,LONDON,,General Store,Retailers - supermarkets/hypermarkets,7840,0,,1955304,P647TC-5RGVBQ-B5PNL7,533,foodsafety@westminster.gov.uk,Westminster,http://www.westminster.gov.uk/,True,,W2 5HL,1901-01-01T00:00:00,fhrs_awaitinginspection_en-gb,AwaitingInspection,,FHRS,-0.1888609,51.5160125,,,,,general store,"177 QUEENSWAY, LONDON, W2 5HL",NEEDS_CHECK,Independent or other supermarket
THE COLONNADES 38 PORCHESTER ROAD,,LONDON,,Waitrose,Retailers - supermarkets/hypermarkets,7840,0,,1962981,D1AE5L-2WXPG3-5LD0S0,533,foodsafety@westminster.gov.uk,Westminster,http://www.westminster.gov.uk/,False,,W2 6ES,2025-11-01T00:00:00,fhrs_5_en-gb,5,,FHRS,-0.187415,51.5168534,0.0,5.0,0.0,Waitrose,waitrose,"THE COLONNADES 38 PORCHESTER ROAD, LONDON, W2 6ES",NEEDS_CHECK,Full Waitrose store: bakery provision to confirm
168-176 EDGWARE ROAD,,LONDON,,Waitrose,Retailers - supermarkets/hypermarkets,7840,0,,1963000,QDQ8H6-HDDMZE-GYW7HX,533,foodsafety@westminster.gov.uk,Westminster,http://www.westminster.gov.uk/,False,,W2 2DS,2025-03-12T00:00:00,fhrs_4_en-gb,4,,FHRS,-0.1658375,51.5175882,5.0,10.0,5.0,Waitrose,waitrose,"168-176 EDGWARE ROAD, LONDON, W2 2DS",NEEDS_CHECK,Full Waitrose store: bakery provision to confirm
19-21 WARWICK WAY,,LONDON,,Waitrose,Retailers - supermarkets/hypermarkets,7840,0,,1968801,MCJKK8-BFCKZ1-FZM8P9,533,foodsafety@westminster.gov.uk,Westminster,http://www.westminster.gov.uk/,False,,SW1V 1QT,2026-07-07T00:00:00,fhrs_5_en-gb,5,,FHRS,-0.1396011,51.4925709,0.0,0.0,0.0,Waitrose,waitrose,"19-21 WARWICK WAY, LONDON, SW1V 1QT",NEEDS_CHECK,Full Waitrose store: bakery provision to confirm
Genoa Building,2 Short Blue Place,,Barking,Asda,Retailers - other,4613,0,,847353,66434,501,foodsafety@lbbd.gov.uk,Barking and Dagenham,http://www.lbbd.gov.uk/Pages/Home.aspx,False,,IG11 8FJ,2026-01-17T00:00:00,fhrs_5_en-gb,5,,FHRS,0.07769,51.537635,0.0,5.0,0.0,Asda,asda,"Genoa Building, 2 Short Blue Place, IG11 8FJ",NEEDS_CHECK,Asda store format unclear from FHRS record
14 Vivian Avenue London,,,,Tesco,Retailers - other,4613,0,,758196,CP/54415,502,FoodSafety@barnet.gov.uk,Barnet,http://www.barnet.gov.uk/,False,,NW4 3YA,2026-06-09T00:00:00,fhrs_5_en-gb,5,,FHRS,-0.228071,51.58283,0.0,0.0,0.0,Tesco,tesco,"14 Vivian Avenue London, NW4 3YA",NEEDS_CHECK,Tesco store format unclear from FHRS record
Northwick Park Hospital,Watford Road,Harrow,,M&S,Retailers - other,4613,0,,1712518,107804,504,ens.foodsafety@brent.gov.uk,Brent,http://www.brent.gov.uk/,False,,HA1 3UJ,2025-12-22T00:00:00,fhrs_5_en-gb,5,,FHRS,-0.322494,51.575108,0.0,0.0,0.0,M&S,m&s,"Northwick Park Hospital, Watford Road, Harrow, HA1 3UJ",NEEDS_CHECK,Larger M&S store: bakery provision to confirm
Tesco Chalk Farm Express (4344),4-8 Haverstock Hill,,London,TESCO,Retailers - other,4613,0,,1612243,202557,506,foodsafety@camden.gov.uk,Camden,http://www.camden.gov.uk,False,,NW3 2BL,2024-02-26T00:00:00,fhrs_5_en-gb,5,,FHRS,-0.1526823,51.5441799,0.0,0.0,0.0,Tesco,tesco,"Tesco Chalk Farm Express (4344), 4-8 Haverstock Hill, NW3 2BL",NEEDS_CHECK,Tesco store format unclear from FHRS record
,15-17 Tottenham Court Road,,London,MARKS AND SPENCER,Retailers - other,4613,0,,1942061,207367,506,foodsafety@camden.gov.uk,Camden,http://www.camden.gov.uk,False,,W1T 1BJ,2026-06-10T00:00:00,fhrs_5_en-gb,5,,FHRS,-0.1314607,51.5172434,0.0,0.0,0.0,M&S,marks and spencer,"15-17 Tottenham Court Road, W1T 1BJ",NEEDS_CHECK,Larger M&S store: bakery provision to confirm
Retail Unit 1,Juxon House,100 St Paul's Churchyard,London,Tesco Stores Limited,Retailers - other,4613,0,,1845995,25/00489/COMM,508,publicprotection@cityoflondon.gov.uk,City of London Corporation,http://www.cityoflondon.gov.uk/Corporation/homepage.htm,False,,EC4M 8BU,2026-03-02T00:00:00,fhrs_5_en-gb,5,,FHRS,-0.1002255,51.5141519,0.0,0.0,0.0,Tesco,tesco stores limited,"Retail Unit 1, Juxon House, 100 St Paul's Churchyard, EC4M 8BU",NEEDS_CHECK,Tesco store format unclear from FHRS record
Unit 3,Tera 40,Auriol Drive,Greenford,Tesco Dot Com,Retailers - other,4613,0,,1033294,PI000162922,509,foodsafety@ealing.gov.uk,Ealing,https://www.ealing.gov.uk/info/201150/food_hygiene_and_safety,False,,UB6 0TP,2026-02-03T00:00:00,fhrs_5_en-gb,5,,FHRS,-0.3502416,51.547132,5.0,5.0,5.0,Tesco,tesco dot com,"Unit 3, Tera 40, Auriol Drive, UB6 0TP",NEEDS_CHECK,Tesco store format unclear from FHRS record
299 Plumstead High Street,,Plumstead,Greenwich,M&S Food and Wine,Retailers - other,4613,0,,694620,PI/000117038,511,Food.Concerns@royalgreenwich.gov.uk,Greenwich,http://www.royalgreenwich.gov.uk,False,,SE18 1JX,2025-03-05T00:00:00,fhrs_5_en-gb,5,,FHRS,0.1019202,51.4858188,5.0,5.0,0.0,M&S,m&s food and wine,"299 Plumstead High Street, Plumstead, SE18 1JX",NEEDS_CHECK,Larger M&S store: bakery provision to confirm
Petrol Filling Station 59 Sidcup Road,,Eltham,Greenwich,Tesco,Retailers - other,4613,0,,695130,PI/000176361,511,Food.Concerns@royalgreenwich.gov.uk,Greenwich,http://www.royalgreenwich.gov.uk,False,,SE12 8BL,2023-12-01T00:00:00,fhrs_5_en-gb,5,,FHRS,,,0.0,0.0,0.0,Tesco,tesco,"Petrol Filling Station 59 Sidcup Road, Eltham, SE12 8BL",NEEDS_CHECK,Tesco store format unclear from FHRS record
4 Victory Parade Plumstead Road,,Woolwich,Greenwich,Marks & Spencer Simply Foods,Retailers - other,4613,0,,1096748,PI/000201712,511,Food.Concerns@royalgreenwich.gov.uk,Greenwich,http://www.royalgreenwich.gov.uk,False,,SE18 6FL,2024-01-25T00:00:00,fhrs_5_en-gb,5,,FHRS,0.0706834,51.491689,0.0,5.0,0.0,M&S,marks & spencer simply foods,"4 Victory Parade Plumstead Road, Woolwich, SE18 6FL",NEEDS_CHECK,Larger M&S store: bakery provision to confirm
1 - 3 Newmarket Green,,Eltham,Greenwich,Tesco,Retailers - other,4613,0,,1221267,13284,511,Food.Concerns@royalgreenwich.gov.uk,Greenwich,http://www.royalgreenwich.gov.uk,False,,SE9 5ER,2024-08-19T00:00:00,fhrs_5_en-gb,5,,FHRS,0.0399298,51.4457967,0.0,0.0,0.0,Tesco,tesco,"1 - 3 Newmarket Green, Eltham, SE9 5ER",NEEDS_CHECK,Tesco store format unclear from FHRS record
I2 Office 6 Mitre Passage,,Greenwich,,Sainsburys Supermarkets,Retailers - other,4613,0,,1832083,17513,511,Food.Concerns@royalgreenwich.gov.uk,Greenwich,http://www.royalgreenwich.gov.uk,False,,SE10 0ER,2025-05-19T00:00:00,fhrs_5_en-gb,5,,FHRS,0.0068925,51.5007235,0.0,0.0,0.0,Sainsbury's,sainsburys supermarkets,"I2 Office 6 Mitre Passage, Greenwich, SE10 0ER",NEEDS_CHECK,Sainsbury's store format unclear from FHRS record
,55 MORNING LANE,Hackney,London,Tesco,Retailers - other,4613,0,,469129,18987,512,technicalbusinesssupport@hackney.gov.uk,Hackney,https://hackney.gov.uk/environmental-health#food,False,,E9 6ND,2023-03-09T00:00:00,fhrs_5_en-gb,5,,FHRS,-0.0526634,51.5469227,5.0,5.0,5.0,Tesco,tesco,"55 MORNING LANE, Hackney, E9 6ND",NEEDS_CHECK,Tesco store format unclear from FHRS record
,39 STOKE NEWINGTON HIGH STREET,Hackney,London,Tesco,Retailers - other,4613,0,,469810,29653,512,technicalbusinesssupport@hackney.gov.uk,Hackney,https://hackney.gov.uk/environmental-health#food,False,,N16 8DR,2025-11-14T00:00:00,fhrs_4_en-gb,4,,FHRS,-0.0747037,51.5582594,0.0,0.0,10.0,Tesco,tesco,"39 STOKE NEWINGTON HIGH STREET, Hackney, N16 8DR",NEEDS_CHECK,Tesco store format unclear from FHRS record
,176-179 SHOREDITCH HIGH STREET,Hackney,London,Tesco,Retailers - other,4613,0,,469821,29804,512,technicalbusinesssupport@hackney.gov.uk,Hackney,https://hackney.gov.uk/environmental-health#food,False,,E1 6HP,2019-11-01T00:00:00,fhrs_5_en-gb,5,,FHRS,,,5.0,0.0,0.0,Tesco,tesco,"176-179 SHOREDITCH HIGH STREET, Hackney, E1 6HP",NEEDS_CHECK,Tesco store format unclear from FHRS record
,130 KINGSLAND HIGH STREET,Hackney,London,Tesco,Retailers - other,4613,0,,469905,30846,512,technicalbusinesssupport@hackney.gov.uk,Hackney,https://hackney.gov.uk/environmental-health#food,False,,E8 2NS,2019-11-01T00:00:00,fhrs_5_en-gb,5,,FHRS,-0.075087,51.550098,0.0,5.0,0.0,Tesco,tesco,"130 KINGSLAND HIGH STREET, Hackney, E8 2NS",NEEDS_CHECK,Tesco store format unclear from FHRS record
,UNITS 16 18 SOUTHGATE ROAD,Hackney,London,Tesco,Retailers - other,4613,0,,470064,32638,512,technicalbusinesssupport@hackney.gov.uk,Hackney,https://hackney.gov.uk/environmental-health#food,False,,N1 3JE,2019-11-01T00:00:00,fhrs_5_en-gb,5,,FHRS,-0.085788,51.5381073,0.0,0.0,0.0,Tesco,tesco,"UNITS 16 18 SOUTHGATE ROAD, Hackney, N1 3JE",NEEDS_CHECK,Tesco store format unclear from FHRS record
,180 WELL STREET,Hackney,London,Tesco,Retailers - other,4613,0,,470271,3457,512,technicalbusinesssupport@hackney.gov.uk,Hackney,https://hackney.gov.uk/environmental-health#food,False,,E9 6QU,2022-11-11T00:00:00,fhrs_5_en-gb,5,,FHRS,-0.047698,51.5429644,5.0,5.0,5.0,Tesco,tesco,"180 WELL STREET, Hackney, E9 6QU",NEEDS_CHECK,Tesco store format unclear from FHRS record
,URBANEST 100 EAST ROAD,Hackney,London,Tesco,Retailers - other,4613,0,,470286,34689,512,technicalbusinesssupport@hackney.gov.uk,Hackney,https://hackney.gov.uk/environmental-health#food,False,,N1 6AA,2019-05-09T00:00:00,fhrs_5_en-gb,5,,FHRS,-0.0865285,51.5297383,5.0,5.0,5.0,Tesco,tesco,"URBANEST 100 EAST ROAD, Hackney, N1 6AA",NEEDS_CHECK,Tesco store format unclear from FHRS record
,79-85 HACKNEY ROAD,Hackney,London,Tesco,Retailers - other,4613,0,,470409,35878,512,technicalbusinesssupport@hackney.gov.uk,Hackney,https://hackney.gov.uk/environmental-health#food,False,,E2 8FD,2022-10-04T00:00:00,fhrs_5_en-gb,5,,FHRS,-0.0752679,51.5292967,5.0,5.0,5.0,Tesco,tesco,"79-85 HACKNEY ROAD, Hackney, E2 8FD",NEEDS_CHECK,Tesco store format unclear from FHRS record
,523 KINGSLAND ROAD,Hackney,London,Tesco,Retailers - other,4613,0,,470453,37746,512,technicalbusinesssupport@hackney.gov.uk,Hackney,https://hackney.gov.uk/environmental-health#food,False,,E8 4AR,2022-03-14T00:00:00,fhrs_4_en-gb,4,,FHRS,-0.076062,51.5454477,5.0,5.0,10.0,Tesco,tesco,"523 KINGSLAND ROAD, Hackney, E8 4AR",NEEDS_CHECK,Tesco store format unclear from FHRS record
,87 UPPER CLAPTON ROAD,Hackney,London,Tesco,Retailers - other,4613,0,,653724,22342,512,technicalbusinesssupport@hackney.gov.uk,Hackney,https://hackney.gov.uk/environmental-health#food,False,,E5 9BU,2022-12-15T00:00:00,fhrs_5_en-gb,5,,FHRS,-0.0590082,51.5635744,5.0,5.0,5.0,Tesco,tesco,"87 UPPER CLAPTON ROAD, Hackney, E5 9BU",NEEDS_CHECK,Tesco store format unclear from FHRS record
,144-146 LOWER CLAPTON ROAD,Hackney,London,Tesco,Retailers - other,4613,0,,931162,185734,512,technicalbusinesssupport@hackney.gov.uk,Hackney,https://hackney.gov.uk/environmental-health#food,False,,E5 0QJ,2022-09-27T00:00:00,fhrs_5_en-gb,5,,FHRS,-0.0543254,51.5553045,0.0,0.0,5.0,Tesco,tesco,"144-146 LOWER CLAPTON ROAD, Hackney, E5 0QJ",NEEDS_CHECK,Tesco store format unclear from FHRS record
280 - 284 Munster Road,London,,,Tesco,Retailers - other,4613,0,,653767,2014/00004/COMB,513,foodandsafety@lbhf.gov.uk,Hammersmith and Fulham,http://www.lbhf.gov.uk,False,,SW6 6BQ,2022-07-04T00:00:00,fhrs_5_en-gb,5,,FHRS,-0.212604,51.481089,0.0,0.0,0.0,Tesco,tesco,"280 - 284 Munster Road, London, SW6 6BQ",NEEDS_CHECK,Tesco store format unclear from FHRS record
398 Alexandra Avenue,Harrow,,,Tesco,Retailers - other,4613,0,,276880,PI/000085366,515,envhealth@harrow.gov.uk,Harrow,http://www.harrow.gov.uk,False,,HA2 9UE,2023-12-05T00:00:00,fhrs_5_en-gb,5,,FHRS,-0.370702,51.571669,5.0,5.0,0.0,Tesco,tesco,"398 Alexandra Avenue, Harrow, HA2 9UE",NEEDS_CHECK,Tesco store format unclear from FHRS record
Tesco Express And Petrol Station,Honeypot Lane,,,Tesco,Retailers - other,4613,0,,276927,PI/000087154,515,envhealth@harrow.gov.uk,Harrow,http://www.harrow.gov.uk,False,,HA7 1JN,2026-01-13T00:00:00,fhrs_5_en-gb,5,,FHRS,-0.294287,51.596517,5.0,5.0,5.0,Tesco,tesco,"Tesco Express And Petrol Station, Honeypot Lane, HA7 1JN",NEEDS_CHECK,Tesco store format unclear from FHRS record
Tesco Extra,221 Alexandra Avenue,,,Tesco,Retailers - other,4613,0,,457840,PI/000044933,515,envhealth@harrow.gov.uk,Harrow,http://www.harrow.gov.uk,False,,HA2 9DL,2026-06-09T00:00:00,fhrs_5_en-gb,5,,FHRS,-0.3666284,51.5647883,5.0,5.0,5.0,Tesco,tesco,"Tesco Extra, 221 Alexandra Avenue, HA2 9DL",NEEDS_CHECK,Tesco store format unclear from FHRS record
Tesco Express,375 Uxbridge Road,,,Tesco,Retailers - other,4613,0,,1604010,PI/000099731,515,envhealth@harrow.gov.uk,Harrow,http://www.harrow.gov.uk,False,,HA5 4JN,2024-01-24T00:00:00,fhrs_5_en-gb,5,,FHRS,-0.372546,51.6079357,0.0,5.0,0.0,Tesco,tesco,"Tesco Express, 375 Uxbridge Road, HA5 4JN",NEEDS_CHECK,Tesco store format unclear from FHRS record
2 Eastman Road,Harrow Harrow,,,Sainsbury's,Retailers - other,4613,0,,1885520,PI/000144528,515,envhealth@harrow.gov.uk,Harrow,http://www.harrow.gov.uk,False,,HA1 4WB,2026-04-30T00:00:00,fhrs_5_en-gb,5,,FHRS,-0.3484175,51.596267,0.0,5.0,0.0,Sainsbury's,sainsbury's,"2 Eastman Road, Harrow Harrow, HA1 4WB",NEEDS_CHECK,Sainsbury's store format unclear from FHRS record
,48 High Street,,Ruislip,Sainsburys,Retailers - other,4613,0,,520480,53393,517,foodhealthandsafety@hillingdon.gov.uk,Hillingdon,http://www.hillingdon.gov.uk/foodsafety,False,,HA4 7AS,2024-09-24T00:00:00,fhrs_5_en-gb,5,,FHRS,-0.426283,51.575521,0.0,0.0,0.0,Sainsbury's,sainsburys,"48 High Street, HA4 7AS",NEEDS_CHECK,Sainsbury's store format unclear from FHRS record
Ickenham Underground Station,Glebe Avenue,,Ickenham,Waitrose Food Collection Lockers,Retailers - other,4613,0,,726478,56690,517,foodhealthandsafety@hillingdon.gov.uk,Hillingdon,http://www.hillingdon.gov.uk/foodsafety,False,,UB10 8PD,1901-01-01T00:00:00,fhrs_exempt_en-gb,Exempt,,FHRS,-0.43993,51.560911,,,,Waitrose,waitrose food collection lockers,"Ickenham Underground Station, Glebe Avenue, UB10 8PD",NEEDS_CHECK,Full Waitrose store: bakery provision to confirm
,333 Bath Road,Hounslow,,Sainsbury's Supermarkets Ltd,Retailers - other,4613,0,,1360941,2991,518,foodsafety@hounslow.gov.uk,Hounslow,http://www.hounslow.gov.uk,False,,TW3 3DH,2024-05-04T00:00:00,fhrs_5_en-gb,5,,FHRS,-0.385708004236221,51.4731063842773,0.0,0.0,0.0,Sainsbury's,sainsbury's supermarkets ltd,"333 Bath Road, Hounslow, TW3 3DH",NEEDS_CHECK,Sainsbury's store format unclear from FHRS record
Sainsbury's Units 1&2,33 Charterhouse Street,London,EC1M 6HA,"Sainsbury's, Units 1&2",Retailers - other,4613,0,,1909927,PI/000295869,519,Commercial.Envh@islington.gov.uk,Islington,http://www.islington.gov.uk,False,,EC1M 6HA,2026-01-13T00:00:00,fhrs_5_en-gb,5,,FHRS,-0.1049225,51.519048,0.0,0.0,0.0,Sainsbury's,"sainsbury's, units 1&2","Sainsbury's Units 1&2, 33 Charterhouse Street, London, EC1M 6HA",NEEDS_CHECK,Sainsbury's store format unclear from FHRS record
87-93 Gloucester Road,LONDON,,,Tesco,Retailers - other,4613,0,,334805,INSPF/94/548344,520,food.hygiene@rbkc.gov.uk,Kensington and Chelsea,http://www.rbkc.gov.uk,False,,SW7 4SS,2024-11-20T00:00:00,fhrs_5_en-gb,5,,FHRS,-0.1821718,51.4943356,0.0,0.0,0.0,Tesco,tesco,"87-93 Gloucester Road, LONDON, SW7 4SS",NEEDS_CHECK,Tesco store format unclear from FHRS record
Hanover House,76 Coombe Road,Kingston Upon Thames,,Sainsbury's,Retailers - other,4613,0,,1386421,21/26162/RBK,521,food.safety@kingston.gov.uk,Kingston-Upon-Thames,http://www.kingston.gov.uk,False,,KT2 7AZ,2024-02-26T00:00:00,fhrs_5_en-gb,5,,FHRS,-0.28335,51.412671,0.0,5.0,0.0,Sainsbury's,sainsbury's,"Hanover House, 76 Coombe Road, Kingston Upon Thames, KT2 7AZ",NEEDS_CHECK,Sainsbury's store format unclear from FHRS record
Petrol Filling Station,109 Tulse Hill,London,,Tesco,Retailers - other,4613,0,,484610,77290/0109/2/000,522,foodhealthandsafety@lambeth.gov.uk,Lambeth,http://www.lambeth.gov.uk,False,,SW2 2QB,2023-02-14T00:00:00,fhrs_5_en-gb,5,,FHRS,-0.112601,51.447868,0.0,5.0,0.0,Tesco,tesco,"Petrol Filling Station, 109 Tulse Hill, London, SW2 2QB",NEEDS_CHECK,Tesco store format unclear from FHRS record
Tesco Express,139-147 Kirkdale,London,,Tesco Stores Limited,Retailers - other,4613,0,,1599096,FR/000005009,523,environmentalhealth@lewisham.gov.uk,Lewisham,http://www.lewisham.gov.uk/myservices/business/food-safety/Pages/default.aspx,False,,SE26 4QJ,2025-11-06T00:00:00,fhrs_5_en-gb,5,,FHRS,-0.0596095,51.4313909,0.0,0.0,0.0,Tesco,tesco stores limited,"Tesco Express, 139-147 Kirkdale, London, SE26 4QJ",NEEDS_CHECK,Tesco store format unclear from FHRS record
34-48 London Road,London,,,Sainsbury's Forest Hill,Retailers - other,4613,0,,1636300,FR/000010383,523,environmentalhealth@lewisham.gov.uk,Lewisham,http://www.lewisham.gov.uk/myservices/business/food-safety/Pages/default.aspx,False,,SE23 3HF,2024-06-27T00:00:00,fhrs_5_en-gb,5,,FHRS,-0.0555259,51.4398125,0.0,5.0,0.0,Sainsbury's,sainsbury's forest hill,"34-48 London Road, London, SE23 3HF",NEEDS_CHECK,Sainsbury's store format unclear from FHRS record
122-126 Lewisham High Street,Hither Green,London,,Marks & Spencer,Retailers - other,4613,0,,1720409,FR/000010841,523,environmentalhealth@lewisham.gov.uk,Lewisham,http://www.lewisham.gov.uk/myservices/business/food-safety/Pages/default.aspx,False,,SE13 6JG,1901-01-01T00:00:00,fhrs_awaitinginspection_en-gb,AwaitingInspection,,FHRS,-0.010786,51.461985,,,,M&S,marks & spencer,"122-126 Lewisham High Street, Hither Green, London, SE13 6JG",NEEDS_CHECK,Larger M&S store: bakery provision to confirm
Boundary Business Court 92 - 94 Church Road,,Mitcham,Merton,Tesco Stores Limited,Retailers - other,4613,0,,1901391,PI/000430697,524,foodandsafety@merton.gov.uk,Merton,http://www.merton.gov.uk,False,,,2025-12-02T00:00:00,fhrs_5_en-gb,5,,FHRS,-0.175845,51.4053666,0.0,0.0,0.0,Tesco,tesco stores limited,"Boundary Business Court 92 - 94 Church Road, Mitcham",NEEDS_CHECK,Tesco store format unclear from FHRS record
Petrol Station,Claps Gate Lane,Beckton,London,Sainsbury's,Retailers - other,4613,0,,640166,04/00004/COMM,525,food@newham.gov.uk,Newham,https://www.newham.gov.uk,False,,E6 6LH,2018-02-12T00:00:00,fhrs_5_en-gb,5,,FHRS,0.07031,51.523072,0.0,0.0,0.0,Sainsbury's,sainsbury's,"Petrol Station, Claps Gate Lane, Beckton, E6 6LH",NEEDS_CHECK,Sainsbury's store format unclear from FHRS record
59 - 61 High Street,,Hampton Wick,Richmond Upon Thames,Sainsbury's Supermarkets Ltd,Retailers - other,4613,0,,1800879,PI/000488371,527,foodandsafety@merton.gov.uk,Richmond-Upon-Thames,http://www.richmond.gov.uk,False,,KT1 4DG,2025-04-29T00:00:00,fhrs_5_en-gb,5,,FHRS,-0.3123273,51.4138127,0.0,0.0,0.0,Sainsbury's,sainsbury's supermarkets ltd,"59 - 61 High Street, Hampton Wick, KT1 4DG",NEEDS_CHECK,Sainsbury's store format unclear from FHRS record
82 London Road,,Twickenham,Richmond Upon Thames,Sainsbury's,Retailers - other,4613,0,,1854358,PI/000493602,527,foodandsafety@merton.gov.uk,Richmond-Upon-Thames,http://www.richmond.gov.uk,False,,TW1 1BD,2024-11-28T00:00:00,fhrs_5_en-gb,5,,FHRS,-0.3302918,51.4501342,0.0,5.0,5.0,Sainsbury's,sainsbury's,"82 London Road, Twickenham, TW1 1BD",NEEDS_CHECK,Sainsbury's store format unclear from FHRS record
Platform 1 Cafe,Sutton Railway Station,High Street,Sutton,Marks And Spencer Simply Foods,Retailers - other,4613,0,,730587,14/00123/COM,529,food.safety@sutton.gov.uk,Sutton,http://www.sutton.gov.uk,False,,SM1 1JA,2024-04-12T00:00:00,fhrs_5_en-gb,5,,FHRS,-0.1910619,51.3594923,0.0,0.0,0.0,M&S,marks and spencer simply foods,"Platform 1 Cafe, Sutton Railway Station, High Street, SM1 1JA",NEEDS_CHECK,Larger M&S store: bakery provision to confirm
666 - 680 London Road,North Cheam,,,Tesco North Cheam,Retailers - other,4613,0,,898588,06550/0666/0/000,529,food.safety@sutton.gov.uk,Sutton,http://www.sutton.gov.uk,False,,SM3 9BY,2026-02-19T00:00:00,fhrs_5_en-gb,5,,FHRS,,,5.0,5.0,0.0,Tesco,tesco north cheam,"666 - 680 London Road, North Cheam, SM3 9BY",NEEDS_CHECK,Tesco store format unclear from FHRS record
50 Malden Road,Cheam,,,Tesco,Retailers - other,4613,0,,898592,06572/0050/0/000,529,food.safety@sutton.gov.uk,Sutton,http://www.sutton.gov.uk,False,,SM3 8QF,2025-08-02T00:00:00,fhrs_5_en-gb,5,,FHRS,-0.2177024,51.3610993,0.0,5.0,0.0,Tesco,tesco,"50 Malden Road, Cheam, SM3 8QF",NEEDS_CHECK,Tesco store format unclear from FHRS record
52-54 High Street,Carshalton,,,Sainsbury's,Retailers - other,4613,0,,898905,10/00067/COM,529,food.safety@sutton.gov.uk,Sutton,http://www.sutton.gov.uk,False,,SM5 3AG,2024-05-13T00:00:00,fhrs_5_en-gb,5,,FHRS,-0.1607625,51.3651849,0.0,5.0,0.0,Sainsbury's,sainsbury's,"52-54 High Street, Carshalton, SM5 3AG",NEEDS_CHECK,Sainsbury's store format unclear from FHRS record
15-21 Green Wrythe Lane,Carshalton,,,Sainsburys Carshalton - Green Wrythe Lane,Retailers - other,4613,0,,1518551,22/00219/COM,529,food.safety@sutton.gov.uk,Sutton,http://www.sutton.gov.uk,False,,SM5 2DS,2025-11-04T00:00:00,fhrs_5_en-gb,5,,FHRS,-0.1687427,51.3730345,0.0,0.0,0.0,Sainsbury's,sainsburys carshalton - green wrythe lane,"15-21 Green Wrythe Lane, Carshalton, SM5 2DS",NEEDS_CHECK,Sainsbury's store format unclear from FHRS record
Woodcote Green Nursery,4A Woodmansterne Lane,Wallington,,Waitrose @ Dobbies Garden Centre,Retailers - other,4613,0,,1569907,22/00468/COM,529,food.safety@sutton.gov.uk,Sutton,http://www.sutton.gov.uk,False,,SM6 0SU,2025-09-25T00:00:00,fhrs_5_en-gb,5,,FHRS,-0.1520066,51.3466524,0.0,5.0,0.0,Waitrose,waitrose @ dobbies garden centre,"Woodcote Green Nursery, 4A Woodmansterne Lane, Wallington, SM6 0SU",NEEDS_CHECK,Full Waitrose store: bakery provision to confirm
Sainsbury's,3-5 Globe Road,London,,Sainsbury's,Retailers - other,4613,0,,576384,154726,530,foodsafety@towerhamlets.gov.uk,Tower Hamlets,http://www.towerhamlets.gov.uk,False,,E1 4DT,2025-03-03T00:00:00,fhrs_5_en-gb,5,,FHRS,-0.0467019,51.522135,5.0,5.0,5.0,Sainsbury's,sainsbury's,"Sainsbury's, 3-5 Globe Road, London, E1 4DT",NEEDS_CHECK,Sainsbury's store format unclear from FHRS record
453 - 457 Lea Bridge Road,,Leyton,London,Tesco,Retailers - other,4613,0,,1014856,60250,531,food.safety@walthamforest.gov.uk,Waltham Forest,http://www.walthamforest.gov.uk,False,,E10 7EA,2024-03-13T00:00:00,fhrs_5_en-gb,5,,FHRS,-0.0212143,51.5719992,0.0,5.0,0.0,Tesco,tesco,"453 - 457 Lea Bridge Road, Leyton, E10 7EA",NEEDS_CHECK,Tesco store format unclear from FHRS record
Whipps Cross University Hospital Whipps Cross Road,,Leytonstone,London,M&S Simply Foods,Retailers - other,4613,0,,1079169,345437,531,food.safety@walthamforest.gov.uk,Waltham Forest,http://www.walthamforest.gov.uk,False,,E11 1NR,2026-03-26T00:00:00,fhrs_5_en-gb,5,,FHRS,0.0034702,51.5774342,0.0,0.0,0.0,M&S,m&s simply foods,"Whipps Cross University Hospital Whipps Cross Road, Leytonstone, E11 1NR",NEEDS_CHECK,Larger M&S store: bakery provision to confirm
Tescos Express 1 Larkswood Leisure Park 175 New Road,,Chingford,London,Tesco,Retailers - other,4613,0,,1351342,348537,531,food.safety@walthamforest.gov.uk,Waltham Forest,http://www.walthamforest.gov.uk,False,,E4 9EY,2026-02-28T00:00:00,fhrs_5_en-gb,5,,FHRS,-0.0056496,51.6170482,0.0,0.0,0.0,Tesco,tesco,"Tescos Express 1 Larkswood Leisure Park 175 New Road, Chingford, E4 9EY",NEEDS_CHECK,Tesco store format unclear from FHRS record
124 - 142 Markhouse Road,,Walthamstow,London,Asda Walthamstow - Markhouse Road PFS,Retailers - other,4613,0,,1668868,350895,531,food.safety@walthamforest.gov.uk,Waltham Forest,http://www.walthamforest.gov.uk,False,,E17 8BQ,2025-05-22T00:00:00,fhrs_4_en-gb,4,,FHRS,-0.0301673,51.5758816,5.0,10.0,5.0,Asda,asda walthamstow - markhouse road pfs,"124 - 142 Markhouse Road, Walthamstow, E17 8BQ",NEEDS_CHECK,Asda store format unclear from FHRS record
646 Garratt Lane,,London,Wandsworth,Tesco,Retailers - other,4613,0,,1571408,PI/000423871,532,foodandsafety@merton.gov.uk,Wandsworth,http://www.wandsworth.gov.uk,False,,SW17 0NT,2025-09-10T00:00:00,fhrs_5_en-gb,5,,FHRS,-0.1854834,51.4337787,0.0,5.0,5.0,Tesco,tesco,"646 Garratt Lane, London, SW17 0NT",NEEDS_CHECK,Tesco store format unclear from FHRS record
Development Site Of 150a To 170 Penwith Road,,London,Wandsworth,Marks & Spencer,Retailers - other,4613,0,,1666106,PI/000470875,532,foodandsafety@merton.gov.uk,Wandsworth,http://www.wandsworth.gov.uk,False,,,2023-12-15T00:00:00,fhrs_5_en-gb,5,,FHRS,,,0.0,0.0,0.0,M&S,marks & spencer,"Development Site Of 150a To 170 Penwith Road, London",NEEDS_CHECK,Larger M&S store: bakery provision to confirm
Bank House 27 - 29 Bellevue Road,,London,Wandsworth,Sainsbury's,Retailers - other,4613,0,,1772116,PI/000431317,532,foodandsafety@merton.gov.uk,Wandsworth,http://www.wandsworth.gov.uk,False,,SW17 7EF,2024-05-09T00:00:00,fhrs_5_en-gb,5,,FHRS,-0.167355,51.4441866,0.0,5.0,5.0,Sainsbury's,sainsbury's,"Bank House 27 - 29 Bellevue Road, London, SW17 7EF",NEEDS_CHECK,Sainsbury's store format unclear from FHRS record
Tideway Industrial Estate Nine Elms Lane,,London,Wandsworth,Sainsburys Supermarkets Ltd,Retailers - other,4613,0,,1782285,PI/000489436,532,foodandsafety@merton.gov.uk,Wandsworth,http://www.wandsworth.gov.uk,False,,SW8 5BP,2024-11-26T00:00:00,fhrs_5_en-gb,5,,FHRS,,,0.0,5.0,5.0,Sainsbury's,sainsburys supermarkets ltd,"Tideway Industrial Estate Nine Elms Lane, London, SW8 5BP",NEEDS_CHECK,Sainsbury's store format unclear from FHRS record
Unit 19 Planters House Odyssey Way,,London,Wandsworth,Waitrose & Partners,Retailers - other,4613,0,,1865285,PI/000493348,532,foodandsafety@merton.gov.uk,Wandsworth,http://www.wandsworth.gov.uk,False,,SW18 1FP,2025-11-11T00:00:00,fhrs_5_en-gb,5,,FHRS,,,0.0,0.0,0.0,Waitrose,waitrose & partners,"Unit 19 Planters House Odyssey Way, London, SW18 1FP",NEEDS_CHECK,Full Waitrose store: bakery provision to confirm
59 Putney High Street,,London,Wandsworth,Marks & Spencer,Retailers - other,4613,0,,1941886,PI/000425108,532,foodandsafety@merton.gov.uk,Wandsworth,http://www.wandsworth.gov.uk,False,,SW15 1SP,1901-01-01T00:00:00,fhrs_awaitinginspection_en-gb,AwaitingInspection,,FHRS,-0.215088,51.4641312,,,,M&S,marks & spencer,"59 Putney High Street, London, SW15 1SP",NEEDS_CHECK,Larger M&S store: bakery provision to confirm
BRESSENDEN PLACE,,LONDON,,Waitrose,Retailers - other,4613,0,,960382,17/00084/COMM,533,foodsafety@westminster.gov.uk,Westminster,http://www.westminster.gov.uk/,False,,,2024-01-02T00:00:00,fhrs_5_en-gb,5,,FHRS,-0.1421871,51.4975681,0.0,0.0,0.0,Waitrose,waitrose,"BRESSENDEN PLACE, LONDON",NEEDS_CHECK,Full Waitrose store: bakery provision to confirm
41-45 STRUTTON GROUND,,LONDON,,Tesco Stores Limited,Retailers - other,4613,0,,1496920,22/00224/COMM,533,foodsafety@westminster.gov.uk,Westminster,http://www.westminster.gov.uk/,False,,SW1P 2HY,2022-06-09T00:00:00,fhrs_5_en-gb,5,,FHRS,-0.1336072,51.4968282,0.0,0.0,0.0,Tesco,tesco stores limited,"41-45 STRUTTON GROUND, LONDON, SW1P 2HY",NEEDS_CHECK,Tesco store format unclear from FHRS record
