AddressLine1,AddressLine2,AddressLine3,AddressLine4,BusinessName,BusinessType,BusinessTypeID,ChangesByServerID,Distance,FHRSID,LocalAuthorityBusinessID,LocalAuthorityCode,LocalAuthorityEmailAddress,LocalAuthorityName,LocalAuthorityWebSite,NewRatingPending,Phone,PostCode,RatingDate,RatingKey,RatingValue,RightToReply,SchemeType,geocode.longitude,geocode.latitude,scores.Hygiene,scores.Structural,scores.ConfidenceInManagement,Chain,BusinessNameText,Address,ScreenStatus,ScreenReason,PostCodeClean,SiteRecords,FinalBakeryProvision,AIReason,ManualDecision,ManualReason,BakeryClass
,Highbridge Road,,Barking,Tesco,Retailers - supermarkets/hypermarkets,7840,0,,107548,38019,501,foodsafety@lbbd.gov.uk,Barking and Dagenham,http://www.lbbd.gov.uk/Pages/Home.aspx,False,,IG11 7BS,2023-08-31T00:00:00,fhrs_5_en-gb,5,,FHRS,0.070767,51.536319,0.0,0.0,5.0,Tesco,tesco,"Highbridge Road, IG11 7BS",NEEDS_CHECK,Tesco store format unclear from FHRS record,IG117BS,1,YES,"This is a Tesco Superstore, which are large format stores that typically include a substantial bakery provision.",,,GROCER_BAKERY
,97-131 High Road,,Chadwell Heath,Sainsbury's,Retailers - supermarkets/hypermarkets,7840,0,,124152,5265,501,foodsafety@lbbd.gov.uk,Barking and Dagenham,http://www.lbbd.gov.uk/Pages/Home.aspx,False,,RM6 6PB,2023-05-27T00:00:00,fhrs_5_en-gb,5,,FHRS,0.133554,51.571543,0.0,0.0,0.0,Sainsbury's,sainsbury's,"97-131 High Road, RM6 6PB",NEEDS_CHECK,Sainsbury's store format unclear from FHRS record,RM66PB,1,YES,"This is a Sainsbury's Superstore, which are large format stores that typically include a substantial bakery provision, and an image shows a bakery counter.",,,GROCER_BAKERY
Unit 1 Merrielands Retail Park,Merrielands Crescent,,Dagenham,Asda,Retailers - supermarkets/hypermarkets,7840,0,,125172,5369,501,foodsafety@lbbd.gov.uk,Barking and Dagenham,http://www.lbbd.gov.uk/Pages/Home.aspx,False,,RM9 6SJ,2024-11-02T00:00:00,fhrs_5_en-gb,5,,FHRS,0.145621,51.5305766,5.0,5.0,5.0,Asda,asda,"Unit 1 Merrielands Retail Park, Merrielands Crescent, RM9 6SJ",NEEDS_CHECK,Asda store format unclear from FHRS record,RM96SJ,1,YES,"This is an Asda Superstore, which are large format stores that typically include a substantial bakery provision.",,,GROCER_BAKERY
,402 Wood Lane,,Dagenham,Wm Morrisons Supermarkets Limited,Retailers - supermarkets/hypermarkets,7840,0,,129199,5970,501,foodsafety@lbbd.gov.uk,Barking and Dagenham,http://www.lbbd.gov.uk/Pages/Home.aspx,False,,RM10 7RA,2026-03-14T00:00:00,fhrs_5_en-gb,5,,FHRS,0.148436,51.559382,5.0,5.0,5.0,Morrisons,wm morrisons supermarkets limited,"402 Wood Lane, RM10 7RA",AUTO_INCLUDE,Full-format Morrisons supermarket,RM107RA,1,YES,"Morrisons supermarkets typically have in-store bakeries, and this is a large format store.",,,GROCER_BAKERY
Unit A,258-262 Heathway,,Dagenham,Lidl UK GmbH,Retailers - supermarkets/hypermarkets,7840,0,,129311,59948,501,foodsafety@lbbd.gov.uk,Barking and Dagenham,http://www.lbbd.gov.uk/Pages/Home.aspx,False,,RM10 8QS,2025-12-06T00:00:00,fhrs_5_en-gb,5,,FHRS,0.148129,51.541852,5.0,5.0,5.0,Lidl,lidl uk gmbh,"Unit A, 258-262 Heathway, RM10 8QS",AUTO_INCLUDE,Lidl supermarket with established bakery provision,RM108QS,2,YES,Lidl stores are known for their in-store bakeries with fresh bread and pastries.,,,GROCER_BAKERY
,Eldonwall Trading Estate,,Whalebone Lane South,Asda,Retailers - supermarkets/hypermarkets,7840,0,,628396,62955,501,foodsafety@lbbd.gov.uk,Barking and Dagenham,http://www.lbbd.gov.uk/Pages/Home.aspx,False,,RM8 1AT,2025-09-20T00:00:00,fhrs_5_en-gb,5,,FHRS,0.144977,51.566505,5.0,5.0,5.0,Asda,asda,"Eldonwall Trading Estate, RM8 1AT",NEEDS_CHECK,Asda store format unclear from FHRS record,RM81AT,1,YES,"This is an Asda Superstore, which typically offers a large fresh food and bakery selection.",,,GROCER_BAKERY
,62-82 Ripple Road,,Barking,Lidl Great Britain Ltd,Retailers - supermarkets/hypermarkets,7840,0,,1177749,74485,501,foodsafety@lbbd.gov.uk,Barking and Dagenham,http://www.lbbd.gov.uk/Pages/Home.aspx,False,,IG11 7PG,2025-03-24T00:00:00,fhrs_5_en-gb,5,,FHRS,0.081059,51.536569,0.0,0.0,0.0,Lidl,lidl great britain ltd,"62-82 Ripple Road, IG11 7PG",AUTO_INCLUDE,Lidl supermarket with established bakery provision,IG117PG,1,YES,Lidl stores are known for their in-store bakeries with fresh bread and pastries.,,,GROCER_BAKERY
,807-829 Longbridge Road,,Barking,Lidl Great Britain Limited,Retailers - supermarkets/hypermarkets,7840,0,,1197145,74549,501,foodsafety@lbbd.gov.uk,Barking and Dagenham,http://www.lbbd.gov.uk/Pages/Home.aspx,False,,RM8 2DB,2025-02-22T00:00:00,fhrs_5_en-gb,5,,FHRS,0.1133203,51.5519813,5.0,5.0,5.0,Lidl,lidl great britain limited,"807-829 Longbridge Road, RM8 2DB",AUTO_INCLUDE,Lidl supermarket with established bakery provision,RM82DB,1,YES,Lidl stores are known for their in-store bakeries with fresh bread and pastries.,,,GROCER_BAKERY
,79a Whalebone Lane South,,Dagenham,Lidl,Retailers - supermarkets/hypermarkets,7840,0,,1389714,77569,501,foodsafety@lbbd.gov.uk,Barking and Dagenham,http://www.lbbd.gov.uk/Pages/Home.aspx,False,,RM8 1AJ,2025-03-14T00:00:00,fhrs_5_en-gb,5,,FHRS,0.1460244,51.5636903,0.0,0.0,0.0,Lidl,lidl,"79a Whalebone Lane South, RM8 1AJ",AUTO_INCLUDE,Lidl supermarket with established bakery provision,RM81AJ,1,YES,"Lidl stores are known for their in-store bakeries with fresh bread and pastries, and a new store at this address was planned to include one.",,,GROCER_BAKERY
273 Ballards Lane London,,,,Waitrose,Retailers - supermarkets/hypermarkets,7840,0,,756595,CP/00822,502,FoodSafety@barnet.gov.uk,Barnet,http://www.barnet.gov.uk/,False,,N12 8NR,2025-07-11T00:00:00,fhrs_5_en-gb,5,,FHRS,-0.1797538,51.6113272,0.0,0.0,0.0,Waitrose,waitrose,"273 Ballards Lane London, N12 8NR",NEEDS_CHECK,Full Waitrose store: bakery provision to confirm,N128NR,1,YES,"Waitrose stores typically have substantial fresh bakery sections, and this is a full-size supermarket.",,,GROCER_BAKERY
Brent Cross Shopping Centre  Prince Charles Drive London,,,,Waitrose,Retailers - supermarkets/hypermarkets,7840,0,,756628,CP/01549,502,FoodSafety@barnet.gov.uk,Barnet,http://www.barnet.gov.uk/,False,,NW4 3FQ,2025-06-19T00:00:00,fhrs_5_en-gb,5,,FHRS,-0.224534,51.576185,5.0,5.0,0.0,Waitrose,waitrose,"Brent Cross Shopping Centre  Prince Charles Drive London, NW4 3FQ",NEEDS_CHECK,Full Waitrose store: bakery provision to confirm,NW43FQ,1,YES,Waitrose at Brent Cross offers fresh deli counters and made-in-branch baguettes.,,,GROCER_BAKERY
Temple Fortune Parade  Finchley Road London,,,,Waitrose,Retailers - supermarkets/hypermarkets,7840,0,,756845,CP/05007,502,FoodSafety@barnet.gov.uk,Barnet,http://www.barnet.gov.uk/,False,,NW11 0QS,2022-03-23T00:00:00,fhrs_5_en-gb,5,,FHRS,-0.199846,51.583002,0.0,0.0,0.0,Waitrose,waitrose,"Temple Fortune Parade  Finchley Road London, NW11 0QS",NEEDS_CHECK,Full Waitrose store: bakery provision to confirm,NW110QS,1,YES,"Waitrose Temple Fortune is a full-size supermarket with a range of bakery products, including croissants and sourdough bread.",,,GROCER_BAKERY
The Spires Shopping Centre  High Street Barnet,,,,Waitrose,Retailers - supermarkets/hypermarkets,7840,0,,756930,CP/06851,502,FoodSafety@barnet.gov.uk,Barnet,http://www.barnet.gov.uk/,False,,EN5 5XY,2026-06-10T00:00:00,fhrs_2_en-gb,2,,FHRS,-0.203169,51.655351,10.0,15.0,5.0,Waitrose,waitrose,"The Spires Shopping Centre  High Street Barnet, EN5 5XY",NEEDS_CHECK,Full Waitrose store: bakery provision to confirm,EN55XY,1,YES,Waitrose Barnet has a redesigned bakery offering and in-store bakery.,,,GROCER_BAKERY
1305 High Road London,,,,Waitrose,Retailers - supermarkets/hypermarkets,7840,0,,756985,CP/07565,502,FoodSafety@barnet.gov.uk,Barnet,http://www.barnet.gov.uk/,False,,N20 9HX,2026-03-10T00:00:00,fhrs_5_en-gb,5,,FHRS,-0.17561499774456,51.6312141418457,0.0,0.0,0.0,Waitrose,waitrose,"1305 High Road London, N20 9HX",NEEDS_CHECK,Full Waitrose store: bakery provision to confirm,N209HX,1,YES,Waitrose Whetstone lists a bakery department and made-in-branch baguettes.,,,GROCER_BAKERY
1430 High Road London,,,,Marks & Spencer Simply Foods,Retailers - supermarkets/hypermarkets,7840,0,,757008,CP/07934,502,FoodSafety@barnet.gov.uk,Barnet,http://www.barnet.gov.uk/,False,,N20 9BS,2021-04-09T00:00:00,fhrs_5_en-gb,5,,FHRS,-0.1761,51.635304,0.0,0.0,0.0,M&S,marks & spencer simply foods,"1430 High Road London, N20 9BS",NEEDS_CHECK,Larger M&S store: bakery provision to confirm,N209BS,1,YES,M&S Simply Food Mill Hill lists a bakery department.,,,GROCER_BAKERY
Coppetts Centre  North Circular Road London,,,,Tesco,Retailers - supermarkets/hypermarkets,7840,0,,757054,CP/08819,502,FoodSafety@barnet.gov.uk,Barnet,http://www.barnet.gov.uk/,False,,N12 0SH,2026-02-16T00:00:00,fhrs_5_en-gb,5,,FHRS,-0.156384,51.60694,0.0,0.0,0.0,Tesco,tesco,"Coppetts Centre  North Circular Road London, N12 0SH",NEEDS_CHECK,Tesco store format unclear from FHRS record,N120SH,1,YES,Insufficient information to confirm substantial bakery provision for this specific Tesco.,YES,There is evidence online of this store having bakery provisions,GROCER_BAKERY
3 The Broadway London,,,,Marks & Spencer Simply Foods,Retailers - supermarkets/hypermarkets,7840,0,,757212,CP/12652,502,FoodSafety@barnet.gov.uk,Barnet,http://www.barnet.gov.uk/,False,,NW7 3LN,2025-11-18T00:00:00,fhrs_5_en-gb,5,,FHRS,-0.248948,51.614238,0.0,0.0,0.0,M&S,marks & spencer simply foods,"3 The Broadway London, NW7 3LN",NEEDS_CHECK,Larger M&S store: bakery provision to confirm,NW73LN,1,YES,M&S Simply Food Mill Hill lists a bakery department.,,,GROCER_BAKERY
Broadwalk Shopping Centre  Station Road Edgware,,,,Sainsbury's,Retailers - supermarkets/hypermarkets,7840,0,,757254,CP/13436,502,FoodSafety@barnet.gov.uk,Barnet,http://www.barnet.gov.uk/,False,,HA8 7BQ,2025-10-27T00:00:00,fhrs_5_en-gb,5,,FHRS,-0.27598,51.612885,0.0,0.0,0.0,Sainsbury's,sainsbury's,"Broadwalk Shopping Centre  Station Road Edgware, HA8 7BQ",NEEDS_CHECK,Sainsbury's store format unclear from FHRS record,HA87BQ,1,YES,Sainsbury's Edgware has a bakery department and an in-store bakery.,,,GROCER_BAKERY
2 Langstone Way London,,,,Waitrose,Retailers - supermarkets/hypermarkets,7840,0,,757381,CP/16444,502,FoodSafety@barnet.gov.uk,Barnet,http://www.barnet.gov.uk/,False,,NW7 1GU,2025-09-05T00:00:00,fhrs_5_en-gb,5,,FHRS,-0.210481,51.607696,0.0,0.0,0.0,Waitrose,waitrose,"2 Langstone Way London, NW7 1GU",NEEDS_CHECK,Full Waitrose store: bakery provision to confirm,NW71GU,1,YES,Waitrose Mill Hill lists a bakery department on its official store page.,,,GROCER_BAKERY
Brent Cross Shopping Centre  Prince Charles Drive London,,,,Marks & Spencer,Retailers - supermarkets/hypermarkets,7840,0,,757407,CP/17492,502,FoodSafety@barnet.gov.uk,Barnet,http://www.barnet.gov.uk/,False,,NW4 3FE,2026-05-04T00:00:00,fhrs_5_en-gb,5,,FHRS,-0.224534,51.576185,5.0,0.0,0.0,M&S,marks & spencer,"Brent Cross Shopping Centre  Prince Charles Drive London, NW4 3FE",NEEDS_CHECK,Larger M&S store: bakery provision to confirm,NW43FE,1,YES,M&S Brent Cross Foodhall has an in-store bakery and coffee counter.,,,GROCER_BAKERY
Tesco Store  Tilling Road London,,,,Tesco,Retailers - supermarkets/hypermarkets,7840,0,,757409,CP/17551,502,FoodSafety@barnet.gov.uk,Barnet,http://www.barnet.gov.uk/,False,,NW2 1LZ,2024-01-11T00:00:00,fhrs_5_en-gb,5,,FHRS,-0.214867,51.574285,0.0,5.0,0.0,Tesco,tesco,"Tesco Store  Tilling Road London, NW2 1LZ",NEEDS_CHECK,Tesco store format unclear from FHRS record,NW21LZ,1,YES,Tesco Brent Cross Hendon Way Superstore has a bakery.,,,GROCER_BAKERY
39 Ballards Lane London,,,,Tesco Superstore,Retailers - supermarkets/hypermarkets,7840,0,,757716,CP/36945,502,FoodSafety@barnet.gov.uk,Barnet,http://www.barnet.gov.uk/,False,,N3 1XP,2026-02-10T00:00:00,fhrs_5_en-gb,5,,FHRS,-0.191331,51.603348,0.0,0.0,0.0,Tesco,tesco superstore,"39 Ballards Lane London, N3 1XP",AUTO_INCLUDE,Large Tesco supermarket format,N31XP,1,YES,Tesco Superstores are large format stores that typically have substantial bakery provisions.,,,GROCER_BAKERY
820 Finchley Road London,,,,Marks & Spencer Simply Foods,Retailers - supermarkets/hypermarkets,7840,0,,757907,CP/44788,502,FoodSafety@barnet.gov.uk,Barnet,http://www.barnet.gov.uk/,False,,NW11 6XL,2022-02-25T00:00:00,fhrs_5_en-gb,5,,FHRS,-0.199225,51.58302,0.0,0.0,0.0,M&S,marks & spencer simply foods,"820 Finchley Road London, NW11 6XL",NEEDS_CHECK,Larger M&S store: bakery provision to confirm,NW116XL,1,YES,M&S Simply Food Temple Fortune lists a bakery department.,,,GROCER_BAKERY
836 High Road London,,,,Sainsburys,Retailers - supermarkets/hypermarkets,7840,0,,757924,CP/45575,502,FoodSafety@barnet.gov.uk,Barnet,http://www.barnet.gov.uk/,False,,N12 9RE,2026-01-14T00:00:00,fhrs_4_en-gb,4,,FHRS,-0.17627,51.6179094,0.0,10.0,5.0,Sainsbury's,sainsburys,"836 High Road London, N12 9RE",NEEDS_CHECK,Sainsbury's store format unclear from FHRS record,N129RE,1,YES,Sainsbury's North Finchley Superstore lists a bakery.,,,GROCER_BAKERY
London Gateway Service Area  M1 London Gateway Services Junction 3 From Junction 2 Off Slip London,,,,Waitrose,Retailers - supermarkets/hypermarkets,7840,0,,758139,CP/53126,502,FoodSafety@barnet.gov.uk,Barnet,http://www.barnet.gov.uk/,False,,NW7 3HU,2026-06-20T00:00:00,fhrs_4_en-gb,4,,FHRS,-0.266371,51.632337,0.0,10.0,0.0,Waitrose,waitrose,"London Gateway Service Area  M1 London Gateway Services Junction 3 From Junction 2 Off Slip London, NW7 3HU",NEEDS_CHECK,Full Waitrose store: bakery provision to confirm,NW73HU,1,YES,Waitrose at London Gateway Services is described as a grocery stop with fresh food and bakery items.,,,GROCER_BAKERY
Winston House 2 Dollis Park London,,,,Sainsbury's,Retailers - supermarkets/hypermarkets,7840,0,,758398,CP/59744,502,FoodSafety@barnet.gov.uk,Barnet,http://www.barnet.gov.uk/,False,,N3 1HF,2025-11-18T00:00:00,fhrs_5_en-gb,5,,FHRS,-0.195262,51.601061,0.0,0.0,0.0,Sainsbury's,sainsbury's,"Winston House 2 Dollis Park London, N3 1HF",NEEDS_CHECK,Sainsbury's store format unclear from FHRS record,N31HF,1,YES,Sainsbury's Finchley Regents Park Road Local lists a bakery counter in its services.,,,GROCER_BAKERY
326 Regents Park Road London,,,,Waitrose,Retailers - supermarkets/hypermarkets,7840,0,,1717251,17/00276/COMM,502,FoodSafety@barnet.gov.uk,Barnet,http://www.barnet.gov.uk/,False,,N3 2LN,2025-11-10T00:00:00,fhrs_5_en-gb,5,,FHRS,-0.194821,51.600173,0.0,0.0,0.0,Waitrose,waitrose,"326 Regents Park Road London, N3 2LN",NEEDS_CHECK,Full Waitrose store: bakery provision to confirm,N32LN,1,YES,Waitrose's official store page and other sources confirm a bakery counter.,,,GROCER_BAKERY
Henshaw Parade  The Hyde London,,,,Sainsburys,Retailers - supermarkets/hypermarkets,7840,0,,1775846,24/00490/COMM,502,FoodSafety@barnet.gov.uk,Barnet,http://www.barnet.gov.uk/,False,,NW9 6GH,2025-11-18T00:00:00,fhrs_5_en-gb,5,,FHRS,,,0.0,0.0,0.0,Sainsbury's,sainsburys,"Henshaw Parade  The Hyde London, NW9 6GH",NEEDS_CHECK,Sainsbury's store format unclear from FHRS record,NW96GH,1,YES,Sainsbury's Hendon Superstore lists a bakery among its food-to-go options.,,,GROCER_BAKERY
98 Burnt Oak Broadway Edgware,,,,Sainsburys,Retailers - supermarkets/hypermarkets,7840,0,,1786355,24/00582/COMM,502,FoodSafety@barnet.gov.uk,Barnet,http://www.barnet.gov.uk/,False,,HA8 0BE,2025-05-07T00:00:00,fhrs_5_en-gb,5,,FHRS,-0.26651,51.600237,0.0,0.0,0.0,Sainsbury's,sainsburys,"98 Burnt Oak Broadway Edgware, HA8 0BE",NEEDS_CHECK,Sainsbury's store format unclear from FHRS record,HA80BE,1,YES,Sainsbury's Burnt Oak Broadway Local store offers fresh bread and cakes baked daily in-store.,,,GROCER_BAKERY
160 Broadway,Bexleyheath,Kent,,Asda,Retailers - supermarkets/hypermarkets,7840,0,,329297,07080/0160/3/002,503,food.safety@bexley.gov.uk,Bexley,http://www.bexley.gov.uk,False,,DA6 7BN,2026-02-05T00:00:00,fhrs_5_en-gb,5,,FHRS,0.141893,51.4572,0.0,0.0,5.0,Asda,asda,"160 Broadway, Bexleyheath, Kent, DA6 7BN",NEEDS_CHECK,Asda store format unclear from FHRS record,DA67BN,1,YES,"Asda Bexleyheath Superstore lists a ""Bakery"" under its food counters.",,,GROCER_BAKERY
23 Foots Cray High Street,Sidcup,Kent,,Lidl Foots Cray,Retailers - supermarkets/hypermarkets,7840,0,,329532,14520/4000/1/004,503,food.safety@bexley.gov.uk,Bexley,http://www.bexley.gov.uk,False,,DA14 5HJ,2024-03-02T00:00:00,fhrs_5_en-gb,5,,FHRS,0.118671,51.418592,0.0,0.0,0.0,Lidl,lidl foots cray,"23 Foots Cray High Street, Sidcup, Kent, DA14 5HJ",AUTO_INCLUDE,Lidl supermarket with established bakery provision,DA145HJ,1,YES,Lidl stores are known for their in-store bakeries with fresh bread and pastries.,,,GROCER_BAKERY
Embassy Court,Welling,Kent,,Tesco Welling Superstore,Retailers - supermarkets/hypermarkets,7840,0,,451404,10/00160/CP,503,food.safety@bexley.gov.uk,Bexley,http://www.bexley.gov.uk,False,,DA16 1TH,2026-06-22T00:00:00,fhrs_4_en-gb,4,,FHRS,0.109772,51.462072,5.0,10.0,5.0,Tesco,tesco welling superstore,"Embassy Court, Welling, Kent, DA16 1TH",AUTO_INCLUDE,Large Tesco supermarket format,DA161TH,1,YES,Tesco Superstores are large format stores that typically have substantial bakery provisions.,,,GROCER_BAKERY
172 Upper Wickham Lane,Welling,Kent,,Tesco,Retailers - supermarkets/hypermarkets,7840,0,,587340,18950/0172/0/000,503,food.safety@bexley.gov.uk,Bexley,http://www.bexley.gov.uk,False,,DA16 3DX,2022-09-14T00:00:00,fhrs_5_en-gb,5,,FHRS,0.110259,51.46763,0.0,0.0,0.0,Tesco,tesco,"172 Upper Wickham Lane, Welling, Kent, DA16 3DX",NEEDS_CHECK,Tesco store format unclear from FHRS record,DA163DX,1,YES,"Tesco Welling Superstore lists a ""Bakery"" under its food counters.",,,GROCER_BAKERY
301 Lower Road,Belvedere,Kent,,Asda Superstore,Retailers - supermarkets/hypermarkets,7840,0,,620280,13/00106/CP,503,food.safety@bexley.gov.uk,Bexley,http://www.bexley.gov.uk,False,,DA17 6DF,2024-11-22T00:00:00,fhrs_5_en-gb,5,,FHRS,0.154425,51.491611,0.0,0.0,0.0,Asda,asda superstore,"301 Lower Road, Belvedere, Kent, DA17 6DF",AUTO_INCLUDE,Large Asda supermarket format,DA176DF,1,YES,"Asda Superstores are large format stores that typically have substantial bakery provisions, and this location has a bakery colleague.",,,GROCER_BAKERY
71 - 79 Welling High Street,Welling,Kent,,Morrisons,Retailers - supermarkets/hypermarkets,7840,0,,665221,18980/0071/3/003,503,food.safety@bexley.gov.uk,Bexley,http://www.bexley.gov.uk,False,,DA16 1TU,2024-10-24T00:00:00,fhrs_4_en-gb,4,,FHRS,0.110817,51.462242,0.0,10.0,5.0,Morrisons,morrisons,"71 - 79 Welling High Street, Welling, Kent, DA16 1TU",AUTO_INCLUDE,Full-format Morrisons supermarket,DA161TU,1,YES,Official store page and local directories list an in-store bakery.,,,GROCER_BAKERY
Stadium Way,Crayford,Dartford,Kent,Sainsbury's,Retailers - supermarkets/hypermarkets,7840,0,,682880,01010/2001/3/002,503,food.safety@bexley.gov.uk,Bexley,http://www.bexley.gov.uk,False,,DA1 4HN,2025-01-06T00:00:00,fhrs_5_en-gb,5,,FHRS,0.21039,51.449586,0.0,5.0,0.0,Sainsbury's,sainsbury's,"Stadium Way, Crayford, Dartford, DA1 4HN",NEEDS_CHECK,Sainsbury's store format unclear from FHRS record,DA14HN,2,YES,Sainsbury's Crayford Superstore lists a bakery in its food to go section.,,,GROCER_BAKERY
James Watt Way,Erith,Kent,,Morrisons,Retailers - supermarkets/hypermarkets,7840,0,,682887,11525/2001/3/010,503,food.safety@bexley.gov.uk,Bexley,http://www.bexley.gov.uk,False,,DA8 2AH,2025-10-29T00:00:00,fhrs_5_en-gb,5,,FHRS,0.184678,51.480178,0.0,5.0,5.0,Morrisons,morrisons,"James Watt Way, Erith, Kent, DA8 2AH",AUTO_INCLUDE,Full-format Morrisons supermarket,DA82AH,2,YES,Morrisons store details confirm an in-store bakery.,,,GROCER_BAKERY
72 Nuxley Road,Belvedere,Kent,,Sainsbury's,Retailers - supermarkets/hypermarkets,7840,0,,684037,14/00082/CP,503,food.safety@bexley.gov.uk,Bexley,http://www.bexley.gov.uk,False,,DA17 5JG,2024-02-23T00:00:00,fhrs_5_en-gb,5,,FHRS,0.145655,51.482482,5.0,5.0,0.0,Sainsbury's,sainsbury's,"72 Nuxley Road, Belvedere, Kent, DA17 5JG",NEEDS_CHECK,Sainsbury's store format unclear from FHRS record,DA175JG,1,YES,Sainsbury's Belvedere Nuxley Road Local lists a bakery in its food to go section.,,,GROCER_BAKERY
55 Broadway,Bexleyheath,Kent,,Marks & Spencer,Retailers - supermarkets/hypermarkets,7840,0,,687090,07080/0055/0/000,503,food.safety@bexley.gov.uk,Bexley,http://www.bexley.gov.uk,False,,DA6 7JN,2026-04-13T00:00:00,fhrs_5_en-gb,5,,FHRS,0.146147,51.456133,0.0,5.0,5.0,M&S,marks & spencer,"55 Broadway, Bexleyheath, Kent, DA6 7JN",NEEDS_CHECK,Larger M&S store: bakery provision to confirm,DA67JN,1,YES,M&S Bexleyheath at 55 Broadway lists bakery as a department.,,,GROCER_BAKERY
1 Jenner Close,Sidcup,Kent,,Morrisons,Retailers - supermarkets/hypermarkets,7840,0,,738289,03/00017/CP,503,food.safety@bexley.gov.uk,Bexley,http://www.bexley.gov.uk,False,,DA14 6BF,2026-06-01T00:00:00,fhrs_5_en-gb,5,,FHRS,0.1025779,51.425068,5.0,5.0,0.0,Morrisons,morrisons,"1 Jenner Close, Sidcup, Kent, DA14 6BF",AUTO_INCLUDE,Full-format Morrisons supermarket,DA146BF,1,YES,Morrisons store details and local directories confirm an in-store bakery.,,,GROCER_BAKERY
72 Broadway,Bexleyheath,Kent,,Sainsbury's,Retailers - supermarkets/hypermarkets,7840,0,,738294,07080/0072/0/001,503,food.safety@bexley.gov.uk,Bexley,http://www.bexley.gov.uk,False,,DA6 7DF,2026-05-06T00:00:00,fhrs_5_en-gb,5,,FHRS,0.148091,51.456159,0.0,0.0,0.0,Sainsbury's,sainsbury's,"72 Broadway, Bexleyheath, Kent, DA6 7DF",NEEDS_CHECK,Sainsbury's store format unclear from FHRS record,DA67DF,1,YES,Sainsbury's Bexleyheath Superstore at 72 Broadway lists a bakery.,,,GROCER_BAKERY
267 Brampton Road,Bexleyheath,Kent,,Sainsbury's,Retailers - supermarkets/hypermarkets,7840,0,,782383,15/00250/CP,503,food.safety@bexley.gov.uk,Bexley,http://www.bexley.gov.uk,False,,DA7 4TA,2024-03-15T00:00:00,fhrs_5_en-gb,5,,FHRS,0.128143,51.472621,0.0,0.0,0.0,Sainsbury's,sainsbury's,"267 Brampton Road, Bexleyheath, Kent, DA7 4TA",NEEDS_CHECK,Sainsbury's store format unclear from FHRS record,DA74TA,1,YES,Sainsbury's Bexleyheath Brampton Road Local lists a bakery in its food to go section.,,,GROCER_BAKERY
Lidl,20 Broadway,Bexleyheath,Kent,Lidl Bexleyheath,Retailers - supermarkets/hypermarkets,7840,0,,984334,17/00201/CP,503,food.safety@bexley.gov.uk,Bexley,http://www.bexley.gov.uk,False,,DA6 7LL,2025-02-28T00:00:00,fhrs_5_en-gb,5,,FHRS,0.149984002113342,51.4560890197754,5.0,5.0,0.0,Lidl,lidl bexleyheath,"Lidl, 20 Broadway, Bexleyheath, DA6 7LL",AUTO_INCLUDE,Lidl supermarket with established bakery provision,DA67LL,1,YES,Lidl's official store locator and local directories confirm an in-store bakery.,,,GROCER_BAKERY
46 - 60 Upper Wickham Lane,Welling,Kent,,Lidl Welling,Retailers - supermarkets/hypermarkets,7840,0,,1009721,17/00305/CP,503,food.safety@bexley.gov.uk,Bexley,http://www.bexley.gov.uk,False,,DA16 3HF,2023-08-09T00:00:00,fhrs_5_en-gb,5,,FHRS,0.107984997332096,51.4635887145996,0.0,5.0,0.0,Lidl,lidl welling,"46 - 60 Upper Wickham Lane, Welling, Kent, DA16 3HF",AUTO_INCLUDE,Lidl supermarket with established bakery provision,DA163HF,1,YES,Lidl's official store locator and local directories confirm an in-store bakery.,,,GROCER_BAKERY
Sainsbury's,1 Bronze Walk,Erith,Kent,Sainsbury's Supermarkets,Retailers - supermarkets/hypermarkets,7840,0,,1662478,23/00311/CP,503,food.safety@bexley.gov.uk,Bexley,http://www.bexley.gov.uk,False,,DA8 1GF,2024-02-29T00:00:00,fhrs_5_en-gb,5,,FHRS,0.1642419,51.4831462,0.0,0.0,0.0,Sainsbury's,sainsbury's supermarkets,"Sainsbury's, 1 Bronze Walk, Erith, DA8 1GF",NEEDS_CHECK,Sainsbury's store format unclear from FHRS record,DA81GF,1,YES,Sainsbury's Erith The Quarry lists a bakery in its food to go section.,,,GROCER_BAKERY
124 Station Road,Sidcup,Kent,,Marks And Spencer,Retailers - supermarkets/hypermarkets,7840,0,,1714120,24/00151/CP,503,food.safety@bexley.gov.uk,Bexley,http://www.bexley.gov.uk,False,,DA15 7AB,2024-06-26T00:00:00,fhrs_5_en-gb,5,,FHRS,0.102544,51.434782,0.0,0.0,5.0,M&S,marks and spencer,"124 Station Road, Sidcup, Kent, DA15 7AB",NEEDS_CHECK,Larger M&S store: bakery provision to confirm,DA157AB,1,YES,M&S Sidcup Foodhall has a 16ft in-store bakery.,,,GROCER_BAKERY
Asda,Forty Lane,Wembley,,Asda,Retailers - supermarkets/hypermarkets,7840,0,,531724,10228,504,ens.foodsafety@brent.gov.uk,Brent,http://www.brent.gov.uk/,False,,HA9 9EX,2026-01-06T00:00:00,fhrs_5_en-gb,5,,FHRS,-0.275833,51.564927,5.0,0.0,0.0,Asda,asda,"Asda, Forty Lane, Wembley, HA9 9EX",NEEDS_CHECK,Asda store format unclear from FHRS record,HA99EX,1,YES,"Asda Wembley Superstore has ""The BAKERY at ASDA"" listed on Uber Eats and Deliveroo, offering a range of baked goods.",,,GROCER_BAKERY
Sainsburys Superstore,High Road,London,,Sainsbury's,Retailers - supermarkets/hypermarkets,7840,0,,531928,12641,504,ens.foodsafety@brent.gov.uk,Brent,http://www.brent.gov.uk/,False,,NW10 2TD,2024-04-10T00:00:00,fhrs_5_en-gb,5,,FHRS,-0.225643,51.546976,0.0,0.0,0.0,Sainsbury's,sainsbury's,"Sainsburys Superstore, High Road, London, NW10 2TD",NEEDS_CHECK,Sainsbury's store format unclear from FHRS record,NW102TD,1,YES,Sainsbury's Willesden Green Superstore lists an in-store bakery.,,,GROCER_BAKERY
174-176 High Road,London,,,Sainsbury's,Retailers - supermarkets/hypermarkets,7840,0,,531969,12770,504,ens.foodsafety@brent.gov.uk,Brent,http://www.brent.gov.uk/,False,,NW10 2PD,2024-05-24T00:00:00,fhrs_5_en-gb,5,,FHRS,-0.235121,51.547677,0.0,0.0,0.0,Sainsbury's,sainsbury's,"174-176 High Road, London, NW10 2PD",NEEDS_CHECK,Sainsbury's store format unclear from FHRS record,NW102PD,1,YES,"Sainsbury's Local at 174-176 High Road, NW10 2PD lists a bakery counter.",,,GROCER_BAKERY
377 Kilburn High Road,London,,,Sainsbury's,Retailers - supermarkets/hypermarkets,7840,0,,532173,14532,504,ens.foodsafety@brent.gov.uk,Brent,http://www.brent.gov.uk/,False,,NW6 7QE,2024-05-11T00:00:00,fhrs_5_en-gb,5,,FHRS,-0.203207,51.546114,5.0,5.0,0.0,Sainsbury's,sainsbury's,"377 Kilburn High Road, London, NW6 7QE",NEEDS_CHECK,Sainsbury's store format unclear from FHRS record,NW67QE,1,YES,"Sainsbury's at 377 Kilburn High Road, London, NW6 7QE has a ""Bakery"" listed under its Food to Go services on its official store locator page.",,,GROCER_BAKERY
Lidl,Blackbird Hill,London,,Lidl,Retailers - supermarkets/hypermarkets,7840,0,,532376,1816,504,ens.foodsafety@brent.gov.uk,Brent,http://www.brent.gov.uk/,False,,NW9 8SD,2023-10-03T00:00:00,fhrs_5_en-gb,5,,FHRS,-0.262658,51.564229,0.0,0.0,0.0,Lidl,lidl,"Lidl, Blackbird Hill, London, NW9 8SD",AUTO_INCLUDE,Lidl supermarket with established bakery provision,NW98SD,1,YES,Lidl's official store locator and local directories confirm an in-store bakery.,,,GROCER_BAKERY
1 Nash Way,Harrow,,,Sainsbury's,Retailers - supermarkets/hypermarkets,7840,0,,532412,18620,504,ens.foodsafety@brent.gov.uk,Brent,http://www.brent.gov.uk/,False,,HA3 0JA,2025-07-10T00:00:00,fhrs_5_en-gb,5,,FHRS,-0.315229,51.581506,5.0,5.0,5.0,Sainsbury's,sainsbury's,"1 Nash Way, Harrow, HA3 0JA",NEEDS_CHECK,Sainsbury's store format unclear from FHRS record,HA30JA,1,YES,"Sainsbury's at 1 Nash Way, Harrow, HA3 0JA, is a superstore with an in-store bakery.",,,GROCER_BAKERY
Sainsburys Supermarket,105-109 Salusbury Road,London,,Sainsbury's,Retailers - supermarkets/hypermarkets,7840,0,,532567,21920,504,ens.foodsafety@brent.gov.uk,Brent,http://www.brent.gov.uk/,False,,NW6 6RG,2024-04-24T00:00:00,fhrs_5_en-gb,5,,FHRS,-0.20704,51.538133,0.0,0.0,0.0,Sainsbury's,sainsbury's,"Sainsburys Supermarket, 105-109 Salusbury Road, London, NW6 6RG",NEEDS_CHECK,Sainsbury's store format unclear from FHRS record,NW66RG,1,YES,"Sainsbury's Local at 105-109 Salusbury Road, London, NW6 6RG, explicitly lists ""Bakery"" under its Food to Go services on its official store locator page.",,,GROCER_BAKERY
1-2 Harlesden Plaza,Tavistock Road,London,,Tesco,Retailers - supermarkets/hypermarkets,7840,0,,532638,23437,504,ens.foodsafety@brent.gov.uk,Brent,http://www.brent.gov.uk/,False,,NW10 4NG,2024-05-08T00:00:00,fhrs_5_en-gb,5,,FHRS,-0.247526,51.5365432,0.0,0.0,0.0,Tesco,tesco,"1-2 Harlesden Plaza, Tavistock Road, London, NW10 4NG",NEEDS_CHECK,Tesco store format unclear from FHRS record,NW104NG,1,YES,Tesco Harlesden Superstore is a large format store likely to have substantial bakery provision.,,,GROCER_BAKERY
3 Stadium Retail Park,Wembley Park Drive,Wembley,,Lidl Discount Foodstores,Retailers - supermarkets/hypermarkets,7840,0,,532748,25116,504,ens.foodsafety@brent.gov.uk,Brent,http://www.brent.gov.uk/,False,,HA9 8TS,2025-06-09T00:00:00,fhrs_5_en-gb,5,,FHRS,-0.280747,51.56125,0.0,0.0,0.0,Lidl,lidl discount foodstores,"3 Stadium Retail Park, Wembley Park Drive, Wembley, HA9 8TS",AUTO_INCLUDE,Lidl supermarket with established bakery provision,HA98TS,1,YES,Lidl stores typically feature an in-store bakery with fresh products.,,,GROCER_BAKERY
92 Walm Lane,London,,,Sainsbury's,Retailers - supermarkets/hypermarkets,7840,0,,533024,37431,504,ens.foodsafety@brent.gov.uk,Brent,http://www.brent.gov.uk/,False,,NW2 4QY,2024-04-03T00:00:00,fhrs_5_en-gb,5,,FHRS,-0.221278,51.5487,0.0,0.0,0.0,Sainsbury's,sainsbury's,"92 Walm Lane, London, NW2 4QY",NEEDS_CHECK,Sainsbury's store format unclear from FHRS record,NW24QY,1,YES,"""Sainsbury's"" at 92 Walm Lane, London, NW2 4QY is a Sainsbury's Local that explicitly lists ""Bakery"" as a customer facility.",,,GROCER_BAKERY
1 Stadium Way,Wembley,,,Tesco,Retailers - supermarkets/hypermarkets,7840,0,,533525,68548,504,ens.foodsafety@brent.gov.uk,Brent,http://www.brent.gov.uk/,False,,HA9 0FE,2024-04-15T00:00:00,fhrs_5_en-gb,5,,FHRS,-0.284176,51.556777,0.0,0.0,0.0,Tesco,tesco,"1 Stadium Way, Wembley, HA9 0FE",NEEDS_CHECK,Tesco store format unclear from FHRS record,HA90FE,1,YES,The Tesco Wembley Stadium Express store explicitly mentions having a bakery.,,,GROCER_BAKERY
Morrisons,Honeypot Lane,London,,Morrisons:-Cafe/S'market/butcher/baker/fish,Retailers - supermarkets/hypermarkets,7840,0,,533563,7015,504,ens.foodsafety@brent.gov.uk,Brent,http://www.brent.gov.uk/,False,,NW9 6RN,2024-08-13T00:00:00,fhrs_5_en-gb,5,,FHRS,-0.284613,51.591943,5.0,5.0,0.0,Morrisons,morrisons:-cafe/s'market/butcher/baker/fish,"Morrisons, Honeypot Lane, London, NW9 6RN",AUTO_INCLUDE,Full-format Morrisons supermarket,NW96RN,1,YES,Morrisons store details and local directories confirm an in-store bakery.,,,GROCER_BAKERY
53 Capitol Industrial Park,Capitol Way,London,,Asda,Retailers - supermarkets/hypermarkets,7840,0,,533605,7246,504,ens.foodsafety@brent.gov.uk,Brent,http://www.brent.gov.uk/,False,,NW9 0AS,2026-07-14T00:00:00,fhrs_5_en-gb,5,,FHRS,,,5.0,5.0,5.0,Asda,asda,"53 Capitol Industrial Park, Capitol Way, London, NW9 0AS",NEEDS_CHECK,Asda store format unclear from FHRS record,NW90AS,1,YES,"Asda Colindale Superstore lists ""Bakery"" as one of its store services.",,,GROCER_BAKERY
Tesco,Great Central Way,London,,Tesco Supermarket,Retailers - supermarkets/hypermarkets,7840,0,,533762,8527,504,ens.foodsafety@brent.gov.uk,Brent,http://www.brent.gov.uk/,False,,NW10 0TL,2024-07-02T00:00:00,fhrs_5_en-gb,5,,FHRS,-0.255449,51.553916,5.0,0.0,0.0,Tesco,tesco supermarket,"Tesco, Great Central Way, London, NW10 0TL",AUTO_INCLUDE,Large Tesco supermarket format,NW100TL,1,YES,Tesco Extra stores typically have a substantial bakery counter.,,,GROCER_BAKERY
360 Ealing Road,Wembley,,,Sainsbury's,Retailers - supermarkets/hypermarkets,7840,0,,533814,8782,504,ens.foodsafety@brent.gov.uk,Brent,http://www.brent.gov.uk/,False,,HA0 1PF,2024-04-03T00:00:00,fhrs_5_en-gb,5,,FHRS,-0.303414,51.538694,0.0,0.0,0.0,Sainsbury's,sainsbury's,"360 Ealing Road, Wembley, HA0 1PF",NEEDS_CHECK,Sainsbury's store format unclear from FHRS record,HA01PF,1,YES,"Sainsbury's at 360 Ealing Road, Wembley, HA0 1PF, explicitly lists a ""Bakery"" in its ""Food to Go"" section on its official store locator and other business listings.",,,GROCER_BAKERY
399 Edgware Road,Kingsbury,London,,Morrisons,Retailers - supermarkets/hypermarkets,7840,0,,858154,87309,504,ens.foodsafety@brent.gov.uk,Brent,http://www.brent.gov.uk/,False,,NW9 0FH,2024-08-13T00:00:00,fhrs_5_en-gb,5,,FHRS,-0.2595171,51.5933473,0.0,5.0,0.0,Morrisons,morrisons,"399 Edgware Road, Kingsbury, London, NW9 0FH",AUTO_INCLUDE,Full-format Morrisons supermarket,NW90FH,1,YES,Insufficient evidence to confirm substantial bakery provision for this specific Morrisons.,YES,Substantially sized supermarket and evidence of bakery area,GROCER_BAKERY
31 Salusbury Road,London,,,Marks & Spencer,Retailers - supermarkets/hypermarkets,7840,0,,894437,87593,504,ens.foodsafety@brent.gov.uk,Brent,http://www.brent.gov.uk/,False,,NW6 6BF,2024-10-21T00:00:00,fhrs_5_en-gb,5,,FHRS,-0.2037881,51.5337057,0.0,0.0,0.0,M&S,marks & spencer,"31 Salusbury Road, London, NW6 6BF",NEEDS_CHECK,Larger M&S store: bakery provision to confirm,NW66BF,1,YES,"The M&S Foodhall at this address explicitly lists a ""Bakery"" department.",,,GROCER_BAKERY
357 High Road,Wembley,,,Sainsbury's,Retailers - supermarkets/hypermarkets,7840,0,,1359457,100102,504,ens.foodsafety@brent.gov.uk,Brent,http://www.brent.gov.uk/,False,,HA9 6EW,2025-09-19T00:00:00,fhrs_5_en-gb,5,,FHRS,-0.289000988006592,51.5535278320313,0.0,0.0,0.0,Sainsbury's,sainsbury's,"357 High Road, Wembley, HA9 6EW",NEEDS_CHECK,Sainsbury's store format unclear from FHRS record,HA96EW,1,YES,"Sainsbury's Local at 349-357 High Road, Wembley, HA9 6EW, lists ""Bakery"" as a product/service.",,,GROCER_BAKERY
Lidl Great Britain Ltd,199 Ealing Road,Wembley,,Lidl,Retailers - supermarkets/hypermarkets,7840,0,,1596909,104166,504,ens.foodsafety@brent.gov.uk,Brent,http://www.brent.gov.uk/,False,,HA0 4GP,2025-12-10T00:00:00,fhrs_5_en-gb,5,,FHRS,-0.2993293,51.5401737,0.0,5.0,5.0,Lidl,lidl,"Lidl Great Britain Ltd, 199 Ealing Road, Wembley, HA0 4GP",AUTO_INCLUDE,Lidl supermarket with established bakery provision,HA04GP,1,YES,Official Lidl store page confirms an in-store bakery.,,,GROCER_BAKERY
Tesco Stores Ltd Croydon Road,,Beckenham,,Tesco,Retailers - supermarkets/hypermarkets,7840,0,,357197,00000/0000/0/963,505,food@bromley.gov.uk,Bromley,http://www.bromley.gov.uk,False,,BR3 4AA,2026-05-20T00:00:00,fhrs_5_en-gb,5,,FHRS,-0.0502447,51.3965498,5.0,5.0,5.0,Tesco,tesco,"Tesco Stores Ltd Croydon Road, Beckenham, BR3 4AA",NEEDS_CHECK,Tesco store format unclear from FHRS record,BR34AA,1,YES,"Tesco Superstore Beckenham Elmers End at Croydon Road, BR3 4AA is a large format store likely to have substantial bakery provision.",,,GROCER_BAKERY
185 High Street,,Beckenham,,Sainsbury's,Retailers - supermarkets/hypermarkets,7840,0,,357234,00000/0000/1/677,505,food@bromley.gov.uk,Bromley,http://www.bromley.gov.uk,False,,BR3 1AH,2025-07-28T00:00:00,fhrs_5_en-gb,5,,FHRS,-0.0302694,51.4064317,0.0,0.0,0.0,Sainsbury's,sainsbury's,"185 High Street, Beckenham, BR3 1AH",NEEDS_CHECK,Sainsbury's store format unclear from FHRS record,BR31AH,1,YES,"Sainsbury's Beckenham at 185 High Street, BR3 1AH is a Superstore, indicating substantial bakery provision.",,,GROCER_BAKERY
Waitrose Ltd 1 Southend Road,,Beckenham,,Waitrose,Retailers - supermarkets/hypermarkets,7840,0,,357296,00000/0000/2/625,505,food@bromley.gov.uk,Bromley,http://www.bromley.gov.uk,False,,BR3 1SD,2026-02-19T00:00:00,fhrs_5_en-gb,5,,FHRS,-0.0260498,51.4115947,0.0,5.0,5.0,Waitrose,waitrose,"Waitrose Ltd 1 Southend Road, Beckenham, BR3 1SD",NEEDS_CHECK,Full Waitrose store: bakery provision to confirm,BR31SD,1,YES,"Waitrose Ltd at 1 Southend Road, Beckenham, BR3 1SD is a Waitrose supermarket, and its official store page and Deliveroo listing confirm bakery provision.",,,GROCER_BAKERY
76 - 82 Station Road,,West Wickham,,Sainsbury's,Retailers - supermarkets/hypermarkets,7840,0,,357301,00000/0000/2/727,505,food@bromley.gov.uk,Bromley,http://www.bromley.gov.uk,False,,BR4 0PU,2025-07-28T00:00:00,fhrs_5_en-gb,5,,FHRS,-0.0150287,51.3768407,0.0,0.0,0.0,Sainsbury's,sainsbury's,"76 - 82 Station Road, West Wickham, BR4 0PU",NEEDS_CHECK,Sainsbury's store format unclear from FHRS record,BR40PU,1,YES,Sainsbury's store locator lists a bakery.,,,GROCER_BAKERY
Marks And Spencer 123 - 131 High Street,,Bromley,,Marks & Spencer,Retailers - supermarkets/hypermarkets,7840,0,,357433,00000/0000/5/338,505,food@bromley.gov.uk,Bromley,http://www.bromley.gov.uk,False,,BR1 1JL,2025-12-15T00:00:00,fhrs_5_en-gb,5,,FHRS,0.0154199,51.4040185,5.0,5.0,0.0,M&S,marks & spencer,"Marks And Spencer 123 - 131 High Street, Bromley, BR1 1JL",NEEDS_CHECK,Larger M&S store: bakery provision to confirm,BR11JL,1,YES,M&S official store information lists a bakery department.,,,GROCER_BAKERY
Waitrose 45 Masons Hill,,Bromley,,Waitrose,Retailers - supermarkets/hypermarkets,7840,0,,357480,00000/0000/6/193,505,food@bromley.gov.uk,Bromley,http://www.bromley.gov.uk,False,,BR2 9HD,2024-09-23T00:00:00,fhrs_4_en-gb,4,,FHRS,0.0193495,51.398897,5.0,10.0,0.0,Waitrose,waitrose,"Waitrose 45 Masons Hill, Bromley, BR2 9HD",NEEDS_CHECK,Full Waitrose store: bakery provision to confirm,BR29HD,1,YES,Waitrose is described as having fresh produce and bakery picks.,,,GROCER_BAKERY
J Sainsbury Plc Walters Yard,,Bromley,,Sainsbury's,Retailers - supermarkets/hypermarkets,7840,0,,357560,00000/0000/7/708,505,food@bromley.gov.uk,Bromley,http://www.bromley.gov.uk,False,,BR1 1TP,2025-06-23T00:00:00,fhrs_5_en-gb,5,,FHRS,0.0136393,51.4066631,0.0,5.0,0.0,Sainsbury's,sainsbury's,"J Sainsbury Plc Walters Yard, Bromley, BR1 1TP",NEEDS_CHECK,Sainsbury's store format unclear from FHRS record,BR11TP,1,YES,Sainsbury's store locator lists a bakery.,,,GROCER_BAKERY
J Sainsbury 73 High Street,,Chislehurst,,Sainsbury's,Retailers - supermarkets/hypermarkets,7840,0,,357621,00000/0000/8/793,505,food@bromley.gov.uk,Bromley,http://www.bromley.gov.uk,False,,BR7 5AG,2025-06-17T00:00:00,fhrs_5_en-gb,5,,FHRS,0.0664648,51.4187596,0.0,5.0,5.0,Sainsbury's,sainsbury's,"J Sainsbury 73 High Street, Chislehurst, BR7 5AG",NEEDS_CHECK,Sainsbury's store format unclear from FHRS record,BR75AG,1,YES,Sainsbury's store locator lists a bakery.,,,GROCER_BAKERY
Tesco Stores Ltd Edgington Way,,Sidcup,,Tesco,Retailers - supermarkets/hypermarkets,7840,0,,357683,00000/0000/9/635,505,food@bromley.gov.uk,Bromley,http://www.bromley.gov.uk,False,,DA14 5BN,2023-07-24T00:00:00,fhrs_5_en-gb,5,,FHRS,0.1228461,51.4125624,0.0,0.0,0.0,Tesco,tesco,"Tesco Stores Ltd Edgington Way, Sidcup, DA14 5BN",NEEDS_CHECK,Tesco store format unclear from FHRS record,DA145BN,1,YES,Tesco Superstore format typically includes a bakery.,,,GROCER_BAKERY
11 High Street,Green Street Green,Orpington,,Waitrose,Retailers - supermarkets/hypermarkets,7840,0,,357766,00000/0001/1/334,505,food@bromley.gov.uk,Bromley,http://www.bromley.gov.uk,False,,BR6 6BG,2025-09-23T00:00:00,fhrs_5_en-gb,5,,FHRS,0.090055,51.354051,0.0,0.0,0.0,Waitrose,waitrose,"11 High Street, Green Street Green, Orpington, BR6 6BG",NEEDS_CHECK,Full Waitrose store: bakery provision to confirm,BR66BG,1,YES,Waitrose is a supermarket format likely to have substantial bakery provision.,,,GROCER_BAKERY
J Sainsbury Plc Pallant Way,,Orpington,,Sainsbury's,Retailers - supermarkets/hypermarkets,7840,0,,357856,00000/0001/2/844,505,food@bromley.gov.uk,Bromley,http://www.bromley.gov.uk,False,,BR6 8NZ,2025-07-21T00:00:00,fhrs_5_en-gb,5,,FHRS,0.0552297,51.3660708,5.0,5.0,0.0,Sainsbury's,sainsbury's,"J Sainsbury Plc Pallant Way, Orpington, BR6 8NZ",NEEDS_CHECK,Sainsbury's store format unclear from FHRS record,BR68NZ,1,YES,Sainsbury's store locator lists a bakery.,,,GROCER_BAKERY
Morrisons 70 Queensway,Petts Wood,Orpington,,Morrisons,Retailers - supermarkets/hypermarkets,7840,0,,357866,00000/0001/3/069,505,food@bromley.gov.uk,Bromley,http://www.bromley.gov.uk,False,,BR5 1DH,2025-07-24T00:00:00,fhrs_5_en-gb,5,,FHRS,0.0741653,51.3880572,0.0,0.0,0.0,Morrisons,morrisons,"Morrisons 70 Queensway, Petts Wood, Orpington, BR5 1DH",AUTO_INCLUDE,Full-format Morrisons supermarket,BR51DH,1,YES,Morrisons store locator lists an in-store bakery.,,,GROCER_BAKERY
158 - 162 High Street,Penge,London,,Sainsbury's,Retailers - supermarkets/hypermarkets,7840,0,,358081,00000/0002/1/897,505,food@bromley.gov.uk,Bromley,http://www.bromley.gov.uk,False,,SE20 7QS,2025-04-23T00:00:00,fhrs_4_en-gb,4,,FHRS,-0.050558,51.412402,5.0,10.0,5.0,Sainsbury's,sainsbury's,"158 - 162 High Street, Penge, London, SE20 7QS",NEEDS_CHECK,Sainsbury's store format unclear from FHRS record,SE207QS,1,YES,Sainsbury's store locator lists a bakery.,,,GROCER_BAKERY
100 High Street,,West Wickham,,Marks & Spencer Simply Foods,Retailers - supermarkets/hypermarkets,7840,0,,358287,04/00022/MIXED,505,food@bromley.gov.uk,Bromley,http://www.bromley.gov.uk,False,,BR4 0NF,2024-05-29T00:00:00,fhrs_5_en-gb,5,,FHRS,-0.01915194,51.37670143,0.0,0.0,0.0,M&S,marks & spencer simply foods,"100 High Street, West Wickham, BR4 0NF",NEEDS_CHECK,Larger M&S store: bakery provision to confirm,BR40NF,1,YES,M&S Simply Food lists a bakery department and offers baked goods.,,,GROCER_BAKERY
168 Main Road,,Biggin Hill,,Waitrose,Retailers - supermarkets/hypermarkets,7840,0,,358339,06/00009/MIXED,505,food@bromley.gov.uk,Bromley,http://www.bromley.gov.uk,False,,TN16 3BB,2025-09-23T00:00:00,fhrs_5_en-gb,5,,FHRS,0.0367679,51.3090169,0.0,0.0,0.0,Waitrose,waitrose,"168 Main Road, Biggin Hill, TN16 3BB",NEEDS_CHECK,Full Waitrose store: bakery provision to confirm,TN163BB,1,YES,Waitrose Biggin Hill has a dedicated bakery department.,,,GROCER_BAKERY
143 High Street,,West Wickham,,Sainsbury's,Retailers - supermarkets/hypermarkets,7840,0,,358365,06/00171/MIXED,505,food@bromley.gov.uk,Bromley,http://www.bromley.gov.uk,False,,BR4 0LU,2025-07-28T00:00:00,fhrs_5_en-gb,5,,FHRS,-0.0215922,51.3769157,0.0,0.0,0.0,Sainsbury's,sainsbury's,"143 High Street, West Wickham, BR4 0LU",NEEDS_CHECK,Sainsbury's store format unclear from FHRS record,BR40LU,1,YES,Sainsbury's West Wickham lists a bakery department and a pizza counter.,,,GROCER_BAKERY
Unit 3 Nugent Shopping Park Cray Avenue,,Orpington,,Marks & Spencer,Retailers - supermarkets/hypermarkets,7840,0,,358417,08/00018/MIXED,505,food@bromley.gov.uk,Bromley,http://www.bromley.gov.uk,False,,BR5 3RP,2024-10-09T00:00:00,fhrs_5_en-gb,5,,FHRS,0.1126963,51.3929616,0.0,5.0,0.0,M&S,marks & spencer,"Unit 3 Nugent Shopping Park Cray Avenue, Orpington, BR5 3RP",NEEDS_CHECK,Larger M&S store: bakery provision to confirm,BR53RP,1,YES,M&S Orpington at Nugent Shopping Park has a new in-store bakery and coffee counter.,,,GROCER_BAKERY
Tesco Homesdale Road,,Bromley,,Tesco,Retailers - supermarkets/hypermarkets,7840,0,,358424,08/00048/MIXED,505,food@bromley.gov.uk,Bromley,http://www.bromley.gov.uk,False,,BR1 2UE,2023-07-26T00:00:00,fhrs_5_en-gb,5,,FHRS,,,0.0,0.0,0.0,Tesco,tesco,"Tesco Homesdale Road, Bromley, BR1 2UE",NEEDS_CHECK,Tesco store format unclear from FHRS record,BR12UE,1,YES,Tesco Bromley Superstore has a bakery and offers Krispy Kreme products.,,,GROCER_BAKERY
Sainsbury's 5 - 7 Homefield Rise,,Orpington,,Sainsbury's,Retailers - supermarkets/hypermarkets,7840,0,,358445,08/00119/MIXED,505,food@bromley.gov.uk,Bromley,http://www.bromley.gov.uk,False,,BR6 0RT,2024-10-09T00:00:00,fhrs_4_en-gb,4,,FHRS,0.1006094,51.3757605,0.0,10.0,5.0,Sainsbury's,sainsbury's,"Sainsbury's 5 - 7 Homefield Rise, Orpington, BR6 0RT",NEEDS_CHECK,Sainsbury's store format unclear from FHRS record,BR60RT,1,YES,"No specific information about bakery provision for Sainsbury's 5 - 7 Homefield Rise, Orpington was found.",YES,There is evidence on the website of this store of a bakery existing,GROCER_BAKERY
Tesco Stores 9 Augustus Lane,,Orpington,,Tesco Extra,Retailers - supermarkets/hypermarkets,7840,0,,358489,09/00107/MIXED,505,food@bromley.gov.uk,Bromley,http://www.bromley.gov.uk,False,,BR6 0NH,2026-01-26T00:00:00,fhrs_5_en-gb,5,,FHRS,0.0968366,51.3740115,0.0,0.0,0.0,Tesco,tesco extra,"Tesco Stores 9 Augustus Lane, Orpington, BR6 0NH",AUTO_INCLUDE,Large Tesco supermarket format,BR60NH,1,YES,Tesco's official store page confirms a bakery counter.,,,GROCER_BAKERY
Lidl 330 Crofton Road,,Orpington,,Lidl,Retailers - supermarkets/hypermarkets,7840,0,,445151,12/00247/MIXED,505,food@bromley.gov.uk,Bromley,http://www.bromley.gov.uk,False,,BR6 8NW,2024-09-19T00:00:00,fhrs_5_en-gb,5,,FHRS,0.0559944,51.3680718,0.0,5.0,0.0,Lidl,lidl,"Lidl 330 Crofton Road, Orpington, BR6 8NW",AUTO_INCLUDE,Lidl supermarket with established bakery provision,BR68NW,1,YES,Lidl's official store page mentions freshly baked products.,,,GROCER_BAKERY
2A Glebe Way,,West Wickham,,Lidl,Retailers - supermarkets/hypermarkets,7840,0,,940538,16/00264/MIXED,505,food@bromley.gov.uk,Bromley,http://www.bromley.gov.uk,False,,BR4 0RJ,2026-01-22T00:00:00,fhrs_5_en-gb,5,,FHRS,-0.013868,51.3754362,0.0,0.0,0.0,Lidl,lidl,"2A Glebe Way, West Wickham, BR4 0RJ",AUTO_INCLUDE,Lidl supermarket with established bakery provision,BR40RJ,1,YES,Insufficient information to confirm substantial bakery provision.,YES,Image evidence of bakery provision,GROCER_BAKERY
Ground Floor 124 - 126 High Street,,Bromley,,Lidl,Retailers - supermarkets/hypermarkets,7840,0,,1094617,18/00444/MIXED,505,food@bromley.gov.uk,Bromley,http://www.bromley.gov.uk,False,,BR1 1EZ,2024-01-11T00:00:00,fhrs_5_en-gb,5,,FHRS,0.0144884,51.4040885,5.0,5.0,5.0,Lidl,lidl,"Ground Floor 124 - 126 High Street, Bromley, BR1 1EZ",AUTO_INCLUDE,Lidl supermarket with established bakery provision,BR11EZ,1,YES,Insufficient information to confirm substantial bakery provision.,YES,Image evidence of bakery provision,GROCER_BAKERY
129 Burnt Ash Lane,,Bromley,,Lidl,Retailers - supermarkets/hypermarkets,7840,0,,1295612,20/00572/MIXED,505,food@bromley.gov.uk,Bromley,http://www.bromley.gov.uk,False,,BR1 5AJ,2026-02-19T00:00:00,fhrs_5_en-gb,5,,FHRS,0.0210904,51.4210883,5.0,5.0,5.0,Lidl,lidl,"129 Burnt Ash Lane, Bromley, BR1 5AJ",AUTO_INCLUDE,Lidl supermarket with established bakery provision,BR15AJ,1,YES,Lidl's official store page confirms an in-store bakery.,,,GROCER_BAKERY
Unit 1 168 Sevenoaks Way,,Orpington,,Lidl,Retailers - supermarkets/hypermarkets,7840,0,,1450625,22/00019/MIXED,505,food@bromley.gov.uk,Bromley,http://www.bromley.gov.uk,False,,BR5 3AE,2025-04-09T00:00:00,fhrs_5_en-gb,5,,FHRS,0.1122605,51.3994173,0.0,0.0,0.0,Lidl,lidl,"Unit 1 168 Sevenoaks Way, Orpington, BR5 3AE",AUTO_INCLUDE,Lidl supermarket with established bakery provision,BR53AE,1,YES,Insufficient information to confirm substantial bakery provision.,YES,Image evidence of bakery provision,GROCER_BAKERY
24 Mottingham Road,Mottingham,London,,Lidl,Retailers - supermarkets/hypermarkets,7840,0,,1588922,22/00670/MIXED,505,food@bromley.gov.uk,Bromley,http://www.bromley.gov.uk,False,,SE9 4QW,2026-03-31T00:00:00,fhrs_5_en-gb,5,,FHRS,0.042486,51.437283,0.0,0.0,0.0,Lidl,lidl,"24 Mottingham Road, Mottingham, London, SE9 4QW",AUTO_INCLUDE,Lidl supermarket with established bakery provision,SE94QW,1,YES,Lidl's official store page confirms an in-store bakery.,,,GROCER_BAKERY
,199 Finchley Road,,London,Waitrose and Partners,Retailers - supermarkets/hypermarkets,7840,0,,423884,14176,506,foodsafety@camden.gov.uk,Camden,http://www.camden.gov.uk,False,,NW3 6NN,2023-12-19T00:00:00,fhrs_5_en-gb,5,,FHRS,-0.179859,51.546565,0.0,0.0,0.0,Waitrose,waitrose and partners,"199 Finchley Road, NW3 6NN",NEEDS_CHECK,Full Waitrose store: bakery provision to confirm,NW36NN,1,YES,"Waitrose & Partners John Barnes is a large supermarket that offers Crosstown doughnuts, indicating substantial bakery provision.",,,GROCER_BAKERY
Unit 1a The O2 Centre,255 Finchley Road,,London,J Sainsburys Plc,Retailers - supermarkets/hypermarkets,7840,0,,424475,24168,506,foodsafety@camden.gov.uk,Camden,http://www.camden.gov.uk,False,,NW3 6LU,2026-01-21T00:00:00,fhrs_5_en-gb,5,,FHRS,-0.1814048,51.5479469,5.0,5.0,5.0,Sainsbury's,j sainsburys plc,"Unit 1a The O2 Centre, 255 Finchley Road, NW3 6LU",NEEDS_CHECK,Sainsbury's store format unclear from FHRS record,NW36LU,1,YES,"Sainsbury's at the O2 Centre is a large supermarket with a wide range of food, and Sainsbury's generally offers in-store bakery products.",,,GROCER_BAKERY
,88-92 Kilburn High Road,,London,Sainsbury's Supermarkets,Retailers - supermarkets/hypermarkets,7840,0,,424925,4063,506,foodsafety@camden.gov.uk,Camden,http://www.camden.gov.uk,False,,NW6 4HS,2024-12-13T00:00:00,fhrs_5_en-gb,5,,FHRS,-0.1935379,51.538764,0.0,0.0,0.0,Sainsbury's,sainsbury's supermarkets,"88-92 Kilburn High Road, NW6 4HS",NEEDS_CHECK,Sainsbury's store format unclear from FHRS record,NW64HS,1,YES,"Sainsbury's Kilburn Superstore lists ""Bakery"" as one of its services.",,,GROCER_BAKERY
,126-132 Fortess Road,,London,Sainsburys Supermarket,Retailers - supermarkets/hypermarkets,7840,0,,425022,45089,506,foodsafety@camden.gov.uk,Camden,http://www.camden.gov.uk,False,,NW5 2HP,2025-04-29T00:00:00,fhrs_5_en-gb,5,,FHRS,-0.1389535,51.5558154,0.0,0.0,5.0,Sainsbury's,sainsburys supermarket,"126-132 Fortess Road, NW5 2HP",AUTO_INCLUDE,Large Sainsbury's supermarket format,NW52HP,1,YES,"Sainsbury's store locator lists a bakery and ""Food to Go"" options.",,,GROCER_BAKERY
,17-21 Camden Road,,London,Sainsbury's Supermarkets Ltd,Retailers - supermarkets/hypermarkets,7840,0,,425136,4867,506,foodsafety@camden.gov.uk,Camden,http://www.camden.gov.uk,False,,NW1 9LJ,2026-03-17T00:00:00,fhrs_5_en-gb,5,,FHRS,-0.1407747,51.5405207,5.0,5.0,0.0,Sainsbury's,sainsbury's supermarkets ltd,"17-21 Camden Road, NW1 9LJ",NEEDS_CHECK,Sainsbury's store format unclear from FHRS record,NW19LJ,1,YES,Sainsbury's Camden Superstore lists a bakery in its services.,,,GROCER_BAKERY
,23-37 Brunswick Centre,,London,Waitrose and Partners,Retailers - supermarkets/hypermarkets,7840,0,,425220,51674,506,foodsafety@camden.gov.uk,Camden,http://www.camden.gov.uk,False,,WC1N 1AF,2025-09-16T00:00:00,fhrs_5_en-gb,5,,FHRS,-0.123503997921944,51.5242729187012,0.0,0.0,0.0,Waitrose,waitrose and partners,"23-37 Brunswick Centre, WC1N 1AF",NEEDS_CHECK,Full Waitrose store: bakery provision to confirm,WC1N1AF,1,YES,"Waitrose in Brunswick Centre is a larger format store, likely to have substantial bakery provision.",,,GROCER_BAKERY
,143-151 Camden High Street,,London,Marks & Spencer,Retailers - supermarkets/hypermarkets,7840,0,,425546,5752,506,foodsafety@camden.gov.uk,Camden,http://www.camden.gov.uk,False,,NW1 7JX,2019-07-10T00:00:00,fhrs_5_en-gb,5,,FHRS,-0.1421376,51.5378624,0.0,0.0,0.0,M&S,marks & spencer,"143-151 Camden High Street, NW1 7JX",NEEDS_CHECK,Larger M&S store: bakery provision to confirm,NW17JX,1,YES,Information on bakery provision for this specific M&S Simply Food was not readily available.,YES,There is evidence on the website of this store having a bakery department,GROCER_BAKERY
Sainsburys,329-333 Kentish Town Road,,London,Sainsburys,Retailers - supermarkets/hypermarkets,7840,0,,425734,60278,506,foodsafety@camden.gov.uk,Camden,http://www.camden.gov.uk,False,,NW5 2TJ,2025-07-01T00:00:00,fhrs_5_en-gb,5,,FHRS,-0.1411406,51.5502925,0.0,0.0,5.0,Sainsbury's,sainsburys,"Sainsburys, 329-333 Kentish Town Road, NW5 2TJ",NEEDS_CHECK,Sainsbury's store format unclear from FHRS record,NW52TJ,1,YES,Sainsbury's Kentish Town Local lists a bakery in its services.,,,GROCER_BAKERY
Unit 11 Euston Station,Eversholt Street,,London,Sainsbury’s Supermarket,Retailers - supermarkets/hypermarkets,7840,0,,426170,68110,506,foodsafety@camden.gov.uk,Camden,http://www.camden.gov.uk,False,,NW1 2DU,2018-01-09T00:00:00,fhrs_4_en-gb,4,,FHRS,-0.133270993828774,51.5286674499512,0.0,10.0,0.0,Sainsbury's,sainsbury’s supermarket,"Unit 11 Euston Station, Eversholt Street, NW1 2DU",AUTO_INCLUDE,Large Sainsbury's supermarket format,NW12DU,1,YES,"Sainsbury's store locator lists a bakery and ""Food to Go"" options, including Krispy Kreme.",,,GROCER_BAKERY
,21 Hampstead Road,,,Sainsburys,Retailers - supermarkets/hypermarkets,7840,0,,785708,76157,506,foodsafety@camden.gov.uk,Camden,http://www.camden.gov.uk,False,,NW1 3JA,2026-04-16T00:00:00,fhrs_0_en-gb,0,"&lt;p data-renderer-start-pos=&quot;103&quot; style=&quot;margin: 0.75rem 0px 0px; padding: 0px; font-variant: normal; font-size-adjust: none; font-language-override: normal; font-kerning: auto; font-optical-sizing: auto; font-feature-settings: normal; font-variation-settings: normal; font-stretch: normal; font-size: 14px; line-height: 1.714; font-family: &amp;quot;Atlassian Sans&amp;quot;, ui-sans-serif, -apple-system, &amp;quot;system-ui&amp;quot;, &amp;quot;Segoe UI&amp;quot;, Ubuntu, &amp;quot;Helvetica Neue&amp;quot;, sans-serif; color: rgb(41, 42, 46); white-space: pre-wrap; background-color: rgba(5, 21, 36, 0.06);&quot;&gt;
	We take food hygiene seriously and have acted promptly to make improvements. The following steps have been taken:&lt;/p&gt;
&lt;ul class=&quot;ak-ul&quot; data-indent-level=&quot;1&quot; style=&quot;margin: 12px 0px 0px; padding: 0px 0px 0px 24px; box-sizing: border-box; display: flow-root; color: rgb(41, 42, 46); font-family: &amp;quot;Atlassian Sans&amp;quot;, ui-sans-serif, -apple-system, &amp;quot;system-ui&amp;quot;, &amp;quot;Segoe UI&amp;quot;, Ubuntu, &amp;quot;Helvetica Neue&amp;quot;, sans-serif; font-size: 14px; white-space: pre-wrap; background-color: rgba(5, 21, 36, 0.06);&quot;&gt;
	&lt;li&gt;
		&lt;p data-renderer-start-pos=&quot;221&quot; style=&quot;margin: 0px; padding: 0px; font-variant: normal; font-size-adjust: none; font-language-override: normal; font-kerning: auto; font-optical-sizing: auto; font-feature-settings: normal; font-variation-settings: normal; font-stretch: normal; line-height: 1.714;&quot;&gt;
			The store was temporarily closed so we could undertake proactive maintenance.&lt;/p&gt;
	&lt;/li&gt;
&lt;/ul&gt;
&lt;ul class=&quot;ak-ul&quot; data-indent-level=&quot;1&quot; style=&quot;margin: 12px 0px 0px; padding: 0px 0px 0px 24px; box-sizing: border-box; display: flow-root; color: rgb(41, 42, 46); font-family: &amp;quot;Atlassian Sans&amp;quot;, ui-sans-serif, -apple-system, &amp;quot;system-ui&amp;quot;, &amp;quot;Segoe UI&amp;quot;, Ubuntu, &amp;quot;Helvetica Neue&amp;quot;, sans-serif; font-size: 14px; white-space: pre-wrap; background-color: rgba(5, 21, 36, 0.06);&quot;&gt;
	&lt;li&gt;
		&lt;p data-renderer-start-pos=&quot;304&quot; style=&quot;margin: 0px; padding: 0px; font-variant: normal; font-size-adjust: none; font-language-override: normal; font-kerning: auto; font-optical-sizing: auto; font-feature-settings: normal; font-variation-settings: normal; font-stretch: normal; line-height: 1.714;&quot;&gt;
			During this maintenance period we undertook enhanced cleaning and structural improvements&lt;/p&gt;
	&lt;/li&gt;
&lt;/ul&gt;
&lt;ul class=&quot;ak-ul&quot; data-indent-level=&quot;1&quot; style=&quot;margin: 12px 0px 0px; padding: 0px 0px 0px 24px; box-sizing: border-box; display: flow-root; color: rgb(41, 42, 46); font-family: &amp;quot;Atlassian Sans&amp;quot;, ui-sans-serif, -apple-system, &amp;quot;system-ui&amp;quot;, &amp;quot;Segoe UI&amp;quot;, Ubuntu, &amp;quot;Helvetica Neue&amp;quot;, sans-serif; font-size: 14px; white-space: pre-wrap; background-color: rgba(5, 21, 36, 0.06);&quot;&gt;
	&lt;li&gt;
		&lt;p data-renderer-start-pos=&quot;399&quot; style=&quot;margin: 0px; padding: 0px; font-variant: normal; font-size-adjust: none; font-language-override: normal; font-kerning: auto; font-optical-sizing: auto; font-feature-settings: normal; font-variation-settings: normal; font-stretch: normal; line-height: 1.714;&quot;&gt;
			The Improvements made will help prevent future concerns and we continue to independently review our standards&lt;/p&gt;
	&lt;/li&gt;
&lt;/ul&gt;
&lt;ul class=&quot;ak-ul&quot; data-indent-level=&quot;1&quot; style=&quot;margin: 12px 0px 0px; padding: 0px 0px 0px 24px; box-sizing: border-box; display: flow-root; color: rgb(41, 42, 46); font-family: &amp;quot;Atlassian Sans&amp;quot;, ui-sans-serif, -apple-system, &amp;quot;system-ui&amp;quot;, &amp;quot;Segoe UI&amp;quot;, Ubuntu, &amp;quot;Helvetica Neue&amp;quot;, sans-serif; font-size: 14px; white-space: pre-wrap; background-color: rgba(5, 21, 36, 0.06);&quot;&gt;
	&lt;li&gt;
		&lt;p data-renderer-start-pos=&quot;514&quot; style=&quot;margin: 0px; padding: 0px; font-variant: normal; font-size-adjust: none; font-language-override: normal; font-kerning: auto; font-optical-sizing: auto; font-feature-settings: normal; font-variation-settings: normal; font-stretch: normal; line-height: 1.714;&quot;&gt;
			Staff have received additional training and our management procedures have been enhanced.&lt;/p&gt;
	&lt;/li&gt;
&lt;/ul&gt;
",FHRS,-0.138816,51.52618,20.0,20.0,30.0,Sainsbury's,sainsburys,"21 Hampstead Road, NW1 3JA",NEEDS_CHECK,Sainsbury's store format unclear from FHRS record,NW13JA,1,YES,Sainsbury's London Euston Regents Place Local lists a bakery in its services.,,,GROCER_BAKERY
,129-133 Kingsway,,,Sainsbury's,Retailers - supermarkets/hypermarkets,7840,0,,807690,36853,506,foodsafety@camden.gov.uk,Camden,http://www.camden.gov.uk,False,,WC2B 6NH,2026-04-30T00:00:00,fhrs_5_en-gb,5,,FHRS,-0.120599,51.516969,0.0,5.0,0.0,Sainsbury's,sainsbury's,"129-133 Kingsway, WC2B 6NH",NEEDS_CHECK,Sainsbury's store format unclear from FHRS record,WC2B6NH,1,YES,Sainsbury's Holborn Local lists a bakery in its services.,,,GROCER_BAKERY
,217-223 Kentish Town Road,,,Lidl U.K. Gmbh,Retailers - supermarkets/hypermarkets,7840,0,,817061,81789,506,foodsafety@camden.gov.uk,Camden,http://www.camden.gov.uk,False,,NW5 2JU,2022-05-23T00:00:00,fhrs_5_en-gb,5,,FHRS,-0.142171,51.546817,0.0,5.0,0.0,Lidl,lidl u.k. gmbh,"217-223 Kentish Town Road, NW5 2JU",AUTO_INCLUDE,Lidl supermarket with established bakery provision,NW52JU,1,YES,Lidl stores typically feature an in-store bakery with fresh bread and pastries.,,,GROCER_BAKERY
,1 Wharf Road,,London,Waitrose and Partners,Retailers - supermarkets/hypermarkets,7840,0,,912305,84100,506,foodsafety@camden.gov.uk,Camden,http://www.camden.gov.uk,False,,N1C 4BZ,2026-03-04T00:00:00,fhrs_5_en-gb,5,,FHRS,-0.1234619,51.5361534,0.0,0.0,0.0,Waitrose,waitrose and partners,"1 Wharf Road, N1C 4BZ",NEEDS_CHECK,Full Waitrose store: bakery provision to confirm,N1C4BZ,1,YES,"Waitrose at 1 Wharf Road, N1C 4BZ is a large store with an in-store bakery and a wide selection of pastries.",,,GROCER_BAKERY
,145 Tottenham Court Road,,London,Lidl,Retailers - supermarkets/hypermarkets,7840,0,,1267287,198635,506,foodsafety@camden.gov.uk,Camden,http://www.camden.gov.uk,False,,W1T 7NE,2021-05-05T00:00:00,fhrs_5_en-gb,5,,FHRS,-0.1374027,51.5242174,5.0,5.0,5.0,Lidl,lidl,"145 Tottenham Court Road, W1T 7NE",AUTO_INCLUDE,Lidl supermarket with established bakery provision,W1T7NE,1,YES,"The Lidl store at 145 Tottenham Court Road, W1T 7NE, explicitly states it has an in-store bakery.",,,GROCER_BAKERY
Camden Abbey Road local- Junction of Abbey Road and,Belsize Road,,London,Sainsbury's,Retailers - supermarkets/hypermarkets,7840,0,,1294815,199035,506,foodsafety@camden.gov.uk,Camden,http://www.camden.gov.uk,False,,NW6 4DP,2026-03-04T00:00:00,fhrs_4_en-gb,4,,FHRS,-0.18724499642849,51.5402565002441,5.0,10.0,5.0,Sainsbury's,sainsbury's,"Camden Abbey Road local- Junction of Abbey Road and, Belsize Road, NW6 4DP",NEEDS_CHECK,Sainsbury's store format unclear from FHRS record,NW64DP,1,YES,Sainsbury's official store page lists a bakery.,,,GROCER_BAKERY
Sainsburys Hampstead High Street,35-36 Hampstead High Street,,London,SAINSBURY'S SUPERMARKET LTD,Retailers - supermarkets/hypermarkets,7840,0,,1471696,200883,506,foodsafety@camden.gov.uk,Camden,http://www.camden.gov.uk,False,,NW3 1QE,2022-04-26T00:00:00,fhrs_5_en-gb,5,,FHRS,-0.1773101,51.5562104,0.0,5.0,0.0,Sainsbury's,sainsbury's supermarket ltd,"Sainsburys Hampstead High Street, 35-36 Hampstead High Street, NW3 1QE",AUTO_INCLUDE,Large Sainsbury's supermarket format,NW31QE,1,YES,The Sainsbury's Hampstead High Street Local has an in-store bakery with fresh bread and pastries baked daily.,,,GROCER_BAKERY
,6-12 Parkway,,London,SAINSBURYS SUPERMARKETS LTD,Retailers - supermarkets/hypermarkets,7840,0,,1960260,207452,506,foodsafety@camden.gov.uk,Camden,http://www.camden.gov.uk,False,,NW1 7AA,1901-01-01T00:00:00,fhrs_awaitinginspection_en-gb,AwaitingInspection,,FHRS,-0.1434126,51.5388751,,,,Sainsbury's,sainsburys supermarkets ltd,"6-12 Parkway, NW1 7AA",NEEDS_CHECK,Sainsbury's store format unclear from FHRS record,NW17AA,1,YES,"The Sainsbury's store at 6-12 Parkway, NW1 7AA, lists ""Bakery"" as a facility.",,,GROCER_BAKERY
323-324 High Holborn,London,,,Marks & Spencer Simply Foods,Retailers - supermarkets/hypermarkets,7840,0,,294553,PI/000015589,508,publicprotection@cityoflondon.gov.uk,City of London Corporation,http://www.cityoflondon.gov.uk/Corporation/homepage.htm,False,,WC1V 7PU,2023-08-17T00:00:00,fhrs_5_en-gb,5,,FHRS,-0.112668,51.518083,0.0,5.0,0.0,M&S,marks & spencer simply foods,"323-324 High Holborn, London, WC1V 7PU",NEEDS_CHECK,Larger M&S store: bakery provision to confirm,WC1V7PU,1,YES,"The M&S Simply Food at 323-324 High Holborn, WC1V 7PU, lists a ""Bakery"" department.",,,GROCER_BAKERY
46 King William Street,London,,,Waitrose,Retailers - supermarkets/hypermarkets,7840,0,,578600,PI/000023721,508,publicprotection@cityoflondon.gov.uk,City of London Corporation,http://www.cityoflondon.gov.uk/Corporation/homepage.htm,False,,EC4R 9AN,2025-10-15T00:00:00,fhrs_5_en-gb,5,,FHRS,-0.086701,51.510037,0.0,0.0,0.0,Waitrose,waitrose,"46 King William Street, London, EC4R 9AN",NEEDS_CHECK,Full Waitrose store: bakery provision to confirm,EC4R9AN,1,YES,This Little Waitrose store lists an in-store bakery.,,,GROCER_BAKERY
89 Cannon Street,London,,,Sainsbury's,Retailers - supermarkets/hypermarkets,7840,0,,629359,PI/000025006,508,publicprotection@cityoflondon.gov.uk,City of London Corporation,http://www.cityoflondon.gov.uk/Corporation/homepage.htm,False,,EC4N 6HA,2023-04-27T00:00:00,fhrs_5_en-gb,5,,FHRS,-0.0891219973564148,51.5111198425293,0.0,0.0,0.0,Sainsbury's,sainsbury's,"89 Cannon Street, London, EC4N 6HA",NEEDS_CHECK,Sainsbury's store format unclear from FHRS record,EC4N6HA,1,YES,This Sainsbury's Local store explicitly lists a bakery counter.,,,GROCER_BAKERY
31 New Bridge Street,London,,,Sainsbury's,Retailers - supermarkets/hypermarkets,7840,0,,775591,PI/000113141,508,publicprotection@cityoflondon.gov.uk,City of London Corporation,http://www.cityoflondon.gov.uk/Corporation/homepage.htm,False,,EC4V 6BJ,2023-08-07T00:00:00,fhrs_5_en-gb,5,,FHRS,-0.10399,51.512574,5.0,5.0,0.0,Sainsbury's,sainsbury's,"31 New Bridge Street, London, EC4V 6BJ",NEEDS_CHECK,Sainsbury's store format unclear from FHRS record,EC4V6BJ,1,YES,This Sainsbury's Local store explicitly lists a bakery counter.,,,GROCER_BAKERY
18 - 19 Eldon Street,London,,,Sainsburys Supermarket,Retailers - supermarkets/hypermarkets,7840,0,,1914086,26/00087/COMM,508,publicprotection@cityoflondon.gov.uk,City of London Corporation,http://www.cityoflondon.gov.uk/Corporation/homepage.htm,False,,EC2M 7LA,2026-02-27T00:00:00,fhrs_5_en-gb,5,,FHRS,-0.0849743,51.5183372,0.0,0.0,0.0,Sainsbury's,sainsburys supermarket,"18 - 19 Eldon Street, London, EC2M 7LA",AUTO_INCLUDE,Large Sainsbury's supermarket format,EC2M7LA,1,YES,The Sainsbury's City of London - Eldon Street store lists a bakery under its services.,,,GROCER_BAKERY
Tesco,2 - 32 Brigstock Road,Thornton Heath,,Tesco Superstore,Retailers - supermarkets/hypermarkets,7840,0,,1590,00292/0032/0/200,507,food.safety@croydon.gov.uk,Croydon,http://www.croydon.gov.uk,False,,CR7 8RX,2025-01-16T00:00:00,fhrs_5_en-gb,5,,FHRS,-0.100445002317429,51.3984909057617,0.0,0.0,0.0,Tesco,tesco superstore,"Tesco, 2 - 32 Brigstock Road, Thornton Heath, CR7 8RX",AUTO_INCLUDE,Large Tesco supermarket format,CR78RX,2,YES,"This is a Tesco Superstore, which typically includes a substantial bakery provision.",,,GROCER_BAKERY
110 - 112 Brighton Road,Coulsdon,,,Waitrose,Retailers - supermarkets/hypermarkets,7840,0,,1681,00351/0112/0/200,507,food.safety@croydon.gov.uk,Croydon,http://www.croydon.gov.uk,False,,CR5 2NB,2023-10-18T00:00:00,fhrs_5_en-gb,5,,FHRS,-0.1371967,51.3219752,0.0,0.0,0.0,Waitrose,waitrose,"110 - 112 Brighton Road, Coulsdon, CR5 2NB",NEEDS_CHECK,Full Waitrose store: bakery provision to confirm,CR52NB,1,YES,This Waitrose store is a full-size supermarket that lists baked goods.,,,GROCER_BAKERY
114 - 120 North End,Croydon,,,"Marks & Spencer - Hot Food On The Move, Cafe Revive",Retailers - supermarkets/hypermarkets,7840,0,,5077,01547/0116/0/201,507,food.safety@croydon.gov.uk,Croydon,http://www.croydon.gov.uk,False,,CR9 1SH,2025-10-25T00:00:00,fhrs_5_en-gb,5,,FHRS,-0.1015639975667,51.3773765563965,0.0,0.0,0.0,M&S,"marks & spencer - hot food on the move, cafe revive","114 - 120 North End, Croydon, CR9 1SH",NEEDS_CHECK,Larger M&S store: bakery provision to confirm,CR91SH,1,YES,M&S Croydon has a food hall and a bakery section.,,,GROCER_BAKERY
J Sainsbury Plc,2 Trafalgar Way,Croydon,,Sainsburys,Retailers - supermarkets/hypermarkets,7840,0,,6391,02159/0002/0/200,507,food.safety@croydon.gov.uk,Croydon,http://www.croydon.gov.uk,False,,CR0 4XT,2025-06-06T00:00:00,fhrs_5_en-gb,5,,FHRS,-0.119553998112679,51.3770294189453,0.0,5.0,0.0,Sainsbury's,sainsburys,"J Sainsbury Plc, 2 Trafalgar Way, Croydon, CR0 4XT",NEEDS_CHECK,Sainsbury's store format unclear from FHRS record,CR04XT,2,YES,Sainsbury's Purley Way is a superstore format and lists a bakery in its facilities.,,,GROCER_BAKERY
Sainsburys Supermarket,120 Whitehorse Lane,South Norwood,London,Sainsbury's,Retailers - supermarkets/hypermarkets,7840,0,,6555,02285/0120/0/200,507,food.safety@croydon.gov.uk,Croydon,http://www.croydon.gov.uk,False,,SE25 6XB,2026-05-16T00:00:00,fhrs_5_en-gb,5,,FHRS,-0.0864029973745346,51.3991088867188,0.0,5.0,5.0,Sainsbury's,sainsbury's,"Sainsburys Supermarket, 120 Whitehorse Lane, South Norwood, SE25 6XB",NEEDS_CHECK,Sainsbury's store format unclear from FHRS record,SE256XB,1,YES,Insufficient information to determine bakery provision for this specific Sainsbury's Supermarket.,YES,There is evidence on the website of this store having a bakery department,GROCER_BAKERY
8 Purley Road,Purley,,,Tesco,Retailers - supermarkets/hypermarkets,7840,0,,6734,02460/0008/0/207,507,food.safety@croydon.gov.uk,Croydon,http://www.croydon.gov.uk,False,,CR8 2HA,2025-06-17T00:00:00,fhrs_5_en-gb,5,,FHRS,-0.11625300347805,51.338062286377,0.0,0.0,0.0,Tesco,tesco,"8 Purley Road, Purley, CR8 2HA",NEEDS_CHECK,Tesco store format unclear from FHRS record,CR82HA,1,YES,"Tesco Purley Road is a Tesco Extra, which typically includes a substantial bakery.",,,GROCER_BAKERY
Supermarket,99 - 101 London Road,Croydon,,Lidl Superstore,Retailers - supermarkets/hypermarkets,7840,0,,6987,02670/0099/0/201,507,food.safety@croydon.gov.uk,Croydon,http://www.croydon.gov.uk,False,,CR0 2RF,2017-11-17T00:00:00,fhrs_5_en-gb,5,,FHRS,-0.104585997760296,51.3796920776367,0.0,5.0,5.0,Lidl,lidl superstore,"Supermarket, 99 - 101 London Road, Croydon, CR0 2RF",AUTO_INCLUDE,Lidl supermarket with established bakery provision,CR02RF,1,YES,Official store page lists an in-store bakery.,,,GROCER_BAKERY
845 London Road,Thornton Heath,,,Lidl,Retailers - supermarkets/hypermarkets,7840,0,,7032,02671/0845/3/211,507,food.safety@croydon.gov.uk,Croydon,http://www.croydon.gov.uk,False,,CR7 6AW,2024-10-30T00:00:00,fhrs_5_en-gb,5,,FHRS,-0.114987000823021,51.3948135375977,0.0,5.0,0.0,Lidl,lidl,"845 London Road, Thornton Heath, CR7 6AW",AUTO_INCLUDE,Lidl supermarket with established bakery provision,CR76AW,1,YES,"Store offers a ""Fresh Bakery"" service.",,,GROCER_BAKERY
87 Limpsfield Road,South Croydon,,,Waitrose,Retailers - supermarkets/hypermarkets,7840,0,,10617,04/00252/COMM,507,food.safety@croydon.gov.uk,Croydon,http://www.croydon.gov.uk,False,,CR2 9LE,2026-03-16T00:00:00,fhrs_5_en-gb,5,,FHRS,-0.0755169987678528,51.3323669433594,0.0,5.0,0.0,Waitrose,waitrose,"87 Limpsfield Road, South Croydon, CR2 9LE",NEEDS_CHECK,Full Waitrose store: bakery provision to confirm,CR29LE,1,YES,Waitrose Sanderstead lists a bakery among its food counters and ranges.,,,GROCER_BAKERY
64 Westow Street,Upper Norwood,London,,Sainsbury's,Retailers - supermarkets/hypermarkets,7840,0,,18455,06/00133/COMM,507,food.safety@croydon.gov.uk,Croydon,http://www.croydon.gov.uk,False,,SE19 3AF,2024-12-03T00:00:00,fhrs_5_en-gb,5,,FHRS,-0.0826701,51.4176608,0.0,0.0,0.0,Sainsbury's,sainsbury's,"64 Westow Street, Upper Norwood, London, SE19 3AF",NEEDS_CHECK,Sainsbury's store format unclear from FHRS record,SE193AF,1,YES,Insufficient information to determine bakery provision for this specific Sainsbury's.,YES,There is evidence on the website of this store having a bakery department,GROCER_BAKERY
Supermarket,130 Addington Road,South Croydon,,Sainsbury's,Retailers - supermarkets/hypermarkets,7840,0,,29309,09/00071/COMM,507,food.safety@croydon.gov.uk,Croydon,http://www.croydon.gov.uk,False,,CR2 8LA,2023-11-22T00:00:00,fhrs_5_en-gb,5,,FHRS,-0.0632840022444725,51.3422966003418,0.0,0.0,0.0,Sainsbury's,sainsbury's,"Supermarket, 130 Addington Road, South Croydon, CR2 8LA",NEEDS_CHECK,Sainsbury's store format unclear from FHRS record,CR28LA,1,YES,"The Sainsbury's Selsdon store locator lists a ""Bakery"" under its ""Food to Go"" services.",,,GROCER_BAKERY
1 - 3 Suffolk House,George Street,Croydon,,Sainsbury's,Retailers - supermarkets/hypermarkets,7840,0,,293522,10/00442/COMM,507,food.safety@croydon.gov.uk,Croydon,http://www.croydon.gov.uk,False,,CR0 1PE,2017-11-07T00:00:00,fhrs_5_en-gb,5,,FHRS,-0.0962785,51.3739714,0.0,5.0,0.0,Sainsbury's,sainsbury's,"1 - 3 Suffolk House, George Street, Croydon, CR0 1PE",NEEDS_CHECK,Sainsbury's store format unclear from FHRS record,CR01PE,1,YES,"The Sainsbury's Croydon George Street Local store locator lists a ""Bakery"" under its ""Food to Go"" services.",,,GROCER_BAKERY
Lidl,68 - 74 Church Street,Croydon,,Lidl UK,Retailers - supermarkets/hypermarkets,7840,0,,293526,10/00567/COMM,507,food.safety@croydon.gov.uk,Croydon,http://www.croydon.gov.uk,False,,CR0 1RB,2023-09-25T00:00:00,fhrs_5_en-gb,5,,FHRS,-0.103110000491142,51.3736801147461,0.0,5.0,0.0,Lidl,lidl uk,"Lidl, 68 - 74 Church Street, Croydon, CR0 1RB",AUTO_INCLUDE,Lidl supermarket with established bakery provision,CR01RB,1,YES,Official store page lists an in-store bakery.,,,GROCER_BAKERY
Lidl Store,1 Parkway,Croydon,,Lidl,Retailers - supermarkets/hypermarkets,7840,0,,563370,12/00300/COMM,507,food.safety@croydon.gov.uk,Croydon,http://www.croydon.gov.uk,False,,CR0 0JA,2019-07-01T00:00:00,fhrs_5_en-gb,5,,FHRS,-0.0196712,51.3465233,5.0,5.0,0.0,Lidl,lidl,"Lidl Store, 1 Parkway, Croydon, CR0 0JA",AUTO_INCLUDE,Lidl supermarket with established bakery provision,CR00JA,1,YES,Official store page lists an in-store bakery.,,,GROCER_BAKERY
Sainsburys Local,59 High Street,Croydon,,Sainsbury's,Retailers - supermarkets/hypermarkets,7840,0,,859644,12/00247/COMM,507,food.safety@croydon.gov.uk,Croydon,http://www.croydon.gov.uk,False,,CR0 1QD,2017-11-07T00:00:00,fhrs_5_en-gb,5,,FHRS,-0.100102998316288,51.3720474243164,5.0,5.0,5.0,Sainsbury's,sainsbury's,"Sainsburys Local, 59 High Street, Croydon, CR0 1QD",NEEDS_CHECK,Sainsbury's store format unclear from FHRS record,CR01QD,1,YES,"The Sainsbury's Croydon High Street Local store locator lists a ""Bakery"" under its ""Food to Go"" services.",,,GROCER_BAKERY
Lidl Store,1 Hermitage Lane,Norbury,London,Lidl,Retailers - supermarkets/hypermarkets,7840,0,,859654,13/00141/COMM,507,food.safety@croydon.gov.uk,Croydon,http://www.croydon.gov.uk,False,,SW16 3LH,2025-07-18T00:00:00,fhrs_5_en-gb,5,,FHRS,-0.123242996633053,51.4147033691406,0.0,5.0,0.0,Lidl,lidl,"Lidl Store, 1 Hermitage Lane, Norbury, SW16 3LH",AUTO_INCLUDE,Lidl supermarket with established bakery provision,SW163LH,1,YES,Lidl stores typically have a substantial in-store bakery with fresh products.,,,GROCER_BAKERY
Sainsburys Supermarket,18 Addiscombe Road,Croydon,,Sainsbury's,Retailers - supermarkets/hypermarkets,7840,0,,859665,14/00035/COMM,507,food.safety@croydon.gov.uk,Croydon,http://www.croydon.gov.uk,False,,CR0 0XT,2026-05-09T00:00:00,fhrs_5_en-gb,5,,FHRS,-0.0911270007491112,51.3750762939453,0.0,5.0,0.0,Sainsbury's,sainsbury's,"Sainsburys Supermarket, 18 Addiscombe Road, Croydon, CR0 0XT",NEEDS_CHECK,Sainsbury's store format unclear from FHRS record,CR00XT,1,YES,Sainsbury's store page lists an in-store bakery.,,,GROCER_BAKERY
411 Beulah Hill,Upper Norwood,London,,Lidl,Retailers - supermarkets/hypermarkets,7840,0,,1159954,19/00321/COMM,507,food.safety@croydon.gov.uk,Croydon,http://www.croydon.gov.uk,False,,SE19 3UZ,2019-10-21T00:00:00,fhrs_5_en-gb,5,,FHRS,-0.102765999734402,51.4182472229004,0.0,0.0,5.0,Lidl,lidl,"411 Beulah Hill, Upper Norwood, London, SE19 3UZ",AUTO_INCLUDE,Lidl supermarket with established bakery provision,SE193UZ,1,YES,This Lidl location is specifically noted for its in-store bakery.,,,GROCER_BAKERY
119 - 123 Whitehorse Road,Croydon,,,Lidl,Retailers - supermarkets/hypermarkets,7840,0,,1172973,19/00361/COMM,507,food.safety@croydon.gov.uk,Croydon,http://www.croydon.gov.uk,False,,CR0 2LG,2021-06-22T00:00:00,fhrs_5_en-gb,5,,FHRS,-0.096797,51.3878018,0.0,0.0,5.0,Lidl,lidl,"119 - 123 Whitehorse Road, Croydon, CR0 2LG",AUTO_INCLUDE,Lidl supermarket with established bakery provision,CR02LG,1,YES,Official store page lists an in-store bakery.,,,GROCER_BAKERY
2 Trojan Way,Croydon,,,Lidl,Retailers - supermarkets/hypermarkets,7840,0,,1176079,19/00395/COMM,507,food.safety@croydon.gov.uk,Croydon,http://www.croydon.gov.uk,False,,CR0 4XL,2026-03-14T00:00:00,fhrs_4_en-gb,4,,FHRS,-0.1198053,51.3738296,10.0,0.0,5.0,Lidl,lidl,"2 Trojan Way, Croydon, CR0 4XL",AUTO_INCLUDE,Lidl supermarket with established bakery provision,CR04XL,1,YES,News article confirms the store includes a bakery.,,,GROCER_BAKERY
330 Purley Way,Croydon,,,Marks And Spencer Purley Way,Retailers - supermarkets/hypermarkets,7840,0,,1562718,22/00861/COMM,507,food.safety@croydon.gov.uk,Croydon,http://www.croydon.gov.uk,False,,CR0 4XJ,2024-01-13T00:00:00,fhrs_5_en-gb,5,,FHRS,-0.118979997932911,51.3720893859863,0.0,5.0,0.0,M&S,marks and spencer purley way,"330 Purley Way, Croydon, CR0 4XJ",NEEDS_CHECK,Larger M&S store: bakery provision to confirm,CR04XJ,1,YES,M&S Purley Way is a large food hall with an in-store bakery.,,,GROCER_BAKERY
183 Horn Lane,Acton,,,Sainsbury's,Retailers - supermarkets/hypermarkets,7840,0,,945853,PI000179063,509,foodsafety@ealing.gov.uk,Ealing,https://www.ealing.gov.uk/info/201150/food_hygiene_and_safety,False,,W3 6NR,2024-03-28T00:00:00,fhrs_5_en-gb,5,,FHRS,-0.2689512,51.5149463,0.0,5.0,0.0,Sainsbury's,sainsbury's,"183 Horn Lane, Acton, W3 6NR",NEEDS_CHECK,Sainsbury's store format unclear from FHRS record,W36NR,1,YES,"Sainsbury's Acton Horn Lane Local lists ""Bakery"" under its Food to Go services.",,,GROCER_BAKERY
142 Bollo Bridge Road,Acton,,,Sainsbury's,Retailers - supermarkets/hypermarkets,7840,0,,954702,CP00354,509,foodsafety@ealing.gov.uk,Ealing,https://www.ealing.gov.uk/info/201150/food_hygiene_and_safety,False,,W3 8YF,2024-02-29T00:00:00,fhrs_5_en-gb,5,,FHRS,-0.270971,51.5019549,0.0,5.0,5.0,Sainsbury's,sainsbury's,"142 Bollo Bridge Road, Acton, W3 8YF",NEEDS_CHECK,Sainsbury's store format unclear from FHRS record,W38YF,1,YES,"Sainsbury's London Acton Gardens Local lists ""Bakery"" under its Food to Go services.",,,GROCER_BAKERY
Unit C,Rehearsal House,3 Victoria Road,Acton,Sainsbury's,Retailers - supermarkets/hypermarkets,7840,0,,974715,PI000179030,509,foodsafety@ealing.gov.uk,Ealing,https://www.ealing.gov.uk/info/201150/food_hygiene_and_safety,False,,W3 6HU,2025-09-11T00:00:00,fhrs_4_en-gb,4,,FHRS,-0.2611743,51.5234912,0.0,10.0,0.0,Sainsbury's,sainsbury's,"Unit C, Rehearsal House, 3 Victoria Road, W3 6HU",NEEDS_CHECK,Sainsbury's store format unclear from FHRS record,W36HU,1,YES,"Sainsbury's North Acton Station Local lists ""Bakery"" under its Food to Go services.",,,GROCER_BAKERY
The Plough Inn,Mandeville Road,Northolt,,Sainsbury's,Retailers - supermarkets/hypermarkets,7840,0,,980724,PI000178953,509,foodsafety@ealing.gov.uk,Ealing,https://www.ealing.gov.uk/info/201150/food_hygiene_and_safety,False,,UB5 5HG,2025-08-14T00:00:00,fhrs_5_en-gb,5,,FHRS,,,0.0,5.0,0.0,Sainsbury's,sainsbury's,"The Plough Inn, Mandeville Road, Northolt, UB5 5HG",NEEDS_CHECK,Sainsbury's store format unclear from FHRS record,UB55HG,1,YES,"Sainsbury's Northolt Mandeville Road Local lists ""Bakery"" as a category for delivery and under its Food to Go services.",,,GROCER_BAKERY
Tesco Superstore,The Old Hoover Building,Western Avenue,Perivale,Tesco,Retailers - supermarkets/hypermarkets,7840,0,,1032298,PI000005387,509,foodsafety@ealing.gov.uk,Ealing,https://www.ealing.gov.uk/info/201150/food_hygiene_and_safety,False,,UB6 8DW,2025-01-06T00:00:00,fhrs_4_en-gb,4,,FHRS,-0.318743,51.533609,5.0,10.0,5.0,Tesco,tesco,"Tesco Superstore, The Old Hoover Building, Western Avenue, UB6 8DW",NEEDS_CHECK,Tesco store format unclear from FHRS record,UB68DW,1,YES,"Tesco Greenford Hoover Building Superstore explicitly lists ""Bakery"" under its food counters.",,,GROCER_BAKERY
Waitrose,2 Alexandria Road,West Ealing,,Waitrose,Retailers - supermarkets/hypermarkets,7840,0,,1032735,PI000109063,509,foodsafety@ealing.gov.uk,Ealing,https://www.ealing.gov.uk/info/201150/food_hygiene_and_safety,False,,W13 0NL,2025-01-28T00:00:00,fhrs_5_en-gb,5,,FHRS,-0.321416,51.513055,5.0,5.0,5.0,Waitrose,waitrose,"Waitrose, 2 Alexandria Road, West Ealing, W13 0NL",NEEDS_CHECK,Full Waitrose store: bakery provision to confirm,W130NL,1,YES,Waitrose West Ealing lists a bakery department and made-in-branch baguettes.,,,GROCER_BAKERY
69 - 79 Ealing Broadway Centre,The Broadway,Ealing,,Marks & Spencer,Retailers - supermarkets/hypermarkets,7840,0,,1032884,PI000124656,509,foodsafety@ealing.gov.uk,Ealing,https://www.ealing.gov.uk/info/201150/food_hygiene_and_safety,False,,W5 5JW,2025-02-18T00:00:00,fhrs_5_en-gb,5,,FHRS,-0.303973,51.5130207,5.0,5.0,0.0,M&S,marks & spencer,"69 - 79 Ealing Broadway Centre, The Broadway, Ealing, W5 5JW",NEEDS_CHECK,Larger M&S store: bakery provision to confirm,W55JW,1,YES,M&S Ealing Broadway has an in-store bakery and sells fresh bread.,,,GROCER_BAKERY
30 - 33 The Broadway,Ealing,,,Sainsbury's,Retailers - supermarkets/hypermarkets,7840,0,,1032892,PI000126311,509,foodsafety@ealing.gov.uk,Ealing,https://www.ealing.gov.uk/info/201150/food_hygiene_and_safety,False,,W5 2NP,2024-02-21T00:00:00,fhrs_5_en-gb,5,,FHRS,-0.3024178,51.5141493,0.0,5.0,0.0,Sainsbury's,sainsbury's,"30 - 33 The Broadway, Ealing, W5 2NP",NEEDS_CHECK,Sainsbury's store format unclear from FHRS record,W52NP,1,YES,"Sainsbury's Ealing Broadway Local lists a bakery in its ""Food to Go"" section.",,,GROCER_BAKERY
31 The Vale,Acton,,,Tesco,Retailers - supermarkets/hypermarkets,7840,0,,1032895,PI000126401,509,foodsafety@ealing.gov.uk,Ealing,https://www.ealing.gov.uk/info/201150/food_hygiene_and_safety,False,,W3 7RR,2025-01-21T00:00:00,fhrs_5_en-gb,5,,FHRS,-0.249754,51.50646,0.0,5.0,0.0,Tesco,tesco,"31 The Vale, Acton, W3 7RR",NEEDS_CHECK,Tesco store format unclear from FHRS record,W37RR,1,YES,Tesco Acton Superstore is a large format supermarket.,,,GROCER_BAKERY
Morrisons,King Street,Acton,,Morrisons,Retailers - supermarkets/hypermarkets,7840,0,,1033068,PI000139200,509,foodsafety@ealing.gov.uk,Ealing,https://www.ealing.gov.uk/info/201150/food_hygiene_and_safety,False,,W3 9LA,2025-08-14T00:00:00,fhrs_4_en-gb,4,,FHRS,-0.272913,51.507927,5.0,10.0,5.0,Morrisons,morrisons,"Morrisons, King Street, Acton, W3 9LA",AUTO_INCLUDE,Full-format Morrisons supermarket,W39LA,1,YES,"Morrisons store locator lists ""Bakery"" as an in-store service.",,,GROCER_BAKERY
Sainsbury Supermarket,Melbourne Avenue,West Ealing,,Sainsbury's,Retailers - supermarkets/hypermarkets,7840,0,,1033128,PI000143910,509,foodsafety@ealing.gov.uk,Ealing,https://www.ealing.gov.uk/info/201150/food_hygiene_and_safety,False,,W13 9BZ,2025-04-29T00:00:00,fhrs_5_en-gb,5,,FHRS,-0.325079,51.509466,0.0,0.0,0.0,Sainsbury's,sainsbury's,"Sainsbury Supermarket, Melbourne Avenue, West Ealing, W13 9BZ",NEEDS_CHECK,Sainsbury's store format unclear from FHRS record,W139BZ,1,YES,Sainsbury's West Ealing is a Superstore and offers a wide range of groceries.,,,GROCER_BAKERY
2 - 20 Western Road,Park Royal,,,Asda,Retailers - supermarkets/hypermarkets,7840,0,,1033249,PI000162281,509,foodsafety@ealing.gov.uk,Ealing,https://www.ealing.gov.uk/info/201150/food_hygiene_and_safety,False,,NW10 7LW,2025-07-23T00:00:00,fhrs_5_en-gb,5,,FHRS,-0.2701297,51.5287223,0.0,5.0,0.0,Asda,asda,"2 - 20 Western Road, Park Royal, NW10 7LW",NEEDS_CHECK,Asda store format unclear from FHRS record,NW107LW,1,YES,Asda Park Royal is a Superstore and its website mentions an in-store bakery.,,,GROCER_BAKERY
Unit 3,The Arcadia Centre,The Broadway,Ealing,Morrisons,Retailers - supermarkets/hypermarkets,7840,0,,1033557,PI000172923,509,foodsafety@ealing.gov.uk,Ealing,https://www.ealing.gov.uk/info/201150/food_hygiene_and_safety,False,,W5 2ND,2025-05-07T00:00:00,fhrs_5_en-gb,5,,FHRS,-0.303985,51.514019,0.0,0.0,0.0,Morrisons,morrisons,"Unit 3, The Arcadia Centre, The Broadway, W5 2ND",AUTO_INCLUDE,Full-format Morrisons supermarket,W52ND,1,YES,"Morrisons store locator lists ""Bakery"" as an in-store service.",,,GROCER_BAKERY
461 Ruislip Road,Northolt,,,Lidl,Retailers - supermarkets/hypermarkets,7840,0,,1108942,CP01580,509,foodsafety@ealing.gov.uk,Ealing,https://www.ealing.gov.uk/info/201150/food_hygiene_and_safety,False,,UB5 6ZD,2024-08-05T00:00:00,fhrs_5_en-gb,5,,FHRS,-0.3896404,51.5345865,0.0,5.0,0.0,Lidl,lidl,"461 Ruislip Road, Northolt, UB5 6ZD",AUTO_INCLUDE,Lidl supermarket with established bakery provision,UB56ZD,1,YES,Lidl stores generally feature an in-store bakery with a substantial range of products.,,,GROCER_BAKERY
Unit 4,The Oaks Shopping Centre,High Street,Acton,Lidl,Retailers - supermarkets/hypermarkets,7840,0,,1108943,CP01581,509,foodsafety@ealing.gov.uk,Ealing,https://www.ealing.gov.uk/info/201150/food_hygiene_and_safety,False,,W3 6RE,2026-01-07T00:00:00,fhrs_5_en-gb,5,,FHRS,-0.2695807,51.5074648,5.0,5.0,5.0,Lidl,lidl,"Unit 4, The Oaks Shopping Centre, High Street, W3 6RE",AUTO_INCLUDE,Lidl supermarket with established bakery provision,W36RE,1,YES,Insufficient information to confirm substantial bakery provision for this specific Lidl location.,YES,Image evidence of bakery provision,GROCER_BAKERY
63 - 65 Broadway,West Ealing,,,Lidl,Retailers - supermarkets/hypermarkets,7840,0,,1108944,CP01582,509,foodsafety@ealing.gov.uk,Ealing,https://www.ealing.gov.uk/info/201150/food_hygiene_and_safety,False,,W13 9BP,2024-12-20T00:00:00,fhrs_5_en-gb,5,,FHRS,-0.3243092,51.5098508,0.0,5.0,0.0,Lidl,lidl,"63 - 65 Broadway, West Ealing, W13 9BP",AUTO_INCLUDE,Lidl supermarket with established bakery provision,W139BP,1,YES,Insufficient information to confirm substantial bakery provision for this specific Lidl location.,YES,Image evidence of bakery provision,GROCER_BAKERY
Macmillan Court,309 Ruislip Road East,Greenford,,Lidl,Retailers - supermarkets/hypermarkets,7840,0,,1108946,CP01584,509,foodsafety@ealing.gov.uk,Ealing,https://www.ealing.gov.uk/info/201150/food_hygiene_and_safety,False,,UB6 9FH,2025-11-14T00:00:00,fhrs_5_en-gb,5,,FHRS,-0.350641,51.527057,0.0,0.0,0.0,Lidl,lidl,"Macmillan Court, 309 Ruislip Road East, Greenford, UB6 9FH",AUTO_INCLUDE,Lidl supermarket with established bakery provision,UB69FH,1,YES,Lidl stores generally feature an in-store bakery with a substantial range of products.,,,GROCER_BAKERY
Unit 4,Westway Cross Retail Park,1000 Greenford Road,Greenford,Lidl,Retailers - supermarkets/hypermarkets,7840,0,,1108947,CP01585,509,foodsafety@ealing.gov.uk,Ealing,https://www.ealing.gov.uk/info/201150/food_hygiene_and_safety,False,,UB6 0UW,2024-08-08T00:00:00,fhrs_5_en-gb,5,,FHRS,-0.340278,51.5419019,0.0,5.0,5.0,Lidl,lidl,"Unit 4, Westway Cross Retail Park, 1000 Greenford Road, UB6 0UW",AUTO_INCLUDE,Lidl supermarket with established bakery provision,UB60UW,1,YES,Lidl stores generally feature an in-store bakery with a substantial range of products.,,,GROCER_BAKERY
23 Old Oak Common Lane,Acton,,,Lidl,Retailers - supermarkets/hypermarkets,7840,0,,1582816,CP03853,509,foodsafety@ealing.gov.uk,Ealing,https://www.ealing.gov.uk/info/201150/food_hygiene_and_safety,False,,W3 7BA,2025-12-15T00:00:00,fhrs_5_en-gb,5,,FHRS,-0.2479845,51.530615,0.0,5.0,0.0,Lidl,lidl,"23 Old Oak Common Lane, Acton, W3 7BA",AUTO_INCLUDE,Lidl supermarket with established bakery provision,W37BA,1,YES,Insufficient information to confirm substantial bakery provision for this specific Lidl location.,YES,Image evidence of bakery provision,GROCER_BAKERY
144 - 156 Uxbridge Road,Hanwell,Ealing,,Sainsburys,Retailers - supermarkets/hypermarkets,7840,0,,1590928,CP02544,509,foodsafety@ealing.gov.uk,Ealing,https://www.ealing.gov.uk/info/201150/food_hygiene_and_safety,False,,W7 3TB,2025-01-16T00:00:00,fhrs_5_en-gb,5,,FHRS,-0.3392876,51.5085081,0.0,5.0,0.0,Sainsbury's,sainsburys,"144 - 156 Uxbridge Road, Hanwell, Ealing, W7 3TB",NEEDS_CHECK,Sainsbury's store format unclear from FHRS record,W73TB,1,YES,"Sainsbury's Hanwell Local lists ""Bakery"" under its food to go options, indicating substantial provision.",,,GROCER_BAKERY
Department Store,90 - 94 Broadway,West Ealing,,Lidl,Retailers - supermarkets/hypermarkets,7840,0,,1802874,CP04930,509,foodsafety@ealing.gov.uk,Ealing,https://www.ealing.gov.uk/info/201150/food_hygiene_and_safety,False,,W13 0SY,2026-02-11T00:00:00,fhrs_5_en-gb,5,,FHRS,-0.3247777,51.510433,0.0,5.0,0.0,Lidl,lidl,"Department Store, 90 - 94 Broadway, West Ealing, W13 0SY",AUTO_INCLUDE,Lidl supermarket with established bakery provision,W130SY,1,YES,This Lidl location explicitly lists an in-store bakery as a facility.,,,GROCER_BAKERY
90 - 94 Uxbridge Road,Hanwell,,,Lidl,Retailers - supermarkets/hypermarkets,7840,0,,1900093,CP05777,509,foodsafety@ealing.gov.uk,Ealing,https://www.ealing.gov.uk/info/201150/food_hygiene_and_safety,False,,W7 3SU,1901-01-01T00:00:00,fhrs_awaitinginspection_en-gb,AwaitingInspection,,FHRS,-0.3362499,51.5080334,,,,Lidl,lidl,"90 - 94 Uxbridge Road, Hanwell, W7 3SU",AUTO_INCLUDE,Lidl supermarket with established bakery provision,W73SU,1,YES,This Lidl location has an expanded in-store bakery following a recent refurbishment.,,,GROCER_BAKERY
Morrisons Supermarket And Car Park,Aldermans Hill,LONDON,,Wm Morrison Supermarkets Limited,Retailers - supermarkets/hypermarkets,7840,0,,316031,PI/000001801,510,environmental.health@enfield.gov.uk,Enfield,http://www.enfield.gov.uk/,False,,N13 4YD,2026-05-07T00:00:00,fhrs_5_en-gb,5,,FHRS,-0.109965,51.617811,0.0,0.0,0.0,Morrisons,wm morrison supermarkets limited,"Morrisons Supermarket And Car Park, Aldermans Hill, LONDON, N13 4YD",AUTO_INCLUDE,Full-format Morrisons supermarket,N134YD,1,YES,Insufficient information to confirm substantial bakery provision for this specific Morrisons location.,YES,There is evidence online of the palmers green store having a bakery,GROCER_BAKERY
130 Chase Side,LONDON,,,Asda,Retailers - supermarkets/hypermarkets,7840,0,,316237,PI/000025912,510,environmental.health@enfield.gov.uk,Enfield,http://www.enfield.gov.uk/,False,,N14 5PW,2025-07-10T00:00:00,fhrs_5_en-gb,5,,FHRS,-0.131245,51.634275,0.0,5.0,0.0,Asda,asda,"130 Chase Side, LONDON, N14 5PW",NEEDS_CHECK,Asda store format unclear from FHRS record,N145PW,2,YES,"This Asda is a Supercentre, which typically includes substantial bakery provision.",,,GROCER_BAKERY
3 Crown Road,ENFIELD,,,Sainsbury's,Retailers - supermarkets/hypermarkets,7840,0,,316346,PI/000035042,510,environmental.health@enfield.gov.uk,Enfield,http://www.enfield.gov.uk/,False,,EN1 1TH,2025-07-29T00:00:00,fhrs_5_en-gb,5,,FHRS,-0.05287,51.652731,5.0,5.0,0.0,Sainsbury's,sainsbury's,"3 Crown Road, ENFIELD, EN1 1TH",NEEDS_CHECK,Sainsbury's store format unclear from FHRS record,EN11TH,2,YES,"This Sainsbury's is identified as a Superstore, which typically includes substantial bakery provision.",,,GROCER_BAKERY
1 Glover Drive,LONDON,,,Tesco,Retailers - supermarkets/hypermarkets,7840,0,,316483,PI/000050616,510,environmental.health@enfield.gov.uk,Enfield,http://www.enfield.gov.uk/,False,,N18 3HF,2025-06-16T00:00:00,fhrs_5_en-gb,5,,FHRS,-0.046845,51.608244,5.0,5.0,5.0,Tesco,tesco,"1 Glover Drive, LONDON, N18 3HF",NEEDS_CHECK,Tesco store format unclear from FHRS record,N183HF,1,YES,"The search results identify this as a Tesco Extra, but there is no specific mention of bakery provision.",YES,There is evidence on the website of this store of a bakery existing,GROCER_BAKERY
681 Green Lanes,LONDON,,,Sainsbury's,Retailers - supermarkets/hypermarkets,7840,0,,316518,PI/000053712,510,environmental.health@enfield.gov.uk,Enfield,http://www.enfield.gov.uk/,False,,N21 3RS,2025-03-14T00:00:00,fhrs_5_en-gb,5,,FHRS,-0.097126,51.630517,5.0,5.0,5.0,Sainsbury's,sainsbury's,"681 Green Lanes, LONDON, N21 3RS",NEEDS_CHECK,Sainsbury's store format unclear from FHRS record,N213RS,2,YES,"This Sainsbury's is a Superstore and its store locator page explicitly lists ""Bakery"" under food to go.",,,GROCER_BAKERY
288 High Street,ENFIELD,,,Tesco Extra,Retailers - supermarkets/hypermarkets,7840,0,,316722,PI/000062898,510,environmental.health@enfield.gov.uk,Enfield,http://www.enfield.gov.uk/,False,,EN3 4DP,2025-06-11T00:00:00,fhrs_4_en-gb,4,,FHRS,-0.047376,51.648027,5.0,10.0,0.0,Tesco,tesco extra,"288 High Street, ENFIELD, EN3 4DP",AUTO_INCLUDE,Large Tesco supermarket format,EN34DP,1,YES,Tesco Extra stores typically have a bakery counter.,,,GROCER_BAKERY
54 Palace Gardens,ENFIELD,,,Marks & Spencer,Retailers - supermarkets/hypermarkets,7840,0,,316946,PI/000092457,510,environmental.health@enfield.gov.uk,Enfield,http://www.enfield.gov.uk/,False,,EN2 6SN,2026-06-05T00:00:00,fhrs_4_en-gb,4,,FHRS,-0.083492,51.651284,5.0,10.0,5.0,M&S,marks & spencer,"54 Palace Gardens, ENFIELD, EN2 6SN",NEEDS_CHECK,Larger M&S store: bakery provision to confirm,EN26SN,1,YES,M&S Enfield is a larger store offering a food and wine section.,,,GROCER_BAKERY
8-12 Palace Gardens,ENFIELD,,,Waitrose,Retailers - supermarkets/hypermarkets,7840,0,,316948,PI/000092461,510,environmental.health@enfield.gov.uk,Enfield,http://www.enfield.gov.uk/,False,,EN2 6SN,2026-06-24T00:00:00,fhrs_5_en-gb,5,,FHRS,-0.083492,51.651284,0.0,5.0,5.0,Waitrose,waitrose,"8-12 Palace Gardens, ENFIELD, EN2 6SN",NEEDS_CHECK,Full Waitrose store: bakery provision to confirm,EN26SN,1,YES,"Waitrose Enfield offers ""Made-in-branch baguettes"" and is a supermarket format.",,,GROCER_BAKERY
Supermarket,Savoy Parade,Southbury Road,ENFIELD,Tesco,Retailers - supermarkets/hypermarkets,7840,0,,317042,PI/000105930,510,environmental.health@enfield.gov.uk,Enfield,http://www.enfield.gov.uk/,False,,EN1 1RT,2024-08-30T00:00:00,fhrs_4_en-gb,4,,FHRS,-0.076197,51.652171,0.0,10.0,5.0,Tesco,tesco,"Supermarket, Savoy Parade, Southbury Road, EN1 1RT",NEEDS_CHECK,Tesco store format unclear from FHRS record,EN11RT,1,YES,This Tesco is identified as a Superstore and its facilities include a bakery.,,,GROCER_BAKERY
327 Southbury Road,ENFIELD,,,Wm Morrison Supermarkets Ltd,Retailers - supermarkets/hypermarkets,7840,0,,317077,PI/000109974,510,environmental.health@enfield.gov.uk,Enfield,http://www.enfield.gov.uk/,False,,EN1 1TW,2025-11-25T00:00:00,fhrs_5_en-gb,5,,FHRS,-0.057127,51.647487,5.0,5.0,5.0,Morrisons,wm morrison supermarkets ltd,"327 Southbury Road, ENFIELD, EN1 1TW",AUTO_INCLUDE,Full-format Morrisons supermarket,EN11TW,2,YES,Morrisons Enfield store details confirm an in-store bakery.,,,GROCER_BAKERY
6-16 Sterling Way,LONDON,,,Lidl,Retailers - supermarkets/hypermarkets,7840,0,,317485,PI/000145232,510,environmental.health@enfield.gov.uk,Enfield,http://www.enfield.gov.uk/,False,,N18 2XZ,1901-01-01T00:00:00,fhrs_awaitinginspection_en-gb,AwaitingInspection,,FHRS,-0.0652048,51.6142751,,,,Lidl,lidl,"6-16 Sterling Way, LONDON, N18 2XZ",AUTO_INCLUDE,Lidl supermarket with established bakery provision,N182XZ,1,YES,Lidl Sterling Way lists an in-store bakery.,,,GROCER_BAKERY
107 Cecil Road,ENFIELD,,,Lidl,Retailers - supermarkets/hypermarkets,7840,0,,317649,PI/000159333,510,environmental.health@enfield.gov.uk,Enfield,http://www.enfield.gov.uk/,False,,EN2 6TR,2026-01-15T00:00:00,fhrs_4_en-gb,4,,FHRS,-0.080486,51.650218,0.0,5.0,10.0,Lidl,lidl,"107 Cecil Road, ENFIELD, EN2 6TR",AUTO_INCLUDE,Lidl supermarket with established bakery provision,EN26TR,1,YES,Lidl Enfield Town at Cecil Road offers a fresh bakery.,,,GROCER_BAKERY
21-27 The Concourse,LONDON,,,Lidl,Retailers - supermarkets/hypermarkets,7840,0,,317654,PI/000160107,510,environmental.health@enfield.gov.uk,Enfield,http://www.enfield.gov.uk/,False,,N9 0TY,2025-12-07T00:00:00,fhrs_2_en-gb,2,,FHRS,-0.0593763,51.6245914,5.0,15.0,10.0,Lidl,lidl,"21-27 The Concourse, LONDON, N9 0TY",AUTO_INCLUDE,Lidl supermarket with established bakery provision,N90TY,1,YES,"Lidl at 23-25 The Concourse, Plevna Road, N9 0TY, offers a bakeshop.",,,GROCER_BAKERY
1 West Mall,LONDON,,,Asda,Retailers - supermarkets/hypermarkets,7840,0,,317838,PI/000165796,510,environmental.health@enfield.gov.uk,Enfield,http://www.enfield.gov.uk/,False,,N9 0AL,2026-04-21T00:00:00,fhrs_5_en-gb,5,,FHRS,-0.059583,51.623149,,,,Asda,asda,"1 West Mall, LONDON, N9 0AL",NEEDS_CHECK,Asda store format unclear from FHRS record,N90AL,2,YES,Asda Edmonton Green is a Superstore offering a wide range of bakery products.,,,GROCER_BAKERY
Unit 4,67 High Street,ENFIELD,,Asda,Retailers - supermarkets/hypermarkets,7840,0,,747403,PI/000178580,510,environmental.health@enfield.gov.uk,Enfield,http://www.enfield.gov.uk/,False,,EN3 4EF,2025-02-13T00:00:00,fhrs_4_en-gb,4,,FHRS,-0.046979,51.641456,0.0,10.0,5.0,Asda,asda,"Unit 4, 67 High Street, ENFIELD, EN3 4EF",NEEDS_CHECK,Asda store format unclear from FHRS record,EN34EF,1,YES,Asda Ponders End is a large supermarket that likely has a substantial bakery provision.,,,GROCER_BAKERY
70 Lancaster Road,ENFIELD,,,Sainsbury's,Retailers - supermarkets/hypermarkets,7840,0,,866203,PI/000160084,510,environmental.health@enfield.gov.uk,Enfield,http://www.enfield.gov.uk/,False,,EN2 0BX,1901-01-01T00:00:00,fhrs_awaitinginspection_en-gb,AwaitingInspection,,FHRS,-0.080908,51.663839,,,,Sainsbury's,sainsbury's,"70 Lancaster Road, ENFIELD, EN2 0BX",NEEDS_CHECK,Sainsbury's store format unclear from FHRS record,EN20BX,1,YES,"Sainsbury's at 70 Lancaster Road is a Sainsbury's Local that explicitly lists ""Bakery"" under its Food to Go services.",,,GROCER_BAKERY
38-42 Windmill Hill,ENFIELD,,,Waitrose,Retailers - supermarkets/hypermarkets,7840,0,,972250,PI/000182556,510,environmental.health@enfield.gov.uk,Enfield,http://www.enfield.gov.uk/,False,,EN2 7AS,1901-01-01T00:00:00,fhrs_awaitinginspection_en-gb,AwaitingInspection,,FHRS,,,,,,Waitrose,waitrose,"38-42 Windmill Hill, ENFIELD, EN2 7AS",NEEDS_CHECK,Full Waitrose store: bakery provision to confirm,EN27AS,1,YES,"Waitrose at 38-42 Windmill Hill is a ""Little Waitrose"" but its services include a ""Bakery"" counter.",,,GROCER_BAKERY
889 Green Lanes,LONDON,,,Waitrose,Retailers - supermarkets/hypermarkets,7840,0,,1030258,PI/000179681,510,environmental.health@enfield.gov.uk,Enfield,http://www.enfield.gov.uk/,False,,N21 2QP,2026-06-24T00:00:00,fhrs_5_en-gb,5,,FHRS,-0.0932520031929016,51.6353645324707,0.0,5.0,0.0,Waitrose,waitrose,"889 Green Lanes, LONDON, N21 2QP",NEEDS_CHECK,Full Waitrose store: bakery provision to confirm,N212QP,1,YES,"Waitrose at 889 Green Lanes explicitly lists ""Bakery"" under its food counters & ranges.",,,GROCER_BAKERY
654-658 Hertford Road,ENFIELD,,,Lidl,Retailers - supermarkets/hypermarkets,7840,0,,1030259,PI/000181472,510,environmental.health@enfield.gov.uk,Enfield,http://www.enfield.gov.uk/,False,,EN3 6LZ,1901-01-01T00:00:00,fhrs_awaitinginspection_en-gb,AwaitingInspection,,FHRS,-0.0413444,51.6719358,,,,Lidl,lidl,"654-658 Hertford Road, ENFIELD, EN3 6LZ",AUTO_INCLUDE,Lidl supermarket with established bakery provision,EN36LZ,1,YES,"While Lidl Hertford Road is a supermarket, specific bakery provision is not explicitly mentioned.",YES,Image evidence of bakery provision,GROCER_BAKERY
Asda Bugsbys Way,,Charlton,Greenwich,Asda Superstore,Retailers - supermarkets/hypermarkets,7840,0,,694145,PI/000023313,511,Food.Concerns@royalgreenwich.gov.uk,Greenwich,http://www.royalgreenwich.gov.uk,False,,SE7 7ST,2025-05-13T00:00:00,fhrs_5_en-gb,5,,FHRS,0.0235728,51.4896343,0.0,0.0,0.0,Asda,asda superstore,"Asda Bugsbys Way, Charlton, SE7 7ST",AUTO_INCLUDE,Large Asda supermarket format,SE77ST,1,YES,"Asda Charlton is a superstore format, which typically includes substantial bakery provision.",,,GROCER_BAKERY
25 Calderwood Street,,Woolwich,Greenwich,Sainsbury's,Retailers - supermarkets/hypermarkets,7840,0,,694162,PI/000025965,511,Food.Concerns@royalgreenwich.gov.uk,Greenwich,http://www.royalgreenwich.gov.uk,False,,SE18 6QW,2024-08-14T00:00:00,fhrs_5_en-gb,5,,FHRS,0.0646784,51.4911007,0.0,0.0,0.0,Sainsbury's,sainsbury's,"25 Calderwood Street, Woolwich, SE18 6QW",NEEDS_CHECK,Sainsbury's store format unclear from FHRS record,SE186QW,1,YES,Sainsbury's Woolwich is a superstore with an in-store bakery.,,,GROCER_BAKERY
115 - 123 Eltham High Street,,Eltham,Greenwich,Marks & Spencer,Retailers - supermarkets/hypermarkets,7840,0,,694271,PI/000051936,511,Food.Concerns@royalgreenwich.gov.uk,Greenwich,http://www.royalgreenwich.gov.uk,False,,SE9 1TQ,2026-03-21T00:00:00,fhrs_5_en-gb,5,,FHRS,0.0550438,51.4510921,0.0,5.0,0.0,M&S,marks & spencer,"115 - 123 Eltham High Street, Eltham, SE9 1TQ",NEEDS_CHECK,Larger M&S store: bakery provision to confirm,SE91TQ,1,YES,M&S Eltham High Street is a Foodhall with an in-store bakery and a wide range of bakery products.,,,GROCER_BAKERY
1B Eynsham Drive,,Abbey Wood,Greenwich,Lidl,Retailers - supermarkets/hypermarkets,7840,0,,694307,PI/000054542,511,Food.Concerns@royalgreenwich.gov.uk,Greenwich,http://www.royalgreenwich.gov.uk,False,,SE2 9RQ,2026-07-02T00:00:00,fhrs_5_en-gb,5,,FHRS,0.1186586,51.4959915,0.0,5.0,0.0,Lidl,lidl,"1B Eynsham Drive, Abbey Wood, SE2 9RQ",AUTO_INCLUDE,Lidl supermarket with established bakery provision,SE29RQ,1,YES,Lidl Eynsham Drive lists an in-store bakery.,,,GROCER_BAKERY
1 Macbean Street,,Woolwich,Greenwich,Lidl,Retailers - supermarkets/hypermarkets,7840,0,,694512,PI/000095054,511,Food.Concerns@royalgreenwich.gov.uk,Greenwich,http://www.royalgreenwich.gov.uk,False,,SE18 6LW,2026-02-28T00:00:00,fhrs_5_en-gb,5,,FHRS,0.0658173,51.4927833,0.0,0.0,0.0,Lidl,lidl,"1 Macbean Street, Woolwich, SE18 6LW",AUTO_INCLUDE,Lidl supermarket with established bakery provision,SE186LW,1,YES,"The exact Lidl branch at 1 Macbean Street, Woolwich, SE18 6LW could not be confidently identified with specific bakery details.",YES,Image evidence of bakery provision,GROCER_BAKERY
5 Twin Tumps Way,,Thamesmead,Greenwich,Morrisons,Retailers - supermarkets/hypermarkets,7840,0,,694821,PI/000150644,511,Food.Concerns@royalgreenwich.gov.uk,Greenwich,http://www.royalgreenwich.gov.uk,False,,SE28 8RD,2026-03-02T00:00:00,fhrs_5_en-gb,5,,FHRS,0.103074997663498,51.5061416625977,0.0,0.0,0.0,Morrisons,morrisons,"5 Twin Tumps Way, Thamesmead, SE28 8RD",AUTO_INCLUDE,Full-format Morrisons supermarket,SE288RD,2,YES,Morrisons Thamesmead is a supermarket with typical full-size store offerings.,,,GROCER_BAKERY
17 Stratheden Parade,,Blackheath,Greenwich,Marks & Spencer Simply Foods,Retailers - supermarkets/hypermarkets,7840,0,,695060,PI/000174625,511,Food.Concerns@royalgreenwich.gov.uk,Greenwich,http://www.royalgreenwich.gov.uk,False,,SE3 7SX,2024-10-22T00:00:00,fhrs_5_en-gb,5,,FHRS,0.0201653,51.4767032,0.0,0.0,0.0,M&S,marks & spencer simply foods,"17 Stratheden Parade, Blackheath, SE3 7SX",NEEDS_CHECK,Larger M&S store: bakery provision to confirm,SE37SX,1,YES,"M&S Simply Food in Blackheath lists ""Bakery"" as one of its departments.",,,GROCER_BAKERY
1 Victoria Parade,,Greenwich,,Waitrose,Retailers - supermarkets/hypermarkets,7840,0,,695490,PI/000186768,511,Food.Concerns@royalgreenwich.gov.uk,Greenwich,http://www.royalgreenwich.gov.uk,False,,SE10 9FR,2025-08-29T00:00:00,fhrs_5_en-gb,5,,FHRS,-0.0160386,51.4822771,0.0,0.0,0.0,Waitrose,waitrose,"1 Victoria Parade, Greenwich, SE10 9FR",NEEDS_CHECK,Full Waitrose store: bakery provision to confirm,SE109FR,1,YES,Waitrose Greenwich lists a bakery department on its official store page.,,,GROCER_BAKERY
7 - 11 Charlton Riverside Place Gallions Road,,Charlton,Greenwich,Sainsbury's,Retailers - supermarkets/hypermarkets,7840,0,,773032,PI/000196985,511,Food.Concerns@royalgreenwich.gov.uk,Greenwich,http://www.royalgreenwich.gov.uk,False,,SE7 7FA,2025-11-07T00:00:00,fhrs_4_en-gb,4,,FHRS,0.0261077,51.4888643,0.0,10.0,0.0,Sainsbury's,sainsbury's,"7 - 11 Charlton Riverside Place Gallions Road, Charlton, SE7 7FA",NEEDS_CHECK,Sainsbury's store format unclear from FHRS record,SE77FA,1,YES,"Sainsbury's Charlton Riverside Superstore lists a ""Bakery"" under its food to go options.",,,GROCER_BAKERY
1 - 5 Charlton Riverside Place Gallions Road,,Charlton,Greenwich,Marks & Spencer,Retailers - supermarkets/hypermarkets,7840,0,,778695,PI/000197962,511,Food.Concerns@royalgreenwich.gov.uk,Greenwich,http://www.royalgreenwich.gov.uk,False,,SE7 7FA,2025-11-17T00:00:00,fhrs_5_en-gb,5,,FHRS,0.026298,51.4877589,0.0,0.0,0.0,M&S,marks & spencer,"1 - 5 Charlton Riverside Place Gallions Road, Charlton, SE7 7FA",NEEDS_CHECK,Larger M&S store: bakery provision to confirm,SE77FA,1,YES,Official store page lists a bakery department.,,,GROCER_BAKERY
12 - 14 Creek Road,,Deptford,Greenwich,Sainsbury's,Retailers - supermarkets/hypermarkets,7840,0,,812230,PI/000185286,511,Food.Concerns@royalgreenwich.gov.uk,Greenwich,http://www.royalgreenwich.gov.uk,False,,SE8 3BN,2024-10-15T00:00:00,fhrs_5_en-gb,5,,FHRS,-0.0212873,51.480792,0.0,5.0,0.0,Sainsbury's,sainsbury's,"12 - 14 Creek Road, Deptford, SE8 3BN",NEEDS_CHECK,Sainsbury's store format unclear from FHRS record,SE83BN,1,YES,Sainsbury's store locator and other sources confirm a bakery.,,,GROCER_BAKERY
Harrow Manorway,,Abbey Wood,Greenwich,Sainsbury's,Retailers - supermarkets/hypermarkets,7840,0,,812231,PI/000197123,511,Food.Concerns@royalgreenwich.gov.uk,Greenwich,http://www.royalgreenwich.gov.uk,False,,SE2 9SA,2025-03-25T00:00:00,fhrs_5_en-gb,5,,FHRS,,,0.0,5.0,0.0,Sainsbury's,sainsbury's,"Harrow Manorway, Abbey Wood, SE2 9SA",NEEDS_CHECK,Sainsbury's store format unclear from FHRS record,SE29SA,1,YES,Sainsbury's store locator confirms a bakery.,,,GROCER_BAKERY
1A Philipot Path,,Eltham,Greenwich,Sainsbury's,Retailers - supermarkets/hypermarkets,7840,0,,816918,PI/000114827,511,Food.Concerns@royalgreenwich.gov.uk,Greenwich,http://www.royalgreenwich.gov.uk,False,,SE9 5DL,2026-03-02T00:00:00,fhrs_5_en-gb,5,,FHRS,0.0574953,51.449916,0.0,5.0,5.0,Sainsbury's,sainsbury's,"1A Philipot Path, Eltham, SE9 5DL",NEEDS_CHECK,Sainsbury's store format unclear from FHRS record,SE95DL,1,YES,Sainsbury's store locator and other sources confirm a bakery.,,,GROCER_BAKERY
57 Greenwich Church Street,,Greenwich,,Marks & Spencer,Retailers - supermarkets/hypermarkets,7840,0,,940025,PI/000068030,511,Food.Concerns@royalgreenwich.gov.uk,Greenwich,http://www.royalgreenwich.gov.uk,False,,SE10 9BL,2024-02-21T00:00:00,fhrs_5_en-gb,5,,FHRS,-0.0103804,51.4820177,0.0,5.0,0.0,M&S,marks & spencer,"57 Greenwich Church Street, Greenwich, SE10 9BL",NEEDS_CHECK,Larger M&S store: bakery provision to confirm,SE109BL,1,YES,No specific bakery information found for this M&S Simply Food.,YES,There is evidence on the website of this store having a bakery department,GROCER_BAKERY
137 Eltham High Street,,Eltham,Greenwich,Lidl UK GMBH,Retailers - supermarkets/hypermarkets,7840,0,,951558,PI/000174545,511,Food.Concerns@royalgreenwich.gov.uk,Greenwich,http://www.royalgreenwich.gov.uk,False,,SE9 1TQ,2025-03-15T00:00:00,fhrs_5_en-gb,5,,FHRS,0.0558396,51.4511031,0.0,5.0,0.0,Lidl,lidl uk gmbh,"137 Eltham High Street, Eltham, SE9 1TQ",AUTO_INCLUDE,Lidl supermarket with established bakery provision,SE91TQ,1,YES,Lidl Eltham High Street lists an in-store bakery.,,,GROCER_BAKERY
13 Pegler Square,,Kidbrooke,Greenwich,Sainsbury's,Retailers - supermarkets/hypermarkets,7840,0,,1152318,12801,511,Food.Concerns@royalgreenwich.gov.uk,Greenwich,http://www.royalgreenwich.gov.uk,False,,SE3 9FW,2024-09-03T00:00:00,fhrs_5_en-gb,5,,FHRS,0.0287849726965169,51.4662549657169,0.0,0.0,0.0,Sainsbury's,sainsbury's,"13 Pegler Square, Kidbrooke, SE3 9FW",NEEDS_CHECK,Sainsbury's store format unclear from FHRS record,SE39FW,1,YES,Sainsbury's store locator confirms a bakery.,,,GROCER_BAKERY
70 - 72 Banning Street,,Greenwich,,Sainsbury's,Retailers - supermarkets/hypermarkets,7840,0,,1269016,13661,511,Food.Concerns@royalgreenwich.gov.uk,Greenwich,http://www.royalgreenwich.gov.uk,False,,SE10 0NZ,2026-02-26T00:00:00,fhrs_5_en-gb,5,,FHRS,0.0041467,51.488348,5.0,0.0,0.0,Sainsbury's,sainsbury's,"70 - 72 Banning Street, Greenwich, SE10 0NZ",NEEDS_CHECK,Sainsbury's store format unclear from FHRS record,SE100NZ,1,YES,"Sainsbury's Local at 70-72 Banning Street, SE10 0NZ, lists ""Bakery"" as a product/service on its official store page and other directories.",,,GROCER_BAKERY
Flat 1 Ballard House Thames Street,,Greenwich,,Waitrose,Retailers - supermarkets/hypermarkets,7840,0,,1962419,18259,511,Food.Concerns@royalgreenwich.gov.uk,Greenwich,http://www.royalgreenwich.gov.uk,False,,SE10 9DD,1901-01-01T00:00:00,fhrs_awaitinginspection_en-gb,AwaitingInspection,,FHRS,-0.0143048,51.4821702,,,,Waitrose,waitrose,"Flat 1 Ballard House Thames Street, Greenwich, SE10 9DD",NEEDS_CHECK,Full Waitrose store: bakery provision to confirm,SE109DD,1,YES,The specific Waitrose branch at this address could not be confidently identified or verified for bakery provision.,YES,There is sufficient evidence of a bakery stand inside of the store,GROCER_BAKERY
,27-37 WELL STREET,Hackney,London,Lidl Food Store,Retailers - supermarkets/hypermarkets,7840,0,,469123,18708,512,technicalbusinesssupport@hackney.gov.uk,Hackney,https://hackney.gov.uk/environmental-health#food,False,,E9 7QX,2026-05-28T00:00:00,fhrs_5_en-gb,5,,FHRS,-0.0538782,51.5407559,5.0,5.0,5.0,Lidl,lidl food store,"27-37 WELL STREET, Hackney, E9 7QX",AUTO_INCLUDE,Lidl supermarket with established bakery provision,E97QX,1,YES,Official store page and local news confirm an in-store bakery.,,,GROCER_BAKERY
,47-49 STAMFORD HILL,Hackney,London,Morrisons,Retailers - supermarkets/hypermarkets,7840,0,,469579,26474,512,technicalbusinesssupport@hackney.gov.uk,Hackney,https://hackney.gov.uk/environmental-health#food,False,,N16 5SR,2025-01-17T00:00:00,fhrs_5_en-gb,5,,FHRS,-0.0737223,51.5667128,0.0,0.0,0.0,Morrisons,morrisons,"47-49 STAMFORD HILL, Hackney, N16 5SR",AUTO_INCLUDE,Full-format Morrisons supermarket,N165SR,1,YES,"Morrisons Stamford Hill offers an in-store bakery with a ""Bakery Surprise Bag"" available.",,,GROCER_BAKERY
,351 MARE STREET,Hackney,London,Marks & Spencer,Retailers - supermarkets/hypermarkets,7840,0,,470403,3570,512,technicalbusinesssupport@hackney.gov.uk,Hackney,https://hackney.gov.uk/environmental-health#food,False,,E8 1JB,2026-05-27T00:00:00,fhrs_5_en-gb,5,,FHRS,-0.0552157,51.5476125,0.0,5.0,5.0,M&S,marks & spencer,"351 MARE STREET, Hackney, E8 1JB",NEEDS_CHECK,Larger M&S store: bakery provision to confirm,E81JB,1,YES,The M&S store locator lists a bakery department at this location.,,,GROCER_BAKERY
,DALSTON CROSS SHOPPING CENTRE 64 KINGSLAND HIGH STREET,Hackney,London,Sainsbury's,Retailers - supermarkets/hypermarkets,7840,0,,470686,4860,512,technicalbusinesssupport@hackney.gov.uk,Hackney,https://hackney.gov.uk/environmental-health#food,False,,E8 2LX,2025-02-15T00:00:00,fhrs_5_en-gb,5,,FHRS,-0.07396,51.5477512,0.0,5.0,0.0,Sainsbury's,sainsbury's,"DALSTON CROSS SHOPPING CENTRE 64 KINGSLAND HIGH STREET, Hackney, E8 2LX",NEEDS_CHECK,Sainsbury's store format unclear from FHRS record,E82LX,1,YES,Sainsbury's Dalston Cross Shopping Centre is a Superstore format with a bakery and Krispy Kreme.,,,GROCER_BAKERY
,245 OLD STREET,Hackney,London,Sainsbury's,Retailers - supermarkets/hypermarkets,7840,0,,719949,155807,512,technicalbusinesssupport@hackney.gov.uk,Hackney,https://hackney.gov.uk/environmental-health#food,False,,EC1V 9EY,2022-08-24T00:00:00,fhrs_5_en-gb,5,,FHRS,-0.0840047,51.5266665,5.0,5.0,5.0,Sainsbury's,sainsbury's,"245 OLD STREET, Hackney, EC1V 9EY",NEEDS_CHECK,Sainsbury's store format unclear from FHRS record,EC1V9EY,1,YES,"Sainsbury's Shoreditch Old Street Local lists ""Bakery"" and ""Hot Food to go"" as services.",,,GROCER_BAKERY
,29-31 BLACKSTOCK ROAD,Hackney,London,Sainsbury's,Retailers - supermarkets/hypermarkets,7840,0,,736460,38897,512,technicalbusinesssupport@hackney.gov.uk,Hackney,https://hackney.gov.uk/environmental-health#food,False,,N4 2JF,2024-12-18T00:00:00,fhrs_5_en-gb,5,,FHRS,-0.1030362,51.5640796,0.0,0.0,0.0,Sainsbury's,sainsbury's,"29-31 BLACKSTOCK ROAD, Hackney, N4 2JF",NEEDS_CHECK,Sainsbury's store format unclear from FHRS record,N42JF,1,YES,"Sainsbury's Finsbury Park Blackstock Road Local lists ""Bakery"" as a food-to-go option.",,,GROCER_BAKERY
,112-116 KINGSLAND ROAD,Hackney,London,Sainsbury's,Retailers - supermarkets/hypermarkets,7840,0,,738789,107887,512,technicalbusinesssupport@hackney.gov.uk,Hackney,https://hackney.gov.uk/environmental-health#food,False,,E2 8DP,2022-07-05T00:00:00,fhrs_5_en-gb,5,,FHRS,-0.077079,51.5302221,5.0,5.0,0.0,Sainsbury's,sainsbury's,"112-116 KINGSLAND ROAD, Hackney, E2 8DP",NEEDS_CHECK,Sainsbury's store format unclear from FHRS record,E28DP,1,YES,"Sainsbury's Hackney Hoxton Station Local lists ""Bakery"" and ""Hot Food to go"" as services.",,,GROCER_BAKERY
,27-31 MARE STREET,Hackney,London,Sainsbury's,Retailers - supermarkets/hypermarkets,7840,0,,748394,150252,512,technicalbusinesssupport@hackney.gov.uk,Hackney,https://hackney.gov.uk/environmental-health#food,False,,E8 4RP,2022-09-05T00:00:00,fhrs_5_en-gb,5,,FHRS,-0.0574257,51.5350317,0.0,5.0,0.0,Sainsbury's,sainsbury's,"27-31 MARE STREET, Hackney, E8 4RP",NEEDS_CHECK,Sainsbury's store format unclear from FHRS record,E84RP,1,YES,"Sainsbury's Hackney Mare Street Local lists ""Bakery"" as a food-to-go option.",,,GROCER_BAKERY
,161 CITY ROAD,Hackney,London,Sainsbury's,Retailers - supermarkets/hypermarkets,7840,0,,840594,185211,512,technicalbusinesssupport@hackney.gov.uk,Hackney,https://hackney.gov.uk/environmental-health#food,False,,EC1V 1NR,2019-03-10T00:00:00,fhrs_5_en-gb,5,,FHRS,-0.089766,51.5279174,5.0,5.0,5.0,Sainsbury's,sainsbury's,"161 CITY ROAD, Hackney, EC1V 1NR",NEEDS_CHECK,Sainsbury's store format unclear from FHRS record,EC1V1NR,1,YES,"Sainsbury's Hackney City Road Local lists ""Bakery"" and ""Hot Food to go"" as services.",,,GROCER_BAKERY
,147 WOODBERRY GROVE,Hackney,London,Sainsbury's,Retailers - supermarkets/hypermarkets,7840,0,,977038,93547,512,technicalbusinesssupport@hackney.gov.uk,Hackney,https://hackney.gov.uk/environmental-health#food,False,,N4 2SB,2017-03-24T00:00:00,fhrs_5_en-gb,5,,FHRS,-0.0893242,51.5714376,0.0,5.0,0.0,Sainsbury's,sainsbury's,"147 WOODBERRY GROVE, Hackney, N4 2SB",NEEDS_CHECK,Sainsbury's store format unclear from FHRS record,N42SB,1,YES,"Sainsbury's Hackney Woodberry Down Local lists ""Bakery"" as a food-to-go option.",,,GROCER_BAKERY
,51-57 KINGSLAND HIGH STREET,Hackney,London,Marks & Spencer,Retailers - supermarkets/hypermarkets,7840,0,,1060986,189669,512,technicalbusinesssupport@hackney.gov.uk,Hackney,https://hackney.gov.uk/environmental-health#food,False,,E8 2FA,2022-06-28T00:00:00,fhrs_5_en-gb,5,,FHRS,-0.0756503,51.5479412,0.0,0.0,0.0,M&S,marks & spencer,"51-57 KINGSLAND HIGH STREET, Hackney, E8 2FA",NEEDS_CHECK,Larger M&S store: bakery provision to confirm,E82FA,1,YES,"M&S Dalston Foodhall is a food-focused store that lists ""Cakes"" and ""Food In Store"" which implies substantial bakery provision.",,,GROCER_BAKERY
,255-259 GREEN LANES,Hackney,London,Sainsbury's (Clissold Quarter),Retailers - supermarkets/hypermarkets,7840,0,,1149782,185630,512,technicalbusinesssupport@hackney.gov.uk,Hackney,https://hackney.gov.uk/environmental-health#food,False,,N4 2UX,2025-02-12T00:00:00,fhrs_5_en-gb,5,,FHRS,-0.0921133,51.5625833,0.0,0.0,0.0,Sainsbury's,sainsbury's (clissold quarter),"255-259 GREEN LANES, Hackney, N4 2UX",NEEDS_CHECK,Sainsbury's store format unclear from FHRS record,N42UX,1,YES,Sainsbury's Hackney Clissold Quarter Local lists a bakery in its services.,,,GROCER_BAKERY
,TESCO (2942)  WOODBERRY DOWN EXPRESS UNIT A DARTER HOUSE SEVEN ...,Hackney,London,Tesco Stores Limited,Retailers - supermarkets/hypermarkets,7840,0,,1872311,da13cd30,512,technicalbusinesssupport@hackney.gov.uk,Hackney,https://hackney.gov.uk/environmental-health#food,False,,N4 2XE,2025-09-28T00:00:00,fhrs_5_en-gb,5,,FHRS,,,0.0,5.0,5.0,Tesco,tesco stores limited,"TESCO (2942)  WOODBERRY DOWN EXPRESS UNIT A DARTER HOUSE SEVEN ..., Hackney, N4 2XE",NEEDS_CHECK,Tesco store format unclear from FHRS record,N42XE,1,YES,Tesco Woodberry Down Express features an in-store bakery.,,,GROCER_BAKERY
,129 Stamford Hill London,Hackney,London,Lidl Great Britain Limited,Retailers - supermarkets/hypermarkets,7840,0,,1920744,231b02ef,512,technicalbusinesssupport@hackney.gov.uk,Hackney,https://hackney.gov.uk/environmental-health#food,False,,N16 5TW,2026-05-26T00:00:00,fhrs_5_en-gb,5,,FHRS,-0.0730597,51.5731766,5.0,5.0,5.0,Lidl,lidl great britain limited,"129 Stamford Hill London, Hackney, N16 5TW",AUTO_INCLUDE,Lidl supermarket with established bakery provision,N165TW,1,YES,"This Lidl location, which recently opened, includes an in-store bakery.",,,GROCER_BAKERY
180 Shepherd's Bush Road,London,,,Tesco,Retailers - supermarkets/hypermarkets,7840,0,,345511,03047/0180/1/001,513,foodandsafety@lbhf.gov.uk,Hammersmith and Fulham,http://www.lbhf.gov.uk,False,,W6 7NL,2020-01-15T00:00:00,fhrs_5_en-gb,5,,FHRS,-0.224267,51.495627,5.0,5.0,0.0,Tesco,tesco,"180 Shepherd's Bush Road, London, W6 7NL",NEEDS_CHECK,Tesco store format unclear from FHRS record,W67NL,1,YES,Official store page lists a bakery counter.,,,GROCER_BAKERY
Unit 17,Fulham Broadway Retail Centre,Fulham Road,London,Sainsbury's,Retailers - supermarkets/hypermarkets,7840,0,,345675,2002/00239/COMB,513,foodandsafety@lbhf.gov.uk,Hammersmith and Fulham,http://www.lbhf.gov.uk,False,,SW6 1BW,2023-10-20T00:00:00,fhrs_5_en-gb,5,,FHRS,-0.194436,51.480559,0.0,0.0,0.0,Sainsbury's,sainsbury's,"Unit 17, Fulham Broadway Retail Centre, Fulham Road, SW6 1BW",NEEDS_CHECK,Sainsbury's store format unclear from FHRS record,SW61BW,1,YES,Official store page lists a bakery and hot food to go.,,,GROCER_BAKERY
402 North End Road,London,,,Waitrose,Retailers - supermarkets/hypermarkets,7840,0,,345795,2002/02222/COMB,513,foodandsafety@lbhf.gov.uk,Hammersmith and Fulham,http://www.lbhf.gov.uk,False,,SW6 1LU,2026-03-30T00:00:00,fhrs_5_en-gb,5,,FHRS,-0.199037,51.480018,5.0,0.0,0.0,Waitrose,waitrose,"402 North End Road, London, SW6 1LU",NEEDS_CHECK,Full Waitrose store: bakery provision to confirm,SW61LU,1,YES,Official store page lists a bakery department and made-in-branch baguettes.,,,GROCER_BAKERY
179 - 183 Fulham Palace Road,London,,,Sainsbury's,Retailers - supermarkets/hypermarkets,7840,0,,345803,2002/02879/COMB,513,foodandsafety@lbhf.gov.uk,Hammersmith and Fulham,http://www.lbhf.gov.uk,False,,W6 8QZ,2023-10-25T00:00:00,fhrs_4_en-gb,4,,FHRS,-0.219765,51.484705,5.0,10.0,0.0,Sainsbury's,sainsbury's,"179 - 183 Fulham Palace Road, London, W6 8QZ",NEEDS_CHECK,Sainsbury's store format unclear from FHRS record,W68QZ,1,YES,Official store page lists a bakery and Krispy Kreme.,,,GROCER_BAKERY
27 - 33 King Street,London,,,Marks & Spencer,Retailers - supermarkets/hypermarkets,7840,0,,345892,2003/00659/COMB,513,foodandsafety@lbhf.gov.uk,Hammersmith and Fulham,http://www.lbhf.gov.uk,False,,W6 9HW,2024-10-23T00:00:00,fhrs_5_en-gb,5,,FHRS,-0.227717,51.492478,0.0,0.0,5.0,M&S,marks & spencer,"27 - 33 King Street, London, W6 9HW",NEEDS_CHECK,Larger M&S store: bakery provision to confirm,W69HW,1,YES,Official store page lists a bakery department.,,,GROCER_BAKERY
164 Uxbridge Road,London,,,Sainsbury's,Retailers - supermarkets/hypermarkets,7840,0,,345978,2003/00912/COMB,513,foodandsafety@lbhf.gov.uk,Hammersmith and Fulham,http://www.lbhf.gov.uk,False,,W12 8AA,2025-03-12T00:00:00,fhrs_5_en-gb,5,,FHRS,-0.223064,51.505078,0.0,5.0,0.0,Sainsbury's,sainsbury's,"164 Uxbridge Road, London, W12 8AA",NEEDS_CHECK,Sainsbury's store format unclear from FHRS record,W128AA,1,YES,Official store page lists a bakery and Costa Express.,,,GROCER_BAKERY
2 - 3 Kings Mall,King Street,London,,Sainsbury's,Retailers - supermarkets/hypermarkets,7840,0,,346081,2005/00169/COMB,513,foodandsafety@lbhf.gov.uk,Hammersmith and Fulham,http://www.lbhf.gov.uk,False,,W6 0PZ,2026-02-24T00:00:00,fhrs_5_en-gb,5,,FHRS,-0.227534,51.493114,0.0,0.0,0.0,Sainsbury's,sainsbury's,"2 - 3 Kings Mall, King Street, London, W6 0PZ",NEEDS_CHECK,Sainsbury's store format unclear from FHRS record,W60PZ,1,YES,Official store page lists a bakery and Krispy Kreme.,,,GROCER_BAKERY
Store B,Westfield London Shopping Centre,Ariel Way,London,Marks & Spencer,Retailers - supermarkets/hypermarkets,7840,0,,346300,2008/00378/COMB,513,foodandsafety@lbhf.gov.uk,Hammersmith and Fulham,http://www.lbhf.gov.uk,False,,W12 7GA,2026-03-17T00:00:00,fhrs_5_en-gb,5,,FHRS,-0.223254,51.507212,0.0,0.0,0.0,M&S,marks & spencer,"Store B, Westfield London Shopping Centre, Ariel Way, W12 7GA",NEEDS_CHECK,Larger M&S store: bakery provision to confirm,W127GA,1,YES,Official store page lists a bakery department.,,,GROCER_BAKERY
Store E,Westfield London Shopping Centre,Ariel Way,London,Waitrose,Retailers - supermarkets/hypermarkets,7840,0,,346314,2008/00411/COMB,513,foodandsafety@lbhf.gov.uk,Hammersmith and Fulham,http://www.lbhf.gov.uk,False,,W12 7GA,2025-10-10T00:00:00,fhrs_5_en-gb,5,,FHRS,-0.223254,51.507212,0.0,5.0,0.0,Waitrose,waitrose,"Store E, Westfield London Shopping Centre, Ariel Way, W12 7GA",NEEDS_CHECK,Full Waitrose store: bakery provision to confirm,W127GA,2,YES,"The store is a large Waitrose, but specific bakery provision is not detailed.",YES,There is evidence online of a bakery department,GROCER_BAKERY
48 - 50 Shepherd's Bush Road,London,,,Sainsbury's,Retailers - supermarkets/hypermarkets,7840,0,,674266,2014/00095/COMB,513,foodandsafety@lbhf.gov.uk,Hammersmith and Fulham,http://www.lbhf.gov.uk,False,,W6 7PH,2025-10-21T00:00:00,fhrs_5_en-gb,5,,FHRS,-0.222373,51.500599,0.0,0.0,0.0,Sainsbury's,sainsbury's,"48 - 50 Shepherd's Bush Road, London, W6 7PH",NEEDS_CHECK,Sainsbury's store format unclear from FHRS record,W67PH,1,YES,"Sainsbury's Hammersmith & Fulham Shepherds Bush Road Local lists ""Bakery"" under its food counters.",,,GROCER_BAKERY
27 Townmead Road,London,,,Sainsbury's,Retailers - supermarkets/hypermarkets,7840,0,,844619,2015/00251/COMB,513,foodandsafety@lbhf.gov.uk,Hammersmith and Fulham,http://www.lbhf.gov.uk,False,,SW6 2GD,2024-12-19T00:00:00,fhrs_5_en-gb,5,,FHRS,-0.1875836,51.4673737,0.0,0.0,0.0,Sainsbury's,sainsbury's,"27 Townmead Road, London, SW6 2GD",NEEDS_CHECK,Sainsbury's store format unclear from FHRS record,SW62GD,1,YES,"Sainsbury's Fulham Wharf Superstore lists ""Bakery"" under its food to go options.",,,GROCER_BAKERY
Unit 1 - The Links,West 12 Shopping Centre,Shepherd's Bush Green,London,Lidl UK,Retailers - supermarkets/hypermarkets,7840,0,,1055884,2018/00210/COMB,513,foodandsafety@lbhf.gov.uk,Hammersmith and Fulham,http://www.lbhf.gov.uk,False,,W12 8PP,2023-09-26T00:00:00,fhrs_5_en-gb,5,,FHRS,-0.218805998563766,51.5037727355957,0.0,5.0,0.0,Lidl,lidl uk,"Unit 1 - The Links, West 12 Shopping Centre, Shepherd's Bush Green, W12 8PP",AUTO_INCLUDE,Lidl supermarket with established bakery provision,W128PP,1,YES,The Lidl store at West 12 Shopping Centre lists a bakery in its assortment.,,,GROCER_BAKERY
1 Kings Mall,King Street,London,,Lidl,Retailers - supermarkets/hypermarkets,7840,0,,1334503,2021/00094/COMB,513,foodandsafety@lbhf.gov.uk,Hammersmith and Fulham,http://www.lbhf.gov.uk,False,,W6 0PZ,2021-09-29T00:00:00,fhrs_5_en-gb,5,,FHRS,-0.227533,51.493113,0.0,0.0,0.0,Lidl,lidl,"1 Kings Mall, King Street, London, W6 0PZ",AUTO_INCLUDE,Lidl supermarket with established bakery provision,W60PZ,1,YES,"While Lidl generally has bakeries, specific provision for this exact address is not explicitly stated.",YES,Image evidence of bakery provision,GROCER_BAKERY
254 - 258 North End Road,London,,,Lidl Great Britain Limited,Retailers - supermarkets/hypermarkets,7840,0,,1750283,2024/00266/COMB,513,foodandsafety@lbhf.gov.uk,Hammersmith and Fulham,http://www.lbhf.gov.uk,False,,SW6 1NJ,2024-11-12T00:00:00,fhrs_5_en-gb,5,,FHRS,-0.201845,51.484063,0.0,0.0,0.0,Lidl,lidl great britain limited,"254 - 258 North End Road, London, SW6 1NJ",AUTO_INCLUDE,Lidl supermarket with established bakery provision,SW61NJ,1,YES,"This new Lidl store, which opened in September 2024, includes an in-house bakery.",,,GROCER_BAKERY
Unit 31-32,Broadway Shopping Centre,Hammersmith Broadway,London,Sainsbury's Supermarkets Ltd,Retailers - supermarkets/hypermarkets,7840,0,,1804777,2025/00074/COMB,513,foodandsafety@lbhf.gov.uk,Hammersmith and Fulham,http://www.lbhf.gov.uk,False,,W6 9YD,2025-02-25T00:00:00,fhrs_5_en-gb,5,,FHRS,-0.224571,51.492242,0.0,0.0,0.0,Sainsbury's,sainsbury's supermarkets ltd,"Unit 31-32, Broadway Shopping Centre, Hammersmith Broadway, W6 9YD",NEEDS_CHECK,Sainsbury's store format unclear from FHRS record,W69YD,1,YES,Sainsbury's Hammersmith Broadway has an in-store bakery.,,,GROCER_BAKERY
201 - 207 Fulham Palace Road,London,,,Waitrose,Retailers - supermarkets/hypermarkets,7840,0,,1970334,2026/00225/COMB,513,foodandsafety@lbhf.gov.uk,Hammersmith and Fulham,http://www.lbhf.gov.uk,False,,W6 8QX,1901-01-01T00:00:00,fhrs_awaitinginspection_en-gb,AwaitingInspection,,FHRS,-0.219513,51.484152,,,,Waitrose,waitrose,"201 - 207 Fulham Palace Road, London, W6 8QX",NEEDS_CHECK,Full Waitrose store: bakery provision to confirm,W68QX,2,YES,Waitrose Fulham Palace Road lists a bakery and patisserie.,,,GROCER_BAKERY
Unit 4b,Tottenham Hale Retail Park,Broad Lane,Tottenham,Lidl,Retailers - supermarkets/hypermarkets,7840,0,,422069,PI/000047790,514,frontline@haringey.gov.uk,Haringey,http://www.haringey.gov.uk,False,,N15 4QD,2026-06-13T00:00:00,fhrs_5_en-gb,5,,FHRS,-0.0608607,51.58686,5.0,5.0,5.0,Lidl,lidl,"Unit 4b, Tottenham Hale Retail Park, Broad Lane, N15 4QD",AUTO_INCLUDE,Lidl supermarket with established bakery provision,N154QD,1,YES,"While Lidl stores often have bakeries, specific provision for this exact address is not explicitly stated.",YES,Image evidence of bakery provision,GROCER_BAKERY
Supermarket,4 Williamson Road,Tottenham,London,Sainsbury's,Retailers - supermarkets/hypermarkets,7840,0,,422320,PI/000113572,514,frontline@haringey.gov.uk,Haringey,http://www.haringey.gov.uk,False,,N4 1UJ,2025-07-15T00:00:00,fhrs_5_en-gb,5,,FHRS,-0.095424,51.577299,0.0,0.0,0.0,Sainsbury's,sainsbury's,"Supermarket, 4 Williamson Road, Tottenham, N4 1UJ",NEEDS_CHECK,Sainsbury's store format unclear from FHRS record,N41UJ,2,YES,Sainsbury's Harringay is a superstore with an in-store bakery.,,,GROCER_BAKERY
Shop Exchange House,71 Crouch End Hill,Hornsey,London,Marks & Spencer Simply Foods,Retailers - supermarkets/hypermarkets,7840,0,,422343,PI/000116157,514,frontline@haringey.gov.uk,Haringey,http://www.haringey.gov.uk,False,,N8 8DF,2026-01-29T00:00:00,fhrs_5_en-gb,5,,FHRS,-0.1247112,51.5773145,0.0,0.0,0.0,M&S,marks & spencer simply foods,"Shop Exchange House, 71 Crouch End Hill, Hornsey, N8 8DF",NEEDS_CHECK,Larger M&S store: bakery provision to confirm,N88DF,1,YES,M&S store page lists a bakery department.,,,GROCER_BAKERY
126-128 Muswell Hill Broadway,Hornsey,London,,Marks & Spencer Plc,Retailers - supermarkets/hypermarkets,7840,0,,422526,PI/000126261,514,frontline@haringey.gov.uk,Haringey,http://www.haringey.gov.uk,False,,N10 3RU,2025-12-03T00:00:00,fhrs_5_en-gb,5,,FHRS,-0.14361,51.59013,0.0,0.0,0.0,M&S,marks & spencer plc,"126-128 Muswell Hill Broadway, Hornsey, London, N10 3RU",NEEDS_CHECK,Larger M&S store: bakery provision to confirm,N103RU,1,YES,M&S store page lists a bakery department.,,,GROCER_BAKERY
230 High Road,Tottenham,London,,Tesco,Retailers - supermarkets/hypermarkets,7840,0,,422661,PI/000127335,514,frontline@haringey.gov.uk,Haringey,http://www.haringey.gov.uk,False,,N15 4AJ,2023-10-25T00:00:00,fhrs_5_en-gb,5,,FHRS,-0.071394,51.585468,0.0,5.0,0.0,Tesco,tesco,"230 High Road, Tottenham, London, N15 4AJ",NEEDS_CHECK,Tesco store format unclear from FHRS record,N154AJ,1,YES,Tesco store page lists a bakery counter.,,,GROCER_BAKERY
Supermarket,199-201 High Road,Wood Green,London,Wm Morrison Supermarkets Limited,Retailers - supermarkets/hypermarkets,7840,0,,422952,PI/000129746,514,frontline@haringey.gov.uk,Haringey,http://www.haringey.gov.uk,False,,N22 6DR,2026-06-16T00:00:00,fhrs_5_en-gb,5,,FHRS,-0.11018,51.59697,0.0,5.0,5.0,Morrisons,wm morrison supermarkets limited,"Supermarket, 199-201 High Road, Wood Green, N22 6DR",AUTO_INCLUDE,Full-format Morrisons supermarket,N226DR,1,YES,There is no specific information available regarding bakery provision for this Morrisons location.,YES,There is evidence online of this store having bakery provisions,GROCER_BAKERY
Units 7-8,88-96 High Road,Wood Green,London,Lidl,Retailers - supermarkets/hypermarkets,7840,0,,422998,PI/000130676,514,frontline@haringey.gov.uk,Haringey,http://www.haringey.gov.uk,False,,N22 6HE,2025-11-22T00:00:00,fhrs_5_en-gb,5,,FHRS,-0.1075586,51.5941696,0.0,0.0,0.0,Lidl,lidl,"Units 7-8, 88-96 High Road, Wood Green, N22 6HE",AUTO_INCLUDE,Lidl supermarket with established bakery provision,N226HE,1,YES,"The Lidl store at 88-96 High Road, Wood Green, lists an in-store bakery.",,,GROCER_BAKERY
35-39 The Broadway,Hornsey,London,,Waitrose,Retailers - supermarkets/hypermarkets,7840,0,,423069,PI/000133639,514,frontline@haringey.gov.uk,Haringey,http://www.haringey.gov.uk,False,,N8 8DU,2025-01-20T00:00:00,fhrs_5_en-gb,5,,FHRS,-0.124135,51.578931,0.0,0.0,0.0,Waitrose,waitrose,"35-39 The Broadway, Hornsey, London, N8 8DU",NEEDS_CHECK,Full Waitrose store: bakery provision to confirm,N88DU,1,YES,Waitrose store page lists bakery and patisserie departments.,,,GROCER_BAKERY
490 High Road,Tottenham,London,,Asda Stores,Retailers - supermarkets/hypermarkets,7840,0,,423369,PI/000140655,514,frontline@haringey.gov.uk,Haringey,http://www.haringey.gov.uk,False,,N17 9JF,2023-09-19T00:00:00,fhrs_5_en-gb,5,,FHRS,-0.069425,51.593457,0.0,0.0,0.0,Asda,asda stores,"490 High Road, Tottenham, London, N17 9JF",NEEDS_CHECK,Asda store format unclear from FHRS record,N179JF,1,YES,"Asda store page and Uber Eats menu list ""The BAKERY at ASDA"" products.",,,GROCER_BAKERY
269-271 Seven Sisters Road,Hornsey,London,,Lidl,Retailers - supermarkets/hypermarkets,7840,0,,423386,PI/000141120,514,frontline@haringey.gov.uk,Haringey,http://www.haringey.gov.uk,False,,N4 2DE,2018-02-08T00:00:00,fhrs_5_en-gb,5,,FHRS,-0.104943,51.565295,0.0,0.0,0.0,Lidl,lidl,"269-271 Seven Sisters Road, Hornsey, London, N4 2DE",AUTO_INCLUDE,Lidl supermarket with established bakery provision,N42DE,1,YES,"While Lidl stores often have bakeries, specific provision for this exact address is not explicitly stated.",YES,Image evidence of bakery provision,GROCER_BAKERY
390-392 Muswell Hill Broadway,Hornsey,London,,Waitrose,Retailers - supermarkets/hypermarkets,7840,0,,448313,PI/000142696,514,frontline@haringey.gov.uk,Haringey,http://www.haringey.gov.uk,False,,N10 1DJ,2019-03-09T00:00:00,fhrs_5_en-gb,5,,FHRS,-0.142438,51.591604,0.0,5.0,0.0,Waitrose,waitrose,"390-392 Muswell Hill Broadway, Hornsey, London, N10 1DJ",NEEDS_CHECK,Full Waitrose store: bakery provision to confirm,N101DJ,1,YES,Waitrose store page lists bakery and patisserie departments.,,,GROCER_BAKERY
669-673 High Road,Tottenham,London,,Sainsbury's,Retailers - supermarkets/hypermarkets,7840,0,,502554,PI/000143014,514,frontline@haringey.gov.uk,Haringey,http://www.haringey.gov.uk,False,,N17 8AD,2019-05-02T00:00:00,fhrs_5_en-gb,5,,FHRS,-0.068236,51.600712,0.0,0.0,0.0,Sainsbury's,sainsbury's,"669-673 High Road, Tottenham, London, N17 8AD",NEEDS_CHECK,Sainsbury's store format unclear from FHRS record,N178AD,1,YES,Sainsbury's store page lists a bakery.,,,GROCER_BAKERY
3-7 West Green Road,Tottenham,London,,Sainsbury's,Retailers - supermarkets/hypermarkets,7840,0,,521408,PI/000140743,514,frontline@haringey.gov.uk,Haringey,http://www.haringey.gov.uk,False,,N15 5BX,2019-06-21T00:00:00,fhrs_5_en-gb,5,,FHRS,-0.073699,51.583878,0.0,0.0,0.0,Sainsbury's,sainsbury's,"3-7 West Green Road, Tottenham, London, N15 5BX",NEEDS_CHECK,Sainsbury's store format unclear from FHRS record,N155BX,1,YES,"The Sainsbury's Local at this address lists ""Bakery"" under its food counters.",,,GROCER_BAKERY
28-48 Northumberland Park,Tottenham,London,,Sainsbury's,Retailers - supermarkets/hypermarkets,7840,0,,1045962,PI/000143556,514,frontline@haringey.gov.uk,Haringey,http://www.haringey.gov.uk,False,,N17 0TX,2025-09-08T00:00:00,fhrs_5_en-gb,5,,FHRS,-0.0650940015912056,51.6060180664063,0.0,0.0,0.0,Sainsbury's,sainsbury's,"28-48 Northumberland Park, Tottenham, London, N17 0TX",NEEDS_CHECK,Sainsbury's store format unclear from FHRS record,N170TX,1,YES,This Sainsbury's is a larger supermarket format with a dedicated bakery.,,,GROCER_BAKERY
Smithfield Square,High Street,Hornsey,London,Sainsbury's,Retailers - supermarkets/hypermarkets,7840,0,,1198817,PI/000152223,514,frontline@haringey.gov.uk,Haringey,http://www.haringey.gov.uk,False,,N8 7QB,2026-04-17T00:00:00,fhrs_5_en-gb,5,,FHRS,-0.116512,51.588034,0.0,0.0,0.0,Sainsbury's,sainsbury's,"Smithfield Square, High Street, Hornsey, N8 7QB",NEEDS_CHECK,Sainsbury's store format unclear from FHRS record,N87QB,2,YES,Sainsbury's Superstore format typically includes substantial bakery provision.,,,GROCER_BAKERY
350 High Road,Harrow,,,Waitrose,Retailers - supermarkets/hypermarkets,7840,0,,276426,PI/000040687,515,envhealth@harrow.gov.uk,Harrow,http://www.harrow.gov.uk,False,,HA3 6HF,2021-11-15T00:00:00,fhrs_5_en-gb,5,,FHRS,-0.339583,51.6053426,5.0,5.0,5.0,Waitrose,waitrose,"350 High Road, Harrow, HA3 6HF",NEEDS_CHECK,Full Waitrose store: bakery provision to confirm,HA36HF,1,YES,Waitrose is a supermarket chain known for having in-store bakeries or substantial fresh bakery sections.,,,GROCER_BAKERY
1 Ash Hill Drive,Pinner,,,Tesco,Retailers - supermarkets/hypermarkets,7840,0,,276449,PI/000041000,515,envhealth@harrow.gov.uk,Harrow,http://www.harrow.gov.uk,False,,HA5 2AG,2024-01-30T00:00:00,fhrs_5_en-gb,5,,FHRS,-0.395423,51.596999,0.0,5.0,0.0,Tesco,tesco,"1 Ash Hill Drive, Pinner, HA5 2AG",NEEDS_CHECK,Tesco store format unclear from FHRS record,HA52AG,1,YES,Tesco Pinner Superstore is a large format store that explicitly lists a bakery among its facilities.,,,GROCER_BAKERY
1-9 The Broadway,Stanmore,,,Sainsbury's,Retailers - supermarkets/hypermarkets,7840,0,,276567,PI/000044953,515,envhealth@harrow.gov.uk,Harrow,http://www.harrow.gov.uk,False,,HA7 4DA,2025-01-06T00:00:00,fhrs_5_en-gb,5,,FHRS,-0.311124,51.617487,0.0,5.0,0.0,Sainsbury's,sainsbury's,"1-9 The Broadway, Stanmore, HA7 4DA",NEEDS_CHECK,Sainsbury's store format unclear from FHRS record,HA74DA,1,YES,"Sainsbury's Stanmore is a Supermarket format, which is likely to have substantial bakery provision.",,,GROCER_BAKERY
12 Barters Walk,Pinner,,,Sainsbury's,Retailers - supermarkets/hypermarkets,7840,0,,276619,PI/000046835,515,envhealth@harrow.gov.uk,Harrow,http://www.harrow.gov.uk,False,,HA5 5LU,2025-08-04T00:00:00,fhrs_5_en-gb,5,,FHRS,-0.3806897,51.5933726,5.0,5.0,0.0,Sainsbury's,sainsbury's,"12 Barters Walk, Pinner, HA5 5LU",NEEDS_CHECK,Sainsbury's store format unclear from FHRS record,HA55LU,1,YES,"Sainsbury's Pinner is a superstore format, which typically includes an in-store bakery.",,,GROCER_BAKERY
31 St Anns Road,Harrow,,,Marks & Spencer,Retailers - supermarkets/hypermarkets,7840,0,,276701,PI/000080994,515,envhealth@harrow.gov.uk,Harrow,http://www.harrow.gov.uk,False,,HA1 1NB,2025-07-07T00:00:00,fhrs_5_en-gb,5,,FHRS,-0.335696,51.581105,5.0,5.0,5.0,M&S,marks & spencer,"31 St Anns Road, Harrow, HA1 1NB",NEEDS_CHECK,Larger M&S store: bakery provision to confirm,HA11NB,1,YES,M&S Harrow at 31 St Anns Road includes a Food Hall.,,,GROCER_BAKERY
80-82 The Broadway,Stanmore,,,Lidl,Retailers - supermarkets/hypermarkets,7840,0,,276834,PI/000083777,515,envhealth@harrow.gov.uk,Harrow,http://www.harrow.gov.uk,False,,HA7 4DU,2025-11-08T00:00:00,fhrs_5_en-gb,5,,FHRS,-0.309168,51.618007,0.0,5.0,0.0,Lidl,lidl,"80-82 The Broadway, Stanmore, HA7 4DU",AUTO_INCLUDE,Lidl supermarket with established bakery provision,HA74DU,1,YES,"The specific Lidl at this address could not be confidently identified as having substantial bakery provision, and a Wenzel's bakery is listed at a similar address.",YES,Image evidence of bakery provision,GROCER_BAKERY
Station Road,Harrow,,,Tesco Superstore,Retailers - supermarkets/hypermarkets,7840,0,,276928,PI/000087172,515,envhealth@harrow.gov.uk,Harrow,http://www.harrow.gov.uk,False,,HA1 2TU,2023-11-13T00:00:00,fhrs_5_en-gb,5,,FHRS,-0.332626,51.586475,5.0,5.0,5.0,Tesco,tesco superstore,"Station Road, Harrow, HA1 2TU",AUTO_INCLUDE,Large Tesco supermarket format,HA12TU,1,YES,The Tesco Superstore at this location has a bakery counter.,,,GROCER_BAKERY
69 Bridge Street,Pinner,,,Lidl,Retailers - supermarkets/hypermarkets,7840,0,,276932,PI/000087256,515,envhealth@harrow.gov.uk,Harrow,http://www.harrow.gov.uk,False,,HA5 3HZ,2026-04-14T00:00:00,fhrs_5_en-gb,5,,FHRS,-0.385277,51.595241,0.0,0.0,0.0,Lidl,lidl,"69 Bridge Street, Pinner, HA5 3HZ",AUTO_INCLUDE,Lidl supermarket with established bakery provision,HA53HZ,1,YES,Lidl stores typically feature a fresh in-store bakery.,,,GROCER_BAKERY
51-55 High Street,Edgware,,,Lidl,Retailers - supermarkets/hypermarkets,7840,0,,276960,PI/000088346,515,envhealth@harrow.gov.uk,Harrow,http://www.harrow.gov.uk,False,,HA8 7DD,2026-05-06T00:00:00,fhrs_5_en-gb,5,,FHRS,-0.2786918,51.6097645,0.0,0.0,0.0,Lidl,lidl,"51-55 High Street, Edgware, HA8 7DD",AUTO_INCLUDE,Lidl supermarket with established bakery provision,HA87DD,1,YES,Lidl stores typically feature a fresh in-store bakery.,,,GROCER_BAKERY
Waitrose Limited,140 Northolt Road,,,Waitrose,Retailers - supermarkets/hypermarkets,7840,0,,277007,PI/000091301,515,envhealth@harrow.gov.uk,Harrow,http://www.harrow.gov.uk,False,,HA2 0EG,2023-05-03T00:00:00,fhrs_5_en-gb,5,,FHRS,-0.3516333,51.5675818,0.0,5.0,0.0,Waitrose,waitrose,"Waitrose Limited, 140 Northolt Road, HA2 0EG",NEEDS_CHECK,Full Waitrose store: bakery provision to confirm,HA20EG,2,YES,"Waitrose at 140 Northolt Road is a supermarket with a range of facilities, including a petrol filling station, implying a larger store format.",,,GROCER_BAKERY
469-491 Northolt Road,South Harrow,,,Asda,Retailers - supermarkets/hypermarkets,7840,0,,277437,PI/000103942,515,envhealth@harrow.gov.uk,Harrow,http://www.harrow.gov.uk,False,,HA2 8JN,2025-05-27T00:00:00,fhrs_5_en-gb,5,,FHRS,-0.3608621,51.5578288,5.0,5.0,0.0,Asda,asda,"469-491 Northolt Road, South Harrow, HA2 8JN",NEEDS_CHECK,Asda store format unclear from FHRS record,HA28JN,1,YES,"Asda at 469-491 Northolt Road is an Asda Supermarket, which typically includes a bakery.",,,GROCER_BAKERY
Unit 1 Trident Point,19 Pinner Road,,,Morrisons,Retailers - supermarkets/hypermarkets,7840,0,,471049,PI/000104243,515,envhealth@harrow.gov.uk,Harrow,http://www.harrow.gov.uk,False,,HA1 4FR,2025-07-02T00:00:00,fhrs_5_en-gb,5,,FHRS,-0.3427626,51.5804964,5.0,5.0,0.0,Morrisons,morrisons,"Unit 1 Trident Point, 19 Pinner Road, HA1 4FR",AUTO_INCLUDE,Full-format Morrisons supermarket,HA14FR,1,YES,The Morrisons store at this location has an in-store bakery.,,,GROCER_BAKERY
35-43 High Street,Wealdstone,,,Asda,Retailers - supermarkets/hypermarkets,7840,0,,816514,PI/000106262,515,envhealth@harrow.gov.uk,Harrow,http://www.harrow.gov.uk,False,,HA3 5DE,2025-01-23T00:00:00,fhrs_5_en-gb,5,,FHRS,-0.33577,51.594873,5.0,5.0,0.0,Asda,asda,"35-43 High Street, Wealdstone, HA3 5DE",NEEDS_CHECK,Asda store format unclear from FHRS record,HA35DE,1,YES,Asda Wealdstone Supermarket has an in-store bakery.,,,GROCER_BAKERY
354 High Road,Harrow,,,Lidl,Retailers - supermarkets/hypermarkets,7840,0,,1265278,PI/000110993,515,envhealth@harrow.gov.uk,Harrow,http://www.harrow.gov.uk,False,,HA3 6HF,2025-07-07T00:00:00,fhrs_5_en-gb,5,,FHRS,-0.3392524,51.606489,5.0,5.0,5.0,Lidl,lidl,"354 High Road, Harrow, HA3 6HF",AUTO_INCLUDE,Lidl supermarket with established bakery provision,HA36HF,1,YES,Lidl stores typically feature a fresh in-store bakery.,,,GROCER_BAKERY
74 Whittington Way,Pinner,,,Tesco,Retailers - supermarkets/hypermarkets,7840,0,,1279005,PI/000110378,515,envhealth@harrow.gov.uk,Harrow,http://www.harrow.gov.uk,False,,,2026-06-17T00:00:00,fhrs_5_en-gb,5,,FHRS,-0.3805337,51.5851783,0.0,0.0,0.0,Tesco,tesco,"74 Whittington Way, Pinner",NEEDS_CHECK,Tesco store format unclear from FHRS record,,1,YES,"The Tesco Pinner Superstore at 74 Whittington Way, Pinner, HA5 5JX, explicitly lists a ""Bakery"" among its food counters.",,,GROCER_BAKERY
St Anns Shopping Centre St Anns Road,Harrow,,,Lidl,Retailers - supermarkets/hypermarkets,7840,0,,1918011,PI/000109249,515,envhealth@harrow.gov.uk,Harrow,http://www.harrow.gov.uk,False,,HA1 1AS,2026-02-13T00:00:00,fhrs_5_en-gb,5,,FHRS,-0.3369223,51.5813398,0.0,0.0,0.0,Lidl,lidl,"St Anns Shopping Centre St Anns Road, Harrow, HA1 1AS",AUTO_INCLUDE,Lidl supermarket with established bakery provision,HA11AS,1,YES,The Lidl in St Anns Shopping Centre features an in-store bakery.,,,GROCER_BAKERY
37-43 South Street,Romford,,,Marks & Spencer,Retailers - supermarkets/hypermarkets,7840,0,,372472,10289,516,environmental.health@havering.gov.uk,Havering,http://www.havering.gov.uk,False,,RM1 1NT,2026-04-24T00:00:00,fhrs_5_en-gb,5,,FHRS,0.182169,51.577492,0.0,5.0,0.0,M&S,marks & spencer,"37-43 South Street, Romford, RM1 1NT",NEEDS_CHECK,Larger M&S store: bakery provision to confirm,RM11NT,1,YES,M&S Foodhalls typically have a substantial bakery and cake selection.,,,GROCER_BAKERY
300 Hornchurch Road,Hornchurch,,,Tesco Extra,Retailers - supermarkets/hypermarkets,7840,0,,372482,10371,516,environmental.health@havering.gov.uk,Havering,http://www.havering.gov.uk,False,,RM11 1PY,2026-06-01T00:00:00,fhrs_5_en-gb,5,,FHRS,0.191976,51.565646,0.0,0.0,0.0,Tesco,tesco extra,"300 Hornchurch Road, Hornchurch, RM11 1PY",AUTO_INCLUDE,Large Tesco supermarket format,RM111PY,2,YES,The Tesco Extra at this location has a bakery counter.,,,GROCER_BAKERY
The Brewery,Romford,,,Sainsbury's,Retailers - supermarkets/hypermarkets,7840,0,,372755,12442,516,environmental.health@havering.gov.uk,Havering,http://www.havering.gov.uk,False,,RM1 1AU,2025-12-29T00:00:00,fhrs_4_en-gb,4,,FHRS,0.18071,51.575964,0.0,10.0,10.0,Sainsbury's,sainsbury's,"The Brewery, Romford, RM1 1AU",NEEDS_CHECK,Sainsbury's store format unclear from FHRS record,RM11AU,2,YES,Sainsbury's Supermarket at this location offers an in-store bakery.,,,GROCER_BAKERY
Mercury Gardens,Romford,,,Asda,Retailers - supermarkets/hypermarkets,7840,0,,373391,42924,516,environmental.health@havering.gov.uk,Havering,http://www.havering.gov.uk,False,,RM1 3EE,2025-10-22T00:00:00,fhrs_4_en-gb,4,,FHRS,0.185098,51.57929,5.0,10.0,5.0,Asda,asda,"Mercury Gardens, Romford, RM1 3EE",NEEDS_CHECK,Asda store format unclear from FHRS record,RM13EE,1,YES,Asda superstores typically have an in-store bakery with a range of products.,,,GROCER_BAKERY
44 Farnham Road,Romford,,,Sainsbury's,Retailers - supermarkets/hypermarkets,7840,0,,373461,47730,516,environmental.health@havering.gov.uk,Havering,http://www.havering.gov.uk,False,,RM3 8DX,2026-03-27T00:00:00,fhrs_5_en-gb,5,,FHRS,0.218532,51.606361,0.0,5.0,0.0,Sainsbury's,sainsbury's,"44 Farnham Road, Romford, RM3 8DX",NEEDS_CHECK,Sainsbury's store format unclear from FHRS record,RM38DX,1,YES,Sainsbury's Local at this address lists a bakery in its services.,,,GROCER_BAKERY
Airfield Way,Hornchurch,,,Tesco Superstore,Retailers - supermarkets/hypermarkets,7840,0,,373841,8012,516,environmental.health@havering.gov.uk,Havering,http://www.havering.gov.uk,False,,RM12 5AF,2025-11-20T00:00:00,fhrs_5_en-gb,5,,FHRS,0.208247,51.543794,0.0,5.0,0.0,Tesco,tesco superstore,"Airfield Way, Hornchurch, RM12 5AF",AUTO_INCLUDE,Large Tesco supermarket format,RM125AF,1,YES,Official store page lists an in-store bakery.,,,GROCER_BAKERY
Bryant Avenue,Romford,,,Tesco Extra,Retailers - supermarkets/hypermarkets,7840,0,,373844,8023,516,environmental.health@havering.gov.uk,Havering,http://www.havering.gov.uk,False,,RM3 0LL,2024-12-09T00:00:00,fhrs_5_en-gb,5,,FHRS,0.218437,51.593746,0.0,5.0,5.0,Tesco,tesco extra,"Bryant Avenue, Romford, RM3 0LL",AUTO_INCLUDE,Large Tesco supermarket format,RM30LL,3,YES,Tesco Extra stores typically have substantial bakery provision.,,,GROCER_BAKERY
Bridge Road,Rainham,,,Tesco Extra,Retailers - supermarkets/hypermarkets,7840,0,,373937,8947,516,environmental.health@havering.gov.uk,Havering,http://www.havering.gov.uk,False,,RM13 9YZ,2024-09-26T00:00:00,fhrs_5_en-gb,5,,FHRS,0.19067,51.520157,0.0,0.0,0.0,Tesco,tesco extra,"Bridge Road, Rainham, RM13 9YZ",AUTO_INCLUDE,Large Tesco supermarket format,RM139YZ,2,YES,Tesco Extra stores typically have substantial bakery provision.,,,GROCER_BAKERY
316-318 Collier Row Lane,Romford,,,Tesco,Retailers - supermarkets/hypermarkets,7840,0,,373967,9249,516,environmental.health@havering.gov.uk,Havering,http://www.havering.gov.uk,False,,RM5 3NL,2025-11-20T00:00:00,fhrs_4_en-gb,4,,FHRS,0.163789,51.598309,5.0,10.0,0.0,Tesco,tesco,"316-318 Collier Row Lane, Romford, RM5 3NL",NEEDS_CHECK,Tesco store format unclear from FHRS record,RM53NL,1,YES,"This is a Tesco Superstore, which generally includes a bakery.",,,GROCER_BAKERY
101-105 High Street,Hornchurch,,,Sainsbury's,Retailers - supermarkets/hypermarkets,7840,0,,374050,9762,516,environmental.health@havering.gov.uk,Havering,http://www.havering.gov.uk,False,,RM11 1TX,2026-01-05T00:00:00,fhrs_5_en-gb,5,,FHRS,0.219582,51.562726,0.0,5.0,0.0,Sainsbury's,sainsbury's,"101-105 High Street, Hornchurch, RM11 1TX",NEEDS_CHECK,Sainsbury's store format unclear from FHRS record,RM111TX,1,YES,This is a Sainsbury's Superstore that lists a bakery among its facilities.,,,GROCER_BAKERY
2 Suttons Lane,Hornchurch,,,Sainsbury's,Retailers - supermarkets/hypermarkets,7840,0,,848882,132084,516,environmental.health@havering.gov.uk,Havering,http://www.havering.gov.uk,False,,RM12 6RJ,2026-02-02T00:00:00,fhrs_5_en-gb,5,,FHRS,0.218798,51.551966,0.0,5.0,0.0,Sainsbury's,sainsbury's,"2 Suttons Lane, Hornchurch, RM12 6RJ",NEEDS_CHECK,Sainsbury's store format unclear from FHRS record,RM126RJ,1,YES,This is a Sainsbury's Local that specifically lists a bakery counter as one of its services.,,,GROCER_BAKERY
31 High Street,Hornchurch,,,Lidl,Retailers - supermarkets/hypermarkets,7840,0,,1040946,132793,516,environmental.health@havering.gov.uk,Havering,http://www.havering.gov.uk,False,,RM11 1TP,2024-02-22T00:00:00,fhrs_5_en-gb,5,,FHRS,0.215309,51.563274,0.0,0.0,5.0,Lidl,lidl,"31 High Street, Hornchurch, RM11 1TP",AUTO_INCLUDE,Lidl supermarket with established bakery provision,RM111TP,1,YES,The Lidl store page mentions an in-store bakery.,,,GROCER_BAKERY
131-133 Gooshays Drive,Romford,,,Lidl,Retailers - supermarkets/hypermarkets,7840,0,,1089756,136924,516,environmental.health@havering.gov.uk,Havering,http://www.havering.gov.uk,False,,RM3 8AE,2024-02-22T00:00:00,fhrs_5_en-gb,5,,FHRS,0.2242826,51.6057514,0.0,0.0,5.0,Lidl,lidl,"131-133 Gooshays Drive, Romford, RM3 8AE",AUTO_INCLUDE,Lidl supermarket with established bakery provision,RM38AE,1,YES,The Lidl store page explicitly states it has an in-store bakery.,,,GROCER_BAKERY
Atlanta Boulevard,Romford,,,Lidl,Retailers - supermarkets/hypermarkets,7840,0,,1137802,137279,516,environmental.health@havering.gov.uk,Havering,http://www.havering.gov.uk,False,,RM1 1TB,2024-02-22T00:00:00,fhrs_5_en-gb,5,,FHRS,0.18289,51.574169,0.0,0.0,5.0,Lidl,lidl,"Atlanta Boulevard, Romford, RM1 1TB",AUTO_INCLUDE,Lidl supermarket with established bakery provision,RM11TB,1,YES,Insufficient information to confirm substantial bakery provision.,YES,Image evidence of bakery provision,GROCER_BAKERY
J Sainsbury Plc,York Road,,Uxbridge,Sainsbury's Supermarkets Ltd,Retailers - supermarkets/hypermarkets,7840,0,,518678,19780,517,foodhealthandsafety@hillingdon.gov.uk,Hillingdon,http://www.hillingdon.gov.uk/foodsafety,False,,UB8 1QW,2025-02-08T00:00:00,fhrs_5_en-gb,5,,FHRS,-0.474848,51.548655,0.0,0.0,0.0,Sainsbury's,sainsbury's supermarkets ltd,"J Sainsbury Plc, York Road, UB8 1QW",NEEDS_CHECK,Sainsbury's store format unclear from FHRS record,UB81QW,1,YES,"Sainsbury's Uxbridge, York Road, UB8 1QW, is a superstore with a ""Food to Go"" section that includes a bakery.",,,GROCER_BAKERY
J Sainsbury Plc,Long Drive,,Ruislip,Sainsbury's Supermarkets Ltd,Retailers - supermarkets/hypermarkets,7840,0,,518679,31408,517,foodhealthandsafety@hillingdon.gov.uk,Hillingdon,http://www.hillingdon.gov.uk/foodsafety,False,,HA4 0HQ,2009-04-15T00:00:00,fhrs_5_en-gb,5,,FHRS,-0.396251,51.557085,5.0,5.0,5.0,Sainsbury's,sainsbury's supermarkets ltd,"J Sainsbury Plc, Long Drive, HA4 0HQ",NEEDS_CHECK,Sainsbury's store format unclear from FHRS record,HA40HQ,1,YES,"Sainsbury's South Ruislip, Long Drive, HA4 0HQ, is a superstore with an in-store bakery.",,,GROCER_BAKERY
J Sainsbury Plc Lombardy Retail Park,Coldharbour Lane,,Hayes,Sainsbury,Retailers - supermarkets/hypermarkets,7840,0,,518687,33366,517,foodhealthandsafety@hillingdon.gov.uk,Hillingdon,http://www.hillingdon.gov.uk/foodsafety,False,,UB3 3EX,2026-06-11T00:00:00,fhrs_5_en-gb,5,,FHRS,-0.405524,51.516702,0.0,5.0,0.0,Sainsbury's,sainsbury,"J Sainsbury Plc Lombardy Retail Park, Coldharbour Lane, UB3 3EX",NEEDS_CHECK,Sainsbury's store format unclear from FHRS record,UB33EX,2,YES,"Sainsbury's Hayes, Lombardy Retail Park, Coldharbour Lane, UB3 3EX, is a superstore with a ""Food to Go"" section that includes a bakery.",,,GROCER_BAKERY
Tesco Extra,Glencoe Road,,Hayes,Tesco,Retailers - supermarkets/hypermarkets,7840,0,,518863,40781,517,foodhealthandsafety@hillingdon.gov.uk,Hillingdon,http://www.hillingdon.gov.uk/foodsafety,False,,UB4 9SQ,2024-09-11T00:00:00,fhrs_5_en-gb,5,,FHRS,-0.385086,51.524865,5.0,5.0,5.0,Tesco,tesco,"Tesco Extra, Glencoe Road, UB4 9SQ",NEEDS_CHECK,Tesco store format unclear from FHRS record,UB49SQ,1,YES,"Tesco Extra, Glencoe Road, UB4 9SQ, is a large format store with a bakery counter.",,,GROCER_BAKERY
,482 Uxbridge Road,,Hayes,Lidl,Retailers - supermarkets/hypermarkets,7840,0,,518875,40950,517,foodhealthandsafety@hillingdon.gov.uk,Hillingdon,http://www.hillingdon.gov.uk/foodsafety,False,,UB4 0SD,2023-10-18T00:00:00,fhrs_5_en-gb,5,,FHRS,-0.408694,51.518381,0.0,0.0,0.0,Lidl,lidl,"482 Uxbridge Road, UB4 0SD",AUTO_INCLUDE,Lidl supermarket with established bakery provision,UB40SD,1,YES,Lidl stores typically have an in-store bakery with freshly baked products.,,,GROCER_BAKERY
Tesco Extra,Chantry Close,,West Drayton,Tesco,Retailers - supermarkets/hypermarkets,7840,0,,519604,46141,517,foodhealthandsafety@hillingdon.gov.uk,Hillingdon,http://www.hillingdon.gov.uk/foodsafety,False,,UB7 7FP,2023-11-27T00:00:00,fhrs_5_en-gb,5,,FHRS,-0.477337,51.515569,0.0,5.0,0.0,Tesco,tesco,"Tesco Extra, Chantry Close, UB7 7FP",NEEDS_CHECK,Tesco store format unclear from FHRS record,UB77FP,1,YES,"This is a Tesco Extra, which is a hypermarket format likely to have substantial bakery provision, and Tesco trials new in-store bakery concepts in large stores.",,,GROCER_BAKERY
,54 High Street,,Uxbridge,Marks & Spencer Plc,Retailers - supermarkets/hypermarkets,7840,0,,519873,47851,517,foodhealthandsafety@hillingdon.gov.uk,Hillingdon,http://www.hillingdon.gov.uk/foodsafety,False,,UB8 1TL,2021-09-29T00:00:00,fhrs_5_en-gb,5,,FHRS,-0.480699,51.546627,0.0,0.0,0.0,M&S,marks & spencer plc,"54 High Street, UB8 1TL",NEEDS_CHECK,Larger M&S store: bakery provision to confirm,UB81TL,1,YES,"M&S Uxbridge at 54 High Street, UB8 1TL, has a Food Hall that includes ""delicious bakery items"" and an M&S Café offering pastries.",,,GROCER_BAKERY
,9 Kingsend,,Ruislip,Waitrose Ltd,Retailers - supermarkets/hypermarkets,7840,0,,520481,53397,517,foodhealthandsafety@hillingdon.gov.uk,Hillingdon,http://www.hillingdon.gov.uk/foodsafety,False,,HA4 7DS,2025-10-09T00:00:00,fhrs_5_en-gb,5,,FHRS,-0.423035,51.571377,0.0,0.0,0.0,Waitrose,waitrose ltd,"9 Kingsend, HA4 7DS",NEEDS_CHECK,Full Waitrose store: bakery provision to confirm,HA47DS,1,YES,"Waitrose Ruislip at 9 Kingsend, HA4 7DS, is a supermarket that lists ""Bakery and Patisserie"" as an available facility.",,,GROCER_BAKERY
,52 Green Lane,,Northwood,Waitrose Ltd,Retailers - supermarkets/hypermarkets,7840,0,,537473,53756,517,foodhealthandsafety@hillingdon.gov.uk,Hillingdon,http://www.hillingdon.gov.uk/foodsafety,False,,HA6 2XW,2025-06-24T00:00:00,fhrs_5_en-gb,5,,FHRS,-0.423329,51.611252,0.0,0.0,0.0,Waitrose,waitrose ltd,"52 Green Lane, HA6 2XW",NEEDS_CHECK,Full Waitrose store: bakery provision to confirm,HA62XW,1,YES,"Waitrose Northwood at 52 Green Lane, HA6 2XW, is a supermarket that explicitly mentions ""bakery runs"" and ""bakery items"" in its description.",,,GROCER_BAKERY
Lidl UK GmbH,137 Cowley Road,,Uxbridge,Lidl,Retailers - supermarkets/hypermarkets,7840,0,,696931,46568,517,foodhealthandsafety@hillingdon.gov.uk,Hillingdon,http://www.hillingdon.gov.uk/foodsafety,False,,UB8 2AG,2014-08-22T00:00:00,fhrs_5_en-gb,5,,FHRS,-0.482765,51.534793,5.0,5.0,5.0,Lidl,lidl,"Lidl UK GmbH, 137 Cowley Road, UB8 2AG",AUTO_INCLUDE,Lidl supermarket with established bakery provision,UB82AG,1,YES,Lidl stores typically have an in-store bakery with freshly baked products.,,,GROCER_BAKERY
Asda Stores Ltd,Millington Road,,Hayes,Asda Stores Ltd,Retailers - supermarkets/hypermarkets,7840,0,,811854,128861,517,foodhealthandsafety@hillingdon.gov.uk,Hillingdon,http://www.hillingdon.gov.uk/foodsafety,False,,UB3 4AZ,2025-04-29T00:00:00,fhrs_5_en-gb,5,,FHRS,-0.428399,51.501993,0.0,0.0,0.0,Asda,asda stores ltd,"Asda Stores Ltd, Millington Road, UB3 4AZ",NEEDS_CHECK,Asda store format unclear from FHRS record,UB34AZ,1,YES,"Asda Stores Ltd at Millington Road, UB3 4AZ, is an Asda Superstore with an in-store bakery and a cake counter.",,,GROCER_BAKERY
,6 Old Dairy Lane,,Ruislip,Asda,Retailers - supermarkets/hypermarkets,7840,0,,1010308,149089,517,foodhealthandsafety@hillingdon.gov.uk,Hillingdon,http://www.hillingdon.gov.uk/foodsafety,False,,HA4 0FY,2024-10-02T00:00:00,fhrs_5_en-gb,5,,FHRS,-0.3997375,51.5590093,5.0,5.0,5.0,Asda,asda,"6 Old Dairy Lane, HA4 0FY",NEEDS_CHECK,Asda store format unclear from FHRS record,HA40FY,1,YES,Asda South Ruislip Superstore has an in-store bakery and offers bakery items.,,,GROCER_BAKERY
,1 Central Avenue,,Hayes,Lidl,Retailers - supermarkets/hypermarkets,7840,0,,1030146,44757,517,foodhealthandsafety@hillingdon.gov.uk,Hillingdon,http://www.hillingdon.gov.uk/foodsafety,False,,UB3 2BN,2024-02-15T00:00:00,fhrs_5_en-gb,5,,FHRS,-0.41873899102211,51.5101089477539,0.0,0.0,0.0,Lidl,lidl,"1 Central Avenue, UB3 2BN",AUTO_INCLUDE,Lidl supermarket with established bakery provision,UB32BN,1,YES,"The provided information for this address refers to a Lidl in Yonkers, NY, not London.",YES,Image evidence of bakery provision,GROCER_BAKERY
Lidl,Victoria Road,,Ruislip,Lidl,Retailers - supermarkets/hypermarkets,7840,0,,1066295,149191,517,foodhealthandsafety@hillingdon.gov.uk,Hillingdon,http://www.hillingdon.gov.uk/foodsafety,False,,HA4 0QQ,2018-06-11T00:00:00,fhrs_5_en-gb,5,,FHRS,-0.397377997636795,51.5582618713379,5.0,5.0,5.0,Lidl,lidl,"Lidl, Victoria Road, HA4 0QQ",AUTO_INCLUDE,Lidl supermarket with established bakery provision,HA40QQ,1,YES,Lidl stores typically have an in-store bakery with freshly baked products.,,,GROCER_BAKERY
Unit 212 - 213 Intu Uxbridge The Chimes Shopping Centre,High Street,,Uxbridge,Lidl,Retailers - supermarkets/hypermarkets,7840,0,,1436921,149226,517,foodhealthandsafety@hillingdon.gov.uk,Hillingdon,http://www.hillingdon.gov.uk/foodsafety,False,,UB8 1GA,2022-03-29T00:00:00,fhrs_5_en-gb,5,,FHRS,-0.4764721,51.5456743,0.0,0.0,0.0,Lidl,lidl,"Unit 212 - 213 Intu Uxbridge The Chimes Shopping Centre, High Street, UB8 1GA",AUTO_INCLUDE,Lidl supermarket with established bakery provision,UB81GA,1,YES,Official store page and reviews confirm an in-store bakery with fresh pastries.,,,GROCER_BAKERY
,236 Chiswick High Road,Chiswick,,Marks & Spencer,Retailers - supermarkets/hypermarkets,7840,0,,490036,1198,518,foodsafety@hounslow.gov.uk,Hounslow,http://www.hounslow.gov.uk,False,,W4 1PJ,2024-06-20T00:00:00,fhrs_5_en-gb,5,,FHRS,-0.2578625,51.4928044,0.0,0.0,0.0,M&S,marks & spencer,"236 Chiswick High Road, Chiswick, W4 1PJ",NEEDS_CHECK,Larger M&S store: bakery provision to confirm,W41PJ,1,YES,Marks & Spencer at 236 Chiswick High Road has an in-store bakery and coffee counter.,,,GROCER_BAKERY
,356-362 Chiswick High Road,Chiswick,,Waitrose,Retailers - supermarkets/hypermarkets,7840,0,,490037,1199,518,foodsafety@hounslow.gov.uk,Hounslow,http://www.hounslow.gov.uk,False,,W4 5TA,2024-04-26T00:00:00,fhrs_5_en-gb,5,,FHRS,-0.263112,51.4927266,5.0,5.0,5.0,Waitrose,waitrose,"356-362 Chiswick High Road, Chiswick, W4 5TA",NEEDS_CHECK,Full Waitrose store: bakery provision to confirm,W45TA,2,YES,Waitrose at 356-362 Chiswick High Road has a bakery department and offers made-in-branch baguettes.,,,GROCER_BAKERY
Tesco,Mogden Lane,Isleworth,,Tesco Stores Ltd (Main Store),Retailers - supermarkets/hypermarkets,7840,0,,490225,15,518,foodsafety@hounslow.gov.uk,Hounslow,http://www.hounslow.gov.uk,False,,TW7 7JY,2022-08-11T00:00:00,fhrs_5_en-gb,5,,FHRS,-0.3374143,51.459046,5.0,5.0,0.0,Tesco,tesco stores ltd (main store),"Tesco, Mogden Lane, Isleworth, TW7 7JY",AUTO_INCLUDE,Large Tesco supermarket format,TW77JY,1,YES,Tesco's official store locator lists a bakery counter.,,,GROCER_BAKERY
,228-246 High Street,Brentford,,Lidl,Retailers - supermarkets/hypermarkets,7840,0,,490310,2,518,foodsafety@hounslow.gov.uk,Hounslow,http://www.hounslow.gov.uk,False,,TW8 0JG,2025-09-02T00:00:00,fhrs_5_en-gb,5,,FHRS,-0.3056881,51.4838917,0.0,0.0,0.0,Lidl,lidl,"228-246 High Street, Brentford, TW8 0JG",AUTO_INCLUDE,Lidl supermarket with established bakery provision,TW80JG,1,YES,Lidl's store page and news articles confirm an in-store bakery.,,,GROCER_BAKERY
Asda Superstore,Tilley Road,Feltham,,Asda Stores Limited,Retailers - supermarkets/hypermarkets,7840,0,,490345,22883,518,foodsafety@hounslow.gov.uk,Hounslow,http://www.hounslow.gov.uk,False,,TW13 4AU,2025-08-28T00:00:00,fhrs_5_en-gb,5,,FHRS,-0.410988986492157,51.4466018676758,5.0,5.0,0.0,Asda,asda stores limited,"Asda Superstore, Tilley Road, Feltham, TW13 4AU",NEEDS_CHECK,Asda store format unclear from FHRS record,TW134AU,2,YES,Asda's website lists an in-store bakery for this superstore.,,,GROCER_BAKERY
Asda The Blenheim Centre,Prince Regent Road,Hounslow,,Asda,Retailers - supermarkets/hypermarkets,7840,0,,490362,23510,518,foodsafety@hounslow.gov.uk,Hounslow,http://www.hounslow.gov.uk,False,,TW3 1NL,2024-05-03T00:00:00,fhrs_5_en-gb,5,,FHRS,-0.361663013696671,51.4708557128906,0.0,0.0,0.0,Asda,asda,"Asda The Blenheim Centre, Prince Regent Road, Hounslow, TW3 1NL",NEEDS_CHECK,Asda store format unclear from FHRS record,TW31NL,1,YES,Asda Hounslow at The Blenheim Centre is a superstore format and its listing mentions a bakery.,,,GROCER_BAKERY
Unit 1 Ivybridge Retail Park,Twickenham Road,Isleworth,,Lidl,Retailers - supermarkets/hypermarkets,7840,0,,490556,29234,518,foodsafety@hounslow.gov.uk,Hounslow,http://www.hounslow.gov.uk,False,,TW7 7DY,2024-05-03T00:00:00,fhrs_5_en-gb,5,,FHRS,-0.3320124,51.4596248,0.0,0.0,0.0,Lidl,lidl,"Unit 1 Ivybridge Retail Park, Twickenham Road, Isleworth, TW7 7DY",AUTO_INCLUDE,Lidl supermarket with established bakery provision,TW77DY,1,YES,Insufficient evidence to confirm substantial bakery provision at this specific Lidl location.,YES,Image evidence of bakery provision,GROCER_BAKERY
,31 Essex Place,Chiswick,,Sainsbury's,Retailers - supermarkets/hypermarkets,7840,0,,490603,3,518,foodsafety@hounslow.gov.uk,Hounslow,http://www.hounslow.gov.uk,False,,W4 5UT,2024-05-05T00:00:00,fhrs_5_en-gb,5,,FHRS,-0.2651698,51.4935421,0.0,5.0,0.0,Sainsbury's,sainsbury's,"31 Essex Place, Chiswick, W4 5UT",NEEDS_CHECK,Sainsbury's store format unclear from FHRS record,W45UT,1,YES,"Sainsbury's Chiswick Superstore has an in-store bakery and a substantial ""Food to Go"" bakery section.",,,GROCER_BAKERY
,98 High Street,Feltham,,Tesco Stores Ltd (Main Store),Retailers - supermarkets/hypermarkets,7840,0,,490752,4,518,foodsafety@hounslow.gov.uk,Hounslow,http://www.hounslow.gov.uk,False,,TW13 4EX,2024-04-05T00:00:00,fhrs_5_en-gb,5,,FHRS,-0.4131914,51.4437951,0.0,0.0,0.0,Tesco,tesco stores ltd (main store),"98 High Street, Feltham, TW13 4EX",AUTO_INCLUDE,Large Tesco supermarket format,TW134EX,1,YES,Tesco's official store page and reviews confirm a bakery counter.,,,GROCER_BAKERY
Unit 5 Bullsbridge Industrial Estate,Hayes Road,Southall,,Tesco Stores Ltd (Main Store),Retailers - supermarkets/hypermarkets,7840,0,,490935,6112,518,foodsafety@hounslow.gov.uk,Hounslow,http://www.hounslow.gov.uk,False,,UB2 5LN,2022-08-19T00:00:00,fhrs_5_en-gb,5,,FHRS,-0.4043454,51.4983704,0.0,0.0,0.0,Tesco,tesco stores ltd (main store),"Unit 5 Bullsbridge Industrial Estate, Hayes Road, Southall, UB2 5LN",AUTO_INCLUDE,Large Tesco supermarket format,UB25LN,1,YES,Insufficient evidence to confirm substantial bakery provision at this specific Tesco location.,YES,Image evidence of bakery provision,GROCER_BAKERY
Tesco Extra,Syon Lane,Isleworth,,Tesco Stores Ltd (Main Store),Retailers - supermarkets/hypermarkets,7840,0,,491129,7996,518,foodsafety@hounslow.gov.uk,Hounslow,http://www.hounslow.gov.uk,False,,TW7 5NZ,2022-07-22T00:00:00,fhrs_5_en-gb,5,,FHRS,,,0.0,0.0,0.0,Tesco,tesco stores ltd (main store),"Tesco Extra, Syon Lane, Isleworth, TW7 5NZ",AUTO_INCLUDE,Large Tesco supermarket format,TW75NZ,1,YES,Tesco's official store page lists a bakery counter.,,,GROCER_BAKERY
Tesco Superstore,Dukes Green Avenue,Feltham,,Tesco Stores Ltd (Main Store),Retailers - supermarkets/hypermarkets,7840,0,,491206,8986,518,foodsafety@hounslow.gov.uk,Hounslow,http://www.hounslow.gov.uk,False,,TW14 0LT,2025-06-27T00:00:00,fhrs_5_en-gb,5,,FHRS,-0.415068000555038,51.4593086242676,0.0,0.0,0.0,Tesco,tesco stores ltd (main store),"Tesco Superstore, Dukes Green Avenue, Feltham, TW14 0LT",AUTO_INCLUDE,Large Tesco supermarket format,TW140LT,2,YES,Tesco's official store page and reviews confirm a bakery counter.,,,GROCER_BAKERY
Lidl Uk Gmbh,New Road,Feltham,,Lidl,Retailers - supermarkets/hypermarkets,7840,0,,491304,9765,518,foodsafety@hounslow.gov.uk,Hounslow,http://www.hounslow.gov.uk,False,,TW14 9BG,2022-08-16T00:00:00,fhrs_5_en-gb,5,,FHRS,-0.40930500626564,51.4486923217773,5.0,5.0,0.0,Lidl,lidl,"Lidl Uk Gmbh, New Road, Feltham, TW14 9BG",AUTO_INCLUDE,Lidl supermarket with established bakery provision,TW149BG,1,YES,Lidl's official store page and reviews highlight a bakery section.,,,GROCER_BAKERY
Halfords Unit A,Hospital Road,Hounslow,,Lidl Great Britain Limited,Retailers - supermarkets/hypermarkets,7840,0,,621547,8520,518,foodsafety@hounslow.gov.uk,Hounslow,http://www.hounslow.gov.uk,False,,TW3 3HY,1901-01-01T00:00:00,fhrs_awaitinginspection_en-gb,AwaitingInspection,,FHRS,-0.371109008789062,51.4677429199219,,,,Lidl,lidl great britain limited,"Halfords Unit A, Hospital Road, Hounslow, TW3 3HY",AUTO_INCLUDE,Lidl supermarket with established bakery provision,TW33HY,2,YES,Lidl's official store page and local listings indicate a bakery.,,,GROCER_BAKERY
,5 Bulls Bridge Industrial Estate,Hayes Road,,Lidl,Retailers - supermarkets/hypermarkets,7840,0,,1545261,171010,518,foodsafety@hounslow.gov.uk,Hounslow,http://www.hounslow.gov.uk,False,,UB2 5LN,2025-03-18T00:00:00,fhrs_5_en-gb,5,,FHRS,-0.4054625,51.4990382,5.0,5.0,5.0,Lidl,lidl,"5 Bulls Bridge Industrial Estate, Hayes Road, UB2 5LN",AUTO_INCLUDE,Lidl supermarket with established bakery provision,UB25LN,1,YES,"The Lidl store at Bulls Bridge Industrial Estate, Hayes Road, is a full-size supermarket with an in-store bakery.",,,GROCER_BAKERY
Land behind,128 High Street,Brentford,,Wm Morrisons Supermarket Limited,Retailers - supermarkets/hypermarkets,7840,0,,1583269,171100,518,foodsafety@hounslow.gov.uk,Hounslow,http://www.hounslow.gov.uk,False,,TW8 8EW,2026-07-08T00:00:00,fhrs_5_en-gb,5,,FHRS,-0.3090989,51.4827152,0.0,0.0,0.0,Morrisons,wm morrisons supermarket limited,"Land behind, 128 High Street, Brentford, TW8 8EW",AUTO_INCLUDE,Full-format Morrisons supermarket,TW88EW,1,YES,"The Morrisons on High Street, Brentford, features a Market Kitchen and Market Street with fresh food counters.",,,GROCER_BAKERY
Morrisons,10 Hertslet Road,London,N7 6PL,Morrisons,Retailers - supermarkets/hypermarkets,7840,0,,416027,PI/000004797,519,Commercial.Envh@islington.gov.uk,Islington,http://www.islington.gov.uk,False,,N7 6PL,2025-10-15T00:00:00,fhrs_5_en-gb,5,,FHRS,-0.1166953,51.5571957,0.0,5.0,0.0,Morrisons,morrisons,"Morrisons, 10 Hertslet Road, London, N7 6PL",AUTO_INCLUDE,Full-format Morrisons supermarket,N76PL,1,YES,"While identified as a Morrisons supermarket, there is no specific mention of bakery provision for this exact address.",YES,There is evidence online of this store having bakery provisions,GROCER_BAKERY
Waitrose,21 Liverpool Road,London,N1 0RW,Waitrose,Retailers - supermarkets/hypermarkets,7840,0,,416726,PI/000096828,519,Commercial.Envh@islington.gov.uk,Islington,http://www.islington.gov.uk,False,,N1 0RW,2024-11-29T00:00:00,fhrs_5_en-gb,5,,FHRS,-0.1074059,51.5338901,5.0,5.0,0.0,Waitrose,waitrose,"Waitrose, 21 Liverpool Road, London, N1 0RW",NEEDS_CHECK,Full Waitrose store: bakery provision to confirm,N10RW,1,YES,"Waitrose at 21 Liverpool Road, N1 0RW has a dedicated bakery department listed on its official store page.",,,GROCER_BAKERY
Sainsbury's,317 Upper Street,London,N1 2XQ,Sainsbury's,Retailers - supermarkets/hypermarkets,7840,0,,416919,PI/000105897,519,Commercial.Envh@islington.gov.uk,Islington,http://www.islington.gov.uk,False,,N1 2XQ,2023-12-12T00:00:00,fhrs_5_en-gb,5,,FHRS,-0.1029014,51.5373754,0.0,0.0,0.0,Sainsbury's,sainsbury's,"Sainsbury's, 317 Upper Street, London, N1 2XQ",NEEDS_CHECK,Sainsbury's store format unclear from FHRS record,N12XQ,1,YES,"Sainsbury's Upper Street Local lists ""Bakery"" under its Food to Go options.",,,GROCER_BAKERY
Waitrose,6 Cherry Tree Walk,London,,Waitrose,Retailers - supermarkets/hypermarkets,7840,0,,416999,PI/000119038,519,Commercial.Envh@islington.gov.uk,Islington,http://www.islington.gov.uk,False,,,2024-12-06T00:00:00,fhrs_5_en-gb,5,,FHRS,,,5.0,5.0,5.0,Waitrose,waitrose,"Waitrose, 6 Cherry Tree Walk, London",NEEDS_CHECK,Full Waitrose store: bakery provision to confirm,,1,YES,"Waitrose & Partners Barbican lists ""Made-in-branch baguettes"" and a cafe with cakes and pastries.",,,GROCER_BAKERY
Marks & Spencer,Marks And Spencer,3-7 Liverpool Road,London,Marks & Spencer,Retailers - supermarkets/hypermarkets,7840,0,,417144,PI/000126208,519,Commercial.Envh@islington.gov.uk,Islington,http://www.islington.gov.uk,False,,N1 0RR,2024-11-18T00:00:00,fhrs_5_en-gb,5,,FHRS,-0.10626082,51.53324497,0.0,0.0,0.0,M&S,marks & spencer,"Marks & Spencer, Marks And Spencer, 3-7 Liverpool Road, N1 0RR",NEEDS_CHECK,Larger M&S store: bakery provision to confirm,N10RR,1,YES,"Marks & Spencer at 5 Liverpool Road, N1 0RR, lists ""Bakery"" as a department.",,,GROCER_BAKERY
Sainsbury's,325-331 Essex Road,London,,Sainsbury's,Retailers - supermarkets/hypermarkets,7840,0,,417267,PI/000142440,519,Commercial.Envh@islington.gov.uk,Islington,http://www.islington.gov.uk,False,,N1 2YG,2022-04-08T00:00:00,fhrs_5_en-gb,5,,FHRS,-0.0903629,51.5438742,0.0,0.0,0.0,Sainsbury's,sainsbury's,"Sainsbury's, 325-331 Essex Road, London, N1 2YG",NEEDS_CHECK,Sainsbury's store format unclear from FHRS record,N12YG,1,YES,"Sainsbury's Essex Road Local lists ""Bakery"" under its Food to Go options.",,,GROCER_BAKERY
Marks & Spencer,70 Finsbury Pavement,London,EC2A 1SA,Marks & Spencer,Retailers - supermarkets/hypermarkets,7840,0,,417410,PI/000150201,519,Commercial.Envh@islington.gov.uk,Islington,http://www.islington.gov.uk,False,,EC2A 1SA,2024-11-18T00:00:00,fhrs_5_en-gb,5,,FHRS,-0.0872736,51.5195348,0.0,0.0,0.0,M&S,marks & spencer,"Marks & Spencer, 70 Finsbury Pavement, London, EC2A 1SA",NEEDS_CHECK,Larger M&S store: bakery provision to confirm,EC2A1SA,1,YES,"Marks & Spencer at 70 Finsbury Pavement lists ""Bakery"" as a department.",,,GROCER_BAKERY
Waitrose,174 St John Street,London,EC1V 4DE,Waitrose,Retailers - supermarkets/hypermarkets,7840,0,,417441,PI/000150771,519,Commercial.Envh@islington.gov.uk,Islington,http://www.islington.gov.uk,False,,EC1V 4DE,2025-01-09T00:00:00,fhrs_5_en-gb,5,,FHRS,-0.1027058,51.524174,5.0,5.0,5.0,Waitrose,waitrose,"Waitrose, 174 St John Street, London, EC1V 4DE",NEEDS_CHECK,Full Waitrose store: bakery provision to confirm,EC1V4DE,1,YES,"Waitrose Clerkenwell lists ""baked goods"" and competes with main stores.",,,GROCER_BAKERY
Sainsbury's,31-41 Liverpool Road,London,,Sainsbury's,Retailers - supermarkets/hypermarkets,7840,0,,417515,PI/000151146,519,Commercial.Envh@islington.gov.uk,Islington,http://www.islington.gov.uk,False,,N1 0RW,2024-11-18T00:00:00,fhrs_5_en-gb,5,,FHRS,-0.1072746,51.5342747,0.0,0.0,0.0,Sainsbury's,sainsbury's,"Sainsbury's, 31-41 Liverpool Road, London, N1 0RW",NEEDS_CHECK,Sainsbury's store format unclear from FHRS record,N10RW,1,YES,Sainsbury's Liverpool Road is a Superstore with a dedicated bakery section.,,,GROCER_BAKERY
Sainsbury's,301 St John Street,London,EC1R 4AE,Sainsbury's,Retailers - supermarkets/hypermarkets,7840,0,,485850,PI/000259812,519,Commercial.Envh@islington.gov.uk,Islington,http://www.islington.gov.uk,False,,EC1R 4AE,2015-09-18T00:00:00,fhrs_5_en-gb,5,,FHRS,-0.1049996,51.527952,0.0,0.0,0.0,Sainsbury's,sainsbury's,"Sainsbury's, 301 St John Street, London, EC1R 4AE",NEEDS_CHECK,Sainsbury's store format unclear from FHRS record,EC1R4AE,1,YES,"Sainsbury's St John Street Local lists a ""Bakery"" in its Food to Go section.",,,GROCER_BAKERY
Sainsbury's,311 Holloway Road,London,N7 9DS,Sainsbury's,Retailers - supermarkets/hypermarkets,7840,0,,594263,PI/000263199,519,Commercial.Envh@islington.gov.uk,Islington,http://www.islington.gov.uk,False,,N7 9DS,2016-05-06T00:00:00,fhrs_5_en-gb,5,,FHRS,-0.1138136,51.5536243,0.0,0.0,0.0,Sainsbury's,sainsbury's,"Sainsbury's, 311 Holloway Road, London, N7 9DS",NEEDS_CHECK,Sainsbury's store format unclear from FHRS record,N79DS,1,YES,"Sainsbury's Holloway Road Local lists ""Bakery"" under its food counters.",,,GROCER_BAKERY
Sainsbury's,465B Caledonian Road,London,N7 9GX,Sainsbury's,Retailers - supermarkets/hypermarkets,7840,0,,669078,PI/000262705,519,Commercial.Envh@islington.gov.uk,Islington,http://www.islington.gov.uk,False,,N7 9GX,2014-05-15T00:00:00,fhrs_5_en-gb,5,,FHRS,-0.1182633,51.5478686,0.0,0.0,0.0,Sainsbury's,sainsbury's,"Sainsbury's, 465B Caledonian Road, London, N7 9GX",NEEDS_CHECK,Sainsbury's store format unclear from FHRS record,N79GX,1,YES,"Sainsbury's Caledonian Road Station Local lists ""Bakery"" under its food to go options.",,,GROCER_BAKERY
Waitrose,366 Holloway Road,London,,Waitrose,Retailers - supermarkets/hypermarkets,7840,0,,701777,PI/000123022,519,Commercial.Envh@islington.gov.uk,Islington,http://www.islington.gov.uk,False,,N7 6PA,2025-11-17T00:00:00,fhrs_5_en-gb,5,,FHRS,-0.1163843,51.5559947,5.0,5.0,5.0,Waitrose,waitrose,"Waitrose, 366 Holloway Road, London, N7 6PA",NEEDS_CHECK,Full Waitrose store: bakery provision to confirm,N76PA,1,YES,"Waitrose Holloway Road lists ""Bakery"" as one of its departments and offers in-store bakery items for delivery.",,,GROCER_BAKERY
Marks & Spencer,Hill House,17 Highgate Hill,London,Marks & Spencer,Retailers - supermarkets/hypermarkets,7840,0,,1171222,PI/000282729,519,Commercial.Envh@islington.gov.uk,Islington,http://www.islington.gov.uk,False,,,2025-10-22T00:00:00,fhrs_5_en-gb,5,,FHRS,-0.1530237,51.563879,0.0,0.0,0.0,M&S,marks & spencer,"Marks & Spencer, Hill House, 17 Highgate Hill",NEEDS_CHECK,Larger M&S store: bakery provision to confirm,,1,YES,"The postcode for this Marks & Spencer is unknown, making it difficult to verify the specific store and its bakery provision.",YES,This is a M&S Food Hall and online it features a Bakery,GROCER_BAKERY
Marks & Spencer,201 Old Street,London,EC1V 9NP,Marks & Spencer,Retailers - supermarkets/hypermarkets,7840,0,,1247114,PI/000283839,519,Commercial.Envh@islington.gov.uk,Islington,http://www.islington.gov.uk,False,,EC1V 9NP,2024-04-19T00:00:00,fhrs_5_en-gb,5,,FHRS,-0.0904912,51.5256573,0.0,5.0,0.0,M&S,marks & spencer,"Marks & Spencer, 201 Old Street, London, EC1V 9NP",NEEDS_CHECK,Larger M&S store: bakery provision to confirm,EC1V9NP,1,YES,The M&S Old Street store is listed as having a bakery department.,,,GROCER_BAKERY
Lidl,422-434 Holloway Road,London,N7 6QA,Lidl,Retailers - supermarkets/hypermarkets,7840,0,,1255910,PI/000286286,519,Commercial.Envh@islington.gov.uk,Islington,http://www.islington.gov.uk,False,,N7 6QA,2026-03-16T00:00:00,fhrs_5_en-gb,5,,FHRS,-0.1182327,51.5573463,0.0,0.0,0.0,Lidl,lidl,"Lidl, 422-434 Holloway Road, London, N7 6QA",AUTO_INCLUDE,Lidl supermarket with established bakery provision,N76QA,1,YES,"The Lidl on Holloway Road, London, is a supermarket that lists an in-store bakery.",,,GROCER_BAKERY
Lidl,Ground Floor reception Arts Building,2-10 Morris Place,London,Lidl,Retailers - supermarkets/hypermarkets,7840,0,,1403339,PI/000287257,519,Commercial.Envh@islington.gov.uk,Islington,http://www.islington.gov.uk,False,,N4 3JG,2026-03-16T00:00:00,fhrs_5_en-gb,5,,FHRS,-0.1077119,51.5661425,5.0,0.0,0.0,Lidl,lidl,"Lidl, Ground Floor reception Arts Building, 2-10 Morris Place, N4 3JG",AUTO_INCLUDE,Lidl supermarket with established bakery provision,N43JG,1,YES,"The Lidl store on Morris Place, London, includes a bakery section.",,,GROCER_BAKERY
Marks & Spencer,6 City North Place,London,,Marks & Spencer,Retailers - supermarkets/hypermarkets,7840,0,,1569080,PI/000198376,519,Commercial.Envh@islington.gov.uk,Islington,http://www.islington.gov.uk,False,,N4 3FU,2025-10-22T00:00:00,fhrs_5_en-gb,5,,FHRS,-0.1073899,51.5648604,0.0,0.0,0.0,M&S,marks & spencer,"Marks & Spencer, 6 City North Place, London, N4 3FU",NEEDS_CHECK,Larger M&S store: bakery provision to confirm,N43FU,1,YES,This M&S Foodhall in Finsbury Park has a large in-store bakery.,,,GROCER_BAKERY
Marks & Spencer Foodhall,1 Archway Mall,London,N19 5RG,Marks & Spencer Foodhall,Retailers - supermarkets/hypermarkets,7840,0,,1766669,PI/000296293,519,Commercial.Envh@islington.gov.uk,Islington,http://www.islington.gov.uk,False,,N19 5RG,2024-11-11T00:00:00,fhrs_5_en-gb,5,,FHRS,-0.13501,51.566,0.0,0.0,0.0,M&S,marks & spencer foodhall,"Marks & Spencer Foodhall, 1 Archway Mall, London, N19 5RG",NEEDS_CHECK,Larger M&S store: bakery provision to confirm,N195RG,1,YES,"This is an M&S Foodhall, which is confirmed to have a bakery department and offers a wide range of baked goods.",,,GROCER_BAKERY
1-2 Gloucester Road Arcade,128 Gloucester Road,LONDON,,Waitrose,Retailers - supermarkets/hypermarkets,7840,0,,333425,INSPF/01/750231,520,food.hygiene@rbkc.gov.uk,Kensington and Chelsea,http://www.rbkc.gov.uk,False,,SW7 4SF,2025-11-19T00:00:00,fhrs_5_en-gb,5,,FHRS,-0.183555,51.494509,0.0,5.0,0.0,Waitrose,waitrose,"1-2 Gloucester Road Arcade, 128 Gloucester Road, LONDON, SW7 4SF",NEEDS_CHECK,Full Waitrose store: bakery provision to confirm,SW74SF,1,YES,Waitrose Gloucester Road is a full-size supermarket with a bakery.,,,GROCER_BAKERY
243 Kensington High Street,LONDON,,,Waitrose,Retailers - supermarkets/hypermarkets,7840,0,,333529,INSPF/04/817541,520,food.hygiene@rbkc.gov.uk,Kensington and Chelsea,http://www.rbkc.gov.uk,False,,W8 6SA,2025-03-24T00:00:00,fhrs_5_en-gb,5,,FHRS,-0.197781,51.499081,0.0,5.0,0.0,Waitrose,waitrose,"243 Kensington High Street, LONDON, W8 6SA",NEEDS_CHECK,Full Waitrose store: bakery provision to confirm,W86SA,1,YES,Waitrose Kensington High Street is a large store with a bakery and patisserie.,,,GROCER_BAKERY
Sainsburys,161-165 Ladbroke Grove,LONDON,,Sainsbury's,Retailers - supermarkets/hypermarkets,7840,0,,334202,INSPF/11/101080,520,food.hygiene@rbkc.gov.uk,Kensington and Chelsea,http://www.rbkc.gov.uk,False,,W10 6HJ,2024-01-02T00:00:00,fhrs_5_en-gb,5,,FHRS,-0.2105023,51.5176671,0.0,0.0,0.0,Sainsbury's,sainsbury's,"Sainsburys, 161-165 Ladbroke Grove, LONDON, W10 6HJ",NEEDS_CHECK,Sainsbury's store format unclear from FHRS record,W106HJ,1,YES,Sainsbury's Local Ladbroke Grove lists a bakery as one of its facilities.,,,GROCER_BAKERY
158A Cromwell Road,LONDON,,,Sainsbury's,Retailers - supermarkets/hypermarkets,7840,0,,334461,INSPF/92/525677,520,food.hygiene@rbkc.gov.uk,Kensington and Chelsea,http://www.rbkc.gov.uk,False,,SW7 4EJ,2025-10-28T00:00:00,fhrs_5_en-gb,5,,FHRS,-0.18792,51.495611,0.0,5.0,0.0,Sainsbury's,sainsbury's,"158A Cromwell Road, LONDON, SW7 4EJ",NEEDS_CHECK,Sainsbury's store format unclear from FHRS record,SW74EJ,1,YES,Official store page lists a bakery department and Krispy Kreme.,,,GROCER_BAKERY
85-95 King's Road,LONDON,,,Marks & Spencer,Retailers - supermarkets/hypermarkets,7840,0,,334501,INSPF/92/526530,520,food.hygiene@rbkc.gov.uk,Kensington and Chelsea,http://www.rbkc.gov.uk,False,,SW3 4NX,2023-11-27T00:00:00,fhrs_5_en-gb,5,,FHRS,-0.164258,51.488966,0.0,0.0,0.0,M&S,marks & spencer,"85-95 King's Road, LONDON, SW3 4NX",NEEDS_CHECK,Larger M&S store: bakery provision to confirm,SW34NX,1,YES,M&S store details mention a Foodhall with bakery items.,,,GROCER_BAKERY
2 Canal Way,LONDON,,,Sainsbury's,Retailers - supermarkets/hypermarkets,7840,0,,334836,INSPF/94/552848,520,food.hygiene@rbkc.gov.uk,Kensington and Chelsea,http://www.rbkc.gov.uk,False,,W10 5AZ,2025-01-28T00:00:00,fhrs_5_en-gb,5,,FHRS,-0.217825,51.52631,0.0,5.0,0.0,Sainsbury's,sainsbury's,"2 Canal Way, LONDON, W10 5AZ",NEEDS_CHECK,Sainsbury's store format unclear from FHRS record,W105AZ,1,YES,Insufficient evidence to confirm substantial bakery provision for this specific Sainsbury's.,YES,There is substantial evidence online and through images that there is a bakery section instore,GROCER_BAKERY
113 Kensington High Street,LONDON,,,Marks & Spencer,Retailers - supermarkets/hypermarkets,7840,0,,334885,INSPF/94/561017,520,food.hygiene@rbkc.gov.uk,Kensington and Chelsea,http://www.rbkc.gov.uk,False,,W8 5SQ,2025-01-23T00:00:00,fhrs_5_en-gb,5,,FHRS,-0.191578,51.500739,0.0,5.0,0.0,M&S,marks & spencer,"113 Kensington High Street, LONDON, W8 5SQ",NEEDS_CHECK,Larger M&S store: bakery provision to confirm,W85SQ,1,YES,M&S store details mention a Foodhall with a bakery department.,,,GROCER_BAKERY
100A West Cromwell Road,LONDON,,,Tesco,Retailers - supermarkets/hypermarkets,7840,0,,335024,INSPF/99/682926,520,food.hygiene@rbkc.gov.uk,Kensington and Chelsea,http://www.rbkc.gov.uk,False,,W14 8PB,2026-06-17T00:00:00,fhrs_5_en-gb,5,,FHRS,-0.201606,51.493052,0.0,0.0,0.0,Tesco,tesco,"100A West Cromwell Road, LONDON, W14 8PB",NEEDS_CHECK,Tesco store format unclear from FHRS record,W148PB,1,YES,Official Tesco Superstore page lists a bakery counter.,,,GROCER_BAKERY
61-65 Kensington Church Street,LONDON,,,Sainsbury's,Retailers - supermarkets/hypermarkets,7840,0,,499784,INSPF/13/128475,520,food.hygiene@rbkc.gov.uk,Kensington and Chelsea,http://www.rbkc.gov.uk,False,,W8 4BA,2025-09-18T00:00:00,fhrs_4_en-gb,4,,FHRS,-0.193459,51.504176,0.0,10.0,0.0,Sainsbury's,sainsbury's,"61-65 Kensington Church Street, LONDON, W8 4BA",NEEDS_CHECK,Sainsbury's store format unclear from FHRS record,W84BA,1,YES,"Sainsbury's Kensington Church Street Local lists ""Bakery"" under its Food to Go services.",,,GROCER_BAKERY
75 Sloane Avenue,LONDON,,,Sainsbury's,Retailers - supermarkets/hypermarkets,7840,0,,676404,INSPF/01/749405,520,food.hygiene@rbkc.gov.uk,Kensington and Chelsea,http://www.rbkc.gov.uk,False,,SW3 3DJ,2023-09-06T00:00:00,fhrs_5_en-gb,5,,FHRS,-0.166345,51.492245,0.0,0.0,0.0,Sainsbury's,sainsbury's,"75 Sloane Avenue, LONDON, SW3 3DJ",NEEDS_CHECK,Sainsbury's store format unclear from FHRS record,SW33DJ,1,YES,"Sainsbury's Sloane Avenue Local lists ""Bakery"" under its Food to Go services.",,,GROCER_BAKERY
188-192 Portobello Road,LONDON,,,Sainsbury's,Retailers - supermarkets/hypermarkets,7840,0,,716743,INSPF/14/158708,520,food.hygiene@rbkc.gov.uk,Kensington and Chelsea,http://www.rbkc.gov.uk,False,,W11 1LA,2024-01-19T00:00:00,fhrs_5_en-gb,5,,FHRS,-0.205224,51.51647,0.0,5.0,0.0,Sainsbury's,sainsbury's,"188-192 Portobello Road, LONDON, W11 1LA",NEEDS_CHECK,Sainsbury's store format unclear from FHRS record,W111LA,1,YES,"Sainsbury's Portobello Road Local lists ""Bakery"" under its Food to Go services.",,,GROCER_BAKERY
132-136 Notting Hill Gate,LONDON,,,Waitrose,Retailers - supermarkets/hypermarkets,7840,0,,716758,INSPF/14/159801,520,food.hygiene@rbkc.gov.uk,Kensington and Chelsea,http://www.rbkc.gov.uk,False,,W11 3QG,2023-10-23T00:00:00,fhrs_5_en-gb,5,,FHRS,-0.1991368,51.5089111,0.0,5.0,0.0,Waitrose,waitrose,"132-136 Notting Hill Gate, LONDON, W11 3QG",NEEDS_CHECK,Full Waitrose store: bakery provision to confirm,W113QG,1,YES,"Little Waitrose Notting Hill Gate is described as having a ""bakery"" category.",,,GROCER_BAKERY
104-106 Notting Hill Gate,LONDON,,,Marks & Spencer Simply Foods Ltd,Retailers - supermarkets/hypermarkets,7840,0,,1286254,INSPF/20/266709,520,food.hygiene@rbkc.gov.uk,Kensington and Chelsea,http://www.rbkc.gov.uk,False,,W11 3QA,2025-08-04T00:00:00,fhrs_5_en-gb,5,,FHRS,-0.1979682,51.5091205,0.0,5.0,0.0,M&S,marks & spencer simply foods ltd,"104-106 Notting Hill Gate, LONDON, W11 3QA",NEEDS_CHECK,Larger M&S store: bakery provision to confirm,W113QA,1,YES,M&S Simply Food Notting Hill Gate lists a bakery department.,,,GROCER_BAKERY
196-198 King's Road,LONDON,,,Waitrose,Retailers - supermarkets/hypermarkets,7840,0,,1627526,INSPF/23/324362,520,food.hygiene@rbkc.gov.uk,Kensington and Chelsea,http://www.rbkc.gov.uk,False,,SW3 5XP,2025-08-20T00:00:00,fhrs_5_en-gb,5,,FHRS,-0.167031,51.488416,0.0,0.0,0.0,Waitrose,waitrose,"196-198 King's Road, LONDON, SW3 5XP",NEEDS_CHECK,Full Waitrose store: bakery provision to confirm,SW35XP,1,YES,Waitrose King's Road has a dedicated bakery department.,,,GROCER_BAKERY
31-35 Blagdon Road,New Malden,,,Lidl UK GMBH,Retailers - supermarkets/hypermarkets,7840,0,,1385257,07/07793/RBK,521,food.safety@kingston.gov.uk,Kingston-Upon-Thames,http://www.kingston.gov.uk,False,,KT3 4AH,2026-01-20T00:00:00,fhrs_5_en-gb,5,,FHRS,-0.2538214,51.4002894,5.0,5.0,0.0,Lidl,lidl uk gmbh,"31-35 Blagdon Road, New Malden, KT3 4AH",AUTO_INCLUDE,Lidl supermarket with established bakery provision,KT34AH,1,YES,"The Lidl on Blagdon Road, New Malden, offers a fresh bakery.",,,GROCER_BAKERY
6-12 Eden Walk,Kingston Upon Thames,,,Sainsbury's,Retailers - supermarkets/hypermarkets,7840,0,,1385848,21/00547/RBK,521,food.safety@kingston.gov.uk,Kingston-Upon-Thames,http://www.kingston.gov.uk,False,,KT1 1BU,2024-05-10T00:00:00,fhrs_5_en-gb,5,,FHRS,-0.3033712,51.4096881,5.0,5.0,0.0,Sainsbury's,sainsbury's,"6-12 Eden Walk, Kingston Upon Thames, KT1 1BU",NEEDS_CHECK,Sainsbury's store format unclear from FHRS record,KT11BU,1,YES,"Sainsbury's at Eden Walk is a ""Sainsbury's Supermarket"" and its official listing mentions a bakery counter.",,,GROCER_BAKERY
24-28 High Street,New Malden,,,Waitrose,Retailers - supermarkets/hypermarkets,7840,0,,1385887,21/01996/RBK,521,food.safety@kingston.gov.uk,Kingston-Upon-Thames,http://www.kingston.gov.uk,False,,KT3 4HE,2025-10-03T00:00:00,fhrs_5_en-gb,5,,FHRS,-0.2557217,51.4023877,5.0,0.0,0.0,Waitrose,waitrose,"24-28 High Street, New Malden, KT3 4HE",NEEDS_CHECK,Full Waitrose store: bakery provision to confirm,KT34HE,1,YES,"Waitrose New Malden lists a ""Patisserie"" as one of its facilities, indicating substantial bakery provision.",,,GROCER_BAKERY
15A Claremont Road,Surbiton,,,Waitrose,Retailers - supermarkets/hypermarkets,7840,0,,1385924,21/02779/RBK,521,food.safety@kingston.gov.uk,Kingston-Upon-Thames,http://www.kingston.gov.uk,False,,KT6 4QR,2026-02-24T00:00:00,fhrs_5_en-gb,5,,FHRS,-0.3050212,51.3938217,0.0,5.0,0.0,Waitrose,waitrose,"15A Claremont Road, Surbiton, KT6 4QR",NEEDS_CHECK,Full Waitrose store: bakery provision to confirm,KT64QR,1,YES,Waitrose Surbiton lists a bakery and patisserie as available services.,,,GROCER_BAKERY
Waitrose John Lewis,Wood Street,Kingston Upon Thames,,Waitrose,Retailers - supermarkets/hypermarkets,7840,0,,1385976,21/04388/RBK,521,food.safety@kingston.gov.uk,Kingston-Upon-Thames,http://www.kingston.gov.uk,False,,KT1 1TE,2026-06-11T00:00:00,fhrs_5_en-gb,5,,FHRS,-0.3066726,51.4115981,0.0,0.0,0.0,Waitrose,waitrose,"Waitrose John Lewis, Wood Street, Kingston Upon Thames, KT1 1TE",NEEDS_CHECK,Full Waitrose store: bakery provision to confirm,KT11TE,1,YES,Waitrose John Lewis in Kingston has substantial bakery and patisserie areas.,,,GROCER_BAKERY
26-32 Clarence Street,Kingston Upon Thames,,,Marks & Spencer Foodhall,Retailers - supermarkets/hypermarkets,7840,0,,1385990,21/05387/RBK,521,food.safety@kingston.gov.uk,Kingston-Upon-Thames,http://www.kingston.gov.uk,False,,KT1 1NU,2024-05-10T00:00:00,fhrs_5_en-gb,5,,FHRS,-0.3037643,51.4106482,0.0,5.0,0.0,M&S,marks & spencer foodhall,"26-32 Clarence Street, Kingston Upon Thames, KT1 1NU",NEEDS_CHECK,Larger M&S store: bakery provision to confirm,KT11NU,1,YES,M&S Foodhall Kingston has a large bakery and an in-store bakery.,,,GROCER_BAKERY
Sainsburys,Sury Basin,Kingston Upon Thames,,Sainsbury's,Retailers - supermarkets/hypermarkets,7840,0,,1386001,21/05703/RBK,521,food.safety@kingston.gov.uk,Kingston-Upon-Thames,http://www.kingston.gov.uk,False,,KT2 5NZ,2025-01-29T00:00:00,fhrs_5_en-gb,5,,FHRS,-0.303036,51.41579,0.0,5.0,0.0,Sainsbury's,sainsbury's,"Sainsburys, Sury Basin, Kingston Upon Thames, KT2 5NZ",NEEDS_CHECK,Sainsbury's store format unclear from FHRS record,KT25NZ,1,YES,Sainsbury's Sury Basin is a superstore with an in-store bakery.,,,GROCER_BAKERY
142 London Road,Kingston Upon Thames,,,Asda Stores Limited,Retailers - supermarkets/hypermarkets,7840,0,,1386250,21/18287/RBK,521,food.safety@kingston.gov.uk,Kingston-Upon-Thames,http://www.kingston.gov.uk,False,,KT2 6QL,2025-06-10T00:00:00,fhrs_5_en-gb,5,,FHRS,-0.2902737,51.4113564,0.0,5.0,0.0,Asda,asda stores limited,"142 London Road, Kingston Upon Thames, KT2 6QL",NEEDS_CHECK,Asda store format unclear from FHRS record,KT26QL,1,YES,"Asda Kingston on Thames is a supermarket, but no specific mention of substantial bakery provision was found.",YES,There is sufficient evidence including images of a bakery section and department in store as well as online,GROCER_BAKERY
50-58 Victoria Road,Surbiton,,,Sainsbury's,Retailers - supermarkets/hypermarkets,7840,0,,1386349,21/23735/RBK,521,food.safety@kingston.gov.uk,Kingston-Upon-Thames,http://www.kingston.gov.uk,False,,KT6 4NG,2025-09-01T00:00:00,fhrs_5_en-gb,5,,FHRS,-0.3077822,51.3914515,0.0,0.0,0.0,Sainsbury's,sainsbury's,"50-58 Victoria Road, Surbiton, KT6 4NG",NEEDS_CHECK,Sainsbury's store format unclear from FHRS record,KT64NG,1,YES,Sainsbury's Superstore lists a bakery in its services.,,,GROCER_BAKERY
64 Gordon Road,Kingston Upon Thames,,,Lidl Great Britain Limited,Retailers - supermarkets/hypermarkets,7840,0,,1583159,23/00012/COM,521,food.safety@kingston.gov.uk,Kingston-Upon-Thames,http://www.kingston.gov.uk,False,,KT2 6FN,2025-04-11T00:00:00,fhrs_5_en-gb,5,,FHRS,-0.2905221,51.4126037,0.0,5.0,5.0,Lidl,lidl great britain limited,"64 Gordon Road, Kingston Upon Thames, KT2 6FN",AUTO_INCLUDE,Lidl supermarket with established bakery provision,KT26FN,1,YES,"The Lidl on Gordon Road, Kingston Upon Thames, features an in-store bakery.",,,GROCER_BAKERY
78 Victoria Road,Surbiton,,,M&S Food,Retailers - supermarkets/hypermarkets,7840,0,,1638987,23/00285/COM,521,food.safety@kingston.gov.uk,Kingston-Upon-Thames,http://www.kingston.gov.uk,False,,KT6 4NS,2025-07-22T00:00:00,fhrs_5_en-gb,5,,FHRS,-0.3054291,51.3925056,5.0,5.0,0.0,M&S,m&s food,"78 Victoria Road, Surbiton, KT6 4NS",NEEDS_CHECK,Larger M&S store: bakery provision to confirm,KT64NS,1,YES,M&S Simply Food lists a bakery in its services.,,,GROCER_BAKERY
56 High Street,New Malden,,,M&S Food,Retailers - supermarkets/hypermarkets,7840,0,,1692095,24/00029/COM,521,food.safety@kingston.gov.uk,Kingston-Upon-Thames,http://www.kingston.gov.uk,False,,KT3 4EZ,2024-02-23T00:00:00,fhrs_5_en-gb,5,,FHRS,-0.2558722,51.4018324,0.0,5.0,0.0,M&S,m&s food,"56 High Street, New Malden, KT3 4EZ",NEEDS_CHECK,Larger M&S store: bakery provision to confirm,KT34EZ,1,YES,"M&S Food at 53-59 High Street, New Malden, KT3 4BY has an in-house M&S Bakery.",,,GROCER_BAKERY
64 Leatherhead Road,Chessington,,,Lidl Great Britain Limited,Retailers - supermarkets/hypermarkets,7840,0,,1783143,24/00509/COM,521,food.safety@kingston.gov.uk,Kingston-Upon-Thames,http://www.kingston.gov.uk,False,,KT9 2HY,2025-02-14T00:00:00,fhrs_5_en-gb,5,,FHRS,-0.3102794,51.3606874,5.0,5.0,5.0,Lidl,lidl great britain limited,"64 Leatherhead Road, Chessington, KT9 2HY",AUTO_INCLUDE,Lidl supermarket with established bakery provision,KT92HY,1,YES,"The Lidl on Leatherhead Road, Chessington, has a renowned bakery.",,,GROCER_BAKERY
Unit 1,Kingston Station,Wood Street,Kingston Upon Thames,Sainsburys Supermarkets,Retailers - supermarkets/hypermarkets,7840,0,,1946993,26/00252/COM,521,food.safety@kingston.gov.uk,Kingston-Upon-Thames,http://www.kingston.gov.uk,False,,KT1 1UJ,2026-06-18T00:00:00,fhrs_5_en-gb,5,,FHRS,-0.3013146,51.4126288,0.0,0.0,5.0,Sainsbury's,sainsburys supermarkets,"Unit 1, Kingston Station, Wood Street, KT1 1UJ",NEEDS_CHECK,Sainsbury's store format unclear from FHRS record,KT11UJ,1,YES,Sainsbury's Kingston Station Local lists a bakery in its Food to Go section.,,,GROCER_BAKERY
13 Acre Lane,London,,,Tesco,Retailers - supermarkets/hypermarkets,7840,0,,482932,00100/0013/2/000,522,foodhealthandsafety@lambeth.gov.uk,Lambeth,http://www.lambeth.gov.uk,False,,SW2 5RS,2024-02-13T00:00:00,fhrs_5_en-gb,5,,FHRS,-0.119779,51.459863,0.0,5.0,0.0,Tesco,tesco,"13 Acre Lane, London, SW2 5RS",NEEDS_CHECK,Tesco store format unclear from FHRS record,SW25RS,1,YES,Tesco Brixton Superstore has a bakery and Krispy Kreme.,,,GROCER_BAKERY
425 Brixton Road,London,,,Sainsbury's,Retailers - supermarkets/hypermarkets,7840,0,,482997,05/00033/COMM,522,foodhealthandsafety@lambeth.gov.uk,Lambeth,http://www.lambeth.gov.uk,False,,SW9 8HE,2025-03-21T00:00:00,fhrs_5_en-gb,5,,FHRS,-0.114564,51.462747,0.0,0.0,0.0,Sainsbury's,sainsbury's,"425 Brixton Road, London, SW9 8HE",NEEDS_CHECK,Sainsbury's store format unclear from FHRS record,SW98HE,1,YES,Sainsbury's Brixton Station Local lists a bakery and Krispy Kreme.,,,GROCER_BAKERY
132A Herne Hill,London,,,Sainsbury's,Retailers - supermarkets/hypermarkets,7840,0,,483016,05/00072/COMM,522,foodhealthandsafety@lambeth.gov.uk,Lambeth,http://www.lambeth.gov.uk,False,,SE24 9QJ,2023-11-06T00:00:00,fhrs_5_en-gb,5,,FHRS,-0.10138,51.453289,5.0,5.0,0.0,Sainsbury's,sainsbury's,"132A Herne Hill, London, SE24 9QJ",NEEDS_CHECK,Sainsbury's store format unclear from FHRS record,SE249QJ,1,YES,Sainsbury's Herne Hill Local lists a bakery counter.,,,GROCER_BAKERY
101 Waterloo Road,London,,,Sainsbury's,Retailers - supermarkets/hypermarkets,7840,0,,483047,05/00131/COMM,522,foodhealthandsafety@lambeth.gov.uk,Lambeth,http://www.lambeth.gov.uk,False,,SE1 8UL,2023-10-14T00:00:00,fhrs_5_en-gb,5,,FHRS,-0.110076,51.502727,0.0,5.0,5.0,Sainsbury's,sainsbury's,"101 Waterloo Road, London, SE1 8UL",NEEDS_CHECK,Sainsbury's store format unclear from FHRS record,SE18UL,1,YES,Sainsbury's Waterloo Local lists a bakery and Krispy Kreme.,,,GROCER_BAKERY
Lidl Store,71 - 73 Acre Lane,London,,Lidl,Retailers - supermarkets/hypermarkets,7840,0,,483068,05/00179/COMM,522,foodhealthandsafety@lambeth.gov.uk,Lambeth,http://www.lambeth.gov.uk,False,,SW2 5TN,2026-02-19T00:00:00,fhrs_5_en-gb,5,,FHRS,-0.123265,51.459451,0.0,0.0,5.0,Lidl,lidl,"Lidl Store, 71 - 73 Acre Lane, London, SW2 5TN",AUTO_INCLUDE,Lidl supermarket with established bakery provision,SW25TN,1,YES,Lidl stores typically feature an in-store bakery with a substantial range of fresh bread and pastries.,,,GROCER_BAKERY
646 - 650 Wandsworth Road,London,,,Sainsbury's,Retailers - supermarkets/hypermarkets,7840,0,,483106,05/00280/COMM,522,foodhealthandsafety@lambeth.gov.uk,Lambeth,http://www.lambeth.gov.uk,False,,SW8 3SB,2025-03-31T00:00:00,fhrs_5_en-gb,5,,FHRS,-0.150043,51.466486,0.0,0.0,0.0,Sainsbury's,sainsbury's,"646 - 650 Wandsworth Road, London, SW8 3SB",NEEDS_CHECK,Sainsbury's store format unclear from FHRS record,SW83SB,1,YES,Sainsbury's Wandsworth Road Local lists a bakery.,,,GROCER_BAKERY
The Concourse,Waterloo Station,London,,Marks & Spencer Main Store  (Opp Plat 6&7),Retailers - supermarkets/hypermarkets,7840,0,,483170,05/00684/COMM,522,foodhealthandsafety@lambeth.gov.uk,Lambeth,http://www.lambeth.gov.uk,False,,SE1 7LY,2019-08-05T00:00:00,fhrs_5_en-gb,5,,FHRS,-0.113271,51.503157,0.0,0.0,5.0,M&S,marks & spencer main store  (opp plat 6&7),"The Concourse, Waterloo Station, London, SE1 7LY",NEEDS_CHECK,Larger M&S store: bakery provision to confirm,SE17LY,2,YES,M&S Waterloo Station has a large in-store bakery.,,,GROCER_BAKERY
Sainsburys Local,47A - 47B Streatham Hill,London,,Sainsbury's,Retailers - supermarkets/hypermarkets,7840,0,,483312,06/01290/COMM,522,foodhealthandsafety@lambeth.gov.uk,Lambeth,http://www.lambeth.gov.uk,False,,SW2 4TS,2026-04-25T00:00:00,fhrs_5_en-gb,5,,FHRS,-0.125175,51.440588,0.0,0.0,0.0,Sainsbury's,sainsbury's,"Sainsburys Local, 47A - 47B Streatham Hill, London, SW2 4TS",NEEDS_CHECK,Sainsbury's store format unclear from FHRS record,SW24TS,1,YES,"Sainsbury's Local at 47A - 47B Streatham Hill lists ""Bakery"" under its Food to Go services.",,,GROCER_BAKERY
222 - 224 Streatham High Road,London,,,Lidl,Retailers - supermarkets/hypermarkets,7840,0,,483334,07/00071/COMM,522,foodhealthandsafety@lambeth.gov.uk,Lambeth,http://www.lambeth.gov.uk,False,,SW16 1BB,2026-06-16T00:00:00,fhrs_5_en-gb,5,,FHRS,-0.129792,51.431472,5.0,5.0,5.0,Lidl,lidl,"222 - 224 Streatham High Road, London, SW16 1BB",AUTO_INCLUDE,Lidl supermarket with established bakery provision,SW161BB,1,YES,Lidl stores typically feature an in-store bakery with a substantial range of fresh bread and pastries.,,,GROCER_BAKERY
Tesco Store,128 Clapham Common South Side,London,,Tesco,Retailers - supermarkets/hypermarkets,7840,0,,483345,08/00420/COMM,522,foodhealthandsafety@lambeth.gov.uk,Lambeth,http://www.lambeth.gov.uk,False,,SW4 9DF,2025-03-26T00:00:00,fhrs_5_en-gb,5,,FHRS,-0.146530002355576,51.4529876708984,0.0,5.0,0.0,Tesco,tesco,"Tesco Store, 128 Clapham Common South Side, London, SW4 9DF",NEEDS_CHECK,Tesco store format unclear from FHRS record,SW49DF,1,YES,"Tesco Clapham Superstore at 128 Clapham Common South Side explicitly lists ""Bakery"" under its food counters.",,,GROCER_BAKERY
266 - 270 Brixton Hill,London,,,Sainsbury's,Retailers - supermarkets/hypermarkets,7840,0,,483363,08/00471/COMM,522,foodhealthandsafety@lambeth.gov.uk,Lambeth,http://www.lambeth.gov.uk,False,,SW2 1HP,2026-01-09T00:00:00,fhrs_5_en-gb,5,,FHRS,-0.124591,51.446757,0.0,5.0,0.0,Sainsbury's,sainsbury's,"266 - 270 Brixton Hill, London, SW2 1HP",NEEDS_CHECK,Sainsbury's store format unclear from FHRS record,SW21HP,1,YES,"Sainsbury's Local at 266 - 270 Brixton Hill lists ""Bakery"" under its Food to Go services.",,,GROCER_BAKERY
55A The Cut,London,,,Sainsbury's,Retailers - supermarkets/hypermarkets,7840,0,,483823,11/00467/COMM,522,foodhealthandsafety@lambeth.gov.uk,Lambeth,http://www.lambeth.gov.uk,False,,SE1 8LL,2019-08-20T00:00:00,fhrs_5_en-gb,5,,FHRS,-0.107944,51.502702,5.0,5.0,0.0,Sainsbury's,sainsbury's,"55A The Cut, London, SE1 8LL",NEEDS_CHECK,Sainsbury's store format unclear from FHRS record,SE18LL,1,YES,"Sainsbury's Lambeth The Cut Local lists ""Bakery"" under its Food to Go services.",,,GROCER_BAKERY
Sainsburys,133 Clapham High Street,London,,Sainsbury's,Retailers - supermarkets/hypermarkets,7840,0,,483957,13440/0139/2/000,522,foodhealthandsafety@lambeth.gov.uk,Lambeth,http://www.lambeth.gov.uk,False,,SW4 7SL,2024-02-17T00:00:00,fhrs_5_en-gb,5,,FHRS,-0.135901,51.462351,0.0,5.0,5.0,Sainsbury's,sainsbury's,"Sainsburys, 133 Clapham High Street, London, SW4 7SL",NEEDS_CHECK,Sainsbury's store format unclear from FHRS record,SW47SL,1,YES,Sainsbury's Clapham Common Superstore has a bakery counter.,,,GROCER_BAKERY
Tesco Stores,Kennington Lane,London,,Tesco,Retailers - supermarkets/hypermarkets,7840,0,,484167,42470/0271/2/000,522,foodhealthandsafety@lambeth.gov.uk,Lambeth,http://www.lambeth.gov.uk,False,,SE11 5QU,2023-10-27T00:00:00,fhrs_5_en-gb,5,,FHRS,-0.113545,51.48675,0.0,0.0,0.0,Tesco,tesco,"Tesco Stores, Kennington Lane, London, SE11 5QU",NEEDS_CHECK,Tesco store format unclear from FHRS record,SE115QU,1,YES,Tesco Kennington Superstore is a larger format store and likely has substantial bakery provision.,,,GROCER_BAKERY
480 Streatham High Road,London,,,Sainsbury's,Retailers - supermarkets/hypermarkets,7840,0,,484534,68890/0480/2/000,522,foodhealthandsafety@lambeth.gov.uk,Lambeth,http://www.lambeth.gov.uk,False,,SW16 3PY,2023-11-15T00:00:00,fhrs_5_en-gb,5,,FHRS,-0.129293,51.419737,5.0,5.0,5.0,Sainsbury's,sainsbury's,"480 Streatham High Road, London, SW16 3PY",NEEDS_CHECK,Sainsbury's store format unclear from FHRS record,SW163PY,1,YES,Sainsbury's Streatham Common Superstore is a larger format store and likely has substantial bakery provision.,,,GROCER_BAKERY
Sainsburys,62 Wandsworth Road,London,,Sainsbury's - Main Store,Retailers - supermarkets/hypermarkets,7840,0,,484644,83810/0062/2/000,522,foodhealthandsafety@lambeth.gov.uk,Lambeth,http://www.lambeth.gov.uk,False,,SW8 2LF,2026-03-25T00:00:00,fhrs_5_en-gb,5,,FHRS,-0.128248,51.481554,0.0,0.0,0.0,Sainsbury's,sainsbury's - main store,"Sainsburys, 62 Wandsworth Road, London, SW8 2LF",NEEDS_CHECK,Sainsbury's store format unclear from FHRS record,SW82LF,1,YES,"Sainsbury's Nine Elms lists ""Bakery"" under its Food to Go services and also has a Krispy Kreme.",,,GROCER_BAKERY
384 Streatham High Road,London,,,Tesco,Retailers - supermarkets/hypermarkets,7840,0,,623106,13/00335/COMM,522,foodhealthandsafety@lambeth.gov.uk,Lambeth,http://www.lambeth.gov.uk,False,,SW16 6HP,2025-03-22T00:00:00,fhrs_5_en-gb,5,,FHRS,-0.131255,51.425596,0.0,0.0,0.0,Tesco,tesco,"384 Streatham High Road, London, SW16 6HP",NEEDS_CHECK,Tesco store format unclear from FHRS record,SW166HP,2,YES,This is a Tesco Extra which typically includes a bakery.,,,GROCER_BAKERY
2 Tulse Hill,London,,,Sainsbury's,Retailers - supermarkets/hypermarkets,7840,0,,665343,13/00145/COMM,522,foodhealthandsafety@lambeth.gov.uk,Lambeth,http://www.lambeth.gov.uk,False,,SW2 2TP,2026-01-23T00:00:00,fhrs_5_en-gb,5,,FHRS,-0.113496,51.453737,0.0,0.0,0.0,Sainsbury's,sainsbury's,"2 Tulse Hill, London, SW2 2TP",NEEDS_CHECK,Sainsbury's store format unclear from FHRS record,SW22TP,1,YES,Sainsbury's store details for this specific address were not found.,YES,There is evidence on their website of a bakery available inside the store,GROCER_BAKERY
7 - 11 South Lambeth Place,London,,,Sainsbury's,Retailers - supermarkets/hypermarkets,7840,0,,729726,14/00296/COMM,522,foodhealthandsafety@lambeth.gov.uk,Lambeth,http://www.lambeth.gov.uk,False,,SW8 1SP,2025-03-18T00:00:00,fhrs_5_en-gb,5,,FHRS,-0.123662,51.485563,5.0,5.0,5.0,Sainsbury's,sainsbury's,"7 - 11 South Lambeth Place, London, SW8 1SP",NEEDS_CHECK,Sainsbury's store format unclear from FHRS record,SW81SP,1,YES,Sainsbury's Lambeth Vauxhall Station Local lists a bakery and hot food counter.,,,GROCER_BAKERY
189 Clapham Road,London,,,Lidl,Retailers - supermarkets/hypermarkets,7840,0,,830139,13/00250/COMM,522,foodhealthandsafety@lambeth.gov.uk,Lambeth,http://www.lambeth.gov.uk,False,,SW9 0QE,2026-03-21T00:00:00,fhrs_5_en-gb,5,,FHRS,-0.120244,51.473395,0.0,0.0,0.0,Lidl,lidl,"189 Clapham Road, London, SW9 0QE",AUTO_INCLUDE,Lidl supermarket with established bakery provision,SW90QE,1,YES,Lidl stores typically feature an in-store bakery with a substantial range of fresh bread and pastries.,,,GROCER_BAKERY
446 - 450 Brixton Road,London,,,Marks & Spencer,Retailers - supermarkets/hypermarkets,7840,0,,911506,05650/0446/2/000,522,foodhealthandsafety@lambeth.gov.uk,Lambeth,http://www.lambeth.gov.uk,False,,SW9 8ED,2025-01-17T00:00:00,fhrs_5_en-gb,5,,FHRS,-0.115554,51.463509,0.0,5.0,0.0,M&S,marks & spencer,"446 - 450 Brixton Road, London, SW9 8ED",NEEDS_CHECK,Larger M&S store: bakery provision to confirm,SW98ED,1,YES,M&S Brixton has a fresh market-style food hall with a show-stopping bakery and pastries baked throughout the day.,,,GROCER_BAKERY
314 - 318 Clapham Road,London,,,Sainsbury's,Retailers - supermarkets/hypermarkets,7840,0,,942309,13/00213/COMM,522,foodhealthandsafety@lambeth.gov.uk,Lambeth,http://www.lambeth.gov.uk,False,,SW9 9AE,2026-03-21T00:00:00,fhrs_5_en-gb,5,,FHRS,-0.124601,51.4711,0.0,0.0,0.0,Sainsbury's,sainsbury's,"314 - 318 Clapham Road, London, SW9 9AE",NEEDS_CHECK,Sainsbury's store format unclear from FHRS record,SW99AE,1,YES,Sainsbury's Stockwell Clapham Road Local lists a bakery.,,,GROCER_BAKERY
399 - 407 Clapham Road,London,,,Sainsbury's,Retailers - supermarkets/hypermarkets,7840,0,,942310,13/00214/COMM,522,foodhealthandsafety@lambeth.gov.uk,Lambeth,http://www.lambeth.gov.uk,False,,SW9 9BT,2023-02-11T00:00:00,fhrs_5_en-gb,5,,FHRS,-0.128219,51.466769,0.0,5.0,5.0,Sainsbury's,sainsbury's,"399 - 407 Clapham Road, London, SW9 9BT",NEEDS_CHECK,Sainsbury's store format unclear from FHRS record,SW99BT,1,YES,Sainsbury's Clapham North Station Local lists a bakery.,,,GROCER_BAKERY
33 Clapham High Street,London,,,Sainsbury's,Retailers - supermarkets/hypermarkets,7840,0,,950565,13440/0033/2/000,522,foodhealthandsafety@lambeth.gov.uk,Lambeth,http://www.lambeth.gov.uk,False,,SW4 7TP,2025-12-13T00:00:00,fhrs_5_en-gb,5,,FHRS,-0.131397,51.464041,5.0,5.0,5.0,Sainsbury's,sainsbury's,"33 Clapham High Street, London, SW4 7TP",NEEDS_CHECK,Sainsbury's store format unclear from FHRS record,SW47TP,1,YES,Sainsbury's Clapham High Street Local lists a bakery.,,,GROCER_BAKERY
2A - 2D Binfield Road,London,,,Sainsbury's,Retailers - supermarkets/hypermarkets,7840,0,,950569,15/00324/COMM,522,foodhealthandsafety@lambeth.gov.uk,Lambeth,http://www.lambeth.gov.uk,False,,SW4 6TA,2023-03-04T00:00:00,fhrs_5_en-gb,5,,FHRS,-0.122792,51.472725,0.0,5.0,5.0,Sainsbury's,sainsbury's,"2A - 2D Binfield Road, London, SW4 6TA",NEEDS_CHECK,Sainsbury's store format unclear from FHRS record,SW46TA,1,YES,Sainsbury's Stockwell Station Local lists a bakery.,,,GROCER_BAKERY
Unit 4 142-170 Streatham Hill,London,,,Marks & Spencer,Retailers - supermarkets/hypermarkets,7840,0,,1009672,17/00345/COMM,522,foodhealthandsafety@lambeth.gov.uk,Lambeth,http://www.lambeth.gov.uk,False,,SW2 4RU,2026-04-25T00:00:00,fhrs_5_en-gb,5,,FHRS,-0.126968994736671,51.4386024475098,0.0,0.0,0.0,M&S,marks & spencer,"Unit 4 142-170 Streatham Hill, London, SW2 4RU",NEEDS_CHECK,Larger M&S store: bakery provision to confirm,SW24RU,1,YES,This M&S Foodhall explicitly lists a bakery department.,,,GROCER_BAKERY
156-164 Clapham High Street Clapham Common,London,,,Marks & Spencer,Retailers - supermarkets/hypermarkets,7840,0,,1875602,25/00316/COMM,522,foodhealthandsafety@lambeth.gov.uk,Lambeth,http://www.lambeth.gov.uk,False,,SW4 7UG,2026-01-03T00:00:00,fhrs_5_en-gb,5,,FHRS,-0.136872,51.4626719,0.0,0.0,0.0,M&S,marks & spencer,"156-164 Clapham High Street Clapham Common, London, SW4 7UG",NEEDS_CHECK,Larger M&S store: bakery provision to confirm,SW47UG,1,YES,This M&S Simply Food store lists a bakery department.,,,GROCER_BAKERY
Sainsbury's,14 Burnt Ash Road,London,,J Sainsbury plc,Retailers - supermarkets/hypermarkets,7840,0,,1598603,FR/000000256,523,environmentalhealth@lewisham.gov.uk,Lewisham,http://www.lewisham.gov.uk/myservices/business/food-safety/Pages/default.aspx,False,,SE12 8PZ,2024-03-25T00:00:00,fhrs_5_en-gb,5,,FHRS,0.0101157,51.4561606,0.0,5.0,0.0,Sainsbury's,j sainsbury plc,"Sainsbury's, 14 Burnt Ash Road, London, SE12 8PZ",NEEDS_CHECK,Sainsbury's store format unclear from FHRS record,SE128PZ,2,YES,Sainsbury's Lee Green is a superstore that lists a bakery in its food-to-go section.,,,GROCER_BAKERY
Tesco Superstore,290-290a Lewisham Road,Ladywell,London,Tesco,Retailers - supermarkets/hypermarkets,7840,0,,1598629,FR/000000619,523,environmentalhealth@lewisham.gov.uk,Lewisham,http://www.lewisham.gov.uk/myservices/business/food-safety/Pages/default.aspx,False,,SE13 7PA,2024-03-14T00:00:00,fhrs_5_en-gb,5,,FHRS,-0.0131982,51.4672143,5.0,5.0,0.0,Tesco,tesco,"Tesco Superstore, 290-290a Lewisham Road, Ladywell, SE13 7PA",NEEDS_CHECK,Tesco store format unclear from FHRS record,SE137PA,1,YES,Tesco Lewisham Superstore explicitly lists a bakery among its food counters.,,,GROCER_BAKERY
Sainsbury's Central Square,Lewisham Shopping Centre,Molesworth Street,Ladywell,Sainsbury's Supermarkets Ltd.,Retailers - supermarkets/hypermarkets,7840,0,,1598650,FR/000000943,523,environmentalhealth@lewisham.gov.uk,Lewisham,http://www.lewisham.gov.uk/myservices/business/food-safety/Pages/default.aspx,False,,SE13 7HB,2023-11-16T00:00:00,fhrs_5_en-gb,5,,FHRS,-0.0123308,51.4623255,0.0,5.0,0.0,Sainsbury's,sainsbury's supermarkets ltd.,"Sainsbury's Central Square, Lewisham Shopping Centre, Molesworth Street, SE13 7HB",NEEDS_CHECK,Sainsbury's store format unclear from FHRS record,SE137HB,1,YES,"While Sainsbury's Lewisham Shopping Centre is a supermarket, there is no specific mention of substantial bakery provision for this exact location.",YES,There is evidence on their website of a bakery available inside the store,GROCER_BAKERY
14-21 Winslade Way,London,,,Tesco,Retailers - supermarkets/hypermarkets,7840,0,,1598665,FR/000001149,523,environmentalhealth@lewisham.gov.uk,Lewisham,http://www.lewisham.gov.uk/myservices/business/food-safety/Pages/default.aspx,False,,SE6 4JU,2025-09-16T00:00:00,fhrs_5_en-gb,5,,FHRS,-0.020477,51.446277,5.0,5.0,0.0,Tesco,tesco,"14-21 Winslade Way, London, SE6 4JU",NEEDS_CHECK,Tesco store format unclear from FHRS record,SE64JU,1,YES,Tesco Catford Superstore lists a bakery as one of its available food ranges.,,,GROCER_BAKERY
Lidl,0 Bestwood Street,London,,LIDL,Retailers - supermarkets/hypermarkets,7840,0,,1598695,FR/000001775,523,environmentalhealth@lewisham.gov.uk,Lewisham,http://www.lewisham.gov.uk/myservices/business/food-safety/Pages/default.aspx,False,,SE8 5AB,2026-05-02T00:00:00,fhrs_5_en-gb,5,,FHRS,,,0.0,0.0,0.0,Lidl,lidl,"Lidl, 0 Bestwood Street, London, SE8 5AB",AUTO_INCLUDE,Lidl supermarket with established bakery provision,SE85AB,2,YES,Lidl stores typically feature an in-store bakery with a substantial range of fresh bread and pastries.,,,GROCER_BAKERY
Sainsbury's,Sainsbury New Cross Gate Retail Park,New Cross Road,London,J Sainsbury PLC,Retailers - supermarkets/hypermarkets,7840,0,,1598703,FR/000001829,523,environmentalhealth@lewisham.gov.uk,Lewisham,http://www.lewisham.gov.uk/myservices/business/food-safety/Pages/default.aspx,False,,SE14 5UQ,2024-01-18T00:00:00,fhrs_5_en-gb,5,,FHRS,-0.0423529,51.4773183,0.0,5.0,5.0,Sainsbury's,j sainsbury plc,"Sainsbury's, Sainsbury New Cross Gate Retail Park, New Cross Road, SE14 5UQ",NEEDS_CHECK,Sainsbury's store format unclear from FHRS record,SE145UQ,1,YES,Sainsbury's New Cross Gate Superstore lists a bakery in its food to go section.,,,GROCER_BAKERY
Sainsbury's Sava Centre,Southend Lane,Bellingham,London,Sainsburys,Retailers - supermarkets/hypermarkets,7840,0,,1598719,FR/000002122,523,environmentalhealth@lewisham.gov.uk,Lewisham,http://www.lewisham.gov.uk/myservices/business/food-safety/Pages/default.aspx,False,,SE26 4PU,2024-07-31T00:00:00,fhrs_5_en-gb,5,,FHRS,,,0.0,5.0,5.0,Sainsbury's,sainsburys,"Sainsbury's Sava Centre, Southend Lane, Bellingham, SE26 4PU",NEEDS_CHECK,Sainsbury's store format unclear from FHRS record,SE264PU,1,YES,Sainsbury's Sydenham Superstore (Sava Centre) explicitly lists a bakery in its food to go section.,,,GROCER_BAKERY
Unit,2B Catford Island,Plassy Road,London,Lidl,Retailers - supermarkets/hypermarkets,7840,0,,1598757,FR/000002562,523,environmentalhealth@lewisham.gov.uk,Lewisham,http://www.lewisham.gov.uk/myservices/business/food-safety/Pages/default.aspx,False,,SE6 2DD,2025-10-29T00:00:00,fhrs_5_en-gb,5,,FHRS,-0.0188911,51.4444688,0.0,0.0,0.0,Lidl,lidl,"Unit, 2B Catford Island, Plassy Road, SE6 2DD",AUTO_INCLUDE,Lidl supermarket with established bakery provision,SE62DD,1,YES,Lidl stores typically feature an in-store bakery with a substantial range of fresh bread and pastries.,,,GROCER_BAKERY
Lidl,106-112 Sydenham Road,London,,Lidl UK Gmbh,Retailers - supermarkets/hypermarkets,7840,0,,1598792,FR/000002825,523,environmentalhealth@lewisham.gov.uk,Lewisham,http://www.lewisham.gov.uk/myservices/business/food-safety/Pages/default.aspx,False,,SE26 5JX,2023-12-08T00:00:00,fhrs_4_en-gb,4,,FHRS,-0.0481187,51.4252197,5.0,10.0,5.0,Lidl,lidl uk gmbh,"Lidl, 106-112 Sydenham Road, London, SE26 5JX",AUTO_INCLUDE,Lidl supermarket with established bakery provision,SE265JX,1,YES,Lidl stores typically feature an in-store bakery with a substantial range of fresh bread and pastries.,,,GROCER_BAKERY
104-120 Lee High Road,London,,,Lidl,Retailers - supermarkets/hypermarkets,7840,0,,1599197,FR/000005619,523,environmentalhealth@lewisham.gov.uk,Lewisham,http://www.lewisham.gov.uk/myservices/business/food-safety/Pages/default.aspx,False,,SE13 5PR,2026-05-01T00:00:00,fhrs_5_en-gb,5,,FHRS,-0.0054407,51.4605448,0.0,0.0,0.0,Lidl,lidl,"104-120 Lee High Road, London, SE13 5PR",AUTO_INCLUDE,Lidl supermarket with established bakery provision,SE135PR,1,YES,"Lidl stores typically feature an in-store bakery with a substantial range of fresh bread and pastries, and this specific store lists a ""Bakeshop"" offer.",,,GROCER_BAKERY
Sainsbury's,209-211 Mantle Road,London,,Sainsburys,Retailers - supermarkets/hypermarkets,7840,0,,1599317,FR/000006286,523,environmentalhealth@lewisham.gov.uk,Lewisham,http://www.lewisham.gov.uk/myservices/business/food-safety/Pages/default.aspx,False,,SE4 2EW,2026-05-02T00:00:00,fhrs_5_en-gb,5,,FHRS,-0.0390071,51.4639387,0.0,0.0,0.0,Sainsbury's,sainsburys,"Sainsbury's, 209-211 Mantle Road, London, SE4 2EW",NEEDS_CHECK,Sainsbury's store format unclear from FHRS record,SE42EW,1,YES,"This Sainsbury's Local lists ""Bakery"" as one of its food-to-go options.",,,GROCER_BAKERY
5-9 Deptford High Street,London,,,Asda Stores Ltd,Retailers - supermarkets/hypermarkets,7840,0,,1599431,FR/000006844,523,environmentalhealth@lewisham.gov.uk,Lewisham,http://www.lewisham.gov.uk/myservices/business/food-safety/Pages/default.aspx,False,,SE8 4AD,2025-11-26T00:00:00,fhrs_5_en-gb,5,,FHRS,-0.026197,51.475825,0.0,0.0,0.0,Asda,asda stores ltd,"5-9 Deptford High Street, London, SE8 4AD",NEEDS_CHECK,Asda store format unclear from FHRS record,SE84AD,1,YES,This Asda is identified as a supermarket/hypermarket and Asda stores typically have bakery sections.,,,GROCER_BAKERY
Asda Stores Unit 1 and 2,Thurston Point,Thurston Road,London,Asda Stores Ltd,Retailers - supermarkets/hypermarkets,7840,0,,1599600,FR/000007504,523,environmentalhealth@lewisham.gov.uk,Lewisham,http://www.lewisham.gov.uk/myservices/business/food-safety/Pages/default.aspx,False,,SE13 7SD,2024-02-26T00:00:00,fhrs_5_en-gb,5,,FHRS,-0.0143678,51.464815,0.0,5.0,0.0,Asda,asda stores ltd,"Asda Stores Unit 1 and 2, Thurston Point, Thurston Road, SE13 7SD",NEEDS_CHECK,Asda store format unclear from FHRS record,SE137SD,1,YES,Asda Lewisham is a large supermarket with an in-store bakery section.,,,GROCER_BAKERY
Unit,2 Grosvenor Court,Adenmore Road,London,Sainsburys Catford Station,Retailers - supermarkets/hypermarkets,7840,0,,1600040,FR/000008426,523,environmentalhealth@lewisham.gov.uk,Lewisham,http://www.lewisham.gov.uk/myservices/business/food-safety/Pages/default.aspx,False,,SE6 4FD,2025-11-06T00:00:00,fhrs_5_en-gb,5,,FHRS,-0.0256498,51.44464,0.0,0.0,0.0,Sainsbury's,sainsburys catford station,"Unit, 2 Grosvenor Court, Adenmore Road, SE6 4FD",NEEDS_CHECK,Sainsbury's store format unclear from FHRS record,SE64FD,1,YES,"Sainsbury's Catford Station Local lists ""Bakery"" under its Food to Go services.",,,GROCER_BAKERY
159 Bestwood Street,London,,,Lidl,Retailers - supermarkets/hypermarkets,7840,0,,1704532,FR/000010719,523,environmentalhealth@lewisham.gov.uk,Lewisham,http://www.lewisham.gov.uk/myservices/business/food-safety/Pages/default.aspx,False,,SE8 5AW,2026-02-06T00:00:00,fhrs_5_en-gb,5,,FHRS,-0.0439521,51.4897462,0.0,5.0,5.0,Lidl,lidl,"159 Bestwood Street, London, SE8 5AW",AUTO_INCLUDE,Lidl supermarket with established bakery provision,SE85AW,1,YES,"Lidl stores typically feature an in-store bakery with a substantial range of fresh bread and pastries, and this specific store lists a ""Bakeshop"" offer.",,,GROCER_BAKERY
313 - 315 Kirkdale,London,,,Sainsburys,Retailers - supermarkets/hypermarkets,7840,0,,1924682,FR/000006287,523,environmentalhealth@lewisham.gov.uk,Lewisham,http://www.lewisham.gov.uk/myservices/business/food-safety/Pages/default.aspx,False,,SE26 4QB,2025-11-06T00:00:00,fhrs_5_en-gb,5,,FHRS,-0.0555648,51.4270342,0.0,0.0,0.0,Sainsbury's,sainsburys,"313 - 315 Kirkdale, London, SE26 4QB",NEEDS_CHECK,Sainsbury's store format unclear from FHRS record,SE264QB,1,YES,"Sainsbury's Local at 313-315 Kirkdale, London, SE26 4QB lists ""Bakery"" as a product/service.",,,GROCER_BAKERY
164 - 178 High Street Collier's Wood,,Colliers Wood,Merton,Tesco,Retailers - supermarkets/hypermarkets,7840,0,,200012,PI/000077951,524,foodandsafety@merton.gov.uk,Merton,http://www.merton.gov.uk,False,,SW19 2BN,2023-10-30T00:00:00,fhrs_5_en-gb,5,,FHRS,-0.1782642,51.4187706,0.0,0.0,0.0,Tesco,tesco,"164 - 178 High Street Collier's Wood, Colliers Wood, SW19 2BN",NEEDS_CHECK,Tesco store format unclear from FHRS record,SW192BN,1,YES,"Tesco Colliers Wood Superstore at 164-178 High Street, Colliers Wood, SW19 2BN is a large format store that would typically include a bakery.",,,GROCER_BAKERY
1 Merton High Street,,Colliers Wood,Merton,Sainsbury's,Retailers - supermarkets/hypermarkets,7840,0,,455446,PI/000046887,524,foodandsafety@merton.gov.uk,Merton,http://www.merton.gov.uk,False,,SW19 1DD,2025-08-04T00:00:00,fhrs_5_en-gb,5,,FHRS,,,0.0,0.0,0.0,Sainsbury's,sainsbury's,"1 Merton High Street, Colliers Wood, SW19 1DD",NEEDS_CHECK,Sainsbury's store format unclear from FHRS record,SW191DD,2,YES,"Sainsbury's at 1 Merton High Street, Colliers Wood, SW19 1DD is a large supermarket with a dedicated bakery section.",,,GROCER_BAKERY
Supermarket 51 The Broadway,,Wimbledon,Merton,W M Morrisons Supermarket Limited,Retailers - supermarkets/hypermarkets,7840,0,,455478,PI/000086376,524,foodandsafety@merton.gov.uk,Merton,http://www.merton.gov.uk,False,,SW19 1QD,2025-09-12T00:00:00,fhrs_5_en-gb,5,,FHRS,-0.2043372,51.4195708,0.0,0.0,0.0,Morrisons,w m morrisons supermarket limited,"Supermarket 51 The Broadway, Wimbledon, SW19 1QD",AUTO_INCLUDE,Full-format Morrisons supermarket,SW191QD,1,YES,Morrisons Wimbledon has an in-store bakery.,,,GROCER_BAKERY
1 Merton High Street,,Colliers Wood,Merton,Marks & Spencer,Retailers - supermarkets/hypermarkets,7840,0,,480242,PI/000091784,524,foodandsafety@merton.gov.uk,Merton,http://www.merton.gov.uk,False,,SW19 1DD,2024-08-28T00:00:00,fhrs_5_en-gb,5,,FHRS,,,5.0,5.0,5.0,M&S,marks & spencer,"1 Merton High Street, Colliers Wood, SW19 1DD",NEEDS_CHECK,Larger M&S store: bakery provision to confirm,SW191DD,1,YES,"Marks & Spencer at 1 Merton High Street, Colliers Wood, SW19 1DD has a bakery department.",,,GROCER_BAKERY
Unit 1 James Estate Bond Road,,Mitcham,Merton,Asda,Retailers - supermarkets/hypermarkets,7840,0,,480258,PI/000100366,524,foodandsafety@merton.gov.uk,Merton,http://www.merton.gov.uk,False,,CR4 3HG,2026-06-29T00:00:00,fhrs_5_en-gb,5,,FHRS,-0.1682336,51.4074548,0.0,0.0,0.0,Asda,asda,"Unit 1 James Estate Bond Road, Mitcham, CR4 3HG",NEEDS_CHECK,Asda store format unclear from FHRS record,CR43HG,1,YES,"Asda Mitcham Superstore at Unit 1 James Estate Bond Road, Mitcham, CR4 3HG is a large supermarket with an in-store bakery.",,,GROCER_BAKERY
Unit Lsu1 Wimbledon Quarter 4 Queen's Road,,Wimbledon,Merton,Marks & Spencer,Retailers - supermarkets/hypermarkets,7840,0,,505249,PI/000075962,524,foodandsafety@merton.gov.uk,Merton,http://www.merton.gov.uk,False,,SW19 8ND,2023-08-31T00:00:00,fhrs_5_en-gb,5,,FHRS,-0.2040874,51.421679,0.0,0.0,5.0,M&S,marks & spencer,"Unit Lsu1 Wimbledon Quarter 4 Queen's Road, Wimbledon, SW19 8ND",NEEDS_CHECK,Larger M&S store: bakery provision to confirm,SW198ND,1,YES,"M&S Simply Food at Unit Lsu1 Wimbledon Quarter 4 Queen's Road, Wimbledon, SW19 8ND features an in-store bakery.",,,GROCER_BAKERY
8 - 12 Worple Road,,Wimbledon,Merton,Sainsbury's,Retailers - supermarkets/hypermarkets,7840,0,,552903,PI/000087916,524,foodandsafety@merton.gov.uk,Merton,http://www.merton.gov.uk,False,,SW19 4DD,2026-05-06T00:00:00,fhrs_5_en-gb,5,,FHRS,-0.2088689,51.4212925,5.0,5.0,0.0,Sainsbury's,sainsbury's,"8 - 12 Worple Road, Wimbledon, SW19 4DD",NEEDS_CHECK,Sainsbury's store format unclear from FHRS record,SW194DD,1,YES,Official store page lists a bakery and Krispy Kreme.,,,GROCER_BAKERY
300 Beverley Way,,New Malden,Merton,Tesco,Retailers - supermarkets/hypermarkets,7840,0,,552907,PI/000088302,524,foodandsafety@merton.gov.uk,Merton,http://www.merton.gov.uk,False,,KT3 4PJ,2024-03-08T00:00:00,fhrs_5_en-gb,5,,FHRS,-0.2403057,51.4023634,0.0,0.0,0.0,Tesco,tesco,"300 Beverley Way, New Malden, KT3 4PJ",NEEDS_CHECK,Tesco store format unclear from FHRS record,KT34PJ,1,YES,Official store page lists a bakery and fresh baked goods.,,,GROCER_BAKERY
216 Rowan Road,Streatham,London,Merton,Lidl,Retailers - supermarkets/hypermarkets,7840,0,,578964,PI/000058343,524,foodandsafety@merton.gov.uk,Merton,http://www.merton.gov.uk,False,,SW16 5HX,2024-07-05T00:00:00,fhrs_5_en-gb,5,,FHRS,-0.1389692,51.4112076,5.0,0.0,0.0,Lidl,lidl,"216 Rowan Road, Streatham, London, SW16 5HX",AUTO_INCLUDE,Lidl supermarket with established bakery provision,SW165HX,1,YES,"Lidl at 216 Rowan Road, Streatham, SW16 5HX, offers a fresh bakery.",,,GROCER_BAKERY
29 - 31 Aberconway Road,,Morden,Merton,Lidl,Retailers - supermarkets/hypermarkets,7840,0,,578966,PI/000075221,524,foodandsafety@merton.gov.uk,Merton,http://www.merton.gov.uk,False,,SM4 5LN,2025-11-25T00:00:00,fhrs_5_en-gb,5,,FHRS,-0.1936931,51.401401,,,,Lidl,lidl,"29 - 31 Aberconway Road, Morden, SM4 5LN",AUTO_INCLUDE,Lidl supermarket with established bakery provision,SM45LN,1,YES,"Lidl at 29 - 31 Aberconway Road, Morden, SM4 5LN, has a quality bakery section.",,,GROCER_BAKERY
14 London Road,,Tooting,Merton,Lidl,Retailers - supermarkets/hypermarkets,7840,0,,578970,PI/000078780,524,foodandsafety@merton.gov.uk,Merton,http://www.merton.gov.uk,False,,SW17 9HW,2026-04-30T00:00:00,fhrs_5_en-gb,5,,FHRS,-0.1637975,51.4196781,0.0,0.0,0.0,Lidl,lidl,"14 London Road, Tooting, SW17 9HW",AUTO_INCLUDE,Lidl supermarket with established bakery provision,SW179HW,1,YES,"Lidl at 14 London Road, Tooting, SW17 9HW, features a fresh bakery.",,,GROCER_BAKERY
7 - 11 Kingston Road,,Wimbledon,Merton,Sainsbury's,Retailers - supermarkets/hypermarkets,7840,0,,585669,PI/000100793,524,foodandsafety@merton.gov.uk,Merton,http://www.merton.gov.uk,False,,SW19 1JX,2025-05-21T00:00:00,fhrs_5_en-gb,5,,FHRS,-0.1932921,51.4158796,0.0,0.0,0.0,Sainsbury's,sainsbury's,"7 - 11 Kingston Road, Wimbledon, SW19 1JX",NEEDS_CHECK,Sainsbury's store format unclear from FHRS record,SW191JX,1,YES,Official store page lists a bakery.,,,GROCER_BAKERY
Supermarket 9 - 17 Western Road,,Mitcham,Merton,Lidl,Retailers - supermarkets/hypermarkets,7840,0,,669658,PI/000094974,524,foodandsafety@merton.gov.uk,Merton,http://www.merton.gov.uk,False,,CR4 3ED,2023-10-24T00:00:00,fhrs_5_en-gb,5,,FHRS,-0.1661896,51.4058457,0.0,0.0,0.0,Lidl,lidl,"Supermarket 9 - 17 Western Road, Mitcham, CR4 3ED",AUTO_INCLUDE,Lidl supermarket with established bakery provision,CR43ED,1,YES,"Lidl at 9 - 17 Western Road, Mitcham, CR4 3ED, provides a fresh bakery.",,,GROCER_BAKERY
2 Wimbledon Hill Road,,Wimbledon,Merton,Waitrose,Retailers - supermarkets/hypermarkets,7840,0,,669659,PI/000097584,524,foodandsafety@merton.gov.uk,Merton,http://www.merton.gov.uk,False,,SW19 7NS,2023-12-14T00:00:00,fhrs_5_en-gb,5,,FHRS,-0.2074667,51.4207255,0.0,0.0,0.0,Waitrose,waitrose,"2 Wimbledon Hill Road, Wimbledon, SW19 7NS",NEEDS_CHECK,Full Waitrose store: bakery provision to confirm,SW197NS,1,YES,Official store page lists a bakery and patisserie.,,,GROCER_BAKERY
Supermarket Peel House 34 - 44 London Road,,Morden,Merton,Sainsbury's,Retailers - supermarkets/hypermarkets,7840,0,,688277,PI/000078807,524,foodandsafety@merton.gov.uk,Merton,http://www.merton.gov.uk,False,,SM4 5HT,2025-10-21T00:00:00,fhrs_5_en-gb,5,,FHRS,-0.1931657,51.4030531,0.0,0.0,0.0,Sainsbury's,sainsbury's,"Supermarket Peel House 34 - 44 London Road, Morden, SM4 5HT",NEEDS_CHECK,Sainsbury's store format unclear from FHRS record,SM45HT,1,YES,Official store page lists an in-store bakery.,,,GROCER_BAKERY
Unit 1 Plough Lane Retail Park Plough Lane,,Summerstown,Merton,Lidl,Retailers - supermarkets/hypermarkets,7840,0,,1022850,PI/000112302,524,foodandsafety@merton.gov.uk,Merton,http://www.merton.gov.uk,False,,SW17 0BW,2024-02-06T00:00:00,fhrs_5_en-gb,5,,FHRS,-0.1843957,51.430985,0.0,0.0,5.0,Lidl,lidl,"Unit 1 Plough Lane Retail Park Plough Lane, Summerstown, SW17 0BW",AUTO_INCLUDE,Lidl supermarket with established bakery provision,SW170BW,1,YES,"The exact Lidl branch at Unit 1 Plough Lane Retail Park, Summerstown, SW17 0BW, could not be confidently identified with specific bakery provision details.",YES,Image evidence of bakery provision,GROCER_BAKERY
21 - 23 Coombe Lane,,Raynes Park,Merton,Waitrose & Partners Raynes Park,Retailers - supermarkets/hypermarkets,7840,0,,1675052,PI/000479050,524,foodandsafety@merton.gov.uk,Merton,http://www.merton.gov.uk,False,,SW20 0BS,2025-05-14T00:00:00,fhrs_5_en-gb,5,,FHRS,-0.2342903,51.4088759,5.0,5.0,0.0,Waitrose,waitrose & partners raynes park,"21 - 23 Coombe Lane, Raynes Park, SW20 0BS",NEEDS_CHECK,Full Waitrose store: bakery provision to confirm,SW200BS,1,YES,Waitrose & Partners Raynes Park is a supermarket with a dedicated bakery counter.,,,GROCER_BAKERY
43 The Arcade,Westfield Stratford City,Montfichet Road,Stratford,Marks & Spencer,Retailers - supermarkets/hypermarkets,7840,0,,640543,12/00053/FOOD,525,food@newham.gov.uk,Newham,https://www.newham.gov.uk,False,,E20 1EH,2026-06-25T00:00:00,fhrs_5_en-gb,5,,FHRS,-0.0063590002246201,51.5443458557129,0.0,0.0,0.0,M&S,marks & spencer,"43 The Arcade, Westfield Stratford City, Montfichet Road, E20 1EH",NEEDS_CHECK,Larger M&S store: bakery provision to confirm,E201EH,1,YES,Insufficient information to confirm the specific M&S store format and bakery provision.,YES,This is a large M&S with images and online evidence of a large bakery section and sufficient provision,GROCER_BAKERY
1 Armada Way,Beckton,London,,Tesco,Retailers - supermarkets/hypermarkets,7840,0,,640808,60725/0001/0/000,525,food@newham.gov.uk,Newham,https://www.newham.gov.uk,False,,E6 7ER,2024-03-18T00:00:00,fhrs_5_en-gb,5,,FHRS,0.0761953,51.5169279,0.0,0.0,0.0,Tesco,tesco,"1 Armada Way, Beckton, London, E6 7ER",NEEDS_CHECK,Tesco store format unclear from FHRS record,E67ER,1,YES,"This is a Tesco Extra, a larger format store likely to have substantial bakery provision.",,,GROCER_BAKERY
1 Claps Gate Lane,Beckton,London,,Sainsbury's,Retailers - supermarkets/hypermarkets,7840,0,,640886,63905/0001/0/000,525,food@newham.gov.uk,Newham,https://www.newham.gov.uk,False,,E6 6JF,2024-12-18T00:00:00,fhrs_5_en-gb,5,,FHRS,0.065863,51.521325,0.0,5.0,0.0,Sainsbury's,sainsbury's,"1 Claps Gate Lane, Beckton, London, E6 6JF",NEEDS_CHECK,Sainsbury's store format unclear from FHRS record,E66JF,2,YES,"Sainsbury's Beckton Superstore lists ""Bakery"" under its ""Food to Go"" services.",,,GROCER_BAKERY
Asda Superstore,Tollgate Road,Beckton,London,Asda Stores,Retailers - supermarkets/hypermarkets,7840,0,,641007,70705/0001/0/000,525,food@newham.gov.uk,Newham,https://www.newham.gov.uk,False,,E6 5JP,2024-03-25T00:00:00,fhrs_5_en-gb,5,,FHRS,0.057746,51.514903,0.0,0.0,0.0,Asda,asda stores,"Asda Superstore, Tollgate Road, Beckton, E6 5JP",NEEDS_CHECK,Asda store format unclear from FHRS record,E65JP,1,YES,"Asda Beckton Superstore has an in-store ""Cake Box"" kiosk and is a large format store.",,,GROCER_BAKERY
15 The Grove,Stratford,London,,Morrisons,Retailers - supermarkets/hypermarkets,7840,0,,641135,77640/0091/2/000,525,food@newham.gov.uk,Newham,https://www.newham.gov.uk,False,,E15 1EN,2025-01-25T00:00:00,fhrs_5_en-gb,5,,FHRS,0.0047160000540316,51.5446624755859,5.0,5.0,0.0,Morrisons,morrisons,"15 The Grove, Stratford, London, E15 1EN",AUTO_INCLUDE,Full-format Morrisons supermarket,E151EN,2,YES,"The Morrisons at 15 The Grove, Stratford, E15 1EN, does not have explicit bakery provision mentioned in the search results.",YES,There is evidence online of this store having bakery provisions,GROCER_BAKERY
Units 38 To 40,West Mall,The Mall,Stratford,Sainsbury's,Retailers - supermarkets/hypermarkets,7840,0,,654119,77650/0038/0/000,525,food@newham.gov.uk,Newham,https://www.newham.gov.uk,False,,E15 1XE,2025-11-25T00:00:00,fhrs_5_en-gb,5,,FHRS,-0.000441,51.541835,0.0,5.0,0.0,Sainsbury's,sainsbury's,"Units 38 To 40, West Mall, The Mall, E15 1XE",NEEDS_CHECK,Sainsbury's store format unclear from FHRS record,E151XE,1,YES,Sainsbury's Stratford Superstore lists a bakery among its food counters.,,,GROCER_BAKERY
1 The Arcade,Westfield Stratford City,Montfichet Road,Stratford,Waitrose - Food Hall,Retailers - supermarkets/hypermarkets,7840,0,,737494,12/00064/FOOD,525,food@newham.gov.uk,Newham,https://www.newham.gov.uk,False,,E20 1EH,2024-10-04T00:00:00,fhrs_5_en-gb,5,,FHRS,-0.0063590002246201,51.5443458557129,5.0,5.0,5.0,Waitrose,waitrose - food hall,"1 The Arcade, Westfield Stratford City, Montfichet Road, E20 1EH",NEEDS_CHECK,Full Waitrose store: bakery provision to confirm,E201EH,1,YES,Waitrose & Partners at Westfield Stratford City is a food hall with specialists at counters.,,,GROCER_BAKERY
182 - 184 High Street North,East Ham,London,,Lidl UK,Retailers - supermarkets/hypermarkets,7840,0,,747715,69050/0182/0/000,525,food@newham.gov.uk,Newham,https://www.newham.gov.uk,False,,E6 2JA,2023-12-22T00:00:00,fhrs_5_en-gb,5,,FHRS,0.051435,51.539005,0.0,5.0,0.0,Lidl,lidl uk,"182 - 184 High Street North, East Ham, London, E6 2JA",AUTO_INCLUDE,Lidl supermarket with established bakery provision,E62JA,1,YES,"Lidl at 182 - 184 High Street North, East Ham, E6 2JA, features an award-winning in-store bakery.",,,GROCER_BAKERY
2 - 10 Myrtle Road,East Ham,London,,Sainsbury's,Retailers - supermarkets/hypermarkets,7840,0,,776181,72100/0002/2/001,525,food@newham.gov.uk,Newham,https://www.newham.gov.uk,False,,E6 1HU,2025-02-01T00:00:00,fhrs_5_en-gb,5,,FHRS,0.052629,51.534452,5.0,5.0,5.0,Sainsbury's,sainsbury's,"2 - 10 Myrtle Road, East Ham, London, E6 1HU",NEEDS_CHECK,Sainsbury's store format unclear from FHRS record,E61HU,1,YES,Sainsbury's East Ham Superstore is listed as having a bakery.,,,GROCER_BAKERY
Units 41 And 42,West Mall,The Mall,Stratford,Lidl UK,Retailers - supermarkets/hypermarkets,7840,0,,864084,15/00268/FOOD,525,food@newham.gov.uk,Newham,https://www.newham.gov.uk,False,,E15 1XE,2026-06-20T00:00:00,fhrs_5_en-gb,5,,FHRS,-0.000441,51.541835,5.0,5.0,0.0,Lidl,lidl uk,"Units 41 And 42, West Mall, The Mall, E15 1XE",AUTO_INCLUDE,Lidl supermarket with established bakery provision,E151XE,1,YES,"The Lidl at Units 41 And 42, West Mall, The Mall, E15 1XE, does not have explicit bakery provision mentioned in the search results.",YES,Image evidence of bakery provision,GROCER_BAKERY
3 Silvertown Square,Canning Town,London,,Morrisons,Retailers - supermarkets/hypermarkets,7840,0,,919446,14/00733/FOOD,525,food@newham.gov.uk,Newham,https://www.newham.gov.uk,False,,E16 1GW,2025-04-08T00:00:00,fhrs_5_en-gb,5,,FHRS,0.0104205,51.5149212,5.0,5.0,5.0,Morrisons,morrisons,"3 Silvertown Square, Canning Town, London, E16 1GW",AUTO_INCLUDE,Full-format Morrisons supermarket,E161GW,1,YES,"The Morrisons at 3 Silvertown Square, Canning Town, E16 1GW, does not have explicit bakery provision mentioned in the search results.",YES,There is evidence online of this store having bakery provisions,GROCER_BAKERY
198 Tollgate Road,Beckton,London,,Lidl UK,Retailers - supermarkets/hypermarkets,7840,0,,919728,77840/2018/0/000,525,food@newham.gov.uk,Newham,https://www.newham.gov.uk,False,,E6 5YA,2025-01-28T00:00:00,fhrs_4_en-gb,4,,FHRS,0.0542229,51.515801,5.0,10.0,5.0,Lidl,lidl uk,"198 Tollgate Road, Beckton, London, E6 5YA",AUTO_INCLUDE,Lidl supermarket with established bakery provision,E65YA,1,YES,Official store page and news articles confirm an in-store bakery.,,,GROCER_BAKERY
4 Claps Gate Lane,Beckton,London,,Lidl,Retailers - supermarkets/hypermarkets,7840,0,,1274362,20/00393/FOOD,525,food@newham.gov.uk,Newham,https://www.newham.gov.uk,False,,E6 6LG,2024-09-28T00:00:00,fhrs_5_en-gb,5,,FHRS,0.0691063,51.5207967,5.0,0.0,5.0,Lidl,lidl,"4 Claps Gate Lane, Beckton, London, E6 6LG",AUTO_INCLUDE,Lidl supermarket with established bakery provision,E66LG,1,YES,News articles and store details confirm an in-store bakery.,,,GROCER_BAKERY
374 - 378 Green Street,Upton Park,London,,Lidl,Retailers - supermarkets/hypermarkets,7840,0,,1516673,22/00887/FOOD,525,food@newham.gov.uk,Newham,https://www.newham.gov.uk,False,,E13 9AP,2025-09-17T00:00:00,fhrs_5_en-gb,5,,FHRS,0.0345694,51.5359909,0.0,5.0,0.0,Lidl,lidl,"374 - 378 Green Street, Upton Park, London, E13 9AP",AUTO_INCLUDE,Lidl supermarket with established bakery provision,E139AP,1,YES,News articles and store details confirm an in-store bakery.,,,GROCER_BAKERY
363 Barking Road,East Ham,London,,Lidl,Retailers - supermarkets/hypermarkets,7840,0,,1686900,23/00730/FOOD,525,food@newham.gov.uk,Newham,https://www.newham.gov.uk,False,,E6 1FG,2024-02-02T00:00:00,fhrs_5_en-gb,5,,FHRS,0.0535395,51.5331786,0.0,0.0,0.0,Lidl,lidl,"363 Barking Road, East Ham, London, E6 1FG",AUTO_INCLUDE,Lidl supermarket with established bakery provision,E61FG,1,YES,Food hygiene ratings and news articles confirm an in-store bakery.,,,GROCER_BAKERY
43 Woodgrange Road,Forest Gate,London,,Lidl Great Britain Limited,Retailers - supermarkets/hypermarkets,7840,0,,1780815,24/00723/FOOD,525,food@newham.gov.uk,Newham,https://www.newham.gov.uk,False,,E7 8BA,2025-02-07T00:00:00,fhrs_5_en-gb,5,,FHRS,0.024984,51.547676,5.0,5.0,5.0,Lidl,lidl great britain limited,"43 Woodgrange Road, Forest Gate, London, E7 8BA",AUTO_INCLUDE,Lidl supermarket with established bakery provision,E78BA,1,YES,News articles and store details confirm an in-store bakery.,,,GROCER_BAKERY
14 - 16 Avery Avenue,Canning Town,London,,Sainsbury's,Retailers - supermarkets/hypermarkets,7840,0,,1793706,25/00036/FOOD,525,food@newham.gov.uk,Newham,https://www.newham.gov.uk,False,,E16 4BF,2025-11-07T00:00:00,fhrs_5_en-gb,5,,FHRS,0.0039612,51.5264554,5.0,0.0,0.0,Sainsbury's,sainsbury's,"14 - 16 Avery Avenue, Canning Town, London, E16 4BF",NEEDS_CHECK,Sainsbury's store format unclear from FHRS record,E164BF,1,YES,"This Sainsbury's Local lists ""Bakery"" under its facilities and services on its official store locator page.",,,GROCER_BAKERY
19 - 23 Minnie Baldock Street,Canning Town,London,,Lidl,Retailers - supermarkets/hypermarkets,7840,0,,1795612,25/00063/FOOD,525,food@newham.gov.uk,Newham,https://www.newham.gov.uk,False,,E16 1DT,2025-04-11T00:00:00,fhrs_5_en-gb,5,,FHRS,0.0102992,51.514543,5.0,5.0,5.0,Lidl,lidl,"19 - 23 Minnie Baldock Street, Canning Town, London, E16 1DT",AUTO_INCLUDE,Lidl supermarket with established bakery provision,E161DT,1,YES,"Store details indicate a supermarket format, which typically includes a bakery in Lidl.",,,GROCER_BAKERY
,92-100 Tanners Lane,,Barkingside,Sainsbury's,Retailers - supermarkets/hypermarkets,7840,0,,443100,150507,526,themis.skouros@redbridge.gov.uk,Redbridge,http://www.redbridge.gov.uk/,False,,IG6 1QE,2024-07-29T00:00:00,fhrs_5_en-gb,5,,FHRS,0.082536,51.588179,5.0,5.0,5.0,Sainsbury's,sainsbury's,"92-100 Tanners Lane, IG6 1QE",NEEDS_CHECK,Sainsbury's store format unclear from FHRS record,IG61QE,1,YES,Sainsbury's Barkingside Superstore lists a bakery in its facilities.,,,GROCER_BAKERY
Units 1 And 2,King George Avenue,,Newbury Park,Sainsbury's,Retailers - supermarkets/hypermarkets,7840,0,,443102,150514,526,themis.skouros@redbridge.gov.uk,Redbridge,http://www.redbridge.gov.uk/,False,,IG2 7SH,2025-02-12T00:00:00,fhrs_5_en-gb,5,,FHRS,0.0871409997344017,51.5812339782715,5.0,5.0,5.0,Sainsbury's,sainsbury's,"Units 1 And 2, King George Avenue, IG2 7SH",NEEDS_CHECK,Sainsbury's store format unclear from FHRS record,IG27SH,1,YES,"The specific Sainsbury's at this address is not clearly identified as a superstore or local, and no bakery information is available.",YES,There is evidence on their website of a bakery available inside the store,GROCER_BAKERY
,Southend Road,,Woodford Green,Tesco Stores Ltd,Retailers - supermarkets/hypermarkets,7840,0,,443272,151773,526,themis.skouros@redbridge.gov.uk,Redbridge,http://www.redbridge.gov.uk/,False,,IG8 8GE,2025-03-14T00:00:00,fhrs_5_en-gb,5,,FHRS,0.040153,51.592079,5.0,5.0,0.0,Tesco,tesco stores ltd,"Southend Road, IG8 8GE",NEEDS_CHECK,Tesco store format unclear from FHRS record,IG88GE,1,YES,Tesco Woodford Green Superstore lists a bakery among its food counters.,,,GROCER_BAKERY
,822 High Road,,Chadwell Heath,Tesco Stores Ltd (Store),Retailers - supermarkets/hypermarkets,7840,0,,443349,155050,526,themis.skouros@redbridge.gov.uk,Redbridge,http://www.redbridge.gov.uk/,False,,RM6 4HY,2026-03-27T00:00:00,fhrs_5_en-gb,5,,FHRS,0.111922,51.566556,0.0,5.0,0.0,Tesco,tesco stores ltd (store),"822 High Road, RM6 4HY",NEEDS_CHECK,Tesco store format unclear from FHRS record,RM64HY,1,YES,Tesco Goodmayes Extra lists a bakery among its food counters.,,,GROCER_BAKERY
,92-96 High Road,,South Woodford,Waitrose,Retailers - supermarkets/hypermarkets,7840,0,,443431,159603,526,themis.skouros@redbridge.gov.uk,Redbridge,http://www.redbridge.gov.uk/,False,,E18 2NA,2026-05-06T00:00:00,fhrs_5_en-gb,5,,FHRS,0.022437,51.595291,0.0,0.0,0.0,Waitrose,waitrose,"92-96 High Road, E18 2NA",NEEDS_CHECK,Full Waitrose store: bakery provision to confirm,E182NA,1,YES,Waitrose South Woodford lists a bakery and patisserie among its facilities.,,,GROCER_BAKERY
,261-275 High Road,,Ilford,Lidl,Retailers - supermarkets/hypermarkets,7840,0,,443451,160838,526,themis.skouros@redbridge.gov.uk,Redbridge,http://www.redbridge.gov.uk/,False,,IG1 1NJ,2026-03-26T00:00:00,fhrs_5_en-gb,5,,FHRS,0.078896,51.5606,0.0,0.0,0.0,Lidl,lidl,"261-275 High Road, IG1 1NJ",AUTO_INCLUDE,Lidl supermarket with established bakery provision,IG11NJ,1,YES,"Store details indicate a supermarket format, which typically includes a bakery in Lidl.",,,GROCER_BAKERY
,796 Cranbrook Road,,Ilford,Tesco Stores Ltd (Store),Retailers - supermarkets/hypermarkets,7840,0,,444209,70791,526,themis.skouros@redbridge.gov.uk,Redbridge,http://www.redbridge.gov.uk/,False,,IG6 1HZ,2026-01-15T00:00:00,fhrs_5_en-gb,5,,FHRS,0.081444,51.587326,5.0,5.0,5.0,Tesco,tesco stores ltd (store),"796 Cranbrook Road, IG6 1HZ",NEEDS_CHECK,Tesco store format unclear from FHRS record,IG61HZ,1,YES,This is a Tesco Superstore with a listed in-store bakery.,,,GROCER_BAKERY
,55 Roden Street,,Ilford,Sainsbury's,Retailers - supermarkets/hypermarkets,7840,0,,444252,79096,526,themis.skouros@redbridge.gov.uk,Redbridge,http://www.redbridge.gov.uk/,False,,IG1 2AA,2026-01-05T00:00:00,fhrs_5_en-gb,5,,FHRS,0.067963,51.55653,0.0,0.0,0.0,Sainsbury's,sainsbury's,"55 Roden Street, IG1 2AA",NEEDS_CHECK,Sainsbury's store format unclear from FHRS record,IG12AA,1,YES,This is a Sainsbury's Superstore with ample space for bakery provision.,,,GROCER_BAKERY
,176 George Lane,,South Woodford,Sainsbury's,Retailers - supermarkets/hypermarkets,7840,0,,444273,83685,526,themis.skouros@redbridge.gov.uk,Redbridge,http://www.redbridge.gov.uk/,False,,E18 1AY,2024-11-19T00:00:00,fhrs_5_en-gb,5,,FHRS,0.024567,51.593842,5.0,5.0,5.0,Sainsbury's,sainsbury's,"176 George Lane, E18 1AY",NEEDS_CHECK,Sainsbury's store format unclear from FHRS record,E181AY,1,YES,This is a Sainsbury's Superstore with ample space for bakery provision.,,,GROCER_BAKERY
,250-260 Fencepiece Road,,Ilford,Lidl,Retailers - supermarkets/hypermarkets,7840,0,,595054,179822,526,themis.skouros@redbridge.gov.uk,Redbridge,http://www.redbridge.gov.uk/,False,,IG6 2SU,2025-02-17T00:00:00,fhrs_5_en-gb,5,,FHRS,0.084819,51.603659,5.0,5.0,5.0,Lidl,lidl,"250-260 Fencepiece Road, IG6 2SU",AUTO_INCLUDE,Lidl supermarket with established bakery provision,IG62SU,1,YES,"Store details indicate a supermarket format, which typically includes a bakery in Lidl.",,,GROCER_BAKERY
,155-161 High Road,,Ilford,Lidl,Retailers - supermarkets/hypermarkets,7840,0,,1684186,170400,526,themis.skouros@redbridge.gov.uk,Redbridge,http://www.redbridge.gov.uk/,False,,IG1 1DG,2025-01-21T00:00:00,fhrs_4_en-gb,4,,FHRS,0.0731868,51.5591994,10.0,5.0,5.0,Lidl,lidl,"155-161 High Road, IG1 1DG",AUTO_INCLUDE,Lidl supermarket with established bakery provision,IG11DG,1,YES,"Store details indicate a supermarket format, which typically includes a bakery in Lidl.",,,GROCER_BAKERY
,2 Springfield Drive,,Barkingside,Lidl Great Britain Limited,Retailers - supermarkets/hypermarkets,7840,0,,1725215,202780,526,themis.skouros@redbridge.gov.uk,Redbridge,http://www.redbridge.gov.uk/,False,,IG2 6QG,2024-10-17T00:00:00,fhrs_5_en-gb,5,,FHRS,0.0825697,51.5744512,5.0,5.0,5.0,Lidl,lidl great britain limited,"2 Springfield Drive, IG2 6QG",AUTO_INCLUDE,Lidl supermarket with established bakery provision,IG26QG,1,YES,The exact branch could not be confidently identified with specific bakery provision details.,YES,Image evidence of bakery provision,GROCER_BAKERY
4 Sheen Road,,Richmond,Richmond Upon Thames,Waitrose & Partners,Retailers - supermarkets/hypermarkets,7840,0,,1574154,PI/000423090,527,foodandsafety@merton.gov.uk,Richmond-Upon-Thames,http://www.richmond.gov.uk,False,,TW9 1AE,2025-11-20T00:00:00,fhrs_5_en-gb,5,,FHRS,-0.3019408,51.4618415,0.0,5.0,0.0,Waitrose,waitrose & partners,"4 Sheen Road, Richmond, TW9 1AE",NEEDS_CHECK,Full Waitrose store: bakery provision to confirm,TW91AE,1,YES,Waitrose & Partners is a larger supermarket format that typically includes a substantial bakery.,,,GROCER_BAKERY
2 - 4 Heath Road,,Twickenham,Richmond Upon Thames,Marks & Spencer Simply Foods,Retailers - supermarkets/hypermarkets,7840,0,,1574172,PI/000423215,527,foodandsafety@merton.gov.uk,Richmond-Upon-Thames,http://www.richmond.gov.uk,False,,TW1 4BZ,2026-06-10T00:00:00,fhrs_5_en-gb,5,,FHRS,-0.3303694,51.4457577,0.0,5.0,0.0,M&S,marks & spencer simply foods,"2 - 4 Heath Road, Twickenham, TW1 4BZ",NEEDS_CHECK,Larger M&S store: bakery provision to confirm,TW14BZ,1,YES,"The M&S Simply Food in Twickenham lists ""Bakery"" as a facility on its store page, indicating substantial provision.",,,GROCER_BAKERY
50 London Road,,Twickenham,Richmond Upon Thames,Waitrose,Retailers - supermarkets/hypermarkets,7840,0,,1574216,PI/000423515,527,foodandsafety@merton.gov.uk,Richmond-Upon-Thames,http://www.richmond.gov.uk,False,,TW1 3RJ,2023-10-24T00:00:00,fhrs_5_en-gb,5,,FHRS,-0.328797,51.4485612,0.0,5.0,0.0,Waitrose,waitrose,"50 London Road, Twickenham, TW1 3RJ",NEEDS_CHECK,Full Waitrose store: bakery provision to confirm,TW13RJ,1,YES,"Waitrose is a larger supermarket format that typically includes a substantial bakery, with this branch specifically listing bakery and patisserie.",,,GROCER_BAKERY
42 - 44 Friars Stile Road,,Richmond,Richmond Upon Thames,Sainsbury's,Retailers - supermarkets/hypermarkets,7840,0,,1574218,PI/000423522,527,foodandsafety@merton.gov.uk,Richmond-Upon-Thames,http://www.richmond.gov.uk,False,,TW10 6NQ,2025-03-18T00:00:00,fhrs_5_en-gb,5,,FHRS,-0.296952,51.4550877,0.0,0.0,0.0,Sainsbury's,sainsbury's,"42 - 44 Friars Stile Road, Richmond, TW10 6NQ",NEEDS_CHECK,Sainsbury's store format unclear from FHRS record,TW106NQ,1,YES,"Sainsbury's Local at this address lists ""Bakery"" under its food counters and services.",,,GROCER_BAKERY
50 South Road,,Twickenham,Richmond Upon Thames,Lidl,Retailers - supermarkets/hypermarkets,7840,0,,1574249,PI/000423667,527,foodandsafety@merton.gov.uk,Richmond-Upon-Thames,http://www.richmond.gov.uk,False,,,2024-02-28T00:00:00,fhrs_5_en-gb,5,,FHRS,,,0.0,5.0,0.0,Lidl,lidl,"50 South Road, Twickenham",AUTO_INCLUDE,Lidl supermarket with established bakery provision,,1,YES,"The postcode for Lidl 50 South Road, Twickenham is unknown, making it difficult to verify the specific store and its bakery provision.",YES,Image evidence of bakery provision,GROCER_BAKERY
11 Barnes High Street,Barnes,London,Richmond Upon Thames,Sainsbury's,Retailers - supermarkets/hypermarkets,7840,0,,1574329,PI/000433012,527,foodandsafety@merton.gov.uk,Richmond-Upon-Thames,http://www.richmond.gov.uk,False,,,2025-08-11T00:00:00,fhrs_5_en-gb,5,,FHRS,,,0.0,5.0,0.0,Sainsbury's,sainsbury's,"11 Barnes High Street, Barnes, London",NEEDS_CHECK,Sainsbury's store format unclear from FHRS record,,1,YES,"Sainsbury's Local at this address lists ""Bakery"" under its food to go options.",,,GROCER_BAKERY
20 - 28 Broad Street,,Teddington,Richmond Upon Thames,Tesco Metro,Retailers - supermarkets/hypermarkets,7840,0,,1574343,PI/000433045,527,foodandsafety@merton.gov.uk,Richmond-Upon-Thames,http://www.richmond.gov.uk,False,,TW11 8RF,2025-04-22T00:00:00,fhrs_5_en-gb,5,,FHRS,-0.3385459,51.425866,0.0,0.0,5.0,Tesco,tesco metro,"20 - 28 Broad Street, Teddington, TW11 8RF",NEEDS_CHECK,Tesco store format unclear from FHRS record,TW118RF,1,YES,Tesco Teddington Superstore is a larger format store and likely has substantial bakery provision.,,,GROCER_BAKERY
30 Tangley Park Road,,Hampton,Richmond Upon Thames,Sainsbury's,Retailers - supermarkets/hypermarkets,7840,0,,1574414,PI/000433311,527,foodandsafety@merton.gov.uk,Richmond-Upon-Thames,http://www.richmond.gov.uk,False,,TW12 3YH,2026-05-28T00:00:00,fhrs_5_en-gb,5,,FHRS,-0.3775482,51.4264846,0.0,0.0,0.0,Sainsbury's,sainsbury's,"30 Tangley Park Road, Hampton, TW12 3YH",NEEDS_CHECK,Sainsbury's store format unclear from FHRS record,TW123YH,1,YES,"Sainsbury's Hampton Superstore lists ""Bakery"" under its food to go options.",,,GROCER_BAKERY
Sainsburys Local 32 - 38 The Green,,Twickenham,Richmond Upon Thames,Sainsbury's,Retailers - supermarkets/hypermarkets,7840,0,,1574491,PI/000433736,527,foodandsafety@merton.gov.uk,Richmond-Upon-Thames,http://www.richmond.gov.uk,False,,TW2 5AB,2024-04-24T00:00:00,fhrs_5_en-gb,5,,FHRS,-0.3411576,51.4446674,0.0,5.0,0.0,Sainsbury's,sainsbury's,"Sainsburys Local 32 - 38 The Green, Twickenham, TW2 5AB",NEEDS_CHECK,Sainsbury's store format unclear from FHRS record,TW25AB,1,YES,"Sainsbury's Local at this address lists ""Bakery"" under its food to go options.",,,GROCER_BAKERY
Ground Floor 9 - 11 White Hart Lane,,Barnes,Richmond Upon Thames,Sainsbury's,Retailers - supermarkets/hypermarkets,7840,0,,1574761,PI/000454088,527,foodandsafety@merton.gov.uk,Richmond-Upon-Thames,http://www.richmond.gov.uk,False,,SW13 0PX,2023-11-14T00:00:00,fhrs_5_en-gb,5,,FHRS,-0.2553,51.4704,0.0,5.0,0.0,Sainsbury's,sainsbury's,"Ground Floor 9 - 11 White Hart Lane, Barnes, SW13 0PX",NEEDS_CHECK,Sainsbury's store format unclear from FHRS record,SW130PX,1,YES,"Sainsbury's Local at this address lists ""Bakery"" under its food to go options.",,,GROCER_BAKERY
13 George Street,,Richmond,Richmond Upon Thames,Marks & Spencer,Retailers - supermarkets/hypermarkets,7840,0,,1662282,PI/000473552,527,foodandsafety@merton.gov.uk,Richmond-Upon-Thames,http://www.richmond.gov.uk,False,,TW9 1JY,2023-05-02T00:00:00,fhrs_5_en-gb,5,,FHRS,-0.3053266,51.4598791,0.0,5.0,0.0,M&S,marks & spencer,"13 George Street, Richmond, TW9 1JY",NEEDS_CHECK,Larger M&S store: bakery provision to confirm,TW91JY,1,YES,"Marks & Spencer on George Street is converting to an M&S Food store, which typically includes bakery items.",,,GROCER_BAKERY
Sainsbury's Supermarket Manor Road,,Richmond,Richmond Upon Thames,Sainsbury's Supermarkets Ltd,Retailers - supermarkets/hypermarkets,7840,0,,1690063,PI/000474931,527,foodandsafety@merton.gov.uk,Richmond-Upon-Thames,http://www.richmond.gov.uk,False,,TW9 1YB,2023-05-19T00:00:00,fhrs_5_en-gb,5,,FHRS,,,5.0,5.0,0.0,Sainsbury's,sainsbury's supermarkets ltd,"Sainsbury's Supermarket Manor Road, Richmond, TW9 1YB",NEEDS_CHECK,Sainsbury's store format unclear from FHRS record,TW91YB,1,YES,"Sainsbury's Supermarket Manor Road, Richmond, TW9 1YB is a supermarket format that typically includes substantial bakery provision.",,,GROCER_BAKERY
28 Barnes High Street,Barnes,London,Richmond Upon Thames,Marks & Spencer,Retailers - supermarkets/hypermarkets,7840,0,,1690070,PI/000476895,527,foodandsafety@merton.gov.uk,Richmond-Upon-Thames,http://www.richmond.gov.uk,False,,SW13 9LW,2025-08-23T00:00:00,fhrs_5_en-gb,5,,FHRS,,,0.0,5.0,0.0,M&S,marks & spencer,"28 Barnes High Street, Barnes, London, SW13 9LW",NEEDS_CHECK,Larger M&S store: bakery provision to confirm,SW139LW,1,YES,"M&S Barnes Foodhall at 28 Barnes High Street, Barnes, London, SW13 9LW, explicitly lists a bakery department.",,,GROCER_BAKERY
303 - 305 Uxbridge Road,,Hampton Hill,Richmond Upon Thames,Sainsbury's,Retailers - supermarkets/hypermarkets,7840,0,,1697006,PI/000473990,527,foodandsafety@merton.gov.uk,Richmond-Upon-Thames,http://www.richmond.gov.uk,False,,TW12 1AW,2025-02-20T00:00:00,fhrs_4_en-gb,4,,FHRS,-0.3752137,51.4341966,5.0,10.0,5.0,Sainsbury's,sainsbury's,"303 - 305 Uxbridge Road, Hampton Hill, TW12 1AW",NEEDS_CHECK,Sainsbury's store format unclear from FHRS record,TW121AW,2,YES,"Sainsbury's at 303 - 305 Uxbridge Road, Hampton Hill, TW12 1AW, is a supermarket format that typically includes substantial bakery provision, and is listed as having a bakery.",,,GROCER_BAKERY
38 - 48 High Street,,Whitton,Richmond Upon Thames,Lidl,Retailers - supermarkets/hypermarkets,7840,0,,1735818,PI/000477463,527,foodandsafety@merton.gov.uk,Richmond-Upon-Thames,http://www.richmond.gov.uk,False,,TW2 7LT,2025-08-13T00:00:00,fhrs_5_en-gb,5,,FHRS,-0.3582539,51.4522215,5.0,5.0,5.0,Lidl,lidl,"38 - 48 High Street, Whitton, TW2 7LT",AUTO_INCLUDE,Lidl supermarket with established bakery provision,TW27LT,1,YES,"Lidl at 38-48 High Street, Whitton, TW2 7LT explicitly lists ""bakery"" and ""fresh bakery"" as available services.",,,GROCER_BAKERY
Field House 72 Oldfield Road,,Hampton,Richmond Upon Thames,Waitrose,Retailers - supermarkets/hypermarkets,7840,0,,1737537,PI/000475555,527,foodandsafety@merton.gov.uk,Richmond-Upon-Thames,http://www.richmond.gov.uk,False,,TW12 2HQ,2025-08-19T00:00:00,fhrs_5_en-gb,5,,FHRS,-0.3736192,51.4156033,5.0,0.0,5.0,Waitrose,waitrose,"Field House 72 Oldfield Road, Hampton, TW12 2HQ",NEEDS_CHECK,Full Waitrose store: bakery provision to confirm,TW122HQ,1,YES,"Little Waitrose at 72 Oldfield Road, Hampton, TW12 2HQ, lists a bakery department.",,,GROCER_BAKERY
19 - 23 Upper Ham Road,,Ham,Richmond Upon Thames,Sainsbury's,Retailers - supermarkets/hypermarkets,7840,0,,1768277,PI/000476794,527,foodandsafety@merton.gov.uk,Richmond-Upon-Thames,http://www.richmond.gov.uk,False,,KT2 5QX,2025-03-12T00:00:00,fhrs_5_en-gb,5,,FHRS,-0.3073604,51.4313096,0.0,5.0,0.0,Sainsbury's,sainsbury's,"19 - 23 Upper Ham Road, Ham, KT2 5QX",NEEDS_CHECK,Sainsbury's store format unclear from FHRS record,KT25QX,1,YES,"Sainsbury's Local at 19 - 23 Upper Ham Road, Ham, KT2 5QX, explicitly lists a bakery.",,,GROCER_BAKERY
Morrisons Butterfly Walk,,Denmark Hill,London,Morrisons,Retailers - supermarkets/hypermarkets,7840,0,,363257,171803,528,food@southwark.gov.uk,Southwark,http://www.southwark.gov.uk/,False,,SE5 8RW,2024-11-29T00:00:00,fhrs_5_en-gb,5,,FHRS,-0.092452,51.473432,0.0,5.0,0.0,Morrisons,morrisons,"Morrisons Butterfly Walk, Denmark Hill, SE5 8RW",AUTO_INCLUDE,Full-format Morrisons supermarket,SE58RW,1,YES,"Morrisons at Butterfly Walk, Denmark Hill, SE5 8RW is listed as a supermarket with a bakery.",,,GROCER_BAKERY
,264-276,Walworth Road,London,Morrisons,Retailers - supermarkets/hypermarkets,7840,0,,363258,171854,528,food@southwark.gov.uk,Southwark,http://www.southwark.gov.uk/,False,,SE17 2TE,2026-01-14T00:00:00,fhrs_5_en-gb,5,,FHRS,-0.095423,51.486816,0.0,5.0,0.0,Morrisons,morrisons,"264-276, Walworth Road, SE17 2TE",AUTO_INCLUDE,Full-format Morrisons supermarket,SE172TE,1,YES,"Morrisons at 264-276 Walworth Road, SE17 2TE is identified as a supermarket with a bakery department.",,,GROCER_BAKERY
,364-368,Walworth Road,London,Tesco,Retailers - supermarkets/hypermarkets,7840,0,,363561,175120,528,food@southwark.gov.uk,Southwark,http://www.southwark.gov.uk/,False,,SE17 2NF,2026-01-30T00:00:00,fhrs_5_en-gb,5,,FHRS,-0.094205,51.485268,0.0,0.0,0.0,Tesco,tesco,"364-368, Walworth Road, SE17 2NF",NEEDS_CHECK,Tesco store format unclear from FHRS record,SE172NF,1,YES,"This Tesco is listed as a ""supermarket/hypermarket"" and a nearby Tesco Express refers to it as a ""Tesco Superstore Southwark Superstore"", suggesting a larger format with bakery provision.",,,GROCER_BAKERY
Unit 1,15,Great Suffolk Street,London,Tesco,Retailers - supermarkets/hypermarkets,7840,0,,363731,176586,528,food@southwark.gov.uk,Southwark,http://www.southwark.gov.uk/,False,,SE1 0NS,2026-01-24T00:00:00,fhrs_5_en-gb,5,,FHRS,-0.1010746,51.5051056,0.0,0.0,0.0,Tesco,tesco,"Unit 1, 15, Great Suffolk Street, SE1 0NS",NEEDS_CHECK,Tesco store format unclear from FHRS record,SE10NS,1,YES,This Tesco Express store explicitly mentions having a bakery.,,,GROCER_BAKERY
,107,Dunton Road,London,Tesco,Retailers - supermarkets/hypermarkets,7840,0,,364518,3288,528,food@southwark.gov.uk,Southwark,http://www.southwark.gov.uk/,False,,SE1 5HG,2024-09-17T00:00:00,fhrs_5_en-gb,5,,FHRS,-0.076127,51.488749,0.0,5.0,5.0,Tesco,tesco,"107, Dunton Road, SE1 5HG",NEEDS_CHECK,Tesco store format unclear from FHRS record,SE15HG,1,YES,"This is a Tesco Superstore, which is likely to have substantial bakery provision.",,,GROCER_BAKERY
1 Surrey Quays Shopping Centre,,Redriff Road,London,Tesco,Retailers - supermarkets/hypermarkets,7840,0,,364525,3300,528,food@southwark.gov.uk,Southwark,http://www.southwark.gov.uk/,False,,SE16 7LL,2024-10-01T00:00:00,fhrs_5_en-gb,5,,FHRS,-0.046976,51.495408,5.0,5.0,5.0,Tesco,tesco,"1 Surrey Quays Shopping Centre, Redriff Road, SE16 7LL",NEEDS_CHECK,Tesco store format unclear from FHRS record,SE167LL,2,YES,"This is a Tesco Extra, which explicitly lists bakery goods as available.",,,GROCER_BAKERY
,80,Dog Kennel Hill,London,Sainsburys supermarkets ltd,Retailers - supermarkets/hypermarkets,7840,0,,364527,3307,528,food@southwark.gov.uk,Southwark,http://www.southwark.gov.uk/,False,,SE22 8BB,2026-04-23T00:00:00,fhrs_5_en-gb,5,,FHRS,-0.085189,51.461884,0.0,0.0,0.0,Sainsbury's,sainsburys supermarkets ltd,"80, Dog Kennel Hill, SE22 8BB",NEEDS_CHECK,Sainsbury's store format unclear from FHRS record,SE228BB,1,YES,This is a Sainsbury's Superstore and its official store page lists a bakery.,,,GROCER_BAKERY
Morrisons The Aylesham Centre,,Rye Lane,London,Morrisons,Retailers - supermarkets/hypermarkets,7840,0,,364536,3324,528,food@southwark.gov.uk,Southwark,http://www.southwark.gov.uk/,False,,SE15 5EW,2026-01-10T00:00:00,fhrs_5_en-gb,5,,FHRS,-0.0694128,51.4723656,0.0,0.0,0.0,Morrisons,morrisons,"Morrisons The Aylesham Centre, Rye Lane, SE15 5EW",AUTO_INCLUDE,Full-format Morrisons supermarket,SE155EW,2,YES,"Morrisons The Aylesham Centre, Rye Lane, SE15 5EW is a supermarket with a bakery.",,,GROCER_BAKERY
,96-120,Old Kent Road,London,Lidl,Retailers - supermarkets/hypermarkets,7840,0,,364625,40434,528,food@southwark.gov.uk,Southwark,http://www.southwark.gov.uk/,False,,SE1 4NY,2026-02-12T00:00:00,fhrs_5_en-gb,5,,FHRS,-0.0833675,51.4920701,0.0,0.0,0.0,Lidl,lidl,"96-120, Old Kent Road, SE1 4NY",AUTO_INCLUDE,Lidl supermarket with established bakery provision,SE14NY,1,YES,"Lidl at 96-120 Old Kent Road, SE1 4NY is listed as a store with an in-store bakery.",,,GROCER_BAKERY
Unit 5 Bellenden Road Retail Park,,Bellenden Road,London,Lidl,Retailers - supermarkets/hypermarkets,7840,0,,364761,48914,528,food@southwark.gov.uk,Southwark,http://www.southwark.gov.uk/,False,,SE15 5BA,2024-09-13T00:00:00,fhrs_5_en-gb,5,,FHRS,-0.070666,51.4721764,0.0,0.0,0.0,Lidl,lidl,"Unit 5 Bellenden Road Retail Park, Bellenden Road, SE15 5BA",AUTO_INCLUDE,Lidl supermarket with established bakery provision,SE155BA,1,YES,"Lidl at Unit 5 Bellenden Road Retail Park, Bellenden Road, SE15 5BA is listed as having an in-store bakery.",,,GROCER_BAKERY
Unit 3,6,More London Place,London,Marks and spencer,Retailers - supermarkets/hypermarkets,7840,0,,364904,59194,528,food@southwark.gov.uk,Southwark,http://www.southwark.gov.uk/,False,,SE1 2DA,2026-01-19T00:00:00,fhrs_5_en-gb,5,,FHRS,-0.083201,51.505196,0.0,5.0,0.0,M&S,marks and spencer,"Unit 3, 6, More London Place, SE1 2DA",NEEDS_CHECK,Larger M&S store: bakery provision to confirm,SE12DA,1,YES,Insufficient information to determine bakery provision for this specific M&S location.,YES,This is a medium M&S with images and online evidence of a large bakery section and sufficient provision,GROCER_BAKERY
Asda,464-504,Old Kent Road,London,Asda,Retailers - supermarkets/hypermarkets,7840,0,,364944,62007,528,food@southwark.gov.uk,Southwark,http://www.southwark.gov.uk/,False,,SE1 5AG,2026-01-08T00:00:00,fhrs_5_en-gb,5,,FHRS,-0.0698756,51.4851041,0.0,0.0,0.0,Asda,asda,"Asda, 464-504, Old Kent Road, SE1 5AG",NEEDS_CHECK,Asda store format unclear from FHRS record,SE15AG,1,YES,This is an Asda Superstore and its official store page mentions a bakery counter.,,,GROCER_BAKERY
,30-32,Surrey Quays Road,London,Sainsbury's,Retailers - supermarkets/hypermarkets,7840,0,,617531,183194,528,food@southwark.gov.uk,Southwark,http://www.southwark.gov.uk/,False,,SE16 7ED,2024-10-02T00:00:00,fhrs_5_en-gb,5,,FHRS,-0.0496652,51.4983127,5.0,5.0,0.0,Sainsbury's,sainsbury's,"30-32, Surrey Quays Road, SE16 7ED",NEEDS_CHECK,Sainsbury's store format unclear from FHRS record,SE167ED,1,YES,Sainsbury's Canada Water Station Local lists a bakery.,,,GROCER_BAKERY
Ground Floor,18,Great Suffolk Street,London,Sainsbury's,Retailers - supermarkets/hypermarkets,7840,0,,654165,183126,528,food@southwark.gov.uk,Southwark,http://www.southwark.gov.uk/,False,,SE1 0UG,2026-01-24T00:00:00,fhrs_5_en-gb,5,,FHRS,-0.1013144,51.5053244,0.0,0.0,0.0,Sainsbury's,sainsbury's,"Ground Floor, 18, Great Suffolk Street, SE1 0UG",NEEDS_CHECK,Sainsbury's store format unclear from FHRS record,SE10UG,1,YES,Sainsbury's London Great Suffolk Street Local lists a bakery.,,,GROCER_BAKERY
,192-196,Jamaica Road,London,Sainsbury's,Retailers - supermarkets/hypermarkets,7840,0,,714781,183741,528,food@southwark.gov.uk,Southwark,http://www.southwark.gov.uk/,False,,SE16 4RT,2026-02-06T00:00:00,fhrs_5_en-gb,5,,FHRS,-0.062358,51.498226,0.0,5.0,5.0,Sainsbury's,sainsbury's,"192-196, Jamaica Road, SE16 4RT",NEEDS_CHECK,Sainsbury's store format unclear from FHRS record,SE164RT,1,YES,Sainsbury's Bermondsey Station Local lists a bakery.,,,GROCER_BAKERY
,58a,Great Dover Street,London,Sainsbury's,Retailers - supermarkets/hypermarkets,7840,0,,781532,184072,528,food@southwark.gov.uk,Southwark,http://www.southwark.gov.uk/,False,,SE1 4YF,2023-07-25T00:00:00,fhrs_5_en-gb,5,,FHRS,-0.0900304,51.4974036,5.0,5.0,0.0,Sainsbury's,sainsbury's,"58a, Great Dover Street, SE1 4YF",NEEDS_CHECK,Sainsbury's store format unclear from FHRS record,SE14YF,1,YES,Sainsbury's Southwark Great Dover Street Local lists a bakery.,,,GROCER_BAKERY
,37-41,Peckham Road,London,Sainsbury's,Retailers - supermarkets/hypermarkets,7840,0,,910657,186649,528,food@southwark.gov.uk,Southwark,http://www.southwark.gov.uk/,False,,SE5  8UH,2026-01-21T00:00:00,fhrs_5_en-gb,5,,FHRS,-0.079688,51.474248,0.0,5.0,0.0,Sainsbury's,sainsbury's,"37-41, Peckham Road, SE5  8UH",NEEDS_CHECK,Sainsbury's store format unclear from FHRS record,SE58UH,1,YES,Sainsbury's Camberwell Peckham Road Local lists a bakery.,,,GROCER_BAKERY
,20,Stamford Street,London,Waitrose,Retailers - supermarkets/hypermarkets,7840,0,,980450,185738,528,food@southwark.gov.uk,Southwark,http://www.southwark.gov.uk/,False,,SE1 9LQ,2024-06-25T00:00:00,fhrs_5_en-gb,5,,FHRS,-0.1071879,51.5076445,0.0,5.0,0.0,Waitrose,waitrose,"20, Stamford Street, SE1 9LQ",NEEDS_CHECK,Full Waitrose store: bakery provision to confirm,SE19LQ,1,YES,Waitrose store page lists a bakery department.,,,GROCER_BAKERY
,84-90,Lordship Lane,London,Marks & spencer simply foods,Retailers - supermarkets/hypermarkets,7840,0,,1028965,186675,528,food@southwark.gov.uk,Southwark,http://www.southwark.gov.uk/,False,,SE22 8HF,2026-01-30T00:00:00,fhrs_5_en-gb,5,,FHRS,-0.075699,51.457493,5.0,5.0,5.0,M&S,marks & spencer simply foods,"84-90, Lordship Lane, SE22 8HF",NEEDS_CHECK,Larger M&S store: bakery provision to confirm,SE228HF,1,YES,M&S Dulwich Foodhall lists a bakery department.,,,GROCER_BAKERY
,40,New Kent Road,London,Sainsbury's,Retailers - supermarkets/hypermarkets,7840,0,,1061966,187587,528,food@southwark.gov.uk,Southwark,http://www.southwark.gov.uk/,False,,SE1 6TJ,2025-05-21T00:00:00,fhrs_5_en-gb,5,,FHRS,-0.0965936,51.4943384,0.0,0.0,0.0,Sainsbury's,sainsbury's,"40, New Kent Road, SE1 6TJ",NEEDS_CHECK,Sainsbury's store format unclear from FHRS record,SE16TJ,1,YES,Sainsbury's Elephant and Castle Superstore lists a bakery.,,,GROCER_BAKERY
,18-22,Grove Vale,London,Marks & spencer,Retailers - supermarkets/hypermarkets,7840,0,,1093542,192129,528,food@southwark.gov.uk,Southwark,http://www.southwark.gov.uk/,False,,SE22 8EF,2026-01-24T00:00:00,fhrs_5_en-gb,5,,FHRS,-0.080449,51.461636,5.0,5.0,5.0,M&S,marks & spencer,"18-22, Grove Vale, SE22 8EF",NEEDS_CHECK,Larger M&S store: bakery provision to confirm,SE228EF,1,YES,M&S East Dulwich Station is a Simply Food with a bakery section.,,,GROCER_BAKERY
,760,Old Kent Road,London,Lidl uk gmbh,Retailers - supermarkets/hypermarkets,7840,0,,1274660,193127,528,food@southwark.gov.uk,Southwark,http://www.southwark.gov.uk/,False,,SE15 1NJ,2026-04-23T00:00:00,fhrs_5_en-gb,5,,FHRS,-0.059212,51.480701,0.0,0.0,0.0,Lidl,lidl uk gmbh,"760, Old Kent Road, SE15 1NJ",AUTO_INCLUDE,Lidl supermarket with established bakery provision,SE151NJ,1,YES,"Lidl at 760 Old Kent Road, SE15 1NJ is listed as having an in-store bakery.",,,GROCER_BAKERY
,170,Camberwell Road,London,Sainsbury's,Retailers - supermarkets/hypermarkets,7840,0,,1662822,200702,528,food@southwark.gov.uk,Southwark,http://www.southwark.gov.uk/,False,,SE5 0EE,2025-10-13T00:00:00,fhrs_5_en-gb,5,,FHRS,-0.094426,51.4792518,0.0,0.0,0.0,Sainsbury's,sainsbury's,"170, Camberwell Road, SE5 0EE",NEEDS_CHECK,Sainsbury's store format unclear from FHRS record,SE50EE,1,YES,"Sainsbury's store locator lists ""Bakery"" as a service.",,,GROCER_BAKERY
Unit 1 To 3,22,Elephant And Castle,London,Sainsbury's,Retailers - supermarkets/hypermarkets,7840,0,,1776753,198582,528,food@southwark.gov.uk,Southwark,http://www.southwark.gov.uk/,False,,SE1 6BH,2026-01-19T00:00:00,fhrs_5_en-gb,5,,FHRS,,,0.0,0.0,0.0,Sainsbury's,sainsbury's,"Unit 1 To 3, 22, Elephant And Castle, SE1 6BH",NEEDS_CHECK,Sainsbury's store format unclear from FHRS record,SE16BH,1,YES,"Sainsbury's Elephant and Castle is a Superstore, which typically includes an in-store bakery.",,,GROCER_BAKERY
,307-319,Walworth Road,London,Lidl,Retailers - supermarkets/hypermarkets,7840,0,,1918120,202463,528,food@southwark.gov.uk,Southwark,http://www.southwark.gov.uk/,False,,SE17 2TG,2026-03-11T00:00:00,fhrs_5_en-gb,5,,FHRS,-0.09492599,51.48685951,0.0,5.0,0.0,Lidl,lidl,"307-319, Walworth Road, SE17 2TG",AUTO_INCLUDE,Lidl supermarket with established bakery provision,SE172TG,1,YES,"Lidl at 307-319 Walworth Road, SE17 2TG is listed as a store with an in-store bakery.",,,GROCER_BAKERY
61-63 London Bridge Station,,St Thomas Street,London,Sainsburys,Retailers - supermarkets/hypermarkets,7840,0,,1947451,202892,528,food@southwark.gov.uk,Southwark,http://www.southwark.gov.uk/,False,,SE1 3QX,2026-06-22T00:00:00,fhrs_5_en-gb,5,,FHRS,-0.0839181,51.5030483,0.0,0.0,0.0,Sainsbury's,sainsburys,"61-63 London Bridge Station, St Thomas Street, SE1 3QX",NEEDS_CHECK,Sainsbury's store format unclear from FHRS record,SE13QX,1,YES,Sainsbury's store page lists a bakery.,,,GROCER_BAKERY
,56-60,Denmark Hill,London,Lidl,Retailers - supermarkets/hypermarkets,7840,0,,1960396,197582,528,food@southwark.gov.uk,Southwark,http://www.southwark.gov.uk/,False,,SE5 8RZ,2026-02-11T00:00:00,fhrs_5_en-gb,5,,FHRS,-0.0934872,51.4727308,0.0,5.0,0.0,Lidl,lidl,"56-60, Denmark Hill, SE5 8RZ",AUTO_INCLUDE,Lidl supermarket with established bakery provision,SE58RZ,1,YES,Lidl stores typically feature an in-store bakery with a substantial range of fresh bread and pastries.,,,GROCER_BAKERY
229 High Street,Sutton,,,Asda,Retailers - supermarkets/hypermarkets,7840,0,,570869,03/00006/COM,529,food.safety@sutton.gov.uk,Sutton,http://www.sutton.gov.uk,False,,SM1 1LD,2025-02-26T00:00:00,fhrs_5_en-gb,5,,FHRS,-0.195252,51.367859,5.0,5.0,5.0,Asda,asda,"229 High Street, Sutton, SM1 1LD",NEEDS_CHECK,Asda store format unclear from FHRS record,SM11LD,1,YES,"Asda Superstore format, likely to have a bakery.",,,GROCER_BAKERY
Marlowe Way,Beddington,,,Asda,Retailers - supermarkets/hypermarkets,7840,0,,570872,04/00003/COM,529,food.safety@sutton.gov.uk,Sutton,http://www.sutton.gov.uk,False,,CR0 4XS,2025-11-04T00:00:00,fhrs_5_en-gb,5,,FHRS,-0.128026,51.375761,0.0,0.0,0.0,Asda,asda,"Marlowe Way, Beddington, CR0 4XS",NEEDS_CHECK,Asda store format unclear from FHRS record,CR04XS,1,YES,"Asda Superstore format, likely to have a bakery.",,,GROCER_BAKERY
2 Stafford Road,Wallington,,,Sainsbury's,Retailers - supermarkets/hypermarkets,7840,0,,570913,04703/0002/0/000,529,food.safety@sutton.gov.uk,Sutton,http://www.sutton.gov.uk,False,,SM6 9AA,2023-10-11T00:00:00,fhrs_5_en-gb,5,,FHRS,-0.14643,51.358392,0.0,5.0,5.0,Sainsbury's,sainsbury's,"2 Stafford Road, Wallington, SM6 9AA",NEEDS_CHECK,Sainsbury's store format unclear from FHRS record,SM69AA,1,YES,"Sainsbury's Superstore format, and store page lists a bakery.",,,GROCER_BAKERY
566 London Road,North Cheam,,,Sainsbury's,Retailers - supermarkets/hypermarkets,7840,0,,571016,06550/0566/0/000,529,food.safety@sutton.gov.uk,Sutton,http://www.sutton.gov.uk,False,,SM3 9AA,2025-04-11T00:00:00,fhrs_5_en-gb,5,,FHRS,-0.225716,51.372119,5.0,5.0,0.0,Sainsbury's,sainsbury's,"566 London Road, North Cheam, SM3 9AA",NEEDS_CHECK,Sainsbury's store format unclear from FHRS record,SM39AA,2,YES,"Sainsbury's Superstore format, and store page lists a bakery.",,,GROCER_BAKERY
144 - 146 High Street,Sutton,,,Marks And Spencer,Retailers - supermarkets/hypermarkets,7840,0,,745039,06455/0146/0/000,529,food.safety@sutton.gov.uk,Sutton,http://www.sutton.gov.uk,False,,SM1 1NQ,2024-01-19T00:00:00,fhrs_5_en-gb,5,,FHRS,-0.1932568,51.3641763,5.0,5.0,0.0,M&S,marks and spencer,"144 - 146 High Street, Sutton, SM1 1NQ",NEEDS_CHECK,Larger M&S store: bakery provision to confirm,SM11NQ,1,YES,"M&S Sutton High Street is a larger store, but specific bakery provision is not detailed.",YES,There is evidence in images online of a dedicated bakery section,GROCER_BAKERY
1 Stone Place,Worcester Park,,,Waitrose,Retailers - supermarkets/hypermarkets,7840,0,,754279,06170/0139/0/000,529,food.safety@sutton.gov.uk,Sutton,http://www.sutton.gov.uk,False,,KT4 8DX,2024-06-05T00:00:00,fhrs_5_en-gb,5,,FHRS,-0.243571,51.378206,0.0,5.0,0.0,Waitrose,waitrose,"1 Stone Place, Worcester Park, KT4 8DX",NEEDS_CHECK,Full Waitrose store: bakery provision to confirm,KT48DX,1,YES,Waitrose Worcester Park lists a bakery among its facilities.,,,GROCER_BAKERY
16-18 Beddington Gardens,Wallington,,,Lidl,Retailers - supermarkets/hypermarkets,7840,0,,809156,04134/0016/0/000,529,food.safety@sutton.gov.uk,Sutton,http://www.sutton.gov.uk,False,,SM6 0HU,2024-03-12T00:00:00,fhrs_5_en-gb,5,,FHRS,-0.1507293,51.3587639,0.0,5.0,5.0,Lidl,lidl,"16-18 Beddington Gardens, Wallington, SM6 0HU",AUTO_INCLUDE,Lidl supermarket with established bakery provision,SM60HU,1,YES,This Lidl location is confirmed to have a fresh bakery daily.,,,GROCER_BAKERY
1 Stonecot Hill,Sutton,,,Asda,Retailers - supermarkets/hypermarkets,7840,0,,864152,16/00009/COM,529,food.safety@sutton.gov.uk,Sutton,http://www.sutton.gov.uk,False,,SM3 9HB,2025-11-20T00:00:00,fhrs_5_en-gb,5,,FHRS,-0.212024,51.385013,5.0,5.0,0.0,Asda,asda,"1 Stonecot Hill, Sutton, SM3 9HB",NEEDS_CHECK,Asda store format unclear from FHRS record,SM39HB,1,YES,"Asda at 1 Stonecot Hill, Sutton, is a supermarket and likely has substantial bakery provision.",,,GROCER_BAKERY
17 - 19 High Street,Cheam,,,Sainsbury's,Retailers - supermarkets/hypermarkets,7840,0,,898517,06/00117/COM,529,food.safety@sutton.gov.uk,Sutton,http://www.sutton.gov.uk,False,,SM3 8RQ,2024-01-12T00:00:00,fhrs_5_en-gb,5,,FHRS,-0.2154619,51.3581131,0.0,5.0,5.0,Sainsbury's,sainsbury's,"17 - 19 High Street, Cheam, SM3 8RQ",NEEDS_CHECK,Sainsbury's store format unclear from FHRS record,SM38RQ,1,YES,"Sainsbury's at 17-19 High Street, Cheam, is a Sainsbury's Local and its store locator confirms a bakery.",,,GROCER_BAKERY
Retail Unit,Harcros House,1 - 15 Central Road,Worcester Park,Sainsbury's,Retailers - supermarkets/hypermarkets,7840,0,,898641,07/00004/COM,529,food.safety@sutton.gov.uk,Sutton,http://www.sutton.gov.uk,False,,KT4 8EG,2024-04-18T00:00:00,fhrs_5_en-gb,5,,FHRS,-0.239090994000435,51.3770751953125,0.0,5.0,5.0,Sainsbury's,sainsbury's,"Retail Unit, Harcros House, 1 - 15 Central Road, KT4 8EG",NEEDS_CHECK,Sainsbury's store format unclear from FHRS record,KT48EG,1,YES,"Sainsbury's at 1-15 Central Road, Worcester Park, is a Sainsbury's Local and its store locator confirms a bakery.",,,GROCER_BAKERY
93 Manor Road,Wallington,,,Sainsbury's,Retailers - supermarkets/hypermarkets,7840,0,,899074,13/00033/COM,529,food.safety@sutton.gov.uk,Sutton,http://www.sutton.gov.uk,False,,SM6 0AT,2025-10-28T00:00:00,fhrs_5_en-gb,5,,FHRS,-0.149971,51.3608315,,,,Sainsbury's,sainsbury's,"93 Manor Road, Wallington, SM6 0AT",NEEDS_CHECK,Sainsbury's store format unclear from FHRS record,SM60AT,1,YES,"Sainsbury's at 93 Manor Road, Wallington, is a Sainsbury's Local and its store locator confirms a bakery.",,,GROCER_BAKERY
132 Stanley Park Road,Carshalton,,,Sainsbury's,Retailers - supermarkets/hypermarkets,7840,0,,899141,14/00079/COM,529,food.safety@sutton.gov.uk,Sutton,http://www.sutton.gov.uk,False,,SM5 3JG,2026-06-24T00:00:00,fhrs_5_en-gb,5,,FHRS,-0.162481,51.354957,0.0,0.0,0.0,Sainsbury's,sainsbury's,"132 Stanley Park Road, Carshalton, SM5 3JG",NEEDS_CHECK,Sainsbury's store format unclear from FHRS record,SM53JG,1,YES,"Sainsbury's store locator lists ""Bakery"" under Food to Go services for this Sainsbury's Local.",,,GROCER_BAKERY
287A High Street,Sutton,,,Sainsbury's,Retailers - supermarkets/hypermarkets,7840,0,,928736,16/00181/COM,529,food.safety@sutton.gov.uk,Sutton,http://www.sutton.gov.uk,False,,SM1 1LD,2024-12-05T00:00:00,fhrs_5_en-gb,5,,FHRS,-0.195251,51.367858,5.0,5.0,5.0,Sainsbury's,sainsbury's,"287A High Street, Sutton, SM1 1LD",NEEDS_CHECK,Sainsbury's store format unclear from FHRS record,SM11LD,1,YES,The official Sainsbury's store page and other sources confirm this is a Sainsbury's Superstore with a bakery.,,,GROCER_BAKERY
1 Spinning Wheel Way,Hackbridge,,,Lidl,Retailers - supermarkets/hypermarkets,7840,0,,1320539,21/00009/COM,529,food.safety@sutton.gov.uk,Sutton,http://www.sutton.gov.uk,False,,SM6 7DS,2024-05-01T00:00:00,fhrs_5_en-gb,5,,FHRS,-0.1552818,51.3778714,0.0,5.0,0.0,Lidl,lidl,"1 Spinning Wheel Way, Hackbridge, SM6 7DS",AUTO_INCLUDE,Lidl supermarket with established bakery provision,SM67DS,1,YES,The Lidl in Hackbridge includes a bakery.,,,GROCER_BAKERY
262-270 High Street,Sutton,,,Lidl,Retailers - supermarkets/hypermarkets,7840,0,,1389518,21/00237/COM,529,food.safety@sutton.gov.uk,Sutton,http://www.sutton.gov.uk,False,,SM1 1PG,2024-07-16T00:00:00,fhrs_5_en-gb,5,,FHRS,-0.1946276,51.3680304,0.0,5.0,5.0,Lidl,lidl,"262-270 High Street, Sutton, SM1 1PG",AUTO_INCLUDE,Lidl supermarket with established bakery provision,SM11PG,1,YES,The Lidl in Sutton High Street has an in-store bakery.,,,GROCER_BAKERY
78 - 82 High Street,Sutton,,,Lidl,Retailers - supermarkets/hypermarkets,7840,0,,1917348,26/00086/COM,529,food.safety@sutton.gov.uk,Sutton,http://www.sutton.gov.uk,False,,SM1 1EZ,2026-03-09T00:00:00,fhrs_5_en-gb,5,,FHRS,-0.192027,51.361829,0.0,0.0,0.0,Lidl,lidl,"78 - 82 High Street, Sutton, SM1 1EZ",AUTO_INCLUDE,Lidl supermarket with established bakery provision,SM11EZ,1,YES,This new Lidl store on Sutton High Street features an in-store bakery.,,,GROCER_BAKERY
1 High Street,Sutton,,,Sainsburys,Retailers - supermarkets/hypermarkets,7840,0,,1961531,26/00301/COM,529,food.safety@sutton.gov.uk,Sutton,http://www.sutton.gov.uk,False,,SM1 1DF,2026-06-29T00:00:00,fhrs_5_en-gb,5,,FHRS,-0.1916074,51.3595007,0.0,0.0,0.0,Sainsbury's,sainsburys,"1 High Street, Sutton, SM1 1DF",NEEDS_CHECK,Sainsbury's store format unclear from FHRS record,SM11DF,1,YES,Official store page lists a bakery.,,,GROCER_BAKERY
Tesco Stores Ltd,Hancock Road,London,,Tesco,Retailers - supermarkets/hypermarkets,7840,0,,41230,10233,530,foodsafety@towerhamlets.gov.uk,Tower Hamlets,http://www.towerhamlets.gov.uk,False,,E3 3DA,2025-08-18T00:00:00,fhrs_5_en-gb,5,,FHRS,-0.01058,51.527268,0.0,5.0,0.0,Tesco,tesco,"Tesco Stores Ltd, Hancock Road, London, E3 3DA",NEEDS_CHECK,Tesco store format unclear from FHRS record,E33DA,2,YES,"This is a Tesco Superstore, which typically includes a bakery.",,,GROCER_BAKERY
Sainsbury Foodstore,1 Cambridge Heath Road,London,,Sainsbury's,Retailers - supermarkets/hypermarkets,7840,0,,44301,10753,530,foodsafety@towerhamlets.gov.uk,Tower Hamlets,http://www.towerhamlets.gov.uk,False,,E1 5SD,2025-10-13T00:00:00,fhrs_5_en-gb,5,,FHRS,-0.058772,51.521224,0.0,0.0,0.0,Sainsbury's,sainsbury's,"Sainsbury Foodstore, 1 Cambridge Heath Road, London, E1 5SD",NEEDS_CHECK,Sainsbury's store format unclear from FHRS record,E15SD,1,YES,Official store page lists a bakery.,,,GROCER_BAKERY
Lidl,306 Burdett Road,London,,Lidl,Retailers - supermarkets/hypermarkets,7840,0,,44488,10792,530,foodsafety@towerhamlets.gov.uk,Tower Hamlets,http://www.towerhamlets.gov.uk,False,,E14 7DL,2026-01-09T00:00:00,fhrs_5_en-gb,5,,FHRS,-0.028171,51.512521,0.0,0.0,0.0,Lidl,lidl,"Lidl, 306 Burdett Road, London, E14 7DL",AUTO_INCLUDE,Lidl supermarket with established bakery provision,E147DL,1,YES,This Lidl store has a bakery section.,,,GROCER_BAKERY
Waitrose Food and Home,16-19 Canada Square,London,,Waitrose Food and Home,Retailers - supermarkets/hypermarkets,7840,0,,75876,17803,530,foodsafety@towerhamlets.gov.uk,Tower Hamlets,http://www.towerhamlets.gov.uk,False,,E14 5EW,2024-09-18T00:00:00,fhrs_5_en-gb,5,,FHRS,-0.0162315,51.5045816,0.0,5.0,0.0,Waitrose,waitrose food and home,"Waitrose Food and Home, 16-19 Canada Square, London, E14 5EW",NEEDS_CHECK,Full Waitrose store: bakery provision to confirm,E145EW,1,YES,Waitrose Food and Home Canary Wharf has a dedicated bakery department and offers made-in-branch baguettes.,,,GROCER_BAKERY
Waitrose Ltd,41 Thomas More Street,London,,Waitrose Ltd,Retailers - supermarkets/hypermarkets,7840,0,,92607,26151,530,foodsafety@towerhamlets.gov.uk,Tower Hamlets,http://www.towerhamlets.gov.uk,False,,E1W 1YY,2024-11-06T00:00:00,fhrs_5_en-gb,5,,FHRS,-0.0672979,51.506878,0.0,0.0,0.0,Waitrose,waitrose ltd,"Waitrose Ltd, 41 Thomas More Street, London, E1W 1YY",NEEDS_CHECK,Full Waitrose store: bakery provision to confirm,E1W1YY,1,YES,Waitrose St Katharine Docks is a supermarket that sells fresh produce and baked goods.,,,GROCER_BAKERY
Asda  Unit 2,151 East Ferry Road,London,,Asda,Retailers - supermarkets/hypermarkets,7840,0,,150650,9885,530,foodsafety@towerhamlets.gov.uk,Tower Hamlets,http://www.towerhamlets.gov.uk,False,,E14 3BT,2025-08-11T00:00:00,fhrs_5_en-gb,5,,FHRS,-0.013592,51.4942535,0.0,5.0,0.0,Asda,asda,"Asda  Unit 2, 151 East Ferry Road, London, E14 3BT",NEEDS_CHECK,Asda store format unclear from FHRS record,E143BT,1,YES,"This Asda is a Superstore, which typically includes substantial bakery provision.",,,GROCER_BAKERY
Sainsbury's,420-430 Mile End Road,London,,Sainsbury's,Retailers - supermarkets/hypermarkets,7840,0,,442189,153459,530,foodsafety@towerhamlets.gov.uk,Tower Hamlets,http://www.towerhamlets.gov.uk,False,,E1 4PE,2025-05-22T00:00:00,fhrs_5_en-gb,5,,FHRS,-0.0395576,51.5227791,0.0,0.0,0.0,Sainsbury's,sainsbury's,"Sainsbury's, 420-430 Mile End Road, London, E1 4PE",NEEDS_CHECK,Sainsbury's store format unclear from FHRS record,E14PE,1,YES,"This Sainsbury's Local store explicitly lists ""Bakery"" as a service on its official store page.",,,GROCER_BAKERY
Sainsbury's,242 Hackney Road,London,,Sainsbury's,Retailers - supermarkets/hypermarkets,7840,0,,481557,154035,530,foodsafety@towerhamlets.gov.uk,Tower Hamlets,http://www.towerhamlets.gov.uk,False,,E2 7SJ,2024-09-26T00:00:00,fhrs_5_en-gb,5,,FHRS,-0.0700862,51.5308027,0.0,0.0,0.0,Sainsbury's,sainsbury's,"Sainsbury's, 242 Hackney Road, London, E2 7SJ",NEEDS_CHECK,Sainsbury's store format unclear from FHRS record,E27SJ,1,YES,"This Sainsbury's Local store explicitly lists ""Bakery"" as a service on its official store page.",,,GROCER_BAKERY
Sainsbury's  Commercial Unit 7,50 Bethnal Green Road,London,,Sainsbury's,Retailers - supermarkets/hypermarkets,7840,0,,493842,154148,530,foodsafety@towerhamlets.gov.uk,Tower Hamlets,http://www.towerhamlets.gov.uk,False,,E1 6JW,2025-05-19T00:00:00,fhrs_5_en-gb,5,,FHRS,-0.0734335,51.5239181,0.0,0.0,0.0,Sainsbury's,sainsbury's,"Sainsbury's  Commercial Unit 7, 50 Bethnal Green Road, London, E1 6JW",NEEDS_CHECK,Sainsbury's store format unclear from FHRS record,E16JW,1,YES,"Sainsbury's store locator lists ""Bakery"" as a facility.",,,GROCER_BAKERY
Sainsbury's  Unit 2 Southwest Block,Goodmans Fields,London,,Sainsbury's,Retailers - supermarkets/hypermarkets,7840,0,,493843,154150,530,foodsafety@towerhamlets.gov.uk,Tower Hamlets,http://www.towerhamlets.gov.uk,False,,E1 8EJ,2025-04-02T00:00:00,fhrs_5_en-gb,5,,FHRS,-0.0685586,51.512843,0.0,0.0,0.0,Sainsbury's,sainsbury's,"Sainsbury's  Unit 2 Southwest Block, Goodmans Fields, London, E1 8EJ",NEEDS_CHECK,Sainsbury's store format unclear from FHRS record,E18EJ,1,YES,"Sainsbury's store locator lists ""Bakery"" as a facility.",,,GROCER_BAKERY
Sainsbury's  Block D,Devas Street,London,,Sainsbury's,Retailers - supermarkets/hypermarkets,7840,0,,508922,154238,530,foodsafety@towerhamlets.gov.uk,Tower Hamlets,http://www.towerhamlets.gov.uk,False,,E3 3NT,2025-08-14T00:00:00,fhrs_5_en-gb,5,,FHRS,,,0.0,0.0,5.0,Sainsbury's,sainsbury's,"Sainsbury's  Block D, Devas Street, London, E3 3NT",NEEDS_CHECK,Sainsbury's store format unclear from FHRS record,E33NT,1,YES,"Sainsbury's store locator lists ""Bakery"" and ""Krispy Kreme"" as facilities.",,,GROCER_BAKERY
Sainsbury's,27 Mansell Street,London,,Sainsbury's,Retailers - supermarkets/hypermarkets,7840,0,,530834,153822,530,foodsafety@towerhamlets.gov.uk,Tower Hamlets,http://www.towerhamlets.gov.uk,False,,E1 8AA,2025-10-04T00:00:00,fhrs_5_en-gb,5,,FHRS,-0.0730757,51.5135059,0.0,0.0,0.0,Sainsbury's,sainsbury's,"Sainsbury's, 27 Mansell Street, London, E1 8AA",NEEDS_CHECK,Sainsbury's store format unclear from FHRS record,E18AA,1,YES,"Sainsbury's store locator lists ""Bakery"" as a facility.",,,GROCER_BAKERY
Sainsbury's,31 Bell Lane,London,,Sainsbury's,Retailers - supermarkets/hypermarkets,7840,0,,654218,152187,530,foodsafety@towerhamlets.gov.uk,Tower Hamlets,http://www.towerhamlets.gov.uk,False,,E1 7LA,2026-01-14T00:00:00,fhrs_5_en-gb,5,,FHRS,-0.0765146,51.5176042,0.0,0.0,0.0,Sainsbury's,sainsbury's,"Sainsbury's, 31 Bell Lane, London, E1 7LA",NEEDS_CHECK,Sainsbury's store format unclear from FHRS record,E17LA,1,YES,"Sainsbury's store locator lists ""Bakery"" as a facility.",,,GROCER_BAKERY
Sainsbury's,327-329 Commercial Road,London,,Sainsbury's,Retailers - supermarkets/hypermarkets,7840,0,,925295,156175,530,foodsafety@towerhamlets.gov.uk,Tower Hamlets,http://www.towerhamlets.gov.uk,False,,E1 2PS,2025-07-22T00:00:00,fhrs_5_en-gb,5,,FHRS,-0.0544688,51.514487,0.0,0.0,0.0,Sainsbury's,sainsbury's,"Sainsbury's, 327-329 Commercial Road, London, E1 2PS",NEEDS_CHECK,Sainsbury's store format unclear from FHRS record,E12PS,1,YES,"Sainsbury's store locator lists ""Bakery"" as a facility.",,,GROCER_BAKERY
Sainsbury's,20-21 Norton Folgate,London,,Sainsburys,Retailers - supermarkets/hypermarkets,7840,0,,1775186,213804,530,foodsafety@towerhamlets.gov.uk,Tower Hamlets,http://www.towerhamlets.gov.uk,False,,E1 6DB,2025-10-13T00:00:00,fhrs_5_en-gb,5,,FHRS,-0.078225,51.5215,0.0,0.0,0.0,Sainsbury's,sainsburys,"Sainsbury's, 20-21 Norton Folgate, London, E1 6DB",NEEDS_CHECK,Sainsbury's store format unclear from FHRS record,E16DB,1,YES,Official store page lists an in-store bakery.,,,GROCER_BAKERY
Sainsburys Store 11 Walthamstow Avenue,,Chingford,London,Sainsbury's,Retailers - supermarkets/hypermarkets,7840,0,,514070,11944,531,food.safety@walthamforest.gov.uk,Waltham Forest,http://www.walthamforest.gov.uk,False,,E4 8ST,2024-11-01T00:00:00,fhrs_5_en-gb,5,,FHRS,-0.0210178,51.6041256,5.0,5.0,0.0,Sainsbury's,sainsbury's,"Sainsburys Store 11 Walthamstow Avenue, Chingford, E4 8ST",NEEDS_CHECK,Sainsbury's store format unclear from FHRS record,E48ST,1,YES,Official store page lists a bakery.,,,GROCER_BAKERY
Tesco Stores Ltd 5 Gainsborough Road,,Leytonstone,London,Tesco,Retailers - supermarkets/hypermarkets,7840,0,,514077,12235,531,food.safety@walthamforest.gov.uk,Waltham Forest,http://www.walthamforest.gov.uk,False,,E11 1RX,2026-02-05T00:00:00,fhrs_5_en-gb,5,,FHRS,0.0137886,51.571862,0.0,0.0,0.0,Tesco,tesco,"Tesco Stores Ltd 5 Gainsborough Road, Leytonstone, E11 1RX",NEEDS_CHECK,Tesco store format unclear from FHRS record,E111RX,1,YES,"This is a Tesco Superstore, which typically has substantial bakery provision.",,,GROCER_BAKERY
825 High Road Leyton,,Leyton,London,Tesco,Retailers - supermarkets/hypermarkets,7840,0,,514096,13011,531,food.safety@walthamforest.gov.uk,Waltham Forest,http://www.walthamforest.gov.uk,False,,E10 7AA,2026-02-17T00:00:00,fhrs_4_en-gb,4,,FHRS,-0.0120891,51.5744258,5.0,5.0,10.0,Tesco,tesco,"825 High Road Leyton, Leyton, E10 7AA",NEEDS_CHECK,Tesco store format unclear from FHRS record,E107AA,2,YES,"This is a Tesco Superstore, which typically has substantial bakery provision.",,,GROCER_BAKERY
Asda Superstore 1 Leyton Mills Marshall Road,,Leyton,London,Asda,Retailers - supermarkets/hypermarkets,7840,0,,514237,18077,531,food.safety@walthamforest.gov.uk,Waltham Forest,http://www.walthamforest.gov.uk,False,,E10 5NH,2025-05-13T00:00:00,fhrs_4_en-gb,4,,FHRS,,,5.0,10.0,5.0,Asda,asda,"Asda Superstore 1 Leyton Mills Marshall Road, Leyton, E10 5NH",NEEDS_CHECK,Asda store format unclear from FHRS record,E105NH,2,YES,"This is an Asda Superstore, which typically has substantial bakery provision.",,,GROCER_BAKERY
13 Hall Lane,,Chingford,London,Sainsbury's,Retailers - supermarkets/hypermarkets,7840,0,,514796,5240,531,food.safety@walthamforest.gov.uk,Waltham Forest,http://www.walthamforest.gov.uk,False,,E4 8HH,2025-10-01T00:00:00,fhrs_5_en-gb,5,,FHRS,-0.0189216,51.6167786,0.0,5.0,5.0,Sainsbury's,sainsbury's,"13 Hall Lane, Chingford, E4 8HH",NEEDS_CHECK,Sainsbury's store format unclear from FHRS record,E48HH,1,YES,"Sainsbury's Chingford Superstore lists ""Bakery"" under its Food to Go facilities.",,,GROCER_BAKERY
Sainsburys 112 High Street,,Walthamstow,London,Sainsbury's,Retailers - supermarkets/hypermarkets,7840,0,,514999,5768,531,food.safety@walthamforest.gov.uk,Waltham Forest,http://www.walthamforest.gov.uk,False,,E17 7JY,2025-11-10T00:00:00,fhrs_5_en-gb,5,,FHRS,-0.027601,51.5828257,0.0,0.0,0.0,Sainsbury's,sainsbury's,"Sainsburys 112 High Street, Walthamstow, E17 7JY",NEEDS_CHECK,Sainsbury's store format unclear from FHRS record,E177JY,1,YES,"Sainsbury's Walthamstow Superstore lists ""Bakery"" under its Food to Go facilities.",,,GROCER_BAKERY
19 Selborne Walk,,Walthamstow,London,Asda Supermarket,Retailers - supermarkets/hypermarkets,7840,0,,515002,5773,531,food.safety@walthamforest.gov.uk,Waltham Forest,http://www.walthamforest.gov.uk,False,,E17 7JR,2025-08-16T00:00:00,fhrs_3_en-gb,3,,FHRS,,,10.0,10.0,10.0,Asda,asda supermarket,"19 Selborne Walk, Walthamstow, E17 7JR",AUTO_INCLUDE,Large Asda supermarket format,E177JR,2,YES,There is insufficient evidence to confirm substantial bakery provision at this specific Asda.,YES,Image evidence of bakery provision,GROCER_BAKERY
6 Salisbury Hall Gardens Chingford Road,,Chingford,London,Morrison's Supermarket,Retailers - supermarkets/hypermarkets,7840,0,,515531,9094,531,food.safety@walthamforest.gov.uk,Waltham Forest,http://www.walthamforest.gov.uk,False,,E4 8SA,2025-10-07T00:00:00,fhrs_3_en-gb,3,,FHRS,-0.0172519,51.6080276,5.0,10.0,10.0,Morrisons,morrison's supermarket,"6 Salisbury Hall Gardens Chingford Road, Chingford, E4 8SA",AUTO_INCLUDE,Full-format Morrisons supermarket,E48SA,1,YES,"Morrisons supermarkets typically have an in-store bakery, and this location lists ""The Bakery"" as a service.",,,GROCER_BAKERY
Tesco Supermarket 405 Larkshall Road,,Chingford,London,Tesco,Retailers - supermarkets/hypermarkets,7840,0,,552281,21924,531,food.safety@walthamforest.gov.uk,Waltham Forest,http://www.walthamforest.gov.uk,False,,E4 9EF,2025-11-19T00:00:00,fhrs_5_en-gb,5,,FHRS,-0.0013336,51.6080993,0.0,5.0,0.0,Tesco,tesco,"Tesco Supermarket 405 Larkshall Road, Chingford, E4 9EF",NEEDS_CHECK,Tesco store format unclear from FHRS record,E49EF,1,YES,"This is a Tesco Superstore, which is likely to have substantial bakery provision.",,,GROCER_BAKERY
43 - 49 High Street,,Walthamstow,London,Lidl,Retailers - supermarkets/hypermarkets,7840,0,,621702,8117,531,food.safety@walthamforest.gov.uk,Waltham Forest,http://www.walthamforest.gov.uk,False,,E17 7AD,2025-01-25T00:00:00,fhrs_5_en-gb,5,,FHRS,-0.03195,51.58207,0.0,5.0,0.0,Lidl,lidl,"43 - 49 High Street, Walthamstow, E17 7AD",AUTO_INCLUDE,Lidl supermarket with established bakery provision,E177AD,1,YES,Lidl stores generally have an in-store bakery with fresh products.,,,GROCER_BAKERY
38 Selborne Walk,,Walthamstow,London,Lidl UK,Retailers - supermarkets/hypermarkets,7840,0,,1025296,340679,531,food.safety@walthamforest.gov.uk,Waltham Forest,http://www.walthamforest.gov.uk,False,,E17 7JR,2025-01-19T00:00:00,fhrs_5_en-gb,5,,FHRS,,,0.0,0.0,0.0,Lidl,lidl uk,"38 Selborne Walk, Walthamstow, E17 7JR",AUTO_INCLUDE,Lidl supermarket with established bakery provision,E177JR,1,YES,This Lidl location in Walthamstow is noted for its fresh-baked croissants and bakery items.,,,GROCER_BAKERY
Unit 2 829 - 837 High Road Leytonstone,,Leytonstone,London,Marks & Spencer,Retailers - supermarkets/hypermarkets,7840,0,,1840640,351578,531,food.safety@walthamforest.gov.uk,Waltham Forest,http://www.walthamforest.gov.uk,False,,E11 1HH,2025-07-24T00:00:00,fhrs_5_en-gb,5,,FHRS,0.0115675,51.5692743,5.0,5.0,5.0,M&S,marks & spencer,"Unit 2 829 - 837 High Road Leytonstone, Leytonstone, E11 1HH",NEEDS_CHECK,Larger M&S store: bakery provision to confirm,E111HH,1,YES,The M&S Leytonstone Food Hall has an in-store bakery and coffee counter.,,,GROCER_BAKERY
134 - 152 Balham High Road,,London,Wandsworth,Waitrose,Retailers - supermarkets/hypermarkets,7840,0,,1571411,PI/000423883,532,foodandsafety@merton.gov.uk,Wandsworth,http://www.wandsworth.gov.uk,False,,SW12 9BN,2023-08-08T00:00:00,fhrs_5_en-gb,5,,FHRS,-0.1517393,51.4456592,0.0,5.0,0.0,Waitrose,waitrose,"134 - 152 Balham High Road, London, SW12 9BN",NEEDS_CHECK,Full Waitrose store: bakery provision to confirm,SW129BN,1,YES,Waitrose is a supermarket chain known for its fresh produce and often includes substantial bakery sections.,,,GROCER_BAKERY
147 - 151 Balham High Road,,London,Wandsworth,Sainsbury's,Retailers - supermarkets/hypermarkets,7840,0,,1571423,PI/000423919,532,foodandsafety@merton.gov.uk,Wandsworth,http://www.wandsworth.gov.uk,False,,SW12 9AU,2025-04-09T00:00:00,fhrs_5_en-gb,5,,FHRS,-0.1515889,51.4440381,5.0,5.0,5.0,Sainsbury's,sainsbury's,"147 - 151 Balham High Road, London, SW12 9AU",NEEDS_CHECK,Sainsbury's store format unclear from FHRS record,SW129AU,1,YES,"This Sainsbury's Superstore location lists a bakery in its ""Food to Go"" section.",,,GROCER_BAKERY
45 - 49 St Johns Road,,London,Wandsworth,Marks & Spencer,Retailers - supermarkets/hypermarkets,7840,0,,1571461,PI/000424225,532,foodandsafety@merton.gov.uk,Wandsworth,http://www.wandsworth.gov.uk,False,,SW11 1QP,2026-05-19T00:00:00,fhrs_5_en-gb,5,,FHRS,-0.1673526,51.4621546,0.0,5.0,0.0,M&S,marks & spencer,"45 - 49 St Johns Road, London, SW11 1QP",NEEDS_CHECK,Larger M&S store: bakery provision to confirm,SW111QP,1,YES,The M&S store locator and other sources confirm a bakery department.,,,GROCER_BAKERY
40-44 St Johns Road,,London,Wandsworth,Waitrose,Retailers - supermarkets/hypermarkets,7840,0,,1571491,PI/000424438,532,foodandsafety@merton.gov.uk,Wandsworth,http://www.wandsworth.gov.uk,False,,SW11 1PW,2023-07-18T00:00:00,fhrs_5_en-gb,5,,FHRS,-0.1679125,51.4626215,0.0,5.0,0.0,Waitrose,waitrose,"40-44 St Johns Road, London, SW11 1PW",NEEDS_CHECK,Full Waitrose store: bakery provision to confirm,SW111PW,1,YES,The Waitrose store page and other sources indicate a bakery department.,,,GROCER_BAKERY
Sainsburys 45 Garratt Lane,,London,Wandsworth,Sainsburys,Retailers - supermarkets/hypermarkets,7840,0,,1571562,PI/000424799,532,foodandsafety@merton.gov.uk,Wandsworth,http://www.wandsworth.gov.uk,False,,SW18 4AD,2025-02-06T00:00:00,fhrs_5_en-gb,5,,FHRS,-0.1916626,51.454339,5.0,5.0,5.0,Sainsbury's,sainsburys,"Sainsburys 45 Garratt Lane, London, SW18 4AD",NEEDS_CHECK,Sainsbury's store format unclear from FHRS record,SW184AD,1,YES,"The Sainsbury's store locator lists a bakery at this ""Wandsworth Superstore"" location.",,,GROCER_BAKERY
2 - 6 Werter Road,,London,Wandsworth,Sainsbury's,Retailers - supermarkets/hypermarkets,7840,0,,1571643,PI/000425291,532,foodandsafety@merton.gov.uk,Wandsworth,http://www.wandsworth.gov.uk,False,,SW15 2LJ,2025-01-15T00:00:00,fhrs_5_en-gb,5,,FHRS,-0.2154761,51.4622076,0.0,5.0,5.0,Sainsbury's,sainsbury's,"2 - 6 Werter Road, London, SW15 2LJ",NEEDS_CHECK,Sainsbury's store format unclear from FHRS record,SW152LJ,1,YES,"The Sainsbury's store locator confirms this is a ""Putney Superstore"" with a bakery.",,,GROCER_BAKERY
31 Roehampton Vale,,London,Wandsworth,Asda,Retailers - supermarkets/hypermarkets,7840,0,,1571716,PI/000431229,532,foodandsafety@merton.gov.uk,Wandsworth,http://www.wandsworth.gov.uk,False,,SW15 3DT,2025-08-16T00:00:00,fhrs_5_en-gb,5,,FHRS,-0.2462842,51.4393592,0.0,0.0,0.0,Asda,asda,"31 Roehampton Vale, London, SW15 3DT",NEEDS_CHECK,Asda store format unclear from FHRS record,SW153DT,1,YES,"The Asda store locator and other sources confirm this is a ""Superstore"" with a bakery.",,,GROCER_BAKERY
141 Falcon Lane,,London,Wandsworth,Lidl,Retailers - supermarkets/hypermarkets,7840,0,,1572022,PI/000435789,532,foodandsafety@merton.gov.uk,Wandsworth,http://www.wandsworth.gov.uk,False,,SW11 2LG,2025-07-29T00:00:00,fhrs_5_en-gb,5,,FHRS,,,0.0,0.0,0.0,Lidl,lidl,"141 Falcon Lane, London, SW11 2LG",AUTO_INCLUDE,Lidl supermarket with established bakery provision,SW112LG,1,YES,Lidl stores typically feature a prominent in-store bakery with a substantial range of products baked or finished in-store.,,,GROCER_BAKERY
74 Upper Richmond Road,,London,Wandsworth,Sainsbury's,Retailers - supermarkets/hypermarkets,7840,0,,1572048,PI/000436001,532,foodandsafety@merton.gov.uk,Wandsworth,http://www.wandsworth.gov.uk,False,,SW15 2SU,2024-08-28T00:00:00,fhrs_5_en-gb,5,,FHRS,-0.2091931,51.4591493,5.0,5.0,0.0,Sainsbury's,sainsbury's,"74 Upper Richmond Road, London, SW15 2SU",NEEDS_CHECK,Sainsbury's store format unclear from FHRS record,SW152SU,1,YES,"This Sainsbury's Local lists ""Bakery"" as a facility on its store locator.",,,GROCER_BAKERY
Unit 2 Estate House 225 - 231 Upper Richmond Road,,London,Wandsworth,Sainsbury's,Retailers - supermarkets/hypermarkets,7840,0,,1572073,PI/000436068,532,foodandsafety@merton.gov.uk,Wandsworth,http://www.wandsworth.gov.uk,False,,SW15 6SJ,2024-01-11T00:00:00,fhrs_5_en-gb,5,,FHRS,-0.2218857,51.4618424,0.0,0.0,0.0,Sainsbury's,sainsbury's,"Unit 2 Estate House 225 - 231 Upper Richmond Road, London, SW15 6SJ",NEEDS_CHECK,Sainsbury's store format unclear from FHRS record,SW156SJ,1,YES,Sainsbury's store locator lists a bakery.,,,GROCER_BAKERY
86 - 88 Mitcham Lane,,London,Wandsworth,Sainsbury's,Retailers - supermarkets/hypermarkets,7840,0,,1572084,PI/000436091,532,foodandsafety@merton.gov.uk,Wandsworth,http://www.wandsworth.gov.uk,False,,SW16 6NR,2023-08-08T00:00:00,fhrs_5_en-gb,5,,FHRS,-0.1408451,51.4251092,0.0,5.0,5.0,Sainsbury's,sainsbury's,"86 - 88 Mitcham Lane, London, SW16 6NR",NEEDS_CHECK,Sainsbury's store format unclear from FHRS record,SW166NR,1,YES,Sainsbury's store locator confirms a bakery is available.,,,GROCER_BAKERY
165 - 167 St Johns Hill,,London,Wandsworth,Sainsbury's,Retailers - supermarkets/hypermarkets,7840,0,,1572146,PI/000436216,532,foodandsafety@merton.gov.uk,Wandsworth,http://www.wandsworth.gov.uk,False,,SW11 1TQ,2025-11-26T00:00:00,fhrs_4_en-gb,4,,FHRS,,,,,,Sainsbury's,sainsbury's,"165 - 167 St Johns Hill, London, SW11 1TQ",NEEDS_CHECK,Sainsbury's store format unclear from FHRS record,SW111TQ,1,YES,Sainsbury's store locator confirms a bakery is available.,,,GROCER_BAKERY
181 Upper Tooting Road,,London,Wandsworth,Lidl,Retailers - supermarkets/hypermarkets,7840,0,,1572263,PI/000437064,532,foodandsafety@merton.gov.uk,Wandsworth,http://www.wandsworth.gov.uk,False,,SW17 7TG,2024-07-15T00:00:00,fhrs_5_en-gb,5,,FHRS,-0.1644053,51.4312537,0.0,0.0,0.0,Lidl,lidl,"181 Upper Tooting Road, London, SW17 7TG",AUTO_INCLUDE,Lidl supermarket with established bakery provision,SW177TG,1,YES,Lidl stores typically feature a prominent in-store bakery with a substantial range of products baked or finished in-store.,,,GROCER_BAKERY
Asda Superstore 204 Lavender Hill,,London,Wandsworth,Asda Stores Limited,Retailers - supermarkets/hypermarkets,7840,0,,1572407,PI/000457148,532,foodandsafety@merton.gov.uk,Wandsworth,http://www.wandsworth.gov.uk,False,,SW11 1JG,2025-09-05T00:00:00,fhrs_5_en-gb,5,,FHRS,-0.164905,51.4654611,5.0,5.0,5.0,Asda,asda stores limited,"Asda Superstore 204 Lavender Hill, London, SW11 1JG",NEEDS_CHECK,Asda store format unclear from FHRS record,SW111JG,1,YES,Asda store locator mentions a bakery counter.,,,GROCER_BAKERY
Unit 5a The Junction Shopping Centre 20 St Johns Hill,,London,Wandsworth,Sainsbury's,Retailers - supermarkets/hypermarkets,7840,0,,1572593,PI/000457534,532,foodandsafety@merton.gov.uk,Wandsworth,http://www.wandsworth.gov.uk,False,,SW11 1SA,2024-09-24T00:00:00,fhrs_5_en-gb,5,,FHRS,-0.1689354,51.4636806,0.0,0.0,0.0,Sainsbury's,sainsbury's,"Unit 5a The Junction Shopping Centre 20 St Johns Hill, London, SW11 1SA",NEEDS_CHECK,Sainsbury's store format unclear from FHRS record,SW111SA,1,YES,Sainsbury's store locator confirms a bakery is available.,,,GROCER_BAKERY
Unit 66 To 67 Southside Shopping Centre Wandsworth High Street,,London,Wandsworth,Waitrose,Retailers - supermarkets/hypermarkets,7840,0,,1573082,PI/000458555,532,foodandsafety@merton.gov.uk,Wandsworth,http://www.wandsworth.gov.uk,False,,SW18 4TG,2025-09-19T00:00:00,fhrs_5_en-gb,5,,FHRS,,,0.0,0.0,0.0,Waitrose,waitrose,"Unit 66 To 67 Southside Shopping Centre Wandsworth High Street, London, SW18 4TG",NEEDS_CHECK,Full Waitrose store: bakery provision to confirm,SW184TG,1,YES,Waitrose Wandsworth has a bakery and patisserie.,,,GROCER_BAKERY
56-70 Putney High Street,,London,Wandsworth,Lidl,Retailers - supermarkets/hypermarkets,7840,0,,1573507,PI/000459639,532,foodandsafety@merton.gov.uk,Wandsworth,http://www.wandsworth.gov.uk,False,,SW15 1SF,2024-01-11T00:00:00,fhrs_5_en-gb,5,,FHRS,-0.215919,51.464267,0.0,0.0,0.0,Lidl,lidl,"56-70 Putney High Street, London, SW15 1SF",AUTO_INCLUDE,Lidl supermarket with established bakery provision,SW151SF,1,YES,Lidl stores typically feature a prominent in-store bakery with a substantial range of products baked or finished in-store.,,,GROCER_BAKERY
J Sainsburys Superstore 71 - 77 Tooting High Street,,London,Wandsworth,Sainsbury's,Retailers - supermarkets/hypermarkets,7840,0,,1580633,PI/000337229,532,foodandsafety@merton.gov.uk,Wandsworth,http://www.wandsworth.gov.uk,False,,SW17 0RN,2024-12-16T00:00:00,fhrs_5_en-gb,5,,FHRS,-0.1681593,51.4272744,0.0,5.0,0.0,Sainsbury's,sainsbury's,"J Sainsburys Superstore 71 - 77 Tooting High Street, London, SW17 0RN",NEEDS_CHECK,Sainsbury's store format unclear from FHRS record,SW170RN,1,YES,Sainsbury's Tooting Superstore lists a bakery among its services.,,,GROCER_BAKERY
Waitrose Superstore Putney Exchange Putney High Street,,London,Wandsworth,Waitrose,Retailers - supermarkets/hypermarkets,7840,0,,1580636,PI/000402894,532,foodandsafety@merton.gov.uk,Wandsworth,http://www.wandsworth.gov.uk,False,,SW15 1TW,2025-10-02T00:00:00,fhrs_5_en-gb,5,,FHRS,-0.2167525,51.4637526,0.0,5.0,5.0,Waitrose,waitrose,"Waitrose Superstore Putney Exchange Putney High Street, London, SW15 1TW",NEEDS_CHECK,Full Waitrose store: bakery provision to confirm,SW151TW,1,YES,Waitrose Putney has a bakery and patisserie counter.,,,GROCER_BAKERY
15 - 17 Northcote Road,,London,Wandsworth,Sainsbury's,Retailers - supermarkets/hypermarkets,7840,0,,1625053,PI/000467822,532,foodandsafety@merton.gov.uk,Wandsworth,http://www.wandsworth.gov.uk,False,,SW11 1NG,2026-05-14T00:00:00,fhrs_5_en-gb,5,,FHRS,-0.1664179,51.4601831,0.0,5.0,0.0,Sainsbury's,sainsbury's,"15 - 17 Northcote Road, London, SW11 1NG",NEEDS_CHECK,Sainsbury's store format unclear from FHRS record,SW111NG,1,YES,Sainsbury's Clapham Northcote Road lists a bakery among its food-to-go options.,,,GROCER_BAKERY
282 Magdalen Road,,London,Wandsworth,Sainsbury's Supermarkets,Retailers - supermarkets/hypermarkets,7840,0,,1636830,PI/000467073,532,foodandsafety@merton.gov.uk,Wandsworth,http://www.wandsworth.gov.uk,False,,SW18 3NY,2024-09-16T00:00:00,fhrs_5_en-gb,5,,FHRS,-0.1871868,51.4421294,5.0,5.0,0.0,Sainsbury's,sainsbury's supermarkets,"282 Magdalen Road, London, SW18 3NY",NEEDS_CHECK,Sainsbury's store format unclear from FHRS record,SW183NY,1,YES,Sainsbury's Earlsfield Local lists a bakery among its food counters.,,,GROCER_BAKERY
1 Clyde House 4 Enterprise Way,,London,Wandsworth,Sainsbury's,Retailers - supermarkets/hypermarkets,7840,0,,1688626,PI/000363360,532,foodandsafety@merton.gov.uk,Wandsworth,http://www.wandsworth.gov.uk,False,,SW18 1GE,2024-03-01T00:00:00,fhrs_5_en-gb,5,,FHRS,-0.1963045,51.4612961,0.0,0.0,0.0,Sainsbury's,sainsbury's,"1 Clyde House 4 Enterprise Way, London, SW18 1GE",NEEDS_CHECK,Sainsbury's store format unclear from FHRS record,SW181GE,1,YES,This Sainsbury's is a superstore with a bakery listed in its facilities.,,,GROCER_BAKERY
Waitrose 1 New Union Square,,London,Wandsworth,Waitrose,Retailers - supermarkets/hypermarkets,7840,0,,1902110,PI/000365907,532,foodandsafety@merton.gov.uk,Wandsworth,http://www.wandsworth.gov.uk,False,,SW11 7DN,2024-08-05T00:00:00,fhrs_5_en-gb,5,,FHRS,-0.134422,51.482165,0.0,0.0,0.0,Waitrose,waitrose,"Waitrose 1 New Union Square, London, SW11 7DN",NEEDS_CHECK,Full Waitrose store: bakery provision to confirm,SW117DN,1,YES,"Waitrose Nine Elms explicitly lists a ""Bakery"" counter and ""baked goods"" as available services.",,,GROCER_BAKERY
19 - 21 Mitcham Road,,London,Wandsworth,Marks and Spencer,Retailers - supermarkets/hypermarkets,7840,0,,1950553,26616,532,foodandsafety@merton.gov.uk,Wandsworth,http://www.wandsworth.gov.uk,False,,SW17 9PA,1901-01-01T00:00:00,fhrs_awaitinginspection_en-gb,AwaitingInspection,,FHRS,-0.1672,51.4278,,,,M&S,marks and spencer,"19 - 21 Mitcham Road, London, SW17 9PA",NEEDS_CHECK,Larger M&S store: bakery provision to confirm,SW179PA,1,YES,"This M&S is an M&S Foodhall, which typically includes substantial bakery provision.",,,GROCER_BAKERY
169-173 OXFORD STREET,,LONDON,,Marks And Spencer,Retailers - supermarkets/hypermarkets,7840,0,,411026,00159/0169/0/000,533,foodsafety@westminster.gov.uk,Westminster,http://www.westminster.gov.uk/,False,,W1D 2JR,2023-11-06T00:00:00,fhrs_5_en-gb,5,,FHRS,-0.1379778,51.5150719,0.0,5.0,5.0,M&S,marks and spencer,"169-173 OXFORD STREET, LONDON, W1D 2JR",NEEDS_CHECK,Larger M&S store: bakery provision to confirm,W1D2JR,1,YES,"The M&S Oxford Street store at W1D 2JR is a large department store, but specific bakery provision is not detailed.",YES,There is an evidenced bakery department within this store,GROCER_BAKERY
456-472 OXFORD STREET,,LONDON,,Marks and Spencer,Retailers - supermarkets/hypermarkets,7840,0,,411057,00159/0458/0/000,533,foodsafety@westminster.gov.uk,Westminster,http://www.westminster.gov.uk/,False,,W1C 1AP,2026-04-17T00:00:00,fhrs_5_en-gb,5,,FHRS,-0.1543199,51.5140532,5.0,5.0,5.0,M&S,marks and spencer,"456-472 OXFORD STREET, LONDON, W1C 1AP",NEEDS_CHECK,Larger M&S store: bakery provision to confirm,W1C1AP,1,YES,"The M&S Oxford Street store at W1C 1AP is a large department store, but specific bakery provision is not detailed.",YES,There is an evidenced bakery department within this store,GROCER_BAKERY
UNIT R17 PADDINGTON STATION PRAED STREET,,LONDON,,Sainsbury's,Retailers - supermarkets/hypermarkets,7840,0,,411843,00572/2001/2/015,533,foodsafety@westminster.gov.uk,Westminster,http://www.westminster.gov.uk/,False,,W2 1HB,2024-11-14T00:00:00,fhrs_5_en-gb,5,,FHRS,-0.1774148,51.5175078,0.0,5.0,0.0,Sainsbury's,sainsbury's,"UNIT R17 PADDINGTON STATION PRAED STREET, LONDON, W2 1HB",NEEDS_CHECK,Sainsbury's store format unclear from FHRS record,W21HB,1,YES,"Sainsbury's Local at Paddington Station, W2 1HB, lists ""Bakery"" under its Food to Go services.",,,GROCER_BAKERY
36-37 STRAND,,LONDON,,Sainsbury's,Retailers - supermarkets/hypermarkets,7840,0,,414180,01576/0036/0/000,533,foodsafety@westminster.gov.uk,Westminster,http://www.westminster.gov.uk/,False,,WC2N 5HY,2024-02-09T00:00:00,fhrs_5_en-gb,5,,FHRS,-0.1244289,51.508777,5.0,0.0,0.0,Sainsbury's,sainsbury's,"36-37 STRAND, LONDON, WC2N 5HY",NEEDS_CHECK,Sainsbury's store format unclear from FHRS record,WC2N5HY,1,YES,"The Sainsbury's Local at 36-37 Strand, WC2N 5HY, lists ""Bakery"" under its Food to Go services.",,,GROCER_BAKERY
38 STRATTON STREET,,LONDON,,Sainsbury's,Retailers - supermarkets/hypermarkets,7840,0,,414243,01579/0038/0/000,533,foodsafety@westminster.gov.uk,Westminster,http://www.westminster.gov.uk/,False,,W1J 8LT,2024-08-31T00:00:00,fhrs_5_en-gb,5,,FHRS,-0.1436881,51.5079143,0.0,0.0,0.0,Sainsbury's,sainsbury's,"38 STRATTON STREET, LONDON, W1J 8LT",NEEDS_CHECK,Sainsbury's store format unclear from FHRS record,W1J8LT,1,YES,"The Sainsbury's Local at 38 Stratton Street, W1J 8LT, lists ""Bakery"" under its Food to Go services.",,,GROCER_BAKERY
12A SHELDON SQUARE,REGENT'S PARK,LONDON,,Sainsbury's,Retailers - supermarkets/hypermarkets,7840,0,,414556,04/00428/COMM,533,foodsafety@westminster.gov.uk,Westminster,http://www.westminster.gov.uk/,False,,W2 6EZ,2025-01-09T00:00:00,fhrs_5_en-gb,5,,FHRS,-0.1803887,51.5195839,0.0,0.0,0.0,Sainsbury's,sainsbury's,"12A SHELDON SQUARE, REGENT'S PARK, LONDON, W2 6EZ",NEEDS_CHECK,Sainsbury's store format unclear from FHRS record,W26EZ,1,YES,"The Sainsbury's Local at 12A Sheldon Square, W2 6EZ, lists ""Bakery"" under its Food to Go services.",,,GROCER_BAKERY
GROUND FLOOR 10 CARDINAL WALK,,LONDON,,Marks And Spencer,Retailers - supermarkets/hypermarkets,7840,0,,414622,06/00109/COMM,533,foodsafety@westminster.gov.uk,Westminster,http://www.westminster.gov.uk/,False,,SW1E 5JE,2024-09-21T00:00:00,fhrs_5_en-gb,5,,FHRS,-0.1407303,51.4976763,0.0,0.0,0.0,M&S,marks and spencer,"GROUND FLOOR 10 CARDINAL WALK, LONDON, SW1E 5JE",NEEDS_CHECK,Larger M&S store: bakery provision to confirm,SW1E5JE,1,YES,"The M&S at 10 Cardinal Walk, SW1E 5JE, has a bakery department.",,,GROCER_BAKERY
99 WILTON ROAD,,LONDON,,Sainsbury's,Retailers - supermarkets/hypermarkets,7840,0,,428181,03/00433/COMM,533,foodsafety@westminster.gov.uk,Westminster,http://www.westminster.gov.uk/,False,,SW1V 1DT,2024-07-20T00:00:00,fhrs_5_en-gb,5,,FHRS,-0.1417195,51.493261,0.0,0.0,0.0,Sainsbury's,sainsbury's,"99 WILTON ROAD, LONDON, SW1V 1DT",NEEDS_CHECK,Sainsbury's store format unclear from FHRS record,SW1V1DT,1,YES,"Sainsbury's at 99 Wilton Road, London, SW1V 1DT is a Superstore with an in-store bakery and bakery counter.",,,GROCER_BAKERY
UNITS 3 AND UNIT 4 MOREAU HOUSE 112-120 BROMPTON ROAD,,LONDON,,Sainsbury's,Retailers - supermarkets/hypermarkets,7840,0,,511188,00725/0112/1/004,533,foodsafety@westminster.gov.uk,Westminster,http://www.westminster.gov.uk/,False,,SW3 1JJ,2024-05-11T00:00:00,fhrs_4_en-gb,4,,FHRS,-0.1650085,51.4990966,0.0,10.0,5.0,Sainsbury's,sainsbury's,"UNITS 3 AND UNIT 4 MOREAU HOUSE 112-120 BROMPTON ROAD, LONDON, SW3 1JJ",NEEDS_CHECK,Sainsbury's store format unclear from FHRS record,SW31JJ,1,YES,Official store page lists a bakery counter.,,,GROCER_BAKERY
478 HARROW ROAD,,LONDON,,Sainsbury's,Retailers - supermarkets/hypermarkets,7840,0,,554735,11/00019/COMM,533,foodsafety@westminster.gov.uk,Westminster,http://www.westminster.gov.uk/,False,,W9 3RU,2024-09-13T00:00:00,fhrs_5_en-gb,5,,FHRS,-0.2007779,51.5241184,0.0,0.0,0.0,Sainsbury's,sainsbury's,"478 HARROW ROAD, LONDON, W9 3RU",NEEDS_CHECK,Sainsbury's store format unclear from FHRS record,W93RU,1,YES,Official store page lists bakery provision.,,,GROCER_BAKERY
1 GATLIFF ROAD,,LONDON,,Sainsbury's,Retailers - supermarkets/hypermarkets,7840,0,,554737,13/00026/COMM,533,foodsafety@westminster.gov.uk,Westminster,http://www.westminster.gov.uk/,False,,SW1W 8DT,2024-08-19T00:00:00,fhrs_5_en-gb,5,,FHRS,-0.1505933,51.4882844,0.0,0.0,0.0,Sainsbury's,sainsbury's,"1 GATLIFF ROAD, LONDON, SW1W 8DT",NEEDS_CHECK,Sainsbury's store format unclear from FHRS record,SW1W8DT,1,YES,Official store page lists bakery provision.,,,GROCER_BAKERY
318-324 EDGWARE ROAD,,LONDON,,Sainsbury's,Retailers - supermarkets/hypermarkets,7840,0,,715211,00919/0318/0/000,533,foodsafety@westminster.gov.uk,Westminster,http://www.westminster.gov.uk/,False,,W2 1DY,2025-06-04T00:00:00,fhrs_5_en-gb,5,,FHRS,-0.1706259,51.5207474,0.0,0.0,0.0,Sainsbury's,sainsbury's,"318-324 EDGWARE ROAD, LONDON, W2 1DY",NEEDS_CHECK,Sainsbury's store format unclear from FHRS record,W21DY,1,YES,Official store page lists bakery provision.,,,GROCER_BAKERY
GROUND FLOOR 116 BAKER STREET,,LONDON,,Sainsbury's,Retailers - supermarkets/hypermarkets,7840,0,,741338,14/00112/COMM,533,foodsafety@westminster.gov.uk,Westminster,http://www.westminster.gov.uk/,False,,W1U 6TS,2025-01-07T00:00:00,fhrs_5_en-gb,5,,FHRS,-0.1566678,51.5212214,0.0,5.0,0.0,Sainsbury's,sainsbury's,"GROUND FLOOR 116 BAKER STREET, LONDON, W1U 6TS",NEEDS_CHECK,Sainsbury's store format unclear from FHRS record,W1U6TS,1,YES,Official store page lists a bakery and hot food to go.,,,GROCER_BAKERY
GROUND 27 MOTCOMB STREET,,LONDON,,Waitrose,Retailers - supermarkets/hypermarkets,7840,0,,772653,01451/0027/0/000,533,foodsafety@westminster.gov.uk,Westminster,http://www.westminster.gov.uk/,False,,SW1X 8GG,2025-07-10T00:00:00,fhrs_5_en-gb,5,,FHRS,-0.1570752,51.4989978,0.0,5.0,0.0,Waitrose,waitrose,"GROUND 27 MOTCOMB STREET, LONDON, SW1X 8GG",NEEDS_CHECK,Full Waitrose store: bakery provision to confirm,SW1X8GG,1,YES,Waitrose Belgravia lists bakery and patisserie departments.,,,GROCER_BAKERY
UNITS SU29 VICTORIA PLACE 115 BUCKINGHAM PALACE ROAD,,LONDON,,Sainsbury's,Retailers - supermarkets/hypermarkets,7840,0,,1212875,19/00587/COMM,533,foodsafety@westminster.gov.uk,Westminster,http://www.westminster.gov.uk/,False,,SW1W 9SJ,2025-11-27T00:00:00,fhrs_4_en-gb,4,,FHRS,-0.1457445,51.4945387,0.0,10.0,5.0,Sainsbury's,sainsbury's,"UNITS SU29 VICTORIA PLACE 115 BUCKINGHAM PALACE ROAD, LONDON, SW1W 9SJ",NEEDS_CHECK,Sainsbury's store format unclear from FHRS record,SW1W9SJ,1,YES,Sainsbury's Victoria Place Local lists a bakery and Krispy Kreme.,,,GROCER_BAKERY
UNITS 5 AND 6 57-63 CHARING CROSS ROAD,,LONDON,,Sainsbury's,Retailers - supermarkets/hypermarkets,7840,0,,1270680,20/00338/COMM,533,foodsafety@westminster.gov.uk,Westminster,http://www.westminster.gov.uk/,False,,WC2H 0NE,2024-05-11T00:00:00,fhrs_5_en-gb,5,,FHRS,-0.1286519,51.5120731,0.0,5.0,5.0,Sainsbury's,sainsbury's,"UNITS 5 AND 6 57-63 CHARING CROSS ROAD, LONDON, WC2H 0NE",NEEDS_CHECK,Sainsbury's store format unclear from FHRS record,WC2H0NE,1,YES,Sainsbury's Leicester Square Local lists a bakery and hot food to go.,,,GROCER_BAKERY
1 MARBLE ARCH,,LONDON,,Sainsbury's,Retailers - supermarkets/hypermarkets,7840,0,,1431994,21/00820/COMM,533,foodsafety@westminster.gov.uk,Westminster,http://www.westminster.gov.uk/,False,,W1H 7EJ,2024-06-04T00:00:00,fhrs_5_en-gb,5,,FHRS,-0.1592297,51.5134948,5.0,5.0,5.0,Sainsbury's,sainsbury's,"1 MARBLE ARCH, LONDON, W1H 7EJ",NEEDS_CHECK,Sainsbury's store format unclear from FHRS record,W1H7EJ,1,YES,Sainsbury's Marble Arch Local bakes bread and pastries in-store daily.,,,GROCER_BAKERY
127A-129 QUEENSWAY,,LONDON,,M&S Food,Retailers - supermarkets/hypermarkets,7840,0,,1702988,PCLSS7-VSDMEZ-4YRS6N,533,foodsafety@westminster.gov.uk,Westminster,http://www.westminster.gov.uk/,False,,W2 4SJ,2024-05-21T00:00:00,fhrs_5_en-gb,5,,FHRS,-0.1879374,51.5134983,0.0,0.0,0.0,M&S,m&s food,"127A-129 QUEENSWAY, LONDON, W2 4SJ",NEEDS_CHECK,Larger M&S store: bakery provision to confirm,W24SJ,1,YES,"M&S Food at 127A-129 Queensway, London, W2 4SJ has an in-house M&S bakery.",,,GROCER_BAKERY
UNIT 1 1 PADDINGTON SQUARE,WESTMINSTER,LONDON,,Sainsbury's,Retailers - supermarkets/hypermarkets,7840,0,,1793487,PBHFN8-ZBXNQH-J2W624,533,foodsafety@westminster.gov.uk,Westminster,http://www.westminster.gov.uk/,False,,W2 1DL,2025-02-25T00:00:00,fhrs_5_en-gb,5,,FHRS,,,0.0,0.0,0.0,Sainsbury's,sainsbury's,"UNIT 1 1 PADDINGTON SQUARE, WESTMINSTER, LONDON, W2 1DL",NEEDS_CHECK,Sainsbury's store format unclear from FHRS record,W21DL,1,YES,"Sainsbury's at Unit 1, 1 Paddington Square, Westminster, London, W2 1DL lists a bakery as one of its facilities.",,,GROCER_BAKERY
207 SHIRLAND ROAD,,LONDON,,Sainsbury?s Maida Vale,Retailers - supermarkets/hypermarkets,7840,0,,1863893,001Nz00000MYHGOIA5,533,foodsafety@westminster.gov.uk,Westminster,http://www.westminster.gov.uk/,False,,W9 2EX,2025-10-08T00:00:00,fhrs_5_en-gb,5,,FHRS,-0.1970087,51.5279363,,,,Sainsbury's,sainsbury?s maida vale,"207 SHIRLAND ROAD, LONDON, W9 2EX",NEEDS_CHECK,Sainsbury's store format unclear from FHRS record,W92EX,1,YES,Sainsbury's Local Maida Vale Shirland Road lists a bakery department.,,,GROCER_BAKERY
8 SOUTHAMPTON STREET,,LONDON,,Marks and Spencer,Retailers - supermarkets/hypermarkets,7840,0,,1955264,001Nz00000rpIUDIA2,533,foodsafety@westminster.gov.uk,Westminster,http://www.westminster.gov.uk/,False,,WC2E 7HA,2026-05-29T00:00:00,fhrs_2_en-gb,2,,FHRS,-0.1218079,51.5109169,15.0,15.0,10.0,M&S,marks and spencer,"8 SOUTHAMPTON STREET, LONDON, WC2E 7HA",NEEDS_CHECK,Larger M&S store: bakery provision to confirm,WC2E7HA,1,YES,M&S Southampton Street Covent Garden lists a bakery department.,,,GROCER_BAKERY
98-101 MARYLEBONE HIGH STREET,,LONDON,,Waitrose,Retailers - supermarkets/hypermarkets,7840,0,,1955283,FSNAHV-B5JZZZ-V5KS0J,533,foodsafety@westminster.gov.uk,Westminster,http://www.westminster.gov.uk/,False,,W1U 4SD,2025-09-19T00:00:00,fhrs_5_en-gb,5,,FHRS,-0.1520519,51.519521,5.0,5.0,0.0,Waitrose,waitrose,"98-101 MARYLEBONE HIGH STREET, LONDON, W1U 4SD",NEEDS_CHECK,Full Waitrose store: bakery provision to confirm,W1U4SD,1,YES,Waitrose Marylebone High Street lists a bakery department and in-store delicatessen.,,,GROCER_BAKERY
THE COLONNADES 38 PORCHESTER ROAD,,LONDON,,Waitrose,Retailers - supermarkets/hypermarkets,7840,0,,1962981,D1AE5L-2WXPG3-5LD0S0,533,foodsafety@westminster.gov.uk,Westminster,http://www.westminster.gov.uk/,False,,W2 6ES,2025-11-01T00:00:00,fhrs_5_en-gb,5,,FHRS,-0.187415,51.5168534,0.0,5.0,0.0,Waitrose,waitrose,"THE COLONNADES 38 PORCHESTER ROAD, LONDON, W2 6ES",NEEDS_CHECK,Full Waitrose store: bakery provision to confirm,W26ES,1,YES,Waitrose The Colonnades 38 Porchester Road lists a bakery and patisserie.,,,GROCER_BAKERY
168-176 EDGWARE ROAD,,LONDON,,Waitrose,Retailers - supermarkets/hypermarkets,7840,0,,1963000,QDQ8H6-HDDMZE-GYW7HX,533,foodsafety@westminster.gov.uk,Westminster,http://www.westminster.gov.uk/,False,,W2 2DS,2025-03-12T00:00:00,fhrs_4_en-gb,4,,FHRS,-0.1658375,51.5175882,5.0,10.0,5.0,Waitrose,waitrose,"168-176 EDGWARE ROAD, LONDON, W2 2DS",NEEDS_CHECK,Full Waitrose store: bakery provision to confirm,W22DS,1,YES,Waitrose 168-176 Edgware Road lists a bakery and patisserie.,,,GROCER_BAKERY
Genoa Building,2 Short Blue Place,,Barking,Asda,Retailers - other,4613,0,,847353,66434,501,foodsafety@lbbd.gov.uk,Barking and Dagenham,http://www.lbbd.gov.uk/Pages/Home.aspx,False,,IG11 8FJ,2026-01-17T00:00:00,fhrs_5_en-gb,5,,FHRS,0.07769,51.537635,0.0,5.0,0.0,Asda,asda,"Genoa Building, 2 Short Blue Place, IG11 8FJ",NEEDS_CHECK,Asda store format unclear from FHRS record,IG118FJ,1,YES,Asda Barking Superstore has a bakery counter.,,,GROCER_BAKERY
Clydesdale Way,Belvedere,Kent,,Lidl Belvedere,Retailers - other,4613,0,,1104872,18/00333/CP,503,food.safety@bexley.gov.uk,Bexley,http://www.bexley.gov.uk,False,,DA17 6FD,2024-09-02T00:00:00,fhrs_5_en-gb,5,,FHRS,0.15652,51.49694,0.0,5.0,0.0,Lidl,lidl belvedere,"Clydesdale Way, Belvedere, Kent, DA17 6FD",AUTO_INCLUDE,Lidl supermarket with established bakery provision,DA176FD,1,YES,Lidl stores typically feature a prominent in-store bakery with a substantial range of products baked or finished in-store.,,,GROCER_BAKERY
Northwick Park Hospital,Watford Road,Harrow,,M&S,Retailers - other,4613,0,,1712518,107804,504,ens.foodsafety@brent.gov.uk,Brent,http://www.brent.gov.uk/,False,,HA1 3UJ,2025-12-22T00:00:00,fhrs_5_en-gb,5,,FHRS,-0.322494,51.575108,0.0,0.0,0.0,M&S,m&s,"Northwick Park Hospital, Watford Road, Harrow, HA1 3UJ",NEEDS_CHECK,Larger M&S store: bakery provision to confirm,HA13UJ,1,YES,M&S Food To Go at Northwick Park Hospital offers in-store bakery items.,,,GROCER_BAKERY
,15-17 Tottenham Court Road,,London,MARKS AND SPENCER,Retailers - other,4613,0,,1942061,207367,506,foodsafety@camden.gov.uk,Camden,http://www.camden.gov.uk,False,,W1T 1BJ,2026-06-10T00:00:00,fhrs_5_en-gb,5,,FHRS,-0.1314607,51.5172434,0.0,0.0,0.0,M&S,marks and spencer,"15-17 Tottenham Court Road, W1T 1BJ",NEEDS_CHECK,Larger M&S store: bakery provision to confirm,W1T1BJ,1,YES,The M&S Tottenham Court Road store features an in-store bakery and coffee counter.,,,GROCER_BAKERY
4 Victory Parade Plumstead Road,,Woolwich,Greenwich,Marks & Spencer Simply Foods,Retailers - other,4613,0,,1096748,PI/000201712,511,Food.Concerns@royalgreenwich.gov.uk,Greenwich,http://www.royalgreenwich.gov.uk,False,,SE18 6FL,2024-01-25T00:00:00,fhrs_5_en-gb,5,,FHRS,0.0706834,51.491689,0.0,5.0,0.0,M&S,marks & spencer simply foods,"4 Victory Parade Plumstead Road, Woolwich, SE18 6FL",NEEDS_CHECK,Larger M&S store: bakery provision to confirm,SE186FL,1,YES,M&S Woolwich Foodhall has an in-store bakery.,,,GROCER_BAKERY
Unit 12 Greenwich Shopping Park Bugsbys Way,,Charlton,Greenwich,Lidl,Retailers - other,4613,0,,1223642,13310,511,Food.Concerns@royalgreenwich.gov.uk,Greenwich,http://www.royalgreenwich.gov.uk,False,,SE7 7SR,2025-10-27T00:00:00,fhrs_5_en-gb,5,,FHRS,0.0245779994875193,51.488582611084,0.0,0.0,0.0,Lidl,lidl,"Unit 12 Greenwich Shopping Park Bugsbys Way, Charlton, SE7 7SR",AUTO_INCLUDE,Lidl supermarket with established bakery provision,SE77SR,1,YES,Lidl stores typically feature a prominent in-store bakery with a substantial range of products baked or finished in-store.,,,GROCER_BAKERY
I2 Office 6 Mitre Passage,,Greenwich,,Sainsburys Supermarkets,Retailers - other,4613,0,,1832083,17513,511,Food.Concerns@royalgreenwich.gov.uk,Greenwich,http://www.royalgreenwich.gov.uk,False,,SE10 0ER,2025-05-19T00:00:00,fhrs_5_en-gb,5,,FHRS,0.0068925,51.5007235,0.0,0.0,0.0,Sainsbury's,sainsburys supermarkets,"I2 Office 6 Mitre Passage, Greenwich, SE10 0ER",NEEDS_CHECK,Sainsbury's store format unclear from FHRS record,SE100ER,1,YES,Sainsbury's Greenwich Peninsula-Mitre Passage lists a bakery in its Food to Go section.,,,GROCER_BAKERY
,55 MORNING LANE,Hackney,London,Tesco,Retailers - other,4613,0,,469129,18987,512,technicalbusinesssupport@hackney.gov.uk,Hackney,https://hackney.gov.uk/environmental-health#food,False,,E9 6ND,2023-03-09T00:00:00,fhrs_5_en-gb,5,,FHRS,-0.0526634,51.5469227,5.0,5.0,5.0,Tesco,tesco,"55 MORNING LANE, Hackney, E9 6ND",NEEDS_CHECK,Tesco store format unclear from FHRS record,E96ND,2,YES,Tesco Hackney Morning Lane Superstore lists a bakery in its facilities.,,,GROCER_BAKERY
,180 WELL STREET,Hackney,London,Tesco,Retailers - other,4613,0,,470271,3457,512,technicalbusinesssupport@hackney.gov.uk,Hackney,https://hackney.gov.uk/environmental-health#food,False,,E9 6QU,2022-11-11T00:00:00,fhrs_5_en-gb,5,,FHRS,-0.047698,51.5429644,5.0,5.0,5.0,Tesco,tesco,"180 WELL STREET, Hackney, E9 6QU",NEEDS_CHECK,Tesco store format unclear from FHRS record,E96QU,1,YES,"Tesco Hackney Superstore lists a wide range of food and drinks, implying substantial bakery provision.",,,GROCER_BAKERY
,209 – 223 HOXTON STREET HACKNEY,Hackney,London,Lidl Great Britain Limited,Retailers - other,4613,0,,1816144,HAC2090,512,technicalbusinesssupport@hackney.gov.uk,Hackney,https://hackney.gov.uk/environmental-health#food,False,,N1 5LG,2025-06-03T00:00:00,fhrs_5_en-gb,5,,FHRS,-0.0803585,51.5328028,5.0,5.0,5.0,Lidl,lidl great britain limited,"209 – 223 HOXTON STREET HACKNEY, Hackney, N1 5LG",AUTO_INCLUDE,Lidl supermarket with established bakery provision,N15LG,1,YES,Lidl stores typically feature a prominent in-store bakery with a substantial range of products baked or finished in-store.,,,GROCER_BAKERY
Tesco Extra,221 Alexandra Avenue,,,Tesco,Retailers - other,4613,0,,457840,PI/000044933,515,envhealth@harrow.gov.uk,Harrow,http://www.harrow.gov.uk,False,,HA2 9DL,2026-06-09T00:00:00,fhrs_5_en-gb,5,,FHRS,-0.3666284,51.5647883,5.0,5.0,5.0,Tesco,tesco,"Tesco Extra, 221 Alexandra Avenue, HA2 9DL",NEEDS_CHECK,Tesco store format unclear from FHRS record,HA29DL,1,YES,"This is a Tesco Extra, which is a larger format store likely to have substantial bakery provision.",,,GROCER_BAKERY
2 Eastman Road,Harrow Harrow,,,Sainsbury's,Retailers - other,4613,0,,1885520,PI/000144528,515,envhealth@harrow.gov.uk,Harrow,http://www.harrow.gov.uk,False,,HA1 4WB,2026-04-30T00:00:00,fhrs_5_en-gb,5,,FHRS,-0.3484175,51.596267,0.0,5.0,0.0,Sainsbury's,sainsbury's,"2 Eastman Road, Harrow Harrow, HA1 4WB",NEEDS_CHECK,Sainsbury's store format unclear from FHRS record,HA14WB,1,YES,"This is a Sainsbury's Local that explicitly lists ""Bakery"" as an available service.",,,GROCER_BAKERY
,333 Bath Road,Hounslow,,Sainsbury's Supermarkets Ltd,Retailers - other,4613,0,,1360941,2991,518,foodsafety@hounslow.gov.uk,Hounslow,http://www.hounslow.gov.uk,False,,TW3 3DH,2024-05-04T00:00:00,fhrs_5_en-gb,5,,FHRS,-0.385708004236221,51.4731063842773,0.0,0.0,0.0,Sainsbury's,sainsbury's supermarkets ltd,"333 Bath Road, Hounslow, TW3 3DH",NEEDS_CHECK,Sainsbury's store format unclear from FHRS record,TW33DH,1,YES,"This Sainsbury's Local lists ""Bakery"" as a product/service.",,,GROCER_BAKERY
Sainsbury's Units 1&2,33 Charterhouse Street,London,EC1M 6HA,"Sainsbury's, Units 1&2",Retailers - other,4613,0,,1909927,PI/000295869,519,Commercial.Envh@islington.gov.uk,Islington,http://www.islington.gov.uk,False,,EC1M 6HA,2026-01-13T00:00:00,fhrs_5_en-gb,5,,FHRS,-0.1049225,51.519048,0.0,0.0,0.0,Sainsbury's,"sainsbury's, units 1&2","Sainsbury's Units 1&2, 33 Charterhouse Street, London, EC1M 6HA",NEEDS_CHECK,Sainsbury's store format unclear from FHRS record,EC1M6HA,1,YES,"This Sainsbury's store lists ""Bakery"" under its Food to Go services.",,,GROCER_BAKERY
Hanover House,76 Coombe Road,Kingston Upon Thames,,Sainsbury's,Retailers - other,4613,0,,1386421,21/26162/RBK,521,food.safety@kingston.gov.uk,Kingston-Upon-Thames,http://www.kingston.gov.uk,False,,KT2 7AZ,2024-02-26T00:00:00,fhrs_5_en-gb,5,,FHRS,-0.28335,51.412671,0.0,5.0,0.0,Sainsbury's,sainsbury's,"Hanover House, 76 Coombe Road, Kingston Upon Thames, KT2 7AZ",NEEDS_CHECK,Sainsbury's store format unclear from FHRS record,KT27AZ,1,YES,"This Sainsbury's Local lists ""Bakery"" under its Food to Go services.",,,GROCER_BAKERY
New Hereditament,237-249 Southend Lane,London,,Lidl,Retailers - other,4613,0,,1598697,FR/000001779,523,environmentalhealth@lewisham.gov.uk,Lewisham,http://www.lewisham.gov.uk/myservices/business/food-safety/Pages/default.aspx,False,,SE6 3RS,2018-01-18T00:00:00,fhrs_5_en-gb,5,,FHRS,-0.0264655,51.426323,0.0,5.0,0.0,Lidl,lidl,"New Hereditament, 237-249 Southend Lane, London, SE6 3RS",AUTO_INCLUDE,Lidl supermarket with established bakery provision,SE63RS,1,YES,Lidl stores typically feature a prominent in-store bakery with a substantial range of products baked or finished in-store.,,,GROCER_BAKERY
34-48 London Road,London,,,Sainsbury's Forest Hill,Retailers - other,4613,0,,1636300,FR/000010383,523,environmentalhealth@lewisham.gov.uk,Lewisham,http://www.lewisham.gov.uk/myservices/business/food-safety/Pages/default.aspx,False,,SE23 3HF,2024-06-27T00:00:00,fhrs_5_en-gb,5,,FHRS,-0.0555259,51.4398125,0.0,5.0,0.0,Sainsbury's,sainsbury's forest hill,"34-48 London Road, London, SE23 3HF",NEEDS_CHECK,Sainsbury's store format unclear from FHRS record,SE233HF,1,YES,"This Sainsbury's Superstore lists ""Bakery"" under its Food to Go services.",,,GROCER_BAKERY
122-126 Lewisham High Street,Hither Green,London,,Marks & Spencer,Retailers - other,4613,0,,1720409,FR/000010841,523,environmentalhealth@lewisham.gov.uk,Lewisham,http://www.lewisham.gov.uk/myservices/business/food-safety/Pages/default.aspx,False,,SE13 6JG,1901-01-01T00:00:00,fhrs_awaitinginspection_en-gb,AwaitingInspection,,FHRS,-0.010786,51.461985,,,,M&S,marks & spencer,"122-126 Lewisham High Street, Hither Green, London, SE13 6JG",NEEDS_CHECK,Larger M&S store: bakery provision to confirm,SE136JG,1,YES,This M&S store has a cafe and is likely a larger food hall format with bakery provision.,,,GROCER_BAKERY
23 Streatham Road,,Mitcham,Merton,Lidl,Retailers - other,4613,0,,1109961,PI/000116723,524,foodandsafety@merton.gov.uk,Merton,http://www.merton.gov.uk,False,,CR4 2AD,2025-05-07T00:00:00,fhrs_5_en-gb,5,,FHRS,-0.1587444,51.4117402,0.0,0.0,0.0,Lidl,lidl,"23 Streatham Road, Mitcham, CR4 2AD",AUTO_INCLUDE,Lidl supermarket with established bakery provision,CR42AD,1,YES,Lidl stores typically feature a prominent in-store bakery with a substantial range of products baked or finished in-store.,,,GROCER_BAKERY
Unit 6 And 7 The Tandem Centre Tandem Way,,Colliers Wood,Merton,Lidl,Retailers - other,4613,0,,1270475,PI/000117894,524,foodandsafety@merton.gov.uk,Merton,http://www.merton.gov.uk,False,,SW19 2TY,2025-08-29T00:00:00,fhrs_5_en-gb,5,,FHRS,-0.1781042,51.4135312,0.0,5.0,0.0,Lidl,lidl,"Unit 6 And 7 The Tandem Centre Tandem Way, Colliers Wood, SW19 2TY",AUTO_INCLUDE,Lidl supermarket with established bakery provision,SW192TY,1,YES,Lidl stores typically feature a prominent in-store bakery with a substantial range of products baked or finished in-store.,,,GROCER_BAKERY
383 Richmond Road,,Twickenham,Richmond Upon Thames,Lidl,Retailers - other,4613,0,,1784037,PI/000423776,527,foodandsafety@merton.gov.uk,Richmond-Upon-Thames,http://www.richmond.gov.uk,False,,TW1 2EF,2024-11-05T00:00:00,fhrs_5_en-gb,5,,FHRS,-0.3105535,51.4557966,5.0,5.0,0.0,Lidl,lidl,"383 Richmond Road, Twickenham, TW1 2EF",AUTO_INCLUDE,Lidl supermarket with established bakery provision,TW12EF,1,YES,Lidl stores typically feature an in-store bakery with fresh bread and pastries baked daily.,,,GROCER_BAKERY
59 - 61 High Street,,Hampton Wick,Richmond Upon Thames,Sainsbury's Supermarkets Ltd,Retailers - other,4613,0,,1800879,PI/000488371,527,foodandsafety@merton.gov.uk,Richmond-Upon-Thames,http://www.richmond.gov.uk,False,,KT1 4DG,2025-04-29T00:00:00,fhrs_5_en-gb,5,,FHRS,-0.3123273,51.4138127,0.0,0.0,0.0,Sainsbury's,sainsbury's supermarkets ltd,"59 - 61 High Street, Hampton Wick, KT1 4DG",NEEDS_CHECK,Sainsbury's store format unclear from FHRS record,KT14DG,1,YES,Sainsbury's Hampton Wick High Street Local lists a bakery in its services.,,,GROCER_BAKERY
82 London Road,,Twickenham,Richmond Upon Thames,Sainsbury's,Retailers - other,4613,0,,1854358,PI/000493602,527,foodandsafety@merton.gov.uk,Richmond-Upon-Thames,http://www.richmond.gov.uk,False,,TW1 1BD,2024-11-28T00:00:00,fhrs_5_en-gb,5,,FHRS,-0.3302918,51.4501342,0.0,5.0,5.0,Sainsbury's,sainsbury's,"82 London Road, Twickenham, TW1 1BD",NEEDS_CHECK,Sainsbury's store format unclear from FHRS record,TW11BD,1,YES,Sainsbury's Twickenham Station Local lists a bakery in its services.,,,GROCER_BAKERY
328 Wrythe Lane,Carshalton,,,Lidl,Retailers - other,4613,0,,1041496,18/00102/COM,529,food.safety@sutton.gov.uk,Sutton,http://www.sutton.gov.uk,False,,SM5 1AD,2024-03-05T00:00:00,fhrs_5_en-gb,5,,FHRS,-0.189441,51.384064,5.0,5.0,5.0,Lidl,lidl,"328 Wrythe Lane, Carshalton, SM5 1AD",AUTO_INCLUDE,Lidl supermarket with established bakery provision,SM51AD,1,YES,Lidl stores typically feature an in-store bakery with fresh bread and pastries baked daily.,,,GROCER_BAKERY
15-21 Green Wrythe Lane,Carshalton,,,Sainsburys Carshalton - Green Wrythe Lane,Retailers - other,4613,0,,1518551,22/00219/COM,529,food.safety@sutton.gov.uk,Sutton,http://www.sutton.gov.uk,False,,SM5 2DS,2025-11-04T00:00:00,fhrs_5_en-gb,5,,FHRS,-0.1687427,51.3730345,0.0,0.0,0.0,Sainsbury's,sainsburys carshalton - green wrythe lane,"15-21 Green Wrythe Lane, Carshalton, SM5 2DS",NEEDS_CHECK,Sainsbury's store format unclear from FHRS record,SM52DS,1,YES,Sainsbury's Carshalton Green Wrythe Lane Local offers freshly baked bread and pastries.,,,GROCER_BAKERY
Woodcote Green Nursery,4A Woodmansterne Lane,Wallington,,Waitrose @ Dobbies Garden Centre,Retailers - other,4613,0,,1569907,22/00468/COM,529,food.safety@sutton.gov.uk,Sutton,http://www.sutton.gov.uk,False,,SM6 0SU,2025-09-25T00:00:00,fhrs_5_en-gb,5,,FHRS,-0.1520066,51.3466524,0.0,5.0,0.0,Waitrose,waitrose @ dobbies garden centre,"Woodcote Green Nursery, 4A Woodmansterne Lane, Wallington, SM6 0SU",NEEDS_CHECK,Full Waitrose store: bakery provision to confirm,SM60SU,1,YES,Waitrose at Dobbies Garden Centre includes an in-store bakery.,,,GROCER_BAKERY
Sainsbury's,3-5 Globe Road,London,,Sainsbury's,Retailers - other,4613,0,,576384,154726,530,foodsafety@towerhamlets.gov.uk,Tower Hamlets,http://www.towerhamlets.gov.uk,False,,E1 4DT,2025-03-03T00:00:00,fhrs_5_en-gb,5,,FHRS,-0.0467019,51.522135,5.0,5.0,5.0,Sainsbury's,sainsbury's,"Sainsbury's, 3-5 Globe Road, London, E1 4DT",NEEDS_CHECK,Sainsbury's store format unclear from FHRS record,E14DT,1,YES,"Sainsbury's Stepney Green Station Local lists ""Bakery"" under Food to Go.",,,GROCER_BAKERY
Unit 94 Southside Shopping Centre Wandsworth High Street,,London,Wandsworth,Lidl,Retailers - other,4613,0,,1768175,PI/000480480,532,foodandsafety@merton.gov.uk,Wandsworth,http://www.wandsworth.gov.uk,False,,SW18 4TG,2024-10-09T00:00:00,fhrs_5_en-gb,5,,FHRS,-0.1938135,51.4549117,5.0,5.0,5.0,Lidl,lidl,"Unit 94 Southside Shopping Centre Wandsworth High Street, London, SW18 4TG",AUTO_INCLUDE,Lidl supermarket with established bakery provision,SW184TG,1,YES,Lidl stores typically feature an in-store bakery with fresh bread and pastries baked daily.,,,GROCER_BAKERY
Bank House 27 - 29 Bellevue Road,,London,Wandsworth,Sainsbury's,Retailers - other,4613,0,,1772116,PI/000431317,532,foodandsafety@merton.gov.uk,Wandsworth,http://www.wandsworth.gov.uk,False,,SW17 7EF,2024-05-09T00:00:00,fhrs_5_en-gb,5,,FHRS,-0.167355,51.4441866,0.0,5.0,5.0,Sainsbury's,sainsbury's,"Bank House 27 - 29 Bellevue Road, London, SW17 7EF",NEEDS_CHECK,Sainsbury's store format unclear from FHRS record,SW177EF,1,YES,"Sainsbury's Wandsworth Common Bellevue Road Local lists ""Bakery"" under Food to Go.",,,GROCER_BAKERY
Unit 19 Planters House Odyssey Way,,London,Wandsworth,Waitrose & Partners,Retailers - other,4613,0,,1865285,PI/000493348,532,foodandsafety@merton.gov.uk,Wandsworth,http://www.wandsworth.gov.uk,False,,SW18 1FP,2025-11-11T00:00:00,fhrs_5_en-gb,5,,FHRS,,,0.0,0.0,0.0,Waitrose,waitrose & partners,"Unit 19 Planters House Odyssey Way, London, SW18 1FP",NEEDS_CHECK,Full Waitrose store: bakery provision to confirm,SW181FP,1,YES,Waitrose & Partners at Unit 19 Planters House Odyssey Way is a Little Waitrose that offers freshly baked goods.,,,GROCER_BAKERY
59 Putney High Street,,London,Wandsworth,Marks & Spencer,Retailers - other,4613,0,,1941886,PI/000425108,532,foodandsafety@merton.gov.uk,Wandsworth,http://www.wandsworth.gov.uk,False,,SW15 1SP,1901-01-01T00:00:00,fhrs_awaitinginspection_en-gb,AwaitingInspection,,FHRS,-0.215088,51.4641312,,,,M&S,marks & spencer,"59 Putney High Street, London, SW15 1SP",NEEDS_CHECK,Larger M&S store: bakery provision to confirm,SW151SP,1,YES,The M&S Foodhall at 59 Putney High Street includes a show-stopping in-store bakery.,,,GROCER_BAKERY
Russell Parade  Golders Green Road London,,,,Kosher Kingdom,Retailers - supermarkets/hypermarkets,7840,0,,756819,CP/04535,502,FoodSafety@barnet.gov.uk,Barnet,http://www.barnet.gov.uk/,False,,NW11 9NN,2025-08-27T00:00:00,fhrs_5_en-gb,5,,FHRS,-0.207422,51.578299,0.0,5.0,5.0,,kosher kingdom,"Russell Parade  Golders Green Road London, NW11 9NN",NEEDS_CHECK,Independent or other supermarket,NW119NN,1,YES,"Kosher Kingdom is a large kosher supermarket with a wide range of products, including fresh challah and gluten-free baked goods.",,,GROCER_BAKERY
Viceroy Parade  High Road London,,,,Budgens,Retailers - supermarkets/hypermarkets,7840,0,,756972,CP/07292,502,FoodSafety@barnet.gov.uk,Barnet,http://www.barnet.gov.uk/,False,,N2 8AQ,2026-05-12T00:00:00,fhrs_5_en-gb,5,,FHRS,-0.164602,51.589722,0.0,5.0,0.0,,budgens,"Viceroy Parade  High Road London, N2 8AQ",NEEDS_CHECK,Independent or other supermarket,N28AQ,1,YES,"Budgens East Finchley lists ""Fresh Bread"" as an in-store offering and customer reviews mention pastries.",,,GROCER_BAKERY
108 Brent Street London,,,,Tapuach / Sushi Fix,Retailers - supermarkets/hypermarkets,7840,0,,757563,CP/24451,502,FoodSafety@barnet.gov.uk,Barnet,http://www.barnet.gov.uk/,False,,NW4 2HH,2023-08-22T00:00:00,fhrs_5_en-gb,5,,FHRS,-0.219686,51.58576,5.0,5.0,5.0,,tapuach / sushi fix,"108 Brent Street London, NW4 2HH",NEEDS_CHECK,Independent or other supermarket,NW42HH,1,YES,"""Tapuach / Sushi Fix"" at this address appears to be a restaurant or takeaway, not a supermarket with substantial bakery provision.",YES,Website claims fresh baked goods every morning,GROCER_BAKERY
128 Station Road Edgware,,,,Mir Food Centre 2,Retailers - supermarkets/hypermarkets,7840,0,,1519608,22/00318/COMM,502,FoodSafety@barnet.gov.uk,Barnet,http://www.barnet.gov.uk/,False,,HA8 7AA,2022-06-16T00:00:00,fhrs_5_en-gb,5,,FHRS,-0.277014,51.612288,5.0,0.0,5.0,,mir food centre 2,"128 Station Road Edgware, HA8 7AA",NEEDS_CHECK,Independent or other supermarket,HA87AA,1,YES,Mir Food Centre's website mentions a bakery section with in-house baked goods.,,,GROCER_BAKERY
254 West Hendon Broadway London,,,,Way2save Supermarket,Retailers - supermarkets/hypermarkets,7840,0,,1582784,22/00628/COMM,502,FoodSafety@barnet.gov.uk,Barnet,http://www.barnet.gov.uk/,False,,NW9 6AG,2023-02-23T00:00:00,fhrs_5_en-gb,5,,FHRS,-0.24050768,51.57844773,0.0,5.0,0.0,,way2save supermarket,"254 West Hendon Broadway London, NW9 6AG",NEEDS_CHECK,Independent or other supermarket,NW96AG,1,YES,"While identified as a supermarket, there is insufficient information to confirm substantial bakery provision.",YES,There is sufficient evidence of a bakery stand inside of the store,GROCER_BAKERY
Friern Bridge Retail Park  Pegasus Way London,,,,Marks And Spencers Simply Foods,Retailers - supermarkets/hypermarkets,7840,0,,1735140,24/00245/COMM,502,FoodSafety@barnet.gov.uk,Barnet,http://www.barnet.gov.uk/,False,,N11 3PW,2024-10-07T00:00:00,fhrs_4_en-gb,4,,FHRS,-0.14266,51.611624,0.0,10.0,5.0,,marks and spencers simply foods,"Friern Bridge Retail Park  Pegasus Way London, N11 3PW",NEEDS_CHECK,Independent or other supermarket,N113PW,1,YES,"M&S Friern Barnet, an M&S Foodhall, features an in-store bakery for fresh pastries.",,,GROCER_BAKERY
183 Ballards Lane London,,,,Persia Supermarket,Retailers - supermarkets/hypermarkets,7840,0,,1960760,26/00446/COMM,502,FoodSafety@barnet.gov.uk,Barnet,http://www.barnet.gov.uk/,False,,N3 1LP,2026-06-09T00:00:00,fhrs_1_en-gb,1,,FHRS,-0.187468,51.606057,10.0,20.0,20.0,,persia supermarket,"183 Ballards Lane London, N3 1LP",NEEDS_CHECK,Independent or other supermarket,N31LP,1,YES,Persia Supermarket has a bakery section and is known for freshly baked bread.,,,GROCER_BAKERY
9 Grand Parade,Forty Avenue,Wembley,,Grover's Supermarket,Retailers - supermarkets/hypermarkets,7840,0,,531140,10173,504,ens.foodsafety@brent.gov.uk,Brent,http://www.brent.gov.uk/,False,,HA9 9JS,2026-02-02T00:00:00,fhrs_5_en-gb,5,,FHRS,-0.27798,51.56575,0.0,0.0,5.0,,grover's supermarket,"9 Grand Parade, Forty Avenue, Wembley, HA9 9JS",NEEDS_CHECK,Independent or other supermarket,HA99JS,1,YES,Grover's Supermarket is listed as having a bakery department on Deliveroo.,,,GROCER_BAKERY
998-1002 Harrow Road,London,,,Kensal Green Londis Food Store,Retailers - supermarkets/hypermarkets,7840,0,,531767,11483,504,ens.foodsafety@brent.gov.uk,Brent,http://www.brent.gov.uk/,False,,NW10 5NT,2024-08-02T00:00:00,fhrs_5_en-gb,5,,FHRS,-0.2288477,51.5307324,0.0,0.0,5.0,,kensal green londis food store,"998-1002 Harrow Road, London, NW10 5NT",NEEDS_CHECK,Independent or other supermarket,NW105NT,1,YES,"Official Londis store locator lists ""Bakery"" as an available facility.",,,GROCER_BAKERY
4 Heather Park Parade,Heather Park Drive,Wembley,,JJ Convenience Store,Retailers - supermarkets/hypermarkets,7840,0,,531858,12288,504,ens.foodsafety@brent.gov.uk,Brent,http://www.brent.gov.uk/,False,,HA0 1SL,2026-05-07T00:00:00,fhrs_5_en-gb,5,,FHRS,-0.285326,51.543071,0.0,0.0,5.0,,jj convenience store,"4 Heather Park Parade, Heather Park Drive, Wembley, HA0 1SL",NEEDS_CHECK,Independent or other supermarket,HA01SL,1,YES,"Listed as a convenience store and supermarket with ""Bakery"" among its products and services.",,,GROCER_BAKERY
510-512 High Road,Wembley,,,Polmar (Bartek Deli Enterprises Ltd),Retailers - supermarkets/hypermarkets,7840,0,,531902,12528,504,ens.foodsafety@brent.gov.uk,Brent,http://www.brent.gov.uk/,False,,HA9 7BY,2026-06-15T00:00:00,fhrs_2_en-gb,2,,FHRS,-0.296337,51.552907,15.0,15.0,10.0,,polmar (bartek deli enterprises ltd),"510-512 High Road, Wembley, HA9 7BY",NEEDS_CHECK,Independent or other supermarket,HA97BY,1,YES,Customer reviews specifically mention fresh bread and a fresh meat section.,,,GROCER_BAKERY
134 High Road,London,,,Apna Bazaar Supermarket,Retailers - supermarkets/hypermarkets,7840,0,,531959,12744,504,ens.foodsafety@brent.gov.uk,Brent,http://www.brent.gov.uk/,False,,NW10 2PJ,2025-10-01T00:00:00,fhrs_2_en-gb,2,,FHRS,-0.233153,51.54745,10.0,15.0,10.0,,apna bazaar supermarket,"134 High Road, London, NW10 2PJ",NEEDS_CHECK,Independent or other supermarket,NW102PJ,1,YES,"Apna Bazaar Supermarket at 134 High Road, NW10 2PJ offers an on-site bakery.",,,GROCER_BAKERY
214-218 High Road,London,,,Al Sham Market,Retailers - supermarkets/hypermarkets,7840,0,,531976,12797,504,ens.foodsafety@brent.gov.uk,Brent,http://www.brent.gov.uk/,False,,NW10 2NX,2026-04-22T00:00:00,fhrs_5_en-gb,5,,FHRS,-0.236777,51.548098,0.0,5.0,5.0,,al sham market,"214-218 High Road, London, NW10 2NX",NEEDS_CHECK,Independent or other supermarket,NW102NX,1,YES,Official store information mentions bakery goods and fresh bakery items.,,,GROCER_BAKERY
177-179 Kenton Road,Harrow,,,Mleczko,Retailers - supermarkets/hypermarkets,7840,0,,532104,14199,504,ens.foodsafety@brent.gov.uk,Brent,http://www.brent.gov.uk/,False,,HA3 0EY,2024-12-21T00:00:00,fhrs_5_en-gb,5,,FHRS,-0.315387,51.582695,0.0,0.0,0.0,,mleczko,"177-179 Kenton Road, Harrow, HA3 0EY",NEEDS_CHECK,Independent or other supermarket,HA30EY,1,YES,"Mleczko is a Polish supermarket that explicitly advertises fresh bread, delicious cakes, and sweet treats.",,,GROCER_BAKERY
433 Kingsbury Road,London,,,Alwan Supermarket,Retailers - supermarkets/hypermarkets,7840,0,,532204,14834,504,ens.foodsafety@brent.gov.uk,Brent,http://www.brent.gov.uk/,False,,NW9 9DT,2025-12-27T00:00:00,fhrs_5_en-gb,5,,FHRS,-0.275033,51.585688,0.0,0.0,5.0,,alwan supermarket,"433 Kingsbury Road, London, NW9 9DT",NEEDS_CHECK,Independent or other supermarket,NW99DT,1,YES,"Alwan Supermarket at 433 Kingsbury Road, London, NW9 9DT is described as a Mediterranean food store with a ""bakery section"" offering fresh bread and sweets.",,,GROCER_BAKERY
467 Kingsbury Road,London,,,Gayatri Sweet Mart,Retailers - supermarkets/hypermarkets,7840,0,,532208,14848,504,ens.foodsafety@brent.gov.uk,Brent,http://www.brent.gov.uk/,False,,NW9 9DY,2026-06-17T00:00:00,fhrs_5_en-gb,5,,FHRS,-0.276132,51.585632,0.0,5.0,5.0,,gayatri sweet mart,"467 Kingsbury Road, London, NW9 9DY",NEEDS_CHECK,Independent or other supermarket,NW99DY,1,YES,"Gayatri Sweet Mart at 467 Kingsbury Road, London, NW9 9DY is an Indian sweet mart that prides itself on producing fresh Indian vegetarian sweets and savouries daily.",,,GROCER_BAKERY
652 Kingsbury Road,London,,,Prahova,Retailers - supermarkets/hypermarkets,7840,0,,532245,14949,504,ens.foodsafety@brent.gov.uk,Brent,http://www.brent.gov.uk/,False,,NW9 9HN,2025-02-06T00:00:00,fhrs_5_en-gb,5,,FHRS,-0.279958,51.585212,0.0,0.0,0.0,,prahova,"652 Kingsbury Road, London, NW9 9HN",NEEDS_CHECK,Independent or other supermarket,NW99HN,1,YES,Prahova is a Romanian supermarket and delicatessen that explicitly mentions bakery products.,,,GROCER_BAKERY
278 Neasden Lane,London,,,Madina Food Centre,Retailers - supermarkets/hypermarkets,7840,0,,532348,17900,504,ens.foodsafety@brent.gov.uk,Brent,http://www.brent.gov.uk/,False,,NW10 0AD,2025-03-25T00:00:00,fhrs_4_en-gb,4,,FHRS,-0.251142,51.560156,5.0,10.0,5.0,,madina food centre,"278 Neasden Lane, London, NW10 0AD",NEEDS_CHECK,Independent or other supermarket,NW100AD,1,YES,"Madina Food Centre is also known as Madina Food Centre (Afghan Bakery) and lists ""Bakery"" as a product category on its website.",,,GROCER_BAKERY
280 Neasden Lane,London,,,New Insaf Supermarket,Retailers - supermarkets/hypermarkets,7840,0,,532350,17902,504,ens.foodsafety@brent.gov.uk,Brent,http://www.brent.gov.uk/,False,,NW10 0AD,2025-05-14T00:00:00,fhrs_2_en-gb,2,,FHRS,-0.251142,51.560156,10.0,15.0,10.0,,new insaf supermarket,"280 Neasden Lane, London, NW10 0AD",NEEDS_CHECK,Independent or other supermarket,NW100AD,1,YES,"New Insaf Supermarket lists ""Bakery"" as a category with ""Freshly baked every day"" on its website.",,,GROCER_BAKERY
330-336 Neasden Lane,London,,,Delight,Retailers - supermarkets/hypermarkets,7840,0,,532363,17953,504,ens.foodsafety@brent.gov.uk,Brent,http://www.brent.gov.uk/,False,,NW10 0AD,2025-04-16T00:00:00,fhrs_5_en-gb,5,,FHRS,-0.251141,51.560155,0.0,0.0,0.0,,delight,"330-336 Neasden Lane, London, NW10 0AD",NEEDS_CHECK,Independent or other supermarket,NW100AD,1,YES,Delight (Delight Wędlinka) is a Polish and European food store that likely offers bakery products.,,,GROCER_BAKERY
194 Preston Road,Wembley,,,Food 4 Less,Retailers - supermarkets/hypermarkets,7840,0,,532454,19873,504,ens.foodsafety@brent.gov.uk,Brent,http://www.brent.gov.uk/,False,,HA9 8PA,2024-06-15T00:00:00,fhrs_5_en-gb,5,,FHRS,-0.294529,51.570389,5.0,5.0,5.0,,food 4 less,"194 Preston Road, Wembley, HA9 8PA",NEEDS_CHECK,Independent or other supermarket,HA98PA,1,YES,Food 4 Less is a supermarket that explicitly mentions having a bakery department with fresh baked goods and custom cakes.,,,GROCER_BAKERY
1F Walm Lane,London,,,Khan Food Centre,Retailers - supermarkets/hypermarkets,7840,0,,532661,24502,504,ens.foodsafety@brent.gov.uk,Brent,http://www.brent.gov.uk/,False,,NW2 5SJ,2024-08-29T00:00:00,fhrs_5_en-gb,5,,FHRS,-0.223887,51.547993,0.0,0.0,5.0,,khan food centre,"1F Walm Lane, London, NW2 5SJ",NEEDS_CHECK,Independent or other supermarket,NW25SJ,1,YES,"Khan Food Centre at 1F Walm Lane, London, NW2 5SJ is described as a supermarket/hypermarket and a Facebook post mentions ""bakery goods"".",,,GROCER_BAKERY
23 Walm Lane,London,,,Damascus Market Ltd,Retailers - supermarkets/hypermarkets,7840,0,,532670,24523,504,ens.foodsafety@brent.gov.uk,Brent,http://www.brent.gov.uk/,False,,NW2 5SH,2025-08-08T00:00:00,fhrs_5_en-gb,5,,FHRS,-0.222617,51.548388,0.0,0.0,5.0,,damascus market ltd,"23 Walm Lane, London, NW2 5SH",NEEDS_CHECK,Independent or other supermarket,NW25SH,1,YES,"Damascus Market Ltd at 23 Walm Lane, London, NW2 5SH is listed as a supermarket/hypermarket and another business with a similar name, ""Damascus Bakery,"" exists, suggesting bakery provision.",,,GROCER_BAKERY
91 Wembley Park Drive,Wembley,,,LAKOMKA,Retailers - supermarkets/hypermarkets,7840,0,,532727,25046,504,ens.foodsafety@brent.gov.uk,Brent,http://www.brent.gov.uk/,False,,HA9 8HF,2025-12-16T00:00:00,fhrs_4_en-gb,4,,FHRS,-0.283373,51.562025,10.0,5.0,5.0,,lakomka,"91 Wembley Park Drive, Wembley, HA9 8HF",NEEDS_CHECK,Independent or other supermarket,HA98HF,1,YES,Described as an Eastern European cafe and deli offering pastries and desserts.,,,GROCER_BAKERY
11A-13 Ealing Road,Wembley,,,Best Foods,Retailers - supermarkets/hypermarkets,7840,0,,532899,29349,504,ens.foodsafety@brent.gov.uk,Brent,http://www.brent.gov.uk/,False,,HA0 4AA,2024-10-08T00:00:00,fhrs_3_en-gb,3,,FHRS,-0.298724,51.551548,5.0,10.0,10.0,,best foods,"11A-13 Ealing Road, Wembley, HA0 4AA",NEEDS_CHECK,Independent or other supermarket,HA04AA,1,YES,"""Best Foods"" at 11A-13 Ealing Road, Wembley, HA0 4AA is registered as a supermarket/hypermarket and its business nature includes retail sale of bread, cakes, flour confectionery and sugar confectionery in specialised stores.",,,GROCER_BAKERY
369 Kilburn High Road,London,,,Al Madina Halal Food,Retailers - supermarkets/hypermarkets,7840,0,,533096,43918,504,ens.foodsafety@brent.gov.uk,Brent,http://www.brent.gov.uk/,False,,NW6 7QB,2024-12-07T00:00:00,fhrs_4_en-gb,4,,FHRS,-0.202135,51.545135,0.0,0.0,10.0,,al madina halal food,"369 Kilburn High Road, London, NW6 7QB",NEEDS_CHECK,Independent or other supermarket,NW67QB,1,YES,Al Madina Halal Food sells fresh bread.,,,GROCER_BAKERY
Unit 1,Wing Yip Business Centre,395 Edgware Road,Cricklewood,Wing Yip Supermarket & Staff Canteen,Retailers - supermarkets/hypermarkets,7840,0,,533206,53734,504,ens.foodsafety@brent.gov.uk,Brent,http://www.brent.gov.uk/,False,,NW2 6LN,2025-08-05T00:00:00,fhrs_5_en-gb,5,,FHRS,-0.228908,51.56689,5.0,5.0,5.0,,wing yip supermarket & staff canteen,"Unit 1, Wing Yip Business Centre, 395 Edgware Road, NW2 6LN",NEEDS_CHECK,Independent or other supermarket,NW26LN,1,YES,Wing Yip Supermarket is an Oriental superstore that partners with MS Bakery to offer a range of baked goods.,,,GROCER_BAKERY
131-133 Kenton Road,Harrow,,,Budgens,Retailers - supermarkets/hypermarkets,7840,0,,533303,58090,504,ens.foodsafety@brent.gov.uk,Brent,http://www.brent.gov.uk/,False,,HA3 0AZ,2025-08-15T00:00:00,fhrs_5_en-gb,5,,FHRS,-0.317403,51.581645,0.0,0.0,0.0,,budgens,"131-133 Kenton Road, Harrow, HA3 0AZ",NEEDS_CHECK,Independent or other supermarket,HA30AZ,1,YES,"Budgens at 131-133 Kenton Road, Harrow, HA3 0AZ is a supermarket that explicitly lists ""bakery"" as a product category and mentions an ""extensive range of convenience brands including meat, produce, bakery"".",,,GROCER_BAKERY
120 College Road,London,,,L'angolo,Retailers - supermarkets/hypermarkets,7840,0,,533355,6178,504,ens.foodsafety@brent.gov.uk,Brent,http://www.brent.gov.uk/,False,,NW10 5HD,2026-04-08T00:00:00,fhrs_3_en-gb,3,,FHRS,-0.22623,51.535601,10.0,10.0,10.0,,l'angolo,"120 College Road, London, NW10 5HD",NEEDS_CHECK,Independent or other supermarket,NW105HD,1,YES,"L'angolo is an Italian delicatessen known for coffee, paninis, and Italian food.",,,GROCER_BAKERY
30 Second Way,Wembley,,,Costco Wholesale UK Limited,Retailers - supermarkets/hypermarkets,7840,0,,533575,71000,504,ens.foodsafety@brent.gov.uk,Brent,http://www.brent.gov.uk/,False,,HA9 0YJ,2024-12-03T00:00:00,fhrs_5_en-gb,5,,FHRS,-0.272201,51.558732,0.0,0.0,0.0,,costco wholesale uk limited,"30 Second Way, Wembley, HA9 0YJ",NEEDS_CHECK,Independent or other supermarket,HA90YJ,1,YES,"Costco Wembley lists ""Fresh Bakery"" as one of its departments and specialty items.",,,GROCER_BAKERY
201 Edgware Road,Kingsbury,London,,La Bucovineni,Retailers - supermarkets/hypermarkets,7840,0,,533885,9635,504,ens.foodsafety@brent.gov.uk,Brent,http://www.brent.gov.uk/,False,,NW9 6LP,2024-10-10T00:00:00,fhrs_5_en-gb,5,,FHRS,-0.251592,51.587148,0.0,0.0,5.0,,la bucovineni,"201 Edgware Road, Kingsbury, London, NW9 6LP",NEEDS_CHECK,Independent or other supermarket,NW96LP,1,YES,"La Bucovineni is a Romanian supermarket and butchery that advertises fresh products, suggesting substantial bakery provision.",,,GROCER_BAKERY
2-4 Willesden Lane,Kilburn,London,,Karaz Beirut,Retailers - supermarkets/hypermarkets,7840,0,,688499,61880,504,ens.foodsafety@brent.gov.uk,Brent,http://www.brent.gov.uk/,False,,NW6 7SR,2025-05-06T00:00:00,fhrs_5_en-gb,5,,FHRS,-0.199023,51.54176,0.0,0.0,0.0,,karaz beirut,"2-4 Willesden Lane, Kilburn, London, NW6 7SR",NEEDS_CHECK,Independent or other supermarket,NW67SR,1,YES,Karaz Beirut is listed as having a bakery section on Deliveroo.,,,GROCER_BAKERY
9 Olympic Way,Wembley,,,Butlers Fine Foods and Provisions Ltd,Retailers - supermarkets/hypermarkets,7840,0,,833786,82346,504,ens.foodsafety@brent.gov.uk,Brent,http://www.brent.gov.uk/,False,,HA9 0NP,2025-06-19T00:00:00,fhrs_4_en-gb,4,,FHRS,-0.279136,51.56226,5.0,5.0,10.0,,butlers fine foods and provisions ltd,"9 Olympic Way, Wembley, HA9 0NP",NEEDS_CHECK,Independent or other supermarket,HA90NP,1,YES,"Butlers Fine Foods and Provisions Ltd is listed as a retailer - supermarket/hypermarket and includes ""Bakery"" in its product list.",,,GROCER_BAKERY
775 Harrow Road,London,,,Requinte Brazil Meat and Market,Retailers - supermarkets/hypermarkets,7840,0,,1067274,11436,504,ens.foodsafety@brent.gov.uk,Brent,http://www.brent.gov.uk/,False,,NW10 5PA,2025-09-16T00:00:00,fhrs_5_en-gb,5,,FHRS,-0.2324587,51.5316771,0.0,0.0,5.0,,requinte brazil meat and market,"775 Harrow Road, London, NW10 5PA",NEEDS_CHECK,Independent or other supermarket,NW105PA,1,YES,"Requinte Brazil Meat and Market is listed as a supermarket/hypermarket and a retailer of meat and food in specialised stores, suggesting a broader food offering that could include bakery items.",,,GROCER_BAKERY
47A Capitol Way,London,,,Marks and Spencers,Retailers - supermarkets/hypermarkets,7840,0,,1067293,94150,504,ens.foodsafety@brent.gov.uk,Brent,http://www.brent.gov.uk/,False,,NW9 0AW,2024-11-07T00:00:00,fhrs_5_en-gb,5,,FHRS,-0.260168999433517,51.5867004394531,0.0,0.0,0.0,,marks and spencers,"47A Capitol Way, London, NW9 0AW",NEEDS_CHECK,Independent or other supermarket,NW90AW,1,YES,"Marks and Spencer at 47A Capitol Way, London, NW9 0AW is an M&S Foodhall, which typically includes an in-store bakery.",,,GROCER_BAKERY
260-262 Preston Road,Harrow,,,Zer Food Centre,Retailers - supermarkets/hypermarkets,7840,0,,1095482,20307,504,ens.foodsafety@brent.gov.uk,Brent,http://www.brent.gov.uk/,False,,HA3 0PZ,2026-01-26T00:00:00,fhrs_5_en-gb,5,,FHRS,-0.294432997703552,51.5721855163574,0.0,5.0,5.0,,zer food centre,"260-262 Preston Road, Harrow, HA3 0PZ",NEEDS_CHECK,Independent or other supermarket,HA30PZ,1,YES,"Zer Food Centre is a grocery store offering a diverse selection of international groceries, including a ""Bakery"" section with fresh baked baguettes and various breads listed on their Uber Eats menu.",,,GROCER_BAKERY
78 Walm Lane,London,,,Walnut Wholefoods,Retailers - supermarkets/hypermarkets,7840,0,,1398258,24569,504,ens.foodsafety@brent.gov.uk,Brent,http://www.brent.gov.uk/,False,,NW2 4RA,2024-10-04T00:00:00,fhrs_5_en-gb,5,,FHRS,-0.2217568,51.5484125,5.0,5.0,5.0,,walnut wholefoods,"78 Walm Lane, London, NW2 4RA",NEEDS_CHECK,Independent or other supermarket,NW24RA,1,YES,"Walnut Wholefoods offers a range of vegan and vegetarian groceries, including bakery items and a coffee bar.",,,GROCER_BAKERY
41-43 Cricklewood Broadway,London,,,Budgens,Retailers - supermarkets/hypermarkets,7840,0,,1418851,6752,504,ens.foodsafety@brent.gov.uk,Brent,http://www.brent.gov.uk/,False,,NW2 3JX,2025-04-14T00:00:00,fhrs_5_en-gb,5,,FHRS,-0.2115604,51.5531765,5.0,0.0,5.0,,budgens,"41-43 Cricklewood Broadway, London, NW2 3JX",NEEDS_CHECK,Independent or other supermarket,NW23JX,1,YES,"Budgens is a supermarket that typically offers fresh fruit, vegetables, and groceries, implying substantial bakery provision.",,,GROCER_BAKERY
Unit 1,194 Ealing Road,Wembley,,Namkeen House,Retailers - supermarkets/hypermarkets,7840,0,,1438032,99372,504,ens.foodsafety@brent.gov.uk,Brent,http://www.brent.gov.uk/,False,,HA0 4QG,2025-10-14T00:00:00,fhrs_1_en-gb,1,,FHRS,-0.2972486,51.5449185,10.0,15.0,20.0,,namkeen house,"Unit 1, 194 Ealing Road, Wembley, HA0 4QG",NEEDS_CHECK,Independent or other supermarket,HA04QG,1,YES,"Namkeen House is identified as a supermarket/hypermarket, suggesting it would have substantial bakery provision.",,,GROCER_BAKERY
3 White Horse Square,Wembley,,,The Grocery Store,Retailers - supermarkets/hypermarkets,7840,0,,1468276,102959,504,ens.foodsafety@brent.gov.uk,Brent,http://www.brent.gov.uk/,False,,HA9 0JA,2024-08-12T00:00:00,fhrs_5_en-gb,5,,FHRS,-0.2841166,51.5547181,5.0,0.0,5.0,,the grocery store,"3 White Horse Square, Wembley, HA9 0JA",NEEDS_CHECK,Independent or other supermarket,HA90JA,1,YES,"The Grocery Store is described as a supermarket with an Indian deli counter offering freshly prepared samosas and deli food prepared on site, indicating substantial bakery provision.",,,GROCER_BAKERY
141-145 Kilburn High Road,London,,,Ranya Food Centre,Retailers - supermarkets/hypermarkets,7840,0,,1564154,104869,504,ens.foodsafety@brent.gov.uk,Brent,http://www.brent.gov.uk/,False,,NW6 7HT,2025-09-22T00:00:00,fhrs_5_en-gb,5,,FHRS,-0.1961518,51.5401261,0.0,0.0,5.0,,ranya food centre,"141-145 Kilburn High Road, London, NW6 7HT",NEEDS_CHECK,Independent or other supermarket,NW67HT,1,YES,Ranya Food Centre has a bakery and offers fresh naan made on-site.,,,GROCER_BAKERY
449-453 Kingsbury Road,London,,,Mir Food Centre,Retailers - supermarkets/hypermarkets,7840,0,,1581232,105088,504,ens.foodsafety@brent.gov.uk,Brent,http://www.brent.gov.uk/,False,,NW9 9DY,2024-08-16T00:00:00,fhrs_5_en-gb,5,,FHRS,-0.276132,51.585632,0.0,5.0,0.0,,mir food centre,"449-453 Kingsbury Road, London, NW9 9DY",NEEDS_CHECK,Independent or other supermarket,NW99DY,1,YES,Mir Food Centre is a supermarket with an in-house bakery offering fresh bread.,,,GROCER_BAKERY
7 COURT PARADE,East Lane,Wembley,,Homeland Supermarket,Retailers - supermarkets/hypermarkets,7840,0,,1667690,38619,504,ens.foodsafety@brent.gov.uk,Brent,http://www.brent.gov.uk/,False,,HA0 3HY,2025-08-27T00:00:00,fhrs_5_en-gb,5,,FHRS,-0.3186799,51.5621424,0.0,0.0,0.0,,homeland supermarket,"7 COURT PARADE, East Lane, Wembley, HA0 3HY",NEEDS_CHECK,Independent or other supermarket,HA03HY,1,YES,"Homeland Supermarket's website lists a ""Bakery"" category and ""Bakery Trays"" for order, indicating substantial bakery provision.",,,GROCER_BAKERY
Unit 3,81 High Street,London,,Rhejim Mart,Retailers - supermarkets/hypermarkets,7840,0,,1683639,107262,504,ens.foodsafety@brent.gov.uk,Brent,http://www.brent.gov.uk/,False,,NW10 4NT,2023-12-13T00:00:00,fhrs_5_en-gb,5,,FHRS,-0.2461142,51.5361355,5.0,5.0,5.0,,rhejim mart,"Unit 3, 81 High Street, London, NW10 4NT",NEEDS_CHECK,Independent or other supermarket,NW104NT,1,YES,"Rhejim Mart is listed with a business type that includes ""Retail sale of bread, cakes, flour confectionery and sugar confectionery in specialised stores"" and mentions popular bakeries.",,,GROCER_BAKERY
1 Library Parade,Craven Park Road,London,,Masters Supermarket Ltd,Retailers - supermarkets/hypermarkets,7840,0,,1687342,6659,504,ens.foodsafety@brent.gov.uk,Brent,http://www.brent.gov.uk/,False,,NW10 8SG,2025-11-13T00:00:00,fhrs_5_en-gb,5,,FHRS,-0.2507152,51.5390083,0.0,0.0,5.0,,masters supermarket ltd,"1 Library Parade, Craven Park Road, London, NW10 8SG",NEEDS_CHECK,Independent or other supermarket,NW108SG,1,YES,"Masters Supermarket Ltd is classified as a ""Retailers - supermarkets/hypermarkets"" and is likely to have bakery provision.",,,GROCER_BAKERY
95-97 Kenton Road,Harrow,,,Green Valley Supermarket,Retailers - supermarkets/hypermarkets,7840,0,,1750593,79647,504,ens.foodsafety@brent.gov.uk,Brent,http://www.brent.gov.uk/,False,,HA3 0AN,2025-02-05T00:00:00,fhrs_5_en-gb,5,,FHRS,-0.318363,51.581047,0.0,0.0,5.0,,green valley supermarket,"95-97 Kenton Road, Harrow, HA3 0AN",NEEDS_CHECK,Independent or other supermarket,HA30AN,1,YES,"Green Valley Supermarket has a dedicated ""Bakery"" section listed on its Uber Eats menu and mentions an in-store bakery on its website.",,,GROCER_BAKERY
46 High Street,London,,,Janah Market,Retailers - supermarkets/hypermarkets,7840,0,,1792012,13006,504,ens.foodsafety@brent.gov.uk,Brent,http://www.brent.gov.uk/,False,,NW10 4LS,2025-04-16T00:00:00,fhrs_5_en-gb,5,,FHRS,-0.2476679,51.5358529,0.0,0.0,5.0,,janah market,"46 High Street, London, NW10 4LS",NEEDS_CHECK,Independent or other supermarket,NW104LS,1,YES,"Food hygiene rating lists it as a supermarket/hypermarket, suggesting substantial provision.",,,GROCER_BAKERY
Unit 5B,9 Lakeside Drive,London,,Wakka UK Limited,Retailers - supermarkets/hypermarkets,7840,0,,1815444,107635,504,ens.foodsafety@brent.gov.uk,Brent,http://www.brent.gov.uk/,False,,NW10 7GL,2025-11-19T00:00:00,fhrs_5_en-gb,5,,FHRS,-0.2825087,51.5296235,0.0,0.0,0.0,,wakka uk limited,"Unit 5B, 9 Lakeside Drive, London, NW10 7GL",NEEDS_CHECK,Independent or other supermarket,NW107GL,1,YES,"Food hygiene ratings identify this as a supermarket/hypermarket, indicating substantial retail operations.",,,GROCER_BAKERY
Units 4-5,Chequers House,149 Ealing Road,Wembley,Sai Krupa supermarket/Bihari Samosa Ghantawala UK(Wembley)),Retailers - supermarkets/hypermarkets,7840,0,,1824664,114159,504,ens.foodsafety@brent.gov.uk,Brent,http://www.brent.gov.uk/,False,,HA0 4BY,2026-02-25T00:00:00,fhrs_1_en-gb,1,,FHRS,-0.2967452,51.5437242,15.0,15.0,20.0,,sai krupa supermarket/bihari samosa ghantawala uk(wembley)),"Units 4-5, Chequers House, 149 Ealing Road, HA0 4BY",NEEDS_CHECK,Independent or other supermarket,HA04BY,1,YES,"Described as a ""one stop shop that caters for all your daily essentials"" and an ""Asian Supermarket"" with Indian street food, suggesting substantial bakery provision.",,,GROCER_BAKERY
327 Harrow Road,Wembley,,,"Sangit Express,",Retailers - supermarkets/hypermarkets,7840,0,,1859221,11680,504,ens.foodsafety@brent.gov.uk,Brent,http://www.brent.gov.uk/,False,,HA9 6BA,1901-01-01T00:00:00,fhrs_awaitinginspection_en-gb,AwaitingInspection,,FHRS,-0.2862822,51.553131,,,,,"sangit express,","327 Harrow Road, Wembley, HA9 6BA",NEEDS_CHECK,Independent or other supermarket,HA96BA,1,YES,"Food hygiene ratings list it as a supermarket/hypermarket, suggesting substantial provision.",,,GROCER_BAKERY
513-515 High Road,Wembley,,,Anglo Asian Supermarket,Retailers - supermarkets/hypermarkets,7840,0,,1875835,109026,504,ens.foodsafety@brent.gov.uk,Brent,http://www.brent.gov.uk/,False,,HA0 2DH,2025-07-10T00:00:00,fhrs_5_en-gb,5,,FHRS,-0.2979517,51.5519698,5.0,5.0,5.0,,anglo asian supermarket,"513-515 High Road, Wembley, HA0 2DH",NEEDS_CHECK,Independent or other supermarket,HA02DH,1,YES,"Anglo Asian Supermarket is described as a large Asian grocery store and supermarket, implying substantial bakery provision.",,,GROCER_BAKERY
237 - 239 High Street,,Bromley,,Bromley International Food Centre,Retailers - supermarkets/hypermarkets,7840,0,,1905880,9103192,505,food@bromley.gov.uk,Bromley,http://www.bromley.gov.uk,False,,BR1 1NZ,2026-01-08T00:00:00,fhrs_3_en-gb,3,,FHRS,0.0123871,51.4069843,10.0,5.0,10.0,,bromley international food centre,"237 - 239 High Street, Bromley, BR1 1NZ",NEEDS_CHECK,Independent or other supermarket,BR11NZ,1,YES,"Bromley International Food Centre is described as a supermarket with a fresh bread and doughs section, and baklava.",,,GROCER_BAKERY
Unit 20-21 St Pancras International Station,Pancras Road,,London,Marks And Spencers The Circle,Retailers - supermarkets/hypermarkets,7840,0,,1251617,194951,506,foodsafety@camden.gov.uk,Camden,http://www.camden.gov.uk,False,,NW1 2QL,2026-01-24T00:00:00,fhrs_5_en-gb,5,,FHRS,,,0.0,5.0,0.0,,marks and spencers the circle,"Unit 20-21 St Pancras International Station, Pancras Road, NW1 2QL",NEEDS_CHECK,Independent or other supermarket,NW12QL,1,YES,"Marks And Spencers The Circle at St Pancras International Station, NW1 2QL is an M&S Simply Food that offers a fresh range of bread and pastries daily.",,,GROCER_BAKERY
,24-26 Brunswick Centre,,London,Tian Tian Market,Retailers - supermarkets/hypermarkets,7840,0,,1513611,201195,506,foodsafety@camden.gov.uk,Camden,http://www.camden.gov.uk,False,,WC1N 1AE,2026-01-27T00:00:00,fhrs_2_en-gb,2,,FHRS,-0.1237596,51.5247104,15.0,15.0,10.0,,tian tian market,"24-26 Brunswick Centre, WC1N 1AE",NEEDS_CHECK,Independent or other supermarket,WC1N1AE,1,YES,"Tian Tian Market is an Asian supermarket that explicitly mentions selling ""amazing pastries"" and a wide range of Asian food products.",,,GROCER_BAKERY
,199-205 Haverstock Hill,,London,Kavanagh's Belsize Park,Retailers - supermarkets/hypermarkets,7840,0,,1619253,202622,506,foodsafety@camden.gov.uk,Camden,http://www.camden.gov.uk,False,,NW3 4QG,2025-07-09T00:00:00,fhrs_5_en-gb,5,,FHRS,-0.165835,51.5506361,5.0,5.0,5.0,,kavanagh's belsize park,"199-205 Haverstock Hill, NW3 4QG",NEEDS_CHECK,Independent or other supermarket,NW34QG,1,YES,"Kavanagh's Belsize Park is described as a premium food offering with an unrivalled bakery selection, baking throughout the day.",,,GROCER_BAKERY
47 - 48 Surrey Street,Croydon,,,Polski Supermarket London Ltd,Retailers - supermarkets/hypermarkets,7840,0,,1001665,17/00408/COMM,507,food.safety@croydon.gov.uk,Croydon,http://www.croydon.gov.uk,False,,CR0 1RJ,2023-02-07T00:00:00,fhrs_4_en-gb,4,,FHRS,-0.1008364,51.3725076,0.0,0.0,10.0,,polski supermarket london ltd,"47 - 48 Surrey Street, Croydon, CR0 1RJ",NEEDS_CHECK,Independent or other supermarket,CR01RJ,1,YES,Polski Supermarket offers eat-in cakes/patisserie and fresh bread.,,,GROCER_BAKERY
19 - 23 Lower Addiscombe Road,Croydon,,,Croydon International Food Center,Retailers - supermarkets/hypermarkets,7840,0,,1581149,22/00981/COMM,507,food.safety@croydon.gov.uk,Croydon,http://www.croydon.gov.uk,False,,CR0 6PQ,2026-03-14T00:00:00,fhrs_5_en-gb,5,,FHRS,-0.088281,51.3807726,,,,,croydon international food center,"19 - 23 Lower Addiscombe Road, Croydon, CR0 6PQ",NEEDS_CHECK,Independent or other supermarket,CR06PQ,1,YES,Croydon International Food Center has fresh bread and baklava.,,,GROCER_BAKERY
Post Office,125 - 127 The Vale,Acton,,Morrison Daily,Retailers - supermarkets/hypermarkets,7840,0,,1867536,CP05645,509,foodsafety@ealing.gov.uk,Ealing,https://www.ealing.gov.uk/info/201150/food_hygiene_and_safety,False,,W3 7RQ,2025-10-14T00:00:00,fhrs_5_en-gb,5,,FHRS,-0.2538695,51.5064407,0.0,5.0,0.0,,morrison daily,"Post Office, 125 - 127 The Vale, Acton, W3 7RQ",NEEDS_CHECK,Independent or other supermarket,W37RQ,1,YES,"Morrisons Daily Acton Vale explicitly mentions including a ""bakery"" as part of its expanded offerings.",,,GROCER_BAKERY
2B Hedge Lane,Southgate,,,Yasar Halim Supermarket,Retailers - supermarkets/hypermarkets,7840,0,,317262,PI/000132750,510,environmental.health@enfield.gov.uk,Enfield,http://www.enfield.gov.uk/,False,,N13 5SH,2026-01-28T00:00:00,fhrs_5_en-gb,5,,FHRS,-0.101728,51.622723,5.0,5.0,5.0,,yasar halim supermarket,"2B Hedge Lane, Southgate, N13 5SH",NEEDS_CHECK,Independent or other supermarket,N135SH,1,YES,"Yasar Halim Supermarket is a Turkish-Cypriot supermarket known for its in-store bakery with traditional breads, pastries, and sweets.",,,GROCER_BAKERY
15A-15B Eley Road,LONDON,,,Holland Bazaar,Retailers - supermarkets/hypermarkets,7840,0,,668077,PI/000177619,510,environmental.health@enfield.gov.uk,Enfield,http://www.enfield.gov.uk/,False,,N18 3BH,2025-04-23T00:00:00,fhrs_5_en-gb,5,,FHRS,-0.046451,51.61607,0.0,0.0,0.0,,holland bazaar,"15A-15B Eley Road, LONDON, N18 3BH",NEEDS_CHECK,Independent or other supermarket,N183BH,1,YES,Holland Bazaar is a cash and carry wholesaler that offers fresh bread and is open 24/7.,,,GROCER_BAKERY
20-22 Green Lanes,LONDON,,,Bracia,Retailers - supermarkets/hypermarkets,7840,0,,1005631,PI/000179688,510,environmental.health@enfield.gov.uk,Enfield,http://www.enfield.gov.uk/,True,,N13 6HT,2025-03-21T00:00:00,fhrs_3_en-gb,3,,FHRS,-0.109346002340317,51.6107978820801,5.0,10.0,10.0,,bracia,"20-22 Green Lanes, LONDON, N13 6HT",NEEDS_CHECK,Independent or other supermarket,N136HT,1,YES,"Bracia at 20-22 Green Lanes is a Polish delicatessen and supermarket that lists ""Baked Goods"" and ""Bakery"" as products/services.",,,GROCER_BAKERY
282 High Street,ENFIELD,,,Nue Supermarket,Retailers - supermarkets/hypermarkets,7840,0,,1138188,PI/000185497,510,environmental.health@enfield.gov.uk,Enfield,http://www.enfield.gov.uk/,False,,EN3 4HF,2025-06-24T00:00:00,fhrs_3_en-gb,3,,FHRS,-0.0469711,51.6474553,10.0,10.0,10.0,,nue supermarket,"282 High Street, ENFIELD, EN3 4HF",NEEDS_CHECK,Independent or other supermarket,EN34HF,1,YES,"The supermarket's website lists ""BAKERY"" as a category.",,,GROCER_BAKERY
Unit 2,2-4 Winchmore Hill Road,Southgate,,Yasar Halim,Retailers - supermarkets/hypermarkets,7840,0,,1488232,PI/000189994,510,environmental.health@enfield.gov.uk,Enfield,http://www.enfield.gov.uk/,False,,N14 6PT,2025-03-09T00:00:00,fhrs_5_en-gb,5,,FHRS,-0.1259658,51.6327456,0.0,0.0,0.0,,yasar halim,"Unit 2, 2-4 Winchmore Hill Road, Southgate, N14 6PT",NEEDS_CHECK,Independent or other supermarket,N146PT,1,YES,"Yasar Halim is a Turkish-Cypriot supermarket known for its in-store bakery with traditional breads, pastries, and sweets.",,,GROCER_BAKERY
196 - 200 Shooters Hill Road,,Blackheath,Greenwich,Co- Op Late Shop,Retailers - supermarkets/hypermarkets,7840,0,,694713,PI/000132672,511,Food.Concerns@royalgreenwich.gov.uk,Greenwich,http://www.royalgreenwich.gov.uk,False,,SE3 8RP,2024-06-05T00:00:00,fhrs_5_en-gb,5,,FHRS,0.0350964,51.4744259,0.0,0.0,0.0,,co- op late shop,"196 - 200 Shooters Hill Road, Blackheath, SE3 8RP",NEEDS_CHECK,Independent or other supermarket,SE38RP,1,YES,"Co-Op Late Shop at Shooters Hill Road is a convenience store that explicitly lists ""Bakery"" under its services.",,,GROCER_BAKERY
1 Brocklebank Road,,Charlton,Greenwich,Home Bargains,Retailers - supermarkets/hypermarkets,7840,0,,1350891,14200,511,Food.Concerns@royalgreenwich.gov.uk,Greenwich,http://www.royalgreenwich.gov.uk,False,,SE7 7FR,2024-05-20T00:00:00,fhrs_5_en-gb,5,,FHRS,0.0212533,51.4905569,0.0,0.0,5.0,,home bargains,"1 Brocklebank Road, Charlton, SE7 7FR",NEEDS_CHECK,Independent or other supermarket,SE77FR,1,YES,"Home Bargains at 1 Brocklebank Road, SE7 7FR, is listed as one of the stores with an in-store bakery.",,,GROCER_BAKERY
Ground Floor Shop 159 Lee Road,,London,,Blackheath food centre,Retailers - supermarkets/hypermarkets,7840,0,,1378212,14414,511,Food.Concerns@royalgreenwich.gov.uk,Greenwich,http://www.royalgreenwich.gov.uk,False,,SE3 9DJ,2024-06-18T00:00:00,fhrs_5_en-gb,5,,FHRS,0.0115970000624657,51.4570426940918,0.0,0.0,5.0,,blackheath food centre,"Ground Floor Shop 159 Lee Road, London, SE3 9DJ",NEEDS_CHECK,Independent or other supermarket,SE39DJ,1,YES,"Blackheath Food Centre at 159 Lee Road, SE3 9DJ, is described as having a bakery.",,,GROCER_BAKERY
131 Powis Street,,Woolwich,Greenwich,TFC WOOLWICH,Retailers - supermarkets/hypermarkets,7840,0,,1693061,16346,511,Food.Concerns@royalgreenwich.gov.uk,Greenwich,http://www.royalgreenwich.gov.uk,False,,SE18 6JL,2026-01-24T00:00:00,fhrs_3_en-gb,3,,FHRS,0.0631552,51.4922576,10.0,10.0,10.0,,tfc woolwich,"131 Powis Street, Woolwich, SE18 6JL",NEEDS_CHECK,Independent or other supermarket,SE186JL,1,YES,"TFC WOOLWICH at 131 Powis Street, SE18 6JL, has an in-store bakery with freshly baked breads and pastries.",,,GROCER_BAKERY
1 Cripps Yard Soames Walk,,Greenwich,,Kiki & Miumiu Market,Retailers - supermarkets/hypermarkets,7840,0,,1907812,17955,511,Food.Concerns@royalgreenwich.gov.uk,Greenwich,http://www.royalgreenwich.gov.uk,False,,SE10 0BQ,2026-01-19T00:00:00,fhrs_4_en-gb,4,,FHRS,0.0057688,51.5003516,5.0,0.0,10.0,,kiki & miumiu market,"1 Cripps Yard Soames Walk, Greenwich, SE10 0BQ",NEEDS_CHECK,Independent or other supermarket,SE100BQ,1,YES,"Kiki & Miumiu Market is described as an East and Southeast Asian grocery with its own bakery, offering freshly baked treats.",,,GROCER_BAKERY
400 Footscray Road,,Eltham,Greenwich,Cinar Village Market,Retailers - supermarkets/hypermarkets,7840,0,,1924068,18041,511,Food.Concerns@royalgreenwich.gov.uk,Greenwich,http://www.royalgreenwich.gov.uk,False,,SE9 3TU,2026-03-10T00:00:00,fhrs_5_en-gb,5,,FHRS,0.0721456,51.4371757,5.0,0.0,0.0,,cinar village market,"400 Footscray Road, Eltham, SE9 3TU",NEEDS_CHECK,Independent or other supermarket,SE93TU,1,YES,Cinar Village Market is described as having a wide selection of baked goods.,,,GROCER_BAKERY
,62-64 STOKE NEWINGTON HIGH STREET,Hackney,London,Akdeniz Supermarket Stoke Newington Limited,Retailers - supermarkets/hypermarkets,7840,0,,470407,3576,512,technicalbusinesssupport@hackney.gov.uk,Hackney,https://hackney.gov.uk/environmental-health#food,False,,N16 7PB,2026-01-08T00:00:00,fhrs_3_en-gb,3,,FHRS,-0.0740091,51.5585522,5.0,10.0,10.0,,akdeniz supermarket stoke newington limited,"62-64 STOKE NEWINGTON HIGH STREET, Hackney, N16 7PB",NEEDS_CHECK,Independent or other supermarket,N167PB,1,YES,Akdeniz Supermarket states it offers freshly baked breads.,,,GROCER_BAKERY
,64-66 Brooksby's Walk London,Hackney,London,Fresh Wonder,Retailers - supermarkets/hypermarkets,7840,0,,1935135,8c9c20f8,512,technicalbusinesssupport@hackney.gov.uk,Hackney,https://hackney.gov.uk/environmental-health#food,False,,E9 6DA,2026-04-21T00:00:00,fhrs_5_en-gb,5,,FHRS,-0.0433028,51.5512904,0.0,0.0,0.0,,fresh wonder,"64-66 Brooksby's Walk London, Hackney, E9 6DA",NEEDS_CHECK,Independent or other supermarket,E96DA,1,YES,"Fresh Wonder is described as an independent supermarket with ""deli energy"" and ""Bakery Surprise Bag"" available.",,,GROCER_BAKERY
81 - 85 Uxbridge Road,London,,,Damas Gate,Retailers - supermarkets/hypermarkets,7840,0,,770647,2000/00059/COMB,513,foodandsafety@lbhf.gov.uk,Hammersmith and Fulham,http://www.lbhf.gov.uk,False,,W12 8NR,2025-05-27T00:00:00,fhrs_5_en-gb,5,,FHRS,-0.231368,51.506085,,,,,damas gate,"81 - 85 Uxbridge Road, London, W12 8NR",NEEDS_CHECK,Independent or other supermarket,W128NR,1,YES,"Damas Gate is a halal supermarket that lists a ""Bakery & Deli"" section with various breads and pastries.",,,GROCER_BAKERY
440 Uxbridge Road,London,,,Baytee Halal Supermarket,Retailers - supermarkets/hypermarkets,7840,0,,1229284,2020/00077/COMB,513,foodandsafety@lbhf.gov.uk,Hammersmith and Fulham,http://www.lbhf.gov.uk,False,,W12 0NS,2024-01-11T00:00:00,fhrs_5_en-gb,5,,FHRS,-0.239127,51.506651,5.0,5.0,5.0,,baytee halal supermarket,"440 Uxbridge Road, London, W12 0NS",NEEDS_CHECK,Independent or other supermarket,W120NS,1,YES,"Baytee Halal Supermarket is listed as a ""halal market"" and ""Other retail sale of food in specialised stores"", suggesting substantial food provision, including bakery items.",,,GROCER_BAKERY
1 Kings Mall,King Street,London,,Livat Ikea,Retailers - supermarkets/hypermarkets,7840,0,,1416695,2021/00587/COMB,513,foodandsafety@lbhf.gov.uk,Hammersmith and Fulham,http://www.lbhf.gov.uk,False,,W6 0PZ,2025-03-19T00:00:00,fhrs_5_en-gb,5,,FHRS,-0.227533,51.493113,0.0,0.0,0.0,,livat ikea,"1 Kings Mall, King Street, London, W6 0PZ",NEEDS_CHECK,Independent or other supermarket,W60PZ,1,YES,"Livat Hammersmith, which houses IKEA, also contains a Sainsbury's and Lidl, suggesting substantial bakery provision within the complex.",,,GROCER_BAKERY
Unit 25A,Broadway Shopping Centre,Hammersmith Broadway,London,Heriots Patisserie,Retailers - supermarkets/hypermarkets,7840,0,,1582890,2022/00325/COMB,513,foodandsafety@lbhf.gov.uk,Hammersmith and Fulham,http://www.lbhf.gov.uk,False,,W6 9YD,2025-01-23T00:00:00,fhrs_5_en-gb,5,,FHRS,-0.2245504,51.492224,0.0,0.0,0.0,,heriots patisserie,"Unit 25A, Broadway Shopping Centre, Hammersmith Broadway, W6 9YD",NEEDS_CHECK,Independent or other supermarket,W69YD,1,YES,Heriots Patisserie is a dedicated patisserie offering a substantial range of cakes and pastries.,,,GROCER_BAKERY
94 North End Road,London,,,Sultan Lebanon,Retailers - supermarkets/hypermarkets,7840,0,,1644669,2023/00266/COMB,513,foodandsafety@lbhf.gov.uk,Hammersmith and Fulham,http://www.lbhf.gov.uk,False,,W14 9EX,2025-05-13T00:00:00,fhrs_4_en-gb,4,,FHRS,-0.206575,51.489765,5.0,5.0,10.0,,sultan lebanon,"94 North End Road, London, W14 9EX",NEEDS_CHECK,Independent or other supermarket,W149EX,1,YES,Sultan Lebanon is identified as a supermarket/hypermarket with a bakery department.,,,GROCER_BAKERY
396 North End Road,London,,,Starry Mart,Retailers - supermarkets/hypermarkets,7840,0,,1733341,2024/00190/COMB,513,foodandsafety@lbhf.gov.uk,Hammersmith and Fulham,http://www.lbhf.gov.uk,False,,SW6 1LU,2025-01-09T00:00:00,fhrs_5_en-gb,5,,FHRS,-0.1992546,51.4805167,5.0,0.0,5.0,,starry mart,"396 North End Road, London, SW6 1LU",NEEDS_CHECK,Independent or other supermarket,SW61LU,1,YES,Starry Mart is an Asian supermarket that offers freshly baked pastries and hot buns.,,,GROCER_BAKERY
Units 7 And 8,Broadway Shopping Centre,Hammersmith Broadway,London,Cookie Jar London  Hammersmith,Retailers - supermarkets/hypermarkets,7840,0,,1753590,2024/00285/COMB,513,foodandsafety@lbhf.gov.uk,Hammersmith and Fulham,http://www.lbhf.gov.uk,False,,W6 7AL,2024-10-16T00:00:00,fhrs_5_en-gb,5,,FHRS,-0.223751,51.493336,0.0,0.0,0.0,,cookie jar london  hammersmith,"Units 7 And 8, Broadway Shopping Centre, Hammersmith Broadway, W6 7AL",NEEDS_CHECK,Independent or other supermarket,W67AL,1,YES,Cookie Jar London is a bakery selling freshly baked cookies and cakes.,,,GROCER_BAKERY
Diana Martin Court,678-682 High Road,Tottenham,London,Szampion Polskie Delikatesy,Retailers - supermarkets/hypermarkets,7840,0,,984599,PI/000152218,514,frontline@haringey.gov.uk,Haringey,http://www.haringey.gov.uk,True,,N17 0AE,2026-03-24T00:00:00,fhrs_5_en-gb,5,,FHRS,-0.0675436,51.6004859,5.0,5.0,5.0,,szampion polskie delikatesy,"Diana Martin Court, 678-682 High Road, Tottenham, N17 0AE",NEEDS_CHECK,Independent or other supermarket,N170AE,1,YES,Szampion Polskie Delikatesy is a supermarket/hypermarket that lists a bakery department.,,,GROCER_BAKERY
Unit A Eclipse House,35 Station Road,Wood Green,London,Mleczko Delikatesy Ltd,Retailers - supermarkets/hypermarkets,7840,0,,1181381,PI/000157326,514,frontline@haringey.gov.uk,Haringey,http://www.haringey.gov.uk,False,,N22 6UX,2023-09-25T00:00:00,fhrs_5_en-gb,5,,FHRS,-0.1115518,51.5967518,0.0,0.0,0.0,,mleczko delikatesy ltd,"Unit A Eclipse House, 35 Station Road, Wood Green, N22 6UX",NEEDS_CHECK,Independent or other supermarket,N226UX,1,YES,Too Good To Go listing mentions a selection of pastries and bread.,,,GROCER_BAKERY
,83 St Anns Road,Tottenham,London,Best Supermarket,Retailers - supermarkets/hypermarkets,7840,0,,1355343,PI/000160190,514,frontline@haringey.gov.uk,Haringey,http://www.haringey.gov.uk,False,,N15 6NJ,2024-08-15T00:00:00,fhrs_4_en-gb,4,,FHRS,-0.0770087,51.5777468,0.0,10.0,5.0,,best supermarket,"83 St Anns Road, Tottenham, N15 6NJ",NEEDS_CHECK,Independent or other supermarket,N156NJ,1,YES,AI review summary mentions a delicatessen and an extensive selection.,,,GROCER_BAKERY
,185-187 Lordship Lane,Tottenham,London,Gunes Supermarket,Retailers - supermarkets/hypermarkets,7840,0,,1497807,PI/000162546,514,frontline@haringey.gov.uk,Haringey,http://www.haringey.gov.uk,False,,N17 6XF,2026-03-21T00:00:00,fhrs_4_en-gb,4,,FHRS,-0.0787497,51.5980713,5.0,5.0,10.0,,gunes supermarket,"185-187 Lordship Lane, Tottenham, N17 6XF",NEEDS_CHECK,Independent or other supermarket,N176XF,1,YES,"Customer reviews mention ""tasty pastries"" and a well-stocked shopping experience.",,,GROCER_BAKERY
102 Vale Road,Tottenham,London,,Turkish Porter,Retailers - supermarkets/hypermarkets,7840,0,,1540413,PI/000164836,514,frontline@haringey.gov.uk,Haringey,http://www.haringey.gov.uk,False,,N4 1FL,2023-06-23T00:00:00,fhrs_5_en-gb,5,,FHRS,-0.0902253,51.5750762,0.0,0.0,5.0,,turkish porter,"102 Vale Road, Tottenham, London, N4 1FL",NEEDS_CHECK,Independent or other supermarket,N41FL,1,YES,Customer reviews mention fresh and tasty bakery items.,,,GROCER_BAKERY
159A Tottenham Lane,Hornsey,London,,Harvest @,Retailers - supermarkets/hypermarkets,7840,0,,1691675,PI/000167920,514,frontline@haringey.gov.uk,Haringey,http://www.haringey.gov.uk,False,,N8 9BT,2026-01-30T00:00:00,fhrs_5_en-gb,5,,FHRS,-0.1199642,51.5818336,0.0,0.0,0.0,,harvest @,"159A Tottenham Lane, Hornsey, London, N8 9BT",NEEDS_CHECK,Independent or other supermarket,N89BT,1,YES,Customer reviews mention a good bakery section with super fresh and delicious items.,,,GROCER_BAKERY
16 High Road,Wood Green,London,,Green Market,Retailers - supermarkets/hypermarkets,7840,0,,1742013,PI/000168593,514,frontline@haringey.gov.uk,Haringey,http://www.haringey.gov.uk,False,,N22 6BX,2026-06-11T00:00:00,fhrs_4_en-gb,4,,FHRS,-0.103826,51.5912317,5.0,10.0,5.0,,green market,"16 High Road, Wood Green, London, N22 6BX",NEEDS_CHECK,Independent or other supermarket,N226BX,1,YES,Green Market is described as a culinary haven with fresh produce and an in-store bakery.,,,GROCER_BAKERY
8 Central Parade Station Road,Harrow,,,Kabul-Beirut Supermarket & Halal,Retailers - supermarkets/hypermarkets,7840,0,,277289,PI/000103307,515,envhealth@harrow.gov.uk,Harrow,http://www.harrow.gov.uk,False,,HA1 2TW,2026-03-19T00:00:00,fhrs_4_en-gb,4,,FHRS,-0.332611,51.5847677,0.0,0.0,10.0,,kabul-beirut supermarket & halal,"8 Central Parade Station Road, Harrow, HA1 2TW",NEEDS_CHECK,Independent or other supermarket,HA12TW,1,YES,"Kabul-Beirut Supermarket & Halal offers a wide range of groceries and has a halal meat counter, suggesting a substantial supermarket with bakery items.",,,GROCER_BAKERY
29 Station Road,Harrow,,,Arya Market & Bakery,Retailers - supermarkets/hypermarkets,7840,0,,879393,PI/000108030,515,envhealth@harrow.gov.uk,Harrow,http://www.harrow.gov.uk,False,,HA1 2UA,2026-01-29T00:00:00,fhrs_2_en-gb,2,,FHRS,-0.332528,51.587993,15.0,15.0,10.0,,arya market & bakery,"29 Station Road, Harrow, HA1 2UA",NEEDS_CHECK,Independent or other supermarket,HA12UA,1,YES,Arya Market & Bakery is identified as a supermarket/hypermarket and its name suggests bakery provision.,,,GROCER_BAKERY
97-99 Burnt Oak Broadway,Edgware,,,Class Food Centre,Retailers - supermarkets/hypermarkets,7840,0,,903801,PI/000108161,515,envhealth@harrow.gov.uk,Harrow,http://www.harrow.gov.uk,False,,HA8 5EP,2025-10-10T00:00:00,fhrs_4_en-gb,4,,FHRS,-0.268093,51.600764,0.0,5.0,10.0,,class food centre,"97-99 Burnt Oak Broadway, Edgware, HA8 5EP",NEEDS_CHECK,Independent or other supermarket,HA85EP,1,YES,Class Food Centre is identified as a supermarket/hypermarket and reviews mention an extensive product range including bakeries.,,,GROCER_BAKERY
16-18 Headstone Drive,Wealdstone,,,Harrow Food Centre Ltd,Retailers - supermarkets/hypermarkets,7840,0,,1221378,PI/000111077,515,envhealth@harrow.gov.uk,Harrow,http://www.harrow.gov.uk,False,,HA3 5QH,2025-03-17T00:00:00,fhrs_1_en-gb,1,,FHRS,-0.3361998,51.594,15.0,15.0,20.0,,harrow food centre ltd,"16-18 Headstone Drive, Wealdstone, HA3 5QH",NEEDS_CHECK,Independent or other supermarket,HA35QH,1,YES,"Harrow Food Centre Ltd is described as an Asian grocery store with mentions of ""Delicious Afghan bread"" and ""Specially, Afghani naan"" in user reviews.",,,GROCER_BAKERY
416 - 420 Rayners Lane,Harrow,,,Rayners Food Centre,Retailers - supermarkets/hypermarkets,7840,0,,1314139,PI/000111596,515,envhealth@harrow.gov.uk,Harrow,http://www.harrow.gov.uk,False,,HA5 5DY,2026-03-15T00:00:00,fhrs_4_en-gb,4,,FHRS,-0.3708797,51.5770323,5.0,5.0,10.0,,rayners food centre,"416 - 420 Rayners Lane, Harrow, HA5 5DY",NEEDS_CHECK,Independent or other supermarket,HA55DY,1,YES,"Rayners Food Centre is a supermarket with user reviews mentioning ""Always plenty of fresh veg and fruit, dairy plus bakery products.""",,,GROCER_BAKERY
67 Burnt Oak Broadway,Edgware,,,Maya Food Centre,Retailers - supermarkets/hypermarkets,7840,0,,1617761,PI/000132592,515,envhealth@harrow.gov.uk,Harrow,http://www.harrow.gov.uk,False,,HA8 5EP,2025-07-14T00:00:00,fhrs_4_en-gb,4,,FHRS,-0.267957,51.6007286,5.0,5.0,10.0,,maya food centre,"67 Burnt Oak Broadway, Edgware, HA8 5EP",NEEDS_CHECK,Independent or other supermarket,HA85EP,1,YES,"Maya Food Centre is a supermarket that offers a ""Fresh Persian Bakery"" section.",,,GROCER_BAKERY
201-203 Streatfield Road,Harrow,,,MIR Food Centre,Retailers - supermarkets/hypermarkets,7840,0,,1692452,PI/000108812,515,envhealth@harrow.gov.uk,Harrow,http://www.harrow.gov.uk,False,,HA3 9DA,2024-04-02T00:00:00,fhrs_5_en-gb,5,,FHRS,-0.295575,51.5959457,5.0,5.0,5.0,,mir food centre,"201-203 Streatfield Road, Harrow, HA3 9DA",NEEDS_CHECK,Independent or other supermarket,HA39DA,1,YES,MIR Food Centre is a supermarket with a dedicated bakery department that produces its own baked goods in-house.,,,GROCER_BAKERY
314 Station Road,Harrow,,,Station Food Centre,Retailers - supermarkets/hypermarkets,7840,0,,1848817,PI/000133427,515,envhealth@harrow.gov.uk,Harrow,http://www.harrow.gov.uk,False,,HA1 2DX,2025-07-09T00:00:00,fhrs_3_en-gb,3,,FHRS,-0.3331408,51.5812031,5.0,10.0,10.0,,station food centre,"314 Station Road, Harrow, HA1 2DX",NEEDS_CHECK,Independent or other supermarket,HA12DX,1,YES,Store offers a fresh bakery section with Eastern European specialties.,,,GROCER_BAKERY
176-178 Hornchurch Road,Hornchurch,,,Hornchurch Food Centre,Retailers - supermarkets/hypermarkets,7840,0,,1734854,140709,516,environmental.health@havering.gov.uk,Havering,http://www.havering.gov.uk,False,,RM11 1QL,2025-07-25T00:00:00,fhrs_5_en-gb,5,,FHRS,0.200419,51.565082,0.0,0.0,0.0,,hornchurch food centre,"176-178 Hornchurch Road, Hornchurch, RM11 1QL",NEEDS_CHECK,Independent or other supermarket,RM111QL,1,YES,Hornchurch Food Centre is a supermarket with a delightful bakery section offering daily-baked goods.,,,GROCER_BAKERY
148 South Street,Romford,,,Dulce Limited,Retailers - supermarkets/hypermarkets,7840,0,,1735690,140723,516,environmental.health@havering.gov.uk,Havering,http://www.havering.gov.uk,False,,RM1 1SX,2025-07-30T00:00:00,fhrs_4_en-gb,4,,FHRS,0.1832661,51.5742158,5.0,5.0,10.0,,dulce limited,"148 South Street, Romford, RM1 1SX",NEEDS_CHECK,Independent or other supermarket,RM11SX,1,YES,Dulce Limited at this address is a bakery and delicatessen with freshly baked goods and a hot food counter.,,,GROCER_BAKERY
204-206 Elm Park Avenue,Hornchurch,,,Fresh & Easy Food Centre,Retailers - supermarkets/hypermarkets,7840,0,,1777477,140878,516,environmental.health@havering.gov.uk,Havering,http://www.havering.gov.uk,False,,RM12 4SD,2025-07-30T00:00:00,fhrs_1_en-gb,1,,FHRS,0.199353,51.5509482,15.0,10.0,20.0,,fresh & easy food centre,"204-206 Elm Park Avenue, Hornchurch, RM12 4SD",NEEDS_CHECK,Independent or other supermarket,RM124SD,1,YES,Fresh & Easy Food Centre (also known as Arena Food Centre) is described as having a fresh and wide selection of bakery.,,,GROCER_BAKERY
28 Station Road,Upminster,,,Welcome Upminster,Retailers - supermarkets/hypermarkets,7840,0,,1950776,140191,516,environmental.health@havering.gov.uk,Havering,http://www.havering.gov.uk,False,,RM14 2UB,1901-01-01T00:00:00,fhrs_awaitinginspection_en-gb,AwaitingInspection,,FHRS,0.249773,51.556737,,,,,welcome upminster,"28 Station Road, Upminster, RM14 2UB",NEEDS_CHECK,Independent or other supermarket,RM142UB,1,YES,"Welcome Upminster is a supermarket/hypermarket that offers a ""Surprise Bag of mixed groceries that could include: meats, bread, pastries, baked items"" through Too Good To Go.",,,GROCER_BAKERY
28 Station Road,Upminster,,,Welcome Upminster,Retailers - supermarkets/hypermarkets,7840,0,,1950779,141803,516,environmental.health@havering.gov.uk,Havering,http://www.havering.gov.uk,False,,RM14 2UB,2026-05-14T00:00:00,fhrs_4_en-gb,4,,FHRS,0.249773,51.556737,0.0,10.0,5.0,,welcome upminster,"28 Station Road, Upminster, RM14 2UB",NEEDS_CHECK,Independent or other supermarket,RM142UB,1,YES,"Welcome Upminster is a supermarket/hypermarket that offers a ""Surprise Bag of mixed groceries that could include: meats, bread, pastries, baked items"" through Too Good To Go.",,,GROCER_BAKERY
Carmel House,4f Swallowfield Way,,Hayes,Masala Bazaar Approved cold store,Retailers - supermarkets/hypermarkets,7840,0,,580738,54567,517,foodhealthandsafety@hillingdon.gov.uk,Hillingdon,http://www.hillingdon.gov.uk/foodsafety,False,,UB3 1DQ,2025-03-13T00:00:00,fhrs_5_en-gb,5,,FHRS,-0.436635,51.50677,0.0,5.0,0.0,,masala bazaar approved cold store,"Carmel House, 4f Swallowfield Way, UB3 1DQ",NEEDS_CHECK,Independent or other supermarket,UB31DQ,1,YES,"Masala Bazaar at Carmel House, 4f Swallowfield Way, UB3 1DQ, is an ethnic grocer with a deli that offers ""freshly made pastries"".",,,GROCER_BAKERY
Jebsen House,53-55 High Street,,Ruislip,Ruislip Food Centre,Retailers - supermarkets/hypermarkets,7840,0,,1714751,151076,517,foodhealthandsafety@hillingdon.gov.uk,Hillingdon,http://www.hillingdon.gov.uk/foodsafety,False,,HA4 7BD,2026-04-30T00:00:00,fhrs_4_en-gb,4,,FHRS,-0.4250007,51.5749115,5.0,10.0,5.0,,ruislip food centre,"Jebsen House, 53-55 High Street, HA4 7BD",NEEDS_CHECK,Independent or other supermarket,HA47BD,1,YES,Ruislip Food Centre is identified as a supermarket with a bakery.,,,GROCER_BAKERY
Costco,Hayes Road,Southall,,Costco Wholesale,Retailers - supermarkets/hypermarkets,7840,0,,707319,135577,518,foodsafety@hounslow.gov.uk,Hounslow,http://www.hounslow.gov.uk,False,,UB2 5XX,2025-02-24T00:00:00,fhrs_5_en-gb,5,,FHRS,-0.404576003551483,51.4962959289551,5.0,5.0,5.0,,costco wholesale,"Costco, Hayes Road, Southall, UB2 5XX",NEEDS_CHECK,Independent or other supermarket,UB25XX,1,YES,"While Costco warehouses typically have bakeries, specific information for this location's bakery provision was not found.",YES,"This is a costco warehouse and as a result very likely to have a bakery, images agree with this point",GROCER_BAKERY
,354-356 Bath Road,Hounslow,,Sadda Superstore,Retailers - supermarkets/hypermarkets,7840,0,,1516277,1204,518,foodsafety@hounslow.gov.uk,Hounslow,http://www.hounslow.gov.uk,False,,TW4 7HW,2026-02-17T00:00:00,fhrs_5_en-gb,5,,FHRS,-0.3886864,51.4733712,5.0,5.0,5.0,,sadda superstore,"354-356 Bath Road, Hounslow, TW4 7HW",NEEDS_CHECK,Independent or other supermarket,TW47HW,1,YES,"Sadda Superstore is a large Indian grocery store with a ""Snacks / Bakery & Confectionery"" section listed on its website.",,,GROCER_BAKERY
,112 High Street,Hounslow,,Kujawiak,Retailers - supermarkets/hypermarkets,7840,0,,1616449,1634,518,foodsafety@hounslow.gov.uk,Hounslow,http://www.hounslow.gov.uk,False,,,2025-12-04T00:00:00,fhrs_5_en-gb,5,,FHRS,-0.3590959,51.4698861,0.0,0.0,5.0,,kujawiak,"112 High Street, Hounslow",NEEDS_CHECK,Independent or other supermarket,,1,YES,"The postcode for Kujawiak is unknown, and there is insufficient information to identify the exact branch or its bakery provision.",YES,There is a substantial bakery section that is claimed to be fresh daily,GROCER_BAKERY
Section B- Global Trading Centre,1b Amberley Way,Hounslow,,Bakhtar Market London Ltd.,Retailers - supermarkets/hypermarkets,7840,0,,1713486,171468,518,foodsafety@hounslow.gov.uk,Hounslow,http://www.hounslow.gov.uk,False,,TW4 6BH,2024-04-16T00:00:00,fhrs_4_en-gb,4,,FHRS,-0.3981527,51.4629189,5.0,5.0,10.0,,bakhtar market london ltd.,"Section B- Global Trading Centre, 1b Amberley Way, Hounslow, TW4 6BH",NEEDS_CHECK,Independent or other supermarket,TW46BH,1,YES,"Bakhtar Market London Ltd. offers freshly baked Afghan cookies and cakes, with an in-market bakery.",,,GROCER_BAKERY
Unit 3 The Blenheim Centre,Prince Regent Road,,,Dukkan,Retailers - supermarkets/hypermarkets,7840,0,,1766932,19399,518,foodsafety@hounslow.gov.uk,Hounslow,http://www.hounslow.gov.uk,False,,TW3 1NL,2025-01-20T00:00:00,fhrs_5_en-gb,5,,FHRS,-0.361684,51.470857,5.0,5.0,5.0,,dukkan,"Unit 3 The Blenheim Centre, Prince Regent Road, TW3 1NL",NEEDS_CHECK,Independent or other supermarket,TW31NL,1,YES,"Dukkan Halal Grocer & Deli lists a ""Bakery & Deli"" section with items like Manakish and wraps.",,,GROCER_BAKERY
Unit 8,8 Kew Bridge Road,Brentford,,Mums Wholefood,Retailers - supermarkets/hypermarkets,7840,0,,1791011,171510,518,foodsafety@hounslow.gov.uk,Hounslow,http://www.hounslow.gov.uk,False,,TW8 0FJ,1901-01-01T00:00:00,fhrs_awaitinginspection_en-gb,AwaitingInspection,,FHRS,-0.288322,51.4880434,,,,,mums wholefood,"Unit 8, 8 Kew Bridge Road, Brentford, TW8 0FJ",NEEDS_CHECK,Independent or other supermarket,TW80FJ,1,YES,"Mum's Wholefood at Kew Bridge Road is described as a health food store selling organic and natural products, including vegan pastries, and its Green Lanes store has a bakery providing fresh bread.",,,GROCER_BAKERY
Whole Foods Market,The Mall,359 Upper Street,London,Whole Foods Market,Retailers - supermarkets/hypermarkets,7840,0,,1971491,PI/000300950,519,Commercial.Envh@islington.gov.uk,Islington,http://www.islington.gov.uk,False,,N1 0PD,1901-01-01T00:00:00,fhrs_awaitinginspection_en-gb,AwaitingInspection,,FHRS,,,,,,,whole foods market,"Whole Foods Market, The Mall, 359 Upper Street, N1 0PD",NEEDS_CHECK,Independent or other supermarket,N10PD,1,YES,Whole Foods Market stores generally offer a substantial bakery section.,,,GROCER_BAKERY
63-97 Kensington High Street,LONDON,,,Whole Foods Market,Retailers - supermarkets/hypermarkets,7840,0,,333654,INSPF/06/008901,520,food.hygiene@rbkc.gov.uk,Kensington and Chelsea,http://www.rbkc.gov.uk,False,,W8 5SE,2025-08-12T00:00:00,fhrs_5_en-gb,5,,FHRS,-0.190627,51.501462,0.0,5.0,0.0,,whole foods market,"63-97 Kensington High Street, LONDON, W8 5SE",NEEDS_CHECK,Independent or other supermarket,W85SE,1,YES,"Whole Foods Market Kensington High Street is a large store with a dedicated pastries, bread, and cakes section.",,,GROCER_BAKERY
126 Holland Park Avenue,LONDON,,,Supermarket of Dreams,Retailers - supermarkets/hypermarkets,7840,0,,1286251,INSPF/20/258799,520,food.hygiene@rbkc.gov.uk,Kensington and Chelsea,http://www.rbkc.gov.uk,False,,W11 4UE,2025-02-14T00:00:00,fhrs_5_en-gb,5,,FHRS,-0.2085142,51.5066202,0.0,5.0,5.0,,supermarket of dreams,"126 Holland Park Avenue, LONDON, W11 4UE",NEEDS_CHECK,Independent or other supermarket,W114UE,1,YES,"Offers hot coffee, pastries, and a dedicated bakery section.",,,GROCER_BAKERY
388-390 King's Road,LONDON,,,Prezzemolo & Vitale,Retailers - supermarkets/hypermarkets,7840,0,,1350183,INSPF/21/277054,520,food.hygiene@rbkc.gov.uk,Kensington and Chelsea,http://www.rbkc.gov.uk,False,,SW3 5UZ,2026-06-01T00:00:00,fhrs_5_en-gb,5,,FHRS,-0.1770881,51.4840139,0.0,0.0,0.0,,prezzemolo & vitale,"388-390 King's Road, LONDON, SW3 5UZ",NEEDS_CHECK,Independent or other supermarket,SW35UZ,1,YES,Prezzemolo & Vitale offers freshly baked bread and Sicilian specialties.,,,GROCER_BAKERY
66-68 Notting Hill Gate,LONDON,,,Amazon E.U S.A.R.L,Retailers - supermarkets/hypermarkets,7840,0,,1677308,INSPF/23/334135,520,food.hygiene@rbkc.gov.uk,Kensington and Chelsea,http://www.rbkc.gov.uk,False,,W11 3HT,2023-12-29T00:00:00,fhrs_5_en-gb,5,,FHRS,-0.1959005,51.5092955,0.0,0.0,0.0,,amazon e.u s.a.r.l,"66-68 Notting Hill Gate, LONDON, W11 3HT",NEEDS_CHECK,Independent or other supermarket,W113HT,1,YES,Amazon Fresh Notting Hill Gate includes a bakery section with fresh bread and pastries.,,,GROCER_BAKERY
172-174 Kensington High Street,LONDON,,,La Mart,Retailers - supermarkets/hypermarkets,7840,0,,1710048,INSPF/24/340771,520,food.hygiene@rbkc.gov.uk,Kensington and Chelsea,http://www.rbkc.gov.uk,False,,W8 7RG,2024-05-14T00:00:00,fhrs_5_en-gb,5,,FHRS,-0.197052,51.500023,0.0,5.0,0.0,,la mart,"172-174 Kensington High Street, LONDON, W8 7RG",NEEDS_CHECK,Independent or other supermarket,W87RG,1,YES,La Mart Asian Supermarket Kensington offers bakery treats.,,,GROCER_BAKERY
120 King's Road,LONDON,,,Whole Foods Market,Retailers - supermarkets/hypermarkets,7840,0,,1799332,INSPF/25/356731,520,food.hygiene@rbkc.gov.uk,Kensington and Chelsea,http://www.rbkc.gov.uk,False,,SW3 4TR,2025-05-27T00:00:00,fhrs_5_en-gb,5,,FHRS,-0.16278253,51.4900621,0.0,0.0,0.0,,whole foods market,"120 King's Road, LONDON, SW3 4TR",NEEDS_CHECK,Independent or other supermarket,SW34TR,1,YES,Whole Foods Market King's Road has a bakery department with fresh bread and various baked goods.,,,GROCER_BAKERY
Development Site,66-74 Notting Hill Gate,LONDON,,Whole Foods Market,Retailers - supermarkets/hypermarkets,7840,0,,1958444,INSPF/26/371629,520,food.hygiene@rbkc.gov.uk,Kensington and Chelsea,http://www.rbkc.gov.uk,False,,,1901-01-01T00:00:00,fhrs_awaitinginspection_en-gb,AwaitingInspection,,FHRS,-0.1959188,51.5093947,,,,,whole foods market,"Development Site, 66-74 Notting Hill Gate, LONDON",NEEDS_CHECK,Independent or other supermarket,,1,YES,Whole Foods Market Notting Hill Gate will feature a bakery department.,,,GROCER_BAKERY
11 Richmond Road,Kingston Upon Thames,,,Kingston Food Centre,Retailers - supermarkets/hypermarkets,7840,0,,1385700,20/96866/RBK,521,food.safety@kingston.gov.uk,Kingston-Upon-Thames,http://www.kingston.gov.uk,False,,KT2 5BW,2025-12-12T00:00:00,fhrs_5_en-gb,5,,FHRS,-0.300917,51.4130517,,,,,kingston food centre,"11 Richmond Road, Kingston Upon Thames, KT2 5BW",NEEDS_CHECK,Independent or other supermarket,KT25BW,1,YES,Kingston Food Centre is described as having a bakery with homemade bread and pastries.,,,GROCER_BAKERY
106 Tolworth Broadway,Surbiton,,,Kourosh Supermarket,Retailers - supermarkets/hypermarkets,7840,0,,1385792,20/97758/RBK,521,food.safety@kingston.gov.uk,Kingston-Upon-Thames,http://www.kingston.gov.uk,False,,KT6 7HT,2025-05-17T00:00:00,fhrs_4_en-gb,4,,FHRS,-0.2820216,51.3800066,5.0,10.0,5.0,,kourosh supermarket,"106 Tolworth Broadway, Surbiton, KT6 7HT",NEEDS_CHECK,Independent or other supermarket,KT67HT,1,YES,Kourosh Supermarket is praised by customers for its freshly baked bread and bakery products.,,,GROCER_BAKERY
384 Malden Road,Worcester Park,,,Dar Al Zaad,Retailers - supermarkets/hypermarkets,7840,0,,1728900,24/00198/COM,521,food.safety@kingston.gov.uk,Kingston-Upon-Thames,http://www.kingston.gov.uk,False,,KT4 7NL,2026-02-19T00:00:00,fhrs_2_en-gb,2,,FHRS,-0.2510656,51.3846521,15.0,10.0,10.0,,dar al zaad,"384 Malden Road, Worcester Park, KT4 7NL",NEEDS_CHECK,Independent or other supermarket,KT47NL,1,YES,"Dar Al Zaad at 384 Malden Road, Worcester Park, KT4 7NL is a supermarket that includes a bakery and patisserie.",,,GROCER_BAKERY
69 - 73 Robin Hood Way,Kingston Vale,,,Jana Food Centre,Retailers - supermarkets/hypermarkets,7840,0,,1751990,24/00342/COM,521,food.safety@kingston.gov.uk,Kingston-Upon-Thames,http://www.kingston.gov.uk,True,,SW15 3PW,2024-09-26T00:00:00,fhrs_3_en-gb,3,,FHRS,,,10.0,10.0,10.0,,jana food centre,"69 - 73 Robin Hood Way, Kingston Vale, SW15 3PW",NEEDS_CHECK,Independent or other supermarket,SW153PW,1,YES,"Jana Food Centre at 69 - 73 Robin Hood Way, Kingston Vale, SW15 3PW is a supermarket with a bakery section.",,,GROCER_BAKERY
138 - 140 High Street,New Malden,,,New Malden International Foods,Retailers - supermarkets/hypermarkets,7840,0,,1793035,25/00024/COM,521,food.safety@kingston.gov.uk,Kingston-Upon-Thames,http://www.kingston.gov.uk,False,,KT3 4EP,2026-01-21T00:00:00,fhrs_5_en-gb,5,,FHRS,-0.2551648,51.3997131,5.0,5.0,5.0,,new malden international foods,"138 - 140 High Street, New Malden, KT3 4EP",NEEDS_CHECK,Independent or other supermarket,KT34EP,1,YES,"New Malden International Foods at 138 - 140 High Street, New Malden, KT3 4EP has a delightful bakery offering freshly baked bread and pastries.",,,GROCER_BAKERY
78 - 80 Tolworth Broadway,Tolworth,,,Kingston International Market,Retailers - supermarkets/hypermarkets,7840,0,,1822569,25/00145/COM,521,food.safety@kingston.gov.uk,Kingston-Upon-Thames,http://www.kingston.gov.uk,False,,KT6 7HR,2025-05-17T00:00:00,fhrs_4_en-gb,4,,FHRS,,,5.0,5.0,10.0,,kingston international market,"78 - 80 Tolworth Broadway, Tolworth, KT6 7HR",NEEDS_CHECK,Independent or other supermarket,KT67HR,1,YES,"Kingston International Market at 78 - 80 Tolworth Broadway, Tolworth, KT6 7HR has a bakery section with various baked goods.",,,GROCER_BAKERY
9 Heritage Walk,Kingston Upon Thames,,,Grewals Budgens,Retailers - supermarkets/hypermarkets,7840,0,,1838960,25/00251/COM,521,food.safety@kingston.gov.uk,Kingston-Upon-Thames,http://www.kingston.gov.uk,False,,KT1 2US,2025-12-17T00:00:00,fhrs_5_en-gb,5,,FHRS,-0.3030201,51.4085267,5.0,5.0,5.0,,grewals budgens,"9 Heritage Walk, Kingston Upon Thames, KT1 2US",NEEDS_CHECK,Independent or other supermarket,KT12US,1,YES,"Grewals Budgens at 9 Heritage Walk, Kingston Upon Thames, KT1 2US lists ""Fresh Bread"" as an in-store offering.",,,GROCER_BAKERY
86 - 88 Ewell Road,Surbiton,,,Londis,Retailers - supermarkets/hypermarkets,7840,0,,1866717,25/00410/COM,521,food.safety@kingston.gov.uk,Kingston-Upon-Thames,http://www.kingston.gov.uk,False,,KT6 6EX,2026-03-27T00:00:00,fhrs_5_en-gb,5,,FHRS,-0.2985228,51.3907509,,,,,londis,"86 - 88 Ewell Road, Surbiton, KT6 6EX",NEEDS_CHECK,Independent or other supermarket,KT66EX,1,YES,"Londis at 86 - 88 Ewell Road, Surbiton, KT6 6EX advertises ""Freshly Baked Croissants & Pastries"" and a ""Londis Bakery"".",,,GROCER_BAKERY
Unit 1C Building 1 Southbank Place,London,SE1,,Mark & Spencer,Retailers - supermarkets/hypermarkets,7840,0,,1094396,18/00364/COMM,522,foodhealthandsafety@lambeth.gov.uk,Lambeth,http://www.lambeth.gov.uk,False,,,2026-05-30T00:00:00,fhrs_5_en-gb,5,,FHRS,-0.0812688,51.5053361,0.0,0.0,0.0,,mark & spencer,"Unit 1C Building 1 Southbank Place, London, SE1",NEEDS_CHECK,Independent or other supermarket,,1,YES,The exact M&S branch could not be confidently identified with sufficient detail for bakery provision.,YES,There are images and online evidence that there is an instore bakery at this location,GROCER_BAKERY
Jays Budgens Of Crofton Park,400-406 Brockley Road,London,,Budgens,Retailers - supermarkets/hypermarkets,7840,0,,1599029,FR/000004558,523,environmentalhealth@lewisham.gov.uk,Lewisham,http://www.lewisham.gov.uk/myservices/business/food-safety/Pages/default.aspx,False,,SE4 2DH,2025-06-13T00:00:00,fhrs_3_en-gb,3,,FHRS,-0.0382828,51.4536978,10.0,10.0,10.0,,budgens,"Jays Budgens Of Crofton Park, 400-406 Brockley Road, London, SE4 2DH",NEEDS_CHECK,Independent or other supermarket,SE42DH,1,YES,Jay's Budgens of Crofton Park is a supermarket that lists fresh bread among its offerings.,,,GROCER_BAKERY
Spar Convenience Store,4 Mantle Road,London,,SPAR,Retailers - supermarkets/hypermarkets,7840,0,,1600018,FR/000008381,523,environmentalhealth@lewisham.gov.uk,Lewisham,http://www.lewisham.gov.uk/myservices/business/food-safety/Pages/default.aspx,False,,SE4 2EX,2018-08-09T00:00:00,fhrs_5_en-gb,5,,FHRS,-0.0378061,51.4648141,5.0,5.0,0.0,,spar,"Spar Convenience Store, 4 Mantle Road, London, SE4 2EX",NEEDS_CHECK,Independent or other supermarket,SE42EX,1,YES,SPAR convenience stores often feature an in-store bakery with fresh bread and pastries.,,,GROCER_BAKERY
180 - 184 Streatham Road,,Mitcham,Merton,Mieszko Food City,Retailers - supermarkets/hypermarkets,7840,0,,745132,PI/000080311,524,foodandsafety@merton.gov.uk,Merton,http://www.merton.gov.uk,False,,CR4 2AF,2025-12-05T00:00:00,fhrs_5_en-gb,5,,FHRS,-0.1523133,51.4169925,0.0,0.0,5.0,,mieszko food city,"180 - 184 Streatham Road, Mitcham, CR4 2AF",NEEDS_CHECK,Independent or other supermarket,CR42AF,1,YES,"Mieszko Food City is a supermarket that sells a wide range of Polish products, including bread.",,,GROCER_BAKERY
Unit 2,Beckton Retail Park,Alpine Way,Beckton,Food Bazar (LDN) Ltd,Retailers - supermarkets/hypermarkets,7840,0,,1047541,18/00148/FOOD,525,food@newham.gov.uk,Newham,https://www.newham.gov.uk,False,,E6 6LA,2024-08-14T00:00:00,fhrs_5_en-gb,5,,FHRS,0.0615056,51.5171661,5.0,5.0,5.0,,food bazar (ldn) ltd,"Unit 2, Beckton Retail Park, Alpine Way, E6 6LA",NEEDS_CHECK,Independent or other supermarket,E66LA,1,YES,Food Bazar Superstore is described as a large international grocery market with fresh produce.,,,GROCER_BAKERY
112 Silvertown Way,Canning Town,London,,Pelene Retail Ltd Ground Floor - Supermarket & Deli,Retailers - supermarkets/hypermarkets,7840,0,,1370361,16/00821/FOOD,525,food@newham.gov.uk,Newham,https://www.newham.gov.uk,False,,E16 1EA,2025-11-05T00:00:00,fhrs_4_en-gb,4,,FHRS,0.010823,51.51274,5.0,10.0,5.0,,pelene retail ltd ground floor - supermarket & deli,"112 Silvertown Way, Canning Town, London, E16 1EA",NEEDS_CHECK,Independent or other supermarket,E161EA,1,YES,"Pelene Retail Ltd is a supermarket specializing in Eastern European foods and reviews mention ""lovely bread"" and ""fresh salads every day"".",,,GROCER_BAKERY
255 - 263 Barking Road,East Ham,London,,Spice Of Asia,Retailers - supermarkets/hypermarkets,7840,0,,1710279,24/00192/FOOD,525,food@newham.gov.uk,Newham,https://www.newham.gov.uk,False,,E6 1LB,2024-05-18T00:00:00,fhrs_5_en-gb,5,,FHRS,0.0492173,51.5324083,5.0,5.0,5.0,,spice of asia,"255 - 263 Barking Road, East Ham, London, E6 1LB",NEEDS_CHECK,Independent or other supermarket,E61LB,1,YES,"Spice Of Asia is a large Asian, African and Middle Eastern grocery store that offers a wide range of fresh produce and other food items.",,,GROCER_BAKERY
658 - 660 Romford Road,Manor Park,London,,Global Fresh Bazaar,Retailers - supermarkets/hypermarkets,7840,0,,1754693,24/00541/FOOD,525,food@newham.gov.uk,Newham,https://www.newham.gov.uk,False,,E12 5AQ,2026-01-21T00:00:00,fhrs_2_en-gb,2,,FHRS,0.0495040353127825,51.5514141259477,0.0,15.0,10.0,,global fresh bazaar,"658 - 660 Romford Road, Manor Park, London, E12 5AQ",NEEDS_CHECK,Independent or other supermarket,E125AQ,1,YES,"Global Fresh Bazaar is described as a supermarket/hypermarket and advertises fresh produce and a ""fresh farm halal supermarket"".",,,GROCER_BAKERY
,146-150 George Lane,,South Woodford,International Supermarket,Retailers - supermarkets/hypermarkets,7840,0,,443674,165422,526,themis.skouros@redbridge.gov.uk,Redbridge,http://www.redbridge.gov.uk/,False,,E18 1AY,2026-05-02T00:00:00,fhrs_5_en-gb,5,,FHRS,0.024567,51.593842,5.0,5.0,5.0,,international supermarket,"146-150 George Lane, E18 1AY",NEEDS_CHECK,Independent or other supermarket,E181AY,1,YES,Large independent supermarket likely to have substantial bakery provision.,,,GROCER_BAKERY
,411-413 High Road,,Ilford,Azad Food Centre,Retailers - supermarkets/hypermarkets,7840,0,,570065,174448,526,themis.skouros@redbridge.gov.uk,Redbridge,http://www.redbridge.gov.uk/,False,,IG1 1TJ,2025-11-10T00:00:00,fhrs_2_en-gb,2,,FHRS,0.084549,51.561497,10.0,15.0,10.0,,azad food centre,"411-413 High Road, IG1 1TJ",NEEDS_CHECK,Independent or other supermarket,IG11TJ,1,YES,Customer reviews mention fresh bread and cakes.,,,GROCER_BAKERY
22 - 24 High Street,,Whitton,Richmond Upon Thames,Al-Nour Supermarket,Retailers - supermarkets/hypermarkets,7840,0,,1575559,PI/000455381,527,foodandsafety@merton.gov.uk,Richmond-Upon-Thames,http://www.richmond.gov.uk,False,,TW2 7LT,2025-12-18T00:00:00,fhrs_2_en-gb,2,,FHRS,-0.3583098,51.4527528,15.0,10.0,10.0,,al-nour supermarket,"22 - 24 High Street, Whitton, TW2 7LT",NEEDS_CHECK,Independent or other supermarket,TW27LT,1,YES,Al-Nour Supermarket is described as a supermarket/hypermarket with a fresh daily bakery.,,,GROCER_BAKERY
,173-181,Rotherhithe New Road,London,Costcutters,Retailers - supermarkets/hypermarkets,7840,0,,521962,180673,528,food@southwark.gov.uk,Southwark,http://www.southwark.gov.uk/,False,,SE16 2BE,2022-10-31T00:00:00,fhrs_5_en-gb,5,,FHRS,-0.053326,51.490729,0.0,5.0,5.0,,costcutters,"173-181, Rotherhithe New Road, SE16 2BE",NEEDS_CHECK,Independent or other supermarket,SE162BE,1,YES,The Costcutter website for this location explicitly lists a bakery service.,,,GROCER_BAKERY
,88,Dulwich Village,London,Simply fresh,Retailers - supermarkets/hypermarkets,7840,0,,1397487,198401,528,food@southwark.gov.uk,Southwark,http://www.southwark.gov.uk/,False,,SE21 7AQ,2023-06-14T00:00:00,fhrs_4_en-gb,4,,FHRS,-0.085894,51.448478,0.0,10.0,0.0,,simply fresh,"88, Dulwich Village, SE21 7AQ",NEEDS_CHECK,Independent or other supermarket,SE217AQ,1,YES,"Store sells ""baked good"" and focuses on fresh produce.",,,GROCER_BAKERY
,240,Camberwell Road,London,Budgens camberwell road,Retailers - supermarkets/hypermarkets,7840,0,,1422308,198562,528,food@southwark.gov.uk,Southwark,http://www.southwark.gov.uk/,False,,SE5 0DP,2021-11-23T00:00:00,fhrs_5_en-gb,5,,FHRS,-0.0940099405012134,51.4771115637494,5.0,5.0,5.0,,budgens camberwell road,"240, Camberwell Road, SE5 0DP",NEEDS_CHECK,Independent or other supermarket,SE50DP,1,YES,"Official store page lists ""Fresh Bread"" as an in-store offering.",,,GROCER_BAKERY
,127-129,Half Moon Lane,London,Budgens (dulwich),Retailers - supermarkets/hypermarkets,7840,0,,1426178,198702,528,food@southwark.gov.uk,Southwark,http://www.southwark.gov.uk/,False,,SE24 9JY,2024-10-30T00:00:00,fhrs_5_en-gb,5,,FHRS,-0.093967,51.453313,0.0,0.0,0.0,,budgens (dulwich),"127-129, Half Moon Lane, SE24 9JY",NEEDS_CHECK,Independent or other supermarket,SE249JY,1,YES,"Official store page and Facebook mention ""Fresh Bread"" and ""Sweet Treats"".",,,GROCER_BAKERY
Unit 1,Anchor Business Park,102 Beddington Lane,Beddington,Saveways,Retailers - supermarkets/hypermarkets,7840,0,,1794625,25/00037/COM,529,food.safety@sutton.gov.uk,Sutton,http://www.sutton.gov.uk,False,,CR0 4YX,2025-02-17T00:00:00,fhrs_5_en-gb,5,,FHRS,-0.1304481,51.3727697,5.0,0.0,5.0,,saveways,"Unit 1, Anchor Business Park, 102 Beddington Lane, CR0 4YX",NEEDS_CHECK,Independent or other supermarket,CR04YX,1,YES,"Saveways is a large supermarket specializing in world foods and explicitly advertises a ""Fresh Bakery"".",,,GROCER_BAKERY
563 - 567 London Road,North Cheam,,,Elif Food Centre,Retailers - supermarkets/hypermarkets,7840,0,,1814676,25/00108/COM,529,food.safety@sutton.gov.uk,Sutton,http://www.sutton.gov.uk,False,,SM3 9AE,2025-05-07T00:00:00,fhrs_5_en-gb,5,,FHRS,-0.2268991,51.3725219,5.0,5.0,5.0,,elif food centre,"563 - 567 London Road, North Cheam, SM3 9AE",NEEDS_CHECK,Independent or other supermarket,SM39AE,1,YES,Elif Food Centre is described as a supermarket with a fresh bakery section.,,,GROCER_BAKERY
Yo Yo Oriental Supermarket,61a Alie Street,London,,Yo Yo Oriental Supermarket,Retailers - supermarkets/hypermarkets,7840,0,,1155307,201595,530,foodsafety@towerhamlets.gov.uk,Tower Hamlets,http://www.towerhamlets.gov.uk,False,,E1 8EB,2026-06-08T00:00:00,fhrs_5_en-gb,5,,FHRS,-0.0699968,51.5143454,5.0,5.0,0.0,,yo yo oriental supermarket,"Yo Yo Oriental Supermarket, 61a Alie Street, London, E1 8EB",NEEDS_CHECK,Independent or other supermarket,E18EB,1,YES,Yo Yo Oriental Supermarket offers Japanese patisseries and mentions pastries and bread in their Too Good To Go bags.,,,GROCER_BAKERY
Tian Tian Markets  Unit 2 & 3,18 Piazza Walk,London,,Tian Tian Markets,Retailers - supermarkets/hypermarkets,7840,0,,1316865,206097,530,foodsafety@towerhamlets.gov.uk,Tower Hamlets,http://www.towerhamlets.gov.uk,False,,E1 8ZN,2026-04-16T00:00:00,fhrs_5_en-gb,5,,FHRS,-0.0688317,51.5135399,5.0,5.0,5.0,,tian tian markets,"Tian Tian Markets  Unit 2 & 3, 18 Piazza Walk, London, E1 8ZN",NEEDS_CHECK,Independent or other supermarket,E18ZN,1,YES,Tian Tian Markets in Aldgate offers pre-order for patisserie from various bakeries and has a wide range of Asian groceries.,,,GROCER_BAKERY
Ground Floor 647 - 661 High Road Leytonstone,,Leytonstone,London,Continental Food Exchange,Retailers - supermarkets/hypermarkets,7840,0,,514221,17220,531,food.safety@walthamforest.gov.uk,Waltham Forest,http://www.walthamforest.gov.uk,False,,E11 4RD,2025-03-19T00:00:00,fhrs_5_en-gb,5,,FHRS,0.0093775,51.5634576,5.0,5.0,5.0,,continental food exchange,"Ground Floor 647 - 661 High Road Leytonstone, Leytonstone, E11 4RD",NEEDS_CHECK,Independent or other supermarket,E114RD,1,YES,Customer reviews and articles mention a large selection of pastries and a bakery section.,,,GROCER_BAKERY
Costco Wholesale Warehouse 1 Shadbolt Avenue,,Chingford,London,Costco,Retailers - supermarkets/hypermarkets,7840,0,,514259,19239,531,food.safety@walthamforest.gov.uk,Waltham Forest,http://www.walthamforest.gov.uk,False,,E4 8GP,2024-05-24T00:00:00,fhrs_5_en-gb,5,,FHRS,-0.0316894,51.609152,0.0,0.0,0.0,,costco,"Costco Wholesale Warehouse 1 Shadbolt Avenue, Chingford, E4 8GP",NEEDS_CHECK,Independent or other supermarket,E48GP,1,YES,"Costco is a warehouse club, and while it sells bakery items, it's unclear if this specific location has substantial customer-facing bakery provision as defined.",YES,"This is a costco warehouse and as a result very likely to have a bakery, images agree with this point",GROCER_BAKERY
305 - 311 Lavender Hill,,London,Wandsworth,Wholefoods,Retailers - supermarkets/hypermarkets,7840,0,,1571583,PI/000424878,532,foodandsafety@merton.gov.uk,Wandsworth,http://www.wandsworth.gov.uk,False,,SW11 1LN,2025-04-29T00:00:00,fhrs_5_en-gb,5,,FHRS,-0.1666228,51.463731,5.0,5.0,5.0,,wholefoods,"305 - 311 Lavender Hill, London, SW11 1LN",NEEDS_CHECK,Independent or other supermarket,SW111LN,1,YES,"Whole Foods Market is a food hall known for fresh produce and prepared foods, including bakery items.",,,GROCER_BAKERY
319 - 323 Battersea Park Road,,London,Wandsworth,Budgens Supermarket,Retailers - supermarkets/hypermarkets,7840,0,,1705728,PI/000484044,532,foodandsafety@merton.gov.uk,Wandsworth,http://www.wandsworth.gov.uk,False,,SW11 4LT,2026-06-02T00:00:00,fhrs_5_en-gb,5,,FHRS,-0.15591,51.4743,0.0,0.0,0.0,,budgens supermarket,"319 - 323 Battersea Park Road, London, SW11 4LT",NEEDS_CHECK,Independent or other supermarket,SW114LT,1,YES,"Budgens Battersea Park Road lists ""Fresh Bread"" and ""Bread & Bakery"" on its official store page.",,,GROCER_BAKERY
GROUND FLOOR 55 VICTORIA STREET,,LONDON,,Whole Foods Market,Retailers - supermarkets/hypermarkets,7840,0,,1935982,C4KBXH-Z1VJ8B-JHPCRQ,533,foodsafety@westminster.gov.uk,Westminster,http://www.westminster.gov.uk/,False,,SW1H 0AF,2026-06-22T00:00:00,fhrs_5_en-gb,5,,FHRS,-0.1333483,51.4978762,5.0,5.0,5.0,,whole foods market,"GROUND FLOOR 55 VICTORIA STREET, LONDON, SW1H 0AF",NEEDS_CHECK,Independent or other supermarket,SW1H0AF,1,YES,Whole Foods Market stores typically have substantial bakery departments.,,,GROCER_BAKERY
