BakeryRank,BusinessName,BusinessNameClean,BusinessType,Address,PostCode,LocalAuthorityName,FHRSIDRep,StoreCount,BakeryScore,LocationMatch,AIClass,V2ManualVerdict,AIReason,V2ManualNote,ReviewFlags,ManualClass,ManualReason,ManualSourceURL
8,Q's Bakery Ltd,q s bakery ltd,Retailers - other,"83 Burdett Road, London",E3 4JN,Tower Hamlets,1962099,1,0.9987573993390004,YES,CORE_BAKERY,,"Q's Bakery at Burdett Road is a customer-facing bakery specializing in brownies, blondies, cookies, and celebration cakes.",,FP_CORE_SPECIALISED_PRODUCT,CORE_BAKERY,Agree with AI,https://www.qsbakery.co.uk/
63,Cake House Bakery Harrow,cake house bakery harrow,Retailers - other,"343 Rayners Lane, Harrow",HA5 5EN,Harrow,1604093,1,0.9889271098450868,YES,CORE_BAKERY,NOT_BAKERY,Fixed customer-facing bakery specializing in cakes and offering a variety of cake slices and whole cakes.,Cake only boutique,FP_V2_MANUAL_NOT_BAKERY,NON_BAKERY,,
84,Your Treats Bakery Ltd,your treats bakery ltd,Retailers - other,,E13 ,Newham,1042960,1,0.9862932146853884,YES,CORE_BAKERY,NOT_BAKERY,"Your Treats Bakery Ltd at 236A Grange Road, Plaistow, E13 0HG, operates as a cake shop and bakery, specializing in cupcakes, wedding cakes, birthday cakes, and other baked treats, with a customer-facing retail location.",Store is either closed or a homebakery,FP_V2_MANUAL_NOT_BAKERY; FP_CORE_SPECIALISED_PRODUCT,NON_BAKERY,,
148,Bread Of Life Bakehouse,bread of life bakehouse,Manufacturers/packers,,UB6 ,Ealing,1839180,1,0.974893283876472,YES,CORE_BAKERY,NOT_BAKERY,"Bread Of Life Bakehouse operates a retail outlet within its production site at 67 Bridge Street, Pinner, HA5 3JB, offering a range of sourdough breads, viennoiserie, and patisserie for collection.",Insufficient evidence for this business,FP_V2_MANUAL_NOT_BAKERY,NON_BAKERY,,
194,Hanatable Bakery,hanatable bakery,Restaurant/Cafe/Canteen,"584 KINGSLAND RD, Hackney, London",E8 4AH,Hackney,1754257,1,0.9667287098025946,YES,BAKERY_CAFE,NOT_BAKERY,"Hanatable Bakery at 584 Kingsland Road is a customer-facing establishment offering a range of Asian-inspired baked goods, including cakes, rolls, and dessert boxes, available for pre-order and pickup, as well as delivery.",Delivery only business,FP_V2_MANUAL_NOT_BAKERY,NON_BAKERY,,
202,Sweet Success Bakery,sweet success bakery,Retailers - other,"789 London Road, Hounslow",TW3 1RS,Hounslow,490073,1,0.9658447448880654,YES,CORE_BAKERY,NOT_BAKERY,"Sweet Success Bakery operates from a stable, customer-facing retail location and specializes in cakes and baked goods.",Agree with AI,FP_V2_MANUAL_NOT_BAKERY,NON_BAKERY,,
245,Weston Bakery,weston bakery,Retailers - other,"85 Weston Park, Hornsey, London",N8 9PR,Haringey,423520,1,0.9544186801065042,YES,BAKERY_CAFE,NOT_BAKERY,"Identified as a ""neighbourhood bakery cafe"" with evidence of selling croissants and other baked goods.",Mainly a café,FP_V2_MANUAL_NOT_BAKERY,NON_BAKERY,,
449,Heriots Patisserie,heriots patisserie,Manufacturers/packers,"20 Headstone Drive, Wealdstone",HA3 5QH,Harrow,951955,5,0.8949054278024425,YES,CORE_BAKERY,NOT_BAKERY,"Heriots Patisserie is a cake shop and patisserie with a physical address, specializing in cakes, gateaux, cheesecakes, and macarons, indicating a bakery-led identity and customer-facing retail.",Inactive,FP_V2_MANUAL_NOT_BAKERY,NON_BAKERY,,
463,Bakers Twist,bakers twist,Retailers - other,"10 Midfield Parade, Mayplace Road East, Bexleyheath, Kent",DA7 6NB,Bexley,1712045,1,0.8917368184136024,YES,BAKERY_CAFE,NOT_BAKERY,"Offers a variety of baked goods including bacon and cheese twists, chicken tikka bakes, chocolate cake, rolls, sandwiches, muffins, and sausage rolls, indicating a substantial bakery provision alongside other food service.",Agree with AI,FP_V2_MANUAL_NOT_BAKERY,NON_BAKERY,,
486,Lola's Bakery,lola s bakery,Restaurant/Cafe/Canteen,"CONCESSION 14 GROUND FLOOR SELFRIDGES 400 OXFORD STREET, LONDON",W1A 1AB,Westminster,414696,2,0.8852024969299793,YES,BAKERY_CAFE,NOT_BAKERY,"Concession within Selfridges offering a substantial range of cupcakes, cakes, and coffee.",Agree with AI,FP_V2_MANUAL_NOT_BAKERY,NON_BAKERY,,
700,Katya & Sons Bakery,katya and sons bakery,Restaurant/Cafe/Canteen,250 East Barnet Road Barnet,EN4 8TF,Barnet,1728314,1,0.8224958847974176,YES,BAKERY_CAFE,NOT_BAKERY,"Cafe offering a range of cakes, milkshakes, and waffles, with a focus on desserts and sweet treats.",Delivery only business,FP_V2_MANUAL_NOT_BAKERY,NON_BAKERY,,
727,The cinnamon tree bakery,the cinnamon tree bakery,Takeaway/sandwich shop,"Green Market Borough Market, 8, Southwark Street, London",SE1 9AL,Southwark,1904670,1,0.8170286488329955,YES,CORE_BAKERY,,"The Cinnamon Tree Bakery is a family-run artisan bakery specializing in small batch biscuits, cookies, and traybakes, operating from a stable customer-facing retail location in Borough Market.",,FP_CORE_SPECIALISED_PRODUCT,CORE_BAKERY,Agree with AI,https://www.thecinnamontreebakery.co.uk/
800,Samuel's Artisan Bakery,samuel s artisan bakery,Other catering premises,,SM2 ,Sutton,1581984,1,0.7972814220236577,YES,CORE_BAKERY,NOT_BAKERY,"Samuel's Artisan Bakery is an artisan bakery specializing in home-baked artisan bread, sandwiches, and pastries like sourdough and focaccia, with a cafe for collection.",Inactive,FP_V2_MANUAL_NOT_BAKERY,NON_BAKERY,,
802,Moreish Bakery Ltd,moreish bakery ltd,Other catering premises,,E11 ,Redbridge,1803370,1,0.796491067162407,YES,CORE_BAKERY,,"Moreish Bakery Ltd operates from a private address but its website shows a menu of various sourdough breads and focaccias for sale, indicating a bakery-led specialism.",,FP_EXCLUSION,NON_BAKERY,Private address that is homemade baked goods,
904,The Hummingbird Bakery,the hummingbird bakery,Restaurant/Cafe/Canteen,"47 Old Brompton Road, LONDON",SW7 3JP,Kensington and Chelsea,1370650,6,0.7699563201933551,YES,CORE_BAKERY,,"This is a well-established bakery chain with a stable, customer-facing retail location specializing in cupcakes and other baked goods.",,FP_CORE_SPECIALISED_PRODUCT,CORE_BAKERY,Agree with AI,
990,Sourdough,sourdough,Other catering premises,,KT2 ,Kingston-Upon-Thames,1970749,1,0.7493395073646782,YES,BAKERY_CAFE,,"The business is a micro bakery operating from a home kitchen, offering a weekly changing menu of sourdough bread, bagels, focaccia, and sweet treats for collection.",,FP_EXCLUSION,NON_BAKERY,Insufficient evidence behind this establishment,
1095,Maria's Cake Boutique,maria s cake boutique,Retailers - other,,RM10,Barking and Dagenham,1197128,1,0.7180391912022118,YES,CORE_BAKERY,,"""Maria's Cake Boutique"" (also ""Maria's Bake Shop"") operates as a home bakery offering bespoke celebration cakes, cookies, brownies, and crucially, sourdough bread. The inclusion of sourdough bread as a core offering, alongside other baked goods, indicates a bakery-led specialism beyond just celebration cakes.",,FP_EXCLUSION,NON_BAKERY,Current evidence meets an explicit exclusion criterion.,
1314,New mixed blessings bakery,new mixed blessings bakery,Manufacturers/packers,"12-14, Camberwell Road, London",SE5 0EN,Southwark,665600,1,0.6560552606114222,YES,CORE_BAKERY,NOT_BAKERY,"Mixed Blessings Bakery at 12-14 Camberwell Road, London, SE5 0EN, is described as a Caribbean-inspired bakery focusing on hard dough bread, patties, and various cakes. This indicates a bakery-led specialism with a stable, customer-facing retail location.",Inactive,FP_V2_MANUAL_NOT_BAKERY,NON_BAKERY,,
1482,CAKE BOX CAMDEN,cake box camden,Takeaway/sandwich shop,"88 Parkway, London",NW1 7AN,Camden,1813654,1,0.6058608365962631,YES,CORE_BAKERY,,"Cake Box Camden is a physical shop offering a variety of cakes, cupcakes, and celebration treats, specializing in egg-free products.",,FP_CORE_SPECIALISED_PRODUCT,NON_BAKERY,This is a cake-only boutique,
1511,Baked By Steph,baked by steph,Retailers - other,"258 Paradise Row, London",E2 9LE,Tower Hamlets,1285428,1,0.5953016869982063,YES,CORE_BAKERY,,"Baked By Steph operates from a stable, customer-facing retail location at 258 Paradise Row, London, E2 9LE. Their website and social media clearly indicate their principal identity is bakery-led, specializing in cakes, macarons, and cookies.",,FP_CORE_SPECIALISED_PRODUCT,NON_BAKERY,Delivery only,https://bakedbysteph.co.uk/
1703,The Bakers Of Ealing,the bakers of ealing,Manufacturers/packers,"27 New Broadway, Ealing",W5 5AW,Ealing,1021491,1,0.541223961305656,YES,CORE_BAKERY,BAKERY,"The Bakers Of Ealing is an independent family-run bakery specializing in fresh cream and birthday cakes, operating from a stable, customer-facing retail location.",There is sufficient evidence to show that it is serving mainly homemade baked goods,FP_CORE_SPECIALISED_PRODUCT,CORE_BAKERY,They sell a variety of baked goods alongside cakes,https://www.thebakersofealing.com/
1781,La Vo Patisserie,la vo patisserie,Retailers - other,"The Glades Shopping Centre High Street, Bromley",BR1 1DN,Bromley,1659947,1,0.5181797504175795,YES,CORE_BAKERY,NOT_BAKERY,"La Vo Patisserie is a cake shop and French patisserie with a stable customer-facing retail location in The Glades Shopping Centre, Bromley, offering handcrafted cakes, macarons, and celebration patisseries.",Agree with AI,FP_V2_MANUAL_NOT_BAKERY,NON_BAKERY,,
1848,GreedyCow Bakes,greedycow bakes,Manufacturers/packers,"395 Hackney Road, London",E2 8PP,Tower Hamlets,1570321,1,0.4994865786512896,YES,CORE_BAKERY,BAKERY,"GreedyCow Bakes is a brick-and-mortar bakery specializing in Korean Milk Doughnuts and other artisan baked goods, operating from a stable, customer-facing retail location.",Agree with AI,FP_CORE_SPECIALISED_PRODUCT,CORE_BAKERY,They sell a variety of baked goods alongside doughnuts,https://www.instagram.com/greedycowbakes/?hl=en
1874,Naan House Ltd,naan house ltd,Manufacturers/packers,"24 Morden Court Parade London Road, Morden, Merton",SM4 5HJ,Merton,1241867,1,0.4927535187926488,YES,CORE_BAKERY,NOT_BAKERY,"Registered for both manufacture and retail sale of bread, fresh pastry goods, and cakes, indicating a bakery-led specialism.",Events cateering,FP_V2_MANUAL_NOT_BAKERY,NON_BAKERY,,
1896,Bake Station,bake station,Manufacturers/packers,"245 Oldfield Lane North, Greenford",UB6 8PP,Ealing,1203131,1,0.4866816306546655,YES,CORE_BAKERY,NOT_BAKERY,"Bake Station at 245 Oldfield Lane North, Greenford, is identified as a bakery with customer reviews confirming it as a retail location.",Not a big enough bakery focus,FP_V2_MANUAL_NOT_BAKERY,NON_BAKERY,,
1910,Ourbread EastSheen Microbakery,ourbread eastsheen microbakery,Other catering premises,,SW14,Richmond-Upon-Thames,1575294,1,0.4817094407011035,YES,CORE_BAKERY,,"Microbakery operating from a private address with an online shop for pick-up and local delivery of sourdough bread, strudel, and cakes.",,FP_EXCLUSION,NON_BAKERY,This is a home bakery,https://www.eastsheenmicrobakery.co.uk/
1919,Louis's Bakes,louis s bakes,Restaurant/Cafe/Canteen,,SW11,Wandsworth,1927634,1,0.4793536795979292,YES,CORE_BAKERY,,"Louis's Bakes operates as a bakery selling cookies, focaccia, and other baked goods from a stable, customer-facing retail location.",,FP_CORE_SPECIALISED_PRODUCT,NON_BAKERY,This is a home bakery,https://www.instagram.com/louissbakes/
2116,Punk Cake,punk cake,Retailers - other,"35 Topsfield Parade, Tottenham Lane, Hornsey, London",N8 8PT,Haringey,1517548,1,0.4230338559064968,YES,CORE_BAKERY,,"Operates from a stable customer-facing retail location and specialises in a range of cakes, cupcakes, cookies, and profiteroles, indicating a bakery-led identity.",,FP_CORE_SPECIALISED_PRODUCT,CORE_BAKERY,There is a mix of cakes and other bakes,https://punkcake.rocks/?srsltid=AfmBOorYgoFOENmD9CQzeEl3mOti7F0Y_1mX9frpnsGr-qr5HbDuujGW
2180,Kabul Bazar & Bakery,kabul bazar and bakery,Retailers - other,760 High Road London,N12 9QH,Barnet,1805724,1,0.4049405569757361,YES,GROCER_BAKERY,NOT_BAKERY,"Identified as a retailer with a dedicated bakery section, selling bread, cakes, and flour confectionery.",Does not resemble a traditional bakery,FP_V2_MANUAL_NOT_BAKERY,NON_BAKERY,,
2346,Premier Bakes,premier bakes,Retailers - other,"Premier Cakes, 8 Market Way, London",E14 6AH,Tower Hamlets,82586,2,0.3672676895558967,YES,CORE_BAKERY,,"Described as an ""amazing bakery shop"" with a variety of baked foods, including custom cakes, and operates from a fixed market stall.",,FP_CORE_SPECIALISED_PRODUCT,CORE_BAKERY,Agree with AI,https://www.instagram.com/premier_bakes/?hl=en
2462,Arya Market & Bakery,arya market and bakery,Retailers - supermarkets/hypermarkets,"29 Station Road, Harrow",HA1 2UA,Harrow,879393,1,0.336093007489453,YES,GROCER_BAKERY,NOT_BAKERY,Arya Market & Bakery is identified as a supermarket/hypermarket and its name suggests it has a bakery.,Insufficient evidence for this business,FP_V2_MANUAL_NOT_BAKERY,NON_BAKERY,,
2469,Jamaica Spice Bakery Ltd,jamaica spice bakery ltd,Other catering premises,"407 Coldharbour Lane, London",SW9 8LQ,Lambeth,1701791,1,0.332999537994661,YES,CORE_BAKERY,NOT_BAKERY,"""Jamaica Spice Bakery Ltd"" is registered at the provided address, and reviews for ""Spice & Nice Bakery"" at a similar address indicate it is a bakery/takeaway with freshly baked cakes and patties.",Mainly a carribean food store selling only patties as their single baked good,FP_V2_MANUAL_NOT_BAKERY,NON_BAKERY,,
2474,So Local Retail Ltd,so local retail ltd,Retailers - other,"175 MARE STREET, Hackney, London",E8 3RH,Hackney,1299367,1,0.3315728243174315,YES,GROCER_BAKERY,NOT_BAKERY,"""So Local Retail Ltd"" is classified as ""Retailers - other"" and its address history indicates a retail operation. Without further information on the specific offerings at this location, it is assumed to be a general food retailer.",Convenience store,FP_V2_MANUAL_NOT_BAKERY; FP_GROCER_WEAK_EVIDENCE,NON_BAKERY,,
2502,Akshar Mini Market Ltd,akshar mini market ltd,Retailers - other,"235 Plashet Road, Plaistow, London",E13 0QU,Newham,1685470,1,0.3252018161427013,YES,GROCER_BAKERY,,"""Akshar Mini Market Ltd"" is a mini-market/convenience store. While there is no explicit mention of an in-store bakery, as a general food retailer, it is plausible it has some bakery provision. However, without affirmative evidence of *substantial* bakery provision, it cannot be classified as GROCER_BAKERY.",,FP_GROCER_WEAK_EVIDENCE,NON_BAKERY,There is no evidence of baked goods being sold here,
2584,GONI'S STORE LTD,goni s store ltd,Retailers - other,"Goni's Store, 12 Ashfield Parade, LONDON",N14 5AB,Enfield,1959063,1,0.3048783035194592,YES,GROCER_BAKERY,,"Goni's Store Ltd is a retailer with food, beverages, or tobacco predominating, and while specific bakery provision at this location isn't detailed, its business type suggests it could be a grocer.",,FP_GROCER_WEAK_EVIDENCE,NON_BAKERY,There is insufficient evidence of baked goods being provided at this location,https://www.instagram.com/gonisstorelondon/?hl=en
2896,Bread & Breakfast,bread and breakfast,Restaurant/Cafe/Canteen,"5 Camborne Avenue, Romford",RM3 8RH,Havering,1040949,1,0.2463022827502533,YES,BAKERY_CAFE,,"A cafe known for its all-day breakfast offerings, cafe-style dishes, and also provides takeaway services.",,FP_CAFE_WEAK_EVIDENCE,NON_BAKERY,There is no evidence of baked goods being provided here from the menu,https://www.instagram.com/breadand.breakfast/
2910,Nirala Sweets,nirala sweets,Retailers - other,"316 High Street North, Manor Park, London",E12 6SA,Newham,640962,4,0.2432671945347958,YES,CORE_BAKERY,,Established sweet shop with a dedicated bakery section and celebration cakes.,,FP_CORE_SPECIALISED_PRODUCT,CORE_BAKERY,,
2999,Amelia's Kitchen & Bakehouse,amelia s kitchen and bakehouse,Restaurant/Cafe/Canteen,"The Hatch 92a Balham High Road, London, Wandsworth",SW12 9AG,Wandsworth,1877792,1,0.2299732441103083,YES,BAKERY_CAFE,NOT_BAKERY,"Operates as a cafe and bakehouse, offering baking classes and sourdough for delivery/collection, indicating a substantial bakery offering.",Bakery school,FP_V2_MANUAL_NOT_BAKERY,NON_BAKERY,,
3002,Praan Sweets Whitechapel,praan sweets whitechapel,Restaurant/Cafe/Canteen,"41a Vallance Road, London",E1 5AB,Tower Hamlets,1846843,1,0.2296042403203361,YES,BAKERY_CAFE,,"Described as a sweet shop and dessert shop with hot food and drinks, offering a variety of traditional sweets and some savoury items.",,FP_CAFE_WEAK_EVIDENCE,BAKERY_CAFE,There is sufficient evidence of a range of baked goods being sold alongside sweets,https://pransweetswhitechapel.com/
3026,Salamis Patisserie,salamis patisserie,Manufacturers/packers,"Units 21b To 21c, Peacock Industrial Estate, White Hart Lane, Tottenham",N17 8DT,Haringey,1533251,1,0.2259677786527516,YES,CORE_BAKERY,NOT_BAKERY,"Salamis Patisserie is a manufacturer and wholesaler of cakes and pastries, with a clear focus on bakery products.",Agree with AI,FP_V2_MANUAL_NOT_BAKERY,NON_BAKERY,,
3197,Grain & Dough,grain and dough,Takeaway/sandwich shop,"Unit 229 Building B, Kingspark Business Centre, 152 - 178 Kingston Road, New Malden",KT3 3ST,Kingston-Upon-Thames,1929980,1,0.2031155770884669,YES,BAKERY_CAFE,NOT_BAKERY,"Grain & Dough offers ""Manakesh"" (freshly baked flatbreads) and a variety of other dishes, indicating a cafe operation with substantial baked goods.",Mainly a restaurant,FP_V2_MANUAL_NOT_BAKERY,NON_BAKERY,,
3243,Kay's Local Ltd,kay s local ltd,Retailers - other,"Kay's Local Ltd, 15 Swaton Road, London",E3 4ES,Tower Hamlets,41177,1,0.1980032354699218,YES,GROCER_BAKERY,,"Kay's Local Ltd is a Kosher supermarket that underwent a revamp to maximize retail sales area and incorporate new product ranges, implying a substantial food retail operation. While not explicitly stating ""bakery,"" a supermarket of this nature is likely to have substantial bakery provision.",,FP_GROCER_WEAK_EVIDENCE,NON_BAKERY,There is insufficient evidence of baked goods at this location,
3250,TVS Retail Ltd (Londis),tvs retail ltd londis,Retailers - other,"Londis, 114 Ardgowan Road, London",SE6 1UU,Lewisham,1599436,1,0.1969750806953006,YES,GROCER_BAKERY,,"Londis is a convenience store, and as a chain, it is highly likely to have a substantial bakery provision.",,FP_GROCER_WEAK_EVIDENCE,NON_BAKERY,There is insufficient evidence of baked goods at this location,
3502,Grainmill Ltd,grainmill ltd,Retailers - other,"822 - 824 London Road, Thornton Heath",CR7 7PA,Croydon,7030,1,0.1713731801723391,YES,GROCER_BAKERY,,"Grainmill Ltd is identified as a grocer/convenience store selling Gujarati foods and fresh vegetables. While not explicitly stated as having an in-store bakery, the nature of a grocer with a wide range of food products makes substantial bakery provision plausible.",,FP_GROCER_WEAK_EVIDENCE,NON_BAKERY,There is insufficient evidence of baked goods at this location,https://share.google/BtCZTqxVFY12SxlSg
3504,Aruloli ltd,aruloli ltd,Retailers - other,"18 Green Wrythe Lane, Carshalton",SM5 2DW,Sutton,1827412,1,0.1710996683600134,YES,GROCER_BAKERY,,"Aruloli Ltd is a retail trade business in non-specialised stores with food, beverages, or tobacco predominating, and also operates as a Post Office. This indicates a general food retailer where substantial bakery provision is plausible.",,FP_GROCER_WEAK_EVIDENCE,NON_BAKERY,There is insufficient evidence of baked goods at this location,https://share.google/4MWuScSiWzR09jXca
3692,Finsbury Local Ltd,finsbury local ltd,Retailers - other,"30 Stroud Green Road, Hornsey, London",N4 3EA,Haringey,815898,1,0.1544341035470075,YES,GROCER_BAKERY,,"This address is a Sainsbury's Local, which is a general food retailer. While the company Finsbury Local Ltd is listed at a different registered office, the FHRS entry is for the Sainsbury's Local at the supplied address. Sainsbury's Local stores typically have a substantial bakery provision.",,FP_GROCER_WEAK_EVIDENCE,NON_BAKERY,There is insufficient evidence of baked goods at this location,https://share.google/E8tRHihrdpW5YVxMY
3703,Dyballs newsagents (sr traders),dyballs newsagents sr traders,Retailers - other,"103, Abbey Street, London",SE1 3NP,Southwark,714791,1,0.1534658884898975,YES,GROCER_BAKERY,,This is a newsagent and convenience store that is likely to sell a substantial range of baked goods.,,FP_GROCER_WEAK_EVIDENCE,NON_BAKERY,There is insufficient evidence of baked goods at this location,
3707,Goldcake,goldcake,Restaurant/Cafe/Canteen,,BR1 ,Bromley,1455689,1,0.1530562118452233,YES,CORE_BAKERY,,Fixed specialist cake and cupcake bakery with customer-facing retail at the supplied location.,,FP_CORE_SPECIALISED_PRODUCT,NON_BAKERY,Insufficient evidence behind this establishment,
3741,Abyham Food & Wine Ltd,abyham food and wine ltd,Retailers - other,"14 Kew Green, Kew, Richmond Upon Thames",TW9 3BH,Richmond-Upon-Thames,1574464,1,0.150874065815801,YES,GROCER_BAKERY,,"Abyham Food & Wine Ltd is a convenience store that also operates as an InPost shop and FedEx shipping location, and while it sells food and wine, there is no affirmative evidence of substantial bakery provision.",,FP_GROCER_WEAK_EVIDENCE,NON_BAKERY,There is insufficient evidence of baked goods at this location,https://share.google/abALnfXtwuycPSCSL
3764,K J Food and Wine Ltd,k j food and wine ltd,Retailers - other,"2 Addison Avenue, LONDON",W11 4QR,Kensington and Chelsea,730738,1,0.149630408740993,YES,GROCER_BAKERY,,"K J Food and Wine Ltd is a retailer of food and wine, and based on its business type ""Retailers - other"" it is likely to sell a range of groceries, which could include substantial bakery provision.",,FP_GROCER_WEAK_EVIDENCE,NON_BAKERY,There is insufficient evidence of baked goods at this location,https://share.google/aXCiTVOQMBAZfdLQs
3848,The Bakineer,the bakineer,Other catering premises,,E12 ,Newham,1281545,1,0.1454353509210618,YES,CORE_BAKERY,,"The Bakineer website and delivery platforms show a primary focus on baked goods like cookies, brownies, blondies, and cinnamon buns, operating from a stable retail location.",,FP_CORE_SPECIALISED_PRODUCT,CORE_BAKERY,Agree with AI,https://thebakineer.com/
3936,New Home Sweet Home,new home sweet home,Retailers - other,"2 - 3 The Parade, Mead Place, Croydon",CR0 3SQ,Croydon,1847762,1,0.1403587631345638,YES,GROCER_BAKERY,,"New Home Sweet Home is an African grocery store that offers a wide range of African products, which may include some baked goods as part of a general food retail offering.",,FP_GROCER_WEAK_EVIDENCE,NON_BAKERY,There is insufficient evidence of baked goods at this location,https://hsh2.co.uk/
3964,Rose Lane Convenience Ltd,rose lane convenience ltd,Retailers - other,"117 Rose Lane, Chadwell Heath",RM6 5NR,Barking and Dagenham,1084596,1,0.1388984573789878,YES,GROCER_BAKERY,,"Rose Lane Convenience Ltd is identified as a convenience store and Post Office. While it is a general food retailer, there is no affirmative evidence of substantial bakery provision at this location beyond selling typical baked goods found in a convenience store. Therefore, it is classified as a grocer, but not a GROCER_BAKERY.",,FP_GROCER_WEAK_EVIDENCE,NON_BAKERY,There is insufficient evidence of baked goods at this location,https://share.google/QtpNskRk6dERjZJf5
3970,Camberwell mart ltd,camberwell mart ltd,Retailers - other,"221-223, Camberwell New Road, London",SE5 0TJ,Southwark,1707092,1,0.1385148888367267,YES,GROCER_BAKERY,,"Camberwell Mart Ltd at 221-223 Camberwell New Road appears to be a convenience store or general retailer, and a nearby Co-op at 177-183 Camberwell New Road offers an in-store bakery. However, there is no affirmative evidence that Camberwell Mart Ltd itself has a substantial bakery provision.",,FP_GROCER_WEAK_EVIDENCE; FP_INCONCLUSIVE_LOCATION,NON_BAKERY,There is insufficient evidence of baked goods at this location,https://share.google/m3GbhIoQC39yI8sds
4000,Caloroso Bakery / Pizza,caloroso bakery pizza,Takeaway/sandwich shop,"Unit 8, Alpine Business Centre, Eastbury Road, Beckton",E6 6LP,Newham,1776434,1,0.1368059965162888,YES,BAKERY_CAFE,NOT_BAKERY,"Caloroso Bakery / Pizza offers handmade filo pastry pies with various fillings and also serves pizza, indicating a customer-facing food service with substantial bakery goods.",Agree with AI,FP_V2_MANUAL_NOT_BAKERY,NON_BAKERY,,
4203,Steves Mini Market Ltd,steves mini market ltd,Retailers - other,"457 Becontree Avenue, Dagenham",RM8 3UL,Barking and Dagenham,116947,1,0.1277140509184445,YES,GROCER_BAKERY,,"Steves Mini Market Ltd is identified as a convenience store and grocer. There is no specific evidence of a dedicated in-store bakery or substantial fresh bakery range, but as a general food retailer, it likely sells baked goods as part of its grocery offering.",,FP_GROCER_WEAK_EVIDENCE,NON_BAKERY,There is insufficient evidence of baked goods at this location,
4298,Maison Nari (HCA),maison nari hca,Other catering premises,,N1 1,Islington,1782527,1,0.1237731347244159,YES,CORE_BAKERY,,"Maison Nari is an artisan baker specializing in Madeleines, operating from a home kitchen with customer collection and delivery.",,FP_EXCLUSION,NON_BAKERY,This is a home bakery,https://www.instagram.com/maisonnaribakery/
4424,TinTin's Treat,tintin s treat,Retailers - other,,HA3 ,Harrow,1770723,1,0.1187739058743854,YES,CORE_BAKERY,,"TinTin's Treat specializes in freshly baked Puff Puff, Brownies, and Cookie Bars, operating as a bakery with a collection point.",,FP_CORE_SPECIALISED_PRODUCT,NON_BAKERY,This is mostly a delivery business,https://www.tintinstreat.co.uk/
4452,Suceava,suceava,Retailers - other,"211 High Road, Harrow",HA3 5EE,Harrow,1630907,1,0.1176737899017388,YES,GROCER_BAKERY,,"Suceava is identified as ""SUCEAVA GROCERY LTD"" at the supplied address. This indicates it is a grocer. Without further information about the specific bakery provision at this location, it is assumed to be a grocer with a substantial bakery offering.",,FP_GROCER_WEAK_EVIDENCE,NON_BAKERY,There is no evidence of baked goods at this establishment,https://www.instagram.com/magazin_suceava/
4466,Doughnuts & Crepes,doughnuts and crepes,Takeaway/sandwich shop,"Outside Tower Hill Station, 38 Trinity Square, London",EC3N 4DJ,Tower Hamlets,1543843,1,0.1171407304223022,YES,CORE_BAKERY,NOT_BAKERY,"Doughnuts & Crepes at Outside Tower Hill Station, 38 Trinity Square, London, EC3N 4DJ is a takeaway/sandwich shop. While the name suggests a single product focus, a similar business, ""Bombolone,"" an Italian-inspired doughnut café in Central London, is described as a bakery that makes and hand-fills brioche-style doughnuts daily. Given the specific nature of ""Doughnuts & Crepes"" and the precedent of similar specialist doughnut businesses qualifying as bakeries, this establishment is likely a specialist bakery. The location is a fixed kiosk/stall outside a station, which counts as a stable customer-facing retail location.",Insufficient physical evidence for this business,FP_V2_MANUAL_NOT_BAKERY; FP_CORE_SPECIALISED_PRODUCT; FP_INCONCLUSIVE_LOCATION,NON_BAKERY,,
4472,Happy Shoppers Ltd,happy shoppers ltd,Retailers - other,"Shop, 33-35 New Park Road, London",SW2 4DU,Lambeth,557731,1,0.1169602786095534,YES,GROCER_BAKERY,,"Happy Shoppers Ltd is identified as a supermarket/convenience store. While specific bakery provision isn't detailed, as a general food retailer of this type, it's highly probable to have substantial bakery offerings.",,FP_GROCER_WEAK_EVIDENCE,NON_BAKERY,There is no evidence of baked goods at this establishment,https://share.google/YYJhISOheU3CttKLC
4493,Crumbs & Doilies,crumbs and doilies,Restaurant/Cafe/Canteen,"1 KINGLY COURT, LONDON",W1B 5PW,Westminster,761276,1,0.1162643820663922,YES,CORE_BAKERY,,"Crumbs & Doilies is a bakery with a stable, customer-facing retail location in Kingly Court, specializing in cakes, cupcakes, brownies, and cookies, which are baked fresh on-site.",,FP_CORE_SPECIALISED_PRODUCT,CORE_BAKERY,There is sufficient evidence of a range of baked goods being sold alongside sweets,https://share.google/NUZu6Fxk3qKtpy8lD
4577,Payava Limited (Ground Floor),payava limited ground floor,Retailers - other,"53A Expressway Studios, North Woolwich Road, Silvertown, London",E16 2AA,Newham,1735768,1,0.1130823986919248,YES,CORE_BAKERY,,"Specialises in bespoke printed biscuits, cakes, cookies, brownies, and desserts with a customer-facing retail location for self-pickup.",,FP_CORE_SPECIALISED_PRODUCT,NON_BAKERY,This is a delivery only bakery that also has workshops in person,https://www.instagram.com/payava.co.uk/
4866,Mr. Flavour Ltd,mr flavour ltd,Takeaway/sandwich shop,"Swiss Cottage Market, Eton Avenue, London",NW33EP,Camden,1775467,1,0.1027579123828145,YES,BAKERY_CAFE,NOT_BAKERY,"Mr. Flavour Ltd operates as a takeaway/sandwich shop at Swiss Cottage Market, which is a farmers' market known to have stalls selling bread and cakes.",Insufficient physical evidence for this business,FP_V2_MANUAL_NOT_BAKERY,NON_BAKERY,,
4869,Guleryuz Market Ltd,guleryuz market ltd,Retailers - other,"54 Monmouth Road, LONDON",N9 0LR,Enfield,1204487,1,0.1027081456065084,YES,GROCER_BAKERY,,Identified as a grocery/off-licence with no evidence of substantial bakery provision.,,FP_GROCER_WEAK_EVIDENCE,NON_BAKERY,There is no evidence of baked goods being sold here,https://share.google/7h6zrWGVN901M6MeA
4898,The Maharaja Sweets & Savoury,the maharaja sweets and savoury,Restaurant/Cafe/Canteen,"66 North Road, Southall",UB1 2JL,Ealing,1108951,1,0.1017683141699577,YES,BAKERY_CAFE,,"The Maharaja Sweets & Savoury is a vegetarian restaurant offering a substantial range of Indian sweets and savouries, including jalebi, halwa, paratha, and puri, available for dine-in, takeaway, and delivery.",,FP_CAFE_WEAK_EVIDENCE,NON_BAKERY,This is mainly an indian breakfast establishment with only one bread product,https://share.google/NCT3foPVfQXBJYUJI
4922,Simply Fresh And More Ltd,simply fresh and more ltd,Retailers - other,"13 Leigham Hall Parade, Streatham High Road, London",SW16 1DR,Lambeth,1770372,1,0.1009679188126985,YES,GROCER_BAKERY,NOT_BAKERY,"Simply Fresh And More Ltd is a retailer (likely a convenience store or grocer) with an FHRS type of ""Retailers - other"". While specific bakery evidence for this location is limited, ""Simply Fresh"" is a known grocery brand, and the Just Eat menu for this location lists ""Groceries"" as a category, implying a retail food offering where substantial bakery provision is plausible.",Convenience store,FP_V2_MANUAL_NOT_BAKERY; FP_GROCER_WEAK_EVIDENCE,NON_BAKERY,,
4940,MY VILLAGE LTD,my village ltd,Retailers - other,"My Village Ltd, 112 Lewisham High Street, London",SE13 6JG,Lewisham,1857803,1,0.1004862399153256,YES,GROCER_BAKERY,NOT_BAKERY,"MY VILLAGE LTD is registered with a nature of business that includes ""Retail sale of bread, cakes, flour confectionery and sugar confectionery in specialised stores"" at the supplied address.",Convenience store,FP_V2_MANUAL_NOT_BAKERY,NON_BAKERY,,
5009,Rustic Shop Costan Ltd,rustic shop costan ltd,Retailers - other,"281 High Road Leytonstone, Leytonstone, London",E11 4HH,Waltham Forest,1048692,1,0.0985460751454176,YES,GROCER_BAKERY,NOT_BAKERY,"Rustic Shop is a Romanian grocery store that also offers patisserie, cofetarie (confectionery), and catering, indicating substantial bakery provision.",Mainly serves as a deli,FP_V2_MANUAL_NOT_BAKERY,NON_BAKERY,,
5110,Tesco Stores Limited,tesco stores limited,Retailers - other,"41-45 STRUTTON GROUND, LONDON",SW1P 2HY,Westminster,1496920,18,0.0955737360478538,YES,GROCER_BAKERY,,Tesco Stores Limited at this location is a Tesco Express supermarket. Supermarkets can qualify as GROCER_BAKERY if there is affirmative evidence of substantial bakery provision. Tesco Express stores typically have a fresh bakery range.,,FP_GROCER_WEAK_EVIDENCE,NON_BAKERY,This is a tesco express and unlikely to have an instore bakery,https://share.google/Mjjt3TAtxQIOSu8Ac
5153,Mori Homemade London,mori homemade london,Restaurant/Cafe/Canteen,"Mori Homemade London, Ground Floor, 343 Caledonian Road, London",N1 1DW,Islington,1881792,1,0.09421894709775,YES,BAKERY_CAFE,BAKERY,"Mori Homemade London operates as a cafe and hosts events. While the name includes ""Homemade,"" and events mention ""homemade treats,"" there is no affirmative evidence of substantial and persistent bakery provision beyond general cafe offerings. However, one search result mentions the owner stating they will be doing crepes in the future, which could indicate a move towards more baked goods. Given the ""homemade treats"" and the cafe setting, it's more likely to be a BAKERY_CAFE than a NON_BAKERY, assuming these treats are a substantial part of their offering.",There is sufficient evidence that it is serving baked goods,FP_CAFE_WEAK_EVIDENCE,BAKERY_CAFE,There is sufficient evidence of a range of baked goods being sold alongside sweets,https://share.google/OT7kyWjuad3AsyeMf
5182,Bakers Arms Food Centre,bakers arms food centre,Retailers - other,"790 High Road Leyton, Leyton, London",E10 6AE,Waltham Forest,690016,1,0.0932615332405561,YES,GROCER_BAKERY,NOT_BAKERY,"Identified as a convenience store with ""Bakers Arms Food Centre"" in its name, suggesting substantial bakery provision.",Agree with AI,FP_V2_MANUAL_NOT_BAKERY,NON_BAKERY,,
5230,Breuer & Spitzer Ltd,breuer and spitzer ltd,Retailers - other,"101 DUNSMURE ROAD, Hackney, London",N16 5HT,Hackney,468768,1,0.0917629304326661,YES,GROCER_BAKERY,,"This establishment is listed as a ""Retailers - other"" and ""Grocer"" in Hackney. While specific bakery details are not explicitly stated, the classification as a grocer suggests it could have substantial bakery provision.",,FP_GROCER_WEAK_EVIDENCE,NON_BAKERY,There is insufficient evidence of baked goods at this location,https://share.google/TTBflldFvUuKjkM9E
5270,Midnight Pantry,midnight pantry,Restaurant/Cafe/Canteen,,SW19,Merton,1436607,3,0.0908992368829621,YES,CORE_BAKERY,,Micro bakery specializing in cookies and other baked goods with a physical retail location.,,FP_CORE_SPECIALISED_PRODUCT,NON_BAKERY,This establishment only sells cookies,https://www.midnightpantry.co.uk/
5312,Martins Newsagent,martins newsagent,Retailers - other,"119 Godwin Road, Forest Gate, London",E7 0LW,Newham,860744,1,0.0899295821323627,YES,GROCER_BAKERY,,"Martins Newsagent is a newsagent and general retailer. While it sells various household supplies, there is no affirmative evidence of a substantial bakery provision at this location.",,FP_GROCER_WEAK_EVIDENCE,NON_BAKERY,There is insufficient evidence of baked goods at this location,https://share.google/jM9D7fqYMput2HuQx
5361,Cromwell Superstore Ltd,cromwell superstore ltd,Retailers - other,"82 Cromwell Road, Hounslow",TW3 3QJ,Hounslow,490897,1,0.0889266285813135,YES,GROCER_BAKERY,,"Identified as a supermarket, which typically includes substantial bakery provision.",,FP_GROCER_WEAK_EVIDENCE,NON_BAKERY,There is insufficient evidence of baked goods at this location,https://share.google/h171vDDsRo4JJUvZh
5471,Barkingside Food Store Ltd,barkingside food store ltd,Retailers - other,"64 High Street, Barkingside",IG6 2DJ,Redbridge,443646,1,0.0866500859696269,YES,GROCER_BAKERY,,"""Barkingside Food Store Ltd"" is identified as a convenience store/food retailer. While specific bakery provision isn't detailed, its classification as a ""Food Store"" and ""Retailers - other"" suggests it likely offers a range of food products, including some baked goods. Without affirmative evidence of a substantial bakery, it's classified as a grocer.",,FP_GROCER_WEAK_EVIDENCE,NON_BAKERY,There is insufficient evidence of baked goods at this location,https://share.google/W8QbTLLJ2Jt4RYXuF
5518,Mann Traders,mann traders,Retailers - other,"1 Shelson Parade, Ashford Road, Feltham",TW13 4QZ,Hounslow,491148,1,0.0856307989755844,YES,GROCER_BAKERY,,"Convenience store with an InPost locker, suggesting a general retail operation that may include substantial bakery provision.",,FP_GROCER_WEAK_EVIDENCE,NON_BAKERY,There is insufficient evidence of baked goods at this location,https://share.google/tl2lAcKQ57cJcRL8t
5566,Crumpets,crumpets,Restaurant/Cafe/Canteen,"83 BUCKINGHAM GATE, LONDON",SW1E 6PD,Westminster,412672,1,0.0846241809500747,YES,BAKERY_CAFE,NOT_BAKERY,"Crumpets is identified as a cafe. While the name suggests baked goods, further evidence of a substantial and persistent bakery range on their menu is needed to confirm BAKERY_CAFE. However, given the name and business type, it is more likely a bakery cafe than a non-bakery.",Insufficient evidence that this business sells baked goods,FP_V2_MANUAL_NOT_BAKERY,NON_BAKERY,,
5616,Karma supermarket ltd,karma supermarket ltd,Retailers - other,"57, Southwark Park Road, London",SE16 3TY,Southwark,1526129,1,0.0837887093593735,YES,GROCER_BAKERY,,"Karma Supermarket is a grocery store, and as a supermarket, it is highly likely to have a substantial bakery provision.",,FP_GROCER_WEAK_EVIDENCE,NON_BAKERY,There is insufficient evidence of baked goods at this location,https://share.google/qF7xKnpXWQWkWMAfC
5667,"H.H Ghafoor Ltd - Q26, Q27 & Q28",h h ghafoor ltd q26 q27 and q28,Retailers - other,"Q26, Queens Market, Upton Park, London",E13 9BA,Newham,1737449,1,0.0826106832976316,YES,GROCER_BAKERY,NOT_BAKERY,"H.H Ghafoor Ltd operates within Queen's Market, which is a diverse market known for South Asian and African foodstuffs, implying the sale of fresh produce and potentially baked goods.",Insufficient physical evidence for this business,FP_V2_MANUAL_NOT_BAKERY,NON_BAKERY,,
5714,Stroudley Mini Mart Ltd,stroudley mini mart ltd,Retailers - other,"10 Stroudley Walk, London",E3 3EW,Tower Hamlets,1899104,1,0.0818543535927362,YES,GROCER_BAKERY,,"Convenience store/mini mart. While specific bakery provision isn't detailed, the business type suggests it's a general food retailer.",,FP_GROCER_WEAK_EVIDENCE,NON_BAKERY,There is insufficient evidence of baked goods at this location,https://share.google/BL6xqwnhBhrDobVh1
5855,Teddington Pantry,teddington pantry,Retailers - other,"31 - 33 High Street, Teddington, London, Richmond Upon Thames",TW11 8ET,Richmond-Upon-Thames,1575043,1,0.0784380659768286,YES,GROCER_BAKERY,NOT_BAKERY,"Teddington Pantry is a grocery store that specializes in freshly baked bread and pastries baked daily in-store, alongside other essential and artisan products.",Mainly a convenience store,FP_V2_MANUAL_NOT_BAKERY,NON_BAKERY,,
5872,Minique Atelier,minique atelier,Other catering premises,,N12 ,Barnet,1385068,2,0.0781815820173524,YES,CORE_BAKERY,NOT_BAKERY,"Online shop ""Minique Atelier"" sells homemade sourdough bread and Turkish bagels (simit) as its primary offering, alongside kitchen accessories.",Agree with AI,FP_V2_MANUAL_NOT_BAKERY; FP_EXCLUSION,NON_BAKERY,,
5954,LEGAR FOOD AND WINE LIMITED,legar food and wine limited,Retailers - other,"17 Camden High Street, London",NW1 7JE,Camden,1728460,1,0.0768565793148546,YES,GROCER_BAKERY,,"LEGAR FOOD AND WINE LIMITED is a convenience store/food and wine retailer. While specific bakery provision isn't detailed, its classification as ""Retailers - other"" and the nature of ""Food and Wine"" suggests it likely offers a range of groceries, which could include substantial bakery items.",,FP_GROCER_WEAK_EVIDENCE,NON_BAKERY,No location-specific evidence of bakery provision.,
6039,Union Groceries Ltd,union groceries ltd,Retailers - other,"3 Prince Regent Lane, Plaistow, London",E13 8RH,Newham,737500,1,0.075561068632362,YES,GROCER_BAKERY,,"Union Groceries Ltd is identified as a grocer/convenience store. While specific bakery provision at this exact location isn't detailed, as a general food retailer, it is plausible to have substantial bakery provision.",,FP_GROCER_WEAK_EVIDENCE,NON_BAKERY,No location-specific evidence of bakery provision.,
6209,Wahaya Ltd,wahaya ltd,Retailers - other,"154 Battersea High Street, London, Wandsworth",SW11 3JR,Wandsworth,1572029,1,0.0729496814894585,YES,GROCER_BAKERY,,"Wahaya Ltd at 154 Battersea High Street, SW11 3JR is a food and groceries retailer. While the specific bakery provision is not detailed, it is classified as a grocer.",,FP_GROCER_WEAK_EVIDENCE,NON_BAKERY,No location-specific evidence of bakery provision.,
6210,Auntie Anne's Bexleyheath,auntie anne s bexleyheath,Mobile caterer,"Unit 2, Central Mall, Broadway Shopping Centre, Bexleyheath",DA6 7JN,Bexley,1765005,1,0.0729190790929575,YES,CORE_BAKERY,BAKERY,"Auntie Anne's Bexleyheath is a pretzel bakery located in a shopping centre, operating from a stable, customer-facing retail location and specializing in baked goods.",Agree with AI,FP_CORE_SPECIALISED_PRODUCT,CORE_BAKERY,They sell baked goods aside from pretzels alongside pretzels,
6381,Park Road Stores LTD,park road stores ltd,Retailers - supermarkets/hypermarkets,"306 Park Road, Hornsey, London",N8 8LA,Haringey,1946158,1,0.0703273304958757,YES,GROCER_BAKERY,,"Companies House lists ""Park Road Stores LTD"" as an active private limited company at the supplied address, and FHRS classifies it as a supermarket/hypermarket. While specific bakery evidence for this location is not available, the combination of ""Stores"" in the name and the supermarket classification suggests it is a general food retailer, and it is plausible it has a substantial bakery provision.",,FP_GROCER_WEAK_EVIDENCE,NON_BAKERY,No location-specific evidence of bakery provision.,
6491,Casablanca Cafe & Alauddin Sweets,casablanca cafe and alauddin sweets,Restaurant/Cafe/Canteen,"36 Whitechapel Road, London",E1 1JX,Tower Hamlets,66755,1,0.0686482743491909,YES,BAKERY_CAFE,,"Cafe and sweet shop offering a substantial range of Asian, Arabian, and Turkish sweets, alongside breakfast and lunch options.",,FP_CAFE_WEAK_EVIDENCE,NON_BAKERY,,https://www.ubereats.com/gb/store/casablanca-cafe-%26-alauddin-sweets/PeBwkLEkStOGtxn4LbadWw?srsltid=AfmBOop2P3E5idVudIiHrcYrrsXwO_K6Js0hBoqHJwhtqmTskxlEaDAF
6503,Naeems Minimart Ltd,naeems minimart ltd,Retailers - other,"Unit 3, Heron Place, 4 Bramwell Way, Silvertown",E16 2FJ,Newham,1366495,1,0.0685097020568293,YES,GROCER_BAKERY,,"Minimart (retailer - other) that likely sells a range of food products, including some baked goods.",,FP_GROCER_WEAK_EVIDENCE,NON_BAKERY,No location-specific evidence of bakery provision.,
6509,Akshar News,akshar news,Retailers - other,"49-51 Gaynes Park Road, Upminster",RM14 2HL,Havering,373992,1,0.0684590871148673,YES,GROCER_BAKERY,,"Newsagent (retailer - other) that likely sells a range of convenience food products, including some baked goods.",,FP_GROCER_WEAK_EVIDENCE,NON_BAKERY,No location-specific evidence of bakery provision.,
6528,Retail 24,retail 24,Retailers - other,"24 The Broadway, Wimbledon, Merton",SW19 1RE,Merton,232147,6,0.0682277796503127,YES,GROCER_BAKERY,,"Retail 24 is identified as a convenience store. While specific bakery provision isn't detailed, convenience stores typically sell a range of baked goods, and the ""Retailers - other"" FHRS type aligns with a grocer.",,FP_GROCER_WEAK_EVIDENCE,NON_BAKERY,No location-specific evidence of bakery provision.,
6626,Bonbon Parade,bonbon parade,Other catering premises,,SE25,Croydon,1524460,1,0.066849511235794,YES,CORE_BAKERY,NOT_BAKERY,"Specialist bakery focusing on bespoke cakes, vegan/gluten-free options, and other baked goods like cookies, cupcakes, and scones, operating from a stable location.",Agree with AI,FP_V2_MANUAL_NOT_BAKERY; FP_CORE_SPECIALISED_PRODUCT,NON_BAKERY,,
6664,7 Star Traders,7 star traders,Retailers - other,"24 - 27 Church Lane, Leytonstone, London",E11 1HG,Waltham Forest,947786,1,0.0663629497635522,YES,GROCER_BAKERY,,"7 Star Traders is a 24-hour grocery store with customer reviews specifically mentioning ""double chocolate croissants that are usually sold before I could even get them are amazing and are delicious,"" indicating substantial bakery provision.",,FP_GROCER_WEAK_EVIDENCE,NON_BAKERY,No location-specific evidence of bakery provision.,
6715,Sharon's,sharon s,Retailers - other,"311 - 313 Mitcham Road, Tooting, London, Merton",SW17 9JQ,Merton,745130,1,0.065757086216681,YES,GROCER_BAKERY,,"""Sharon's"" at this address is identified as a supermarket/convenience store. While specific bakery provision isn't detailed, its classification as a general food retailer makes GROCER_BAKERY the most appropriate if substantial bakery provision is assumed for a supermarket.",,FP_GROCER_WEAK_EVIDENCE,NON_BAKERY,No location-specific evidence of bakery provision.,
6791,All Seasons Food & Wine Ltd,all seasons food and wine ltd,Retailers - other,"All Seasons Food & Wine Ltd, 799-801 Commercial Road, London",E14 7HG,Tower Hamlets,40230,1,0.0648768331841436,YES,GROCER_BAKERY,,"""All Seasons Food & Wine Ltd"" is a convenience store/grocery store. There is no affirmative evidence of a substantial bakery provision at this location.",,FP_GROCER_WEAK_EVIDENCE,NON_BAKERY,No location-specific evidence of bakery provision.,
6828,RICARIKO LTD,ricariko ltd,Takeaway/sandwich shop,,NW3 ,Camden,1942055,1,0.0644048418871541,YES,CORE_BAKERY,NOT_BAKERY,"RICARIKO LTD operates as ""Ricariko - Sourdough Focaccia"" in NW3 London, specializing in handcrafted sourdough focaccia with a menu of various focaccia types, indicating a bakery-led identity and customer-facing retail.",Insufficient physical evidence for this business,FP_V2_MANUAL_NOT_BAKERY,NON_BAKERY,,
6842,Cinnabon,cinnabon,Restaurant/Cafe/Canteen,"The Village Offices, Westfield London Shopping Centre, Ariel Way, London",W12 7GF,Hammersmith and Fulham,1676022,1,0.0641976074541452,YES,CORE_BAKERY,,"Cinnabon is a specialist bakery chain primarily focused on cinnamon rolls and other baked goods, operating from a stable, customer-facing retail location within Westfield London Shopping Centre.",,FP_CORE_SPECIALISED_PRODUCT,NON_BAKERY,Permanently closed,
6845,Organic delights,organic delights,Retailers - other,"73, Herne Hill, London",SE24 9NE,Southwark,1518110,1,0.0641379733200876,YES,GROCER_BAKERY,,"Organic Delights at 73 Herne Hill, London, SE24 9NE is described as a local shop well-stocked with fresh fruit and vegetables, and good for organic, vegetarian, and vegan options. While it sells food, there is no affirmative evidence of substantial bakery provision to classify it as a bakery.",,FP_GROCER_WEAK_EVIDENCE,NON_BAKERY,No location-specific evidence of bakery provision.,
6935,Focaccia's,focaccia s,Restaurant/Cafe/Canteen,"54 Warren Street, London",W1T 5NN,Camden,1949655,1,0.0628875618268507,YES,BAKERY_CAFE,NOT_BAKERY,"Operates as a cafe offering a substantial range of baked goods including focaccia, breads, sweet treats, and pizzas, alongside sandwiches, soups, and salads.",Mainly serves as a deli,FP_V2_MANUAL_NOT_BAKERY,NON_BAKERY,,
6975,Tottenham Service Station,tottenham service station,Takeaway/sandwich shop,"311 The Roundway, Tottenham, London",N17 7AB,Haringey,1400580,1,0.0623540277521092,YES,GROCER_BAKERY,,"Identified as a Shell/Esso service station with a Londis convenience store. Londis stores typically offer a range of everyday essentials including top-up grocery items and fresh produce, which can include bakery items.",,FP_GROCER_WEAK_EVIDENCE,NON_BAKERY,No location-specific evidence of bakery provision.,
7216,Hari and co,hari and co,Retailers - other,"2 Northfield Parade, Station Road, Hayes",UB3 4JA,Hillingdon,519097,1,0.0599107427692132,YES,GROCER_BAKERY,,"Hari and co (also known as Hari & Co UK Ltd) is identified as a grocery store or convenience store. There is no specific evidence of a substantial bakery provision at this location, but as a retailer, it is more likely to be a GROCER_BAKERY than a NON_BAKERY if it sells any baked goods. However, without affirmative evidence of substantial bakery provision, it cannot be classified as GROCER_BAKERY. Therefore, it is NON_BAKERY.",,FP_GROCER_WEAK_EVIDENCE,NON_BAKERY,No location-specific evidence of bakery provision.,
7264,Finchley Delight,finchley delight,Retailers - other,210 Ballards Lane London,N3 2NA,Barnet,1842341,1,0.05947645559547,YES,GROCER_BAKERY,,"""Finchley Delight"" is identified as a food and wine shop, which is a type of general food retailer. While specific evidence of a dedicated bakery section or in-store bakery is not explicitly stated, it is described as a ""very well stocked supermarket including meat and fresh Mediterranean vegetables"", suggesting a substantial food retail operation where bakery provision is plausible.",,FP_GROCER_WEAK_EVIDENCE,NON_BAKERY,No location-specific evidence of bakery provision.,
7297,Haji & Sons Ltd,haji and sons ltd,Retailers - other,"65 Sydenham Road, London",SE26 5UA,Lewisham,1598896,1,0.0591546094345621,YES,GROCER_BAKERY,,"Haji & Sons Ltd at 65 Sydenham Road is identified as a grocer and food store, and also a butcher. As a general food retailer, it is likely to have substantial bakery provision.",,FP_GROCER_WEAK_EVIDENCE,NON_BAKERY,No location-specific evidence of bakery provision.,
7329,S R A Food Ltd Trading As Nisa,s r a food ltd trading as nisa,Retailers - other,"266 - 270 Prince Regent Lane, West Beckton, London",E16 3JJ,Newham,785569,1,0.0588023750949754,YES,GROCER_BAKERY,,"Nisa convenience store, which are general food retailers and may have substantial bakery provision.",,FP_GROCER_WEAK_EVIDENCE,NON_BAKERY,No location-specific evidence of bakery provision.,
7369,Harini Superstore Limited,harini superstore limited,Retailers - other,"261 Oldfield Lane North, Greenford",UB6 8PX,Ealing,1753023,1,0.0583989790911935,YES,GROCER_BAKERY,,"Harini Superstore is a general food retailer (supermarket/corner shop) that has applied to extend its opening hours for alcohol and late-night refreshments, indicating a substantial retail operation. While not explicitly stated as having an in-store bakery, its classification as a ""Retailers - other"" and the scale of its operation suggest it could have a substantial bakery provision.",,FP_GROCER_WEAK_EVIDENCE,NON_BAKERY,No location-specific evidence of bakery provision.,
7370,Benji's Buns,benji s buns,Retailers - other,"11 Oak Road, Ealing",W5 3SS,Ealing,1531947,1,0.0583724822146817,YES,CORE_BAKERY,,"Benji's Buns is a dedicated bakery specializing in cinnamon buns, operating from a fixed retail unit. Although it previously offered vegan-only products and has since expanded to include non-vegan savory buns, its principal identity remains bakery-led.",,FP_CORE_SPECIALISED_PRODUCT,NON_BAKERY,Permanently closed,
7440,Asian Supermarket Ltd: T/A Best Food Wine Ltd,asian supermarket ltd t a best food wine ltd,Retailers - other,"2 - 6 Basildon Road, Abbey Wood, Greenwich",,Greenwich,710382,1,0.057658651997703,YES,GROCER_BAKERY,,"Asian Supermarket Ltd: T/A Best Food Wine Ltd is a supermarket that sells groceries and fresh fish, and based on the nature of an Asian supermarket, it is highly likely to have a substantial bakery provision, even if not explicitly stated as an in-store bakery.",,FP_GROCER_WEAK_EVIDENCE,NON_BAKERY,No location-specific evidence of bakery provision.,
7479,My Mini Mix,my mini mix,Retailers - other,"47 High Street, Hounslow",TW3 1RH,Hounslow,747775,4,0.057291142934014,YES,GROCER_BAKERY,,"My Mini Mix is an Eastern European convenience store chain that offers a range of Eastern European food delights, which typically include a variety of baked goods.",,FP_GROCER_WEAK_EVIDENCE,NON_BAKERY,No location-specific evidence of bakery provision.,
7636,Londis - E & L (UK) Limited,londis e and l uk limited,Retailers - other,"4 - 6 Constance Street, North Woolwich, London",E16 2DQ,Newham,864051,1,0.0557238921831995,YES,GROCER_BAKERY,,"Londis is a chain of convenience stores. While the general Londis website mentions ""bread, milk, eggs, groceries, fruit and vegetables"" and a ""hot food section"", without specific evidence for this particular branch having a substantial in-store bakery, it is classified as GROCER_BAKERY due to being a general food retailer that would typically stock a broad range of baked goods.",,FP_GROCER_WEAK_EVIDENCE,NON_BAKERY,No location-specific evidence of bakery provision.,
7642,Magazin Romanesc Food 4 Less,magazin romanesc food 4 less,Retailers - other,"355 Lea Bridge Road, Leyton, London",E10 7LA,Waltham Forest,1017847,1,0.0556810955889994,YES,GROCER_BAKERY,,"Identified as a Romanian food store, which are typically grocers, and social media mentions a variety of traditional Romanian products.",,FP_GROCER_WEAK_EVIDENCE,NON_BAKERY,No location-specific evidence of bakery provision.,
7678,London Food Store Limited,london food store limited,Retailers - supermarkets/hypermarkets,"44A Park Parade, London",NW10 4JD,Brent,532433,1,0.0553710800551753,YES,GROCER_BAKERY,,"London Food Store Limited is classified as a supermarket/hypermarket, and as a general food retailer, it is likely to have substantial bakery provision.",,FP_GROCER_WEAK_EVIDENCE,NON_BAKERY,No location-specific evidence of bakery provision.,
7862,Bobby Food & Wine Ltd,bobby food and wine ltd,Retailers - other,"26 Fauconberg Road, Chiswick",W4 3JY,Hounslow,490657,1,0.0538818991813564,YES,GROCER_BAKERY,,"Bobby Food & Wine Ltd is identified as a retailer/grocer. While the FHRS type is ""Retailers - other"", there is no affirmative evidence of substantial bakery provision at this location. The company's registered office address changed in February 2022, but the FHRS listing is for the original address.",,FP_GROCER_WEAK_EVIDENCE,NON_BAKERY,No location-specific evidence of bakery provision.,
8062,Pure Flourish At Stella's Emporium,pure flourish at stella s emporium,Distributors/Transporters,"1B The Parade, Coulsdon Road, Coulsdon",CR5 1EH,Croydon,1668787,1,0.052158811482511,YES,GROCER_BAKERY,NOT_BAKERY,"Pure Flourish At Stella's Emporium is a Greek/Cypriot deli and gift shop that sells a variety of authentic goods and delicacies, including baklava and orange cake, alongside other deli items.",Mainly a deli,FP_V2_MANUAL_NOT_BAKERY,NON_BAKERY,,
8121,ARZ Superstore LTD,arz superstore ltd,Retailers - other,"104 Cowley Road, Uxbridge",UB8 2LX,Hillingdon,1587937,1,0.0517586345074582,YES,GROCER_BAKERY,,"ARZ Superstore LTD is a retailer, and while specific bakery evidence is not detailed, its ""Superstore"" designation and ""Retailers - other"" FHRS type suggest it's a general food retailer that would likely have a substantial bakery provision.",,FP_GROCER_WEAK_EVIDENCE,NON_BAKERY,No location-specific evidence of bakery provision.,
8184,My Twins Supermarket,my twins supermarket,Retailers - other,"215 Whittington Road, LONDON",N22 8YW,Enfield,744209,1,0.0513211138002903,YES,GROCER_BAKERY,,"My Twins Supermarket is a general food retailer. While specific bakery provision isn't detailed, it's a supermarket, making substantial bakery provision highly probable.",,FP_GROCER_WEAK_EVIDENCE,NON_BAKERY,No location-specific evidence of bakery provision.,
8400,Starry Mart Wandsworth Ltd,starry mart wandsworth ltd,Retailers - other,"46 Garratt Lane, London, Wandsworth",SW18 4FT,Wandsworth,1832635,1,0.0495897120173933,YES,GROCER_BAKERY,NOT_BAKERY,Asian supermarket with an in-store bakery offering freshly baked pastries and buns.,Supermarket,FP_V2_MANUAL_NOT_BAKERY,NON_BAKERY,,
8441,Yash Food & Wine Limited,yash food and wine limited,Retailers - other,"Yash Food & Wine, 5 The Quarterdeck, London",E14 8SH,Tower Hamlets,362321,1,0.0492780501616026,YES,GROCER_BAKERY,,"Convenience store with evidence of selling food and groceries, likely including baked goods.",,FP_GROCER_WEAK_EVIDENCE,NON_BAKERY,No location-specific evidence of bakery provision.,
8554,Brixton Grocery Ltd,brixton grocery ltd,Retailers - other,"26 Electric Avenue, London",SW9 8JR,Lambeth,1797953,1,0.0483615670119236,YES,GROCER_BAKERY,,"Brixton Grocery Ltd is registered at 26 Electric Avenue, which is within Brixton Market, known for its fruit and vegetable stalls and other groceries. While specific bakery provision isn't detailed, its classification as a grocery store in a market setting suggests it would have a substantial food retail offering.",,FP_GROCER_WEAK_EVIDENCE,NON_BAKERY,No location-specific evidence of bakery provision.,
8703,Brettenham Food and Wine,brettenham food and wine,Retailers - other,"283 Brettenham Road, LONDON",N18 2HF,Enfield,1936693,1,0.0473455480123203,YES,GROCER_BAKERY,,"Brettenham Food and Wine is a convenience store and off-licence. While it sells food, there is no affirmative evidence of a substantial bakery provision at this location.",,FP_GROCER_WEAK_EVIDENCE,NON_BAKERY,No location-specific evidence of bakery provision.,
8724,Local Pantry,local pantry,Retailers - other,"Local Pantry, Ground Floor At 6 - 8, 6-8 Crouch Hill, London",N4 4AU,Islington,1499455,1,0.0472159329199295,YES,GROCER_BAKERY,,"Retailer with ""Pantry"" in name, suggesting a grocery, and no evidence to contradict this.",,FP_GROCER_WEAK_EVIDENCE,NON_BAKERY,No location-specific evidence of bakery provision.,
8734,Barming Post Ltd,barming post ltd,Retailers - other,"7 - 9 Arnott Close, Thamesmead, Greenwich",SE28 8BG,Greenwich,1590183,1,0.0471756758869494,YES,GROCER_BAKERY,,"This is a Post Office and convenience store, and while it sells some baked goods, there is no affirmative evidence of a substantial bakery provision at this location.",,FP_GROCER_WEAK_EVIDENCE,NON_BAKERY,No location-specific evidence of bakery provision.,
8779,Kiki and miumiu ltd,kiki and miumiu ltd,Retailers - other,"141, Walworth Road, London",SE17 1RW,Southwark,1400554,1,0.0468949904416291,YES,GROCER_BAKERY,NOT_BAKERY,"Kiki and miumiu ltd is an oriental supermarket with its own bakery section offering fresh Chinese bakery items, cakes, and desserts.",Supermarket,FP_V2_MANUAL_NOT_BAKERY,NON_BAKERY,,
8856,TRADE SWAINS LANE,trade swains lane,Restaurant/Cafe/Canteen,"Unit 1 Sonny Heights West, 1 Swain's Lane, London",N6 6AG,Camden,1728470,1,0.0464475044955082,YES,BAKERY_CAFE,,"Cafe offering artisan sandwiches and specialty coffee, with a focus on brunch items.",,FP_CAFE_WEAK_EVIDENCE,BAKERY_CAFE,,https://share.google/dKAaVHjHVp0ZuIgwG
8864,Harris Food & Wine Limited,harris food and wine limited,Retailers - other,"Harris Food & Wine Limited, Ground Floor, 252-254 Pentonville Road, London",N1 9JY,Islington,764817,1,0.0463949954814419,YES,GROCER_BAKERY,,"Harris Food & Wine Limited is a grocer/convenience store. While specific bakery provision isn't detailed, it's a general food retailer.",,FP_GROCER_WEAK_EVIDENCE,NON_BAKERY,No location-specific evidence of bakery provision.,
8879,First Choice Newsagents,first choice newsagents,Retailers - other,"110 Staines Road, Hounslow",TW3 3LH,Hounslow,491064,1,0.0462895893551323,YES,GROCER_BAKERY,,"First Choice Newsagents is a retailer that would likely sell baked goods as a substantial part of its offering, qualifying it as a grocer bakery.",,FP_GROCER_WEAK_EVIDENCE,NON_BAKERY,No location-specific evidence of bakery provision.,
8957,Nefis Nuts&Kuruyemis Baharat&Sekerle,nefis nuts and kuruyemis baharat and sekerle,Retailers - other,"338 High Road, Wood Green, London",N22 8JW,Haringey,1716969,1,0.045825767798179,YES,GROCER_BAKERY,,"""Nefis Nuts&Kuruyemis Baharat&Sekerle"" at 338 High Road, Wood Green, London, N22 8JW is classified as ""Retailers - other"" and appears to be a nuts and spices retailer. While it's a retailer, there is no affirmative evidence of substantial bakery provision at this location. However, the name ""Kuruyemis Baharat&Sekerle"" suggests it might be a grocer with a variety of goods, and ""Kuruyemis"" can refer to dried fruits and nuts, often sold alongside other food items. Given the FHRS type and the name, it's plausible it's a grocer. Without further information on bakery provision, it's difficult to classify it as a bakery. However, a search for ""Nefis Nuts & Spices Ltd"" shows it as a retailer.",,FP_GROCER_WEAK_EVIDENCE,NON_BAKERY,No location-specific evidence of bakery provision.,
9129,Amar Bazar Ltd,amar bazar ltd,Retailers - other,"7 Faircross Parade, Longbridge Road, Barking",IG11 8UN,Barking and Dagenham,1035843,1,0.0447016793697332,YES,GROCER_BAKERY,,"Amar Bazar Ltd is a supermarket/grocer with evidence of selling fresh meat and vegetables, and is likely to have a substantial bakery provision as part of its general food retail.",,FP_GROCER_WEAK_EVIDENCE,NON_BAKERY,No location-specific evidence of bakery provision.,
9183,Magazin Romanesc Anais,magazin romanesc anais,Retailers - other,"99 High Street North, East Ham, London",E6 1HZ,Newham,1225020,1,0.044450760697069,YES,GROCER_BAKERY,,"Magazin Romanesc Anais is a Romanian grocery store. While it likely sells some baked goods, there is no affirmative evidence of substantial bakery provision at this specific location to classify it as a GROCER_BAKERY.",,FP_GROCER_WEAK_EVIDENCE,NON_BAKERY,No location-specific evidence of bakery provision.,
9204,Magazin Romanesc,magazin romanesc,Retailers - other,"420 Streatham High Road, London",SW16 3SN,Lambeth,495897,9,0.044358640326875,YES,GROCER_BAKERY,NOT_BAKERY,Romanian grocery and liquor store with a selection of baked goods.,Supermarket,FP_V2_MANUAL_NOT_BAKERY,NON_BAKERY,,
9215,Top Choice,top choice,Retailers - other,"245A Northborough Road, Streatham, London, Merton",,Merton,706866,1,0.0442690965617068,YES,GROCER_BAKERY,,"Identified as a grocer/convenience store with an InPost locker, implying a retail operation that could include substantial bakery provision.",,FP_GROCER_WEAK_EVIDENCE,NON_BAKERY,No location-specific evidence of bakery provision.,
9248,Stop-N-Shop Fulham Ltd,stop n shop fulham ltd,Retailers - other,"327 Fulham Palace Road, London",SW6 6TJ,Hammersmith and Fulham,344998,1,0.0440967250099051,YES,GROCER_BAKERY,,"Convenience store with ""Grocers & Convenience Stores"" as a business type. While specific bakery provision isn't detailed, it's a general food retailer.",,FP_GROCER_WEAK_EVIDENCE,NON_BAKERY,No location-specific evidence of bakery provision.,
9330,Manor Park Mini Market Limited,manor park mini market limited,Retailers - other,"631 Romford Road, Manor Park, London",E12 5AD,Newham,1919110,1,0.0436865285194625,YES,GROCER_BAKERY,,"Mini market with a ""Retailers - other"" FHRS type, which often includes grocery stores, and no evidence to exclude substantial bakery provision.",,FP_GROCER_WEAK_EVIDENCE,NON_BAKERY,No location-specific evidence of bakery provision.,
9342,Prezzemolo & Vtiale,prezzemolo and vtiale,Retailers - other,"87-89 WIGMORE STREET, LONDON",W1U 1DL,Westminster,1849329,1,0.0436352682400861,YES,GROCER_BAKERY,NOT_BAKERY,"Italian deli and supermarket with a dedicated ""Deli and bakery"" section and a substantial range of fresh bread, focaccia, and cakes.",General italian food store,FP_V2_MANUAL_NOT_BAKERY,NON_BAKERY,,
9371,Pound Stretcher Limited,pound stretcher limited,Retailers - other,"145-149 Fore Street, LONDON",N18 2XF,Enfield,1416880,1,0.043467819202974,YES,GROCER_BAKERY,,"Discount retailer selling a wide range of groceries and household items, likely including baked goods.",,FP_GROCER_WEAK_EVIDENCE,NON_BAKERY,No location-specific evidence of bakery provision.,
9446,Hammonds,hammonds,Retailers - other,"K Hammonds Butchers Ltd, Unit 11, 8 Kew Bridge Road",TW8 0FJ,Hounslow,745451,1,0.0431034007419421,YES,GROCER_BAKERY,,Butcher and deli that historically had a nearby bakery supplying bread and pastries.,,FP_INCONCLUSIVE_LOCATION,NON_BAKERY,Permanently closed,
9559,The Co-Operative Group Food Limited,the co operative group food limited,Retailers - supermarkets/hypermarkets,"765 -767 Harrow Road, London",NW10 5NY,Brent,1281706,1,0.0425399276098234,YES,GROCER_BAKERY,,"The Co-Operative Group Food Limited is a supermarket. Supermarkets often have in-store bakeries or dedicated bakery sections. While specific evidence for *this exact branch* having an in-store bakery is not explicitly stated in the search results, it is a common feature of this type of establishment, and the FHRS type ""Retailers - supermarkets/hypermarkets"" supports the possibility of substantial bakery provision.",,FP_GROCER_WEAK_EVIDENCE,NON_BAKERY,No location-specific evidence of bakery provision.,
9590,Londis - Mk Filling Station Ltd,londis mk filling station ltd,Hotel/bed & breakfast/guest house,"Mill Road Service Station, Mill Road, West Drayton",UB7 7EQ,Hillingdon,1538524,1,0.0423641756175689,YES,GROCER_BAKERY,,"Londis - Mk Filling Station Ltd is a convenience store (grocer) that is part of the Londis chain, which typically sells a range of groceries and morning goods including bread.",,FP_GROCER_WEAK_EVIDENCE,NON_BAKERY,No location-specific evidence of bakery provision.,
9601,Budgens Catford,budgens catford,Retailers - other,"Esso Petrol Station, 360 Verdant Lane, London",SE6 1TP,Lewisham,1600907,1,0.0422781032355616,YES,GROCER_BAKERY,,"Budgens Catford is a convenience store located within an Esso petrol station that offers a range of groceries. While specific evidence of an in-store bakery is not explicitly stated, Budgens stores typically offer a substantial fresh bakery range, qualifying it as a grocer with substantial bakery provision.",,FP_GROCER_WEAK_EVIDENCE,NON_BAKERY,No location-specific evidence of bakery provision.,
9686,Limes Cafe 2026 Ltd,limes cafe 2026 ltd,Restaurant/Cafe/Canteen,"Limes Cafe 2026 ltd, 884 Green Lanes, LONDON",N21 2RS,Enfield,1942125,1,0.0418576313367579,YES,BAKERY_CAFE,,"Cafe with a substantial range of breakfast, brunch, sandwiches, jacket potatoes, desserts, and pancakes.",,FP_CAFE_WEAK_EVIDENCE,NON_BAKERY,Mainly breakfast café,https://share.google/4K7BXv2gATjTHhLkt
9867,Grind & Co Ltd,grind and co ltd,Restaurant/Cafe/Canteen,"34 Royal Exchange, London",EC3V 3LP,City of London Corporation,948352,1,0.0410227643827487,YES,BAKERY_CAFE,,"Coffee bar and cafe that offers coffee and cocktails, with mentions of an all-day dining menu and breakfast items, indicating a substantial food offering beyond just coffee.",,FP_CAFE_WEAK_EVIDENCE,BAKERY_CAFE,There is sufficient evidence of a range of baked goods being sold,https://share.google/L5E1ZzE3Os5vzmCwq
9872,Best Choice,best choice,Retailers - other,"13 Market Way, London",E14 6AH,Tower Hamlets,1761721,1,0.0409769487710817,YES,GROCER_BAKERY,,"Convenience store/grocer at Chrisp Street Market selling confectionery, groceries, and other items. There is no affirmative evidence of a substantial bakery provision.",,FP_GROCER_WEAK_EVIDENCE,NON_BAKERY,No location-specific evidence of bakery provision.,
9896,Londis - Swakeleys,londis swakeleys,Retailers - other,"Long Lane, Ickenham",UB10 8TA,Hillingdon,1929726,1,0.0408617549352812,YES,GROCER_BAKERY,,"Londis is a convenience store, and as a general food retailer, it is likely to have a substantial bakery provision.",,FP_GROCER_WEAK_EVIDENCE,NON_BAKERY,No location-specific evidence of bakery provision.,
9970,Magazin Traditional Romanesc,magazin traditional romanesc,Retailers - other,"389 Katherine Road, Forest Gate, London",E7 8LT,Newham,1747171,1,0.0405128299176599,YES,GROCER_BAKERY,NOT_BAKERY,"Identified as a convenience store, and while specific bakery provision at this location isn't detailed, it's a general food retailer.",Supermarket,FP_V2_MANUAL_NOT_BAKERY; FP_GROCER_WEAK_EVIDENCE,NON_BAKERY,,
10002,Shopping Tree Hoxton,shopping tree hoxton,Retailers - other,"51-53 PITFIELD STREET, Hackney, London",N1 6BU,Hackney,469798,1,0.0403713975696095,YES,GROCER_BAKERY,NOT_BAKERY,"Retailer - other, identified as a grocery store, with opening hours suggesting a stable retail location.",Supermarket,FP_V2_MANUAL_NOT_BAKERY,NON_BAKERY,,
10022,Soni Cash & Carry Limited,soni cash and carry limited,Retailers - other,"10A Carlton Terrace, Green Street, Forest Gate, London",E7 8LH,Newham,1601099,1,0.0402774467116803,YES,GROCER_BAKERY,,"Soni Cash & Carry Limited is identified as an Asian grocer with fresh fruit and vegetables. While not explicitly stated as having an in-store bakery, the nature of a cash & carry and grocer suggests substantial food retail, making a substantial bakery provision plausible.",,FP_GROCER_WEAK_EVIDENCE,NON_BAKERY,No location-specific evidence of bakery provision.,
10100,Rombull Foods Limited,rombull foods limited,Retailers - supermarkets/hypermarkets,"5D Main Drive, East Lane Business Park, Wembley",HA9 7NA,Brent,533681,1,0.0398838765834477,YES,GROCER_BAKERY,,"Rombull Foods Limited is identified as a Bulgarian food shop, which is a type of grocer, and therefore likely to have substantial bakery provision.",,FP_GROCER_WEAK_EVIDENCE,NON_BAKERY,No location-specific evidence of bakery provision.,
10181,Your Daily Needs,your daily needs,Retailers - other,"121 Cowbridge Lane, Barking",IG11 8LJ,Barking and Dagenham,1035844,1,0.0395366550003756,YES,GROCER_BAKERY,,"""Your Daily Needs Store"" at the specified address is identified as a convenience store with an InPost Locker. While it sells various items, there is no affirmative evidence of substantial bakery provision at this location.",,FP_GROCER_WEAK_EVIDENCE,NON_BAKERY,No location-specific evidence of bakery provision.,
10195,Sainsburys,sainsburys,Retailers - supermarkets/hypermarkets,"J Sainsbury Plc, 2 Trafalgar Way, Croydon",CR0 4XT,Croydon,6391,21,0.0394960543852129,YES,GROCER_BAKERY,,Supermarket chain that typically includes in-store bakeries and offers a range of baked goods.,,FP_GROCER_WEAK_EVIDENCE,NON_BAKERY,No location-specific evidence of bakery provision.,
10207,C Johnson & Son Ltd,c johnson and son ltd,Retailers - other,"107 Corbets Tey Road, Upminster",RM14 2AH,Havering,373719,1,0.0394590858057595,YES,GROCER_BAKERY,,"C Johnson & Son Ltd is a long-established butcher and artisan delicatessen that sells a variety of specialist food products, including cheeses and continental deli items. The description of an ""artisan delicatessen"" with a broad range of specialty foods suggests substantial bakery provision could be part of its offering, aligning with the GROCER_BAKERY classification.",,FP_GROCER_WEAK_EVIDENCE,NON_BAKERY,No location-specific evidence of bakery provision.,
10380,Londis Goodmayes,londis goodmayes,Retailers - other,"674 High Road, Seven Kings",IG3 8RU,Redbridge,813782,1,0.0387811310103444,YES,GROCER_BAKERY,,"Londis is a convenience store, and the Goodmayes location is confirmed to be a local Londis convenience store. While specific bakery evidence for this exact branch is not available, Londis stores typically offer a range of baked goods as part of their general grocery offering.",,FP_GROCER_WEAK_EVIDENCE,NON_BAKERY,No location-specific evidence of bakery provision.,
10388,Orpington Pond Service Station,orpington pond service station,Retailers - other,"Orpington Pond Service Station 2 - 4 High Street, Orpington",BR6 0JG,Bromley,357779,1,0.0387623990213062,YES,GROCER_BAKERY,,"Orpington Pond Service Station is a Texaco petrol station that also operates as a Morrisons Daily convenience store. As a convenience store under the Morrisons Daily brand, it is highly likely to have a substantial bakery provision as part of its grocery offering.",,FP_GROCER_WEAK_EVIDENCE,NON_BAKERY,No location-specific evidence of bakery provision.,
10406,Adil Cash & Carry Ltd,adil cash and carry ltd,Retailers - other,"824 High Road Leyton, Leyton, London",E10 6AE,Waltham Forest,514589,1,0.0387072797880979,YES,GROCER_BAKERY,,"This is a cash & carry/grocer. While specific bakery evidence is not detailed, as a cash & carry it is highly likely to have substantial bakery provision.",,FP_GROCER_WEAK_EVIDENCE,NON_BAKERY,No location-specific evidence of bakery provision.,
10416,Hertford Road Service Station - Budgen,hertford road service station budgen,Retailers - other,"518 Hertford Road, ENFIELD",EN3 5SS,Enfield,1577158,1,0.0386487402040027,YES,GROCER_BAKERY,,"Budgens convenience store at a service station, which typically offers a range of fresh produce and essentials, including bakery items.",,FP_GROCER_WEAK_EVIDENCE,NON_BAKERY,No location-specific evidence of bakery provision.,
10611,Quality Grocer’s,quality grocer s,Retailers - other,"124 High Street, Teddington, London, Richmond Upon Thames",TW11 8JB,Richmond-Upon-Thames,1931903,1,0.0378953851162165,YES,GROCER_BAKERY,,Identified as a grocer/convenience store with no affirmative evidence of substantial bakery provision at this specific location.,,FP_GROCER_WEAK_EVIDENCE,NON_BAKERY,No location-specific evidence of bakery provision.,
10671,Nuts About Nuts,nuts about nuts,Retailers - other,"23 BELL STREET, LONDON",NW1 5BY,Westminster,1231213,1,0.0376295880799038,YES,GROCER_BAKERY,NOT_BAKERY,"Nuts About Nuts is a retailer of nuts, dried fruits, and Lebanese favorites, including bread and pastries, indicating a substantial bakery provision within a grocer setting.",Mainly retailing nuts/nut related goods,FP_V2_MANUAL_NOT_BAKERY,NON_BAKERY,,
10685,Fondyou,fondyou,Takeaway/sandwich shop,"16 Kingsland Road London, Hackney, London",E2 8DA,Hackney,1942572,1,0.0375889439838309,YES,BAKERY_CAFE,,"Identified as a sandwich shop/cafe with opening hours, suggesting a customer-facing operation.",,FP_CAFE_WEAK_EVIDENCE,BAKERY_CAFE,,https://share.google/oZ0QTk66EV6JoKvqd
10702,By Max,by max,Restaurant/Cafe/Canteen,"Unit A, Bobbin House, Friary Road, Acton",W3 6GN,Ealing,1711041,1,0.0375266734076488,YES,BAKERY_CAFE,,"Cafe and wine bar that offers food, suggesting a cafe operation.",,FP_CAFE_WEAK_EVIDENCE,BAKERY_CAFE,,https://www.bymaxw3.com/
10729,Hyper Marche,hyper marche,Retailers - other,"150 - 152 Uxbridge Road, West Ealing",W13 8SB,Ealing,1494902,1,0.0374250387004555,YES,GROCER_BAKERY,NOT_BAKERY,"Hyper Marche is identified as a supermarket/retailer, and as a general food retailer, it is expected to have substantial bakery provision.",Supermarket,FP_V2_MANUAL_NOT_BAKERY,NON_BAKERY,,
10748,S S Afghan Bazar,s s afghan bazar,Retailers - other,"280 Northolt Road, South Harrow",HA2 8EB,Harrow,1540200,1,0.0373743215445934,YES,GROCER_BAKERY,,"Grocer listed as an Afghan Bazar, likely selling a variety of food products including substantial bakery items.",,FP_GROCER_WEAK_EVIDENCE,NON_BAKERY,No location-specific evidence of bakery provision.,
10812,B & M Retail,b and m retail,Retailers - other,"Unit 5 Merrielands Retail Park, Merrielands Crescent, Dagenham",RM9 6SJ,Barking and Dagenham,1112459,3,0.037122058609029,YES,GROCER_BAKERY,,"B & M Retail at Merrielands Retail Park is a general retailer that sells a broad range of products for home and garden, and as a large retailer, it is highly likely to have a substantial bakery provision.",,FP_GROCER_WEAK_EVIDENCE,NON_BAKERY,No location-specific evidence of bakery provision.,
10827,Natural Natural Sakesakana,natural natural sakesakana,Retailers - other,"20A Station Parade, Uxbridge Road, Ealing",W5 3LD,Ealing,1399885,1,0.0370644013246232,YES,GROCER_BAKERY,,"This is a Japanese grocery store specializing in fresh fish, sashimi, and sake, with no evidence of a substantial bakery provision.",,FP_GROCER_WEAK_EVIDENCE,NON_BAKERY,No location-specific evidence of bakery provision.,
11018,Jay jalaram,jay jalaram,Retailers - other,"507, Lordship Lane, London",SE22 8JY,Southwark,363026,1,0.0363931924824417,YES,GROCER_BAKERY,,"Jay Jalaram is identified as a newsagent and grocer, and while specific bakery provision isn't detailed, it falls under the general food retailer category.",,FP_GROCER_WEAK_EVIDENCE,NON_BAKERY,No location-specific evidence of bakery provision.,
11174,Londis Isleworth,londis isleworth,Retailers - other,"403-405 Twickenham Road, Isleworth",TW7 7ES,Hounslow,490604,1,0.0358441223346062,YES,GROCER_BAKERY,,"This is a Londis convenience store which, as a general food retailer, is likely to have a substantial bakery provision.",,FP_GROCER_WEAK_EVIDENCE,NON_BAKERY,No location-specific evidence of bakery provision.,
11264,LABAS,labas,Retailers - other,"LABAS, 203 Seven Sisters Road, London, N4 3NG",N4 3NG,Islington,416126,1,0.0355405985524159,YES,GROCER_BAKERY,,"LABAS is identified as a grocer/convenience store. While specific bakery provision isn't detailed, its classification as a ""Retailers - other"" and ""Grocers & Convenience Stores"" suggests it's a general food retailer.",,FP_GROCER_WEAK_EVIDENCE,NON_BAKERY,No location-specific evidence of bakery provision.,
11275,Afromart Mini Market Limited,afromart mini market limited,Retailers - other,"178 Hertford Road, ENFIELD",EN3 5AZ,Enfield,317548,1,0.0354976490228579,YES,GROCER_BAKERY,,"Afromart Mini Market Limited is a retailer of other food products, and its business nature includes retail sale of various food items in specialised stores. Without further information, it is assumed to be a grocer with potential for substantial bakery provision.",,FP_GROCER_WEAK_EVIDENCE,NON_BAKERY,No location-specific evidence of bakery provision.,
11394,Oseikrom Cash and Carry Ltd,oseikrom cash and carry ltd,Takeaway/sandwich shop,,TW8 ,Hounslow,1788930,1,0.035096679998497,YES,GROCER_BAKERY,,"Oseikrom Cash and Carry Ltd is an Afro Caribbean cash and carry/grocer, and while it sells food, there is no affirmative evidence of a substantial bakery provision at this location.",,FP_GROCER_WEAK_EVIDENCE,NON_BAKERY,No location-specific evidence of bakery provision.,
11517,Tolworth Evergreens,tolworth evergreens,Retailers - other,"50 Tolworth Broadway, Tolworth",KT6 7HR,Kingston-Upon-Thames,1385998,1,0.0347369312869492,YES,GROCER_BAKERY,,"Tolworth Evergreens is identified as a convenience store and grocer. While specific bakery evidence for this location is not detailed, as a grocer, it is highly likely to have substantial bakery provision.",,FP_GROCER_WEAK_EVIDENCE,NON_BAKERY,No location-specific evidence of bakery provision.,
11561,Popiandys,popiandys,Restaurant/Cafe/Canteen,"20-21 Market Square, Uxbridge",UB8 1LH,Hillingdon,770673,1,0.0345588232757638,YES,BAKERY_CAFE,,"Popiandys is a cafe/restaurant serving breakfast, lunch, and snacks with an extensive menu including sandwiches, omelettes, jacket potatoes, salads, pasta, and pancakes.",,FP_CAFE_WEAK_EVIDENCE,NON_BAKERY,Café and restaurant with little to no bakery provison,https://www.popiandys.com/
11572,Riesutelis,riesutelis,Retailers - other,"72 Snakes Lane East, Woodford Green",IG8 7QQ,Redbridge,773950,1,0.0345280155193564,YES,GROCER_BAKERY,NOT_BAKERY,"Riesutelis is identified as a supermarket/European food store, and social media posts indicate they sell freshly pickled cucumbers and bread with garlic, suggesting substantial bakery provision.",Specialised off license,FP_V2_MANUAL_NOT_BAKERY,NON_BAKERY,,
11591,Chatterton Food & Wine,chatterton food and wine,Retailers - other,"42 Chatterton Road, Bromley",BR2 9QE,Bromley,357362,1,0.0344868101126268,YES,GROCER_BAKERY,,Chatterton Food & Wine is a convenience store/grocer. There is no affirmative evidence of substantial bakery provision at this location.,,FP_GROCER_WEAK_EVIDENCE,NON_BAKERY,No location-specific evidence of bakery provision.,
11741,Baki Food Centre,baki food centre,Retailers - other,"797-799 Great Cambridge Road, ENFIELD",EN1 3PN,Enfield,1177918,1,0.0340851369994001,YES,GROCER_BAKERY,NOT_BAKERY,Retailer with a substantial bakery provision.,Supermarket,FP_V2_MANUAL_NOT_BAKERY,NON_BAKERY,,
11928,Price Right Food And Wine,price right food and wine,Retailers - other,"22 Selhurst Road, South Norwood, London",SE25 5QF,Croydon,1425931,1,0.0335698297055874,YES,GROCER_BAKERY,,"Price Right Food And Wine is a retailer (likely a convenience store or grocer) and the name suggests it sells food and wine. Without further information, it is assumed to be a grocer.",,FP_GROCER_WEAK_EVIDENCE,NON_BAKERY,No location-specific evidence of bakery provision.,
11971,Dowsetts,dowsetts,Retailers - other,"12 High Street, Teddington, London, Richmond Upon Thames",TW11 8EW,Richmond-Upon-Thames,1574360,1,0.0334384259439326,YES,GROCER_BAKERY,,Convenience store and newsagent with no evidence of substantial bakery provision.,,FP_GROCER_WEAK_EVIDENCE,NON_BAKERY,No location-specific evidence of bakery provision.,
11977,Nasza Polska Ltd,nasza polska ltd,Retailers - other,"701 High Road, Seven Kings",IG3 8RH,Redbridge,443681,1,0.0334259055953589,YES,GROCER_BAKERY,NOT_BAKERY,Polish grocery store and travel agency.,Supermarket,FP_V2_MANUAL_NOT_BAKERY,NON_BAKERY,,
12065,Westrow Foods Ltd T/A Nisa Local,westrow foods ltd t a nisa local,Retailers - other,"200 Lancaster Road, ENFIELD",EN2 0JH,Enfield,1663092,1,0.033193509612909,YES,GROCER_BAKERY,,"Westrow Foods Ltd T/A Nisa Local is a convenience store. While specific bakery provision at this exact location isn't detailed, Nisa Local stores generally offer a range of groceries, which can include substantial bakery items.",,FP_GROCER_WEAK_EVIDENCE,NON_BAKERY,No location-specific evidence of bakery provision.,
12170,Rush Green Shop,rush green shop,Retailers - other,"70 Dagenham Road, Romford",RM7 0DA,Havering,854602,1,0.0328758218008543,YES,GROCER_BAKERY,,"This is a Co-op convenience store, which is a general food retailer, and Co-op stores typically have a fresh bakery range.",,FP_GROCER_WEAK_EVIDENCE,NON_BAKERY,No location-specific evidence of bakery provision.,
12190,Global Fuels,global fuels,Retailers - supermarkets/hypermarkets,"Neasden Service Station, Neasden Lane, London",NW10 2UE,Brent,532332,1,0.0328341071755733,YES,GROCER_BAKERY,,"Global Fuels at Neasden Service Station is a petrol station with a 'deli By Shell' and 'Shop - Select' which are convenience store offerings, and it sells Costa Express Coffee. While not explicitly stated as having an in-store bakery, the presence of a deli and convenience store suggests it would likely stock a substantial range of baked goods, qualifying it as a grocer with substantial bakery provision.",,FP_GROCER_WEAK_EVIDENCE,NON_BAKERY,No location-specific evidence of bakery provision.,
12252,Asda Northolt Service Station,asda northolt service station,Retailers - supermarkets/hypermarkets,"Site Of Star Service Station, Western Avenue, Northolt",UB5 5AW,Ealing,1033753,1,0.0326633558088578,YES,GROCER_BAKERY,,Asda service station which is a supermarket/hypermarket and likely to have substantial bakery provision.,,FP_GROCER_WEAK_EVIDENCE,NON_BAKERY,No location-specific evidence of bakery provision.,
12259,Whitefields Service Station,whitefields service station,Retailers - other,"610 Barking Road, Plaistow, London",E13 9JY,Newham,919494,1,0.0326529271271146,YES,GROCER_BAKERY,,"Petrol station with a Londis convenience store, which is a general food retailer and likely to have substantial bakery provision.",,FP_GROCER_WEAK_EVIDENCE,NON_BAKERY,No location-specific evidence of bakery provision.,
12332,Londis Shortlands / ESSO Service Station,londis shortlands esso service station,Retailers - other,"202 Bromley Road, Beckenham",BR3 6PG,Bromley,1097978,1,0.0325003539561678,YES,GROCER_BAKERY,,"Londis Shortlands / ESSO Service Station is a convenience store and petrol station. Londis stores typically offer a range of everyday essentials, including fresh produce and food to go, which can include bakery items.",,FP_GROCER_WEAK_EVIDENCE,NON_BAKERY,No location-specific evidence of bakery provision.,
12508,La Mediterranea,la mediterranea,Other catering premises,"174 Franciscan Road, London, Wandsworth",SW17 8HH,Wandsworth,1571828,1,0.0320323082347688,YES,GROCER_BAKERY,NOT_BAKERY,"Italian grocery store selling fresh home-cooked food, fruits, vegetables, fish, meat, salads, and pasta.",Mainly a deli,FP_V2_MANUAL_NOT_BAKERY,NON_BAKERY,,
12694,Sainsburys - Unit G,sainsburys unit g,Retailers - supermarkets/hypermarkets,"11 Royal Crest Avenue, Silvertown, London",E16 2PG,Newham,1010367,1,0.0315536622477866,YES,GROCER_BAKERY,,"This is a Sainsbury's Local supermarket, and as a general food retailer, it is highly likely to have substantial bakery provision.",,FP_GROCER_WEAK_EVIDENCE,NON_BAKERY,No location-specific evidence of bakery provision.,
12776,BeauBeaus,beaubeaus,Restaurant/Cafe/Canteen,"4 - 6 Gravel Lane, London",E1 7AW,City of London Corporation,1629736,1,0.0313358670072475,YES,BAKERY_CAFE,,"Cafe serving fresh food and sweet treats, operating as a community hub with a focus on food and drink.",,FP_CAFE_WEAK_EVIDENCE,NON_BAKERY,Permanently closed,
13007,Esso & Londis- TH Retail,esso and londis th retail,Retailers - supermarkets/hypermarkets,"131-139 East Lane, Wembley",HA9 7PE,Brent,1537523,1,0.0308113720449715,YES,GROCER_BAKERY,,"Convenience store and petrol station with a ""food to go"" section that may include pastries.",,FP_GROCER_WEAK_EVIDENCE,NON_BAKERY,No location-specific evidence of bakery provision.,
13048,Nisa Local Outside West Ham Underground Station,nisa local outside west ham underground station,Retailers - other,"Units 1 And 3, West Ham Underground Station, Manor Road, Stratford",E15 3BN,Newham,845329,1,0.0306919527922422,YES,GROCER_BAKERY,,"This is a Nisa Local convenience store, which are independently owned retail outlets. While specific bakery provision at this exact location isn't detailed, Nisa stores often stock a range of baked goods as part of their general food retail. Given the nature of a convenience store, it's highly probable they have a substantial bakery provision.",,FP_GROCER_WEAK_EVIDENCE,NON_BAKERY,No location-specific evidence of bakery provision.,
13152,Yavuzlar Supermarket Limited,yavuzlar supermarket limited,Retailers - other,"74-75 Grand Parade, Tottenham, London",N4 1DX,Haringey,423059,1,0.0304698070029001,YES,GROCER_BAKERY,,"Yavuzlar Supermarket Limited is a supermarket that is likely to have a substantial bakery provision as part of its general food retail, though specific evidence of an in-store bakery is not explicitly stated.",,FP_GROCER_WEAK_EVIDENCE,NON_BAKERY,No location-specific evidence of bakery provision.,
13153,ITS Convenient,its convenient,Retailers - other,"178 High Street, Hounslow",TW3 1HL,Hounslow,754352,1,0.0304687004045685,YES,GROCER_BAKERY,,"ITS Convenient is a grocery store specializing in Asian and Bengali groceries, fresh vegetables, and frozen fish. There is no evidence of substantial bakery provision.",,FP_GROCER_WEAK_EVIDENCE,NON_BAKERY,No location-specific evidence of bakery provision.,
13220,Yours Locally,yours locally,Retailers - supermarkets/hypermarkets,"386 KINGSLAND ROAD, Hackney, London",E8 4AA,Hackney,469915,1,0.0303176741203914,YES,GROCER_BAKERY,,"""Yours Locally"" is a supermarket/hypermarket that is likely to have a substantial bakery provision given its business type.",,FP_GROCER_WEAK_EVIDENCE,NON_BAKERY,No location-specific evidence of bakery provision.,
13385,Family Shopper,family shopper,Retailers - other,"60 - 62 Cotmandene Crescent, Orpington",BR5 2RG,Bromley,965472,1,0.0299678933146586,YES,GROCER_BAKERY,,"Convenience store that is part of the Londis network, which typically includes a range of fresh produce and everyday essentials, implying substantial bakery provision.",,FP_GROCER_WEAK_EVIDENCE,NON_BAKERY,No location-specific evidence of bakery provision.,
13402,Jay's Mini Market,jay s mini market,Retailers - other,"Unit 29 Broadway Market Tooting High Street, London, Wandsworth",SW17 0RJ,Wandsworth,1572400,2,0.02993779709638,YES,GROCER_BAKERY,,"Jay's Mini Market is identified as a retailer within Broadway Market, which is a multicultural market with food vendors. While it's a mini-market (grocer), there is no affirmative evidence of substantial bakery provision at this specific location.",,FP_GROCER_WEAK_EVIDENCE,NON_BAKERY,No location-specific evidence of bakery provision.,
13438,Handy Mini Market,handy mini market,Retailers - other,"80 MOUNTGROVE ROAD, Hackney, London",N5 2LT,Hackney,468883,1,0.0298562608593415,YES,GROCER_BAKERY,,"Handy Mini Market is a convenience store that specializes in food, magazines, sweets, newspapers, and drinks. As a general food retailer, it is likely to have a substantial bakery provision.",,FP_GROCER_WEAK_EVIDENCE,NON_BAKERY,No location-specific evidence of bakery provision.,
13602,Your Organic Pantry,your organic pantry,Retailers - other,"140 - 142 Askew Road, London",W12 9BX,Hammersmith and Fulham,1840617,1,0.0294674682972385,YES,GROCER_BAKERY,,"Your Organic Pantry is an independent organic grocer with a physical shop at the supplied address. While specific bakery provision isn't detailed, as a grocer focused on ""whole food"" and ""pantry staples,"" it's highly probable to have a substantial bakery offering.",,FP_GROCER_WEAK_EVIDENCE,NON_BAKERY,No location-specific evidence of bakery provision.,
13723,Caffe Italiano UK Ltd,caffe italiano uk ltd,Restaurant/Cafe/Canteen,"Unit 48 Vicarage Field Shopping Centre, Ripple Road, Barking",IG11 8DH,Barking and Dagenham,1864214,1,0.0292691936594759,YES,BAKERY_CAFE,NOT_BAKERY,"Caffe Italiano UK Ltd is an active company with a SIC code for ""Unlicensed restaurants and cafes"". While one menu found is for a ""Caffe Italiano Ristorante"" in California with Italian dishes, another ""Cafe Italiano"" menu on Uber Eats (though closed since 2019) lists a substantial range of ""Bakery and Cakes"" including cheesecakes, shortbread, flapjacks, tiffins, teacakes, shortbread, drizzle cakes, carrot cake, chocolate fudge cake, coffee and walnut cake, fruit scones, and muffins, alongside sandwiches, toasties, paninis, and hot beverages. Given the name and FHRS type, it is reasonable to classify it as a bakery cafe based on the typical offerings of such establishments, even if a current menu for this specific location isn't readily available.",Mainly café with little bakery presence,FP_V2_MANUAL_NOT_BAKERY; FP_INCONCLUSIVE_LOCATION,NON_BAKERY,,
13822,De calabria,de calabria,Retailers - other,"Three Crown Square Borough Market, 8, Southwark Street, London",SE1 9AH,Southwark,1213662,1,0.0290533065627616,YES,GROCER_BAKERY,,"""De Calabria"" is a deli/grocer at Borough Market specializing in Calabrian cured meats, cheeses, olive oil, and other Italian produce. While they sell items that can be eaten with bread (like nduja spread on bread or biscuits), there is no affirmative evidence of substantial bakery provision at this location.",,FP_GROCER_WEAK_EVIDENCE,NON_BAKERY,No location-specific evidence of bakery provision.,
13868,Sainsbury Local,sainsbury local,Retailers - supermarkets/hypermarkets,"216a Field End Road, Eastcote",HA5 1RD,Hillingdon,801021,1,0.0289815564932506,YES,GROCER_BAKERY,,"Sainsbury Local is a supermarket/convenience store, and as a Sainsbury's brand, it is highly likely to have substantial bakery provision, even if not explicitly stated for this specific ""Local"" branch.",,FP_GROCER_WEAK_EVIDENCE,NON_BAKERY,No location-specific evidence of bakery provision.,
13899,Nourished Communities,nourished communities,Retailers - other,"12 Blackhorse Lane, Walthamstow, London",E17 6HJ,Waltham Forest,1567639,5,0.0289291005368889,YES,GROCER_BAKERY,NOT_BAKERY,Nourished Communities is a farm shop that offers a selection of fruit & vegetables and may include bakery products in its surprise bags. This suggests substantial bakery provision as part of a general food retailer.,Mainly a wine store,FP_V2_MANUAL_NOT_BAKERY; FP_GROCER_WEAK_EVIDENCE,NON_BAKERY,,
13924,TO HOME FROM LONDON,to home from london,Restaurant/Cafe/Canteen,"Arch 16, 3 Water Lane, London",NW1 8NZ,Camden,1403591,1,0.028881956278188,YES,BAKERY_CAFE,,Cafe within a gift shop serving artistic pancakes and rainbow toasties.,,FP_CAFE_WEAK_EVIDENCE,NON_BAKERY,Mainly a souvenir store with little to no evidence of bakery provision,
13956,Chris convenient store,chris convenient store,Retailers - other,"100, Dawes Street, London",SE17 2EB,Southwark,1344923,1,0.0288260032786508,YES,GROCER_BAKERY,,Convenience store that would likely sell a persistent range of baked goods.,,FP_GROCER_WEAK_EVIDENCE,NON_BAKERY,No location-specific evidence of bakery provision.,
13979,Chaiiwala Shepherds Bush,chaiiwala shepherds bush,Restaurant/Cafe/Canteen,"132 Uxbridge Road, London",W12 8AA,Hammersmith and Fulham,1540008,1,0.0287699630646594,YES,BAKERY_CAFE,,"Cafe offering a substantial range of Indian street food including rotis and parathas, alongside other breakfast and snack items.",,FP_CAFE_WEAK_EVIDENCE,BAKERY_CAFE,There is indian baked goods being sold at this establishment,https://shepherdsbush.chaiiwala.co.uk/catalogue
14039,Costbetter (Costcutter),costbetter costcutter,Retailers - other,"562 London Road, Isleworth",TW7 4EP,Hounslow,490905,1,0.0286495138045649,YES,GROCER_BAKERY,,"Costbetter (Costcutter) is a convenience store/retailer. Costcutter stores typically sell a range of groceries, including baked goods. While specific evidence for this exact location's bakery provision is not detailed, as a general food retailer, it is highly probable to have substantial bakery provision.",,FP_GROCER_WEAK_EVIDENCE,NON_BAKERY,No location-specific evidence of bakery provision.,
14090,BengaliSweets & Cafe,bengalisweets and cafe,Restaurant/Cafe/Canteen,"1 Hamilton Road, Southall",UB1 3BQ,Ealing,1856228,1,0.0285384775312996,YES,BAKERY_CAFE,,Cafe with a substantial offering of Bengali sweets and some savory baked items.,,FP_CAFE_WEAK_EVIDENCE,NON_BAKERY,This is a bengali sweets store with very little bakery identity or provision,
14107,Quick Pick Supermarket,quick pick supermarket,Retailers - other,"736 - 738 High Road Leytonstone, Leytonstone, London",E11 3AW,Waltham Forest,514955,1,0.0285176373012302,YES,GROCER_BAKERY,,"Quick Pick Supermarket is a convenience store/grocer. While specific bakery evidence is not detailed, it is highly probable for a supermarket of this type to have substantial bakery provision.",,FP_GROCER_WEAK_EVIDENCE,NON_BAKERY,No location-specific evidence of bakery provision.,
14133,Sainsbury's (Clissold Quarter),sainsbury s clissold quarter,Retailers - supermarkets/hypermarkets,"255-259 GREEN LANES, Hackney, London",N4 2UX,Hackney,1149782,1,0.0284522082899441,YES,GROCER_BAKERY,,"Supermarket with a ""Retailers - supermarkets/hypermarkets"" FHRS type, indicating a general food retailer, and likely to have substantial bakery provision.",,FP_GROCER_WEAK_EVIDENCE,NON_BAKERY,No location-specific evidence of bakery provision.,
14167,Anabela’s,anabela s,Other catering premises,,TW3 ,Hounslow,1930892,1,0.0284005028759506,YES,CORE_BAKERY,,Home-based artisan sourdough bread and homemade pastry business that sells directly to customers via reservation or market dates.,,FP_EXCLUSION,NON_BAKERY,Current evidence meets an explicit exclusion criterion.,
14172,Budgens,budgens,Retailers - other,"4 The Parade Croydon Road, Penge, London",SE20 7AA,Bromley,357962,27,0.0283941872513788,YES,GROCER_BAKERY,,"Budgens is a convenience store/supermarket. While specific in-store bakery details are not explicitly stated for this branch, Budgens stores typically offer a range of baked goods.",,FP_GROCER_WEAK_EVIDENCE,NON_BAKERY,No location-specific evidence of bakery provision.,
14179,Cambridge Food & Wine,cambridge food and wine,Retailers - other,"Cambridge Food & Wine, 64-66 Cambridge Heath Road, London",E1 5QJ,Tower Hamlets,99942,1,0.02838513090714,YES,GROCER_BAKERY,,"Cambridge Food & Wine is listed as a grocer/convenience store. Co-op, a similar type of store, at a nearby Cambridge Heath Road location, explicitly mentions having a ""Bakery"" service.",,FP_INCONCLUSIVE_LOCATION,NON_BAKERY,This is an off-license with no bakery evidence,
14218,Pages & Blendz,pages and blendz,Takeaway/sandwich shop,"79 Fore Street, LONDON",N18 2TW,Enfield,1276091,1,0.0283196513949388,YES,BAKERY_CAFE,,"Cafe/takeaway with a substantial menu including pancakes, waffles, French toast, and other desserts, alongside sandwiches, burgers, and pizzas.",,FP_CAFE_WEAK_EVIDENCE,NON_BAKERY,Mainly a café brunch store with little to no bakery provision,
14263,RNS Newsagents,rns newsagents,Retailers - other,126 Burnt Oak Broadway Edgware,HA8 0BB,Barnet,1927232,1,0.0282404388537449,YES,GROCER_BAKERY,,"RNS Newsagents is identified as a newsagent and a general retailer, with services like InPost lockers and FedEx shipping, indicating a retail-other business type. There is no affirmative evidence of substantial bakery provision.",,FP_GROCER_WEAK_EVIDENCE,NON_BAKERY,No location-specific evidence of bakery provision.,
14298,Hari News and Convenience,hari news and convenience,Retailers - other,"3-5 Oak Road, Romford",RM3 0PH,Havering,897356,1,0.0281861855963313,YES,GROCER_BAKERY,,"Hari News and Convenience is identified as a news and convenience store, and a Londis retailer, which would typically have a substantial bakery provision.",,FP_GROCER_WEAK_EVIDENCE,NON_BAKERY,No location-specific evidence of bakery provision.,
14338,Tomis Fresh Macelarie Romaneasca,tomis fresh macelarie romaneasca,Retailers - other,71 Brent Street London,NW4 2EA,Barnet,1589645,1,0.0281144816826305,YES,GROCER_BAKERY,,"Tomis Fresh Macelarie Romaneasca is identified as a butcher shop and ""Retailers - other"" which implies a grocer, and while no specific bakery evidence is found, it's plausible for a grocer to have substantial bakery provision.",,FP_GROCER_WEAK_EVIDENCE,NON_BAKERY,No location-specific evidence of bakery provision.,
14344,Palmers,palmers,Retailers - other,"8 Weald Lane, Harrow",HA3 5ES,Harrow,1803269,1,0.0281082458506699,YES,GROCER_BAKERY,,"Palmers is identified as a grocer/convenience store and an off-licence/newsagent. There is no specific evidence of a substantial bakery provision at this location, but as a grocer, it is plausible.",,FP_GROCER_WEAK_EVIDENCE,NON_BAKERY,No location-specific evidence of bakery provision.,
14395,Twickenham Local Food & Wine,twickenham local food and wine,Retailers - other,"24 Staines Road, Twickenham, Richmond Upon Thames",TW2 5AH,Richmond-Upon-Thames,1684233,1,0.0280238483680175,YES,GROCER_BAKERY,,"Food and wine retailer with a diverse selection of food, likely including substantial bakery provision.",,FP_GROCER_WEAK_EVIDENCE,NON_BAKERY,No location-specific evidence of bakery provision.,
14414,Flotsam and jetsam dulwich picture gallery,flotsam and jetsam dulwich picture gallery,Restaurant/Cafe/Canteen,"Dulwich Picture Gallery, Gallery Road, London",SE21 7AD,Southwark,1751692,1,0.027977436266773,YES,BAKERY_CAFE,,"Cafe located within the Dulwich Picture Gallery, offering brunch, lunch, and light refreshments, with menu items like pancakes, eggs royale, and freshly made sweet treats.",,FP_CAFE_WEAK_EVIDENCE,NON_BAKERY,This is a café with mostly brunch and breakfast servings,https://www.dulwichpicturegallery.org.uk/visit-us/eating-drinking/
14464,Costcutters,costcutters,Retailers - other,"31-39, Norwood Road, London",SE24 9AA,Southwark,363425,7,0.0278791934039874,YES,GROCER_BAKERY,,"Costcutters at this address is a supermarket/convenience store. While specific bakery provision isn't detailed, as a general food retailer, it is highly likely to have a substantial bakery offering.",,FP_GROCER_WEAK_EVIDENCE,NON_BAKERY,No location-specific evidence of bakery provision.,
14468,Tottenham Food & Wine,tottenham food and wine,Retailers - other,"104 Northumberland Park, Tottenham, London",N17 0TS,Haringey,422533,1,0.0278704452772363,YES,GROCER_BAKERY,,"Tottenham Food & Wine is a supermarket/grocer. As a general food retailer, it is highly likely to have a substantial bakery offering.",,FP_GROCER_WEAK_EVIDENCE,NON_BAKERY,No location-specific evidence of bakery provision.,
14494,Hayat (London) Limited t/as Nisal Local,hayat london limited t as nisal local,Retailers - other,"56 William Barefoot Drive, Eltham, Greenwich",SE9 3AY,Greenwich,695387,1,0.0278277744454887,YES,GROCER_BAKERY,,"Retailer (Nisal Local) with a business type of ""Retailers - other"", which could encompass a grocer with substantial bakery provision.",,FP_GROCER_WEAK_EVIDENCE,NON_BAKERY,No location-specific evidence of bakery provision.,
14530,Kween Kream,kween kream,Restaurant/Cafe/Canteen,"Railway Arch, 276 Poyser Street, London",E2 9RF,Tower Hamlets,1697581,1,0.027758825573423,YES,BAKERY_CAFE,,"Kween Kream operates a cafe within the Vagina Museum, offering ""grab n go biscuits and other edible souvenirs"" alongside other treats.",,FP_CAFE_WEAK_EVIDENCE,NON_BAKERY,This store has since been removed,
14610,The Common Press Bookshop,the common press bookshop,Restaurant/Cafe/Canteen,"Glasshouse Common Counter & Common Press  Unit A, 114-118 Bethnal Green Road, London",E2 6DG,Tower Hamlets,99661,1,0.0276080603538529,YES,BAKERY_CAFE,,Bookshop with an integrated cafe that serves coffee and other refreshments.,,FP_CAFE_WEAK_EVIDENCE,NON_BAKERY,Insufficient and inconsistent bakery provision,
14773,Cornners,cornners,Retailers - other,"128 Morden Road, Mitcham, Merton",CR4 4DB,Merton,232139,6,0.0273512650831811,YES,GROCER_BAKERY,,Convenience store with no specific evidence of substantial bakery provision.,,FP_GROCER_WEAK_EVIDENCE,NON_BAKERY,No location-specific evidence of bakery provision.,
14854,London Hilton,london hilton,Hotel/bed & breakfast/guest house,"LONDON HILTON 22 PARK LANE, LONDON",W1K 1BE,Westminster,427840,1,0.0272066420934499,YES,BAKERY_CAFE,NOT_BAKERY,"The London Hilton on Park Lane has ""The EL&N Deli & Bakery"" listed as one of its dining options, indicating a bakery presence within the hotel.",No strong evidence of bakery provision,FP_V2_MANUAL_NOT_BAKERY,NON_BAKERY,,
14898,Hayes Mini Mart,hayes mini mart,Retailers - other,"26 Hayes Street, Hayes, Bromley",BR2 7LD,Bromley,358478,2,0.0271469314108901,YES,GROCER_BAKERY,,"Hayes Mini Mart is a convenience store/retailer. While specific bakery provision is not detailed, similar establishments often have a substantial fresh bakery range, and it is listed as a ""supermarket"" in some sources.",,FP_GROCER_WEAK_EVIDENCE,NON_BAKERY,No location-specific evidence of bakery provision.,
14944,Portland's 24/7,portland s 24 7,Retailers - other,"Premier House, 150 Southampton Row, London",WC1B 5AN,Camden,425724,1,0.0270718118161592,YES,GROCER_BAKERY,,"Convenience store operating 24/7 with a range of groceries, likely including substantial baked goods.",,FP_GROCER_WEAK_EVIDENCE,NON_BAKERY,No location-specific evidence of bakery provision.,
15022,Elmers End News,elmers end news,Retailers - other,"74 Croydon Road, Beckenham",BR3 4DF,Bromley,357187,1,0.0269409885403255,YES,GROCER_BAKERY,,"This is a newsagent and convenience store that sells groceries and may have incidental baked goods, but there is no affirmative evidence of substantial bakery provision.",,FP_GROCER_WEAK_EVIDENCE,NON_BAKERY,No location-specific evidence of bakery provision.,
15029,Wallington Grocery,wallington grocery,Retailers - other,"116 Manor Road, Wallington",SM6 0DS,Sutton,899073,1,0.0269321083437307,YES,GROCER_BAKERY,,"Wallington Grocery is a grocery store. While it sells food, there is no affirmative evidence of a substantial bakery provision at this location.",,FP_GROCER_WEAK_EVIDENCE,NON_BAKERY,No location-specific evidence of bakery provision.,
15064,Ink@84 Bookshop,ink 84 bookshop,Other catering premises,"Ink@84 Bookshop, 84 Highbury Park, London, N5 2XE",N5 2XE,Islington,851569,1,0.0268826993461557,YES,BAKERY_CAFE,,"This is a bookshop that also operates as a cafe and bar, selling coffee, tea, and other drinks.",,FP_CAFE_WEAK_EVIDENCE,NON_BAKERY,There is insufficient evidence of baked goods being provided at this location,
15174,Belmont Superstore,belmont superstore,Retailers - other,"9 Warwick Parade, Kenton Lane",HA3 8SA,Harrow,276800,1,0.0267238832392128,YES,GROCER_BAKERY,,"Belmont Superstore is identified as a grocer/convenience store. There is no specific evidence of a substantial bakery provision at this location, but as a ""superstore"" it is highly likely to have one.",,FP_GROCER_WEAK_EVIDENCE,NON_BAKERY,No location-specific evidence of bakery provision.,
15210,Browns Newsagent,browns newsagent,Retailers - other,"14 - 16 Pickford Lane, Bexleyheath, Kent",DA7 4QW,Bexley,1559773,1,0.0266801931817063,YES,GROCER_BAKERY,,"Newsagent and Post Office with an InPost locker, indicating a retail establishment that likely sells some baked goods, but not as a primary focus.",,FP_GROCER_WEAK_EVIDENCE,NON_BAKERY,No location-specific evidence of bakery provision.,
15290,Towpath,towpath,Restaurant/Cafe/Canteen,"42-44 DE BEAUVOIR CRESCENT, Hackney, London",N1 5SB,Hackney,1794638,1,0.0265736495129717,YES,BAKERY_CAFE,NOT_BAKERY,"Canal-side cafe serving coffee, small plates, and noted for its bread and baked goods.",Mainly serving breakfast with a lack of bakery focus,FP_V2_MANUAL_NOT_BAKERY,NON_BAKERY,,
15319,Sunny?s corner,sunny s corner,Retailers - other,"BASEMENT AND GROUND FLOOR 353 HARROW ROAD, LONDON",W9 3NA,Westminster,1728399,1,0.0265240299167286,YES,GROCER_BAKERY,,"Sunny's Corner is described as an off-licence and convenience store. While specific bakery details are not available, its classification as ""Retailers - other"" and the nature of a convenience store suggest it would fall under a general food retailer that may have substantial bakery provision.",,FP_GROCER_WEAK_EVIDENCE,NON_BAKERY,No location-specific evidence of bakery provision.,
15455,Gratka,gratka,Retailers - other,"142 High Street, Walthamstow, London",E17 7JS,Waltham Forest,1097287,1,0.0263027493366905,YES,GROCER_BAKERY,,"Polish supermarket that sells fresh meat, fruit, and vegetables, and is likely to have a substantial bakery provision given its nature as a European deli.",,FP_GROCER_WEAK_EVIDENCE,NON_BAKERY,No location-specific evidence of bakery provision.,
15498,Marks & Spencer Plc,marks and spencer plc,Retailers - supermarkets/hypermarkets,"126-128 Muswell Hill Broadway, Hornsey, London",N10 3RU,Haringey,422526,2,0.0262350394612294,YES,GROCER_BAKERY,,"Supermarket (M&S Foodhall) with a dedicated foodhall offering, which typically includes a substantial bakery provision.",,FP_GROCER_WEAK_EVIDENCE,NON_BAKERY,No location-specific evidence of bakery provision.,
15554,Nessy's & Normans,nessy s and normans,Restaurant/Cafe/Canteen,"5 Mulberry Parade, West Drayton",UB7 9AE,Hillingdon,1807511,1,0.0261629256683704,YES,BAKERY_CAFE,,Nessy's & Normans is a coffee shop/cafe. Social media and website evidence indicate it operates as a cafe.,,FP_CAFE_WEAK_EVIDENCE,BAKERY_CAFE,Agree with AI,
15565,Copelands Londis,copelands londis,Retailers - other,"280 Days Lane, Sidcup, Kent",DA15 8PG,Bexley,1705787,1,0.026145554014029,YES,GROCER_BAKERY,,"Londis convenience store, which typically offers a range of baked goods.",,FP_GROCER_WEAK_EVIDENCE,NON_BAKERY,No location-specific evidence of bakery provision.,
15645,Shell Waitrose Kingston Hill,shell waitrose kingston hill,Retailers - other,"187-201 London Road, Kingston Upon Thames",KT2 6PQ,Kingston-Upon-Thames,1385334,1,0.0260131550539043,YES,GROCER_BAKERY,,"Shell Waitrose Kingston Hill is a Shell service station that includes a Waitrose store, which is a supermarket. Waitrose stores typically have substantial bakery provisions.",,FP_GROCER_WEAK_EVIDENCE,NON_BAKERY,No location-specific evidence of bakery provision.,
15670,Central Quick Stop,central quick stop,Retailers - other,"270 Hoe Street, Walthamstow, London",E17 9QD,Waltham Forest,1086191,1,0.0259759407306568,YES,GROCER_BAKERY,,Convenience store that is likely to sell a range of baked goods.,,FP_GROCER_WEAK_EVIDENCE,NON_BAKERY,No location-specific evidence of bakery provision.,
15687,Tamworth Newsagents,tamworth newsagents,Retailers - other,"44 - 46 Tamworth Lane, Mitcham, Merton",,Merton,764054,1,0.0259526781877299,YES,GROCER_BAKERY,,"Newsagent with an InPost locker, indicating it's a retail store that likely sells some baked goods.",,FP_GROCER_WEAK_EVIDENCE,NON_BAKERY,No location-specific evidence of bakery provision.,
15721,The Muddy Puddle,the muddy puddle,Restaurant/Cafe/Canteen,"142 ALBION ROAD STOKE NEWINGTON HACKNEY, Hackney, London",N16 9PA,Hackney,1514444,1,0.0259062496567161,YES,BAKERY_CAFE,,"Cafe operating as a plant-filled cafe by day, serving vegan empanadas.",,FP_CAFE_WEAK_EVIDENCE,NON_BAKERY,This is an events venue,
15781,Rayyans,rayyans,Retailers - other,"Docklands Food & Wine, 502 Commercial Road, London",E1 0HY,Tower Hamlets,83684,1,0.0258207981809106,YES,GROCER_BAKERY,,"""Rayyans"" is identified as ""Docklands Food & Wine"" and its FHRS type is ""Retailers - other"", indicating a general food retailer. There is no affirmative evidence of substantial bakery provision at this location.",,FP_GROCER_WEAK_EVIDENCE,NON_BAKERY,No location-specific evidence of bakery provision.,
15787,Shandy's Covenience Store,shandy s covenience store,Retailers - supermarkets/hypermarkets,"164 Manor Park Road, London",NW10 4JT,Brent,532304,1,0.0258056375476213,YES,GROCER_BAKERY,,"""Shandy's Convenience Store"" is a convenience store. There is no affirmative evidence of substantial bakery provision at this location.",,FP_GROCER_WEAK_EVIDENCE,NON_BAKERY,No location-specific evidence of bakery provision.,
15914,Signoria,signoria,Restaurant/Cafe/Canteen,"53, Lordship Lane, London",SE22 8EP,Southwark,974202,1,0.0256013576180389,YES,BAKERY_CAFE,NOT_BAKERY,"Signoria is described as a cafe and restaurant offering authentic Italian food, including pastries and cannoli, with reviews mentioning it as a good place for breakfast and authentic Italian food or pastries. This indicates a substantial and persistent bakery range.",Rebranded into more of a restaurant,FP_V2_MANUAL_NOT_BAKERY,NON_BAKERY,,
15966,Patrycja,patrycja,Retailers - other,17 Church Hill Road Barnet,EN4 8SY,Barnet,757683,1,0.0255256710174947,YES,GROCER_BAKERY,NOT_BAKERY,Polish grocery store with affirmative evidence of selling handmade bread and other baked goods.,Mainly a supermarket,FP_V2_MANUAL_NOT_BAKERY,NON_BAKERY,,
16215,Select Magazin Romanesc,select magazin romanesc,Retailers - other,"79 Plashet Grove, East Ham, London",E6 1AD,Newham,1639031,1,0.025178278965705,YES,GROCER_BAKERY,,"Select Magazin Romanesc is a Romanian food store, which is a type of grocer. While specific bakery provision at this exact location isn't detailed, it's highly probable for a specialized food retailer to have substantial bakery offerings.",,FP_GROCER_WEAK_EVIDENCE,NON_BAKERY,No location-specific evidence of bakery provision.,
16236,Jay's Superstore,jay s superstore,Retailers - other,"107 Midhurst Road, West Ealing",W13 9TJ,Ealing,1785417,1,0.0251505611268155,YES,GROCER_BAKERY,,"Jay's Superstore is a supermarket/convenience store. While specific bakery evidence is not detailed, as a superstore, it is highly likely to have substantial bakery provision.",,FP_GROCER_WEAK_EVIDENCE,NON_BAKERY,No location-specific evidence of bakery provision.,
16293,Magazin Romanesc Diana,magazin romanesc diana,Retailers - other,"221 High Street North, East Ham, London",E6 1JG,Newham,1063454,1,0.0250595514984473,YES,GROCER_BAKERY,,"Magazin Romanesc Diana is identified as a grocery store. While specific bakery provision isn't detailed, as a ""Retailers - other"" FHRS type and a grocery store, it's reasonable to assume it has some bakery offerings, qualifying it as a GROCER_BAKERY.",,FP_GROCER_WEAK_EVIDENCE,NON_BAKERY,No location-specific evidence of bakery provision.,
16296,Shell West Wickham Service Station,shell west wickham service station,Retailers - other,"Wickham Manor Service Station 171 High Street, West Wickham",BR4 0LU,Bromley,1468041,1,0.0250538724519627,YES,GROCER_BAKERY,,"Shell West Wickham Service Station is a Londis convenience store located within a Shell petrol station. Convenience stores typically offer a range of baked goods, qualifying it as a GROCER_BAKERY.",,FP_GROCER_WEAK_EVIDENCE,NON_BAKERY,No location-specific evidence of bakery provision.,
16309,Latin American Shop,latin american shop,Restaurant/Cafe/Canteen,"183 Stockwell Road, London",SW9 9SJ,Lambeth,1288205,1,0.0250362649080694,YES,GROCER_BAKERY,NOT_BAKERY,"Latin American Shop at 183 Stockwell Road, SW9 9SJ, is identified as a Latin American supermarket or grocer. While specific evidence of an in-store bakery is not explicitly stated, the nature of a ""Latin American Supermarket"" or ""Latin Products in London UK"" suggests a broad range of food products, and it is plausible that substantial bakery provision exists, aligning with the GROCER_BAKERY classification.",Insufficient physical evidence for this business,FP_V2_MANUAL_NOT_BAKERY; FP_GROCER_WEAK_EVIDENCE,NON_BAKERY,,
16339,Konditor,konditor,Takeaway/sandwich shop,"15 Cullum Street, London",EC3M 7JJ,City of London Corporation,1660749,2,0.0249833853555065,YES,CORE_BAKERY,,"Konditor is a well-established bakery with multiple London locations, and the Cullum Street branch is a customer-facing retail location selling cakes, brownies, and other baked goods.",,FP_CORE_SPECIALISED_PRODUCT,CORE_BAKERY,Agree with AI,
16350,Budgens - Putney,budgens putney,Retailers - other,"Shell Putney Service Station 134 West Hill, London, Wandsworth",SW15 2UE,Wandsworth,1800846,1,0.0249740051491809,YES,GROCER_BAKERY,,"Budgens is a supermarket chain, and this location is a convenience store that is likely to offer a substantial bakery provision as part of its general food retail.",,FP_GROCER_WEAK_EVIDENCE,NON_BAKERY,No location-specific evidence of bakery provision.,
16448,Beaufort Fresh,beaufort fresh,Retailers - other,5 Beaufort Square London,NW9 4BP,Barnet,1567719,1,0.0248120462611908,YES,GROCER_BAKERY,NOT_BAKERY,"Retailer with evidence of selling a selection of grocery items, baked goods, or sandwiches, suggesting substantial bakery provision.",Convenience store,FP_V2_MANUAL_NOT_BAKERY,NON_BAKERY,,
16490,"Haji Baba Ltd, Asda Superstore",haji baba ltd asda superstore,Retailers - other,"130 Chase Side, LONDON",N14 5PW,Enfield,1030271,1,0.0247738743399277,YES,GROCER_BAKERY,,"Haji Baba Ltd operates a halal meat counter within the Asda Superstore, and Asda is a supermarket that typically has a substantial bakery provision.",,FP_GROCER_WEAK_EVIDENCE,NON_BAKERY,No location-specific evidence of bakery provision.,
16527,BP Swanley Service Station,bp swanley service station,Retailers - other,"Swanley Service Station Swanley Bypass, Swanley",DA14 5JA,Bromley,1593626,1,0.0247391008839759,YES,GROCER_BAKERY,,"BP Swanley Service Station is a petrol station with a Wild Bean Cafe, which is a convenience retailer that typically offers a range of baked goods.",,FP_GROCER_WEAK_EVIDENCE,NON_BAKERY,No location-specific evidence of bakery provision.,
16817,The West Country Farmshop Ltd,the west country farmshop ltd,Retailers - other,"566 King's Road, London",SW6 2DY,Hammersmith and Fulham,1761300,1,0.0243209509072129,YES,GROCER_BAKERY,,"""The West Country Farmshop Ltd"" is a farm shop selling sustainable British produce, including meat and cheese, and is described as a general food retailer. While not explicitly stated as having an in-store bakery, a farm shop of this nature would typically have a substantial bakery provision as part of its retail offering.",,FP_GROCER_WEAK_EVIDENCE,NON_BAKERY,No location-specific evidence of bakery provision.,
16900,Grove Park Deli Ltd,grove park deli ltd,Retailers - other,"22 Fauconberg Road, Chiswick",W4 3JY,Hounslow,490122,1,0.0242337834708548,YES,BAKERY_CAFE,NOT_BAKERY,"Deli offering a substantial range of artisan breads, homemade cakes, quiches, and sausage rolls, alongside other deli items and meals.",The identity of this establishment does not seem bakery related,FP_V2_MANUAL_NOT_BAKERY,NON_BAKERY,,
16906,Fable,fable,Restaurant/Cafe/Canteen,"9 Station Approach, Kew, Richmond Upon Thames",TW9 3QB,Richmond-Upon-Thames,353308,1,0.0242226155376019,YES,BAKERY_CAFE,NOT_BAKERY,"Cafe and restaurant serving specialty coffee, breakfast, brunch, and small plates, with a ""breakfast & bakery"" menu that includes fresh pastries.",Mainly a restaurant serving brunch,FP_V2_MANUAL_NOT_BAKERY,BAKERY_CAFE,Agree with AI,
16942,Paprika Store Twickenham,paprika store twickenham,Retailers - other,"40B Heath Road, Twickenham, Richmond Upon Thames",TW1 4BZ,Richmond-Upon-Thames,1574382,1,0.0241829347631797,YES,GROCER_BAKERY,NOT_BAKERY,"Hungarian grocery store with a focus on Hungarian products, including pastries and baked goods.",Supermarket,FP_V2_MANUAL_NOT_BAKERY,NON_BAKERY,,
16969,Craven Park Local,craven park local,Retailers - supermarkets/hypermarkets,"28 Craven Park Road, London",NW10 4AB,Brent,1758832,1,0.0241338664963014,YES,GROCER_BAKERY,,"Supermarket/convenience store that also operates as a Post Office, indicating a retail environment where a substantial bakery provision could exist.",,FP_GROCER_WEAK_EVIDENCE,NON_BAKERY,No location-specific evidence of bakery provision.,
16983,Blackheath Shopping Mart,blackheath shopping mart,Retailers - other,"60 Charlton Road, Charlton, Greenwich",SE3 8TT,Greenwich,694198,1,0.0241132963282243,YES,GROCER_BAKERY,,"Blackheath Shopping Mart is identified as a general food retailer (shopping mart, off licence). While specific evidence of an in-store bakery is not explicitly stated, the nature of a ""shopping mart"" suggests it would have a substantial bakery provision as part of its general food retail offering, similar to a convenience store or grocer. Blackheath Village also has a selection of patisseries, cafes and delicatessens.",,FP_GROCER_WEAK_EVIDENCE,NON_BAKERY,No location-specific evidence of bakery provision.,
17035,Cheshire St Minimart (CSM),cheshire st minimart csm,Retailers - other,"Cheshire St Minimart (CSM), 68a Cheshire Street, London",E2 6EH,Tower Hamlets,1398080,1,0.0240590727190317,YES,GROCER_BAKERY,,"Cheshire St Minimart (CSM) is identified as a convenience store/minimart. While specific bakery evidence for this exact location is not detailed, as a minimart, it is highly likely to have a substantial bakery provision.",,FP_GROCER_WEAK_EVIDENCE,NON_BAKERY,No location-specific evidence of bakery provision.,
17047,Serans,serans,Retailers - other,"147 Stafford Road, Wallington",SM6 9BN,Sutton,1222623,1,0.0240435761114202,YES,GROCER_BAKERY,,"Sri Lankan and Indian food store, which is a general food retailer, and is likely to have substantial bakery provision given its nature as an ethnic grocer.",,FP_GROCER_WEAK_EVIDENCE,NON_BAKERY,No location-specific evidence of bakery provision.,
17152,Shell Service Station and Shop,shell service station and shop,Retailers - other,"Shell Service Station and Shop, 139-149 Whitechapel Road, London",E1 1DT,Tower Hamlets,99994,1,0.0239079781777407,YES,GROCER_BAKERY,,"Shell Service Station and Shop is a convenience store that offers ""deli By Shell"" and Costa Express, indicating substantial food retail, which may include baked goods.",,FP_GROCER_WEAK_EVIDENCE,NON_BAKERY,No location-specific evidence of bakery provision.,
17167,G S Spend n Save,g s spend n save,Retailers - other,"242-244 Yeading Lane, Hayes",UB4 9AX,Hillingdon,518746,1,0.023885915903394,YES,GROCER_BAKERY,,"G S Spend n Save is a retailer. While specific bakery evidence for this location is not explicitly detailed, the FHRS type ""Retailers - other"" combined with the name ""Spend n Save"" suggests a convenience store or grocer. Without further information, it's assumed to be a grocer with some bakery provision.",,FP_GROCER_WEAK_EVIDENCE,NON_BAKERY,No location-specific evidence of bakery provision.,
17253,Quick Stop,quick stop,Retailers - other,"278 Chingford Road, Walthamstow, London",E17 5AL,Waltham Forest,515187,2,0.0237782343664488,YES,GROCER_BAKERY,,"Quick Stop is identified as a convenience store. While it sells various items, there is no affirmative evidence of substantial bakery provision at this specific location beyond incidental baked goods. However, as a convenience store, it falls under the grocer category.",,FP_GROCER_WEAK_EVIDENCE,NON_BAKERY,No location-specific evidence of bakery provision.,
17258,Romeo And Juliets,romeo and juliets,Restaurant/Cafe/Canteen,5 Lyttelton Road London,N2 0DW,Barnet,1854677,1,0.023773184104331,YES,BAKERY_CAFE,NOT_BAKERY,"Romeo And Juliets is described as a luxury dog-friendly cafe that offers homemade human food, coffee, and treats for dogs. The description of ""homemade and delicious"" food, along with ""almond croissant"" mentioned in a review, suggests a substantial bakery offering within a cafe setting.",Mainly a south asian café that is also dog friendly,FP_V2_MANUAL_NOT_BAKERY,BAKERY_CAFE,Agree with AI,
17278,New Burlington Minimarket,new burlington minimarket,Retailers - other,"224 Burlington Road, New Malden, Merton",KT3 4NW,Merton,486433,1,0.0237495181011524,YES,GROCER_BAKERY,,Convenience store/minimarket that is likely to have a substantial bakery provision.,,FP_GROCER_WEAK_EVIDENCE,NON_BAKERY,No location-specific evidence of bakery provision.,
17319,Kostless Food & Wine,kostless food and wine,Retailers - other,"9 - 11 Balham High Road, London, Wandsworth",SW12 9AJ,Wandsworth,1571863,1,0.0236974329943894,YES,GROCER_BAKERY,,"Food & Wine retailer (convenience store) that sells frozen food, soft drinks, and other groceries. No evidence of substantial bakery provision.",,FP_GROCER_WEAK_EVIDENCE,NON_BAKERY,No location-specific evidence of bakery provision.,
17339,Co-operative Group,co operative group,Retailers - supermarkets/hypermarkets,"17 URBAN HIVE THEYDON ROAD, Hackney, London",E5 9BQ,Hackney,521939,2,0.0236755479798678,YES,GROCER_BAKERY,,"Co-operative Group at 17 Urban Hive Theydon Road is a supermarket/hypermarket. While specific details about an in-store bakery are not explicitly stated, Co-op supermarkets typically have a substantial fresh bakery range, and the FHRS type supports this classification.",,FP_GROCER_WEAK_EVIDENCE,NON_BAKERY,No location-specific evidence of bakery provision.,
17413,La Nicoleta,la nicoleta,Retailers - other,"205A Philip Lane, Tottenham, London",N15 4HL,Haringey,1050693,1,0.0235797186926439,YES,GROCER_BAKERY,NOT_BAKERY,"Romanian grocery shop with affirmative evidence of a substantial bakery provision, including freshly baked cozonac, cornulețe, and fresh bread.",Mainly a supermarket,FP_V2_MANUAL_NOT_BAKERY,NON_BAKERY,,
17464,Enfield Pound Plus,enfield pound plus,Retailers - supermarkets/hypermarkets,"254-256 Hertford Road, ENFIELD",EN3 5BL,Enfield,1024327,1,0.0235099990899448,YES,GROCER_BAKERY,,"Enfield Pound Plus is identified as a supermarket/hypermarket. While specific bakery provision isn't detailed, as a supermarket, it is highly likely to have a substantial bakery section.",,FP_GROCER_WEAK_EVIDENCE,NON_BAKERY,No location-specific evidence of bakery provision.,
17556,Yourspace.compost,yourspace compost,Restaurant/Cafe/Canteen,"Seears Park Nursery And Tea Rooms, Seears Park, St Dunstans Hill, Cheam",,Sutton,1401270,1,0.0233908324481283,YES,BAKERY_CAFE,,"This establishment operates a ""Cloche Garden Tearoom"" at Seears Park Nursery, which serves as a customer-facing food-service business.",,FP_CAFE_WEAK_EVIDENCE,NON_BAKERY,This is largely a community centre that holds events,
17599,La Bacanie Groceries,la bacanie groceries,Retailers - other,"621 High Road Leyton, Leyton, London",E10 6RF,Waltham Forest,899264,1,0.0233441383316224,YES,GROCER_BAKERY,,"La Bacanie Groceries is a general food retailer. While specific details about an in-store bakery are not explicitly stated, the name ""Groceries"" and business type ""Retailers - other"" suggest it is a grocer, and it is plausible for such a business to have substantial bakery provision. Without further evidence to the contrary, it is classified as GROCER_BAKERY based on the likelihood of a substantial bakery offering within a grocery store.",,FP_GROCER_WEAK_EVIDENCE,NON_BAKERY,No location-specific evidence of bakery provision.,
17777,BENS,bens,Retailers - other,"122 ST JOHN'S WOOD HIGH STREET, LONDON",NW8 7SG,Westminster,1775713,2,0.023097976211124,YES,GROCER_BAKERY,,"""BENS"" is a greengrocer chain selling fresh produce. While it is a grocer, there is no affirmative evidence of substantial bakery provision at this specific location.",,FP_GROCER_WEAK_EVIDENCE,NON_BAKERY,No location-specific evidence of bakery provision.,
17781,Berry & Maple,berry and maple,Restaurant/Cafe/Canteen,"2 Cavendish Parade, Clapham Common South Side, London",SW4 9DW,Lambeth,1831572,1,0.0230941378150835,YES,BAKERY_CAFE,,Berry & Maple is a brunch cafe that features French toast as a signature dish and offers a substantial range of breakfast plates and sweet treats.,,FP_CAFE_WEAK_EVIDENCE,NON_BAKERY,This is mainly a breakfast and brunch place with little evidence of bakery goods,
17925,The Attendant,the attendant,Takeaway/sandwich shop,"27A FOLEY STREET, LONDON",W1W 6DY,Westminster,772742,1,0.0229485886143477,YES,BAKERY_CAFE,,"Cafe serving breakfast, brunch, and lunch menus, as well as granola and other treats directly from their kitchen, and roasting their own coffee.",,FP_CAFE_WEAK_EVIDENCE,BAKERY_CAFE,,https://share.google/4EzHmjnHyy5JWtAiC
17942,RK Mini Market,rk mini market,Retailers - other,"Shop Sinclair House, 74 Willoughby Lane, Tottenham, London",N17 0SP,Haringey,1063201,1,0.0229276671505827,YES,GROCER_BAKERY,,"RK Mini Market is a retail store with ""food, beverages or tobacco predominating"" and is likely to have substantial bakery provision as a mini-market.",,FP_GROCER_WEAK_EVIDENCE,NON_BAKERY,No location-specific evidence of bakery provision.,
17989,Londis (Acton),londis acton,Retailers - other,"74 Osborne Road, Acton",W3 8SR,Ealing,1783734,1,0.02287761379865,YES,GROCER_BAKERY,,Convenience store (Londis) which typically offers a range of groceries including bread and baked goods.,,FP_GROCER_WEAK_EVIDENCE,NON_BAKERY,No location-specific evidence of bakery provision.,
18160,Roti Empress,roti empress,Other catering premises,,SE6 ,Lewisham,1782429,1,0.0227358361773961,YES,CORE_BAKERY,,"Online business specializing in roti skins for collection, indicating a bakery-led identity.",,FP_EXCLUSION,NON_BAKERY,Current evidence meets an explicit exclusion criterion.,
18194,Hardel Fruiterers Ltd,hardel fruiterers ltd,Retailers - other,"60 Red Lion Street, London",WC1R 4PD,Camden,424360,1,0.0226981356451715,YES,GROCER_BAKERY,,"Hardel Fruiterers Ltd is identified as a greengrocer and food retailer. While specific bakery provision isn't detailed, as a grocer, it's plausible to have substantial bakery offerings.",,FP_GROCER_WEAK_EVIDENCE,NON_BAKERY,No location-specific evidence of bakery provision.,
18199,Your Local,your local,Retailers - other,"2 Bourne Circus, Bourne Avenue, Hayes",UB3 1PS,Hillingdon,519679,3,0.022695969172505,YES,GROCER_BAKERY,,"Your Local is identified as a convenience store. As a general food retailer, it is plausible to have substantial bakery provision.",,FP_GROCER_WEAK_EVIDENCE,NON_BAKERY,No location-specific evidence of bakery provision.,
18299,Italian touch by Francesco Palumbo,italian touch by francesco palumbo,Takeaway/sandwich shop,"147 HACKNEY ROAD, Hackney, London",E2 8JL,Hackney,1766427,1,0.022605586337328,YES,BAKERY_CAFE,,"""Italian Touch by Francesco Palumbo"" is an authentic Neapolitan artisan bakery and private chef service with a dark kitchen in Hackney, offering a range of sweet and savoury baked goods for delivery and takeaway.",,FP_EXCLUSION,NON_BAKERY,Current evidence meets an explicit exclusion criterion.,
18305,Beyond Cash And Carry,beyond cash and carry,Retailers - other,"157 Green Street, Forest Gate, London",E7 8JE,Newham,1836288,1,0.0226014546250997,YES,GROCER_BAKERY,,"Beyond Cash And Carry is a retailer, likely a wholesale or large format grocery store. While specific bakery evidence is not available, it is highly probable that it sells a substantial range of baked goods typical of such establishments.",,FP_GROCER_WEAK_EVIDENCE,NON_BAKERY,No location-specific evidence of bakery provision.,
18330,Costcutter Express- LV Supermarket Limited,costcutter express lv supermarket limited,Retailers - supermarkets/hypermarkets,"205 Edgware Road, Kingsbury, London",NW9 6LP,Brent,533887,1,0.0225711380280418,YES,GROCER_BAKERY,,Convenience store classified as a supermarket/hypermarket that is likely to have a substantial bakery provision.,,FP_GROCER_WEAK_EVIDENCE,NON_BAKERY,No location-specific evidence of bakery provision.,
18398,Melrose and Morgan (Primrose Hill),melrose and morgan primrose hill,Retailers - other,"42 Gloucester Avenue, London",NW1 8JD,Camden,425093,1,0.0224958349608158,YES,GROCER_BAKERY,NOT_BAKERY,"Melrose and Morgan (Primrose Hill) is a grocer/deli that offers a wide range of freshly prepared food, including a spectacular array of cakes, pastries, and bread.",Inactive,FP_V2_MANUAL_NOT_BAKERY,NON_BAKERY,,
18577,Leyton Local Express,leyton local express,Retailers - other,"238 High Road Leyton, Leyton, London",E10 5PS,Waltham Forest,1082460,1,0.0222974516004275,YES,GROCER_BAKERY,,"Convenience store with an InPost locker, implying a retail setting that could have substantial bakery provision, but no specific evidence of bakery.",,FP_GROCER_WEAK_EVIDENCE,NON_BAKERY,No location-specific evidence of bakery provision.,
18718,Viaduct Service Station,viaduct service station,Retailers - other,"354 Uxbridge Road, Southall, Ealing",UB1 3EJ,Ealing,1931563,1,0.02213738069263,YES,GROCER_BAKERY,,"Petrol station with a Londis convenience store, which is a general food retailer. The description mentions stocking ""essential supplies for households"" and being ""in line with supermarkets,"" suggesting a substantial retail offering that could include bakery items.",,FP_GROCER_WEAK_EVIDENCE,NON_BAKERY,No location-specific evidence of bakery provision.,
18756,Cafe Central Ltd,cafe central ltd,Restaurant/Cafe/Canteen,"Unit 59, 71 - 73 The Mall, Stratford, London",E15 1XQ,Newham,1720141,1,0.0221064192379376,YES,BAKERY_CAFE,NOT_BAKERY,"Cafe that bakes a selection of sweet and savoury treats and offers a wide range of freshly cooked breakfast items, indicating a substantial bakery offering.",Mainly a café serving breakfast,FP_V2_MANUAL_NOT_BAKERY,NON_BAKERY,,
18764,Londis ? Foxberry,londis foxberry,Retailers - other,"Brockley Social Club, 240-242 Brockley Road, London",SE4 2SU,Lewisham,1950747,1,0.0221004034436064,YES,GROCER_BAKERY,,"Londis Foxberry is a convenience store. Londis stores typically offer a range of everyday essentials, including fresh produce and food to go, which can include baked goods.",,FP_GROCER_WEAK_EVIDENCE,NON_BAKERY,No location-specific evidence of bakery provision.,
18826,Turnham Londis,turnham londis,Retailers - other,"76 Turnham Green Terrace, Chiswick",W4 1QN,Hounslow,490008,1,0.0220461204082094,YES,GROCER_BAKERY,,Turnham Londis is a convenience store that is likely to have a broad persistent fresh bakery range as part of its general food retail offering.,,FP_GROCER_WEAK_EVIDENCE,NON_BAKERY,No location-specific evidence of bakery provision.,
18897,Forwood Newsagents,forwood newsagents,Retailers - other,"169A Forest Lane, Forest Gate, London",E7 9BB,Newham,817862,1,0.0219675154595858,YES,GROCER_BAKERY,,"Newsagent, which is a type of general food retailer, and likely sells packaged baked goods.",,FP_GROCER_WEAK_EVIDENCE,NON_BAKERY,No location-specific evidence of bakery provision.,
19045,Fair Price Foods,fair price foods,Retailers - other,11 Church Road London,NW4 4EB,Barnet,756689,1,0.0218185073645139,YES,GROCER_BAKERY,,"""Fair Price Foods"" is identified as a retailer/supermarket, and while specific bakery provision isn't detailed, it's likely to have a substantial bakery offering as a general food retailer.",,FP_GROCER_WEAK_EVIDENCE,NON_BAKERY,No location-specific evidence of bakery provision.,
19046,Homesdale Food & Wine,homesdale food and wine,Retailers - other,"213 Homesdale Road, Bromley",BR1 2QL,Bromley,357456,1,0.021818265173865,YES,GROCER_BAKERY,,"""Homesdale Food & Wine"" is a Londis convenience store, which typically includes a range of everyday essentials and food to go, including some bakery items.",,FP_GROCER_WEAK_EVIDENCE,NON_BAKERY,No location-specific evidence of bakery provision.,
19098,Wandsworth Mini Mart,wandsworth mini mart,Retailers - other,"473 - 475 Wandsworth Road, London, LONDON",SW8 4NX,Lambeth,1437384,1,0.0217742908677925,YES,GROCER_BAKERY,,"Supermarket/mini mart selling groceries, with no specific evidence of a substantial in-store bakery.",,FP_GROCER_WEAK_EVIDENCE,NON_BAKERY,No location-specific evidence of bakery provision.,
19120,Dor De'Acasa,dor de acasa,Retailers - other,"29 Station Parade, Feltham",TW14 9DF,Hounslow,1536885,1,0.0217610438429366,YES,GROCER_BAKERY,NOT_BAKERY,"""Dor De'Acasa"" at 29 Station Parade, Feltham, TW14 9DF is identified as a retailer. Social media and local listings indicate it sells Romanian products, including baked goods, and an InPost locker is located at ""Feltham Supermarket"" at the same address, suggesting a retail environment.",Convenience store,FP_V2_MANUAL_NOT_BAKERY,NON_BAKERY,,
19128,Friends Cafe & Sweets,friends cafe and sweets,Restaurant/Cafe/Canteen,"419 High Road, Ilford",IG1 1TR,Redbridge,1400774,1,0.0217547334579629,YES,BAKERY_CAFE,NOT_BAKERY,"Friends Cafe & Sweets at 419 High Road, Ilford, IG1 1TR is identified as a cafe. Its menu and reviews mention coffee, cakes, and pastries, indicating a substantial bakery offering alongside other cafe items.",Insufficient physical evidence for this business,FP_V2_MANUAL_NOT_BAKERY,NON_BAKERY,,
19253,T. BUCKWHEAT TEA (trading name of KSLD LIMITED),t buckwheat tea trading name of ksld limited,Retailers - other,,NW6 ,Camden,1471681,1,0.0216387936191683,YES,GROCER_BAKERY,,"""T. BUCKWHEAT TEA (trading name of KSLD LIMITED)"" is identified as a convenience store that sells buckwheat tea. While the primary product is tea, a convenience store falls under the grocer category, and the sale of a specialized food product like buckwheat tea, especially if prepared or packaged on-site, could constitute substantial bakery provision in a broader sense for a grocer.",,FP_GROCER_WEAK_EVIDENCE,NON_BAKERY,No location-specific evidence of bakery provision.,
19344,Anna's Polish Shop,anna s polish shop,Retailers - other,"58 - 60 Well Hall Road, Eltham, Greenwich",SE9 6SH,Greenwich,726827,1,0.0215469289738377,YES,GROCER_BAKERY,,"Independent Polish food shop stocking a range of Polish grocery products, which would typically include a substantial bakery provision.",,FP_GROCER_WEAK_EVIDENCE,NON_BAKERY,No location-specific evidence of bakery provision.,
19456,Vicky Corner Shop,vicky corner shop,Retailers - other,"12 Howberry Road, Thornton Heath",CR7 8HY,Croydon,1412436,1,0.0214426099060203,YES,GROCER_BAKERY,,"""Vicky Corner Shop"" is identified as a convenience store. As a general food retailer, it is likely to have substantial bakery provision.",,FP_GROCER_WEAK_EVIDENCE,NON_BAKERY,No location-specific evidence of bakery provision.,
19506,Unique Food And Wine,unique food and wine,Retailers - other,"1A Hartlepool Court, North Woolwich, London",,Newham,1867321,1,0.0213995088755373,YES,GROCER_BAKERY,,"Unique Food And Wine is a retailer with a business type of ""Retailers - other"" and is registered as a company for ""Retail sale in non-specialised stores with food, beverages or tobacco predominating"". Without further information, it is assumed that a business of this type selling food and wine would have a substantial bakery provision to be classified as a GROCER_BAKERY.",,FP_GROCER_WEAK_EVIDENCE,NON_BAKERY,No location-specific evidence of bakery provision.,
19566,Eat by Amy,eat by amy,Retailers - other,"Eat by Amy, Unit 7 The Ivories, 6-8 Northampton Street, London",N1 2HY,Islington,1348965,1,0.0213521227257476,YES,CORE_BAKERY,,"Eat by Amy is an all-vegan bakery that offers collection at the supplied address, specializing in plant-based bakes, celebration cakes, and postal treats.",,FP_CORE_SPECIALISED_PRODUCT,NON_BAKERY,Wholesalers with no permanent location,
19586,Pals Newsagent,pals newsagent,Retailers - other,"47 South Parade, Mollison Way",HA8 5QL,Harrow,276626,1,0.0213289040327187,YES,GROCER_BAKERY,,"Pals Newsagent is a newsagent and Post Office that sells newspapers, magazines, and likely incidental food items, but there is no affirmative evidence of substantial bakery provision.",,FP_GROCER_WEAK_EVIDENCE,NON_BAKERY,No location-specific evidence of bakery provision.,
19597,Shepherds Bush Food And Wine,shepherds bush food and wine,Retailers - other,"20 Shepherd's Bush Road, London",W6 7PJ,Hammersmith and Fulham,345486,1,0.0213207381106821,YES,GROCER_BAKERY,,"Food and wine retailer with a broad range of products, likely including baked goods as part of a substantial grocery offering.",,FP_GROCER_WEAK_EVIDENCE,NON_BAKERY,No location-specific evidence of bakery provision.,
19691,Caffe pistachio,caffe pistachio,Restaurant/Cafe/Canteen,"239, Lower Road, London",SE16 2LW,Southwark,1110684,1,0.0212197864025883,YES,BAKERY_CAFE,NOT_BAKERY,"Cafe offering a substantial range of breakfast items, sandwiches, toasties, and desserts including cakes and croissants.",Mainly a café serving breakfast and sandwiches,FP_V2_MANUAL_NOT_BAKERY,NON_BAKERY,,
19835,Berrylands Food And Wine,berrylands food and wine,Retailers - other,"23 Berrylands Road, Surbiton",KT5 8QX,Kingston-Upon-Thames,1386054,1,0.021076323065019,YES,GROCER_BAKERY,,"This is a ""Retailers - other"" business, which could be a grocer. Further investigation would be needed to confirm substantial bakery provision.",,FP_GROCER_WEAK_EVIDENCE,NON_BAKERY,No location-specific evidence of bakery provision.,
19859,Nisa Chigwell,nisa chigwell,Retailers - other,"187 Manford Way, Chigwell",IG7 4DN,Redbridge,443769,1,0.021038867425239,YES,GROCER_BAKERY,,"Nisa Chigwell at 187 Manford Way is a Nisa Extra convenience store. While specific evidence of an in-store bakery is not explicitly stated, Nisa stores are general food retailers, and it is plausible that a Nisa Extra would have substantial bakery provision.",,FP_GROCER_WEAK_EVIDENCE,NON_BAKERY,No location-specific evidence of bakery provision.,
19996,E1 Local/Nisa Local,e1 local nisa local,Retailers - other,"E1 Local/Nisa Local, 58a Commercial Road, London",E1 1LP,Tower Hamlets,679383,1,0.0209073586285023,YES,GROCER_BAKERY,,"E1 Local/Nisa Local is a convenience store that offers a wide range of products, including fresh food, and is part of the Nisa brand which supports local causes through sales of own-brand products. While specific bakery provision at this exact location isn't detailed, Nisa Local stores generally function as grocers.",,FP_GROCER_WEAK_EVIDENCE,NON_BAKERY,No location-specific evidence of bakery provision.,
20007,Sahej Food & Wine (Cost Cutter),sahej food and wine cost cutter,Retailers - other,"1-2 Baber Bridge Parade, Hounslow Road, Feltham",TW14 0HP,Hounslow,489981,1,0.0208992164104658,YES,GROCER_BAKERY,,"Sahej Food & Wine (Cost Cutter) is a convenience store, which is a type of grocer. While specific bakery provision isn't detailed, it's a general food retailer.",,FP_GROCER_WEAK_EVIDENCE,NON_BAKERY,No location-specific evidence of bakery provision.,
20031,Eltham Superstore,eltham superstore,Retailers - other,"150 Eltham High Street, Eltham, Greenwich",SE9 1BJ,Greenwich,1661942,1,0.0208779793214573,YES,GROCER_BAKERY,,"Eltham Superstore is a Sainsbury's supermarket, and large supermarkets often have in-store bakeries, though specific evidence for this location is not explicitly stated in the provided snippets.",,FP_GROCER_WEAK_EVIDENCE,NON_BAKERY,No location-specific evidence of bakery provision.,
20035,Belmont Food and Wine,belmont food and wine,Retailers - other,"63 Belmont Road, Uxbridge",UB8 1QT,Hillingdon,518683,1,0.0208750195766063,YES,GROCER_BAKERY,,"Belmont Food and Wine is identified as a convenience store, which typically falls under the grocer category.",,FP_GROCER_WEAK_EVIDENCE,NON_BAKERY,No location-specific evidence of bakery provision.,
20077,Tottenham Food Centre,tottenham food centre,Retailers - other,"2-6 Walton Road, Tottenham, London",N15 4PP,Haringey,1418107,1,0.0208277444523594,YES,GROCER_BAKERY,,"Convenience store identified as a ""Food Centre"" and ""grocery store"" which is likely to have substantial bakery provision.",,FP_GROCER_WEAK_EVIDENCE,NON_BAKERY,No location-specific evidence of bakery provision.,
20149,A J Corner Shop,a j corner shop,Retailers - other,"12 Gagarin House Winstanley Road, London, Wandsworth",SW11 2EL,Wandsworth,1572775,1,0.0207650944677054,YES,GROCER_BAKERY,,"A J Corner Shop is a convenience store/food retailer. Reviews indicate it has a substantial stock, and as a corner shop, it is highly likely to have a persistent bakery range, even if not explicitly detailed.",,FP_GROCER_WEAK_EVIDENCE,NON_BAKERY,No location-specific evidence of bakery provision.,
20168,Way 2 Save,way 2 save,Retailers - supermarkets/hypermarkets,"295-299 Neasden Lane, London",NW10 1QR,Brent,532356,3,0.0207431593598342,YES,GROCER_BAKERY,,"Way 2 Save is identified as a supermarket/hypermarket. As a supermarket, it is highly likely to have a substantial bakery provision, even if not explicitly detailed.",,FP_GROCER_WEAK_EVIDENCE,NON_BAKERY,No location-specific evidence of bakery provision.,
20273,Teddington Mini Market,teddington mini market,Retailers - other,"198 Kingston Road, Teddington, Richmond Upon Thames",TW11 9JD,Richmond-Upon-Thames,1724922,1,0.0206393823369915,YES,GROCER_BAKERY,,Convenience store (Costcutter/Londis) that is likely to have a persistent bakery range as part of its general food retail.,,FP_GROCER_WEAK_EVIDENCE,NON_BAKERY,No location-specific evidence of bakery provision.,
20303,Mon Food and Wine,mon food and wine,Retailers - other,"61 High Street, Hounslow",TW3 1RB,Hounslow,490410,1,0.0206145986393944,YES,GROCER_BAKERY,,"Mon Food and Wine is identified as a convenience store and grocer. While specific bakery evidence for this location is not detailed, as a grocer, it is likely to have some bakery provision.",,FP_GROCER_WEAK_EVIDENCE,NON_BAKERY,No location-specific evidence of bakery provision.,
20428,ACUBE CAFE LTD,acube cafe ltd,Restaurant/Cafe/Canteen,"57 Camden Road, London",NW1 9EU,Camden,1960277,1,0.0205177186097121,YES,BAKERY_CAFE,,"Cafe offering a blend of Nepali, Indian, and British cafe culture with freshly prepared desserts and sweet treats.",,FP_CAFE_WEAK_EVIDENCE,NON_BAKERY,Mainly a south east asian breakfast and brunch spot ,
20434,Shell Little Waitrose Muswell Hill,shell little waitrose muswell hill,Retailers - other,"11 Colney Hatch Lane, Hornsey, London",N10 1QD,Haringey,421906,1,0.0205144719458869,YES,GROCER_BAKERY,,"Shell Little Waitrose Muswell Hill is a convenience store that includes a Waitrose, which is a general food retailer. Waitrose stores typically have a substantial bakery provision.",,FP_GROCER_WEAK_EVIDENCE,NON_BAKERY,No location-specific evidence of bakery provision.,
20452,Yellow Food & Wine,yellow food and wine,Retailers - other,"129 Tottenham Lane, Hornsey, London",N8 9BJ,Haringey,1198828,1,0.0205012670695479,YES,GROCER_BAKERY,,"Convenience store and off-licence. While the name ""Food & Wine"" suggests a general retailer, there is no affirmative evidence of a substantial bakery provision at this specific location.",,FP_GROCER_WEAK_EVIDENCE,NON_BAKERY,No location-specific evidence of bakery provision.,
20595,BP Service Station-Londis,bp service station londis,Retailers - other,"Cromwell North Service Station, Great West Road, London",W6 9TQ,Hammersmith and Fulham,346002,2,0.020374969760909,YES,GROCER_BAKERY,,"BP Service Station-Londis is a petrol station with a Londis convenience store. BP petrol stations in the UK have partnered with M&S Food, indicating a substantial food retail offering that could include bakery items.",,FP_GROCER_WEAK_EVIDENCE,NON_BAKERY,No location-specific evidence of bakery provision.,
20731,The Italians,the italians,Retailers - other,"454-458 Chiswick High Road, Chiswick",W4 5TT,Hounslow,926807,2,0.0202815971279942,YES,GROCER_BAKERY,,"""The Italians"" at this address was a hybrid gourmet grocer, neighbourhood bakery, and café that produced freshly baked sourdough, focaccia, and pastries on-site. However, the main bakery and cafe closed in December 2025, with only the smaller wine bar and deli remaining open. Given the current date, the bakery operation at the supplied location is no longer active.",,FP_EXCLUSION,NON_BAKERY,Current evidence meets an explicit exclusion criterion.,
21160,Londis Shell Romford,londis shell romford,Retailers - other,"203 Brentwood Road, Romford",RM1 2RP,Havering,1731599,1,0.0199088752647618,YES,GROCER_BAKERY,,"Londis is a convenience store, and the specific location is identified as a Shell Romford Service Station, which is a type of general food retailer. There is no affirmative evidence of a substantial bakery provision at this specific location.",,FP_GROCER_WEAK_EVIDENCE,NON_BAKERY,No location-specific evidence of bakery provision.,
21172,Dukla,dukla,Retailers - other,Russell Parade  Golders Green Road London,NW11 9NN,Barnet,757164,1,0.0198961887431934,YES,GROCER_BAKERY,,"Convenience store specializing in Czech & Slovak groceries, implying a broader food retail offering that could include substantial bakery provision.",,FP_GROCER_WEAK_EVIDENCE,NON_BAKERY,No location-specific evidence of bakery provision.,
21220,Belsize Organic,belsize organic,Retailers - other,"64 Belsize Lane, London",NW3 5BJ,Camden,1453200,1,0.0198557279082262,YES,GROCER_BAKERY,,"Belsize Organic is a retailer of organic produce, including fresh produce, grains, and dairy, suggesting it operates as a grocer. Its business type is ""Retailers - other"" and it sells food, beverages, or tobacco predominating. There is no specific evidence of an in-store bakery, but as a grocer with a focus on organic products, it is likely to have a substantial bakery provision.",,FP_GROCER_WEAK_EVIDENCE,NON_BAKERY,No location-specific evidence of bakery provision.,
21242,MELETIUS SPECIALITY COFFEE ROASTERS,meletius speciality coffee roasters,Restaurant/Cafe/Canteen,"Unit 2, 37-39 High Holborn, London",WC1V 6AA,Camden,1634003,1,0.0198378051735483,YES,BAKERY_CAFE,,Coffee roaster with a cafe that offers a selection of sweet and savoury treats thoughtfully paired with coffee.,,FP_CAFE_WEAK_EVIDENCE,BAKERY_CAFE,,https://share.google/bY34wdAOe4ZF5i96Q
21310,Dot Dot,dot dot,Restaurant/Cafe/Canteen,"37A STOKE NEWINGTON CHURCH STREET, Hackney, London",N16 0NX,Hackney,1405810,1,0.0197739627576517,YES,BAKERY_CAFE,,Independent bubble tea and waffle spot with customer-facing retail.,,FP_CAFE_WEAK_EVIDENCE,NON_BAKERY,Permanently closed,
21427,Kimberley Grocers,kimberley grocers,Retailers - other,"189 Willoughby Lane, LONDON",N17 0RY,Enfield,317388,1,0.0196829989216924,YES,GROCER_BAKERY,,Grocer/retailer. No affirmative evidence of substantial bakery provision at this location.,,FP_GROCER_WEAK_EVIDENCE,NON_BAKERY,No location-specific evidence of bakery provision.,
21715,Hivay Food & Wine,hivay food and wine,Retailers - other,"162 Town Road, LONDON",N9 0RR,Enfield,1540402,1,0.0194581752107685,YES,GROCER_BAKERY,,"Hivay Food & Wine is identified as a ""Retailers - other"" and ""Food & Wine"" store, which is a general food retailer. While specific bakery evidence is not detailed, it is highly probable that a food and wine retailer would have substantial bakery provision.",,FP_GROCER_WEAK_EVIDENCE,NON_BAKERY,No location-specific evidence of bakery provision.,
21734,Hathaways,hathaways,Retailers - other,"163 Shirley Road, Croydon",CR0 8SS,Croydon,1694751,1,0.019442710572413,YES,GROCER_BAKERY,,"This is a Best-one convenience store, which typically sells a range of basic grocery items, including ""morning goods,"" indicating some bakery provision.",,FP_GROCER_WEAK_EVIDENCE,NON_BAKERY,No location-specific evidence of bakery provision.,
21759,Cut Price Off Licence,cut price off licence,Retailers - other,"8 Ewhurst Road, London",SE4 1AQ,Lewisham,1599625,1,0.0194227462508808,YES,GROCER_BAKERY,,"Cut Price Off Licence is identified as a convenience store/grocer, and while it sells general food items, there is no affirmative evidence of a substantial bakery provision at this specific location.",,FP_GROCER_WEAK_EVIDENCE,NON_BAKERY,No location-specific evidence of bakery provision.,
21765,Lidl Belvedere,lidl belvedere,Retailers - other,"Clydesdale Way, Belvedere, Kent",DA17 6FD,Bexley,1104872,1,0.0194190261828437,YES,GROCER_BAKERY,NOT_BAKERY,"Lidl Belvedere is a supermarket. Supermarkets often have in-store bakeries, and Lidl's general description mentions being ""Big on everything"" including ""biscuits and baby stuff and bicycle pumps and butter"", implying a broad range of food products.",Supermarket,FP_V2_MANUAL_NOT_BAKERY,GROCER_BAKERY,Agree with AI,
21770,Shopping Garden,shopping garden,Retailers - other,"156-158 GREEN LANES, Hackney, London",N16 9DL,Hackney,469824,1,0.0194163549577288,YES,GROCER_BAKERY,,"""Shopping Garden"" is listed as a ""Retailers - other"" and is located on Green Lanes, an area known for its diverse food shops. While specific bakery evidence is not available, the FHRS type and location suggest it could be a grocer with bakery provision.",,FP_GROCER_WEAK_EVIDENCE,NON_BAKERY,No location-specific evidence of bakery provision.,
21821,Welcome Carshalton,welcome carshalton,Retailers - other,"376 Middleton Road, Carshalton",SM5 1HA,Sutton,1866713,1,0.0193772379863243,YES,GROCER_BAKERY,,"Welcome Carshalton is a Southern Co-op convenience store that offers a range of groceries and essentials. While it sells food, there is no affirmative evidence of a substantial bakery provision at this specific location beyond incidental baked goods.",,FP_GROCER_WEAK_EVIDENCE,NON_BAKERY,No location-specific evidence of bakery provision.,
21896,Hillside Mini Mart,hillside mini mart,Retailers - supermarkets/hypermarkets,"25 Hillside, Stonebridge, London",NW10 8LY,Brent,533382,1,0.0193177976349146,YES,GROCER_BAKERY,,"Hillside Mini Mart is identified as a convenience store/minimart. While specific bakery evidence for this location is not detailed, as a general food retailer, it is plausible to have some bakery provision.",,FP_GROCER_WEAK_EVIDENCE,NON_BAKERY,No location-specific evidence of bakery provision.,
21903,Kosher Paradise,kosher paradise,Retailers - other,10 Ashbourne Parade  Finchley Road London,NW11 0AD,Barnet,1413914,1,0.0193100852187865,YES,GROCER_BAKERY,,"Supermarket/grocer with a kosher focus, likely to have substantial bakery provision.",,FP_GROCER_WEAK_EVIDENCE,NON_BAKERY,No location-specific evidence of bakery provision.,
21922,Coffee Haven,coffee haven,Restaurant/Cafe/Canteen,"Wyevale Garden Centre, Headstone Lane",HA2 6NB,Harrow,1199805,3,0.0192969626820849,YES,BAKERY_CAFE,,"Garden centre cafe offering breakfast, lunch, afternoon tea, and a range of sweet treats.",,FP_CAFE_WEAK_EVIDENCE,BAKERY_CAFE,"Though mainly a garden centre, there is a café selling substantial baked goods",
21977,One Stop Hornsey Road,one stop hornsey road,Retailers - other,"One Stop Hornsey Road, 90 Hornsey Road, London, N7 7NN",N7 7NN,Islington,1535274,1,0.019256723762656,YES,GROCER_BAKERY,,Convenience store (One Stop) which typically offers a range of fresh and packaged bakery items.,,FP_GROCER_WEAK_EVIDENCE,NON_BAKERY,No location-specific evidence of bakery provision.,
22068,Costles Food and Wine,costles food and wine,Retailers - other,"333 Gray's Inn Road, London",WC1X 8PX,Camden,426165,1,0.0191887929516008,YES,GROCER_BAKERY,,"Costles Food and Wine is identified as a grocer/convenience store. There is no specific evidence of an in-store bakery or substantial fresh bakery provision at this location, but as a food and wine retailer, it would likely have a substantial bakery section.",,FP_GROCER_WEAK_EVIDENCE,NON_BAKERY,No location-specific evidence of bakery provision.,
22130,Maramureseanu 2,maramureseanu 2,Retailers - other,"448 Becontree Avenue, Dagenham",RM8 3UB,Barking and Dagenham,1814137,1,0.0191381722070053,YES,GROCER_BAKERY,,"Romanian grocery store with fresh fruits, vegetables, and likely a substantial bakery provision given the cultural context of such stores.",,FP_GROCER_WEAK_EVIDENCE,NON_BAKERY,No location-specific evidence of bakery provision.,
22212,Brew & Blow,brew and blow,Other catering premises,61 Daws Lane London,NW7 4SE,Barnet,1434394,1,0.0190670805640164,YES,BAKERY_CAFE,,"Hair salon with an attached coffee bar, ""Brew & Blow Coffee Bar,"" which offers ""good coffee, good food"".",,FP_CAFE_WEAK_EVIDENCE,NON_BAKERY,This has since transformed into a hairdresser only,
22246,Grand Prix Service Station,grand prix service station,Retailers - other,"Petrol Station, 169-171 Church Street, LONDON",N9 9HL,Enfield,316289,1,0.0190425871266041,YES,GROCER_BAKERY,,"Grand Prix Service Station is a Londis convenience store and petrol station. Londis stores typically offer a range of everyday essentials, including fresh produce and food to go, which would include some baked goods, qualifying it as a grocer with incidental bakery provision.",,FP_GROCER_WEAK_EVIDENCE,NON_BAKERY,No location-specific evidence of bakery provision.,
22348,Pyps Newsagents,pyps newsagents,Retailers - other,"406 Barking Road, Plaistow, London",E13 8HJ,Newham,1076890,1,0.0189581390707661,YES,GROCER_BAKERY,,"Pyps Newsagents is a newsagent and convenience store that also operates as an InPost shop, suggesting it sells a range of goods, which could include substantial bakery provision.",,FP_GROCER_WEAK_EVIDENCE,NON_BAKERY,No location-specific evidence of bakery provision.,
22353,Brent Cross Food & Wine,brent cross food and wine,Retailers - other,107 Brent Street London,NW4 2DX,Barnet,757631,1,0.0189534307622242,YES,GROCER_BAKERY,,"This is a convenience store/food and wine shop. While it sells food, there is no affirmative evidence of a substantial bakery provision at this specific location.",,FP_GROCER_WEAK_EVIDENCE,NON_BAKERY,No location-specific evidence of bakery provision.,
22388,Makro Self Service Wholesalers,makro self service wholesalers,Retailers - other,"2 Anchor And Hope Lane, Charlton, Greenwich",SE7 7RZ,Greenwich,694054,1,0.0189288071884525,YES,GROCER_BAKERY,,"Wholesale cash & carry (Makro) which is a general food retailer. While specific bakery provision isn't detailed, as a large wholesaler, it is highly likely to have substantial bakery offerings.",,FP_GROCER_WEAK_EVIDENCE,NON_BAKERY,No location-specific evidence of bakery provision.,
22446,Toki And You,toki and you,Restaurant/Cafe/Canteen,"50 Harrington Road, LONDON",SW7 3ND,Kensington and Chelsea,1847436,1,0.0188784651933754,YES,BAKERY_CAFE,,"Coffee shop specializing in matcha drinks and also offering ""matcha croffle,"" indicating a specific baked good that forms a substantial part of its unique offering.",,FP_CAFE_WEAK_EVIDENCE,BAKERY_CAFE,There is sufficient baked good provision at this location,
22767,Batra Newsbox,batra newsbox,Retailers - other,"35A South Road, Southall",UB1 1SW,Ealing,1033041,1,0.0186555054765776,YES,GROCER_BAKERY,,"Retailer (newsbox/convenience store) that is part of a group, and likely to have a substantial bakery provision.",,FP_GROCER_WEAK_EVIDENCE,NON_BAKERY,No location-specific evidence of bakery provision.,
22870,Ann's Community Shop,ann s community shop,Retailers - other,"44-46 Mill Lane, London",NW6 1NJ,Camden,425613,1,0.0185853220347287,YES,GROCER_BAKERY,,"Ann's Community Shop is a convenience store and Post Office. While it sells some baked goods, there is no evidence of a dedicated bakery section or substantial in-store bakery provision.",,FP_GROCER_WEAK_EVIDENCE,NON_BAKERY,No location-specific evidence of bakery provision.,
22907,SW2 Minimarket,sw2 minimarket,Retailers - other,"65 Streatham Hill, London",SW2 4TX,Lambeth,1846391,1,0.0185596861248369,YES,GROCER_BAKERY,,"SW2 Minimarket is a retailer classified as ""Retailers - other"" by FHRS, and as a minimarket, it is highly likely to have substantial bakery provision.",,FP_GROCER_WEAK_EVIDENCE,NON_BAKERY,No location-specific evidence of bakery provision.,
22993,Budgens At ESSO Coulsdon,budgens at esso coulsdon,Retailers - other,"Budgens, 189 - 191 Chipstead Valley Road, Coulsdon",CR5 3BR,Croydon,1437402,1,0.0185036927403494,YES,GROCER_BAKERY,,"Budgens is a supermarket/convenience store, and while specific bakery evidence for this location is not detailed, it is a general food retailer.",,FP_GROCER_WEAK_EVIDENCE,NON_BAKERY,No location-specific evidence of bakery provision.,
23049,Demitasse,demitasse,Restaurant/Cafe/Canteen,"21 High Street, Wimbledon, Merton",SW19 5DX,Merton,1439010,1,0.0184558416083698,YES,BAKERY_CAFE,NOT_BAKERY,"Coffee shop and restaurant known for high-quality pastries, fresh brunch dishes, and a range of cakes, pastries, and desserts.",Mainly a café selling breakfast,FP_V2_MANUAL_NOT_BAKERY,NON_BAKERY,,
23069,One Stop,one stop,Retailers - other,"14 - 16 High Street, Penge, London",SE20 7HG,Bromley,589674,8,0.0184397513270343,YES,GROCER_BAKERY,,"Convenience store (One Stop) which typically sells a variety of groceries, including baked goods.",,FP_GROCER_WEAK_EVIDENCE,NON_BAKERY,No location-specific evidence of bakery provision.,
23102,Costa Outlet,costa outlet,Restaurant/Cafe/Canteen,"Eastern Academic Building, 4 - 6 University Way, Beckton, London",E16 2RD,Newham,1132125,1,0.0184204432206197,YES,BAKERY_CAFE,,"Costa Coffee is a cafe chain that offers sweet snacks and sandwiches, which constitute a substantial part of its offerings.",,FP_CAFE_WEAK_EVIDENCE,BAKERY_CAFE,Agree with AI,
23117,AL-HABIB FOOD CENTRE LTD,al habib food centre ltd,Retailers - other,"100 Queen's Crescent, London",NW5 4DY,Camden,1922630,1,0.0184122636955954,YES,GROCER_BAKERY,,"AL-HABIB FOOD CENTRE LTD is a food retailer (retail sale of meat and meat products in specialised stores, and other retail sale of food in specialised stores). While specific details about an in-store bakery are not explicitly stated, its classification as a food centre and retailer suggests it could have substantial bakery provision.",,FP_GROCER_WEAK_EVIDENCE,NON_BAKERY,No location-specific evidence of bakery provision.,
23457,AAA Mini Market,aaa mini market,Retailers - other,"39 Bounces Road, LONDON",N9 8JD,Enfield,704907,1,0.018181295793,YES,GROCER_BAKERY,,"AAA Mini Market is a convenience store/grocer. While specific bakery provision isn't detailed, as a mini-market, it's highly likely to have a substantial bakery section.",,FP_GROCER_WEAK_EVIDENCE,NON_BAKERY,No location-specific evidence of bakery provision.,
23519,N21 News & Booze,n21 news and booze,Retailers - other,"936 Green Lanes, LONDON",N21 2AD,Enfield,1595372,1,0.0181326493402112,YES,GROCER_BAKERY,,"Retailer classified as ""Retailers - other"" by FHRS, likely a newsagent or convenience store, with no specific evidence of substantial bakery provision.",,FP_GROCER_WEAK_EVIDENCE,NON_BAKERY,No location-specific evidence of bakery provision.,
23572,Lidl UK GmbH,lidl uk gmbh,Retailers - supermarkets/hypermarkets,"Unit A, 258-262 Heathway, Dagenham",RM10 8QS,Barking and Dagenham,129311,6,0.0180944697242345,YES,GROCER_BAKERY,,"Lidl is a supermarket, and supermarkets typically have in-store bakeries or a substantial fresh bakery range.",,FP_GROCER_WEAK_EVIDENCE,GROCER_BAKERY,Agree with AI,
23590,Plough Way Deli,plough way deli,Restaurant/Cafe/Canteen,"Unit C And D, Cadmus Court, Seafarer Way, London",SE16 7DW,Lewisham,1924685,1,0.0180824425363794,YES,GROCER_BAKERY,NOT_BAKERY,Deli with a substantial persistent bakery range including freshly made breads & pastries.,Mainly a deli,FP_V2_MANUAL_NOT_BAKERY,NON_BAKERY,,
23635,Asda express london tower bridge,asda express london tower bridge,Retailers - other,"Unit 1, 153, Tower Bridge Road, London",SE1 3LW,Southwark,1759867,1,0.018045241480478,YES,GROCER_BAKERY,,Asda Express is a convenience store/supermarket. Asda stores typically have substantial bakery provision.,,FP_GROCER_WEAK_EVIDENCE,NON_BAKERY,No location-specific evidence of bakery provision.,
23735,Maja Corner,maja corner,Retailers - other,"2 High Street, Yiewsley",UB7 7DH,Hillingdon,1517930,1,0.0179760321183803,YES,GROCER_BAKERY,NOT_BAKERY,Polish grocery store with an in-store bakery section.,Mainly a deli,FP_V2_MANUAL_NOT_BAKERY,NON_BAKERY,,
23822,Puccino's,puccino s,Restaurant/Cafe/Canteen,"Puccinos Platform 2 Teddington Railway Station Victoria Road, Teddington, Richmond Upon Thames",TW11 0BD,Richmond-Upon-Thames,1574754,3,0.0179178030955059,YES,BAKERY_CAFE,,"Puccino's is a cafe chain operating from a stable, customer-facing retail location at Teddington Railway Station, offering light meals, sandwiches, snacks, and beverages.",,FP_CAFE_WEAK_EVIDENCE,BAKERY_CAFE,Agree with AI,
23843,La Doi Pasi,la doi pasi,Retailers - other,"593 Lea Bridge Road, Leyton, London",E10 6AJ,Waltham Forest,1371590,1,0.0179060037751626,YES,GROCER_BAKERY,NOT_BAKERY,"""La Doi Pasi"" is identified as a wholesale grocer selling fresh produce, meat, dairy, and ""patiserie"" (pastries/bakery items), indicating substantial bakery provision within a grocery setting.",Mainly a butchers and farmers store,FP_V2_MANUAL_NOT_BAKERY,NON_BAKERY,,
23863,Mini Mart Horn Lane,mini mart horn lane,Retailers - other,"3 Horn Lane, Acton",W3 9NJ,Ealing,1581944,1,0.0178942770066424,YES,GROCER_BAKERY,,"Mini Mart Horn Lane is a convenience store, which is a type of general food retailer. There is no specific evidence of substantial bakery provision, but as a ""Retailers - other"" FHRS type, it's more likely to be a grocer with some baked goods than a non-bakery.",,FP_GROCER_WEAK_EVIDENCE,NON_BAKERY,No location-specific evidence of bakery provision.,
23871,Grainmill Cash & Carry,grainmill cash and carry,Retailers - supermarkets/hypermarkets,"489 Kingsbury Road, London",NW9 9ED,Brent,532213,1,0.0178871734871592,YES,GROCER_BAKERY,,"General store/cash & carry that sells groceries, and is likely to have a substantial bakery provision as part of its retail offering.",,FP_GROCER_WEAK_EVIDENCE,NON_BAKERY,No location-specific evidence of bakery provision.,
23913,Salisbury Food and Wine,salisbury food and wine,Retailers - other,"5-7 Salisbury Road, Wood Green, London",N22 6NL,Haringey,1132448,1,0.0178623629719225,YES,GROCER_BAKERY,,Salisbury Food and Wine is identified as a retailer/convenience store. There is no affirmative evidence of a substantial bakery provision at this specific location.,,FP_GROCER_WEAK_EVIDENCE,NON_BAKERY,No location-specific evidence of bakery provision.,
23914,Bloomsbury Food & Wine,bloomsbury food and wine,Retailers - other,"44 Tavistock Place, London",WC1H 9RE,Camden,424742,1,0.017861513888438,YES,GROCER_BAKERY,,Bloomsbury Food & Wine is a convenience store. There is no affirmative evidence of a substantial bakery provision at this specific location.,,FP_GROCER_WEAK_EVIDENCE,NON_BAKERY,No location-specific evidence of bakery provision.,
23941,L'Artizan,l artizan,Restaurant/Cafe/Canteen,"116A Palmerston Road, Walthamstow, London",E17 6PZ,Waltham Forest,1469799,1,0.0178401825158121,YES,BAKERY_CAFE,NOT_BAKERY,"L'Artizan is a cafe with a menu featuring French-inspired dishes like croissants, quiches, and sandwiches, alongside coffee and pastries, indicating a substantial bakery offering.",Mainly a café with little bakery presence,FP_V2_MANUAL_NOT_BAKERY,BAKERY_CAFE,Agree with AI,
24001,Malar Supermarket UK Limited / Malar Spice Ltd,malar supermarket uk limited malar spice ltd,Retailers - supermarkets/hypermarkets,"Unit 1, 541-543 High Road, Wembley",HA0 2DJ,Brent,1531243,1,0.0178007290391409,YES,GROCER_BAKERY,,"Malar Supermarket UK Limited / Malar Spice Ltd is a supermarket. While specific bakery provision isn't detailed, supermarkets typically have substantial bakery offerings.",,FP_GROCER_WEAK_EVIDENCE,NON_BAKERY,No location-specific evidence of bakery provision.,
24002,Tuck Shop,tuck shop,Restaurant/Cafe/Canteen,"Tuck Shop  Unit D1, 2 Casings Way, London",E3 2PS,Tower Hamlets,1527698,1,0.017800344788211,YES,GROCER_BAKERY,NOT_BAKERY,"Tuck Shop is described as a grocer, butcher, bottle shop, and cafe that sells ""freshly baked bread"" and ""baked goods"" as part of its offerings.",Supermarket with little to no bakery presence,FP_V2_MANUAL_NOT_BAKERY,NON_BAKERY,,
24120,Green Valley Kensington,green valley kensington,Retailers - other,"348-354 Kensington High Street, LONDON",W14 8NS,Kensington and Chelsea,1036937,1,0.017711312454481,YES,GROCER_BAKERY,NOT_BAKERY,"Lebanese and Middle Eastern food hall and delicatessen with a dedicated ""Lebanese Bakery"" section offering items like Cheese Manakeesh.",Mainly a deli,FP_V2_MANUAL_NOT_BAKERY,NON_BAKERY,,
24229,Bhavins Grocers,bhavins grocers,Retailers - other,"197 Upper Tooting Road, London, Wandsworth",SW17 7TG,Wandsworth,1571476,1,0.0176438317096155,YES,GROCER_BAKERY,,"Bhavins Grocers is a grocer/retailer. While specific bakery evidence is not detailed, its classification as a grocer makes substantial bakery provision plausible.",,FP_GROCER_WEAK_EVIDENCE,NON_BAKERY,No location-specific evidence of bakery provision.,
24252,Guts,guts,Restaurant/Cafe/Canteen,"Bethlem Royal Hospital Monks Orchard Road, Beckenham",BR3 3BX,Bromley,1557167,1,0.0176282296465489,YES,BAKERY_CAFE,NOT_BAKERY,"Cafe at Bethlem Royal Hospital that bakes sourdough and promotes gut-healthy food, indicating substantial bakery provision.",Insufficient physical evidence for this business,FP_V2_MANUAL_NOT_BAKERY,NON_BAKERY,,
24315,Pelny Brzuch,pelny brzuch,Retailers - other,83 Ballards Lane London,N3 1XT,Barnet,897101,1,0.0175871834018391,YES,GROCER_BAKERY,NOT_BAKERY,"""Pelny Brzuch"" is a Polish delicatessen and grocery store that offers homemade ready-to-eat meals, including pierogi, a meat and deli counter, and ""famous fat doughnuts,"" indicating substantial bakery provision.",Supermarket,FP_V2_MANUAL_NOT_BAKERY,NON_BAKERY,,
24370,Holybella,holybella,Restaurant/Cafe/Canteen,860 High Road London,N12 9RH,Barnet,1256937,2,0.0175543725719963,YES,BAKERY_CAFE,,"Holybella is an artisan coffee house and tea room that serves breakfast, brunch, and lunch, indicating a cafe operation with a substantial food offering.",,FP_CAFE_WEAK_EVIDENCE,BAKERY_CAFE,Agree with AI,https://share.google/IvEL6fRK7BywcXQU2
24512,Doruk supermarket limited t/a Doruk,doruk supermarket limited t a doruk,Retailers - other,"Commercial Premises, 202-204 Green Street, ENFIELD",EN3 7NB,Enfield,1109195,1,0.0174592334281036,YES,GROCER_BAKERY,,"Doruk is identified as a supermarket/grocer, and while specific bakery provision isn't detailed, its classification as a supermarket makes substantial bakery provision plausible.",,FP_GROCER_WEAK_EVIDENCE,NON_BAKERY,No location-specific evidence of bakery provision.,
24543,Shivam Convenience,shivam convenience,Retailers - other,"BASEMENT AND GROUND FLOOR 12 FORMOSA STREET, LONDON",W9 1EE,Westminster,411851,1,0.0174362007379689,YES,GROCER_BAKERY,,"Shivam Convenience is a convenience store that offers ""Surprise bags"" with a selection of grocery items, which may include fruit & veg, chilled goods, and pantry items, suggesting a general food retailer with substantial bakery provision.",,FP_GROCER_WEAK_EVIDENCE,NON_BAKERY,No location-specific evidence of bakery provision.,
24627,Hanworth Mini Market,hanworth mini market,Retailers - other,"187 Hanworth Road, Hounslow",TW3 3TT,Hounslow,491074,1,0.0173763156375557,YES,GROCER_BAKERY,,"Hanworth Mini Market is a convenience store/mini market. As a general food retailer, it is likely to have substantial bakery provision.",,FP_GROCER_WEAK_EVIDENCE,NON_BAKERY,No location-specific evidence of bakery provision.,
24639,R Garcia & Sons,r garcia and sons,Retailers - other,"248-250 Portobello Road, LONDON",W11 1LL,Kensington and Chelsea,334591,1,0.0173665967080367,YES,GROCER_BAKERY,,"R Garcia & Sons is a Spanish grocer-deli that has been in business for over 60 years, known for supplying Spanish food, including a range of imported goods and a deli section. While not explicitly stated as having an ""in-store bakery,"" the description of it being a large Spanish grocer-deli with a wide range of products suggests substantial food retail, making it plausible for substantial bakery provision.",,FP_GROCER_WEAK_EVIDENCE,NON_BAKERY,No location-specific evidence of bakery provision.,
24668,Londis - Lakedale Road,londis lakedale road,Retailers - other,"12 - 14 Lakedale Road, Plumstead, Greenwich",SE18 1PP,Greenwich,1618347,1,0.0173495354378076,YES,GROCER_BAKERY,,"Convenience store (Londis) that typically offers a range of groceries including bread and baked goods, and the general description of Londis stores mentions a ""hot food section"" and ""quality coffee on the go"".",,FP_GROCER_WEAK_EVIDENCE,NON_BAKERY,No location-specific evidence of bakery provision.,
24709,Londis Croydon,londis croydon,Retailers - other,"Shell Parkway Service Station, Parkway, Croydon",CR0 0LA,Croydon,1813417,1,0.0173256716902272,YES,GROCER_BAKERY,,Convenience store (Londis) which typically offers a range of grocery products including bread and baked goods.,,FP_GROCER_WEAK_EVIDENCE,NON_BAKERY,No location-specific evidence of bakery provision.,
24839,Algarve,algarve,Retailers - other,"4 Holmstall Parade, Burnt Oak Broadway, Edgware",HA8 5HX,Brent,532951,1,0.0172410222449849,YES,GROCER_BAKERY,,"Algarve Deli Ltd is a delicatessen and gourmet food store, which can be classified as a grocer. While specific ""in-store bakery"" evidence is not explicitly stated, a deli often has a substantial persistent bakery range as part of its retail offering.",,FP_GROCER_WEAK_EVIDENCE,NON_BAKERY,No location-specific evidence of bakery provision.,
24917,Noor quality food Centre,noor quality food centre,Retailers - other,"362 HARROW ROAD, LONDON",W9 2HU,Westminster,1753478,1,0.0171822553417485,YES,GROCER_BAKERY,,"This is a retailer of other food products, and based on the name ""Noor quality food Centre"" it is likely a grocer.",,FP_GROCER_WEAK_EVIDENCE,NON_BAKERY,No location-specific evidence of bakery provision.,
24951,BN RIPPLE MART & MORE,bn ripple mart and more,Retailers - other,"8 Chequers Parade, Ripple Road, Dagenham",RM9 6RT,Barking and Dagenham,1751348,1,0.0171593454718501,YES,GROCER_BAKERY,,"BN RIPPLE MART & MORE is identified as a convenience store. While specific bakery provision at this exact location isn't detailed, similar businesses in retail parks often have substantial bakery sections. Given its FHRS type as ""Retailers - other"" and the nature of a ""Mart & More"" suggesting a broader offering than a simple corner shop, it's reasonable to infer substantial bakery provision.",,FP_GROCER_WEAK_EVIDENCE; FP_INCONCLUSIVE_LOCATION,NON_BAKERY,No location-specific evidence of bakery provision.,
25021,Erith Mini Market,erith mini market,Retailers - other,"4 Alford Road, Erith, Kent",DA8 1PP,Bexley,329415,1,0.0171130629600878,YES,GROCER_BAKERY,,Convenience store (Premier brand) with no evidence of substantial bakery provision.,,FP_GROCER_WEAK_EVIDENCE,NON_BAKERY,No location-specific evidence of bakery provision.,
25081,Mathu Food & Wine,mathu food and wine,Retailers - other,"162 Thornton Road, Thornton Heath",CR7 6BB,Croydon,1799492,1,0.0170696817509998,YES,GROCER_BAKERY,,"Mathu Food & Wine is identified as a retailer of other goods, and while it sells food and wine, there is no affirmative evidence of a substantial bakery provision at this location.",,FP_GROCER_WEAK_EVIDENCE,NON_BAKERY,No location-specific evidence of bakery provision.,
25108,Marks And Spencer Purley Way,marks and spencer purley way,Retailers - supermarkets/hypermarkets,"330 Purley Way, Croydon",CR0 4XJ,Croydon,1562718,1,0.0170583851997346,YES,GROCER_BAKERY,,"Marks And Spencer Purley Way is a supermarket that offers a food section, which typically includes bakery provision.",,FP_GROCER_WEAK_EVIDENCE,NON_BAKERY,No location-specific evidence of bakery provision.,
25317,Andrews Newsagents,andrews newsagents,Retailers - other,"70 Green Lane, Northwood",HA6 2XS,Hillingdon,520531,1,0.0169339144036276,YES,GROCER_BAKERY,,"Andrews Newsagents is a newsagent, which is a type of retailer, and while it sells newspapers and magazines, there is no affirmative evidence of substantial bakery provision.",,FP_GROCER_WEAK_EVIDENCE,NON_BAKERY,No location-specific evidence of bakery provision.,
25334,Shell Little Waitrose Battersea,shell little waitrose battersea,Takeaway/sandwich shop,"326 Queenstown Road, London, Wandsworth",SW11 8NE,Wandsworth,1950549,1,0.0169269275633988,YES,GROCER_BAKERY,,"Shell Little Waitrose Battersea is a convenience store/service station that includes a Waitrose, indicating substantial grocery and likely bakery provision.",,FP_GROCER_WEAK_EVIDENCE,NON_BAKERY,No location-specific evidence of bakery provision.,
25443,Clarks Newsagents,clarks newsagents,Retailers - other,"174 Upper Elmers End Road, Beckenham",BR3 3DY,Bromley,987357,1,0.0168534386143224,YES,GROCER_BAKERY,,"Clarks Newsagents is a newsagent and convenience store. While it sells some baked goods, there is no affirmative evidence of substantial bakery provision at this location to classify it as a bakery.",,FP_GROCER_WEAK_EVIDENCE,NON_BAKERY,No location-specific evidence of bakery provision.,
25624,Fulwell Local,fulwell local,Retailers - other,"328 - 330 Staines Road, Twickenham, Richmond Upon Thames",TW2 5AT,Richmond-Upon-Thames,1574416,1,0.0167323664249898,YES,GROCER_BAKERY,,"Fulwell Local is described as a convenience store and post office, with reviews mentioning a ""great selection"" and ""variety of samosas,"" suggesting a substantial grocery offering that could include bakery items.",,FP_GROCER_WEAK_EVIDENCE,NON_BAKERY,No location-specific evidence of bakery provision.,
25725,Choice Food And Wine,choice food and wine,Retailers - other,"83 Stoats Nest Road, Coulsdon",CR5 2JJ,Croydon,6170,1,0.016665778752021,YES,GROCER_BAKERY,,"Choice Food And Wine is a convenience store/food retailer. Without specific evidence of a dedicated in-store bakery or substantial fresh bakery range, it is classified as a grocer.",,FP_GROCER_WEAK_EVIDENCE,NON_BAKERY,No location-specific evidence of bakery provision.,
25728,Marks and Spencers,marks and spencers,Retailers - supermarkets/hypermarkets,"47A Capitol Way, London",NW9 0AW,Brent,1067293,1,0.016664716317999,YES,GROCER_BAKERY,,"Marks and Spencer at this location is a Foodhall, which is a supermarket/food retailer. M&S Foodhalls typically have substantial bakery provisions.",,FP_GROCER_WEAK_EVIDENCE,NON_BAKERY,No location-specific evidence of bakery provision.,
25992,Nisa Local / Bubblewala,nisa local bubblewala,Retailers - supermarkets/hypermarkets,"959-961 Harrow Road, Wembley",HA0 2SF,Brent,760037,1,0.0165142569843024,YES,GROCER_BAKERY,,"Nisa Local is a supermarket/convenience store. While ""Bubblewala"" is part of the name, there is no affirmative evidence of substantial bakery provision at this specific location beyond general baked goods found in a supermarket. However, as a supermarket, it falls under GROCER_BAKERY if there is substantial bakery provision. Without specific evidence of an in-store bakery or dedicated section, it's difficult to classify as GROCER_BAKERY. Given it's a Nisa Local, it's a general food retailer.",,FP_GROCER_WEAK_EVIDENCE,NON_BAKERY,No location-specific evidence of bakery provision.,
26015,Docklands Food and Wine,docklands food and wine,Retailers - other,"Docklands Food and Wine, 139 Manchester Road, London",E14 3DN,Tower Hamlets,114839,1,0.0165025723791352,YES,GROCER_BAKERY,,"Docklands Food and Wine is a convenience store. While it sells food, there is no affirmative evidence of a substantial bakery provision at this location beyond general baked goods.",,FP_GROCER_WEAK_EVIDENCE,NON_BAKERY,No location-specific evidence of bakery provision.,
26034,AJS Atwal Supermarket,ajs atwal supermarket,Retailers - other,"8 Queens Market, Upton Park, London",E13 9BA,Newham,1823209,1,0.0164917995065383,YES,GROCER_BAKERY,,"Supermarket with a ""Retailers - other"" FHRS type. While specific evidence of an in-store bakery is not explicitly stated, the nature of a supermarket suggests a substantial bakery provision.",,FP_GROCER_WEAK_EVIDENCE,NON_BAKERY,No location-specific evidence of bakery provision.,
26078,Friendly Corner Shop,friendly corner shop,Retailers - other,"63 Edinburgh Road, Plaistow, London",E13 0BH,Newham,1081957,1,0.0164698788055342,YES,GROCER_BAKERY,,A corner shop/general store that is likely to sell a range of baked goods as part of its retail offering.,,FP_GROCER_WEAK_EVIDENCE,NON_BAKERY,No location-specific evidence of bakery provision.,
26098,Shell Little Waitrose Mill Hill,shell little waitrose mill hill,Retailers - other,Shell Petrol Filling Station  Northway Circus London,NW7 3ET,Barnet,1567705,1,0.0164576894473956,YES,GROCER_BAKERY,,"Petrol station with a Little Waitrose convenience store, which typically includes a range of bakery products.",,FP_GROCER_WEAK_EVIDENCE,NON_BAKERY,No location-specific evidence of bakery provision.,
26250,Annys Mini Market Annex,annys mini market annex,Retailers - other,"Shop, 234A Mitcham Road, Croydon",CR0 3JL,Croydon,1672140,1,0.0163768711213879,YES,GROCER_BAKERY,,"Annys Mini Market Annex is a mini-market specializing in African and Afro-Caribbean groceries, including fresh vegetables, smoked meats, and storecupboard ingredients. While it sells baked goods like bread, there is no affirmative evidence of a dedicated bakery section, in-store bakery, or a broad, persistent fresh bakery range that would qualify it as a CORE_BAKERY or BAKERY_CAFE. It is a general food retailer with some baked goods.",,FP_GROCER_WEAK_EVIDENCE,NON_BAKERY,No location-specific evidence of bakery provision.,
26264,Brentford Food and Wine,brentford food and wine,Retailers - other,"35-37 London Road, Brentford",TW8 8JB,Hounslow,491241,1,0.0163697547694458,YES,GROCER_BAKERY,,"Brentford Food and Wine is a retailer, and while specific bakery evidence is not detailed, it is a food and wine store which often includes some baked goods.",,FP_GROCER_WEAK_EVIDENCE,NON_BAKERY,No location-specific evidence of bakery provision.,
26332,G & H Newsagent,g and h newsagent,Retailers - other,"10 Boston Parade, Boston Road, Hanwell",W7 2DG,Ealing,1034044,1,0.0163338034622523,YES,GROCER_BAKERY,,"G & H Newsagent at 10 Boston Parade, Boston Road, Hanwell, W7 2DG is identified as a newsagent and ""Retailers - other"" by FHRS. While newsagents typically sell some baked goods, there is no affirmative evidence of substantial bakery provision at this specific location to classify it as a GROCER_BAKERY. However, given its nature as a newsagent, it is more likely to be a grocer with incidental baked goods rather than a non-bakery.",,FP_GROCER_WEAK_EVIDENCE,NON_BAKERY,No location-specific evidence of bakery provision.,
26334,Moultons News,moultons news,Retailers - other,"Moultons News 352 Upper Richmond Road West, East Sheen, Richmond Upon Thames",SW14 7JT,Richmond-Upon-Thames,1896591,1,0.01633303274709,YES,GROCER_BAKERY,,"Moultons News is a convenience store and a DHL Express Service Point. As a convenience store, it is a general food retailer, and while it sells some baked goods, there is no affirmative evidence of a dedicated bakery section, in-store bakery, or a broad persistent fresh bakery range to classify it as a GROCER_BAKERY. However, given its nature as a newsagent/convenience store, it is more likely to be a grocer with incidental baked goods rather than a non-bakery.",,FP_GROCER_WEAK_EVIDENCE,NON_BAKERY,No location-specific evidence of bakery provision.,
26363,Lia Market / SLN Romanian Foods Ltd,lia market sln romanian foods ltd,Retailers - other,"159 Plaistow Road, Stratford, London",E15 3ET,Newham,929096,1,0.0163171745186819,YES,GROCER_BAKERY,,"Lia Market / SLN Romanian Foods Ltd is a retailer of Romanian foods. While specific bakery evidence for this exact location is not detailed, Romanian markets often feature substantial bakery provisions, and the business type ""Retailers - other"" is consistent with a grocer.",,FP_GROCER_WEAK_EVIDENCE,NON_BAKERY,No location-specific evidence of bakery provision.,
26389,Crossway Minimarket,crossway minimarket,Retailers - other,"5 Crossway Parade, The Crossway, Wood Green, London",N22 5QX,Haringey,422769,1,0.0163022680761717,YES,GROCER_BAKERY,,"Crossway Minimarket is a convenience store or ""retailers - other"" type of business. As a minimarket, it is highly likely to have a substantial bakery provision, such as packaged or fresh bread and pastries, as part of its general food retail.",,FP_GROCER_WEAK_EVIDENCE,NON_BAKERY,No location-specific evidence of bakery provision.,
26589,Shell Sunbury,shell sunbury,Retailers - other,"Shell Sunbury, Country Way, Feltham",TW13 6QN,Hounslow,491190,1,0.0161955623973081,YES,GROCER_BAKERY,,"Service station with a ""Shop - Select"" and ""deli By Shell"" offering ""Hot Food"", indicating a retail food offering that could include substantial bakery provision.",,FP_GROCER_WEAK_EVIDENCE,NON_BAKERY,No location-specific evidence of bakery provision.,
26599,Cromwell Supermarket,cromwell supermarket,Retailers - other,48 Cromwell Road London,N10 2PD,Barnet,756741,1,0.0161896612474635,YES,GROCER_BAKERY,,"Cromwell Supermarket is a food mart/convenience store. While one search result for ""FreshChoice Cromwell"" (a different location) mentions freshly baked artisan breads, other results for ""Cromwell Supermarket"" in London describe it as a general food retailer. Given the FHRS type ""Retailers - other"" and the general description of a supermarket/food mart, it is plausible that it has substantial bakery provision.",,FP_GROCER_WEAK_EVIDENCE,NON_BAKERY,No location-specific evidence of bakery provision.,
26607,Beans & Bbites,beans and bbites,Restaurant/Cafe/Canteen,"244 MORNING LANE, Hackney, London",E9 6RQ,Hackney,1584407,1,0.016185652203974,YES,BAKERY_CAFE,,"Beans & Bbites is a casual cafe offering coffee, sweet brunch plates like French toast and waffles, wraps, and grilled sandwiches.",,FP_CAFE_WEAK_EVIDENCE,NON_BAKERY,Mainly a breakfast and brunch spot with little evidence of bakery provisionm,https://share.google/578Pig9jxVtVmAvmL
26629,Smart Market,smart market,Retailers - other,"17 SHEPHERD STREET, LONDON",W1J 7HX,Westminster,411097,1,0.0161745232169062,YES,GROCER_BAKERY,,"Smart Market is a food mart/convenience store. While specific bakery provision is not detailed, as a general food retailer, it is plausible it has a substantial bakery offering.",,FP_GROCER_WEAK_EVIDENCE,NON_BAKERY,No location-specific evidence of bakery provision.,
26710,College Park Service Station Shop- Londis,college park service station shop londis,Retailers - supermarkets/hypermarkets,"875 Harrow Road, London",NW10 5HD,Brent,533425,1,0.016126282489392,YES,GROCER_BAKERY,,"Londis is a convenience store, and the FHRS type is ""Retailers - supermarkets/hypermarkets"", indicating it's a general food retailer. Londis stores typically offer a range of baked goods, and as a service station shop, it's likely to have a substantial offering for on-the-go customers.",,FP_GROCER_WEAK_EVIDENCE,NON_BAKERY,No location-specific evidence of bakery provision.,
26813,Sudbury A-Z Newsagents,sudbury a z newsagents,Retailers - other,"711 Harrow Road, Wembley",HA0 2LL,Brent,531817,1,0.016063808830257,YES,GROCER_BAKERY,,"Newsagent and convenience store with a business type of ""Retail sale in non-specialised stores with food, beverages or tobacco predominating"", indicating it's a general food retailer. There is no specific evidence of a substantial bakery provision at this location, but as a general food retailer, it is plausible it sells a broad range of baked goods.",,FP_GROCER_WEAK_EVIDENCE,NON_BAKERY,No location-specific evidence of bakery provision.,
26920,The Cabin,the cabin,Retailers - other,"842 High Road, Tottenham, London",N17 0EY,Haringey,422504,2,0.0160092387425597,YES,GROCER_BAKERY,,"Convenience store and newsagent selling everyday essentials, likely including baked goods.",,FP_GROCER_WEAK_EVIDENCE,NON_BAKERY,No location-specific evidence of bakery provision.,
26979,Pawsons News Food & Wine,pawsons news food and wine,Retailers - other,"311 Whitehorse Road, Croydon",CR0 2HR,Croydon,1062595,1,0.0159761763534141,YES,GROCER_BAKERY,,"Pawsons News Food & Wine is a ""Retailers - other"" type of business, which is a general food retailer. While specific bakery evidence is not detailed, the name ""Food & Wine"" suggests a broader food offering than just incidental items.",,FP_GROCER_WEAK_EVIDENCE,NON_BAKERY,No location-specific evidence of bakery provision.,
26996,Jeyam Food And Wine,jeyam food and wine,Retailers - other,"109 Richmond Road, Kingston Upon Thames",KT2 5BX,Kingston-Upon-Thames,1385871,1,0.0159706008285372,YES,GROCER_BAKERY,,"Jeyam Food And Wine is identified as a convenience store and ""Retailers - other"" type of business. While specific evidence of an in-store bakery is not explicitly stated, convenience stores often have substantial bakery provisions, and the FHRS type aligns with a grocer.",,FP_GROCER_WEAK_EVIDENCE,NON_BAKERY,No location-specific evidence of bakery provision.,
27063,St. Nicholas Superstore,st nicholas superstore,Retailers - other,"2 St Nicholas Road, Plumstead, Greenwich",SE18 1HJ,Greenwich,694747,1,0.0159345329340973,YES,GROCER_BAKERY,,"St. Nicholas Superstore is identified as a supermarket/retailer. While specific bakery details aren't provided, its classification as a ""Superstore"" and ""Retailers - other"" implies a broad range of food products, likely including substantial bakery provision.",,FP_GROCER_WEAK_EVIDENCE,NON_BAKERY,No location-specific evidence of bakery provision.,
27306,Londis Forest Road,londis forest road,Retailers - other,"Ground Floor 264 Forest Road, Walthamstow, London",E17 5JN,Waltham Forest,1751651,1,0.0157959419037724,YES,GROCER_BAKERY,,"Convenience store operating under the Londis brand, likely to have a substantial bakery provision.",,FP_GROCER_WEAK_EVIDENCE,NON_BAKERY,No location-specific evidence of bakery provision.,
27309,Goodmayes Grocery Store,goodmayes grocery store,Retailers - other,"849 High Road, Goodmayes",IG3 8TG,Redbridge,1287029,1,0.0157933174296326,YES,GROCER_BAKERY,,"Grocery store, likely to have a substantial bakery provision.",,FP_GROCER_WEAK_EVIDENCE,NON_BAKERY,No location-specific evidence of bakery provision.,
27335,Shaftesbury Food & Wine,shaftesbury food and wine,Retailers - other,"AVENUE HOUSE 25-27 SHAFTESBURY AVENUE, LONDON",W1D 7EG,Westminster,1544580,1,0.0157782114648201,YES,GROCER_BAKERY,,"Shaftesbury Food & Wine is a retailer/convenience store that offers a wide selection of groceries, including fresh food and dairy products, suggesting it may have substantial bakery provision.",,FP_GROCER_WEAK_EVIDENCE,NON_BAKERY,No location-specific evidence of bakery provision.,
27410,Asda Express Service Station,asda express service station,Retailers - supermarkets/hypermarkets,"141 - 143 Main Road, Biggin Hill",TN16 3DX,Bromley,1684676,1,0.0157388639880187,YES,GROCER_BAKERY,,"Asda Express is a supermarket/convenience store, and while specific bakery provision isn't detailed, it's highly probable for this type of establishment.",,FP_GROCER_WEAK_EVIDENCE,NON_BAKERY,No location-specific evidence of bakery provision.,
27467,Brent Foodstores,brent foodstores,Retailers - supermarkets/hypermarkets,"BRENT FOODSTORE, 20 Rockhall Road, London",NW2 6DX,Brent,532525,1,0.0157125949242189,YES,GROCER_BAKERY,,"Brent Foodstores is identified as a supermarket/hypermarket. While specific bakery details for this location are not explicitly stated, it is a general food retailer, and such establishments often have in-store bakeries or substantial bakery sections.",,FP_GROCER_WEAK_EVIDENCE,NON_BAKERY,No location-specific evidence of bakery provision.,
27480,Hermit Mini Market,hermit mini market,Retailers - other,"9 Hermit Road, Canning Town, London",E16 4HP,Newham,954670,1,0.0157078408728959,YES,GROCER_BAKERY,,"Hermit Mini Market is a mini market and grocery store that offers general necessities, fresh fruit and vegetables, and also provides money transfer and DHL services. While it sells general groceries, there is no affirmative evidence of a substantial bakery provision at this location.",,FP_GROCER_WEAK_EVIDENCE,NON_BAKERY,No location-specific evidence of bakery provision.,
27484,Deo's Local,deo s local,Retailers - other,"21 Montpelier Avenue, Bexley, Kent",DA5 3AP,Bexley,945346,1,0.0157050214272174,YES,GROCER_BAKERY,,"Deo's Local is identified as a Premier convenience store. As a general food retailer, it would be classified as a GROCER_BAKERY if there was affirmative evidence of substantial bakery provision at this location. However, there is no specific information available about an in-store bakery or a substantial fresh bakery range at this particular branch.",,FP_GROCER_WEAK_EVIDENCE,NON_BAKERY,No location-specific evidence of bakery provision.,
27520,Shell Blackhorse,shell blackhorse,Retailers - other,"Blackhorse Garage 174 Sheen Road, Richmond, Richmond Upon Thames",TW9 1XE,Richmond-Upon-Thames,1575169,1,0.0156821811104935,YES,GROCER_BAKERY,,"Shell Blackhorse is a petrol station with a Co-Op convenience store, which is a type of grocer. While specific bakery provision isn't detailed, Co-Op stores typically offer a range of baked goods.",,FP_GROCER_WEAK_EVIDENCE,NON_BAKERY,No location-specific evidence of bakery provision.,
27564,Healthy Food by Shirls,healthy food by shirls,Other catering premises,,SE9 ,Greenwich,1497301,1,0.0156582653181973,YES,CORE_BAKERY,,"Online keto-friendly store selling a range of homemade keto-friendly breads, cakes, granola, and crackers.",,FP_EXCLUSION,NON_BAKERY,Current evidence meets an explicit exclusion criterion.,
27623,Pomona,pomona,Retailers - other,"179 Haverstock Hill, London",NW3 4QS,Camden,1798592,1,0.0156226539303172,YES,GROCER_BAKERY,,"Pomona is identified as an organic grocery store that sells an array of food and grocery items. While specific bakery provision isn't detailed, its classification as a grocer and the general description of selling food items suggest it would likely have a substantial bakery offering.",,FP_GROCER_WEAK_EVIDENCE,NON_BAKERY,No location-specific evidence of bakery provision.,
27627,Best One (Local Express),best one local express,Retailers - other,"375 Well Hall Road, Eltham, Greenwich",SE9 6TY,Greenwich,996714,1,0.0156208446677437,YES,GROCER_BAKERY,,"Best One (Local Express) is identified as a Londis convenience store. Convenience stores typically offer a range of everyday essentials, including baked goods, which would constitute a substantial bakery provision for this type of establishment.",,FP_GROCER_WEAK_EVIDENCE,NON_BAKERY,No location-specific evidence of bakery provision.,
27651,Macius,macius,Retailers - other,"Macius, Ground Floor, 255 Caledonian Road, London",N1 1ED,Islington,457789,1,0.0156128414391744,YES,GROCER_BAKERY,,"Macius is a Polish grocery store and delicatessen specializing in fresh Polish products, including a deli counter with homemade sausages and smoked bacon. While it sells various food products, there is no affirmative evidence of substantial bakery provision at this specific location beyond general grocery items.",,FP_GROCER_WEAK_EVIDENCE,NON_BAKERY,No location-specific evidence of bakery provision.,
27670,K K V Supershop,k k v supershop,Retailers - other,"92 Bilton Road, Perivale",UB6 7BN,Ealing,1032490,1,0.0156040446403418,YES,GROCER_BAKERY,,"K K V Supershop is identified as a convenience store/superstore. While specific bakery provision isn't detailed, its classification as a ""Retailers - other"" and being a ""Superstore"" or ""Superstore"" suggests it's a general food retailer that would likely have a substantial bakery section.",,FP_GROCER_WEAK_EVIDENCE,NON_BAKERY,No location-specific evidence of bakery provision.,
27690,Fresh Everyday,fresh everyday,Retailers - other,"744 Green Lane, Dagenham",RM8 1YX,Barking and Dagenham,1294570,1,0.0155982026227323,YES,GROCER_BAKERY,,"Identified as a grocer/convenience store, and while specific bakery evidence is not detailed, its FHRS type and general business category suggest it likely offers a substantial bakery provision typical of such establishments.",,FP_GROCER_WEAK_EVIDENCE,NON_BAKERY,No location-specific evidence of bakery provision.,
27732,La Dolce Piazza,la dolce piazza,Restaurant/Cafe/Canteen,"2 The Concourse, LONDON",N9 0TY,Enfield,317658,1,0.0155810497677108,YES,BAKERY_CAFE,,"La Dolce Piazza is an Italian coffee shop and delicatessen offering breakfast, lunch, and dinner, with a menu that includes items like full English breakfast, scrambled eggs on toast, and porridge, indicating a cafe operation with substantial food offerings.",,FP_CAFE_WEAK_EVIDENCE,BAKERY_CAFE,This is a deli café with baked goods being sold,https://share.google/WE5NYax9h6uShOVpf
27737,Strawberry Local,strawberry local,Retailers - other,"63 Kingsley Road, Hounslow",TW3 1QB,Hounslow,490587,7,0.0155777343891004,YES,GROCER_BAKERY,,"Strawberry Local is identified as a convenience store and general food retailer. While specific bakery provision isn't detailed, as a ""Retailers - other"" and ""Convenience Stores"" it is likely to have some baked goods.",,FP_GROCER_WEAK_EVIDENCE,NON_BAKERY,No location-specific evidence of bakery provision.,
27742,EX Londis,ex londis,Retailers - other,"159 BLACKSTOCK ROAD, Hackney, London",N4 2JS,Hackney,469496,1,0.015575251415239,YES,GROCER_BAKERY,,"This establishment is identified as a Londis convenience store, which is a general food retailer. While specific evidence of an in-store bakery is not explicitly stated, Londis stores typically offer a substantial range of baked goods, qualifying it as a grocer with bakery provision.",,FP_GROCER_WEAK_EVIDENCE,NON_BAKERY,No location-specific evidence of bakery provision.,
27828,Mullti rush off licence,mullti rush off licence,Retailers - other,"4 Bramlands Close, London, Wandsworth",SW11 2NR,Wandsworth,1571416,1,0.0155313832993712,YES,GROCER_BAKERY,,"Mullti rush off licence is described as an ""off licence and deli"". A deli, as a general food retailer, is likely to have a substantial bakery provision.",,FP_GROCER_WEAK_EVIDENCE,NON_BAKERY,No location-specific evidence of bakery provision.,
27833,Afro foods ltd,afro foods ltd,Retailers - other,"71-73, Rye Lane, London",SE15 5EX,Southwark,542871,1,0.0155288672553621,YES,GROCER_BAKERY,,"Afro foods ltd is an African food shop that sells fresh meat, fish, vegetables, and dry goods. While it's a food retailer, there is no affirmative evidence of a dedicated bakery section, in-store bakery, or substantial fresh bakery range to classify it as GROCER_BAKERY. However, as a general food retailer, it likely sells some baked goods, but not enough to meet the ""substantial"" criteria for a positive bakery classification.",,FP_GROCER_WEAK_EVIDENCE,NON_BAKERY,No location-specific evidence of bakery provision.,
27853,Sidney Rose Mini Market,sidney rose mini market,Retailers - other,"GROUND FLOOR 34-36 MADDOX STREET, LONDON",W1S 1PD,Westminster,410928,1,0.0155178629353542,YES,GROCER_BAKERY,,Mini market/convenience store that likely sells a range of baked goods as part of its general food retail.,,FP_GROCER_WEAK_EVIDENCE,NON_BAKERY,No location-specific evidence of bakery provision.,
27858,Sloane Food & Wine,sloane food and wine,Retailers - other,"73 Lower Sloane Street, LONDON",SW1W 8DA,Kensington and Chelsea,1017331,1,0.0155157839479004,YES,GROCER_BAKERY,,"Convenience store/off-licence selling everyday essentials and snacks, likely including baked goods.",,FP_GROCER_WEAK_EVIDENCE,NON_BAKERY,No location-specific evidence of bakery provision.,
28012,Best One Texaco Station,best one texaco station,Retailers - other,"2-6 High Road, Tottenham, London",N15 6LS,Haringey,875886,1,0.0154299098961977,YES,GROCER_BAKERY,,Best One Texaco Station is a petrol station with a Best One convenience store that includes a Costa Coffee and likely a range of incidental baked goods.,,FP_GROCER_WEAK_EVIDENCE,NON_BAKERY,No location-specific evidence of bakery provision.,
28106,Everfresh,everfresh,Retailers - other,"53 Muswell Hill Broadway, Hornsey, London",N10 3HA,Haringey,422617,2,0.0153736810367705,YES,GROCER_BAKERY,,"Retailer listed as a convenience store and greengrocer, likely to have substantial bakery provision.",,FP_GROCER_WEAK_EVIDENCE,NON_BAKERY,No location-specific evidence of bakery provision.,
28109,Woodford Newsagents,woodford newsagents,Retailers - other,"111 Snakes Lane West, Woodford Green",IG8 0DY,Redbridge,442903,1,0.01537213773546,YES,GROCER_BAKERY,,"Newsagent and convenience store, likely to have substantial bakery provision.",,FP_GROCER_WEAK_EVIDENCE,NON_BAKERY,No location-specific evidence of bakery provision.,
28185,All Nations Tropical Foods,all nations tropical foods,Retailers - other,"1 PORTNALL ROAD, LONDON",W9 3BA,Westminster,411809,1,0.0153279471478551,YES,GROCER_BAKERY,,"All Nations Tropical Foods is a supermarket/grocer specializing in African and Caribbean foods, and as a general food retailer, it is likely to have a substantial bakery provision.",,FP_GROCER_WEAK_EVIDENCE,NON_BAKERY,No location-specific evidence of bakery provision.,
28195,Wallington  Food Centre,wallington food centre,Retailers - supermarkets/hypermarkets,"120 - 124 Manor Road, Wallington",SM6 0DS,Sutton,860656,1,0.0153217987863636,YES,GROCER_BAKERY,,"Wallington Food Centre is a supermarket that sells a massive array of products, including spices, and is likely to have a substantial bakery provision.",,FP_GROCER_WEAK_EVIDENCE,NON_BAKERY,No location-specific evidence of bakery provision.,
28201,HACKNEY WHOLE FOOD,hackney whole food,Retailers - other,"45-47 LOWER CLAPTON ROAD, Hackney, London",E5 0NS,Hackney,470047,1,0.0153183124065623,YES,GROCER_BAKERY,,"Hackney Whole Food is identified as a food shop/grocer. While specific bakery items aren't detailed, its classification as a ""whole food"" and ""food shop"" suggests a broader food retail offering that would likely include substantial bakery provision.",,FP_GROCER_WEAK_EVIDENCE,NON_BAKERY,No location-specific evidence of bakery provision.,
28259,The Kanteen,the kanteen,Restaurant/Cafe/Canteen,Brent Cross Shopping Centre  Prince Charles Drive London,NW4 3FP,Barnet,757707,1,0.0152850063856284,YES,BAKERY_CAFE,NOT_BAKERY,"Kosher restaurant and coffee shop with a range of freshly baked Challas, Bagels, Rye Bread and Croissants to buy, eat in or take away.","mainly a restaurant, also sells baked goods",FP_V2_MANUAL_NOT_BAKERY,BAKERY_CAFE,,https://share.google/PnVv4V5lqrNqXjyct
28343,Andover Minimarket,andover minimarket,Retailers - other,"Andover Minimarket, Ground Floor Front And First Floor Front, 52 Corker Walk, London",N7 7RY,Islington,1497649,1,0.0152468779786098,YES,GROCER_BAKERY,,"Minimarket listed as a retailer, likely to sell baked goods as part of its general food offering.",,FP_GROCER_WEAK_EVIDENCE,NON_BAKERY,No location-specific evidence of bakery provision.,
28346,Bensham Local,bensham local,Retailers - supermarkets/hypermarkets,"102 Bensham Lane, Thornton Heath",CR7 7ES,Croydon,990499,1,0.0152453415970147,YES,GROCER_BAKERY,,"Supermarket/hypermarket listed as a retailer, indicating substantial bakery provision is likely.",,FP_GROCER_WEAK_EVIDENCE,NON_BAKERY,No location-specific evidence of bakery provision.,
28402,Poziomka,poziomka,Retailers - other,"51 Grand Parade, Tottenham, London",N4 1AG,Haringey,1427723,2,0.015218384273151,YES,GROCER_BAKERY,NOT_BAKERY,"Poziomka is identified as a convenience shop with a ""Retailers - other"" FHRS type. While specific bakery provision isn't detailed, as a convenience shop, it's likely to have a substantial bakery section.",insufficient evidence,FP_V2_MANUAL_NOT_BAKERY; FP_GROCER_WEAK_EVIDENCE,NON_BAKERY,,
28408,Shell Yeading,shell yeading,Retailers - other,"529 Yeading Lane, Northolt",UB5 6LW,Ealing,1871317,1,0.0152158194670727,YES,GROCER_BAKERY,,"Shell Yeading is a Shell service station with a Budgens convenience store. Budgens stores typically have a fresh bread section, indicating substantial bakery provision.",,FP_GROCER_WEAK_EVIDENCE,NON_BAKERY,No location-specific evidence of bakery provision.,
28555,Shell Wembley Park Service Station,shell wembley park service station,Retailers - supermarkets/hypermarkets,"Shell Service Station, Empire Way, Wembley",HA9 0RJ,Brent,533866,1,0.0151408132441953,YES,GROCER_BAKERY,,"Shell Wembley Park Service Station is a Londis convenience store which typically offers a range of everyday essentials including fresh produce and food to go, which can include bakery items.",,FP_GROCER_WEAK_EVIDENCE,NON_BAKERY,No location-specific evidence of bakery provision.,
28556,Kosher Central London,kosher central london,Retailers - other,"10-11 GROSVENOR PLACE, LONDON",SW1X 7HH,Westminster,1605548,1,0.0151407313911165,YES,GROCER_BAKERY,NOT_BAKERY,"Kosher Central London is a boutique kosher grocery store that explicitly states it has a ""BAKERY"" section with fresh baked challah, pastry, bagels, sourdough bread, and rugelach.",insufficient evidence of selfmade bakery products,FP_V2_MANUAL_NOT_BAKERY,NON_BAKERY,,
28580,KOZZEE,kozzee,Restaurant/Cafe/Canteen,"BASEMENT AND GROUND FLOOR 193 WARDOUR STREET, LONDON",W1F 8ZF,Westminster,1791314,1,0.0151285126986079,YES,BAKERY_CAFE,,"Cafe offering a substantial brunch menu with items like pancakes and French toast, alongside coffee and desserts.",,FP_CAFE_WEAK_EVIDENCE,BAKERY_CAFE,Agree with AI,
28581,BenVenuti,benvenuti,Retailers - other,"146 Arthur Road, Wimbledon, Merton",SW19 8AQ,Merton,1659270,1,0.0151273670763484,YES,GROCER_BAKERY,NOT_BAKERY,"Italian food boutique and deli store selling fresh pasta, cheeses, charcuterie, and also offering coffee and pastries.",inactive,FP_V2_MANUAL_NOT_BAKERY,NON_BAKERY,,
28620,Pausa,pausa,Restaurant/Cafe/Canteen,"Pausa Cafe Dunelm, Unit 4 Bromley Retail Park, 124-138 Bromley Road, London",SE6 2QU,Lewisham,1872205,1,0.0151079523969746,YES,BAKERY_CAFE,,Cafe within a Dunelm store offering a range of light meals and sweet treats.,,FP_CAFE_WEAK_EVIDENCE,BAKERY_CAFE,Agree with AI,
28627,Pauls Fruitiers,pauls fruitiers,Retailers - other,"Market, Market Place, ENFIELD",EN2 6LP,Enfield,316865,1,0.0151046805030415,YES,GROCER_BAKERY,NOT_BAKERY,"Market stall selling fresh fruit and vegetables, with evidence of a food stall operating 7 days a week at Enfield Market.",insufficient evidence,FP_V2_MANUAL_NOT_BAKERY,NON_BAKERY,,
28646,Major Express,major express,Retailers - other,"156 Major Road, Stratford, London",E15 1DY,Newham,1026805,1,0.0150949179689633,YES,GROCER_BAKERY,,"Major Express is a grocer/convenience store that sells groceries, fruit and veg, and has been described as a ""friendly off licence and so much more!"". While not explicitly stated as having an in-store bakery, the description of ""groceries"" and ""so much more"" suggests it could have a substantial bakery provision.",,FP_GROCER_WEAK_EVIDENCE,NON_BAKERY,No location-specific evidence of bakery provision.,
28726,Huong-Que,huong que,Retailers - other,"168 New Cross Road, London",SE14 5AA,Lewisham,1938243,1,0.0150619905482296,YES,GROCER_BAKERY,,"Huong-Que is a supermarket with evidence of selling various fresh produce and packaged goods, including items that could be considered bakery-related within a grocery context.",,FP_GROCER_WEAK_EVIDENCE,NON_BAKERY,No location-specific evidence of bakery provision.,
28775,Dagenham food and wine,dagenham food and wine,Retailers - other,"114 Becontree Avenue, Dagenham",RM8 2AU,Barking and Dagenham,1689807,1,0.0150352073835016,YES,GROCER_BAKERY,,"Convenience store with a general food retail offering, and while specific bakery evidence is not detailed, it is a general food retailer.",,FP_GROCER_WEAK_EVIDENCE,NON_BAKERY,No location-specific evidence of bakery provision.,
28789,Co-op Lambeth Stockwell Road,co op lambeth stockwell road,Retailers - other,"145 Stockwell Road, London, LONDON",SW9 9TP,Lambeth,1451170,1,0.0150254471705516,YES,GROCER_BAKERY,,Convenience store (Co-op) which typically has a substantial fresh bakery range.,,FP_GROCER_WEAK_EVIDENCE,NON_BAKERY,No location-specific evidence of bakery provision.,
28812,Rainbow Food & Wine,rainbow food and wine,Retailers - other,"643 Green Lanes, Hornsey, London",N8 0RY,Haringey,422877,1,0.0150162845020527,YES,GROCER_BAKERY,,"This is a supermarket/food and wine retailer. While specific bakery evidence is not detailed, it is a general food retailer, and it is plausible it sells baked goods as part of its offering.",,FP_GROCER_WEAK_EVIDENCE,NON_BAKERY,No location-specific evidence of bakery provision.,
