msoa_code,msoa_name,borough_code,borough_name,area_km2,population,transport_nodes,bakery_count,core_bakery_count,core_and_cafe_count,population_density_km2,transport_nodes_per_km2,bakery_density_km2,bakeries_per_10000_people,core_bakeries_per_10000_people,core_and_cafe_per_10000_people,population_1000,log_transport_nodes,expected_core_bakery_count,expected_core_and_cafe_count,expected_bakery_count,income_bhc,income_bhc_10000,income_bhc_1000,income_expected_core_bakery_count,income_expected_core_and_cafe_count,income_expected_bakery_count
E02000001,City of London 001,E09000001,City of London,3.1504203391814567,15111,235,129,13,114,4796.502806963894,74.59322080845179,40.94691695442673,85.36827476672622,8.603004433856132,75.44173118919993,15.111,5.4638318050256105,6.056314790118449,20.79390525430566,35.90858072063649,67770,6.777,67.77,9.28338777687344,49.2447901674878,65.95594635297972
E02000002,Barking and Dagenham 001,E09000002,Barking and Dagenham,2.161560664389551,8820,20,0,0,0,4080.385133438236,9.252573998726158,0.0,0.0,0.0,0.0,8.82,3.044522437723423,0.8314107387056774,2.519583137907117,4.6312873469746085,37611,3.7611,37.611,0.6718242302058117,1.5270795421325303,3.343557011526197
E02000003,Barking and Dagenham 002,E09000002,Barking and Dagenham,2.141515250042252,12655,21,7,1,1,5909.367210786997,9.806140768591618,3.2687135895305395,5.531410509679968,0.7902015013828527,0.7902015013828527,12.655,3.091042453358316,0.819263412185613,2.4329277929125634,5.443023229790329,40831,4.0831,40.831,0.7779726222472494,2.073517707412744,5.014400600031334
E02000004,Barking and Dagenham 003,E09000002,Barking and Dagenham,2.4929460965825583,7056,13,4,0,1,2830.386108096232,5.214713634531039,1.6045272721633967,5.668934240362812,0.0,1.417233560090703,7.056,2.6390573296152584,0.6021052990222329,1.7946570284895662,3.209908343699865,40965,4.0965,40.965,0.5054012097821199,1.189378086921485,2.4535607808030924
E02000005,Barking and Dagenham 004,E09000002,Barking and Dagenham,1.1879541635824629,11630,11,4,0,1,9789.94001328124,9.259616521590166,3.3671332805782423,3.4393809114359417,0.0,0.8598452278589854,11.63,2.4849066497880004,0.4942532747216867,1.4177855949456584,3.317838050551992,38481,3.8481,38.481,0.4489670313634073,1.1036298264077755,2.8734914996813696
E02000007,Barking and Dagenham 006,E09000002,Barking and Dagenham,1.7360028993623478,10717,21,4,0,0,6173.376786373149,12.0967539902805,2.304143617196286,3.7323877950919098,0.0,0.0,10.717,3.091042453358316,0.8421934730438944,2.530796605600348,5.107006966051858,37572,3.7572,37.572,0.7132260396406656,1.6899781964314782,3.961256994307742
E02000008,Barking and Dagenham 007,E09000002,Barking and Dagenham,1.4199893743899326,13936,22,1,0,1,9814.157944658777,15.493073678422292,0.7042306217464678,0.7175660160734788,0.0,0.7175660160734788,13.936,3.1354942159291497,0.8357180931833639,2.469851472389687,5.872527909382122,38025,3.8025,38.025,0.7754413806707933,1.9947245684297263,5.236354505401647
E02000009,Barking and Dagenham 008,E09000002,Barking and Dagenham,0.961521314611936,13211,14,3,0,0,13739.68501710425,14.56025965025051,3.120055639339395,2.270834910302021,0.0,0.0,13.211,2.70805020110221,0.5851958809921222,1.687752047439227,4.141785984940547,39682,3.9682,39.682,0.5613653535780804,1.4714114869067452,3.8895498354723563
E02000010,Barking and Dagenham 009,E09000002,Barking and Dagenham,1.1214606870735924,9760,9,1,0,0,8702.935477362418,8.025247878715344,0.8916942087461494,1.024590163934426,0.0,0.0,9.76,2.302585092994046,0.4341039383919194,1.2441452983994377,2.7157449704692658,39768,3.9768,39.768,0.3882621413713347,0.9417429625373851,2.295983931330601
E02000011,Barking and Dagenham 010,E09000002,Barking and Dagenham,1.594080804337089,7318,18,2,0,0,4590.73340579071,11.291773886886142,1.2546415429873492,2.732987154960372,0.0,0.0,7.318,2.9444389791664403,0.7795087707303301,2.368015263955792,4.084819613034644,40339,4.0339,40.339,0.6415951266824316,1.5003652704612116,3.0261639550509045
E02000012,Barking and Dagenham 011,E09000002,Barking and Dagenham,1.3003084675599996,12288,16,3,1,2,9450.06535492164,12.304772597554216,2.307144862041416,2.44140625,0.8138020833333333,1.6276041666666663,12.288,2.833213344056216,0.6601461882137072,1.9309157040888445,4.41955269268657,41810,4.181,41.81,0.6405146680529501,1.7284847290660634,4.210257845491769
E02000013,Barking and Dagenham 012,E09000002,Barking and Dagenham,1.3045244120920727,9670,17,3,0,1,7412.663121031342,13.031569085577331,2.299688662160706,3.102378490175801,0.0,1.034126163391934,9.67,2.8903717578961645,0.7196628738636542,2.14718992868737,4.235330380370394,38620,3.862,38.62,0.6108760776627078,1.4464631670147206,3.29703750751594
E02000014,Barking and Dagenham 013,E09000002,Barking and Dagenham,1.1930210354052575,10157,23,7,1,2,8513.680562681586,19.27878831758161,5.867457314046578,6.891798759476223,0.9845426799251747,1.9690853598503493,10.157,3.1780538303479458,0.9147278139852848,2.774420698413523,5.357104621877051,37626,3.7626,37.626,0.7610322596534735,1.7842885436774647,4.041272857891156
E02000015,Barking and Dagenham 014,E09000002,Barking and Dagenham,1.3616381734255136,8759,19,3,1,1,6432.692745360336,13.953780358699207,2.2032284776893487,3.4250485215207216,1.1416828405069073,1.1416828405069073,8.759,2.995732273553991,0.7980246409927857,2.4113559773941864,4.45352473365317,38958,3.8958,38.958,0.6624641351166426,1.5503195057629793,3.346927589399314
E02000016,Barking and Dagenham 015,E09000002,Barking and Dagenham,0.9128384651060916,11306,27,9,0,2,12385.54293249025,29.578069978527928,9.85935665950931,7.960375022112153,0.0,1.768972227136034,11.306,3.332204510175204,1.0271000804664734,3.125815976575721,6.255893565115995,42850,4.285,42.85,0.9681733272606349,2.627327164253818,5.677201453724472
E02000017,Barking and Dagenham 016,E09000002,Barking and Dagenham,0.8765690824340264,9418,9,3,1,1,10744.161742333446,10.267302578148335,3.4224341927161115,3.185389679337439,1.0617965597791463,1.0617965597791463,9.418,2.302585092994046,0.4362237535050625,1.252834473542474,2.685377731164853,41226,4.1226,41.226,0.3978205586054024,0.9901328007638321,2.335263159663963
E02000018,Barking and Dagenham 017,E09000002,Barking and Dagenham,1.3577090796853208,10011,20,0,0,0,7373.449989978907,14.73069621412228,0.0,0.0,0.0,0.0,10.011,3.044522437723423,0.8174255344286457,2.459249816875687,4.81624590675729,37858,3.7858,37.858,0.6848165325298109,1.6073843574954987,3.6742113975400494
E02000019,Barking and Dagenham 018,E09000002,Barking and Dagenham,3.2992477915331127,10746,26,5,0,0,3257.106067503493,7.880584194592482,1.5154969604985542,4.652894100130281,0.0,0.0,10.746,3.295836866004329,1.003524989101894,3.0570196288563247,5.974094246648676,40900,4.09,40.9,0.8988742985540324,2.3033452377982546,5.025113165527544
E02000020,Barking and Dagenham 019,E09000002,Barking and Dagenham,4.356232377096613,15024,52,4,0,2,3448.851828701882,11.936920599873394,0.9182246615287226,2.6624068157614484,0.0,1.3312034078807242,15.024,3.970291913552122,1.683959282495004,5.2302351249848735,11.489211679909577,40493,4.0493,40.493,1.622423096934472,4.551187425850019,10.768477981044514
E02000021,Barking and Dagenham 020,E09000002,Barking and Dagenham,3.2968876705205847,9416,20,5,0,1,2856.0269384346952,6.066327396845147,1.5165818492112868,5.310110450297366,0.0,1.0620220900594732,9.416,3.044522437723423,0.8243826097740371,2.4892083633188142,4.722938930221792,37748,3.7748,37.748,0.6784719797171476,1.567641357404815,3.5064788458301335
E02000022,Barking and Dagenham 021,E09000002,Barking and Dagenham,0.7974865461070452,9565,12,1,0,0,11993.93274619094,15.04727579239846,1.2539396493665385,1.0454783063251438,0.0,0.0,9.565,2.5649493574615367,0.5451841418766705,1.592305606713826,3.2947675509129386,42158,4.2158,42.158,0.502061493469897,1.2831087794194456,2.900711445922195
E02000023,Barking and Dagenham 022,E09000002,Barking and Dagenham,1.74539728030062,8654,32,1,0,0,4958.183502216453,18.33393483602109,0.5729354636256591,1.1555350127108852,0.0,0.0,8.654,3.49650756146648,1.2280853887457226,3.8408509864843454,6.497222926944914,41172,4.1172,41.172,1.0369171130281847,2.556005607901262,4.983916933100468
E02000024,Barnet 001,E09000003,Barnet,3.753626431627331,11163,55,13,4,10,2973.9240713840672,14.65249699239664,3.463317470930115,11.645614978052494,3.583266147093076,8.958165367732688,11.163,4.02535169073515,1.8652103646394715,5.953476407102511,10.552517387265134,55070,5.507,55.07,2.1520257832286758,7.739025877822185,12.82627410240157
E02000025,Barnet 002,E09000003,Barnet,2.4018932546834955,8602,21,1,0,1,3581.341503510534,8.743102949746712,0.4163382357022244,1.162520344106022,0.0,1.162520344106022,8.602,3.091042453358316,0.8679507652710704,2.6421020685186325,4.76392850436736,47680,4.768,47.68,0.8468195587734085,2.4129745506910427,4.539898102059418
E02000026,Barnet 003,E09000003,Barnet,1.46573820943503,6348,13,1,0,0,4330.92346173253,8.869250945577015,0.6822500727366935,1.575299306868305,0.0,0.0,6.348,2.6390573296152584,0.6082079325851741,1.8207015447956896,3.136048144528386,47907,4.7907,47.907,0.5737698025785117,1.5581778686822665,2.845342857215167
E02000027,Barnet 004,E09000003,Barnet,1.6742648491229404,9716,41,1,0,0,5803.143991877811,24.488359784581125,0.5972770679166128,1.029230135858378,0.0,0.0,9.716,3.737669618283368,1.4876594195723885,4.698435318131051,8.083601371018602,45263,4.5263,45.263,1.3832101212660697,3.8403582648247774,7.145955115638748
E02000028,Barnet 005,E09000003,Barnet,1.0556310412499073,6755,25,0,0,0,6399.016072890225,23.68251692409409,0.0,0.0,0.0,0.0,6.755,3.258096538021482,1.0283859108020257,3.2018764699955,5.091057324869384,48879,4.8879,48.879,0.9707982379811393,2.7322668309512217,4.601341091059694
E02000029,Barnet 006,E09000003,Barnet,1.684554862462936,9883,22,7,1,4,5866.831778663693,13.059829923161107,4.155400430096717,7.082869574015986,1.0118385105737124,4.04735404229485,9.883,3.1354942159291497,0.8853833184058292,2.682200311552405,5.13984635360008,47090,4.709,47.09,0.8813457755784729,2.5499504883535655,5.053347365713367
E02000030,Barnet 007,E09000003,Barnet,14.578600607472504,9545,50,1,0,0,654.7267640426031,3.42968446329284,0.0685936892658568,1.0476689366160294,0.0,0.0,9.545,3.9318256327243257,1.7615448635019098,5.642697388986916,9.318333493493826,48640,4.864,48.64,1.7257683529512835,5.164139102601882,8.881195985390058
E02000031,Barnet 008,E09000003,Barnet,1.9390096754493256,8988,45,4,0,2,4635.35593132985,23.207723287699515,2.0629087366844017,4.450378282153983,0.0,2.225189141076992,8.988,3.828641396489095,1.6251677786207657,5.187338717506098,8.458213671322579,51050,5.105,51.05,1.6525036665152744,5.1573677947051655,8.51728640519367
E02000032,Barnet 009,E09000003,Barnet,1.3979679499271356,7993,14,2,0,2,5717.584584408111,10.014535741487997,1.4306479630697138,2.5021894157387714,0.0,2.5021894157387714,7.993,2.70805020110221,0.630346559719155,1.8768314517275175,3.488807794746666,43809,4.3809,43.809,0.5713797646638489,1.4660028559614486,2.9897467451041972
E02000033,Barnet 010,E09000003,Barnet,1.775722213226239,9060,24,0,0,0,5102.149386045719,13.515627512703892,0.0,0.0,0.0,0.0,9.06,3.218875824868201,0.9622457091911968,2.946266573606376,5.330384474395566,44503,4.4503,44.503,0.8877651092787944,2.378404816234113,4.67504702805591
E02000034,Barnet 011,E09000003,Barnet,1.558174736609076,9363,20,2,0,1,6008.9537970407,12.835530913255791,1.2835530913255793,2.136067499732992,0.0,1.0680337498664958,9.363,3.044522437723423,0.8250051803040802,2.491894576763854,4.714715754307452,48575,4.8575,48.575,0.8374631886103441,2.476390574158277,4.771294632728283
E02000035,Barnet 012,E09000003,Barnet,1.2979552178624203,8810,28,1,0,0,6787.599355322161,21.572392956756016,0.7704426055984291,1.135073779795687,0.0,0.0,8.81,3.367295829986474,1.096796389602829,3.397227154370269,5.918975021379366,50087,5.0087,50.087,1.1131800386087038,3.373839953427062,5.966607623221094
E02000036,Barnet 013,E09000003,Barnet,1.7945968114423936,11451,20,2,1,1,6380.820431078525,11.14456454646498,1.114456454646498,1.7465723517596716,0.8732861758798358,0.8732861758798358,11.451,3.044522437723423,0.8008302624907503,2.3882288637465647,5.049765168336696,43905,4.3905,43.905,0.784014070495797,2.1821138587849216,4.859552336113136
E02000037,Barnet 014,E09000003,Barnet,4.324652530946115,11376,22,1,0,0,2630.5003508596897,5.087113899341875,0.2312324499700852,0.8790436005625879,0.0,0.0,11.376,3.1354942159291497,0.8667538068634428,2.601932886514208,5.398454949731934,47661,4.7661,47.661,0.9073778415962795,2.74945378730904,5.730458638316156
E02000038,Barnet 015,E09000003,Barnet,1.76227032578617,10929,30,2,0,0,6201.659212030618,17.023494954791705,1.1348996636527804,1.829993595022417,0.0,0.0,10.929,3.4339872044851463,1.1268439454325148,3.4609635694772054,6.676496200069332,44837,4.4837,44.837,1.0880825986623006,3.0666253058426127,6.269058902049525
E02000039,Barnet 016,E09000003,Barnet,2.132014777761116,7307,35,8,2,6,3427.2745556075706,16.416396530212804,3.752319206905784,10.948405638428904,2.7371014096072264,8.211304228821678,7.307,3.58351893845611,1.348891121773164,4.2785639582759805,6.641305410811011,48960,4.896,48.96,1.2744330432178739,3.6462923144690227,5.997777185910432
E02000040,Barnet 017,E09000003,Barnet,5.15487659709183,10697,43,4,0,0,2075.1224202020294,8.34161578654644,0.7759642592136223,3.739366177432925,0.0,0.0,10.697,3.784189633918261,1.5267434311868655,4.808143279765152,8.649471223808439,45916,4.5916,45.916,1.472084134781604,4.2414307577213055,8.076430674286094
E02000041,Barnet 018,E09000003,Barnet,1.3490573427211892,9877,32,12,3,4,7321.408577101001,23.7202667274711,8.895100022801662,12.149438088488408,3.037359522122102,4.049812696162802,9.877,3.49650756146648,1.206877484520281,3.746438407036169,6.76381372510853,42397,4.2397,42.397,1.0777403061098767,2.8073974402403787,5.646492304253621
E02000042,Barnet 019,E09000003,Barnet,1.2125737193624804,11675,28,9,2,5,9628.280584984324,23.091379561418503,7.422229144741663,7.708779443254818,1.7130620985010707,4.282655246252676,11.675,3.367295829986474,1.052939343867277,3.204820772391085,6.503653172759537,44208,4.4208,44.208,1.0274120152467263,2.900514033410229,6.212487403504032
E02000043,Barnet 020,E09000003,Barnet,1.4676339373449456,7529,28,0,0,0,5130.025824846009,19.07832688214746,0.0,0.0,0.0,0.0,7.529,3.367295829986474,1.116992288040159,3.48695266026825,5.674850485424707,49745,4.9745,49.745,1.0888589572263556,3.1825764884863714,5.379256128500277
E02000044,Barnet 021,E09000003,Barnet,1.107526124714256,8879,20,2,1,2,8016.966644728855,18.058264770196768,1.8058264770196768,2.2525059128280214,1.126252956414011,2.2525059128280214,8.879,3.044522437723423,0.8307123373077837,2.516559782661969,4.640280350996605,42283,4.2283,42.283,0.7364421175593238,1.8653735012736177,3.84178515899837
E02000045,Barnet 022,E09000003,Barnet,1.7347924033390805,10517,23,1,0,0,6062.396849189084,13.25807050787762,0.5764378481685922,0.9508414947228296,0.0,0.0,10.517,3.1780538303479458,0.9100493711596288,2.754169341893524,5.420892067990676,44752,4.4752,44.752,0.878307075792527,2.4436062972812214,5.094630420724365
E02000046,Barnet 023,E09000003,Barnet,0.9709766807267564,7206,25,8,2,4,7421.393472195908,25.74727127461805,8.239126807877778,11.101859561476548,2.775464890369137,5.550929780738274,7.206,3.258096538021482,1.0218008708777178,3.172624249268916,5.1671141648425385,50483,5.0483,50.483,1.0071021591983307,2.9700537505771702,4.980692116487
E02000047,Barnet 024,E09000003,Barnet,1.4221723197271667,12802,28,6,2,2,9001.722099651024,19.68819081317206,4.218898031394013,4.68676769254804,1.562255897516013,1.562255897516013,12.802,3.367295829986474,1.0361719294723033,3.132155627514444,6.749170635883299,37206,3.7206,37.206,0.9085010947927799,2.240286416922934,5.514400906191839
E02000048,Barnet 025,E09000003,Barnet,3.0842093626567784,10296,18,2,1,2,3338.2947748822376,5.836179676367548,0.6484644084852832,1.9425019425019423,0.9712509712509712,1.9425019425019423,10.296,2.9444389791664403,0.7471354422301576,2.2287685188812185,4.50502635490445,48277,4.8277,48.277,0.7763703245573528,2.3261837433134853,4.730196776732533
E02000049,Barnet 026,E09000003,Barnet,0.7884670324121328,10257,15,1,0,0,13008.787404364995,19.02425768406697,1.268283845604465,0.9749439407234084,0.0,0.0,10.257,2.772588722239781,0.6450867938668271,1.9026156921482291,3.947644938772205,39225,3.9225,39.225,0.5657994172176598,1.3750721169088178,3.2315619067013834
E02000050,Barnet 027,E09000003,Barnet,2.1206586692039973,10463,27,1,0,0,4933.844447455259,12.731893346200131,0.4715516054148197,0.9557488292076844,0.0,0.0,10.463,3.332204510175204,1.0395071793137796,3.179902702036654,6.084875598468159,43534,4.3534,43.534,0.9712698935864422,2.62768648324593,5.443647599856411
E02000051,Barnet 028,E09000003,Barnet,1.4484185443797963,9583,30,6,1,3,6616.181515477199,20.712245170021493,4.142449034004299,6.261087342168422,1.0435145570280706,3.130543671084211,9.583,3.4339872044851463,1.1486560987049477,3.5570745042484204,6.387462345071795,51537,5.1537,51.537,1.220051163151282,3.890584324643899,6.890151183750916
E02000052,Barnet 029,E09000003,Barnet,0.9692765853764074,10097,17,7,0,4,10417.04726218982,17.5388534670919,7.221880839390782,6.9327523026641575,0.0,3.961572744379519,10.097,2.8903717578961645,0.7152991538252981,2.128612655752365,4.295212498008014,53179,5.3179,53.179,0.8156586765820216,2.721044748114314,5.174141255733907
E02000054,Barnet 031,E09000003,Barnet,1.500658535444917,8156,18,1,0,0,5434.947263057348,11.994734028326665,0.6663741126848147,1.2260912211868564,0.0,0.0,8.156,2.9444389791664403,0.7702597525490736,2.327974732727849,4.198934813673301,42842,4.2842,42.842,0.6805245822220455,1.7169054177966305,3.4581865520594532
E02000055,Barnet 032,E09000003,Barnet,1.4404524644063077,12376,29,13,2,6,8591.744820333835,20.132563008216,9.024942038165792,10.504201680672267,1.6160310277957337,4.848093083387202,12.376,3.4011973816621555,1.0732403037718747,3.260106311404225,6.829248903650564,43621,4.3621,43.621,1.052876657570429,2.979449376633016,6.580612143144951
E02000056,Barnet 033,E09000003,Barnet,3.227096616868298,9325,82,3,1,3,2889.5943032066225,25.409837304337056,0.9296281940611116,3.2171581769437,1.0723860589812333,3.2171581769437,9.325,4.418840607796598,2.68343436632438,8.894870584213052,13.402065971439296,59510,5.951,59.51,3.15818641080767,12.103876993744551,16.67045509179546
E02000057,Barnet 034,E09000003,Barnet,1.0940708138409794,8277,17,1,0,1,7565.323830311995,15.538299518582086,0.9140176187401228,1.2081672103419114,0.0,1.2081672103419114,8.277,2.8903717578961645,0.7340845507885441,2.2089291217298697,4.045720742646643,44217,4.4217,44.217,0.6700088630585738,1.7484482015588156,3.49830006378287
E02000058,Barnet 035,E09000003,Barnet,1.8133827276330807,10617,45,12,4,8,5854.803753346568,24.815500508674347,6.617466802313159,11.302627860977678,3.767542620325892,7.535085240651784,10.617,3.828641396489095,1.5878933899898564,5.01819487022679,8.923598330105794,51760,5.176,51.76,1.7087269454265668,5.619847442842305,9.794319332501004
E02000059,Barnet 036,E09000003,Barnet,2.1938462811728248,12637,19,4,0,1,5760.203031747645,8.660588557664417,1.8232818016135608,3.165308221888106,0.0,0.7913270554720265,12.637,2.995732273553991,0.7551397066611344,2.2283715481489708,5.059177337143756,41109,4.1109,41.109,0.723862510282904,1.9395164681425006,4.729868070184332
E02000060,Barnet 037,E09000003,Barnet,1.2324759135142074,11994,21,5,2,2,9731.630345457246,17.03887254082059,4.056874414481093,4.16875104218776,1.6675004168751042,1.6675004168751042,11.994,3.091042453358316,0.8270132212063088,2.4658754152014333,5.326003108824311,40599,4.0599,40.599,0.7683224931187864,2.0072750813542544,4.74571343963052
E02000061,Barnet 038,E09000003,Barnet,1.5869957823798158,8674,40,11,4,5,5465.673000713779,25.2048558944606,6.931335370976663,12.681577127046344,4.611482591653217,5.76435323956652,8.674,3.713572066704308,1.4790121917503292,4.693304800263993,7.669385258843764,52937,5.2937,52.937,1.5558101412833587,5.030585208632226,8.124335364863427
E02000062,Barnet 039,E09000003,Barnet,1.837998712367016,7364,48,16,3,10,4006.5316425148494,26.11536105930375,8.70512035310125,21.727322107550243,4.073872895165671,13.5795763172189,7.364,3.8918202981106265,1.755825281421039,5.684419811782673,8.413398550288527,37277,3.7277,37.277,1.3038851078979432,2.8649831633304674,5.3101547719422015
E02000063,Barnet 040,E09000003,Barnet,1.0376093992360855,7684,18,0,0,0,7405.484188613901,17.347568375201746,0.0,0.0,0.0,0.0,7.684,2.9444389791664403,0.7754556411314782,2.350443376853141,4.13427339133467,41581,4.1581,41.581,0.6602294490570593,1.6014325753555385,3.2215625167268587
E02000064,Barnet 041,E09000003,Barnet,0.7943760915272416,7281,19,3,0,1,9165.683707828852,23.91814180040492,3.776548705327092,4.120313143798929,0.0,1.373437714599643,7.281,2.995732273553991,0.8150027798060144,2.4849856003056687,4.242274015098361,49063,4.9063,49.063,0.7925574901592148,2.262089116425081,4.0185922902444515
E02000065,Bexley 001,E09000004,Bexley,4.062100491670032,8391,13,0,0,0,2065.6800631119413,3.2003147205881586,0.0,0.0,0.0,0.0,8.391,2.6390573296152584,0.5907643058892091,1.7465569375632022,3.35394402311982,44135,4.4135,44.135,0.5463452099981995,1.4241025844332313,2.964137098917861
E02000066,Bexley 002,E09000004,Bexley,1.5725994666607523,9890,31,4,0,3,6288.950371451138,19.71258458189942,2.543559300890248,4.044489383215369,0.0,3.033367037411527,9.89,3.4657359027997265,1.1752191345971377,3.640307029469371,6.610072055398797,38132,3.8132,38.132,0.9674245225384709,2.285761091533075,4.8944760448757325
E02000067,Bexley 003,E09000004,Bexley,2.617969627205284,10924,29,4,0,0,4172.699288211953,11.077286649409247,1.5279016068150686,3.661662394727206,0.0,0.0,10.924,3.4011973816621555,1.0956678746458426,3.357874986154283,6.510870505131134,40944,4.0944,40.944,0.981998831681668,2.5307697835483363,5.4778821395502995
E02000068,Bexley 004,E09000004,Bexley,3.5829767244328647,8668,41,5,3,3,2419.217501719056,11.442999258246571,1.3954877144203135,5.7683433317951085,3.461005999077065,3.461005999077065,8.668,3.737669618283368,1.5100327266478373,4.799715166356923,7.809800443234103,40219,4.0219,40.219,1.2378950591931979,2.991655424133881,5.7231997127510885
E02000069,Bexley 005,E09000004,Bexley,1.4513422738903623,7866,26,1,0,0,5419.81043445732,17.914450965661114,0.6890173448331198,1.2712941774726672,0.0,0.0,7.866,3.295836866004329,1.0455471889334913,3.2415418806054226,5.4343425548467055,43250,4.325,43.25,0.908968150090268,2.3057119293233113,4.354935529753214
E02000070,Bexley 006,E09000004,Bexley,1.8561612087377628,8333,27,2,1,1,4489.37299237422,14.546150341306124,1.077492617874528,2.400096003840153,1.2000480019200768,1.2000480019200768,8.333,3.332204510175204,1.0715279431033458,3.3207696361271672,5.673307135981214,42940,4.294,42.94,0.9357786576246929,2.382117975839381,4.578676488740421
E02000071,Bexley 007,E09000004,Bexley,1.1786984631190505,7958,15,2,1,1,6751.514699477663,12.725901041991072,1.6967868055988096,2.513194269917064,1.256597134958532,1.256597134958532,7.958,2.772588722239781,0.666560508174851,1.9937450042684617,3.660238920800701,42456,4.2456,42.456,0.5861545498359592,1.4575819026213426,2.997379231041627
E02000072,Bexley 008,E09000004,Bexley,5.602484490550267,14657,36,2,0,0,2616.1607452411554,6.425720599623497,0.3569844777568609,1.3645357167223853,0.0,0.0,14.657,3.610917912644224,1.243706254284607,3.778758790924724,8.635039368814523,41944,4.1944,41.944,1.2415440622364895,3.561990559497233,8.551132423035392
E02000073,Bexley 009,E09000004,Bexley,1.60019284812593,10850,31,5,0,3,6780.432753906509,19.37266501116145,3.124623388897009,4.608294930875576,0.0,2.7649769585253456,10.85,3.4657359027997265,1.1592587203309384,3.5698793971165075,6.822044479467065,43853,4.3853,43.853,1.0941980814556422,3.0105666524540458,6.191549539618708
E02000074,Bexley 010,E09000004,Bexley,1.1287455312034411,9134,14,2,0,0,8092.169357482681,12.403149880091696,1.7718785542988136,2.189621195533173,0.0,0.0,9.134,2.70805020110221,0.6201849929666944,1.833754221635605,3.622179703029351,40758,4.0758,40.758,0.5458157841811786,1.3394373961285941,2.9767398722410836
E02000075,Bexley 011,E09000004,Bexley,1.5353233646991764,8079,23,3,1,2,5262.083666383179,14.98055753519162,1.9539857654597763,3.713330857779428,1.2377769525931428,2.4755539051862856,8.079,3.1780538303479458,0.9422067796342144,2.894260769749432,5.003308197014309,43193,4.3193,43.193,0.8273615185594132,2.1041283522373124,4.0747211943968935
E02000077,Bexley 013,E09000004,Bexley,1.1174177633044886,8463,15,4,1,1,7573.711710983326,13.423806648322095,3.579681772885892,4.726456339359565,1.1816140848398913,1.1816140848398913,8.463,2.772588722239781,0.6617831271567214,1.9733604847701072,3.72152207618484,42006,4.2006,42.006,0.5845752654175231,1.4549774795127288,3.07020538605043
E02000078,Bexley 014,E09000004,Bexley,1.4878685327930925,8178,21,4,1,1,5496.453362480823,14.11415023380989,2.6884095683447407,4.8911714355588165,1.222792858889704,1.222792858889704,8.178,3.091042453358316,0.8732084307727637,2.664998068619765,4.6979751207001454,44378,4.4378,44.378,0.78995881992433,2.0675084202827954,4.001811206445366
E02000079,Bexley 015,E09000004,Bexley,1.6479164763961598,9854,31,19,2,7,5979.67199256954,18.81163301904361,11.529710560058987,19.28151004668155,2.029632636492795,7.103714227724781,9.854,3.4657359027997265,1.1758219059951007,3.6429749247466994,6.602252511496242,47923,4.7923,47.923,1.170480713565405,3.457641004829097,6.472185120599559
E02000080,Bexley 016,E09000004,Bexley,1.691864430904955,10516,32,8,1,1,6215.628042002831,18.91404501180017,4.728511252950042,7.607455306200077,0.9509319132750096,0.9509319132750096,10.516,3.49650756146648,1.195942729146218,3.6980358899287977,6.907426320218675,44126,4.4126,44.126,1.1233118125503454,3.087751143418793,6.21906180351279
E02000081,Bexley 017,E09000004,Bexley,2.2057556922345443,8557,31,0,0,0,3879.396086395823,14.054140315329027,0.0,0.0,0.0,0.0,8.557,3.4657359027997265,1.1977458759354676,3.740408664051481,6.326617443120247,45273,4.5273,45.273,1.0943008948291795,2.9559597482614475,5.453345325382398
E02000082,Bexley 018,E09000004,Bexley,1.4973410460998349,9409,24,2,0,0,6283.805566212106,16.0284125400245,1.335701045002042,2.125624402168137,0.0,0.0,9.409,3.218875824868201,0.9574742375728283,2.92541564895913,5.391903274747928,43612,4.3612,43.612,0.8761436229674054,2.3177635427384913,4.674497628955074
E02000083,Bexley 019,E09000004,Bexley,3.744166524486084,11777,38,4,1,3,3145.4263380062894,10.149121240064447,1.0683285515857313,3.3964507090090854,0.8491126772522714,2.547338031756814,11.777,3.6635616461296463,1.355643742130899,4.206855859278416,8.175979727360932,43830,4.383,43.83,1.2984433475231565,3.650062728660336,7.580057137875616
E02000084,Bexley 020,E09000004,Bexley,2.593843003465763,11419,38,0,0,0,4402.348170163925,14.650077105370798,0.0,0.0,0.0,0.0,11.419,3.6635616461296463,1.3625741098872408,4.237616316662114,8.080304602578007,46204,4.6204,46.204,1.3541306927421994,3.9874021166834295,7.906609641287596
E02000085,Bexley 021,E09000004,Bexley,1.6234410111580737,8007,24,4,1,1,4932.116378092633,14.78341364733648,2.46390227455608,4.995628824778319,1.2489072061945796,1.2489072061945796,8.007,3.218875824868201,0.976786741587367,3.0100827956625613,5.148991627456271,44245,4.4245,44.245,0.8721832926176807,2.269223076031272,4.296159356239729
E02000086,Bexley 022,E09000004,Bexley,1.4884730456507742,7116,12,2,1,1,4780.738234254567,8.061953177495054,1.3436588629158424,2.810567734682406,1.405283867341203,1.405283867341203,7.116,2.5649493574615367,0.5645371557002089,1.6736731946771717,3.0398643239427803,46059,4.6059,46.059,0.5260144413548634,1.39212228035217,2.7129811220836797
E02000087,Bexley 023,E09000004,Bexley,3.716351207569301,8214,33,4,2,3,2210.2324406988464,8.879677446196972,1.0763245389329663,4.869734599464329,2.4348672997321645,3.652300949598247,8.214,3.5263605246161616,1.267862115629128,3.983939014382382,6.551069273590878,48019,4.8019,48.019,1.2076921387374127,3.449070600857902,5.999251243502743
E02000088,Bexley 024,E09000004,Bexley,1.998930317125451,7736,25,0,0,0,3870.06987373362,12.50668909557142,0.0,0.0,0.0,0.0,7.736,3.258096538021482,1.0141162254948324,3.1385894090226008,5.257947075859909,45777,4.5777,45.777,0.9246593440702859,2.4773790427012816,4.521328035506473
E02000089,Bexley 025,E09000004,Bexley,1.3677525563899204,8075,12,3,1,2,5903.8456643892905,8.773516776801422,2.1933791942003555,3.7151702786377694,1.238390092879257,2.476780185758514,8.075,2.5649493574615367,0.5568782222371583,1.6413266784359637,3.137243830591152,47109,4.7109,47.109,0.5431318289429694,1.504082007582806,2.9996602864885036
E02000090,Bexley 026,E09000004,Bexley,1.8097902359793685,9942,45,8,2,3,5493.4543254510845,24.864760072953008,4.420401790747202,8.046670690002012,2.011667672500503,3.017501508750754,9.942,3.828641396489095,1.6032337115970097,5.087602417974167,8.727730509526461,48817,4.8817,48.817,1.6003500618915536,4.8472687983105835,8.564380713598366
E02000091,Bexley 027,E09000004,Bexley,2.733594797194155,10321,29,1,0,1,3775.6144438794618,10.608741291784169,0.3658186652339368,0.9688983625617672,0.0,0.9688983625617672,10.321,3.4011973816621555,1.1051189790412943,3.39933394426441,6.383053705958649,47589,4.7589,47.589,1.1098021031123169,3.2858091262425138,6.347067768432658
E02000092,Bexley 028,E09000004,Bexley,5.991859746968996,7065,30,1,0,0,1179.0996949776495,5.00679275999002,0.1668930919996673,1.4154281670205238,0.0,0.0,7.065,3.4339872044851463,1.1906007924619844,3.744096375938728,5.879934462021386,41433,4.1433,41.433,0.971913722656604,2.3255452744932756,4.2832085085887135
E02000093,Brent 001,E09000005,Brent,1.3774308805731743,12230,18,4,0,1,8878.848421715993,13.067806344308083,2.9039569654017963,3.270645952575633,0.0,0.8176614881439084,12.23,2.9444389791664403,0.7268348977251792,2.1427538943230395,4.800803776839363,39894,3.9894,39.894,0.6747932624192513,1.7419826783432673,4.2804757102469475
E02000094,Brent 002,E09000005,Brent,1.1634633860772552,10616,20,12,0,2,9124.481377787926,17.190055346247036,10.314033207748222,11.303692539562924,0.0,1.8839487565938209,10.616,3.044522437723423,0.8104117307052054,2.4291574434008463,4.9130113925656085,41101,4.1101,41.101,0.7348642787349531,1.8829129959983268,4.21667423461205
E02000095,Brent 003,E09000005,Brent,1.5488260469729578,10466,28,10,2,2,6757.37602712381,18.07820836608701,6.456502987888219,9.554748710108925,1.9109497420217847,1.9109497420217847,10.466,3.367295829986474,1.0712285282972769,3.284648310499517,6.250192826467615,38596,3.8596,38.596,0.9075850776175666,2.193623110052069,4.837484405294419
E02000096,Brent 004,E09000005,Brent,1.6355023200059238,7844,12,4,0,0,4796.080020217635,7.337195339445643,2.445731779815214,5.099439061703213,0.0,0.0,7.844,2.5649493574615367,0.558713521179305,1.649060557308193,3.11350596067198,44365,4.4365,44.365,0.5133982409335004,1.3283439790687808,2.725206355529378
E02000097,Brent 005,E09000005,Brent,1.8713255500346808,9622,11,1,0,0,5141.809772127399,5.878186187216939,0.5343805624742671,1.0392849719393058,0.0,0.0,9.622,2.4849066497880004,0.5085935886880637,1.476920920873327,3.105860021641654,39320,3.932,39.32,0.4454754596390228,1.067612117725693,2.5413588932176308
E02000098,Brent 006,E09000005,Brent,1.8386097587960115,8717,19,3,0,1,4741.08219990533,10.333894894826344,1.6316676149725808,3.4415509923138696,0.0,1.1471836641046231,8.717,2.995732273553991,0.7985021872362976,2.413417866951341,4.447378868071453,39635,3.9635,39.635,0.6709302601486742,1.5931712648747511,3.402362253672649
E02000099,Brent 007,E09000005,Brent,1.2871418701523605,9735,21,4,2,2,7563.268840634993,16.315217838041587,3.10766054057935,4.108885464817669,2.0544427324088343,2.0544427324088343,9.735,3.091042453358316,0.8540561885775566,2.581880568423879,4.944745541094799,42153,4.2153,42.153,0.7707209349249354,1.9844041036122593,4.206515654346546
E02000100,Brent 008,E09000005,Brent,2.078546156436237,8342,32,3,0,0,4013.3821297010513,15.395376186817748,1.4433165175141638,3.596259889714697,0.0,0.0,8.342,3.49650756146648,1.2335551509960674,3.865315167284892,6.430911802361173,45810,4.581,45.81,1.1308356041576804,3.0783867287261595,5.567684519539498
E02000101,Brent 009,E09000005,Brent,1.4039118543457574,9825,22,4,0,0,6998.3026139334,15.670499491759266,2.849181725774412,4.071246819338422,0.0,0.0,9.825,3.1354942159291497,0.8861150615517847,2.685368016323717,5.130053848109023,38588,3.8588,38.588,0.7461502842042486,1.7746782601263777,3.9388713359718137
E02000102,Brent 010,E09000005,Brent,1.3593775408033302,8325,9,0,0,0,6124.126484449864,6.62067728048634,0.0,0.0,0.0,0.0,8.325,2.302585092994046,0.4430681379160149,1.2810132375936252,2.590585033199631,34906,3.4906,34.906,0.3470876748154603,0.7295730686309944,1.796885904714282
E02000103,Brent 011,E09000005,Brent,1.771940319263671,10238,29,4,0,1,5777.846967359712,16.366239700471933,2.257412372478888,3.907013088493846,0.0,0.9767532721234616,10.238,3.4011973816621555,1.1064262445454311,3.4050805039421586,6.365657927860946,40235,4.0235,40.235,0.9605479427222084,2.3988158318973047,5.104261165074554
E02000104,Brent 012,E09000005,Brent,1.1078884331002592,7630,27,1,0,0,6886.975052757426,24.370684983545285,0.902617962353529,1.310615989515072,0.0,0.0,7.63,3.332204510175204,1.0823113233934416,3.368618706097267,5.543675271782436,36752,3.6752,36.752,0.8223980523699512,1.78882727911187,3.638942847050265
E02000105,Brent 013,E09000005,Brent,1.3697866190903645,10278,25,8,2,2,7503.358447774385,18.251017823930688,5.840325703657821,7.783615489394824,1.945903872348706,1.945903872348706,10.278,3.258096538021482,0.978054655771092,2.980357320919056,5.716297019371722,37889,3.7889,37.889,0.8174383816268156,1.9344063963550258,4.3391191205091655
E02000106,Brent 014,E09000005,Brent,1.340986835900634,10705,31,7,1,2,7982.926985864335,23.117303742344173,5.220036328916426,6.539000467071462,0.9341429238673516,1.8682858477347035,10.705,3.4657359027997265,1.161655437905956,3.5804288910829336,6.789597264347626,35090,3.509,35.09,0.9206833520005874,2.066029819793618,4.7594941731749385
E02000107,Brent 015,E09000005,Brent,0.9546533046321222,11078,19,6,1,2,11604.212698209778,19.90251320328451,6.285004169458266,5.416140097490522,0.9026900162484204,1.8053800324968403,11.078,2.995732273553991,0.7720957375644627,2.300202284118195,4.8063800545553095,39514,3.9514,39.514,0.6886449068654923,1.7184709320328662,4.030229920272292
E02000108,Brent 016,E09000005,Brent,0.8129798778133907,7585,9,0,0,0,9329.874215830274,11.070384699073497,0.0,0.0,0.0,0.0,7.585,2.302585092994046,0.4477628933220028,1.3004502121796049,2.528313925547576,39951,3.9951,39.951,0.3795811495125765,0.8809678796337436,1.968378878397543
E02000110,Brent 018,E09000005,Brent,0.7991317960836258,8053,14,0,0,0,10077.186315781742,17.519012594181596,0.0,0.0,0.0,0.0,8.053,2.70805020110221,0.6298080853905633,1.87454121391868,3.4956972754004614,43796,4.3796,43.796,0.5716476309604952,1.4682081658756014,3.0017833227197013
E02000111,Brent 019,E09000005,Brent,1.127825785507705,11415,21,9,0,2,10121.244031374395,18.619897035379967,7.979955872305701,7.884362680683311,0.0,1.7520805957074026,11.415,3.091042453358316,0.8338618401236597,2.49510212816282,5.225568741870002,36568,3.6568,36.568,0.7052965499822934,1.6587209623588328,4.050083949486468
E02000112,Brent 020,E09000005,Brent,1.2687895994079672,12855,31,8,1,3,10131.703480228953,24.432734958156168,6.305221924685463,6.223259432127576,0.777907429015947,2.3337222870478413,12.855,3.4657359027997265,1.1266203809994562,3.4271520702362688,7.286936970298028,37101,3.7101,37.101,0.9826173737268654,2.421786615046683,5.9030155814172165
E02000113,Brent 021,E09000005,Brent,1.483450206911394,9668,31,2,0,0,6517.2393080379725,20.89722988717181,1.3482083798175366,2.068680182043856,0.0,0.0,9.668,3.4657359027997265,1.1789411535204226,3.656790230091044,6.561998655473986,31872,3.1872,31.872,0.8539466369403248,1.7396529742394242,4.02099115475846
E02000114,Brent 022,E09000005,Brent,0.6133535614171027,8906,17,10,1,2,14520.173290301638,27.716477199093625,16.303810117113898,11.228385358185491,1.1228385358185493,2.2456770716370986,8.906,2.8903717578961645,0.7275370939973372,2.1808343819998552,4.130263213238827,46810,4.681,46.81,0.7101221257039144,1.9941211221356638,3.9472464391042683
E02000115,Brent 023,E09000005,Brent,0.8487824089110606,8555,19,3,1,1,10079.1438538124,22.38500680566167,3.534474758788685,3.5067212156633545,1.168907071887785,1.168907071887785,8.555,2.995732273553991,0.800346829738416,2.421387398268726,4.423752729439284,44214,4.4214,44.214,0.732178921161018,1.9238355058360201,3.8363232733146577
E02000116,Brent 024,E09000005,Brent,1.096324732505756,8719,25,7,1,2,7952.9356051941695,22.80346256793832,6.3849695190227305,8.02844362885652,1.1469205184080744,2.293841036816149,8.719,3.258096538021482,1.0000160555254831,3.0764280412577314,5.430664740313989,37635,3.7635,37.635,0.7982764513668048,1.8142145295560725,3.842897553575724
E02000117,Brent 025,E09000005,Brent,0.8900069141978508,12966,18,9,1,2,14568.426147212633,20.224561981322488,10.112280990661244,6.941230911614993,0.7712478790683326,1.5424957581366652,12.966,2.9444389791664403,0.7192550743416688,2.110899382311726,4.918398265935355,34235,3.4235,34.235,0.60965403200474,1.4053591372227887,3.8379144453013687
E02000118,Brent 026,E09000005,Brent,1.2338217841565542,11845,18,7,2,3,9600.251958671077,14.58881682195689,5.6734287640943455,5.90966652596032,1.6884761502743777,2.5327142254115658,11.845,2.9444389791664403,0.7308316549128501,2.1596079574413314,4.7404146836270336,35948,3.5948,35.948,0.6219180284891471,1.4543205898972265,3.714375080610419
E02000119,Brent 027,E09000005,Brent,2.571337909412576,12231,52,3,2,2,4756.667707977044,20.222935231363444,1.1667078018094297,2.452783909737552,1.6351892731583682,1.6351892731583682,12.231,3.970291913552122,1.7523016039698345,5.536122835109252,10.481115132312596,37278,3.7278,37.278,1.473431364529822,3.6090635584121102,8.000844823492141
E02000120,Brent 028,E09000005,Brent,0.5061581040121904,8689,13,6,2,3,17166.572916889883,25.68367452175952,11.85400362542747,6.905282541143976,2.301760847047992,3.452641270571988,8.689,2.6390573296152584,0.5882620652923115,1.7359972276710234,3.386968138738492,49853,4.9853,49.853,0.6129989968987354,1.8334100193864684,3.57196342348839
E02000121,Brent 029,E09000005,Brent,1.3954798545494298,13013,22,6,0,2,9325.10774525055,15.765186382503044,4.299596286137194,4.610773841543073,0.0,1.5369246138476906,13.013,3.1354942159291497,0.8467776918009463,2.516681759926072,5.696985042991161,35153,3.5153,35.153,0.7250971623302538,1.7110989787137822,4.505617768092146
E02000122,Brent 030,E09000005,Brent,1.2026509392513274,7948,17,2,0,2,6608.733873311385,14.135439839745036,1.6629929223229454,2.5163563160543534,0.0,2.5163563160543534,7.948,2.8903717578961645,0.7375326511157989,2.223768014921656,4.002192145749488,47425,4.7425,47.425,0.7104510953051268,1.9807532405511061,3.7456788518250685
E02000123,Brent 031,E09000005,Brent,1.034985452237651,14102,30,12,1,4,13625.31228773439,28.98591466685801,11.594365866743203,8.509431286342362,0.7091192738618636,2.8364770954474543,14.102,3.4339872044851463,1.077049972540354,3.244547131154002,7.410671608227119,37892,3.7892,37.892,0.9872374825758966,2.5466107831917477,6.474355241186991
E02000124,Brent 032,E09000005,Brent,1.0964699460700278,9428,30,9,2,6,8598.502889925872,27.360531045585084,8.208159313675525,9.546033092914724,2.1213406873143827,6.364022061943148,9.428,3.4339872044851463,1.151194855789775,3.568312243573115,6.354992247676439,50062,5.0062,50.062,1.1832421617010107,3.635385106900617,6.5290203339532775
E02000125,Brent 033,E09000005,Brent,0.7658122564896038,9633,17,4,0,0,12578.801029062364,22.19865228838993,5.223212303150572,4.152392816360427,0.0,0.0,9.633,2.8903717578961645,0.7200422457970562,2.1488072818728634,4.230181004340391,45684,4.5684,45.684,0.7008027709294445,1.9490750922347142,4.030147802363961
E02000126,Brent 034,E09000005,Brent,0.4378328527746977,7755,18,1,0,0,17712.23870217571,41.111579192670895,2.2839766218150497,1.2894906511927788,0.0,0.0,7.755,2.9444389791664403,0.7746718223651209,2.34704975380415,4.143935997912982,38735,3.8735,38.735,0.6251134152148906,1.4228536641098082,2.9834535312661634
E02000127,Bromley 001,E09000006,Bromley,2.2253604517210457,9609,20,3,1,1,4317.952173801151,8.987308094080863,1.3480962141121295,3.1220730565095223,1.0406910188365075,1.0406910188365075,9.609,3.044522437723423,0.8221194810495878,2.4794509400821902,4.753005098017762,42068,4.2068,42.068,0.7398331017871658,1.8952300963009616,4.027653994417421
E02000128,Bromley 002,E09000006,Bromley,2.537041952798277,7790,23,5,1,3,3070.504999496707,9.065675865009531,1.970799101089029,6.418485237483953,1.2836970474967908,3.851091142490372,7.79,3.1780538303479458,0.9460932751421304,2.9113326904904926,4.95599055723421,49998,4.9998,49.998,0.9415138632245157,2.780207294462199,4.8533653176840135
E02000130,Bromley 004,E09000006,Bromley,1.4862439747660248,8504,26,6,1,4,5721.806207045354,17.493763097739794,4.037022253324568,7.055503292568203,1.175917215428034,4.703668861712136,8.504,3.295836866004329,1.0360889031081568,3.1997275434072656,5.549544697863326,55478,5.5478,55.478,1.162685284634309,3.9577608321528617,6.4899701012540065
E02000131,Bromley 005,E09000006,Bromley,1.7665848128681236,10669,41,4,2,4,6039.336420354727,23.20862247957108,2.264255851665471,3.7491798669041145,1.8745899334520573,3.7491798669041145,10.669,3.737669618283368,1.4676021370755397,4.608192878664678,8.340907119427508,55399,5.5399,55.399,1.7050141852907235,6.097891236254041,10.260399436351955
E02000132,Bromley 006,E09000006,Bromley,1.737295081327467,10409,52,10,0,7,5991.497997016421,29.93158764961609,5.756074548003095,9.607070804111826,0.0,6.724949562878279,10.409,3.970291913552122,1.7983722944549276,5.745244749357063,9.87165979716448,56510,5.651,56.51,2.0975429073165985,7.663475313286003,12.184538573107657
E02000133,Bromley 007,E09000006,Bromley,5.976795861923995,10880,33,6,1,4,1820.3733658217348,5.521353039716659,1.0038823708575744,5.514705882352941,0.9191176470588236,3.676470588235294,10.88,3.5263605246161616,1.2206196709004296,3.773554282493613,7.151241267146595,61480,6.148,61.48,1.621496433256985,6.686613521038801,10.746309053594846
E02000134,Bromley 008,E09000006,Bromley,1.9349937999239049,12165,37,10,2,5,6286.841849559621,19.121508297057623,5.167975215420979,8.220304151253597,1.6440608302507191,4.110152075626798,12.165,3.6375861597263857,1.3184641520547102,4.07464859363873,8.118849375973198,50160,5.016,50.16,1.4451780828717966,4.735831957349732,9.19375199774336
E02000135,Bromley 009,E09000006,Bromley,1.1569667345632308,10024,22,1,0,1,8664.034756180075,19.015239887865288,0.8643290858120586,0.9976057462090984,0.0,0.9976057462090984,10.024,3.1354942159291497,0.8836069446675928,2.674515086997948,5.163730299546532,41412,4.1412,41.412,0.7902919206778052,2.014085117235215,4.335387627031899
E02000136,Bromley 010,E09000006,Bromley,4.558928368680558,5794,37,2,0,1,1270.9127083031783,8.115942389923648,0.4386995886445214,3.4518467380048325,0.0,1.7259233690024165,5.794,3.6375861597263857,1.4437061858470044,4.638707531217923,6.584451013018121,49700,4.97,49.7,1.326534099207107,3.7341376148158165,5.690959025746399
E02000137,Bromley 011,E09000006,Bromley,1.8612379150550595,8406,40,1,0,1,4516.349001922912,21.491073052214663,0.5372768263053667,1.1896264572924102,0.0,1.1896264572924102,8.406,3.713572066704308,1.4846687941751382,4.718971353569692,7.602101068612952,53418,5.3418,53.418,1.5654164225911327,5.087333085376609,8.07764654194438
E02000138,Bromley 012,E09000006,Bromley,2.084769516699077,8564,29,3,1,1,4107.888153295633,13.910410607843689,1.4390079939148643,3.503035964502569,1.1676786548341895,1.1676786548341895,8.564,3.4011973816621555,1.1331246764869196,3.5230773514592157,6.024754526919459,57171,5.7171,57.171,1.309861188461158,4.644639351688822,7.355083564536641
E02000139,Bromley 013,E09000006,Bromley,1.5361754412086492,7844,31,2,0,1,5106.18760694964,20.17998671792948,1.3019346269631922,2.5497195308516063,0.0,1.2748597654258031,7.844,3.4657359027997265,1.209971788655301,3.795076553406152,6.180025490577078,55660,5.566,55.66,1.3285966309025952,4.480794215797369,6.981361502963027
E02000140,Bromley 014,E09000006,Bromley,1.8870415741553368,8881,29,3,1,2,4706.308605826687,15.367970900683924,1.589790093174199,3.377997973201216,1.1259993244004054,2.251998648800811,8.881,3.4011973816621555,1.1280198992985773,3.5004230569498254,6.087878398127826,41681,4.1681,41.681,0.972015817984641,2.434692437968499,4.818146005851739
E02000141,Bromley 015,E09000006,Bromley,0.93306621609195,7395,28,0,0,0,7925.482535390876,30.008588369296085,0.0,0.0,0.0,0.0,7.395,3.367295829986474,1.1191262635254893,3.4964743121475994,5.649902666760521,50992,5.0992,50.992,1.1138684497794828,3.3400090503739595,5.521568145869534
E02000142,Bromley 016,E09000006,Bromley,1.7796400901438445,8891,20,1,0,0,4995.953984876436,11.238227386967576,0.5619113693483788,1.1247328759419637,0.0,0.0,8.891,3.044522437723423,0.8305703613778425,2.515945307064284,4.642111572503265,52638,5.2638,52.638,0.90139288714439,2.8947676300792775,5.1815503088932156
E02000144,Bromley 018,E09000006,Bromley,1.98498887429937,10598,43,9,4,6,5339.072746057942,21.66258993022188,4.5340304505115565,8.492168333647857,3.774297037176826,5.661445555765239,10.598,3.784189633918261,1.5288978365632422,4.817839876157905,8.621362065485153,58604,5.8604,58.604,1.8831707366744477,7.23882209421667,11.55590204719068
E02000145,Bromley 019,E09000006,Bromley,11.280453774774111,9103,39,7,1,4,806.9710830566552,3.457307727036093,0.6205424125449397,7.689772602438756,1.0985389432055366,4.394155772822146,9.103,3.688879454113936,1.4391922632400185,4.547413611898178,7.633517877180073,39598,3.9598,39.598,1.1817169193877624,2.841902969254756,5.613391155601118
E02000146,Bromley 020,E09000006,Bromley,1.803654804412561,9836,21,2,0,1,5453.371662879539,11.643026120421952,1.1088596305163765,2.03334688897926,0.0,1.01667344448963,9.836,3.091042453358316,0.8528284231590502,2.576579291997425,4.961193665097004,51243,5.1243,51.243,0.9213458144684762,2.927579146344948,5.506213837660228
E02000147,Bromley 021,E09000006,Bromley,2.250489893788913,8274,41,0,0,0,3676.532839732035,18.218255551004766,0.0,0.0,0.0,0.0,8.274,3.737669618283368,1.5185308241200075,4.838353919563449,7.709279660561027,56087,5.6087,56.087,1.678939724312454,5.784085447893177,8.782687531300253
E02000148,Bromley 022,E09000006,Bromley,2.806801204026763,6871,35,4,0,1,2447.982418613244,12.469711053916974,1.4251098347333684,5.821568912822005,0.0,1.4553922282055012,6.871,3.58351893845611,1.357294086572359,4.316695274241777,6.54677741367574,52515,5.2515,52.515,1.3587844706403065,4.176643605433518,6.43580794663751
E02000149,Bromley 023,E09000006,Bromley,1.8789660885313528,8381,48,1,0,1,4460.431750820368,25.54596397081227,0.5322075827252557,1.1931750387781888,0.0,1.1931750387781888,8.381,3.8918202981106265,1.7305741734671936,5.567983108596424,8.699489109128047,44802,4.4802,44.802,1.5286113524099425,4.0813572910966975,7.1052811970106005
E02000150,Bromley 024,E09000006,Bromley,3.076756232275474,9046,32,4,0,1,2940.109425994356,10.400563965489653,1.3000704956862064,4.421843908910016,0.0,1.105460977227504,9.046,3.49650756146648,1.2212474896807457,3.810333300466399,6.581506970747336,51116,5.1116,51.116,1.2648083374277268,3.949047852464366,6.830255800435771
E02000151,Bromley 025,E09000006,Bromley,2.1016169051800926,7556,22,2,0,0,3595.326998643698,10.468130488374982,0.9516482262159074,2.6469031233456857,0.0,0.0,7.556,3.1354942159291497,0.915220984201613,2.812271270128738,4.7612573962743685,54754,5.4754,54.754,0.9951754160947675,3.2587341609902314,5.314675364507485
E02000152,Bromley 026,E09000006,Bromley,2.572930703451636,8032,31,1,0,0,3121.731956956679,12.04851726415053,0.3886618472306622,1.245019920318725,0.0,0.0,8.032,3.4657359027997265,1.2067360631093604,3.780584929529906,6.218345077379675,44431,4.4431,44.431,1.0696948957024184,2.8014821729595756,5.121981165573287
E02000153,Bromley 027,E09000006,Bromley,2.2478664675206064,8156,23,1,0,0,3628.329403835121,10.231924508117675,0.4448662829616381,1.2260912211868564,0.0,0.0,8.156,3.1780538303479458,0.9411739736528602,2.889729109578562,5.015991360572599,49613,4.9613,49.613,0.9385965066548949,2.7696853577300655,4.930178924071737
E02000154,Bromley 028,E09000006,Bromley,2.086007566164908,8859,33,8,2,6,4246.868584607838,15.819693339209689,3.835077173141743,9.030364600970763,2.257591150242691,6.7727734507280735,8.859,3.5263605246161616,1.2562674497385111,3.931987952135385,6.691484734241873,52868,5.2868,52.868,1.337833270209117,4.330909554308584,7.232132413341948
E02000155,Bromley 029,E09000006,Bromley,1.8179753753396029,7230,35,1,0,1,3976.9515572505575,19.252185961793845,0.5500624560512527,1.3831258644536653,0.0,1.3831258644536653,7.23,3.58351893845611,1.3503713399451094,4.285273582999615,6.62451256634402,44085,4.4085,44.085,1.157765066259249,2.9576159914167226,5.1826765342280705
E02000156,Bromley 030,E09000006,Bromley,3.843173193116401,12252,31,9,0,4,3187.9905964021737,8.066251100919636,2.341814835750862,7.345739471106758,0.0,3.26477309826967,12.252,3.4657359027997265,1.1363384781356998,3.4694663775594523,7.143884983842281,51904,5.1904,51.904,1.302032841640361,4.44366249402839,8.651555045817584
E02000157,Bromley 031,E09000006,Bromley,2.4476990492204704,8387,31,2,0,1,3426.483334489608,12.66495568965993,0.817093915461931,2.384642899725766,0.0,1.192321449862883,8.387,3.4657359027997265,1.200649627422957,3.753371158727398,6.291352999610183,53945,5.3945,53.945,1.2933165216347995,4.244734822007067,6.91430199140455
E02000158,Bromley 032,E09000006,Bromley,2.1599657198200752,7931,28,1,0,1,3671.817532669292,12.963168694331127,0.462970310511826,1.2608750472828143,0.0,1.2608750472828143,7.931,3.367295829986474,1.1106147452414272,3.4585429994168893,5.750356849666527,47889,4.7889,47.889,1.055241427069335,2.9825071499935967,5.251503708322634
E02000159,Bromley 033,E09000006,Bromley,5.886316982413352,7184,43,7,0,2,1220.4575495107988,7.305077203363634,1.189198614501057,9.743875278396438,0.0,2.783964365256125,7.184,3.784189633918261,1.6050818883207567,5.164464042385215,7.705938772097712,51346,5.1346,51.346,1.5687815862539847,4.734331448407946,7.302346946290019
E02000160,Bromley 034,E09000006,Bromley,8.459552115715736,8341,44,5,1,2,985.9860056307832,5.201220986423026,0.5910478393662529,5.994485073732166,1.1988970147464333,2.3977940294928666,8.341,3.80666248977032,1.609579007155056,5.150275875223851,8.142823433467106,49993,4.9993,49.993,1.577849222270794,4.737344340034598,7.762244009482413
E02000161,Bromley 035,E09000006,Bromley,1.7187871098333911,8782,39,1,1,1,5109.4169544076185,22.69041917807984,0.5818056199507651,1.1386927806877705,1.1386927806877705,1.1386927806877705,8.782,3.688879454113936,1.4457876003225218,4.5772164709589385,7.553374130049163,50570,5.057,50.57,1.4580567875343144,4.475756786793899,7.521142709030691
E02000162,Bromley 036,E09000006,Bromley,12.76053171120581,7045,64,2,0,1,552.092981659483,5.01546498597685,0.1567332808117765,2.8388928317956,0.0,1.4194464158978,7.045,4.174387269895637,2.247627386955616,7.431147794625206,10.323198484027357,48125,4.8125,48.125,2.018285427329681,5.656231706828082,8.60016894486087
E02000163,Bromley 037,E09000006,Bromley,11.30683706002484,7645,57,5,1,2,676.1395746144417,5.041197613214281,0.4422103169486211,6.540222367560498,1.3080444735120993,2.6160889470241986,7.645,4.060443010546419,2.0209849455322004,6.6063905204739735,9.654272395641454,50079,5.0079,50.079,1.9254789315601117,5.71402445783896,8.794765251687124
E02000165,Bromley 039,E09000006,Bromley,5.661892435706223,7137,27,1,0,0,1260.5326012538037,4.768723586079964,0.1766193920770357,1.4011489421325487,0.0,0.0,7.137,3.332204510175204,1.0899381658114564,3.4025850131068927,5.454538010602078,46385,4.6385,46.385,0.98651064548532,2.646138984660039,4.6324843631554184
E02000166,Camden 001,E09000007,Camden,3.0239896585229635,7729,28,13,2,9,2555.894984037462,9.259290924187985,4.2989565005158505,16.819769698537975,2.5876568766981496,11.644455945141674,7.729,3.367295829986474,1.1138148165996278,3.4727894495210125,5.712291093148886,59138,5.9138,59.138,1.3109353596415625,4.772091000988065,7.15469184887414
E02000167,Camden 002,E09000007,Camden,2.081419813385486,7189,23,24,4,20,3453.89236412951,11.050149447068955,11.530590727376303,33.384337181805535,5.564056196967589,27.820280984837947,7.189,3.1780538303479458,0.954226982685258,2.9471583341030545,4.8590175770954005,64831,6.4831,64.831,1.2483282304461856,5.108160185923357,7.1203628514027075
E02000168,Camden 003,E09000007,Camden,0.6805794874286688,7664,28,12,2,7,11260.991760059856,41.14141039687839,17.632033027233597,15.657620041753654,2.609603340292275,9.133611691022963,7.664,3.367295829986474,1.1148465021213236,3.477386171592101,5.700095879331909,61204,6.1204,61.204,1.363771690806153,5.1973744005906335,7.557373201273932
E02000169,Camden 004,E09000007,Camden,1.1224020558249683,7207,8,0,0,0,6421.050248970575,7.127570694014792,0.0,0.0,0.0,0.0,7.207,2.19722457733622,0.4112771177656311,1.1887623224214756,2.3046665674483267,64878,6.4878,64.878,0.5641124964241367,2.2955692487606805,3.653257867071084
E02000170,Camden 005,E09000007,Camden,0.77136035466646,7976,18,1,0,1,10340.173631880343,23.33539686231773,1.2964109367954293,1.2537612838515546,0.0,1.2537612838515546,7.976,2.9444389791664403,0.7722371159570169,2.3365178348707527,4.174157350035164,56011,5.6011,56.011,0.8779135933293581,2.9823198554297803,4.987410035813824
E02000171,Camden 006,E09000007,Camden,0.521550268965199,7337,14,2,0,1,14067.675613622529,26.84305010095617,3.834721442993738,2.725909772386534,0.0,1.362954886193267,7.337,2.70805020110221,0.6362639977441253,1.902054662395556,3.414362826538768,56219,5.6219,56.219,0.7221296912454842,2.4259896146102866,4.074105313947407
E02000172,Camden 007,E09000007,Camden,0.6687852104859162,9491,9,9,1,4,14191.40233843414,13.457235385724085,13.457235385724085,9.482667790538404,1.0536297545042672,4.214519018017069,9.491,2.302585092994046,0.4357704111102629,1.2509746866685114,2.6918309929716764,41459,4.1459,41.459,0.3999838879625936,1.0024650507429074,2.3635872106475433
E02000173,Camden 008,E09000007,Camden,0.7787137966300649,7818,25,5,0,3,10039.63206229671,32.104221227605244,6.420844245521048,6.395497569710924,0.0,3.837298541826554,7.818,3.258096538021482,1.0129324538957678,3.1333563549801817,5.272142402469747,64774,6.4774,64.774,1.3406823868501037,5.559154952718147,7.86199910271212
E02000174,Camden 009,E09000007,Camden,0.5458352021895843,8270,10,7,0,2,15151.093162964582,18.320547960053908,12.824383572037735,8.464328899637243,0.0,2.418379685610641,8.27,2.3978952727983707,0.481191941013783,1.4006847677073422,2.780454106422801,49413,4.9413,49.413,0.49728252666659084,1.4562564021273678,2.9009202886913825
E02000175,Camden 010,E09000007,Camden,0.6912715552654496,9346,34,15,3,9,13520.012401510025,49.1847230527863,21.699142523288074,16.04964690776803,3.2099293815536054,9.629788144660818,9.346,3.555348061489413,1.2789948867171848,3.999049790693492,6.951171294622768,59180,5.918,59.18,1.5582022220635607,5.893118156188451,9.16884925987571
E02000176,Camden 011,E09000007,Camden,0.397567965999654,5873,11,4,1,3,14772.316942671156,27.668225160800738,10.061172785745722,6.8108292184573465,1.7027073046143366,5.10812191384301,5.873,2.4849066497880004,0.5364903223217223,1.59400935183778,2.74566725483172,61272,6.1272,61.272,0.6533872591984794,2.3816318063842754,3.6349848118006247
E02000177,Camden 012,E09000007,Camden,0.5239287364476681,8595,24,5,0,3,16404.90280849197,45.80775653331091,9.54328261110644,5.817335660267597,0.0,3.4904013961605584,8.595,3.218875824868201,0.9686400810195152,2.974278992626364,5.2495073948534845,42625,4.2625,42.625,0.8510584703164439,2.1616787886303217,4.2806307516148205
E02000178,Camden 013,E09000007,Camden,0.5617758752799756,9123,11,1,0,1,16239.572401455143,19.580762514086,1.7800693194623638,1.096130658774526,0.0,1.096130658774526,9.123,2.4849066497880004,0.5122213245502543,1.4919951079961506,3.055317804917836,45357,4.5357,45.357,0.4981406041328964,1.3556712289622177,2.9155909536960687
E02000179,Camden 014,E09000007,Camden,0.3828682409477901,5912,12,2,1,2,15441.343438058082,31.34237504341965,5.223729173903275,3.3829499323410017,1.6914749661705009,3.3829499323410017,5.912,2.5649493574615367,0.5743020645439831,1.715187488058241,2.921875057750586,48824,4.8824,48.824,0.5471727944161507,1.5020582773947617,2.690043876242743
E02000180,Camden 015,E09000007,Camden,0.4855211833917107,7966,18,3,0,1,16407.111105537817,37.07356262863177,6.178927104771962,3.766005523474768,0.0,1.2553351744915893,7.966,2.9444389791664403,0.7723471181977318,2.3369933698418994,4.172785119261099,45761,4.5761,45.761,0.7187471417458041,1.9304984133382301,3.7095873964270165
E02000181,Camden 016,E09000007,Camden,0.5405971607375384,8080,8,0,0,0,14946.434400388694,14.798449901374944,0.0,0.0,0.0,0.0,8.08,2.19722457733622,0.4061946882345956,1.1678295682104085,2.371778540297979,65031,6.5031,65.031,0.5717755902627255,2.380614171221334,3.9115565855091714
E02000182,Camden 017,E09000007,Camden,0.7978631253380747,7472,24,5,1,1,9365.014828619793,30.080347415266992,6.266739044847291,6.691648822269807,1.3383297644539616,1.3383297644539616,7.472,3.218875824868201,0.984258610651572,3.04303372746827,5.059209162285258,53252,5.3252,53.252,1.0330118874376415,3.2641506085441776,5.354911543822195
E02000183,Camden 018,E09000007,Camden,0.771957647521532,7500,11,15,6,13,9715.558909325791,14.249486400344496,19.431117818651582,20.0,8.0,17.333333333333332,7.5,2.4849066497880004,0.5242004647856336,1.5420961613702473,2.896547845909967,52800,5.28,52.8,0.5648246588220696,1.7582094500445415,3.2080533750622426
E02000184,Camden 019,E09000007,Camden,0.6646947662454761,9580,25,6,2,4,14412.630407957877,37.61124845500489,9.026699629201174,6.263048016701461,2.0876826722338206,4.175365344467641,9.58,3.258096538021482,0.9878270089064785,3.022993770925072,5.586601217976877,42595,4.2595,42.595,0.8885226739834673,2.305798929790237,4.721544042973639
E02000185,Camden 020,E09000007,Camden,0.4723798179007025,8769,20,6,2,3,18563.451840449507,42.33881135921886,12.701643407765657,6.842285323297982,2.2807617744326603,3.421142661648991,8.769,3.044522437723423,0.8320149147295688,2.522199473366001,4.623527778668538,37489,3.7489,37.489,0.6698161801634069,1.5165505007115734,3.3194109861309866
E02000186,Camden 021,E09000007,Camden,1.0033656791202348,6574,42,24,4,15,6551.948244596303,41.85911564847045,23.919494656268828,36.507453605111046,6.08457560085184,22.817158503194403,6.574,3.7612001156935615,1.5874714010342126,5.118916208065939,7.421919182597396,52548,5.2548,52.548,1.5647971942788044,4.787978514748749,7.1168203399428265
E02000187,Camden 022,E09000007,Camden,0.9682205514796368,10540,44,30,10,26,10885.949470802649,45.44419133921409,30.98467591310052,28.46299810246679,9.487666034155598,24.66793168880456,10.54,3.80666248977032,1.5599456337819952,4.9248811441977605,8.753378617981177,38206,3.8206,38.206,1.2874158670501394,3.098821010044253,6.492917077372532
E02000188,Camden 023,E09000007,Camden,0.5076104950244332,7570,25,13,2,9,14913.009234837878,49.25036074913434,25.61018758954986,17.17305151915456,2.642007926023778,11.889035667107,7.57,3.258096538021482,1.016516877900017,3.149209922692039,5.229327092938122,40607,4.0607,40.607,0.8342977751046973,1.978460707635371,3.848661005901359
E02000191,Camden 026,E09000007,Camden,0.6419675623583614,6339,29,25,7,18,9874.330685358556,45.173622002744615,38.94277758857295,39.43839722353683,11.042751222590311,28.39564600094652,6.339,3.4011973816621555,1.1696107940489862,3.686266293148148,5.599733938448339,60773,6.0773,60.773,1.3680575277468534,5.014079131997191,6.932834861132154
E02000192,Camden 027,E09000007,Camden,0.4318284388345104,7116,16,16,3,12,16478.76647310638,37.05175148534319,37.05175148534319,22.484541877459247,4.2158516020236085,16.863406408094434,7.116,2.833213344056216,0.7106138929337198,2.1452277011096337,3.7284177301186743,43752,4.3752,43.752,0.6250872061319885,1.5722341599525826,3.049095433713013
E02000193,Camden 028,E09000007,Camden,1.0896478575522444,7167,66,50,12,46,6577.354280400052,60.57002686010931,45.88638398493129,69.76419701409236,16.74340728338217,64.18306125296498,7.167,4.204692619390966,2.302819110941565,7.623527393481237,10.606530097449076,43871,4.3871,43.871,1.906603266536544,4.861600916560403,7.83713216789434
E02000194,Croydon 001,E09000008,Croydon,1.3918641471210431,9789,32,7,2,5,7033.013976434226,22.99074953988101,5.029226461848972,7.15088364490755,2.043109612830728,5.107774032076821,9.789,3.49650756146648,1.2083911781969516,3.7531536134766874,6.744271415167354,51505,5.1505,51.505,1.2858906772824044,4.118162352903167,7.293326134061725
E02000195,Croydon 002,E09000008,Croydon,1.9369400058865,10044,20,1,0,0,5185.498760661436,10.32556503516813,0.5162782517584066,0.9956192751891676,0.0,0.0,10.044,3.044522437723423,0.8170414028539292,2.457598843998391,4.821474537361044,45140,4.514,45.14,0.7896405841203361,2.1912701060209274,4.542699349511615
E02000196,Croydon 003,E09000008,Croydon,1.225951050501245,8280,16,3,0,0,6753.940132124053,13.051092042751794,2.447079758015961,3.6231884057971016,0.0,0.0,8.28,2.833213344056216,0.6989293595442487,2.095009403063216,3.873878028236183,44701,4.4701,44.701,0.6457499387212403,1.7033344874162435,3.412324412256653
E02000197,Croydon 004,E09000008,Croydon,0.9927408460241698,9287,13,3,1,1,9354.908722849,13.095059049966297,3.021936703838376,3.230321955421557,1.076773985140519,1.076773985140519,9.287,2.6390573296152584,0.5832727186200934,1.714999151734841,3.454222214049823,44960,4.496,44.96,0.5612282127609739,1.5207422731687077,3.2411997552325422
E02000198,Croydon 005,E09000008,Croydon,0.8921214780289843,9312,20,1,0,1,10438.040367073709,22.41847157876656,1.1209235789383278,1.0738831615120277,0.0,1.0738831615120277,9.312,3.044522437723423,0.8256047014869579,2.494482160417237,4.706816404472647,42767,4.2767,42.767,0.7473121171049163,1.932486534077331,4.021188477623579
E02000199,Croydon 006,E09000008,Croydon,0.8629357813620586,8551,5,1,1,1,9909.196239960169,5.794173921155518,1.1588347842311035,1.169453865045024,1.169453865045024,1.169453865045024,8.551,1.791759469228055,0.2849479456317829,0.7948392984048113,1.769211683466705,47083,4.7083,47.083,0.291642149068917,0.8112259353127078,1.830199432388095
E02000200,Croydon 007,E09000008,Croydon,1.2474537404227874,9432,29,4,0,3,7561.001818635217,23.247355040333048,3.20653172970111,4.240882103477524,0.0,3.180661577608143,9.432,3.4011973816621555,1.1192015929073535,3.4613921436694404,6.199176370660112,49263,4.9263,49.263,1.1344301051623866,3.4217387787122795,6.240963603093512
E02000201,Croydon 008,E09000008,Croydon,0.8588453627320835,8765,15,1,0,0,10205.562468332544,17.465309415286725,1.164353961019115,1.1409013120365088,0.0,0.0,8.765,2.772588722239781,0.6589425353852051,1.961269861558058,3.758659799009434,43634,4.3634,43.634,0.605632720468462,1.5751567561321962,3.2895448005297903
E02000202,Croydon 009,E09000008,Croydon,0.7350002639761529,9425,9,1,0,1,12823.12464625971,12.24489356141511,1.360543729046123,1.0610079575596818,0.0,1.0610079575596818,9.425,2.302585092994046,0.4361802618805054,1.2526560180282005,2.685995865882672,41203,4.1203,41.203,0.3976756453349463,0.9894048423660304,2.3349126566039873
E02000203,Croydon 010,E09000008,Croydon,0.7738206523228716,8293,24,4,0,0,10716.953566832177,31.014938575180544,5.169156429196757,4.823344989750392,0.0,0.0,8.293,3.218875824868201,0.9728157274468572,2.992614504394638,5.197639239441519,40421,4.0421,40.421,0.8122906489786147,1.9485771497675868,3.929464810751328
E02000204,Croydon 011,E09000008,Croydon,1.0867101101681804,10394,18,7,0,2,9564.648292810503,16.563754980814803,6.441460270316867,6.734654608427939,0.0,1.9241870309794111,10.394,2.9444389791664403,0.7460932633446182,2.224328066464323,4.519565974057565,39919,3.9919,39.919,0.6603652503047414,1.6375821919231859,3.74483803054709
E02000206,Croydon 013,E09000008,Croydon,1.4609643048836063,11433,20,2,0,0,7825.653208488798,13.689588399350647,1.3689588399350647,1.749322137671652,0.0,0.0,11.433,3.044522437723423,0.8010356095966205,2.3891038418039168,5.046777413816326,43268,4.3268,43.268,0.7741658353185599,2.12266028206496,4.764911849181874
E02000207,Croydon 014,E09000008,Croydon,1.241093986234104,8943,29,0,0,0,7205.739532375035,23.36648176661925,0.0,0.0,0.0,0.0,8.943,3.4011973816621555,1.1270241806713728,3.496009309840653,6.100301502486086,45165,4.5165,45.165,1.0411395180384826,2.8282506089291006,5.351029296717103
E02000208,Croydon 015,E09000008,Croydon,0.8756940738907915,11699,11,0,0,0,13359.688444641675,12.561464474831904,0.0,0.0,0.0,0.0,11.699,2.4849066497880004,0.4937677568955653,1.415796186556746,3.3253738051199564,37863,3.7863,37.863,0.44395643715945377,1.0776309228095104,2.8370840562010438
E02000209,Croydon 016,E09000008,Croydon,1.0027721318309644,9440,26,3,0,0,9413.903418679454,25.92812382263409,2.991706594919318,3.1779661016949152,0.0,0.0,9.44,3.295836866004329,1.0223674215046343,3.139356538569941,5.722990142266607,39081,3.9081,39.081,0.8540109715991642,2.0391316067600593,4.333790535710206
E02000210,Croydon 017,E09000008,Croydon,0.7748191226884947,8928,10,3,0,1,11522.689281365838,12.906237994361376,3.871871398308413,3.360215053763441,0.0,1.1200716845878136,8.928,2.3978952727983707,0.4767031375440358,1.3820539886693486,2.8412644973906103,49330,4.933,49.33,0.5004262147042189,1.484205072846584,3.036806768632039
E02000211,Croydon 018,E09000008,Croydon,1.6783238238329183,8449,20,1,0,0,5034.189397791162,11.916651432811369,0.5958325716405684,1.1835720203574387,0.0,0.0,8.449,3.044522437723423,0.8358158558611215,2.538677812033378,4.575136125209776,48868,4.8868,48.868,0.8330467419828431,2.4300946135664416,4.500316659505858
E02000212,Croydon 019,E09000008,Croydon,1.241332683908372,10176,25,3,0,0,8197.641238254171,20.13964533769205,2.4167574405230456,2.94811320754717,0.0,0.0,10.176,3.258096538021482,0.9794766529902684,2.9865501414245323,5.697158134064734,40440,4.044,40.44,0.8580848153160637,2.1478465946859533,4.63524519622016
E02000213,Croydon 020,E09000008,Croydon,1.0306436323153594,13937,43,7,1,2,13522.617870049107,41.7215016439773,6.791872360647467,5.022601707684581,0.7175145296692258,1.4350290593384516,13.937,3.784189633918261,1.4578863910596287,4.501345153034879,9.62177616289873,39658,3.9658,39.658,1.3547587064939162,3.6346319554201223,8.549454571583944
E02000214,Croydon 021,E09000008,Croydon,1.03086525270615,6297,19,4,0,2,6108.460813350327,18.431118858767064,3.880235549214119,6.352231221216452,0.0,3.176115610608226,6.297,2.995732273553991,0.8265060453668556,2.535248054630132,4.107217058129041,49807,4.9807,49.807,0.7946734412132032,2.2572374544794096,3.820300009566556
E02000215,Croydon 022,E09000008,Croydon,0.986341848213725,12356,30,4,0,1,12527.096992160315,30.4154184011662,4.055389120155493,3.237293622531564,0.0,0.809323405632891,12.356,3.4339872044851463,1.1041713362659098,3.361903295406182,6.997219562869353,44190,4.419,44.19,1.093053737625926,3.1330448488711453,6.8308789445415234
E02000216,Croydon 023,E09000008,Croydon,2.1867039848311376,7437,22,0,0,0,3401.00903075562,10.06080390972484,0.0,0.0,0.0,0.0,7.437,3.1354942159291497,0.916773589182725,2.819089934399883,4.7426644163413085,47749,4.7749,47.749,0.8668444434755377,2.4115397588891843,4.305841875057258
E02000217,Croydon 024,E09000008,Croydon,1.4314220289072934,12736,34,9,0,1,8897.44585649719,23.75260357419162,6.287453887286017,7.066582914572865,0.0,0.785175879396985,12.736,3.555348061489413,1.2187048576346298,3.7324674327526135,7.770797865414036,44882,4.4882,44.882,1.228100510126027,3.6097818131670736,7.784292364406018
E02000218,Croydon 025,E09000008,Croydon,1.1381672761406272,6538,21,3,0,0,5744.322593924403,18.4507149697786,2.6358164242540854,4.588559192413582,0.0,0.0,6.538,3.091042453358316,0.8938462605745092,2.755441540062461,4.451355462472636,47286,4.7286,47.286,0.8197156752809077,2.2110905396790774,3.859192759772022
E02000219,Croydon 026,E09000008,Croydon,5.709116909572946,7846,47,1,0,0,1374.2931042179162,8.232446584022695,0.1751584379579296,1.2745347947998982,0.0,0.0,7.846,3.871201010907891,1.7132392460358687,5.5225582757025045,8.414703595759685,49980,4.998,49.98,1.6523367073057793,4.907572893667601,7.820486638470139
E02000221,Croydon 028,E09000008,Croydon,2.8055295203074864,11392,43,4,1,1,4060.5525329676216,15.326874904986632,1.4257558051150356,3.51123595505618,0.8778089887640449,0.8778089887640449,11.392,3.784189633918261,1.5117042925936413,4.740618404040801,8.849400173452107,43724,4.3724,43.724,1.4223238014952053,3.958084233893085,7.977976433100109
E02000222,Croydon 029,E09000008,Croydon,1.861290892076385,8597,20,3,0,1,4618.837408272875,10.745230681104744,1.6117846021657118,3.489589391648249,0.0,1.16319646388275,8.597,3.044522437723423,0.8340557670831068,2.531043241262154,4.597453987004111,55593,5.5593,55.593,0.9514975763142963,3.2482780569460634,5.521801900029695
E02000223,Croydon 030,E09000008,Croydon,0.9620452492729442,8449,20,1,0,0,8782.33119116304,20.789042942745983,1.039452147137299,1.1835720203574387,0.0,0.0,8.449,3.044522437723423,0.8358158558611215,2.538677812033378,4.575136125209776,37028,3.7028,37.028,0.6612684399507597,1.470990956161509,3.1997791815951584
E02000224,Croydon 031,E09000008,Croydon,1.2807909545955225,8531,21,2,0,0,6660.727864598416,16.396118292880875,1.5615350755124642,2.34439104442621,0.0,0.0,8.531,3.091042453358316,0.8688289643722291,2.6459223107026677,4.752820232683607,53201,5.3201,53.201,0.9422924978185375,3.0419822447727056,5.294911368700943
E02000225,Croydon 032,E09000008,Croydon,1.631053252571545,7659,36,2,0,0,4695.738773657264,22.07162760825976,1.226201533792209,2.6113069591330462,0.0,0.0,7.659,3.610917912644224,1.3740637447872224,4.357098931004007,6.860189944252584,39428,3.9428,39.428,1.0865903532204464,2.519449773754914,4.764976795250932
E02000226,Croydon 033,E09000008,Croydon,3.2812728742046087,7703,32,1,0,0,2347.5645870711783,9.752312967191704,0.3047597802247407,1.2981955082435417,0.0,0.0,7.703,3.49650756146648,1.244833804637105,3.915907154241917,6.297206440907196,47378,4.7378,47.378,1.1570196892019575,3.2187952760609355,5.558725852025245
E02000227,Croydon 034,E09000008,Croydon,4.599827724271031,11911,57,1,0,0,2589.444804019834,12.391768434987034,0.2173994462278426,0.8395600705230459,0.0,0.0,11.911,4.060443010546419,1.9018398679499324,6.057053074852401,11.108004367010546,45543,4.5543,45.543,1.8553171760840927,5.455747814731946,10.54643308949308
E02000228,Croydon 035,E09000008,Croydon,3.129819459375238,8064,33,3,0,1,2576.5064421989705,10.543739160784478,0.958521741889498,3.720238095238095,0.0,1.2400793650793651,8.064,3.5263605246161616,1.2705738505957884,3.996118701396658,6.5188390988488045,52102,5.2102,52.102,1.3054414898917408,4.079932791034673,6.674335819605158
E02000229,Croydon 036,E09000008,Croydon,1.320061497461848,6503,30,5,1,1,4926.285640861174,22.726213936004186,3.787702322667364,7.6887590342918655,1.537751806858373,1.537751806858373,6.503,3.4339872044851463,1.200169688059255,3.7871627537936026,5.772279967830509,36480,3.648,36.48,0.8764657132149474,1.8491280497836018,3.563999440291036
E02000230,Croydon 037,E09000008,Croydon,2.614690944903121,11600,43,5,0,2,4436.470789257963,16.44553827052521,1.912271891921536,4.310344827586206,0.0,1.7241379310344829,11.6,3.784189633918261,1.5072322396648008,4.720594503652963,8.910128710844864,51715,5.1715,51.715,1.6663806264818595,5.59394827050798,10.197089474809012
E02000231,Croydon 038,E09000008,Croydon,3.362705754746018,8381,41,0,0,0,2492.3381976467367,12.192562475064577,0.0,0.0,0.0,0.0,8.381,3.737669618283368,1.5162182459832931,4.827829992391743,7.736449776475382,52187,5.2187,52.187,1.5579705744292285,4.9205539849600495,7.911133897775701
E02000232,Croydon 039,E09000008,Croydon,4.371246414901987,6402,21,0,0,0,1464.570832285955,4.804121755389731,0.0,0.0,0.0,0.0,6.402,3.091042453358316,0.8955794354185032,2.7630781463605087,4.431494958161212,47404,4.7404,47.404,0.8202604711889607,2.2118567283083967,3.833971356007625
E02000233,Croydon 040,E09000008,Croydon,1.5866363709458178,6552,21,0,0,0,4129.490612958944,13.235546836406872,0.0,0.0,0.0,0.0,6.552,3.091042453358316,0.8936680360383668,2.7546566179892684,4.45340497230704,52040,5.204,52.04,0.8995090346190133,2.706147195176859,4.430125046746305
E02000234,Croydon 041,E09000008,Croydon,3.1104825581149083,10082,63,2,0,0,3241.297712374939,20.254092033289144,0.6429870486758459,1.9837333862328903,0.0,0.0,10.082,4.158883083359672,2.124034799556665,6.886277474915145,11.273442728763923,51477,5.1477,51.477,2.206948322468971,7.14330700199432,11.705695761024186
E02000235,Croydon 042,E09000008,Croydon,5.395642501838642,7133,30,0,0,0,1321.9927001407762,5.56004219882564,0.0,0.0,0.0,0.0,7.133,3.4339872044851463,1.189448176296695,3.7389188218488423,5.893095699542025,56331,5.6331,56.331,1.3007019470367192,4.383862513527128,6.611667173880828
E02000236,Croydon 043,E09000008,Croydon,3.574635260520076,9504,43,2,0,0,2658.7327957530574,12.029199307384411,0.5594976422039262,2.104377104377104,0.0,0.0,9.504,3.784189633918261,1.5529084806549154,4.926303023575644,8.316758173308388,50613,5.0613,50.613,1.5903111801468097,4.968894736349823,8.473285981734596
E02000237,Croydon 044,E09000008,Croydon,4.949429682253205,7843,58,4,1,2,1584.6270183657828,11.718521874947774,0.8081739224101914,5.100089251561903,1.2750223128904756,2.550044625780952,7.843,4.07753744390572,2.0450633245513323,6.684728495731167,9.844579880023796,47382,4.7382,47.382,1.856733327862757,5.203549600142195,8.353146698707507
E02000238,Ealing 001,E09000009,Ealing,1.5243511731319708,11724,23,3,1,2,7691.141127219111,15.08838672177069,1.96805044197009,2.55885363357216,0.8529512111907199,1.70590242238144,11.724,3.1780538303479458,0.894537496005556,2.6873435259447422,5.640351354730956,44177,4.4177,44.177,0.8812229306811277,2.4853726768379887,5.473854309673835
E02000239,Ealing 002,E09000009,Ealing,2.35498327790869,9701,16,4,1,2,4119.349844647236,6.7941034444238495,1.6985258611059624,4.123286259148541,1.0308215647871353,2.0616431295742705,9.701,2.833213344056216,0.6849251174476106,2.035294192967737,4.059169258625052,41113,4.1113,41.113,0.6124923979327723,1.5359008272866612,3.4146069944118795
E02000240,Ealing 003,E09000009,Ealing,1.7274797779233688,11804,28,1,0,1,6833.07564629774,16.20858336973371,0.5788779774904896,0.8471704506946798,0.0,0.8471704506946798,11.804,3.367295829986474,1.0510064230479848,3.19641857846081,6.531297000182468,40155,4.0155,40.155,0.950796996278031,2.4533763675988904,5.580359497580173
E02000241,Ealing 004,E09000009,Ealing,1.304730140026756,7753,32,3,1,1,5942.224956833609,24.52614454000716,2.299326050625671,3.86946988262608,1.2898232942086931,1.2898232942086931,7.753,3.49650756146648,1.2439475741837662,3.911924701516007,6.3075675132662266,43137,4.3137,43.137,1.0658066957353016,2.693680903147112,4.937513768410692
E02000242,Ealing 005,E09000009,Ealing,0.8884766212815955,7394,10,1,0,0,8322.109803333284,11.25522018303122,1.125522018303122,1.352447930754666,0.0,0.0,7.394,2.3978952727983707,0.4872335780650529,1.425878381740438,2.7015117388360568,39309,3.9309,39.309,0.4040517219516672,0.9207974732776595,2.0336686648316786
E02000243,Ealing 006,E09000009,Ealing,2.8461304763760045,9582,26,3,1,1,3366.676292437872,9.13521014437327,1.0540627089661465,3.1308703819661865,1.0436234606553956,1.0436234606553956,9.582,3.295836866004329,1.0203016791667894,3.130297735690209,5.749772901535168,39649,3.9649,39.649,0.8650019501291324,2.099014875438396,4.451315855333885
E02000244,Ealing 007,E09000009,Ealing,1.7964734988570152,8147,24,1,0,0,4534.995926844137,13.359506842305056,0.5566461184293774,1.2274456855284157,0.0,0.0,8.147,3.218875824868201,0.9748408672977568,3.001519180657389,5.172747987915836,40928,4.0928,40.928,0.8189224386914191,1.980989332675347,3.944885576377033
E02000245,Ealing 008,E09000009,Ealing,1.6551425283846963,10030,10,0,0,0,6059.901082832172,6.041775755565475,0.0,0.0,0.0,0.0,10.03,2.3978952727983707,0.4692790078126689,1.3514050710858838,2.946101543012292,37458,3.7458,37.458,0.40228930288647236,0.9317042765688234,2.3384577795832637
E02000246,Ealing 009,E09000009,Ealing,2.0571805982828084,9971,17,3,0,1,4846.924965325406,8.263737279162763,1.4583065786757816,3.0087253033798014,0.0,1.0029084344599335,9.971,2.8903717578961645,0.7165840497690246,2.1340776947710904,4.277454842204469,37025,3.7025,37.025,0.5943142334854915,1.3658846736336496,3.2191370847366367
E02000247,Ealing 010,E09000009,Ealing,1.3980928667290082,11700,25,3,0,0,8368.542804580238,17.881501719188545,2.145780206302625,2.5641025641025643,0.0,0.0,11.7,3.258096538021482,0.9584440103795152,2.8953476285715936,5.989909827393828,39982,3.9982,39.982,0.8661994485302904,2.219379863479251,5.114407478956618
E02000248,Ealing 011,E09000009,Ealing,1.7270216467606103,8036,43,2,0,1,4653.09743805076,24.89835612695155,1.1580630756721653,2.488800398208064,0.0,1.244400199104032,8.036,3.784189633918261,1.585721048902496,5.075692354246604,7.92486216243354,43177,4.3177,43.177,1.351513809664554,3.4475433131034303,6.142605191296202
E02000249,Ealing 012,E09000009,Ealing,1.2787529369771546,8977,24,8,3,3,7020.120728888209,18.76828533956968,6.256095113189892,8.91166313913334,3.341873677175003,3.341873677175003,8.977,3.218875824868201,0.963383967284656,2.951247224807283,5.31585754265356,38452,3.8452,38.452,0.7881497292763814,1.8349863938345654,3.9034334498942727
E02000250,Ealing 013,E09000009,Ealing,0.9976098401649072,6346,11,4,1,2,6361.204295008749,11.026354750251537,4.009583545546013,6.303183107469272,1.575795776867318,3.151591553734636,6.346,2.4849066497880004,0.5328880145512004,1.5787395757923264,2.788702102082691,58348,5.8348,58.348,0.6206910322928896,2.1382951297700914,3.4590771511244656
E02000251,Ealing 014,E09000009,Ealing,0.9449825603714496,8730,9,2,1,1,9238.265726902358,9.523985285466347,2.1164411745480773,2.290950744558992,1.145475372279496,1.145475372279496,8.73,2.302585092994046,0.4405195863384622,1.270498720126014,2.625312845374212,37575,3.7575,37.575,0.36742137577556266,0.8283924233056852,1.998880663096666
E02000252,Ealing 015,E09000009,Ealing,3.1963967148725563,13643,81,14,6,10,4268.243655901755,25.341034679179227,4.379931919858138,10.26167265264238,4.397859708275306,7.329766180458843,13.643,4.406719247264253,2.49726362872259,8.055753855138349,15.304680198173257,39588,3.9588,39.588,2.233528744269318,5.970302319944923,12.776181625847629
E02000253,Ealing 016,E09000009,Ealing,1.1563979729142502,10332,31,1,1,1,8934.640359116354,26.807380094135404,0.864754196585013,0.967866821525358,0.967866821525358,0.967866821525358,10.332,3.4657359027997265,1.1678435799890925,3.6077100227739214,6.706836942920527,37357,3.7357,37.357,0.9579946811860908,2.245603229345947,4.943825260709347
E02000254,Ealing 017,E09000009,Ealing,1.0411058396203543,9800,16,1,0,0,9413.067938965389,15.36827418606594,0.9605171366291212,1.020408163265306,0.0,0.0,9.8,2.833213344056216,0.6839599735902804,2.031197870375658,4.072403806772438,36000,3.6,36.0,0.5550194748176352,1.2407612261109304,2.9684010587529004
E02000255,Ealing 018,E09000009,Ealing,1.548421815455034,10114,27,0,0,0,6531.811873903239,17.43710901674782,0.0,0.0,0.0,0.0,10.114,3.332204510175204,1.044687453423044,3.202567485295515,6.015450345818644,51312,5.1312,51.312,1.1256400215456022,3.61079159366344,6.638961139821036
E02000256,Ealing 019,E09000009,Ealing,1.0963866765710144,9578,27,1,0,1,8735.96898309227,24.626348146115195,0.9120869683746368,1.044059302568386,0.0,1.044059302568386,9.578,3.332204510175204,1.0526937187810703,3.2376914056418657,5.910365189349458,61794,6.1794,61.794,1.3721005802337929,5.528917780185058,8.633623065759206
E02000258,Ealing 021,E09000009,Ealing,1.032639403712521,7014,22,1,0,0,6792.303271387312,21.304629593744064,0.968392254261094,1.4257199885942402,0.0,0.0,7.014,3.1354942159291497,0.922313864795024,2.8434618151015663,4.677159201392211,47009,4.7009,47.009,0.8500834781476545,2.303449276746877,4.086504581854131
E02000259,Ealing 022,E09000009,Ealing,1.2779841290094802,6609,17,4,2,3,5171.425724294713,13.302199623696495,3.129929323222705,6.052352852171282,3.026176426085641,4.5392646391284615,6.609,2.8903717578961645,0.7517340071084766,2.2851964845710424,3.8298136159479017,54732,5.4732,54.732,0.8061736494281229,2.579083718188425,4.191536953572497
E02000260,Ealing 023,E09000009,Ealing,1.085999050387005,10584,26,8,2,3,9745.864875506384,23.94108907437321,7.366488945960986,7.558578987150416,1.889644746787604,2.834467120181406,10.584,3.295836866004329,1.0058432605812024,3.067114446667884,5.942357625357815,32480,3.248,32.48,0.7612544376204445,1.6029144424722885,3.8963492655000644
E02000261,Ealing 024,E09000009,Ealing,1.3045942362115923,13236,29,7,1,1,10145.68333402728,22.22913392919244,5.365653017391278,5.288606829857963,0.7555152614082804,0.7555152614082804,13.236,3.4011973816621555,1.0601738382973778,3.2035469378656938,7.025113433923377,45622,4.5622,45.622,1.1061729736411545,3.340173696462613,7.424060186601095
E02000262,Ealing 025,E09000009,Ealing,0.7072538971019141,9805,12,11,2,7,13863.479636065003,16.96703270094646,15.553113309200922,11.218765935747069,2.039775624681285,7.139214686384498,9.805,2.5649493574615367,0.5433236306794074,1.5845476614948786,3.3208699500873347,47400,4.74,47.4,0.5577175762916919,1.6156773310463068,3.433320203930826
E02000263,Ealing 026,E09000009,Ealing,1.235384737741286,15126,6,5,1,2,12243.9589367565,4.856786567535303,4.047322139612752,3.3055665741108022,0.6611133148221605,1.322226629644321,15.126,1.9459101490553128,0.2961567333904045,0.8018912804487796,2.469561097948417,31719,3.1719,31.719,0.2650784278412261,0.6008723590200298,2.113775271833079
E02000264,Ealing 027,E09000009,Ealing,1.4367375328140204,8745,25,3,1,1,6086.706722884787,17.400533798984526,2.088064055878143,3.4305317324185247,1.1435105774728416,1.1435105774728416,8.745,3.258096538021482,0.9996457844080184,3.07480071590672,5.4353092697738,54547,5.4547,54.547,1.1105639147141206,3.7194658000354957,6.267021803087092
E02000265,Ealing 028,E09000009,Ealing,1.0137239111063472,11776,18,18,5,10,11616.5751552097,17.756313926101786,17.756313926101786,15.285326086956523,4.245923913043479,8.491847826086957,11.776,2.9444389791664403,0.73155027574501,2.162642534189094,4.729672251738267,47545,4.7545,47.545,0.7791223304357635,2.3723179062402218,5.1614899543184185
E02000266,Ealing 029,E09000009,Ealing,3.86794318107179,14308,43,2,1,1,3699.123624674165,11.117019559756018,0.5170706771979543,1.397819401733296,0.698909700866648,0.698909700866648,14.308,3.784189633918261,1.4502026885946535,4.467488269573884,9.739865433317922,38388,3.8388,38.388,1.3275284828078073,3.4881270713389885,8.46925819928297
E02000267,Ealing 030,E09000009,Ealing,0.7534688785792538,8647,11,7,0,1,11476.253692527876,14.599143126842447,9.290363807990648,8.095293165259628,0.0,1.156470452179947,8.647,2.4849066497880004,0.5157059621518776,1.506517851297189,3.007871873028471,49190,4.919,49.19,0.5337417811899015,1.5691136910490149,3.144455952221912
E02000268,Ealing 031,E09000009,Ealing,1.32596458620656,9305,9,3,1,2,7017.532818595547,6.787511592408374,2.2625038641361246,3.22407307898979,1.07469102632993,2.14938205265986,9.305,2.302585092994046,0.4369264329274564,1.2557187756703243,2.6754189310218117,53977,5.3977,53.977,0.5094537273660641,1.69356093783381,3.3439768693421916
E02000269,Ealing 032,E09000009,Ealing,0.885304119584308,8362,17,7,1,5,9445.34179274615,19.20244086064154,7.90688741320534,8.371203061468549,1.195886151638364,5.979430758191819,8.362,2.8903717578961645,0.7331963276850606,2.2051114875019304,4.057043483914936,61079,6.1079,61.079,0.9318707943278098,3.58427528401686,5.721497570898947
E02000270,Ealing 033,E09000009,Ealing,0.7964563600360375,10299,30,1,0,0,12931.02863731793,37.666847181234864,1.2555615727078289,0.9709680551509856,0.0,0.0,10.299,3.4339872044851463,1.1370011518213965,3.5056209955580924,6.53961979167447,47178,4.7178,47.178,1.1303109719182654,3.3143485829533,6.404122900928176
E02000271,Ealing 034,E09000009,Ealing,0.747663719318976,6887,10,1,0,0,9211.360431228572,13.374996996121055,1.3374996996121056,1.4520110352838682,0.0,0.0,6.887,2.3978952727983707,0.4907648744873271,1.4406661273269086,2.6568506076141607,63049,6.3049,63.049,0.6380839735670508,2.476032029261599,3.8829156118238473
E02000272,Ealing 035,E09000009,Ealing,1.1988378501636343,6608,8,1,0,0,5512.004812909474,6.673129313449726,0.8341411641812158,1.513317191283293,0.0,0.0,6.608,2.19722457733622,0.4148011129012478,1.2033417573039813,2.2597201628477164,52885,5.2885,52.885,0.4432478934145877,1.3525487980511142,2.475136917262158
E02000275,Ealing 038,E09000009,Ealing,1.1725167099819511,8845,17,2,0,0,7543.602513038943,14.498727272092935,1.705732620246228,2.2611644997173546,0.0,0.0,8.845,2.8903717578961645,0.7281694965157354,2.1835432714177907,4.121987568374264,34479,3.4479,34.479,0.5579091982448756,1.1797510540322065,2.754794495125949
E02000276,Ealing 039,E09000009,Ealing,0.8412538971418709,6778,9,0,0,0,8057.020624841091,10.698315966888435,0.0,0.0,0.0,0.0,6.778,2.302585092994046,0.4529394380954343,1.3219833561166443,2.462109775598879,52791,5.2791,52.791,0.48288968318421605,1.4770206093345173,2.6858718508483532
E02000277,Enfield 001,E09000010,Enfield,1.0470183472001844,7738,13,0,0,0,7390.510415306539,12.41621031261114,0.0,0.0,0.0,0.0,7.738,2.6390573296152584,0.5962846814824625,1.7699212980411732,3.2827005965824885,39366,3.9366,39.366,0.49392068019173546,1.1376753488688134,2.46306263799922
E02000278,Enfield 002,E09000010,Enfield,1.3139411956725942,9253,20,4,1,1,7042.1720777720775,15.221381341774729,3.0442762683549454,4.322922295471739,1.0807305738679347,1.0807305738679347,9.253,3.044522437723423,0.8262988087630037,2.49747899195511,4.69769445156152,35835,3.5835,35.835,0.6523423534166272,1.4374684785648513,3.279114618560806
E02000279,Enfield 003,E09000010,Enfield,2.608036754817168,12190,20,2,0,0,4674.013883234004,7.66860358200821,0.766860358200821,1.6406890894175554,0.0,0.0,12.19,3.044522437723423,0.7924449132930466,2.3525814516800203,5.173968237136579,40843,4.0843,40.843,0.745161364079049,1.9655531078871102,4.696608804263898
E02000280,Enfield 004,E09000010,Enfield,15.564802720814225,8610,40,4,1,1,553.1711615262667,2.569900866556408,0.2569900866556407,4.645760743321719,1.1614401858304295,1.1614401858304295,8.61,3.713572066704308,1.4803610602818849,4.6994214096918965,7.653263463731226,44086,4.4086,44.086,1.308124208540894,3.448982085257048,6.266479159304254
E02000281,Enfield 005,E09000010,Enfield,1.8974465578481807,9686,18,1,0,0,5104.7551036085615,9.486433188618015,0.5270240660343343,1.032417922775139,0.0,0.0,9.686,2.9444389791664403,0.7536552857971115,2.256608077451133,4.41557046787194,41364,4.1364,41.364,0.673477183671444,1.6993484162995147,3.7068173501958195
E02000282,Enfield 006,E09000010,Enfield,1.2631855114702442,10016,21,6,2,4,7929.159976148079,16.624636531460627,4.749896151845894,5.9904153354632586,1.996805111821086,3.993610223642172,10.016,3.091042453358316,0.850644700462532,2.5671584436981685,4.990642913251883,34400,3.44,34.4,0.6648043143222336,1.442282793659722,3.4344976907310745
E02000283,Enfield 007,E09000010,Enfield,1.140607603457709,8369,15,0,0,0,7337.317386478655,13.150885505697197,0.0,0.0,0.0,0.0,8.369,2.772588722239781,0.6626697812940366,1.977138980210486,3.7100377049674966,38337,3.8337,38.337,0.5435887881075349,1.2413670038825217,2.7433313174163216
E02000284,Enfield 008,E09000010,Enfield,1.2825772384450738,8651,39,6,3,4,6745.012885530386,30.40752543471102,4.678080836109388,6.935614379840481,3.4678071899202405,4.623742919893654,8.651,3.688879454113936,1.4484878315943812,4.5894350565188535,7.520909754586618,49031,4.9031,49.031,1.4127111831067443,4.174269617492916,7.126322353027752
E02000285,Enfield 009,E09000010,Enfield,0.9853015397493062,6571,23,0,0,0,6669.02438990594,23.34310774126261,0.0,0.0,0.0,0.0,6.571,3.1780538303479458,0.9626636893554402,2.9844571387953063,4.761279953642678,47661,4.7661,47.661,0.8864582189313357,2.4150103616857885,4.150024403805747
E02000286,Enfield 010,E09000010,Enfield,2.051467006907324,8759,23,1,0,0,4269.627525331043,11.21148910636077,0.4874560481026422,1.1416828405069073,0.0,0.0,8.759,3.1780538303479458,0.9331249457671998,2.854485394171967,5.116433561111617,50304,5.0304,50.304,0.9582624677328048,2.9115250567994937,5.256279853112778
E02000287,Enfield 011,E09000010,Enfield,8.867374122859882,7437,51,4,1,3,838.6924806553035,5.751420803202969,0.4510918277021936,5.378512841199408,1.344628210299852,4.033884630899556,7.437,3.951243718581428,1.845728386631273,5.996812381993727,8.823793343229008,47465,4.7465,47.465,1.670507816808827,4.644257472038204,7.456123062720734
E02000288,Enfield 012,E09000010,Enfield,2.116449644085357,13204,34,7,2,3,6238.749897452075,16.064639239122275,3.3074257257016453,5.301423810966374,1.514692517418964,2.272038776128446,13.204,3.555348061489413,1.2106079790905035,3.6970885102799858,7.891297823313121,34137,3.4137,34.137,1.00153063216564,2.3258912341069014,5.911177914924111
E02000289,Enfield 013,E09000010,Enfield,3.4012287878721623,6771,27,0,0,0,1990.751114462957,7.9383075011814865,0.0,0.0,0.0,0.0,6.771,3.332204510175204,1.0956350237701171,3.428022698735182,5.389291354667141,49035,4.9035,49.035,1.0342735245054384,2.923919847111037,4.867772871221617
E02000290,Enfield 014,E09000010,Enfield,4.88355951127882,6756,25,1,0,1,1383.4171539011015,5.119216821718108,0.2047686728687243,1.480165778567199,0.0,1.480165778567199,6.756,3.258096538021482,1.028371262983338,3.2018113117587577,5.091224720786502,36143,3.6143,36.143,0.7572739198589774,1.592305902215188,3.1884810703481756
E02000291,Enfield 015,E09000010,Enfield,1.1570776256053887,9950,45,12,1,5,8599.25019705926,38.89108129323284,10.370955011528755,12.06030150753769,1.0050251256281406,5.025125628140704,9.95,3.828641396489095,1.6030510353795773,5.086774214648228,8.730026542751952,42559,4.2559,42.559,1.4166023992525123,3.7186541174092778,7.155834082223682
E02000292,Enfield 016,E09000010,Enfield,1.878700424825403,9797,30,5,0,0,5214.7749958115255,15.968485237761127,2.661414206293521,5.103603143819537,0.0,0.0,9.797,3.4339872044851463,1.1451601745542008,3.5416173129046604,6.432564850399045,42740,4.274,42.74,1.0303414580330548,2.699077772925656,5.432234321491867
E02000293,Enfield 017,E09000010,Enfield,2.159039273734235,6221,29,1,0,0,2881.374172152168,13.431900175600848,0.463168971572443,1.6074586079408455,0.0,0.0,6.221,3.4011973816621555,1.1715782649859756,3.6951288580340034,5.578050062499859,49776,4.9776,49.776,1.1023933747624257,3.1328943647806984,5.007056486243928
E02000294,Enfield 018,E09000010,Enfield,1.9561013338762625,9416,14,3,0,1,4813.656550880727,7.157093427392756,1.5336628772984475,3.18606627017842,0.0,1.0620220900594732,9.416,2.70805020110221,0.6176988942506035,1.823260879238685,3.655921157940408,36380,3.638,36.38,0.5028473583226952,1.1233171776188628,2.678773392765362
E02000295,Enfield 019,E09000010,Enfield,1.6203593587949734,8343,22,1,0,0,5148.857847313889,13.577235124164636,0.6171470510983925,1.198609612849095,0.0,0.0,8.343,3.1354942159291497,0.9050189036885848,2.7675897433296583,4.886069654268057,45431,4.5431,45.431,0.8376118147843566,2.2546780899681758,4.303911654534198
E02000296,Enfield 020,E09000010,Enfield,1.802199847299908,10289,44,14,7,11,5709.133765278689,24.414606441079048,7.76828386761606,13.606764505782875,6.803382252891438,10.691029254543686,10.289,3.80666248977032,1.565532646744798,4.950101330172754,8.68143565499804,44754,4.4754,44.754,1.458384296641455,4.055405489985471,7.697999867949393
E02000297,Enfield 021,E09000010,Enfield,1.6201730027318446,9324,29,2,2,2,5754.940974993655,17.899323066797084,1.2344360735722126,2.145002145002145,2.145002145002145,2.145002145002145,9.324,3.4011973816621555,1.120924596123257,3.469008040770172,6.177201991419447,45355,4.5355,45.355,1.0498086379128364,2.8885628874375118,5.532576111366462
E02000298,Enfield 022,E09000010,Enfield,2.000095871438264,8083,25,6,2,3,4041.306277077377,12.499400832232393,2.999856199735774,7.422986514907832,2.4743288383026103,3.711493257453916,8.083,3.258096538021482,1.009116290918291,3.116504243398502,5.318280124944348,52917,5.2917,52.917,1.0672734452482935,3.3933064742369936,5.696687100760533
E02000299,Enfield 023,E09000010,Enfield,0.8770664748027014,9684,12,3,0,0,11041.352369760163,13.681973196728828,3.420493299182207,3.097893432465923,0.0,0.0,9.684,2.5649493574615367,0.5442608434480415,1.5884542228978094,3.3076842453236046,36248,3.6248,36.248,0.44804119156518757,1.002791241687578,2.4680357984472043
E02000300,Enfield 024,E09000010,Enfield,0.7773036347880192,8844,9,0,0,0,11377.79318684374,11.578486960831484,0.0,0.0,0.0,0.0,8.844,2.302585092994046,0.4398048638373804,1.267554674170683,2.635171776591445,35341,3.5341,35.341,0.35223875146837935,0.7564775162654775,1.890005363882039
E02000301,Enfield 025,E09000010,Enfield,2.734872711753853,9942,21,2,1,1,3635.2697356888216,7.678602338509883,0.731295460810465,2.011667672500503,1.0058338362502517,1.0058338362502517,9.942,3.091042453358316,0.8515417754547958,2.5710272822780764,4.978514898546441,36058,3.6058,36.058,0.6860427492210867,1.5434027280819584,3.5830493317331005
E02000302,Enfield 026,E09000010,Enfield,1.5801854852856634,8643,14,4,0,1,5469.611055462601,8.859719400263383,2.5313484000752524,4.628022677311119,0.0,1.1570056693277797,8.643,2.70805020110221,0.6245375272838803,1.852168865391,3.564172715824003,40473,4.0473,40.473,0.53959151842869,1.3012883351708135,2.8481647698496233
E02000303,Enfield 027,E09000010,Enfield,1.2423275284513438,8288,16,1,1,1,6671.348585772405,12.879051323884951,0.8049407077428096,1.2065637065637065,1.2065637065637065,1.2065637065637065,8.288,2.833213344056216,0.6988497218902183,2.094668359559235,3.874897142272143,33709,3.3709,33.709,0.5211919113581689,1.0691045450772072,2.4876564624048085
E02000304,Enfield 028,E09000010,Enfield,1.7205456724454298,7736,16,2,1,2,4496.247977541184,9.299375341346812,1.1624219176683517,2.585315408479835,1.2926577042399174,2.585315408479835,7.736,2.833213344056216,0.7043660645720837,2.118331102650218,3.8052033975850295,50862,5.0862,50.862,0.7234485172782261,2.1709755230414154,3.9158992977680223
E02000305,Enfield 029,E09000010,Enfield,0.9609916983959164,8701,23,8,1,7,9054.188516429096,23.93360945613944,8.324733723874585,9.194345477531318,1.1492931846914147,8.045052292839904,8.701,3.1780538303479458,0.9338961459572088,2.857856569308968,5.106685661992664,52982,5.2982,52.982,1.0089402707148647,3.25513370316271,5.653759452729489
E02000306,Enfield 030,E09000010,Enfield,2.0888190785969,8553,25,14,4,9,4094.658119335647,11.96848509100797,6.702351650964464,16.368525663509878,4.676721618145679,10.52262364082778,8.553,3.258096538021482,1.0023833295011548,3.086838210224496,5.401104623051622,32338,3.2338,32.338,0.71848363079465,1.441070158627447,3.2592196424362476
E02000307,Enfield 031,E09000010,Enfield,1.1059882492632274,9955,14,1,0,1,9000.999790577966,12.658362337327125,0.9041687383805088,1.0045203415369162,0.0,1.0045203415369162,9.955,2.70805020110221,0.6129747899133151,1.803371231684396,3.721289781241199,40280,4.028,40.28,0.5461214102768237,1.3499852606656866,3.117905043398188
E02000308,Enfield 032,E09000010,Enfield,1.1473803574291686,8861,31,3,0,2,7722.809565830499,27.01806754776498,2.614651698170804,3.385622390249407,0.0,2.257081593499605,8.861,3.4657359027997265,1.19257078151653,3.7173401762824754,6.390172072326855,45065,4.5065,45.065,1.0938660279573276,2.9606631013380724,5.542757499775514
E02000309,Enfield 033,E09000010,Enfield,1.6289373764832236,11699,20,7,0,1,7181.982664832351,12.27794284098188,4.297279994343658,5.983417386101376,0.0,0.8547739123001966,11.699,3.044522437723423,0.7980063888506672,2.3762061822066647,5.091110307950611,36632,3.6632,36.632,0.6823605124318914,1.616759347015005,4.0132185085584835
E02000311,Enfield 035,E09000010,Enfield,1.417112141937536,10424,27,5,1,2,7355.804591263938,19.05283230661228,3.528302279002273,4.796623177283193,0.9593246354566384,1.918649270913277,10.424,3.332204510175204,1.0400847865982044,3.182427461220464,6.077077878697111,38663,3.8663,38.663,0.8828275649595596,2.1345314518207936,4.717500455595097
E02000312,Enfield 036,E09000010,Enfield,1.3101982495492792,11125,24,5,2,3,8491.08140987603,18.317838547148288,3.816216363989227,4.49438202247191,1.7977528089887642,2.696629213483146,11.125,3.218875824868201,0.9343553143220596,2.825020412871894,5.704870280802327,43675,4.3675,43.675,0.8955295094736457,2.4645965606254236,5.30981890317098
E02000313,Greenwich 001,E09000011,Greenwich,0.7305545999555022,6412,7,0,0,0,8776.893609855515,9.581761582811698,0.0,0.0,0.0,0.0,6.412,2.079441541679836,0.3759867496773197,1.083402282283025,2.052695716502752,39250,3.925,39.25,0.30806454738875455,0.6844203285672046,1.5200083421523223
E02000314,Greenwich 002,E09000011,Greenwich,4.080744521968504,13462,49,5,0,1,3298.907816337909,12.00761276188958,1.2252666083560797,3.7141583717129696,0.0,0.742831674342594,13.462,3.912023005428146,1.6378949253053012,5.115765239244976,10.440606892322176,46048,4.6048,46.048,1.6925033787417247,5.205706796975029,10.831845444142994
E02000315,Greenwich 003,E09000011,Greenwich,1.1930755950506615,10444,27,3,0,0,8753.845978683787,22.63058611877272,2.514509568752524,2.872462657985446,0.0,0.0,10.444,3.332204510175204,1.0397885376532117,3.18113246261197,6.081075460273353,37381,3.7381,37.381,0.8612340024769806,2.0229918659017074,4.553124058006257
E02000317,Greenwich 005,E09000011,Greenwich,0.6526829350517217,7381,17,1,0,0,11308.70688294477,26.046337489508343,1.5321374993828438,1.354829968838911,0.0,0.0,7.381,2.8903717578961645,0.743513173625821,2.249575737830563,3.9282709863945855,40062,4.0062,40.062,0.6112251101470466,1.4217466704341484,2.906631230312193
E02000318,Greenwich 006,E09000011,Greenwich,1.1049950831270383,12005,17,6,1,2,10864.301736100862,15.384683841209052,5.429888414544371,4.997917534360683,0.8329862557267805,1.665972511453561,12.005,2.8903717578961645,0.6961213880473427,2.047546417800825,4.573303316599738,38030,3.803,38.03,0.6211013259824456,1.5281453438620305,3.8457333542911107
E02000319,Greenwich 007,E09000011,Greenwich,1.081319982534464,10951,31,3,0,1,10127.437000038024,28.66866468826397,2.7743869053158683,2.7394758469546163,0.0,0.9131586156515388,10.951,3.4657359027997265,1.1575922049576408,3.562549500557903,6.844737221209644,43090,4.309,43.09,1.0793465629817092,2.9248309733437705,6.101898848893805
E02000320,Greenwich 008,E09000011,Greenwich,1.4598589143137035,7133,24,0,0,0,4886.08860079695,16.439944822532848,0.0,0.0,0.0,0.0,7.133,3.218875824868201,0.9890226768414344,3.064099361459474,5.003130979197594,41781,4.1781,41.781,0.8225591782194878,1.9838581955810914,3.753771041937421
E02000321,Greenwich 009,E09000011,Greenwich,0.6226311234243115,7963,9,1,0,0,12789.273938324097,14.454786568493892,1.6060873964993212,1.255808112520407,0.0,0.0,7.963,2.302585092994046,0.4453585791498588,1.2904850266179273,2.55993336437034,39261,3.9261,39.261,0.37621495946656414,0.866713817051589,1.9837833426458071
E02000323,Greenwich 011,E09000011,Greenwich,0.7615259007348617,13245,18,5,0,1,17392.711117532264,23.63675350061009,6.565764861280583,3.7750094375235936,0.0,0.7550018875047189,13.245,2.9444389791664403,0.7164024510865266,2.0989482627954925,4.96372465767729,41665,4.1665,41.665,0.7070959752208218,1.9442255566645177,4.851965842842066
E02000324,Greenwich 012,E09000011,Greenwich,1.303631391815676,8015,12,2,0,2,6148.210337921399,9.20505602683179,1.5341760044719648,2.4953212726138494,0.0,2.4953212726138494,8.015,2.5649493574615367,0.5573543428741942,1.643331984261035,3.131060806440521,39326,3.9326,39.326,0.46629968447627074,1.0791176667019722,2.386690492265485
E02000326,Greenwich 014,E09000011,Greenwich,0.7302467221358437,7918,17,2,0,0,10842.91070398952,23.27980322907576,2.738800379891265,2.5258903763576663,0.0,0.0,7.918,2.8903717578961645,0.7378478721785657,2.2251260546664677,3.998246348654145,51512,5.1512,51.512,0.7691243866488942,2.353094321338324,4.204426186567122
E02000327,Greenwich 015,E09000011,Greenwich,1.8588692068564097,7190,31,0,0,0,3867.9429265274816,16.676805385584412,0.0,0.0,0.0,0.0,7.19,3.4657359027997265,1.221295721605084,3.8459230092501735,6.0485524495529015,42187,4.2187,42.187,1.013561555371887,2.4748452829865815,4.5143479929461
E02000328,Greenwich 016,E09000011,Greenwich,0.8762872217224292,6578,20,1,0,0,7506.671142676588,22.823566867365727,1.1411783433682865,1.5202189115232594,0.0,0.0,6.578,3.044522437723423,0.8583896262203025,2.637202420346255,4.302164492149148,58257,5.8257,58.257,0.9781789395390885,3.3937818511048925,5.143025210336514
E02000329,Greenwich 017,E09000011,Greenwich,1.7628314527378306,6521,17,0,0,0,3699.1624978510113,9.643576516403495,0.0,0.0,0.0,0.0,6.521,2.8903717578961645,0.7526768493005739,2.289292525793079,3.818748348963692,42754,4.2754,42.754,0.6375408785931065,1.5474003123843905,2.9493480417358984
E02000331,Greenwich 019,E09000011,Greenwich,0.9925708181883952,8430,21,1,0,0,8493.096759973394,21.157180540858988,1.0074847876599518,1.1862396204033214,0.0,0.0,8.43,3.091042453358316,0.8700797648006454,2.651366259435595,4.737062940825127,44307,4.4307,44.307,0.7912622636255922,2.079156347021549,4.067992729290558
E02000332,Greenwich 020,E09000011,Greenwich,2.016947951610953,7450,22,0,0,0,3693.699678293445,10.907569519792723,0.0,0.0,0.0,0.0,7.45,3.1354942159291497,0.9166038488033872,2.818344234633169,4.744692044446697,50499,5.0499,50.499,0.9147516570422755,2.710967067495273,4.665250501132524
E02000333,Greenwich 021,E09000011,Greenwich,1.26127622486623,6213,21,6,2,4,4925.962986941219,16.64980246672551,4.757086419064432,9.657170449058423,3.2190568163528086,6.438113632705617,6.213,3.091042453358316,0.8979936204217565,2.773725939358338,4.404041751418236,63421,6.3421,63.421,1.1185022914875888,4.333831488533377,5.998172994660518
E02000334,Greenwich 022,E09000011,Greenwich,1.3856750837047278,6759,18,0,0,0,4877.766858540316,12.990058211825076,0.0,0.0,0.0,0.0,6.759,2.9444389791664403,0.7857401309295505,2.3951070748069827,4.010427069487236,41722,4.1722,41.722,0.6547168264920907,1.5608109838034292,3.022888300344989
E02000335,Greenwich 023,E09000011,Greenwich,1.2941033639090498,6677,15,0,0,0,5159.556945923574,11.591037020945576,0.0,0.0,0.0,0.0,6.677,2.772588722239781,0.6788342432573569,2.046402589708232,3.509274585794026,49430,4.943,49.43,0.6612855980027835,1.8749895996909618,3.336279914905557
E02000337,Greenwich 025,E09000011,Greenwich,1.3972877108381134,8558,25,0,0,0,6124.722871044781,17.891805535886835,0.0,0.0,0.0,0.0,8.558,3.258096538021482,1.0023119442806312,3.0865241369758545,5.4019926334018304,41079,4.1079,41.079,0.8520876846879432,2.0879010568690695,4.193976063928175
E02000339,Greenwich 027,E09000011,Greenwich,1.256297485565654,6481,25,5,1,1,5158.809974917604,19.899745312905427,3.9799490625810856,7.714858818083629,1.5429717636167255,1.5429717636167255,6.481,3.258096538021482,1.032407283804106,3.219779876485364,5.045397582507341,52454,5.2454,52.454,1.0374778904978943,3.1497510437754093,4.999169165753879
E02000340,Greenwich 028,E09000011,Greenwich,3.262184205372606,7190,42,5,1,2,2204.04475877191,12.874809439279584,1.5327154094380455,6.954102920723226,1.3908205841446457,2.781641168289291,7.19,3.7612001156935615,1.5736037570844137,5.055147349218971,7.573775263383122,46988,4.6988,46.988,1.4144318230644588,3.8630845525956747,6.343261801231771
E02000341,Greenwich 029,E09000011,Greenwich,1.791563856309647,7973,31,1,0,0,4450.301881186186,17.30331848949853,0.5581715641773719,1.2542330364981815,0.0,0.0,7.973,3.4657359027997265,1.207750597401816,3.7851268646570473,6.206293736068148,40123,4.0123,40.123,0.9827889318431211,2.3290893602271905,4.504716029287314
E02000342,Greenwich 030,E09000011,Greenwich,1.364383569308765,6819,13,1,0,0,4997.861417705797,9.5281123962715,0.7329317227901154,1.4664906877841324,0.0,0.0,6.819,2.6390573296152584,0.6041412811600901,1.8033335710709155,3.184992265468287,44498,4.4498,44.498,0.5399130361879018,1.3704079788755674,2.6696917936546853
E02000343,Greenwich 031,E09000011,Greenwich,1.2569369054513468,7126,12,1,1,1,5669.337871371644,9.547018587771502,0.7955848823142919,1.4033118158854898,1.4033118158854898,1.4033118158854898,7.126,2.5649493574615367,0.564456750982394,1.6733326331057907,3.0408639908930475,44938,4.4938,44.938,0.5147003154751769,1.3279594112532185,2.6286971185004147
E02000344,Greenwich 032,E09000011,Greenwich,1.291809485657612,6381,21,2,0,0,4939.582864846104,16.256267068134804,1.5482159112509335,3.134304967873374,0.0,0.0,6.381,3.091042453358316,0.8958473573661427,2.7642592130869863,4.428436170272633,44652,4.4652,44.652,0.7771967649704761,1.9668506861392054,3.5363285623402714
E02000345,Hackney 001,E09000012,Hackney,0.6119258796667604,8251,16,4,2,2,13483.659172077,26.14695755099164,6.536739387747909,4.847897224578839,2.4239486122894194,2.4239486122894194,8.251,2.833213344056216,0.6992181221228545,2.0962461513039807,3.870185986194302,42192,4.2192,42.192,0.6146955952662118,1.5299238185037811,3.167668607259283
E02000346,Hackney 002,E09000012,Hackney,0.582765208655929,10119,30,2,0,0,17363.768203215386,51.47870798462908,3.4319138656419383,1.9764798893171265,0.0,0.0,10.119,3.4339872044851463,1.1399199911674238,3.518485773606721,6.50103019722118,42274,4.2274,42.274,1.0249843834898384,2.6756105909792542,5.487644437490653
E02000347,Hackney 003,E09000012,Hackney,0.6858086572057729,8055,6,3,3,3,11745.25855771334,8.74879594615519,4.374397973077595,3.7243947858473,3.7243947858473,3.7243947858473,8.055,1.9459101490553128,0.3275384169770206,0.9259955823803372,1.9572630071272925,41153,4.1153,41.153,0.2926306418878435,0.7036364163332569,1.6530054973877473
E02000348,Hackney 004,E09000012,Hackney,0.5586374444523038,8398,8,4,1,2,15033.005902841904,14.320558135596004,7.160279067798002,4.763038818766373,1.1907597046915932,2.3815194093831864,8.398,2.19722457733622,0.4043590034827009,1.1602965108554006,2.3967074574123237,39275,3.9275,39.275,0.3473121714383724,0.8075423532057662,1.90652300659293
E02000350,Hackney 006,E09000012,Hackney,0.5664639764119651,10181,11,2,1,1,17972.89929094413,19.41871055892205,3.530674647076737,1.9644435713584127,0.9822217856792064,0.9822217856792064,10.181,2.4849066497880004,0.5045601561047233,1.460215002941165,3.163473044621193,49288,4.9288,49.288,0.5447293844512345,1.6606162110074096,3.528107728174243
E02000351,Hackney 007,E09000012,Hackney,0.5225232989833452,9699,11,5,1,3,18561.85172770477,21.051692855423493,9.568951297919767,5.155170636148056,1.0310341272296113,3.093102381688834,9.699,2.4849066497880004,0.5080360905763653,1.4746084465508336,3.113733238539853,57197,5.7197,57.197,0.6319092981733273,2.2841919515784435,4.27722766851178
E02000352,Hackney 008,E09000012,Hackney,0.762689610442552,6806,13,2,0,1,8923.682592255067,17.044941771865396,2.6222987341331376,2.9385836027034973,0.0,1.4692918013517486,6.806,2.6390573296152584,0.6042531584671424,1.803810711303372,3.1836311697907576,50001,5.0001,50.001,0.6009929956333586,1.7297559161407783,3.125305793826702
E02000353,Hackney 009,E09000012,Hackney,0.5587588934751369,7841,15,14,4,12,14032.886261968555,26.845210295820475,25.055529609432444,17.854865450835355,5.101390128810102,15.304170386430302,7.841,2.772588722239781,0.6676722585844836,1.9984977192276887,3.6461852445172234,54656,5.4656,54.656,0.7425769511339168,2.4352029067431658,4.223268874562507
E02000354,Hackney 010,E09000012,Hackney,0.7932760088138949,9691,21,2,0,2,12216.428950738053,26.47250107991941,2.5211905790399447,2.0637705087194305,0.0,2.0637705087194305,9.691,3.091042453358316,0.8545916092661829,2.5841934449340487,4.937597085129649,42464,4.2464,42.464,0.774999601779064,2.0077164224416677,4.230720691600091
E02000355,Hackney 011,E09000012,Hackney,0.6560899549731488,8335,19,3,0,3,12704.050621139471,28.9594435274925,4.572543714867237,3.599280143971206,0.0,3.599280143971206,8.335,2.995732273553991,0.8028587246670348,2.432252371731155,4.391868681266828,47921,4.7921,47.921,0.7849961211892676,2.2343673621876716,4.200459385104417
E02000356,Hackney 012,E09000012,Hackney,0.4030864197656932,6890,9,4,2,3,17093.108728408737,22.327718222885142,9.923430321282286,5.805515239477503,2.902757619738752,4.354136429608128,6.89,2.302585092994046,0.4522174471937915,1.3189736898103468,2.4711933142522904,59727,5.9727,59.727,0.5535862977632099,1.9896031369728475,3.3068780913583393
E02000357,Hackney 013,E09000012,Hackney,1.522617759291117,6847,13,0,0,0,4496.8607243801935,8.537927474359941,0.0,0.0,0.0,0.0,6.847,2.6390573296152584,0.6039003850018215,1.802306313045952,3.1879258329056666,38473,3.8473,38.473,0.4802141971847003,1.062493423399064,2.2489313770148907
E02000358,Hackney 014,E09000012,Hackney,0.6160557354300429,11182,13,8,3,5,18150.955111544103,21.101986804692665,12.985838033657023,7.154355213736362,2.6828832051511355,4.471472008585226,11.182,2.6390573296152584,0.5677398083480796,1.6501214869913083,3.676291925619205,47432,4.7432,47.432,0.6025394422397214,1.8019868356964361,3.9983336366982516
E02000359,Hackney 015,E09000012,Hackney,0.4367501317920962,6809,9,5,1,3,15590.149846231188,20.606748217958685,11.44819345442149,7.343222205903951,1.46864444118079,4.405933323542371,6.809,2.302585092994046,0.4527394860352973,1.3211496367897275,2.4646206222664557,47943,4.7943,47.943,0.439485606044552,1.203871024908053,2.3411027617797604
E02000360,Hackney 016,E09000012,Hackney,0.546509673529062,11709,24,5,3,4,21425.0553414538,43.9150506614477,9.148968887801605,4.270219489281749,2.562131693569049,3.4161755914254,11.709,3.218875824868201,0.9266153349831924,2.7916450904442094,5.815472706280234,41338,4.1338,41.338,0.8616625643196433,2.2771834038115313,5.180956788857457
E02000361,Hackney 017,E09000012,Hackney,0.594389213083039,8435,30,16,3,9,14191.038152002247,50.47197920095642,26.918388907176755,18.96858328393598,3.556609365737996,10.669828097213989,8.435,3.4339872044851463,1.1675929337999096,3.6411533811140098,6.150854410709669,53998,5.3998,53.998,1.262474387503527,4.152018764853117,6.800151455988706
E02000362,Hackney 018,E09000012,Hackney,1.2953758042014902,7636,37,6,1,2,5894.814443216397,28.563139654139167,4.631860484455,7.85751702462022,1.3095861707700367,2.6191723415400734,7.636,3.6375861597263857,1.4063206509780302,4.468043725908924,6.995559796900922,43040,4.304,43.04,1.1910611656256118,2.998804691104078,5.375622342139884
E02000363,Hackney 019,E09000012,Hackney,0.5963641624720343,12170,21,1,0,0,20406.994192194936,35.21338356911205,1.6768277890053356,0.8216926869350862,0.0,0.0,12.17,3.091042453358316,0.824942599303176,2.457059336525234,5.356913252414872,40761,4.0761,40.761,0.7723886402202376,2.033325647285967,4.829739915015445
E02000364,Hackney 020,E09000012,Hackney,0.6645870682647496,9359,16,13,0,3,14082.428694311704,24.07509980863204,19.56101859451353,13.890372903087936,0.0,3.20547066994337,9.359,2.833213344056216,0.6882697418265442,2.049508792928893,4.013779958232651,50301,5.0301,50.301,0.7296933745161409,2.2410877267169225,4.339233842919091
E02000366,Hackney 022,E09000012,Hackney,0.6432115014279204,8424,17,6,3,5,13096.780734328971,26.42987565094878,9.328191406217217,7.122507122507123,3.5612535612535616,5.935422602089268,8.424,2.8903717578961645,0.7325491252364797,2.202331022313862,4.065322406602053,41206,4.1206,41.206,0.6329131884762523,1.54666503464954,3.2423643633195995
E02000367,Hackney 023,E09000012,Hackney,0.7391091882338822,11041,24,16,8,10,14938.2529344314,32.471521639919715,21.64768109327981,14.491440992663708,7.245720496331854,9.057150620414816,11.041,3.218875824868201,0.9354739047821924,2.829853685517291,5.689135699474416,60726,6.0726,60.726,1.24759173713608,5.063624915254921,8.624299580753267
E02000368,Hackney 024,E09000012,Hackney,0.6348445450516874,10459,15,3,0,2,16474.899377371912,23.627831595810186,4.725566319162036,2.868343053829238,0.0,1.9122287025528253,10.459,2.772588722239781,0.6432334123694353,1.8948105775798096,3.9739513872019137,43586,4.3586,43.586,0.6175308833958087,1.6658254032114295,3.7187113854261677
E02000369,Hackney 025,E09000012,Hackney,0.6503983628036332,13766,12,6,1,5,21165.48993244653,18.45023094503547,9.225115472517736,4.358564579398518,0.7264274298997531,3.632137149498765,13.766,2.5649493574615367,0.5135185876888197,1.461833904964318,3.782797591964347,47317,4.7317,47.317,0.5840078653903354,1.843851040890175,4.577281373179684
E02000370,Hackney 026,E09000012,Hackney,0.4884087538319642,8876,16,0,0,0,18173.302444644072,32.759445596474215,0.0,0.0,0.0,0.0,8.876,2.833213344056216,0.693021129803756,2.069753067036424,3.9505407416448537,48408,4.8408,48.408,0.6991664327213409,2.0343252336320243,3.9662027391048915
E02000372,Hammersmith and Fulham 001,E09000013,Hammersmith and Fulham,3.440310273086653,11672,51,3,1,3,3392.7172474265985,14.824244312779005,0.8720143713399413,2.5702535983550376,0.8567511994516793,2.5702535983550376,11.672,3.951243718581428,1.7376824856437691,5.50163249006066,10.142129607831166,42920,4.292,42.92,1.608753884684216,4.427940697898094,8.918590916606318
E02000373,Hammersmith and Fulham 002,E09000013,Hammersmith and Fulham,0.4081590625666999,7081,7,1,0,0,17348.62863382544,17.150176590421985,2.450025227203141,1.4122299110295156,0.0,0.0,7.081,2.079441541679836,0.3724209984412416,1.0687524693176664,2.098348334506813,39409,3.9409,39.409,0.31152001779600585,0.7050153055912076,1.603631475925107
E02000374,Hammersmith and Fulham 003,E09000013,Hammersmith and Fulham,0.4960635818917275,7020,10,2,0,1,14151.41174691636,20.15870619218855,4.03174123843771,2.849002849002849,0.0,1.4245014245014245,7.02,2.3978952727983707,0.4898360498125127,1.4367721218131526,2.6684945070322144,43391,4.3391,43.391,0.4355706722479865,1.0808508847884721,2.225651089695681
E02000375,Hammersmith and Fulham 004,E09000013,Hammersmith and Fulham,0.7489399655680727,7639,32,20,3,14,10199.749447481816,42.72705620099726,26.70441012562329,26.181437360911115,3.9272156041366673,18.32700615263778,7.639,3.49650756146648,1.2459691009892633,3.921010610258046,6.283969099373912,45189,4.5189,45.189,1.1078069516916789,2.9270829143248993,5.1946376387347835
E02000376,Hammersmith and Fulham 005,E09000013,Hammersmith and Fulham,0.4099108496303787,6772,16,10,1,5,16520.665422997194,39.032877549904775,24.39554846869048,14.766686355581808,1.4766686355581806,7.383343177790904,6.772,2.833213344056216,0.7141043032177188,2.160298005682677,3.686484436378407,46898,4.6898,46.898,0.6618973734360348,1.7755387766348756,3.2553070643507085
E02000377,Hammersmith and Fulham 006,E09000013,Hammersmith and Fulham,0.4435383268773591,7839,13,7,3,5,17673.782681169574,29.309755690165133,15.782176140858148,8.929710422247735,3.827018752391887,6.378364587319811,7.839,2.6390573296152584,0.5954274806082102,1.766287186468107,3.293620120352916,48480,4.848,48.48,0.590725903764963,1.6801141713320753,3.2263113057156563
E02000378,Hammersmith and Fulham 007,E09000013,Hammersmith and Fulham,0.2944142656547736,6547,5,4,0,1,22237.373537045,16.982872718073164,13.58629817445853,6.109668550481136,0.0,1.527417137620284,6.547,1.791759469228055,0.2931987485325645,0.8279243624070003,1.6563938595624808,49363,4.9363,49.363,0.29763680179457924,0.8343051059289099,1.6877540149761812
E02000379,Hammersmith and Fulham 008,E09000013,Hammersmith and Fulham,0.6787556510472834,7351,10,2,0,1,10830.112410346495,14.732842348451229,2.946568469690245,2.7207182696231804,0.0,1.3603591348115902,7.351,2.3978952727983707,0.4875320878698902,1.4271266563602636,2.697694950512868,54645,5.4645,54.645,0.5446491874377006,1.7616138083091204,3.1533523798892964
E02000380,Hammersmith and Fulham 009,E09000013,Hammersmith and Fulham,0.3524515860934356,5553,8,2,0,2,15755.35539944453,22.69815292554588,5.674538231386469,3.601656762110572,0.0,3.601656762110572,5.553,2.19722457733622,0.4210813994786959,1.2294562141359338,2.182678406702089,53833,5.3833,53.833,0.44582192758002753,1.358066476256333,2.3546023622580097
E02000381,Hammersmith and Fulham 010,E09000013,Hammersmith and Fulham,0.553175170937309,7780,4,7,1,5,14064.261031125896,7.230982535283236,12.654219436745665,8.997429305912597,1.2853470437017993,6.4267352185089965,7.78,1.6094379124341005,0.2463833611555166,0.6820668213325626,1.5014359396592776,56028,5.6028,56.028,0.29673850728909046,0.9944927389253386,1.9760700438396488
E02000382,Hammersmith and Fulham 011,E09000013,Hammersmith and Fulham,0.6795507443123662,6362,20,7,1,4,9362.06759134327,29.431209026542817,10.300923159289985,11.002829298962592,1.5718327569946555,6.287331027978623,6.362,3.044522437723423,0.8610346305828491,2.648820149272563,4.271718563882979,53880,5.388,53.88,0.8958048370238454,2.798189532019796,4.462655815362136
E02000383,Hammersmith and Fulham 012,E09000013,Hammersmith and Fulham,0.6003358878201743,8768,18,9,1,8,14605.15717598809,29.983215005450003,14.991607502725,10.264598540145986,1.1405109489051095,9.124087591240876,8.768,2.9444389791664403,0.7635745119462237,2.2991611517522044,4.28428356141189,48069,4.8069,48.069,0.7591348484029544,2.1882297276481015,4.20433680676064
E02000384,Hammersmith and Fulham 013,E09000013,Hammersmith and Fulham,0.837603634814276,8811,43,26,4,16,10519.295325113631,51.33693099306392,31.040935019061905,29.50856883441153,4.539779820678698,18.15911928271479,8.811,3.784189633918261,1.568312860212569,4.996269417186837,8.129397439458389,45868,4.5868,45.868,1.4376936785436059,3.968112662883376,7.025181801060681
E02000385,Hammersmith and Fulham 014,E09000013,Hammersmith and Fulham,0.3996149914519035,5514,13,6,0,4,13798.281140470295,32.53131208308195,15.014451730653208,10.88139281828074,0.0,7.254261878853827,5.514,2.6390573296152584,0.6154760200187901,1.851866365671473,3.051220472757435,55864,5.5864,55.864,0.6634039036633861,2.1219248699592477,3.366390826357487
E02000386,Hammersmith and Fulham 015,E09000013,Hammersmith and Fulham,0.4375047726509632,7700,9,3,0,2,17599.80800516428,20.571204161880324,6.857068053960108,3.896103896103896,0.0,2.5974025974025974,7.7,2.302585092994046,0.4470300515279135,1.297410358676295,2.537892037371939,42409,4.2409,42.409,0.3987736956135088,0.9815895777884105,2.1306662555256004
E02000387,Hammersmith and Fulham 016,E09000013,Hammersmith and Fulham,0.4078657541917923,6291,7,0,0,0,15424.192728477416,17.162509791661407,0.0,0.0,0.0,0.0,6.291,2.079441541679836,0.3766353126382093,1.086073314302233,2.044545370330097,43941,4.3941,43.941,0.3370890217787564,0.8315728898085912,1.7245877194990278
E02000388,Hammersmith and Fulham 017,E09000013,Hammersmith and Fulham,0.5316644721386039,8806,14,5,1,2,16563.07777079431,26.332397091882843,9.4044275328153,5.677946854417443,1.1355893708834883,2.271178741766977,8.806,2.70805020110221,0.6230892156493224,1.846035239880354,3.58332587339819,49963,4.9963,49.963,0.6505834035416602,1.956767860309056,3.7885322749793087
E02000389,Hammersmith and Fulham 018,E09000013,Hammersmith and Fulham,0.8018930114921974,9115,7,8,1,3,11366.853020751998,8.729344064208885,9.976393216238725,8.776741634668129,1.097092704333516,3.291278113000548,9.115,2.079441541679836,0.3617862028277885,1.025417347938638,2.2434797681314302,57444,5.7444,57.444,0.4538226085807674,1.623780251830799,3.128933114447717
E02000390,Hammersmith and Fulham 019,E09000013,Hammersmith and Fulham,0.3478873526332064,6225,5,1,1,1,17893.723220698117,14.372468450359934,2.874493690071987,1.606425702811245,1.606425702811245,1.606425702811245,6.225,1.791759469228055,0.2945465757686766,0.8333673757249442,1.6389496120157652,49875,4.9875,49.875,0.2994609527205598,0.843265639536709,1.6729276485040185
E02000391,Hammersmith and Fulham 020,E09000013,Hammersmith and Fulham,0.6652626063366961,7523,22,4,1,2,11308.316337552473,33.06964767063065,6.012663212841937,5.317027781470158,1.3292569453675396,2.658513890735079,7.523,3.1354942159291497,0.9156512748535274,2.814160505876841,4.756094067931223,56473,5.6473,56.473,1.028698328874271,3.5011494411907287,5.570997241671627
E02000392,Hammersmith and Fulham 021,E09000013,Hammersmith and Fulham,0.5533479634674223,9238,15,17,3,11,16694.739313961305,27.10771700686508,30.72207927444709,18.402251569603813,3.2474561593418487,11.907339250920112,9.238,2.772588722239781,0.6545180123010363,1.9424819218786824,3.817572017900522,57741,5.7741,57.741,0.802003852221881,2.9114765599131935,5.1127902197121795
E02000393,Hammersmith and Fulham 022,E09000013,Hammersmith and Fulham,0.355922262857705,5976,5,1,0,0,16790.183204665558,14.048011382752309,2.8096022765504616,1.6733601070950468,0.0,0.0,5.976,1.791759469228055,0.2955930863657182,0.8376009365710987,1.625586177374863,57036,5.7036,57.036,0.343317736289768,1.132711409229634,2.019052719753057
E02000394,Hammersmith and Fulham 023,E09000013,Hammersmith and Fulham,0.8136984316339595,10278,23,1,0,0,12631.215202616411,28.266000161527288,1.228956528762056,0.972951936174353,0.0,0.0,10.278,3.1780538303479458,0.9131526600909486,2.767597432964839,5.378460106467926,55474,5.5474,55.474,1.0794894582673107,3.8186027253656394,6.8178999951572
E02000395,Hammersmith and Fulham 024,E09000013,Hammersmith and Fulham,1.1973742112136456,5923,20,4,0,2,4946.657397937868,16.70321593090619,3.340643186181238,6.753334458889077,0.0,3.3766672294445383,5.923,3.044522437723423,0.8664354988752236,2.672590059648119,4.210502373524303,74140,7.414,74.14,1.3229157260309845,6.5073208264683275,7.746346043916345
E02000396,Hammersmith and Fulham 025,E09000013,Hammersmith and Fulham,0.705596489995167,6903,11,4,2,3,9783.211931861058,15.589646711643002,5.668962440597456,5.794582065768506,2.897291032884253,4.34593654932638,6.903,2.4849066497880004,0.5286769738543992,1.5609454848541742,2.840245135367303,55264,5.5264,55.264,0.5883884321448328,1.9123334246010013,3.2967562403557698
E02000397,Haringey 001,E09000014,Haringey,0.5638974034251483,7902,6,3,1,3,14013.187420269636,10.640233424654244,5.320116712327121,3.7965072133637054,1.2655024044545686,3.7965072133637054,7.902,1.9459101490553128,0.3282529904925784,0.9288832406507468,1.947441493435947,43435,4.3435,43.435,0.3053864672951368,0.7710673509033665,1.7456561541923596
E02000398,Haringey 002,E09000014,Haringey,1.191196932688191,7613,13,4,0,1,6391.050707979607,10.91339277600616,3.3579670080018955,5.254170497832654,0.0,1.3135426244581636,7.613,2.6390573296152584,0.5973472826122043,1.7744293159159383,3.269236449228352,33264,3.3264,33.264,0.4378408724612896,0.8745845672521014,2.0472124791498465
E02000400,Haringey 004,E09000014,Haringey,1.3337976120793402,7766,24,1,0,0,5822.472562305085,17.99373441866109,0.7497389341108789,1.287664177182591,0.0,0.0,7.766,3.218875824868201,0.9801455276750972,3.0248817171706084,5.108352028393654,50045,5.0045,50.045,0.9738166044894256,2.877998431055991,4.98859881580201
E02000401,Haringey 005,E09000014,Haringey,0.7468421441900406,6823,14,1,0,0,9135.7993828798,18.7455945127242,1.338971036623157,1.465630954125751,0.0,0.0,6.823,2.70805020110221,0.6409393156904932,1.922054599303068,3.357144144433313,34961,3.4961,34.961,0.4740898701688406,0.9678686512585389,2.1268886150715747
E02000402,Haringey 006,E09000014,Haringey,0.9506703584420936,6557,17,1,1,1,6897.23829271931,17.882118495688314,1.051889323275783,1.5250876925423211,1.5250876925423211,1.5250876925423211,6.557,2.8903717578961645,0.7522909982849105,2.287615985919994,3.823271179666628,36376,3.6376,36.376,0.563210741620781,1.182219517299306,2.4608167622410564
E02000403,Haringey 007,E09000014,Haringey,0.8508968569671503,7379,22,0,0,0,8672.02639142534,25.855072585900185,0.0,0.0,0.0,0.0,7.379,3.1354942159291497,0.9175312754597668,2.8224193071531016,4.733628627303231,43831,4.3831,43.831,0.8025096326091853,2.038396955367303,3.829996396173119
E02000404,Haringey 008,E09000014,Haringey,0.6409520694385051,7022,12,3,1,1,10955.57738997785,18.72214877239165,4.680537193097914,4.272287097692965,1.4240956992309883,1.4240956992309883,7.022,2.5649493574615367,0.5652935201105866,1.676877863354577,3.030483503506454,37511,3.7511,37.511,0.44473345561329536,0.9657905241030061,2.1062959445393306
E02000405,Haringey 009,E09000014,Haringey,1.7820319052271103,6347,23,4,3,4,3561.664626420428,12.906615157975397,2.244628723126156,6.302190011028833,4.726642508271625,6.302190011028833,6.347,3.1780538303479458,0.9657400379589216,2.998092692085013,4.726341543069452,65767,6.5767,65.767,1.2585063677400552,5.1639129669254045,6.877684277922407
E02000406,Haringey 010,E09000014,Haringey,0.458017501955565,6592,6,1,0,1,14392.463108624894,13.099936081879454,2.183322680313242,1.5169902912621358,0.0,1.5169902912621358,6.592,1.9459101490553128,0.3344354032243191,0.9539791730565124,1.8653409701442452,38916,3.8916,38.916,0.27524714266372113,0.6086998720865106,1.392436948230314
E02000407,Haringey 011,E09000014,Haringey,0.5221232713055132,7506,23,3,1,1,14375.915444703418,44.0508999771088,5.745769562231582,3.996802557953637,1.332267519317879,1.332267519317879,7.506,3.1780538303479458,0.9499281475837096,2.9282073471657624,4.9099275350638605,38433,3.8433,38.433,0.7488241621535597,1.686182624260003,3.406678056000121
E02000408,Haringey 012,E09000014,Haringey,0.5178490449368266,8136,13,5,2,3,15711.142232564176,25.10384083374316,9.65532339759352,6.145526057030481,2.458210422812193,3.687315634218289,8.136,2.6390573296152584,0.5929139338458795,1.7556439145714131,3.325940907339306,38283,3.8283,38.283,0.4859194194153252,1.1015265610473748,2.4579909110188436
E02000409,Haringey 013,E09000014,Haringey,0.6940698838708631,6075,10,1,0,0,8752.720930808027,14.407771079519383,1.4407771079519385,1.646090534979424,0.0,0.0,6.075,2.3978952727983707,0.4964739177615535,1.4646700218071378,2.586855399989965,36728,3.6728,36.728,0.3781628928231502,0.7889075529756303,1.714178483104689
E02000410,Haringey 014,E09000014,Haringey,0.7521366146268817,6237,12,1,0,0,8292.376516058905,15.954548371445702,1.3295456976204751,1.60333493666827,0.0,0.0,6.237,2.5649493574615367,0.571649665608719,1.7038809734332945,2.953265485004132,63069,6.3069,63.069,0.7252485015617839,2.7785396191758767,4.152432845752134
E02000411,Haringey 015,E09000014,Haringey,1.39358298266331,13169,39,2,0,2,9449.742257064883,27.985416358533715,1.4351495568478827,1.518718201837649,0.0,1.518718201837649,13.169,3.688879454113936,1.3582098267018248,4.186288861634184,8.725399360152114,43334,4.3334,43.334,1.3347989470695345,3.8270318845655735,8.41848719691721
E02000412,Haringey 016,E09000014,Haringey,0.771559180275128,8079,24,13,1,7,10471.00495534138,31.105844650104363,16.848999185473197,16.091100383710856,1.2377769525931428,8.664438668151998,8.079,3.218875824868201,0.9757855216043702,3.005675603583416,5.161195525784828,39028,3.9028,39.028,0.7884845568671606,1.8234160092369502,3.7162313713392288
E02000413,Haringey 017,E09000014,Haringey,1.2189679718802895,7655,8,0,0,0,6279.902488489476,6.562928792673522,0.0,0.0,0.0,0.0,7.655,2.19722457733622,0.4086610584743693,1.177973749289697,2.338865959980039,60187,6.0187,60.187,0.5175738584452301,1.9106248393312553,3.297898518642683
E02000414,Haringey 018,E09000014,Haringey,0.4093369863033986,6991,11,0,0,0,17078.837813151593,26.87272435197647,0.0,0.0,0.0,0.0,6.991,2.4849066497880004,0.5280147255636439,1.558152614576882,2.8484750756125066,41236,4.1236,41.236,0.4480216367367128,1.0582072597944119,2.2150768830989747
E02000415,Haringey 019,E09000014,Haringey,0.7040973673587217,7144,22,4,1,2,10146.323976184238,31.24567853808136,5.681032461469338,5.599104143337066,1.3997760358342666,2.799552071668533,7.144,3.1354942159291497,0.9206076252731044,2.8359492961640904,4.697193942716733,42009,4.2009,42.009,0.77230408536658,1.8717392948535934,3.5721780434721118
E02000416,Haringey 020,E09000014,Haringey,0.6285325372758674,8183,9,5,0,4,13019.214622469772,14.319067774927037,7.955037652737243,6.110228522546743,0.0,4.888182818037395,8.183,2.302585092994046,0.4439651908462724,1.2847203758231232,2.5785179452472704,51478,5.1478,51.478,0.47870852592618496,1.465892333653973,2.866343007907695
E02000417,Haringey 021,E09000014,Haringey,1.059599138798119,6411,20,11,4,8,6050.401293523004,18.87506252853846,10.381284390696154,17.15800967087818,6.239276243955701,12.478552487911402,6.411,3.044522437723423,0.8604338926119085,2.646180165798073,4.27860632920922,63388,6.3388,63.388,1.0789660179113327,4.1944900893709836,5.88979353609432
E02000418,Haringey 022,E09000014,Haringey,0.7132737033328769,5274,7,0,0,0,7394.076040314475,9.813904490368094,0.0,0.0,0.0,0.0,5.274,2.079441541679836,0.3821308638168125,1.1087850922781166,1.9773086486981628,54444,5.4444,54.444,0.4086902981980671,1.2536384650032717,2.1664495574195644
E02000419,Haringey 023,E09000014,Haringey,0.6424400835151619,9016,14,11,4,5,14033.9935681912,21.791915478557765,17.1222193045811,12.200532386867792,4.436557231588288,5.545696539485359,9.016,2.70805020110221,0.6212282425292222,1.8381629551566108,3.60815351960583,49014,4.9014,49.014,0.6402686694971964,1.8931619979360617,3.743476712409571
E02000420,Haringey 024,E09000014,Haringey,0.577295992028498,7996,23,10,4,6,13850.780380275495,39.84091405031721,17.32213654361618,12.506253126563282,5.002501250625312,7.503751875937969,7.996,3.1780538303479458,0.9433213333104604,2.8991535053585333,4.989672648394622,42472,4.2472,42.472,0.8149934631345747,2.034988965662121,3.9667889407038737
E02000421,Haringey 025,E09000014,Haringey,0.7838916156317393,8850,21,7,2,5,11289.82607227885,26.789417798627778,8.929805932875926,7.909604519774011,2.2598870056497176,5.649717514124294,8.85,3.091042453358316,0.8648902124901156,2.6288013533954264,4.80293334569321,38133,3.8133,38.133,0.7050482336631549,1.6234874143186306,3.5115108289084023
E02000422,Haringey 026,E09000014,Haringey,0.5424387207043878,7225,13,1,0,1,13319.47688140316,23.96584075546589,1.843526211958915,1.384083044982699,0.0,1.384083044982699,7.225,2.6390573296152584,0.6006576726737618,1.78849546763236,3.2277944682149613,39444,3.9444,39.444,0.49162735484328407,1.1215699034962203,2.37761488651691
E02000423,Haringey 027,E09000014,Haringey,0.5549407394454065,6784,10,7,3,6,12224.728728295846,18.01994211128515,12.613959477899606,10.318396226415096,4.422169811320755,8.84433962264151,6.784,2.3978952727983707,0.4914853997964234,1.443689035644489,2.64786807287543,44921,4.4921,44.921,0.44749154955955284,1.1440073309282452,2.2860980920093055
E02000424,Haringey 028,E09000014,Haringey,0.666188214139801,6494,14,3,0,2,9747.995929926825,21.01508207868425,4.5032318740037685,4.619648906683092,0.0,3.079765937788728,6.494,2.70805020110221,0.643949899501049,1.9349663594076671,3.3210240601555534,54752,5.4752,54.752,0.6946752315078993,2.2148349757302053,3.6717921691283646
E02000425,Haringey 029,E09000014,Haringey,0.5409088661565628,8003,10,0,0,0,14795.46833252236,18.48740263966308,0.0,0.0,0.0,0.0,8.003,2.3978952727983707,0.4830254186581781,1.4083161154296506,2.7561515587699907,40172,4.0172,40.172,0.41393372554884267,0.9752377826223313,2.179909886634096
E02000426,Haringey 030,E09000014,Haringey,2.229190111782883,6477,35,2,1,1,2905.539534633842,15.700769447612238,0.8971868255778422,3.087849312953528,1.543924656476764,1.543924656476764,6.477,3.58351893845611,1.3649326080709612,4.351445612040637,6.462513136452214,57127,5.7127,57.127,1.4796434969338026,5.010611382510651,7.141256157679442
E02000427,Haringey 031,E09000014,Haringey,1.0738150640345774,6589,17,3,2,2,6136.0659024874985,15.831403906858016,2.7937771600337675,4.553042950371832,3.0353619669145546,3.0353619669145546,6.589,2.8903717578961645,0.7519481856634966,2.2861267590259526,3.8272959704341134,49437,4.9437,49.437,0.7268961398824975,2.05906354498548,3.593311813171933
E02000428,Haringey 032,E09000014,Haringey,0.5967405388458056,8587,9,4,1,1,14389.838532854952,15.08193161706004,6.703080718693351,4.6582042622569,1.164551065564225,1.164551065564225,8.587,2.302585092994046,0.4414177667080489,1.2742013602961364,2.6129980769787617,42062,4.2062,42.062,0.4003356787426743,0.9970802066737733,2.2509954667300356
E02000429,Haringey 033,E09000014,Haringey,0.9808490958083548,6467,15,1,0,0,6593.2670251077725,15.292872332861696,1.0195248221907798,1.5463120457708364,0.0,0.0,6.467,2.772588722239781,0.6808677829344364,2.0551667005289818,3.48512732393609,64384,6.4384,64.384,0.8829988883934272,3.509363160399804,5.054362711523816
E02000430,Haringey 034,E09000014,Haringey,0.6581220341587425,6944,17,15,6,8,10551.234633674443,25.83107557207165,22.792125504769107,21.601382488479263,8.640552995391706,11.52073732718894,6.944,2.8903717578961645,0.7481555715107742,2.269670541058287,3.8722312262112566,60268,6.0268,60.268,0.9017227113062886,3.2990031798274235,5.038270271230736
E02000431,Haringey 035,E09000014,Haringey,0.6090882246565371,5706,13,3,0,1,9368.10098933959,21.343377648337658,4.925394841924075,5.257623554153523,0.0,1.752541184717841,5.706,2.6390573296152584,0.6137951327684164,1.844644791576591,3.0705435419490064,71544,7.1544,71.544,0.902818265429164,4.152457278256385,5.363295783599367
E02000432,Haringey 036,E09000014,Haringey,0.5361505634801338,5884,7,3,0,0,10974.529172938232,13.056034026269142,5.595443154115347,5.098572399728076,0.0,0.0,5.884,2.079441541679836,0.378825064068383,1.095106116373364,2.0173673229721563,54973,5.4973,54.973,0.4159721312364717,1.3091323183064782,2.3001716529770615
E02000433,Harrow 001,E09000015,Harrow,6.318055660216951,8917,43,9,2,6,1411.3519221028523,6.80589129196172,1.4244888750617553,10.09308063249972,2.24290680722216,6.72872042166648,8.917,3.784189633918261,1.56594677333466,4.985503462321462,8.15777996196356,46785,4.6785,46.785,1.4655074397216683,4.140427386213463,7.269418065892982
E02000434,Harrow 002,E09000015,Harrow,1.9627532042093443,10180,18,2,1,2,5186.591965901697,9.17079129530752,1.0189768105897246,1.9646365422396856,0.9823182711198428,1.9646365422396856,10.18,2.9444389791664403,0.748370923287736,2.234036022320919,4.487876631911385,44764,4.4764,44.764,0.7239446765805697,1.996334336506126,4.238793089847854
E02000435,Harrow 003,E09000015,Harrow,1.80670528572297,8254,9,0,0,0,4568.537029932409,4.981443332855788,0.0,0.0,0.0,0.0,8.254,2.302585092994046,0.4435164375846582,1.2828654676292748,2.5845444466664227,40775,4.0775,40.775,0.3888497323164769,0.9334274047835077,2.116833543284346
E02000436,Harrow 004,E09000015,Harrow,4.7218926852024925,5695,13,0,0,0,1206.0841657513818,2.753133301978571,0.0,0.0,0.0,0.0,5.695,2.6390573296152584,0.6138913095143415,1.8450577660562213,3.0694331938726447,47871,4.7871,47.871,0.5688777868876708,1.5214025407009684,2.7097140905510493
E02000437,Harrow 005,E09000015,Harrow,1.396669909776261,9139,17,3,1,1,6543.421560119398,12.171809445456809,2.147966372727672,3.2826348615822303,1.09421162052741,1.09421162052741,9.139,2.8903717578961645,0.725126575145584,2.170518210410287,4.162026688457133,42498,4.2498,42.498,0.6546753980561822,1.674241747716184,3.5461505352120124
E02000438,Harrow 006,E09000015,Harrow,1.7512993168313096,8612,25,4,0,3,4917.491782947765,14.275115486959375,2.2840184779135,4.644681839294009,0.0,3.4835113794705066,8.612,3.258096538021482,1.0015413077591226,3.0831341814296542,5.411592453315502,45505,4.5505,45.505,0.9295170138313981,2.523539128866662,4.783147435915018
E02000439,Harrow 007,E09000015,Harrow,1.0635055207763962,9832,10,6,2,3,9244.897941688443,9.402866092034625,5.641719655220775,6.102522375915378,2.034174125305126,3.051261187957689,9.832,2.3978952727983707,0.4706043523674258,1.3568613323664862,2.9269841033137136,40071,4.0071,40.071,0.42231545967378925,1.0338267036391737,2.4849874469248268
E02000440,Harrow 008,E09000015,Harrow,1.4951518940192066,9520,23,2,1,1,6367.246055789505,15.383052445709938,1.3376567344095598,2.100840336134454,1.050420168067227,1.050420168067227,9.52,3.1780538303479458,0.923065066445858,2.810619888873199,5.246069799851817,44236,4.4236,44.236,0.8591389780327771,2.310493431906435,4.666161899875003
E02000441,Harrow 009,E09000015,Harrow,2.3359222453901194,7547,20,1,0,0,3230.843841182558,8.561928822532286,0.4280964411266143,1.3250298131707965,0.0,0.0,7.547,3.044522437723423,0.8466234719759695,2.5857078495158428,4.441440825774841,46961,4.6961,46.961,0.7939634116848753,2.1731837843861004,3.9875721978073164
E02000442,Harrow 010,E09000015,Harrow,1.1396827657145916,9806,17,4,0,0,8604.14871137544,14.916431582029622,3.5097486075363817,4.079135223332654,0.0,0.0,9.806,2.8903717578961645,0.7182701424767907,2.141255516678749,4.254311739499494,37514,3.7514,37.514,0.5988191077750789,1.3866427878837497,3.225605314215257
E02000443,Harrow 011,E09000015,Harrow,0.9782380036103576,11093,7,2,0,0,11339.776168027976,7.155722814044518,2.044492232584148,1.802938790228072,0.0,0.0,11.093,2.079441541679836,0.351735539909811,0.9849611872652432,2.3942366599550327,38186,3.8186,38.186,0.31922764256678227,0.7679571274399397,2.0766220511871105
E02000444,Harrow 012,E09000015,Harrow,1.0942984755283631,9200,17,5,2,2,8407.21266248492,15.535066876330832,4.569137316567892,5.434782608695652,2.1739130434782608,2.1739130434782608,9.2,2.8903717578961645,0.7244968153513686,2.1678254797973517,4.170382719187252,38775,3.8775,38.775,0.6092688551198179,1.4327572149838945,3.199781605181129
E02000445,Harrow 013,E09000015,Harrow,1.2508953074552869,12477,25,6,2,3,9974.455836261894,19.985685333537496,4.796564480048999,4.80884828083674,1.6029494269455795,2.40442414041837,12.477,3.258096538021482,0.9478951223195784,2.8499260871395653,6.144909380909036,41028,4.1028,41.028,0.8923600987540137,2.3825707519436476,5.579358648412838
E02000447,Harrow 015,E09000015,Harrow,2.1238306858512064,8666,22,1,0,1,4080.3629299323215,10.358641179149672,0.4708473263249851,1.1539349180706209,0.0,1.1539349180706209,8.666,3.1354942159291497,0.9008647605145124,2.7494576957098285,4.938237162839435,48233,4.8233,48.233,0.8881082938459126,2.5673288778101906,4.77734469565978
E02000448,Harrow 016,E09000015,Harrow,1.7202668577164086,7228,23,6,2,4,4201.673692414737,13.37001866706405,3.4878309566254044,8.301051466519093,2.767017155506364,5.534034311012728,7.228,3.1780538303479458,0.9536970562184012,2.9448202242291184,4.865252359368244,57052,5.7052,57.052,1.0730997567691158,3.677964755375314,5.707207907496998
E02000449,Harrow 017,E09000015,Harrow,0.9183350440683464,8572,6,0,0,0,9334.283881866142,6.533563146429871,0.0,0.0,0.0,0.0,8.572,1.9459101490553128,0.3251353015000118,0.91630419372878,1.990818680135987,37171,3.7171,37.171,0.2724537363697206,0.6049428688959843,1.53071675708372
E02000451,Harrow 019,E09000015,Harrow,1.5993023367851509,6761,19,4,1,1,4227.468343221879,11.880180227956766,2.501090574306688,5.916284573287975,1.479071143321994,1.479071143321994,6.761,2.995732273553991,0.8210616506646393,2.5114216337975703,4.170358200277145,50652,5.0652,50.652,0.8124039827915639,2.3770377518068773,4.049679527182364
E02000452,Harrow 020,E09000015,Harrow,1.1246256287469365,11180,13,16,3,4,9941.085917148102,11.55940222924198,14.226956589836282,14.311270125223611,2.683363148479428,3.577817531305904,11.18,2.6390573296152584,0.5677559819019317,1.6501886490380764,3.676050181765679,43846,4.3846,43.846,0.5618230507507633,1.547718125949764,3.6053976543267487
E02000453,Harrow 021,E09000015,Harrow,1.034138679046502,8639,13,1,0,0,8353.811896838963,12.57084785957941,0.966988296890724,1.1575413821044105,0.0,0.0,8.639,2.6390573296152584,0.5886811631446855,1.7377645231634014,3.381404564208471,42208,4.2208,42.208,0.5277653193272396,1.3235690936245486,2.855455498039484
E02000454,Harrow 022,E09000015,Harrow,1.5667773653796233,7326,18,1,0,0,4675.839823755012,11.488549935516,0.6382527741953333,1.365001365001365,0.0,0.0,7.326,2.9444389791664403,0.7794199516687903,2.367629778228654,4.085894220178098,53559,5.3559,53.559,0.8303933128151276,2.6286905374726652,4.431331152051998
E02000455,Harrow 023,E09000015,Harrow,1.2317188349377273,13159,33,15,4,8,10683.44465209488,26.79182867384536,12.178103942656982,11.399042480431644,3.0397446614484385,6.079489322896877,13.159,3.5263605246161616,1.1816331184118791,3.602540099769088,7.707694437093475,47192,4.7192,47.192,1.2612543589088265,3.944625226426166,8.413308776061518
E02000456,Harrow 024,E09000015,Harrow,0.9254075053163332,7969,16,0,0,0,8611.341440629387,17.2896803927808,0.0,0.0,0.0,0.0,7.969,2.833213344056216,0.7020323173429803,2.1083105952156185,3.834467025005285,47855,4.7855,47.855,0.6841553131853066,1.9264195839890095,3.6527546727801203
E02000457,Harrow 025,E09000015,Harrow,1.1599709948724344,7177,8,4,2,2,6187.223673458557,6.896724172727944,3.448362086363972,5.573359342343598,2.786679671171799,2.786679671171799,7.177,2.19722457733622,0.4114528973869908,1.1894882913490572,2.3023943760301235,46987,4.6987,46.987,0.39779734402683087,1.0740200608907184,2.177223845497155
E02000459,Harrow 027,E09000015,Harrow,1.1996437599503462,9554,18,5,2,2,7964.03092230934,15.004454322960866,4.167903978600241,5.233410090014654,2.0933640360058616,2.0933640360058616,9.554,2.9444389791664403,0.7550736081444782,2.262677993396216,4.396447804631029,41815,4.1815,41.815,0.6783487702151011,1.7243443453424527,3.719175844115023
E02000460,Harrow 028,E09000015,Harrow,0.8661221984591188,7511,14,3,0,0,8671.9864856974,16.164000905307365,3.4637144797087207,3.994141925176408,0.0,0.0,7.511,2.70805020110221,0.6346890416006495,1.895331513438212,3.433952696973406,41362,4.1362,41.362,0.5415986251214757,1.2999009482776132,2.689659424967146
E02000461,Harrow 029,E09000015,Harrow,2.6622394453872147,7557,27,3,0,1,2838.5876458610046,10.141837559646303,1.1268708399607006,3.969829297340214,0.0,1.323276432446738,7.557,3.332204510175204,1.083437277783084,3.373626731375275,5.530385140271865,51390,5.139,51.39,1.0931825158859894,3.319070170285012,5.517997515708726
E02000462,Harrow 030,E09000015,Harrow,0.999642547755324,7129,13,4,1,1,7131.549188265363,13.004648540812138,4.001430320249888,5.610885117127227,1.402721279281807,1.402721279281807,7.129,2.6390573296152584,0.6014795654256851,1.7919929258843654,3.217622110995022,39822,3.9822,39.822,0.4946933183528601,1.1359495886904112,2.3868126015995488
E02000463,Harrow 031,E09000015,Harrow,0.9288259021551692,8822,4,1,0,0,9498.012468784706,4.306512114615599,1.0766280286538998,1.133529811834051,0.0,0.0,8.822,1.6094379124341005,0.2427535824604925,0.6677559078284218,1.55376767522715,38801,3.8801,38.801,0.21473298274166744,0.49646714468996683,1.2984163491843455
E02000464,Havering 001,E09000016,Havering,5.8574070490874375,8038,26,0,0,0,1372.2795654524796,4.438824172899287,0.0,0.0,0.0,0.0,8.038,3.295836866004329,1.042988837890932,3.2302155454601413,5.465162638312193,40272,4.0272,40.272,0.8594537053682478,2.0442213883082427,4.0475680118311415
E02000465,Havering 002,E09000016,Havering,2.800641436971268,9713,39,1,1,1,3468.13407520816,13.925381337703923,0.3570610599411262,1.0295480284155256,1.0295480284155256,1.0295480284155256,9.713,3.688879454113936,1.4267418650328707,4.491312603993847,7.788166776535258,39734,3.9734,39.734,1.1935879504959186,2.9186637482542093,5.892782157978527
E02000466,Havering 003,E09000016,Havering,6.279437314248417,9337,37,0,0,0,1486.9166666914232,5.892247688506229,0.0,0.0,0.0,0.0,9.337,3.6375861597263857,1.3726572417711955,4.316025426228677,7.397959699263995,41371,4.1371,41.371,1.1767635652651518,2.961488506754252,5.80267998192405
E02000467,Havering 004,E09000016,Havering,1.3585929621586723,12045,26,6,2,2,8865.790075094797,19.13744640535199,4.416333785850459,4.9813200498132,1.6604400166044002,1.6604400166044002,12.045,3.295836866004329,0.9851280439582673,2.977266281672449,6.234780735326367,35954,3.5954,35.954,0.8290762227226528,1.9525534057591893,4.79256939990415
E02000468,Havering 005,E09000016,Havering,4.093894458774874,9251,21,4,2,3,2259.7065198325668,5.129589981243531,0.9770647583321012,4.323856880337261,2.1619284401686305,3.242892660252946,9.251,3.091042453358316,0.8599643123985486,2.60743647131734,4.866678453320815,42453,4.2453,42.453,0.7707402849458405,1.976774309828984,4.095320220459372
E02000469,Havering 006,E09000016,Havering,1.7140356702695632,7647,22,1,0,1,4461.400735491911,12.835205463687988,0.5834184301676358,1.307702366941284,0.0,1.307702366941284,7.647,3.1354942159291497,0.9140354724510644,2.807068127802695,4.775524724996078,37318,3.7318,37.318,0.7090591653496326,1.5608034676200986,3.2377153590555237
E02000470,Havering 007,E09000016,Havering,6.762613843040564,10290,47,7,1,3,1521.601002042943,6.949975422353579,1.0351027224781926,6.802721088435374,0.9718172983479106,2.915451895043732,10.29,3.871201010907891,1.654625175600334,5.254607254240195,9.118806595872163,45291,4.5291,45.291,1.5529477615412162,4.373899914468083,8.170984379280165
E02000471,Havering 008,E09000016,Havering,2.1405036269007898,7902,16,2,0,1,3691.654571705265,7.474876379053939,0.9343595473817424,2.5310048089091373,0.0,1.2655024044545686,7.902,2.833213344056216,0.7027026016982171,2.111187163381519,3.826029185361793,42581,4.2581,42.581,0.6167805104895313,1.5368907262470861,3.122558352428363
E02000472,Havering 009,E09000016,Havering,1.5357646338808328,9908,17,1,1,1,6451.509418446999,11.069404533064088,0.651141443121417,1.0092854259184496,1.0092854259184496,1.0092854259184496,9.908,2.8903717578961645,0.7172273630066507,2.1368154736715264,4.26860356404191,43593,4.3593,43.593,0.6750275472432459,1.8005932735834398,3.8717275298655562
E02000473,Havering 010,E09000016,Havering,2.855531873834404,11085,19,1,1,1,3881.938808518736,6.653751679012719,0.3501974567901431,0.9021199819576003,0.9021199819576003,0.9021199819576003,11.085,2.995732273553991,0.7720187594135238,2.2998746400517085,4.807486413018134,45736,4.5736,45.736,0.7775634438820463,2.2377608868147747,4.823830561185686
E02000474,Havering 011,E09000016,Havering,2.207142660906401,9728,24,2,0,1,4407.508482485237,10.873787374552396,0.9061489478793664,2.0559210526315788,0.0,1.0279605263157894,9.728,3.218875824868201,0.9531336209382988,2.9064861753955387,5.448754795511574,41171,4.1171,41.171,0.8386221219102327,2.1128360898889595,4.460042591850022
E02000475,Havering 012,E09000016,Havering,2.802686159570209,10124,31,2,1,2,3612.2489010872737,11.060817456904926,0.7136011262519307,1.975503753457132,0.9877518767285656,1.975503753457132,10.124,3.4657359027997265,1.171308645401626,3.623013270292497,6.6611253251321605,47985,4.7985,47.985,1.1757119997781194,3.4989391068036713,6.613184774554088
E02000476,Havering 013,E09000016,Havering,1.5664522104136491,10410,41,23,5,13,6645.590545817581,26.17379561753322,14.682860956177173,22.09414024975985,4.803073967339097,12.487992315081652,10.41,3.737669618283368,1.473026257872841,4.632545437683215,8.270178546434705,43211,4.3211,43.211,1.3400921275253024,3.6050175308130488,7.086849758550264
E02000477,Havering 014,E09000016,Havering,1.7491244764959577,9582,17,1,1,1,5478.169294843862,9.719148195819834,0.5717145997541079,1.0436234606553956,1.0436234606553956,1.0436234606553956,9.582,2.8903717578961645,0.7205654916980856,2.1510386036345026,4.22309347640463,47415,4.7415,47.415,0.7244222012099708,2.0938404644027413,4.220413738648589
E02000478,Havering 015,E09000016,Havering,2.491271205581171,6017,17,0,0,0,2415.2328283328497,6.82382550800373,0.0,0.0,0.0,0.0,6.017,2.8903717578961645,0.7580995896411249,2.312893507779461,3.755987640557093,44668,4.4668,44.668,0.6577879099695713,1.6494960555649663,3.0036359888052897
E02000479,Havering 016,E09000016,Havering,1.3751152067929395,10136,23,5,0,2,7371.018769866783,16.72587132073165,3.63605898276775,4.932912391475928,0.0,1.973164956590371,10.136,3.1780538303479458,0.9150014643704888,2.775606613468608,5.3534069426762505,43989,4.3989,43.989,0.861373552103026,2.3351591842054913,4.846789521096115
E02000480,Havering 017,E09000016,Havering,3.375481291256089,15127,39,2,0,1,4481.434999857729,11.553907912636442,0.59250809808392,1.3221392212599985,0.0,0.6610696106299992,15.127,3.688879454113936,1.3208540693316986,4.022762645640264,9.305605601472465,45693,4.5693,45.693,1.4309815034107083,4.522870747195482,10.399119450648659
E02000481,Havering 018,E09000016,Havering,12.243913508759665,8449,17,1,0,1,690.0571450423372,1.388444959843737,0.0816732329319845,1.1835720203574387,0.0,1.1835720203574387,8.449,2.8903717578961645,0.7322883181596251,2.201210859104735,4.068665459456078,47304,4.7304,47.304,0.7130638015499717,2.0047128173192412,3.8720862493440946
E02000482,Havering 019,E09000016,Havering,2.83003872449902,6805,39,2,2,2,2404.56073660428,13.78073015834929,0.706704110684579,2.9390154298310067,2.9390154298310067,2.9390154298310067,6.805,3.688879454113936,1.487079059049958,4.765123460002092,7.077996720673181,49518,4.9518,49.518,1.3948515304055094,4.000350145037396,6.31347315368661
E02000483,Havering 020,E09000016,Havering,1.6026478859121325,8123,25,6,3,3,5068.487015397564,15.599184462013923,3.7438042708833423,7.38643358365136,3.69321679182568,3.69321679182568,8.123,3.258096538021482,1.0085415165051486,3.1139684133966665,5.325279295173147,43697,4.3697,43.697,0.8920437231598849,2.29851573551672,4.380747774231134
E02000484,Havering 021,E09000016,Havering,1.850738758475601,8656,10,3,0,0,4677.051237166337,5.403247732401036,1.6209743197203108,3.465804066543438,0.0,0.0,8.656,2.3978952727983707,0.4785535920040835,1.389725229256208,2.815967455872336,43268,4.3268,43.268,0.44316910317628694,1.137176916482476,2.4999509192991587
E02000485,Havering 022,E09000016,Havering,2.093681015650521,8821,28,10,1,4,4213.153739305055,13.373574957549206,4.776276770553288,11.336583153837433,1.1336583153837434,4.534633261534974,8.821,3.367295829986474,1.0966245573809692,3.396466761854612,5.921116173218782,49377,4.9377,49.377,1.0980163572443937,3.275025002097479,5.850524748052859
E02000486,Havering 023,E09000016,Havering,1.2742304162187028,7569,16,3,1,1,5940.05597705093,12.556598709580513,2.3543622580463457,3.9635354736424895,1.321178491214163,1.321178491214163,7.569,2.833213344056216,0.7060435217887244,2.1255424707558808,3.7843665370178736,43977,4.3977,43.977,0.6312693367886667,1.6121158952284458,3.1724007099594536
E02000487,Havering 024,E09000016,Havering,12.879963364509637,7888,20,1,0,0,612.4241022094174,1.5527994477926403,0.077639972389632,1.2677484787018256,0.0,0.0,7.888,3.044522437723423,0.8425213332621586,2.5678266356849573,4.491518589735453,50020,5.002,50.02,0.8462421605010877,2.5031869516337144,4.464977064379926
E02000488,Havering 025,E09000016,Havering,1.828736570099372,8196,12,2,0,0,4481.782742253926,6.561907382509409,1.0936512304182349,2.440214738897023,0.0,0.0,8.196,2.5649493574615367,0.5559192824443404,1.6372900852756762,3.149750094144117,42974,4.2974,42.974,0.5017784498486235,1.2674530335704728,2.686510452634857
E02000489,Havering 026,E09000016,Havering,2.599206987794948,8951,22,3,1,1,3443.7426653710386,8.464120057888822,1.154198189712112,3.3515808289576583,1.1171936096525528,1.1171936096525528,8.951,3.1354942159291497,0.8972151779427808,2.733557507440604,4.984729669313111,44913,4.4913,44.913,0.8352828353332866,2.2520982903870093,4.4331563166342045
E02000490,Havering 027,E09000016,Havering,2.051468601894786,8982,16,0,0,0,4378.326819968879,7.799290705800719,0.0,0.0,0.0,0.0,8.982,2.833213344056216,0.6919755806388271,2.065293165809813,3.964333438132184,40510,4.051,40.51,0.6001145274265421,1.4607252690979446,3.1837419900075945
E02000491,Havering 028,E09000016,Havering,5.348459797658949,13545,41,5,0,1,2532.5047793999915,7.665758283898092,0.9348485712070844,3.6913990402362495,0.0,0.7382798080472499,13.545,3.737669618283368,1.4086971368881744,4.346228853717959,9.16813977685286,42448,4.2448,42.448,1.371073846497827,3.885751767103916,8.721245785610687
E02000492,Havering 029,E09000016,Havering,15.61116870322024,7041,20,1,0,1,451.0232471286789,1.2811340637087882,0.0640567031854394,1.42025280499929,0.0,1.42025280499929,7.041,3.044522437723423,0.8527473527898091,2.6124709897917198,4.368158976906454,41847,4.1847,41.847,0.7142277218886394,1.7195183630126014,3.3162189655352217
E02000493,Havering 030,E09000016,Havering,1.2889243230213718,6908,21,4,0,1,5359.507828828099,16.292655530600765,3.1033629582096696,5.790387955993051,0.0,1.4475969889982627,6.908,3.091042453358316,0.8891479622466593,2.734772129446557,4.50583935485141,41155,4.1155,41.155,0.7305744135828383,1.7266987805127558,3.323216361991585
E02000494,Hillingdon 001,E09000017,Hillingdon,6.221247759906896,7774,30,0,0,0,1249.5885552251889,4.822183773701526,0.0,0.0,0.0,0.0,7.774,3.4339872044851463,1.1786377603065925,3.69046324828157,6.018616553769025,50234,5.0234,50.234,1.1638144601866958,3.460371797540399,5.81318785985023
E02000495,Hillingdon 002,E09000017,Hillingdon,2.727704321910353,10853,45,10,2,7,3978.803682211084,16.497389265594652,3.666086503465478,9.214042200313276,1.842808440062656,6.4498295402192936,10.853,3.828641396489095,1.5825646621409375,4.994152004589371,8.993111617147182,46802,4.6802,46.802,1.5556408481960067,4.591354153872001,8.638748880955783
E02000496,Hillingdon 003,E09000017,Hillingdon,15.224361255525926,7773,37,5,1,4,510.5632919199592,2.4303154253233616,0.3284210034220759,6.432522835456066,1.2865045670912132,5.146018268364853,7.773,3.6375861597263857,1.4035790693238837,4.45560425554348,7.027142644872627,45558,4.5558,45.558,1.2530810945333244,3.352354822176503,5.838288463788552
E02000497,Hillingdon 004,E09000017,Hillingdon,2.702010560031193,9547,24,1,0,0,3533.294851330923,8.882274686492318,0.3700947786038465,1.0474494605635278,0.0,0.0,9.547,3.218875824868201,0.9555940578883496,2.917211639399753,5.416424184207208,47438,4.7438,47.438,0.9455949702759312,2.73886331551243,5.272142388243627
E02000498,Hillingdon 005,E09000017,Hillingdon,3.1377176067004555,6401,27,0,0,0,2040.0178736069013,8.604980876017239,0.0,0.0,0.0,0.0,6.401,3.332204510175204,1.1014244091353007,3.4539316978791565,5.3241249013071466,45187,4.5187,45.187,0.9552264733060705,2.4525017876863684,4.240596378336412
E02000499,Hillingdon 006,E09000017,Hillingdon,1.6086443290885943,8104,17,4,2,3,5037.782344709762,10.567904721133509,2.486565816737296,4.935834155972359,2.46791707798618,3.7018756169792697,8.104,2.8903717578961645,0.7358956711357195,2.216719557727727,4.022773149299856,50669,5.0669,50.669,0.7582776670285439,2.284981762028295,4.159814352147401
E02000500,Hillingdon 007,E09000017,Hillingdon,2.897848874292918,8665,40,14,6,6,2990.149029808976,13.80334231879504,4.831169811578264,16.156953260242354,6.924408540103866,6.924408540103866,8.665,3.713572066704308,1.4792018020963826,4.694164467174193,7.667116080962576,51254,5.1254,51.254,1.5054057643133778,4.682687094289577,7.734757694745091
E02000501,Hillingdon 008,E09000017,Hillingdon,1.4365310372841529,8676,16,3,1,2,6039.549285619678,11.13794243544431,2.0883642066458084,3.457814661134164,1.152604887044721,2.305209774089442,8.676,2.833213344056216,0.694998168369609,2.078194220555599,3.9246473402417448,48125,4.8125,48.125,0.6936459136868108,1.996344362873415,3.876822249807718
E02000502,Hillingdon 009,E09000017,Hillingdon,4.166077387008235,9310,19,2,1,1,2234.716049450475,4.56064499887852,0.4800678946187916,2.148227712137486,1.074113856068743,1.074113856068743,9.31,2.995732273553991,0.7917860757011658,2.384468534216441,4.534943619028807,49431,4.9431,49.431,0.8180035830882937,2.4629564638212416,4.7117860166688175
E02000503,Hillingdon 010,E09000017,Hillingdon,1.3798087612389935,8740,12,0,0,0,6334.211120787459,8.69685737407889,0.0,0.0,0.0,0.0,8.74,2.5649493574615367,0.5516283756134274,1.6192643916257063,3.2065953930041107,47880,4.788,47.88,0.5557923571102216,1.589851665623073,3.220029595962161
E02000504,Hillingdon 011,E09000017,Hillingdon,3.0641931294657656,7843,20,2,1,2,2559.564514579865,6.527003734744014,0.6527003734744014,2.550044625780952,1.2750223128904756,2.550044625780952,7.843,3.044522437723423,0.8430615307264121,2.57017922571817,4.484877884559744,50534,5.0534,50.534,0.8543056534015698,2.5543980045468895,4.51667554861882
E02000506,Hillingdon 013,E09000017,Hillingdon,5.485266671643,8287,37,1,1,1,1510.7743152837086,6.745342061722845,0.1823065422087255,1.2067093037287318,1.2067093037287318,1.2067093037287318,8.287,3.6375861597263857,1.3933406922243503,4.4092414706215415,7.14691225374491,50523,5.0523,50.523,1.3890653292423856,4.211288533531345,6.994250850361844
E02000507,Hillingdon 014,E09000017,Hillingdon,2.68779341644532,8511,19,3,1,1,3166.5380039720576,7.068995661552003,1.116157209718737,3.5248501938667607,1.1749500646222537,1.1749500646222537,8.511,2.995732273553991,0.800848579221002,2.423556503262957,4.417357455643231,43376,4.3376,43.376,0.7199276569779658,1.8538873338187287,3.732781756236245
E02000508,Hillingdon 015,E09000017,Hillingdon,2.746655259125005,13045,41,9,2,4,4749.412929293395,14.927246462324966,3.276712638071334,6.899195093905711,1.53315446531238,3.06630893062476,13.045,3.737669618283368,1.4187654094588789,4.390677970469353,9.018648458650215,48231,4.8231,48.231,1.5255703941575098,4.881171828603776,9.931839354848284
E02000509,Hillingdon 016,E09000017,Hillingdon,2.0139973204112294,11478,27,8,2,4,5699.113838769337,13.4061747383492,3.9721999224738367,6.969855375500958,1.7424638438752396,3.484927687750479,11.478,3.332204510175204,1.024586867682309,3.114894001584437,6.291372955655356,44320,4.432,44.32,0.9983987788625449,2.812802803268778,5.997813573436038
E02000510,Hillingdon 017,E09000017,Hillingdon,2.130653272117396,9540,28,5,3,3,4477.4999878414565,13.141509398276812,2.346698106835145,5.241090146750524,3.144654088050314,3.144654088050314,9.54,3.367295829986474,1.0854511702084613,3.3471321125008777,6.062762661659816,44700,4.47,44.7,1.0109990591427775,2.7528792234414676,5.389429568000669
E02000511,Hillingdon 018,E09000017,Hillingdon,2.3884031953786944,10943,22,3,1,1,4581.722223941728,9.211175082401352,1.2560693294183662,2.7414785707758385,0.9138261902586128,0.9138261902586128,10.943,3.1354942159291497,0.8721160132362981,2.624961510364938,5.3221418207809,42058,4.2058,42.058,0.8092149630060137,2.136181721542614,4.724189612445583
E02000512,Hillingdon 019,E09000017,Hillingdon,1.407368776517525,9468,20,0,0,0,6727.447814657485,14.210916380772042,0.0,0.0,0.0,0.0,9.468,3.044522437723423,0.8237722424551451,2.4865756474128493,4.731020890815028,40664,4.0664,40.664,0.7186276974229348,1.7771048656740418,3.8282894162708647
E02000513,Hillingdon 020,E09000017,Hillingdon,1.4715956809496145,10604,18,3,0,0,7205.783583951051,12.231620568758856,2.038603428126476,2.8291210863824974,0.0,0.0,10.604,2.9444389791664403,0.7438649155040524,2.2148425791453725,4.550880509486512,37768,3.7768,37.768,0.6348364504378986,1.505631948286195,3.574371506251601
E02000514,Hillingdon 021,E09000017,Hillingdon,1.199301003511292,11481,11,5,2,2,9573.076288926744,9.172009335266456,4.169095152393844,4.355021339604564,1.7420085358418256,1.7420085358418256,11.481,2.4849066497880004,0.495303340939604,1.4220911048653442,3.3016233924725324,36833,3.6833,36.833,0.4339862818591101,1.0239122588395304,2.710538908994773
E02000515,Hillingdon 022,E09000017,Hillingdon,3.1523601736629265,15051,28,7,2,3,4774.517875763952,8.882233773263614,2.220558443315904,4.65085376386951,1.3288153611055742,1.9932230416583616,15.051,3.367295829986474,1.003505346249663,2.992035171371432,7.267166006909672,42159,4.2159,42.159,1.0281052611851558,2.9850169849009838,7.498329881969715
E02000516,Hillingdon 023,E09000017,Hillingdon,1.6549523992349713,9182,9,0,0,0,5548.195829828416,5.43822287828967,0.0,0.0,0.0,0.0,9.182,2.302585092994046,0.4376925830064856,1.2588658740456276,2.664620796191969,38107,3.8107,38.107,0.3732791574323844,0.8605045199165604,2.098035273676326
E02000517,Hillingdon 024,E09000017,Hillingdon,1.5472413509984146,11061,23,0,0,0,7148.852370615923,14.865166307220523,0.0,0.0,0.0,0.0,11.061,3.1780538303479458,0.9030250833061708,2.72384740122853,5.518725934323628,38560,3.856,38.56,0.7835027705681935,1.9147207192295688,4.435510999731846
E02000518,Hillingdon 025,E09000017,Hillingdon,2.52325680158098,10305,26,0,0,0,4084.007618068548,10.30414343229328,0.0,0.0,0.0,0.0,10.305,3.295836866004329,1.0098484002506862,3.084578169796187,5.888094819063543,39034,3.9034,39.034,0.8621590742884222,2.0962460562324705,4.6108477692791086
E02000519,Hillingdon 026,E09000017,Hillingdon,1.816530865701648,9972,22,2,0,0,5489.584673887855,12.110997074361492,1.1009997340328628,2.005615724027276,0.0,0.0,9.972,3.1354942159291497,0.8842616460206801,2.6773467878623918,5.154909145347855,36124,3.6124,36.124,0.7123990136528144,1.6067014577114827,3.708683223285253
E02000520,Hillingdon 027,E09000017,Hillingdon,4.360590411556124,16445,39,8,3,4,3771.2783013095295,8.943743007058172,1.834613950165779,4.8647005168744295,1.824262693827912,2.4323502584372148,16.445,3.688879454113936,1.29628888451441,3.9162998732476337,9.71773536704228,36189,3.6189,36.189,1.2078693977058406,3.1623714406637653,8.709652343577883
E02000521,Hillingdon 028,E09000017,Hillingdon,2.45399999256816,13930,26,3,0,1,5676.446634957801,10.594947057351243,1.2224938912328358,2.1536252692031588,0.0,0.7178750897343863,13.93,3.295836866004329,0.9590300706074102,2.8652206252039667,6.633429335706619,40713,4.0713,40.713,0.9305942541468847,2.5483635172031764,6.31008174926654
E02000522,Hillingdon 029,E09000017,Hillingdon,1.569637256810467,10337,21,0,0,0,6585.598013266442,13.3788873250068,0.0,0.0,0.0,0.0,10.337,3.091042453358316,0.8467642628825277,2.55044333708925,5.043595251739812,40716,4.0716,40.716,0.7548698772541731,1.90599559947195,4.217784602596745
E02000523,Hillingdon 030,E09000017,Hillingdon,1.6459989387391352,13933,43,1,0,0,8464.768519640073,26.123953659981563,0.6075338060460829,0.7177205196296562,0.0,0.0,13.933,3.784189633918261,1.457969455659177,4.501711581456624,9.620510796155134,38991,3.8991,38.991,1.3371839888127692,3.532802072312115,8.384299905761383
E02000524,Hillingdon 031,E09000017,Hillingdon,20.508731405719004,10118,192,15,1,7,493.3508465169389,9.361866231592437,0.731395799343159,14.825064241945048,0.98833761612967,6.918363312907689,10.118,5.262690188904886,5.472173574846357,19.108858501573327,26.146669990552606,42611,4.2611,42.611,4.546207644871991,12.11674810838163,19.323707334331846
E02000525,Hillingdon 032,E09000017,Hillingdon,4.067573329124642,11443,32,1,0,0,2813.225251052224,7.867098491101212,0.2458468278469128,0.8738967054094207,0.0,0.0,11.443,3.49650756146648,1.1802555076465724,3.628927614227184,7.121203382324524,36692,3.6692,36.692,0.9825989324619636,2.3256393095609385,5.372725085253868
E02000526,Hounslow 001,E09000018,Hounslow,0.9242674446169872,8453,30,8,2,5,9145.621269288446,32.45813771189559,8.655503389838822,9.464095587365431,2.366023896841358,5.915059742103396,8.453,3.4339872044851463,1.1672936189792975,3.639819856276712,6.154495792439607,62306,6.2306,62.306,1.48487600920384,5.90887029130056,8.650221158643292
E02000529,Hounslow 004,E09000018,Hounslow,1.1816969563272284,10328,9,1,0,0,8739.97342948223,7.61616584676027,0.8462406496400301,0.9682416731216112,0.0,0.0,10.328,2.302585092994046,0.4306060465579747,1.229847109290087,2.76694011258576,39459,3.9459,39.459,0.3885769582632284,0.9477390166927084,2.3722556945553888
E02000530,Hounslow 005,E09000018,Hounslow,2.7226671517043424,8230,30,7,1,2,3022.771253859717,11.018607243717074,2.571008356867317,8.50546780072904,1.2150668286755772,2.4301336573511545,8.23,3.4339872044851463,1.1710072163665517,3.6563752582871,6.109534800822762,37149,3.7149,37.149,0.9066302415001066,2.0182070112017403,4.123000744614856
E02000531,Hounslow 006,E09000018,Hounslow,2.6372351812763712,12289,42,3,0,2,4659.804361495117,15.925769646252332,1.1375549747323097,2.441207584018228,0.0,1.6274717226788185,12.289,3.7612001156935615,1.463367420370084,4.556893834994244,8.956199517313157,50330,5.033,50.33,1.6052673051471698,5.3002063758544296,10.144586574891276
E02000532,Hounslow 007,E09000018,Hounslow,2.5112433917673207,8952,22,0,0,0,3564.767966875529,8.76060045478794,0.0,0.0,0.0,0.0,8.952,3.1354942159291497,0.8972023984549325,2.733501879502148,4.984893569136141,57639,5.7639,57.639,1.070619837348673,3.863043093608348,6.396642984334444
E02000533,Hounslow 008,E09000018,Hounslow,1.2199963355770254,8327,6,1,0,1,6825.430337101426,4.918047558857758,0.8196745931429598,1.200912693647172,0.0,1.200912693647172,8.327,1.9459101490553128,0.3262719027669947,0.9208841152030368,1.974845938865452,57349,5.7349,57.349,0.40265320061663934,1.411283671221789,2.6886873698043856
E02000534,Hounslow 009,E09000018,Hounslow,4.8665213841394,8659,39,2,0,0,1779.2996920183605,8.013937866810956,0.4109711726569721,2.3097355352812103,0.0,0.0,8.659,3.688879454113936,1.44832278748624,4.588687949126075,7.5228883054439795,46651,4.6651,46.651,1.348761758700463,3.774642803465439,6.658019592829
E02000535,Hounslow 010,E09000018,Hounslow,1.550014356571068,10400,24,3,0,1,6709.61527285903,15.483727552751608,1.935465944093951,2.884615384615385,0.0,0.9615384615384616,10.4,3.218875824868201,0.9440540321115174,2.86700950423654,5.570486311125501,37231,3.7231,37.231,0.78289831757668,1.8294057740452145,4.182277834814059
E02000536,Hounslow 011,E09000018,Hounslow,1.6064106682265742,11508,29,2,0,0,7163.797046184001,18.05266895545152,1.2450116521001044,1.7379214459506431,0.0,0.0,11.508,3.4011973816621555,1.086591620054009,3.3182044195898346,6.637099154407064,40020,4.002,40.02,0.9712638243489192,2.482691575159502,5.56698602962639
E02000537,Hounslow 012,E09000018,Hounslow,1.888268234314812,9904,22,1,1,1,5245.017535124624,11.650887093370532,0.5295857769713878,1.0096930533117934,1.0096930533117934,1.0096930533117934,9.904,3.1354942159291497,0.8851185259485825,2.681054305589317,5.1433965232697,42083,4.2083,42.083,0.799546923928927,2.063710364218371,4.38134306756822
E02000538,Hounslow 013,E09000018,Hounslow,2.3556059672992347,10414,23,5,0,1,4420.943122308325,9.763941983204482,2.122596083305322,4.801229114653351,0.0,0.9602458229306702,10.414,3.1780538303479458,0.9113854765708668,2.759948336244618,5.402564597422294,37152,3.7152,37.152,0.7563652487170509,1.764244400587143,4.062178672964749
E02000539,Hounslow 014,E09000018,Hounslow,1.646158216162674,12165,39,2,0,1,7389.933653131826,23.691525891668,1.214950045726564,1.6440608302507191,0.0,0.8220304151253596,12.165,3.688879454113936,1.3777725604287976,4.272701307805384,8.442064406984514,49855,4.9855,49.855,1.4976271969119461,4.875349031879383,9.43831063543221
E02000540,Hounslow 015,E09000018,Hounslow,1.253868176362117,12897,33,10,0,3,10285.770261287298,26.318556146582992,7.975320044419089,7.753741180119407,0.0,2.3261223540358222,12.897,3.5263605246161616,1.186051004197378,3.621799270166776,7.641581532389589,43005,4.3005,43.005,1.1586885194295802,3.2735084127320824,7.315703063174781
E02000541,Hounslow 016,E09000018,Hounslow,1.054487551403107,11030,20,6,2,3,10460.05710102829,18.966558660069428,5.689967598020829,5.439709882139619,1.8132366273798728,2.7198549410698094,11.03,3.044522437723423,0.8056469147054177,2.4087777805288475,4.980345803181178,38143,3.8143,38.143,0.6971327812165126,1.684689640222317,3.9914120488645937
E02000542,Hounslow 017,E09000018,Hounslow,1.045831686516682,12729,26,9,1,2,12171.17454377011,24.86059691554897,8.60559123999772,7.070469007777516,0.785607667530835,1.57121533506167,12.729,3.295836866004329,0.975576911942692,2.9361111624617773,6.376588422523334,38643,3.8643,38.643,0.8809427022851299,2.240202104820487,5.444464887180056
E02000543,Hounslow 018,E09000018,Hounslow,1.1443257664427646,15103,37,13,1,4,13198.164755958418,32.333450041082,11.360401365785568,8.607561411640072,0.6621201085876979,2.6484804343507915,15.103,3.6375861597263857,1.2644279742588656,3.83816947421811,8.94226953709095,41478,4.1478,41.478,1.2639771255207504,3.62426434631651,8.877385387664836
E02000544,Hounslow 019,E09000018,Hounslow,1.3857792481348414,8528,17,1,0,0,6153.938306897055,12.267466137107167,0.7216156551239511,1.172607879924953,0.0,0.0,8.528,2.8903717578961645,0.7314647779530327,2.1976748868082456,4.079247586500028,42626,4.2626,42.626,0.6515024480713042,1.6485023997459762,3.403557078152041
E02000545,Hounslow 020,E09000018,Hounslow,1.3792724548151574,9286,22,5,0,3,6732.534944478725,15.950438162667666,3.6250995824244696,5.384449709239716,0.0,3.230669825543829,9.286,3.1354942159291497,0.8929442168033495,2.714985336629061,5.039938705988066,46445,4.6445,46.445,0.8640956036047787,2.430960380343071,4.748206400723034
E02000546,Hounslow 021,E09000018,Hounslow,2.460037330335441,10570,18,0,0,0,4296.682765606129,7.316962136320749,0.0,0.0,0.0,0.0,10.57,2.9444389791664403,0.7442252435678516,2.2163755757931645,4.545795856085548,39310,3.931,39.31,0.6539517869851189,1.605485978512395,3.72743225019384
E02000547,Hounslow 022,E09000018,Hounslow,3.264613980787496,11953,31,3,0,0,3661.3823472987374,9.49576280149426,0.91894478724138,2.5098301681586213,0.0,0.0,11.953,3.4657359027997265,1.1411882795378985,3.4906414541814583,7.073997028502781,37832,3.7832,37.832,0.9859637025685978,2.422051470206668,5.643413007356064
E02000548,Hounslow 023,E09000018,Hounslow,3.5283563413737813,10987,32,2,0,2,3113.9145077739404,9.069378742947674,0.5668361714342296,1.820333120961136,0.0,1.820333120961136,10.987,3.49650756146648,1.1879463155132537,3.662759712812815,7.015230120932035,39972,3.9972,39.972,1.0417796640627208,2.6312205235444717,5.711249727864025
E02000549,Hounslow 024,E09000018,Hounslow,2.454674322814326,14486,40,2,0,0,5901.3938693877535,16.295440754901986,0.8147720377450992,1.3806433798149935,0.0,0.0,14.486,3.713572066704308,1.3615048466932036,4.1697725388645885,9.284386427124227,42165,4.2165,42.165,1.3523706119562762,3.887714063119441,9.116039396555543
E02000550,Hounslow 025,E09000018,Hounslow,0.9451662621155584,11092,9,10,2,4,11735.501408157395,9.522134211451188,10.580149123834651,9.015506671474936,1.8031013342949875,3.606202668589975,11.092,2.302585092994046,0.4259455463175502,1.2108738511685502,2.8373265611588807,39886,3.9886,39.886,0.39544677530133543,0.9906307377143411,2.539763100091003
E02000551,Hounslow 026,E09000018,Hounslow,2.130072822470136,10099,31,2,1,1,4741.1524589514775,14.55349304163737,0.9389350349443464,1.9803940984255863,0.9901970492127932,0.9901970492127932,10.099,3.4657359027997265,1.1717258111221849,3.6248569674352633,6.655652156042418,38815,3.8815,38.815,0.9828678026080103,2.369817504209337,5.068687561868782
E02000552,Hounslow 027,E09000018,Hounslow,3.060073532425657,9928,19,1,0,0,3244.366481654537,6.209001123230883,0.3267895328016254,1.0072522159548751,0.0,0.0,9.928,2.995732273553991,0.7848469266088199,2.3546681980023787,4.628035102018979,44663,4.4663,44.663,0.7509280289013475,2.0551892036371866,4.29718459815654
E02000553,Hounslow 028,E09000018,Hounslow,2.522072240853732,7293,27,1,0,0,2891.6697475450947,10.705482405555678,0.396499348353914,1.371177841766077,0.0,0.0,7.293,3.332204510175204,1.087519009243596,3.391800176445577,5.48258760494278,41483,4.1483,41.483,0.8982445117776274,2.1610781534972068,4.068625367090386
E02000554,Islington 001,E09000019,Islington,0.6371621061030985,9194,17,3,0,2,14429.608904758576,26.680808285936024,4.70837793281224,3.262997607135088,0.0,2.1753317380900588,9.194,2.8903717578961645,0.7245587346772576,2.1680901903475998,4.169560071163097,39965,3.9965,39.965,0.6235303424829833,1.5065903544655594,3.3099158219076195
E02000555,Islington 002,E09000019,Islington,0.5959101398626397,9696,10,4,2,2,16270.909574109572,16.781053603660865,6.712421441464346,4.125412541254126,2.062706270627063,2.062706270627063,9.696,2.3978952727983707,0.4715168578630275,1.3606218243405213,2.913924849588996,50869,5.0869,50.869,0.5204646453340154,1.6264922282555125,3.3580534129890314
E02000556,Islington 003,E09000019,Islington,0.6510133533233052,11634,16,15,2,10,17870.601179853744,24.577068839406905,23.04100203694397,12.89324394017535,1.7190991920233798,8.5954959601169,11.634,2.833213344056216,0.6663243910796556,1.9567861229604644,4.325531716015836,53171,5.3171,53.171,0.7931297697982725,2.736112069376096,5.567326937202056
E02000557,Islington 004,E09000019,Islington,0.7087243859951545,9105,37,12,4,8,12847.025134058602,52.20647226360991,16.931828842251864,13.17957166392092,4.393190554640308,8.786381109280615,9.105,3.6375861597263857,1.3772007130312842,4.336450646989283,7.341741839589652,47997,4.7997,47.997,1.335372316544412,3.8910481694406243,6.904727420542062
E02000558,Islington 005,E09000019,Islington,0.4803721470379409,9798,21,6,1,5,20396.686320004585,43.71610662585184,12.49031617881481,6.12369871402327,1.0206164523372117,5.103082261686059,9.798,3.091042453358316,0.8532901474584821,2.578572553187762,4.954998851708133,38947,3.8947,38.947,0.7245524920887068,1.7359369871923884,3.8531608480544355
E02000559,Islington 006,E09000019,Islington,0.5770230823694259,9476,10,7,0,5,16422.21999350315,17.33032924599319,12.131230472195234,7.387083157450401,0.0,5.276487969607429,9.476,2.3978952727983707,0.4729967172939841,1.3667270514613157,2.892922834793521,62206,6.2206,62.206,0.6475480327219291,2.6105494645378444,4.580611923940244
E02000560,Islington 007,E09000019,Islington,0.5035027403815906,7638,9,7,3,3,15169.728757010089,17.874778582494212,13.902605564162164,9.164702801780573,3.9277297721916735,3.9277297721916735,7.638,2.302585092994046,0.4474249997081392,1.2990483523749663,2.5327236866572376,53422,5.3422,53.422,0.49395659595285984,1.5624042400046723,2.9128709031177777
E02000561,Islington 008,E09000019,Islington,0.6134812387091926,7500,10,2,0,0,12225.31273455163,16.300416979402172,3.2600833958804345,2.666666666666667,0.0,0.0,7.5,2.3978952727983707,0.4864984970714682,1.4228059008512917,2.710943645480616,56034,5.6034,56.034,0.5606107624688994,1.8780292583074727,3.3180779443633974
E02000562,Islington 009,E09000019,Islington,0.6478479071902732,7699,15,3,0,1,11883.962137642286,23.15358255158258,4.630716510316516,3.896609949344071,0.0,1.2988699831146902,7.699,2.772588722239781,0.669024053725592,2.004281193651756,3.6292011125654353,54251,5.4251,54.251,0.7354760447899531,2.3821343811239593,4.13111638839486
E02000563,Islington 010,E09000019,Islington,0.5798683416937417,8831,17,2,1,1,15229.319079923329,29.316999700905512,3.449058788341825,2.2647491790284224,1.1323745895142112,1.1323745895142112,8.831,2.8903717578961645,0.7283147156189327,2.184165458335868,4.12009058076339,43091,4.3091,43.091,0.6598403954598319,1.698858953373583,3.5268226322595253
E02000564,Islington 011,E09000019,Islington,0.808023496167963,13290,23,7,0,5,16447.541517081605,28.46451880307577,8.663114418327407,5.2671181339352895,0.0,3.762227238525207,13.29,3.1780538303479458,0.8748052888538155,2.603052304797005,5.938378964474556,51588,5.1588,51.588,1.037643038588162,3.5903641520783154,7.599682352972856
E02000565,Islington 012,E09000019,Islington,0.5128186644930068,8614,15,3,0,2,16797.36054169586,29.250105424360097,5.85002108487202,3.482702577199907,0.0,2.321801718133272,8.614,2.772588722239781,0.660361303896435,1.9673058849017888,3.740044841827713,47596,4.7596,47.596,0.6531009804850569,1.8536674712428394,3.646710261498326
E02000566,Islington 013,E09000019,Islington,0.7003713722270755,8620,16,15,1,13,12307.756058888726,22.845022847125247,21.41720891917992,17.40139211136891,1.160092807424594,15.08120649651972,8.62,2.833213344056216,0.6955527491758451,2.080563906631065,3.917427648853987,66969,6.6969,66.969,1.00107020513484,4.42978355475911,6.6441794204342255
E02000567,Islington 014,E09000019,Islington,0.664221627221508,10319,25,4,0,2,15535.477282131264,37.63803973769567,6.022086358031308,3.876344607035565,0.0,1.9381723035177827,10.319,3.258096538021482,0.97748365051385,2.977871669663089,5.724008204698687,51379,5.1379,51.379,1.0639896046932729,3.4320410062479345,6.419043173885498
E02000568,Islington 015,E09000019,Islington,0.9030076936558512,11784,25,10,1,7,13049.72270202057,27.685256920444186,11.074102768177674,8.486082824168363,0.8486082824168364,5.940257976917854,11.784,3.258096538021482,0.9572979534760554,2.8904024949897025,6.0064762670614,43195,4.3195,43.195,0.9231515191561006,2.5506012196728993,5.644972437593965
E02000569,Islington 016,E09000019,Islington,0.7001946313341701,10008,20,11,3,6,14293.168716433143,28.56348664355145,15.709917653953298,10.991207034372502,2.997601918465228,5.995203836930456,10.008,3.044522437723423,0.817460464434952,2.4593999603043493,4.815770857960279,50638,5.0638,50.638,0.8786430235467719,2.763101171755427,5.308252790270116
E02000570,Islington 017,E09000019,Islington,0.6010673805962442,8274,9,7,0,3,13765.51160003458,14.973362871683737,11.64594890019846,8.460236886632826,0.0,3.625815808556925,8.274,2.302585092994046,0.4433901101174995,1.2823434419065494,2.5862445939196266,65068,6.5068,65.068,0.6246862839320345,2.6163247077184373,4.268129305704974
E02000571,Islington 018,E09000019,Islington,0.4993533759954854,8916,15,7,3,6,17855.091060965628,30.03884767995564,14.018128917312628,7.8510542844324815,3.364737550471064,6.729475100942127,8.916,2.772588722239781,0.6575268150599861,1.955252357743032,3.777367406585879,46020,4.602,46.02,0.635637510061059,1.7518753573084016,3.5627580738496794
E02000572,Islington 019,E09000019,Islington,0.4585338676298203,9036,16,1,0,1,19706.28701148607,34.893823836186044,2.180863989761628,1.1066843736166443,0.0,1.1066843736166443,9.036,2.833213344056216,0.6914435490118719,2.063024836870444,3.9713784101761096,41264,4.1264,41.264,0.6094011286803008,1.5109675036632015,3.266536526354967
E02000573,Islington 020,E09000019,Islington,0.7237437190026134,10678,25,30,5,21,14753.8413386375,34.542614109939834,41.4511369319278,28.0951489042892,4.682524817381532,19.66660423300244,10.678,3.258096538021482,0.9724980901170792,2.956195420074363,5.791973956938448,58851,5.8851,58.851,1.2362499581744157,4.769520724545228,8.172625729841167
E02000574,Islington 021,E09000019,Islington,0.6083489980803637,8625,31,8,1,6,14177.717111750098,50.95759193788441,13.150346306550816,9.27536231884058,1.1594202898550725,6.956521739130436,8.625,3.4657359027997265,1.196586342641645,3.7352362095439378,6.340778504847878,50155,5.0155,50.155,1.2046075473449338,3.64420900074684,6.3081303675897
E02000575,Islington 022,E09000019,Islington,0.929601987744362,12123,54,25,3,20,13041.065057762971,58.08937664927827,26.893229930221423,20.62195826115648,2.4746349913387773,16.497566608925183,12.123,4.007333185232471,1.8116595293811308,5.741764466454431,10.742582583078638,52977,5.2977,52.977,2.0596386178086057,7.211407881870468,12.796520685026385
E02000576,Islington 023,E09000019,Islington,0.755678786703388,12166,38,20,3,14,16099.4330052238,50.28591601171333,26.46627158511228,16.43925694558606,2.465888541837909,11.50747986191024,12.166,3.6635616461296463,1.3481532129590543,4.173684860529173,8.281224242362654,44731,4.4731,44.731,1.3276653341979698,3.8430414047871913,8.004086642070124
E02000577,Kensington and Chelsea 001,E09000020,Kensington and Chelsea,0.8714157593432055,7865,22,9,3,6,9025.542533139322,25.24627281997013,10.328020699078689,11.44310235219326,3.814367450731087,7.628734901462174,7.865,3.1354942159291497,0.9112016973254644,2.7946425775051567,4.809877729365145,33264,3.3264,33.264,0.6568745590546493,1.324165997773158,2.9271998865530704
E02000578,Kensington and Chelsea 002,E09000020,Kensington and Chelsea,0.5134832169057966,5972,11,2,0,2,11630.370386761097,21.42231651948628,3.8949666399065954,3.348961821835231,0.0,3.348961821835231,5.972,2.4849066497880004,0.5357343413744394,1.590801178521864,2.754619250465694,32466,3.2466,32.466,0.3729794591401994,0.7045858671493924,1.596892523844969
E02000579,Kensington and Chelsea 003,E09000020,Kensington and Chelsea,0.610621189234863,8824,15,1,1,1,14450.857840450784,24.565148187529665,1.6376765458353106,1.1332728921124209,1.1332728921124209,1.1332728921124209,8.824,2.772588722239781,0.6583890106754313,1.958916450220333,3.76595834046398,41705,4.1705,41.705,0.5836843363365486,1.4543933954615411,3.1252087841425347
E02000580,Kensington and Chelsea 004,E09000020,Kensington and Chelsea,0.3962690956707648,7450,10,16,2,15,18800.355822321657,25.235376942713632,40.37660310834181,21.47651006711409,2.684563758389261,20.134228187919465,7.45,2.3978952727983707,0.4868450951054661,1.4242543584957066,2.706490536859424,40771,4.0771,40.771,0.4160195086646382,0.9815604237626633,2.1298587146482597
E02000581,Kensington and Chelsea 005,E09000020,Kensington and Chelsea,0.4314432517581185,7190,9,1,0,1,16664.995849861974,20.86021733640581,2.3178019262673124,1.3908205841446457,0.0,1.3908205841446457,7.19,2.302585092994046,0.4502892078418893,1.3109457975937289,2.495689665462156,34513,3.4513,34.513,0.3397634623212931,0.6901684294457993,1.6350046021994042
E02000582,Kensington and Chelsea 006,E09000020,Kensington and Chelsea,0.4879835946371834,6406,21,17,4,11,13127.490494353342,43.03423359060571,34.83723671620462,26.53762098033094,6.2441461130190445,17.171401810802372,6.406,3.091042453358316,0.8955284117520761,2.7628532384902447,4.432077823922011,60247,6.0247,60.247,1.053804994871977,3.813275359519918,5.551968912390202
E02000583,Kensington and Chelsea 007,E09000020,Kensington and Chelsea,0.5757174297148645,6148,18,19,7,12,10678.849870925254,31.265337943502697,33.00230116258618,30.904359141184123,11.385816525699417,19.518542615484712,6.148,2.9444389791664403,0.7926081460795712,2.425073719388462,3.9306631525000304,68266,6.8266,68.266,1.090692100777335,4.710064029016427,6.209727439470544
E02000584,Kensington and Chelsea 008,E09000020,Kensington and Chelsea,0.911781389321308,7312,19,18,3,15,8019.466163312181,20.838328378409663,19.74157425323021,24.61706783369803,4.102844638949672,20.51422319474836,7.312,2.995732273553991,0.8146429933287653,2.483418424355609,4.24660026394369,63585,6.3585,63.585,1.0524524567566957,4.191488321463739,6.119775184301646
E02000585,Kensington and Chelsea 009,E09000020,Kensington and Chelsea,0.907881153432617,7929,17,2,0,1,8733.521970382537,18.72491783282925,2.202931509744618,2.522386177323748,0.0,1.261193088661874,7.929,2.8903717578961645,0.737732275482157,2.224628010490592,3.9996926890243847,58165,5.8165,58.165,0.8758077913586337,3.121090955153518,5.096688668815538
E02000586,Kensington and Chelsea 010,E09000020,Kensington and Chelsea,0.5251703680027879,6597,18,16,5,12,12561.63790255009,34.27459182141907,30.4663038412614,24.253448537213885,7.579202667879339,18.190086402910413,6.597,2.9444389791664403,0.7875552914441999,2.403016140660248,3.989122182107808,64845,6.4845,64.845,1.0258211164234619,4.137248067397692,5.814996946609132
E02000587,Kensington and Chelsea 011,E09000020,Kensington and Chelsea,0.5222978051860213,6688,12,12,0,9,12804.955206767536,22.97539809826711,22.97539809826711,17.942583732057418,0.0,13.456937799043065,6.688,2.5649493574615367,0.5679892344114315,1.6883143821566589,2.9973852082871457,69133,6.9133,69.133,0.8207485793860133,3.649059971390395,5.110980726969653
E02000588,Kensington and Chelsea 012,E09000020,Kensington and Chelsea,0.7670557322302831,5860,20,15,3,11,7639.601340259235,26.07372471078237,19.55529353308678,25.59726962457338,5.119453924914676,18.77133105802048,5.86,3.044522437723423,0.8672133412318255,2.676018688649185,4.201789639179461,62568,6.2568,62.568,1.0548273090628737,3.975456408118469,5.524890334013668
E02000589,Kensington and Chelsea 013,E09000020,Kensington and Chelsea,0.3706138548117494,7676,9,4,1,3,20711.584039131423,24.28403548100349,10.792904658223774,5.211047420531527,1.3027618551328817,3.908285565398645,7.676,2.302585092994046,0.4471828933212861,1.2980441756020622,2.535890135545315,43987,4.3987,43.987,0.4111190471907385,1.0486467385843568,2.2258392684331048
E02000590,Kensington and Chelsea 014,E09000020,Kensington and Chelsea,0.4604241389224184,6168,29,21,7,16,13396.343672240237,62.98540312823717,45.6101195066545,34.04669260700389,11.348897535667964,25.94033722438392,6.168,3.4011973816621555,1.1724630363200284,3.69911643294572,5.568338040472765,50323,5.0323,50.323,1.1135069259505121,3.200587544191207,5.066880395738324
E02000591,Kensington and Chelsea 015,E09000020,Kensington and Chelsea,0.3605273418182357,6430,11,3,1,2,17834.98573942212,30.510862073661485,8.321144201907678,4.665629860031104,1.5552099533437014,3.1104199066874028,6.43,2.4849066497880004,0.5322508151099877,1.576043154120445,2.796414883486128,46439,4.6439,46.439,0.4925366638032308,1.2942942405381628,2.469702092696291
E02000592,Kensington and Chelsea 016,E09000020,Kensington and Chelsea,0.5674384104231249,5989,28,21,4,18,10554.449416870017,49.344562309627726,37.0084217322208,35.06428452162297,6.678911337451996,30.05510101853398,5.989,3.367295829986474,1.1417643803938795,3.59796185857908,5.394658291666793,58839,5.8839,58.839,1.276298203403951,4.439454369937654,6.244974733065753
E02000593,Kensington and Chelsea 017,E09000020,Kensington and Chelsea,0.4981520618623763,7512,18,2,0,0,15079.732826791607,36.13354511212047,4.014838345791163,2.6624068157614484,0.0,0.0,7.512,2.9444389791664403,0.7773577590409654,2.3586849040984856,4.1109586870115375,47774,4.7774,47.774,0.7434537544405884,2.070067262997067,3.802551068824542
E02000594,Kensington and Chelsea 018,E09000020,Kensington and Chelsea,0.9032552388952784,6797,30,7,2,6,7525.004790797599,33.2132034315033,7.749747467350771,10.298661174047371,2.9424746211563924,8.827423863469177,6.797,3.4339872044851463,1.1951543420318833,3.764571937042133,5.828349280740897,54506,5.4506,54.506,1.2501509242986015,4.0110347628649965,6.12064373323696
E02000595,Kensington and Chelsea 019,E09000020,Kensington and Chelsea,0.6649965411324585,6416,22,12,1,6,9648.170483825144,33.08287884104632,18.04520664057072,18.703241895261844,1.5586034912718203,9.351620947630922,6.416,3.1354942159291497,0.9302033879377188,2.8782765420095884,4.586094412365589,58920,5.892,58.92,1.0647026132626536,3.739443722294914,5.512532221383756
E02000596,Kensington and Chelsea 020,E09000020,Kensington and Chelsea,0.5474642889389314,6895,10,7,1,5,12594.428786147044,18.266031597022543,12.78622211791578,10.152284263959393,1.45032632342277,7.25163161711385,6.895,2.3978952727983707,0.4907089555840059,1.4404316034038125,2.6575495541803487,59842,5.9842,59.842,0.5994521670047728,2.1618414678358584,3.542349938296945
E02000597,Kensington and Chelsea 021,E09000020,Kensington and Chelsea,0.4976663715206924,6394,12,2,1,1,12847.964752897,24.11253941738568,4.018756569564279,3.127932436659368,1.563966218329684,1.563966218329684,6.394,2.5649493574615367,0.5703727445993729,1.6984457865936111,2.968550057704844,42094,4.2094,42.094,0.4826556094261379,1.1479757413937326,2.295559680813752
E02000598,Kingston upon Thames 001,E09000021,Kingston upon Thames,1.3304518931610996,8261,26,1,0,0,6209.168510687147,19.542232329968023,0.7516243203833854,1.210507202517855,0.0,0.0,8.261,3.295836866004329,1.0396812232416004,3.215589717103467,5.505381597623587,57270,5.727,57.27,1.2005246432830388,4.234798595961837,6.713293710239478
E02000599,Kingston upon Thames 002,E09000021,Kingston upon Thames,4.155587593307844,7074,33,3,1,2,1702.2863412606114,7.941115247610995,0.7219195679646359,4.240882103477524,1.413627367825841,2.827254735651682,7.074,3.5263605246161616,1.288617345705763,4.077443855325055,6.310060492453944,56488,5.6488,56.488,1.4051859291005504,4.749987605405068,7.043745806856389
E02000600,Kingston upon Thames 003,E09000021,Kingston upon Thames,1.1053630314548382,8780,23,2,0,1,7943.09177179925,20.807643593551564,1.8093603124827449,2.277904328018223,0.0,1.1389521640091116,8.78,3.1780538303479458,0.9328458751746423,2.85326577710266,5.119967559211105,55025,5.5025,55.025,1.0509543061770945,3.5592776864557893,6.03125513785516
E02000601,Kingston upon Thames 004,E09000021,Kingston upon Thames,1.0709967854580835,12002,10,3,0,0,11206.382841631535,9.337096185328724,2.801128855598617,2.4995834027662056,0.0,0.0,12.002,2.3978952727983707,0.456281115671953,1.2982461070395033,3.14345286969394,59539,5.9539,59.539,0.6337040213856865,2.542055216396171,5.103488439838146
E02000602,Kingston upon Thames 005,E09000021,Kingston upon Thames,1.0774035774178752,10624,22,3,0,0,9860.743200297951,20.41946069338808,2.784471912734738,2.823795180722892,0.0,0.0,10.624,3.1354942159291497,0.8760876717646862,2.642057459396637,5.266611361513316,46436,4.6436,46.436,0.8779714481099753,2.5439468285257663,5.235472602827321
E02000603,Kingston upon Thames 006,E09000021,Kingston upon Thames,1.323558337297853,9291,16,1,0,0,7019.71325190569,12.08862469384254,0.7555390433651588,1.0763104079216446,0.0,0.0,9.291,2.833213344056216,0.6889366988628556,2.05234689750904,4.0048158561580856,44678,4.4678,44.678,0.6533635216775021,1.7616103758879647,3.6720213074636865
E02000604,Kingston upon Thames 007,E09000021,Kingston upon Thames,1.5332137965715764,9157,17,9,1,3,5972.422124348211,11.087820914482863,5.870022837079163,9.828546467183576,1.0920607185759528,3.2761821557278585,9.157,2.8903717578961645,0.7249406874749087,2.169723286483599,4.164490659627785,52560,5.256,52.56,0.7968031070613106,2.566611885058749,4.744702909699255
E02000605,Kingston upon Thames 008,E09000021,Kingston upon Thames,1.438040520547756,8330,13,2,0,1,5792.604506601154,9.040079061922569,1.3907813941419336,2.4009603841536618,0.0,1.2004801920768309,8.33,2.6390573296152584,0.5912778203723971,1.748726396025998,3.3472238582785114,50833,5.0833,50.833,0.6221342840115873,1.8878449895460803,3.578932762324456
E02000606,Kingston upon Thames 009,E09000021,Kingston upon Thames,1.498266548362181,11519,85,28,5,16,7688.218102841519,56.73222838280485,18.688263467276894,24.30766559597188,4.340654570709263,13.890094626269642,11.519,4.454347296253507,2.681309889961047,8.790580601760889,14.799165158843604,53181,5.3181,53.181,2.9498713695323286,10.271350419794011,16.713081716627798
E02000607,Kingston upon Thames 010,E09000021,Kingston upon Thames,1.4403833761863991,7220,17,1,0,0,5012.5543791791615,11.80241335817808,0.694259609304593,1.3850415512465375,0.0,0.0,7.22,2.8903717578961645,0.7452201697537332,2.256958303478034,3.907531019726101,59568,5.9568,59.568,0.8924553306066186,3.232939086371583,5.038474032273791
E02000608,Kingston upon Thames 011,E09000021,Kingston upon Thames,0.8212026469731837,7288,26,13,2,7,8874.788734379212,31.6608818734714,15.830440936735696,17.837541163556534,2.7442371020856204,9.60482985729967,7.288,3.295836866004329,1.0541905044093658,3.279895409349318,5.332040505546212,55852,5.5852,55.852,1.1541789049358129,3.8570419754572964,6.001522257743663
E02000609,Kingston upon Thames 012,E09000021,Kingston upon Thames,1.474050963034377,7565,23,1,0,0,5132.1156389513335,15.60325970864252,0.6784025960279356,1.3218770654329148,0.0,0.0,7.565,3.1780538303479458,0.9491301892277664,2.92469366630771,4.919461600813288,44079,4.4079,44.079,0.8365909100391739,2.146561243634942,4.025692128939248
E02000610,Kingston upon Thames 013,E09000021,Kingston upon Thames,1.1130393264548222,8349,16,3,1,1,7501.082667575342,14.375053620937296,2.695322553925743,3.5932446999640675,1.1977482333213558,1.1977482333213558,8.349,2.833213344056216,0.698242783085146,2.092069727772281,3.882676707858944,53135,5.3135,53.135,0.7618437328986645,2.441313339264997,4.372770515883779
E02000611,Kingston upon Thames 014,E09000021,Kingston upon Thames,1.7991254733833943,7563,17,2,0,1,4203.709030797721,9.449035240455013,1.1116512047594131,2.644453259288642,0.0,1.322226629644321,7.563,2.8903717578961645,0.7415882336610438,2.241259303390773,3.951848752064184,49693,4.9693,49.693,0.739150257357752,2.1521215125569215,3.8874413275577537
E02000612,Kingston upon Thames 015,E09000021,Kingston upon Thames,1.887059275029448,8352,20,2,1,1,4425.934103140276,10.598501204837827,1.059850120483783,2.3946360153256703,1.1973180076628351,1.1973180076628351,8.352,3.044522437723423,0.8369714419951435,2.543694039296547,4.56056768300751,48403,4.8403,48.403,0.8245622629894409,2.374754031580488,4.409017567845283
E02000613,Kingston upon Thames 016,E09000021,Kingston upon Thames,1.2033624585551783,8440,15,0,0,0,7013.680657890488,12.465072259284042,0.0,0.0,0.0,0.0,8.44,2.772588722239781,0.661999964759182,1.9742843424513397,3.718708789663769,54341,5.4341,54.341,0.7433694397764699,2.452686360805682,4.372722353577909
E02000614,Kingston upon Thames 017,E09000021,Kingston upon Thames,2.952781583258425,9799,26,2,0,0,3318.5658077651315,8.805256761087193,0.6773274431605534,2.041024594346362,0.0,0.0,9.799,3.295836866004329,1.0171529357943896,3.11650482317492,5.790943806232461,42150,4.215,42.15,0.9106184095368662,2.3512233007854952,4.860444248111943
E02000615,Kingston upon Thames 018,E09000021,Kingston upon Thames,1.6359680276792237,7981,16,6,2,3,4878.457197798546,9.78014223340142,3.6675533375255327,7.517854905400326,2.505951635133442,3.758927452700163,7.981,2.833213344056216,0.7019123339424372,2.107795802989331,3.8359802435937382,46238,4.6238,46.238,0.6630106778296846,1.7995132828327187,3.4895764123828914
E02000616,Kingston upon Thames 019,E09000021,Kingston upon Thames,1.3116844172369144,6177,13,0,0,0,4709.212001627614,9.910920515000644,0.0,0.0,0.0,0.0,6.177,2.6390573296152584,0.6096911237319463,1.8270484192533945,3.118465336367436,45646,4.5646,45.646,0.5478879711155948,1.407478827470253,2.632764535548541
E02000617,Kingston upon Thames 020,E09000021,Kingston upon Thames,7.075814304284736,8920,36,2,0,1,1260.6322914097,5.087753642460673,0.282652980136704,2.242152466367713,0.0,1.1210762331838564,8.92,3.610917912644224,1.3496042482508257,4.246711089559754,7.150602450360755,44713,4.4713,44.713,1.222996202791983,3.2913248947684113,6.085118850385512
E02000619,Lambeth 002,E09000022,Lambeth,0.5693953096176475,8954,12,3,0,2,15725.454440453095,21.07498919873097,5.268747299682744,3.350457895912441,0.0,2.233638597274961,8.954,2.5649493574615367,0.5499494997839096,1.6122279127699493,3.229237481204738,49506,4.9506,49.506,0.5751809259834839,1.7158477173552185,3.4277208320968557
E02000620,Lambeth 003,E09000022,Lambeth,0.8036902370088368,10207,23,4,0,1,12700.16671844649,28.617991037941536,4.977041919642006,3.918879200548643,0.0,0.9797198001371608,10.207,3.1780538303479458,0.9140765948086762,2.7715991301694314,5.365918903121126,52278,5.2278,52.278,1.0133868892023878,3.326594692821199,6.186002793941115
E02000621,Lambeth 004,E09000022,Lambeth,0.764360176553166,14000,41,8,0,3,18315.972534220866,53.639633850218246,10.46627001955478,5.714285714285714,0.0,2.142857142857143,14.0,3.737669618283368,1.3995971153022675,4.306171333015741,9.30632926262432,51420,5.142,51.42,1.6422432342635465,5.7735741058322665,11.675824248147183
E02000622,Lambeth 005,E09000022,Lambeth,0.7789912193487031,8267,29,6,0,5,10612.443111890085,37.22763399598553,7.702269102617696,7.257771864037741,0.0,6.04814322003145,8.267,3.4011973816621555,1.1379283447755466,3.54443536708724,5.966207242666706,53221,5.3221,53.221,1.2084087169923465,3.888689006143619,6.422869006040564
E02000623,Lambeth 006,E09000022,Lambeth,0.4583026733312855,7610,7,0,0,0,16604.74713072225,15.273749003292478,0.0,0.0,0.0,0.0,7.61,2.079441541679836,0.3696254011283237,1.0573087704342028,2.1351650805650357,43127,4.3127,43.127,0.3370893772197538,0.840475885666103,1.85539618455562
E02000624,Lambeth 007,E09000022,Lambeth,0.5754567950541147,9316,7,0,0,0,16188.878261701546,12.164249445245902,0.0,0.0,0.0,0.0,9.316,2.079441541679836,0.3607519030012793,1.0212315527694846,2.258355688075256,48822,4.8822,48.822,0.3845064663524449,1.1343754955345098,2.476977346352897
E02000625,Lambeth 008,E09000022,Lambeth,0.5543768950539701,9201,21,7,0,2,16597.01203655729,37.880366565341056,12.626788855113686,7.607868709922834,0.0,2.173676774263667,9.201,3.091042453358316,0.8605769801493842,2.6100909172167746,4.858684245173708,47617,4.7617,47.617,0.851900165305592,2.456403736949265,4.734802797033908
E02000626,Lambeth 009,E09000022,Lambeth,0.5559425132050091,8025,10,0,0,0,14434.945717203507,17.987471298695958,0.0,0.0,0.0,0.0,8.025,2.3978952727983707,0.4828740818557495,1.407685746520047,2.75814596028191,42801,4.2801,42.801,0.43582782981733414,1.0910537745579274,2.3552000974230274
E02000627,Lambeth 010,E09000022,Lambeth,0.5261538604492746,9552,14,3,1,3,18154.385471663547,26.60818641156717,5.701754231050109,3.14070351758794,1.0469011725293131,3.14070351758794,9.552,2.70805020110221,0.6165034891951293,1.8182217436168,3.672305795315608,54569,5.4569,54.569,0.7181553405094795,2.4403030684584572,4.568896995085887
E02000628,Lambeth 011,E09000022,Lambeth,0.6559777179343715,11169,32,11,2,7,17026.492965600126,48.78214476669388,16.76886226355102,9.848688333781,1.790670606142,6.267347121497001,11.169,3.49650756146648,1.184870747493941,3.6492188924225273,7.057336037881886,42013,4.2013,42.013,1.0864650940320175,2.886988520013531,6.138343273066759
E02000629,Lambeth 012,E09000022,Lambeth,0.6417941265064248,9262,17,4,0,1,14431.419075798103,26.48824490267413,6.2325282123939125,4.318721658389117,0.0,1.0796804145972791,9.262,2.8903717578961645,0.7238572920815713,2.1650920292146725,4.178892925263359,59207,5.9207,59.207,0.9082467110935609,3.4144014110835172,5.790337356081011
E02000630,Lambeth 013,E09000022,Lambeth,0.6786773817297932,7457,26,9,0,5,10987.547545777665,38.30980772297429,13.26108728872187,12.069196727906666,0.0,6.705109293281481,7.457,3.295836866004329,1.051655941181025,3.2686346086229614,5.361751491091616,59633,5.9633,59.633,1.245041616983329,4.553946929447758,6.77541997804214
E02000631,Lambeth 014,E09000022,Lambeth,1.0649442015442614,9403,22,7,0,4,8829.570588172446,20.65835934699498,6.573114337680221,7.444432627884717,0.0,4.25396150164841,9.403,3.1354942159291497,0.8914573629075251,2.7085287110851164,5.059364396761467,56709,5.6709,56.709,1.0570983718353304,3.7714774228815937,6.436592903492855
E02000632,Lambeth 015,E09000022,Lambeth,0.5278936001470361,9380,6,4,1,2,17768.7321789606,11.365926766925757,7.577284511283837,4.264392324093817,1.0660980810234542,2.1321961620469083,9.38,1.9459101490553128,0.3214148238304143,0.9013606172884638,2.0444174109197344,67924,6.7924,67.924,0.5012014951628098,2.2908289501124925,3.9383621033798426
E02000633,Lambeth 016,E09000022,Lambeth,0.6317263225976966,9100,24,8,2,5,14404.97201791474,37.99113499230261,12.663711664100871,8.791208791208792,2.197802197802198,5.494505494505495,9.1,3.218875824868201,0.9616976314148532,2.943869262199988,5.337399574661958,48802,4.8802,48.802,0.9658777800919764,2.8578487524295757,5.306887530219613
E02000634,Lambeth 017,E09000022,Lambeth,0.5208551896155272,6839,15,5,0,3,13130.32899806231,28.79879148573397,9.599597161911325,7.311010381634742,0.0,4.386606228980845,6.839,2.772588722239781,0.6772696634396108,2.039667248829561,3.528016729158089,54068,5.4068,54.068,0.7253080306821299,2.2951366654030947,3.858656663931458
E02000635,Lambeth 018,E09000022,Lambeth,1.2427056400233003,9789,29,9,2,6,7877.167114021031,23.33617798616916,7.242262133638704,9.193993257738278,2.043109612830728,6.129328838492185,9.789,3.4011973816621555,1.1135249346808198,3.436336153881728,6.272371693875209,57247,5.7247,57.247,1.3312913968791624,4.8592246872134535,8.0627779536911
E02000636,Lambeth 019,E09000022,Lambeth,0.9239656229460947,7817,12,4,0,1,8460.271471004775,12.987496181662696,4.329165393887566,5.117052577715237,0.0,1.2792631444288092,7.817,2.5649493574615367,0.5589284310628849,1.649966892527062,3.110743154354943,71107,7.1107,71.107,0.8646359041132862,4.1239830810888725,5.876164448755339
E02000637,Lambeth 020,E09000022,Lambeth,0.5838530564105378,8194,7,3,0,1,14034.353181904677,11.989318070946146,5.138279173262634,3.66121552355382,0.0,1.22040517451794,8.194,2.079441541679836,0.3665635113696834,1.044817525784049,2.1765603139502567,57628,5.7628,57.628,0.45043267211702354,1.585696836500053,2.9404712279735454
E02000638,Lambeth 021,E09000022,Lambeth,0.6852748308377771,9861,10,2,1,1,14389.847045665629,14.59268537234117,2.9185370744682344,2.0281918669506136,1.0140959334753068,1.0140959334753068,9.861,2.3978952727983707,0.4704100025329562,1.356060808122364,2.9297763588807326,49008,4.9008,49.008,0.5029097903443212,1.5116053259226,3.2214514045694895
E02000639,Lambeth 022,E09000022,Lambeth,0.5843230795571033,7974,16,1,0,0,13646.560060650036,27.382111985252145,1.711381999078259,1.254075746175069,0.0,0.0,7.974,2.833213344056216,0.7019823217671228,2.108096083176863,3.835097460192785,43834,4.3834,43.834,0.6325875969825416,1.6247459150626744,3.25443180232507
E02000640,Lambeth 023,E09000022,Lambeth,0.8179916193100573,8864,16,0,0,0,10836.296840640523,19.56010260043416,0.0,0.0,0.0,0.0,8.864,2.833213344056216,0.6931395933607862,2.070258567990422,3.948982331198219,65629,6.5629,65.629,0.9781141882865327,4.220238184363314,6.507810383349764
E02000641,Lambeth 024,E09000022,Lambeth,0.6109341433625901,8397,10,0,0,0,13744.525643603409,16.368376376805298,0.0,0.0,0.0,0.0,8.397,2.3978952727983707,0.4803222815047576,1.3970694022446484,2.792088834890677,45109,4.5109,45.109,0.45794127698903414,1.2186404301460103,2.5865969285173644
E02000642,Lambeth 025,E09000022,Lambeth,1.0843239159743707,9528,26,2,0,1,8787.042192496661,23.978074832589545,1.8444672948145804,2.0990764063811924,0.0,1.0495382031905962,9.528,3.295836866004329,1.0210867508666095,3.1337395483217434,5.7395731710722,54229,5.4229,54.229,1.1487769845986224,3.8875688960250963,6.747969952542004
E02000643,Lambeth 026,E09000022,Lambeth,0.7001634304399982,9197,16,7,1,4,13135.504655277986,22.85180759861344,9.997665824393378,7.611177557899315,1.087311079699902,4.349244318799609,9.197,2.833213344056216,0.6898597332366988,2.056276632321388,3.992457259055157,55849,5.5849,55.849,0.8114994491220584,2.819725241463704,5.03118482407
E02000644,Lambeth 027,E09000022,Lambeth,0.9044485008629368,8349,20,4,1,3,9231.039680019589,22.11292293692559,4.422584587385118,4.790992933285423,1.1977482333213558,3.5932446999640675,8.349,3.044522437723423,0.8370072072318724,2.543849338258818,4.560117852946204,52063,5.2063,52.063,0.8855438383800325,2.773106902651087,4.898177202560255
E02000645,Lambeth 028,E09000022,Lambeth,1.1330284627198557,9389,26,10,3,8,8286.640899966036,22.94734938748716,8.825903610571984,10.650761529449357,3.1952284588348063,8.520609223559484,9.389,3.295836866004329,1.0231103634164052,3.1426164468088738,5.713401462144459,55719,5.5719,55.719,1.1806745736244262,4.121420898058741,6.972594588695582
E02000646,Lambeth 029,E09000022,Lambeth,0.9480099771818468,9836,18,8,1,5,10375.418230554407,18.98714194286085,8.438729752382601,8.13338755591704,1.01667344448963,5.083367222448149,9.836,2.9444389791664403,0.7520467894548122,2.2497302086611897,4.4374017488113,53326,5.3326,53.326,0.8519851896225145,2.836432868963151,5.289558866649297
E02000647,Lambeth 030,E09000022,Lambeth,0.9673633322273107,8550,26,1,0,0,8838.457811207303,26.877181648115776,1.0337377556967606,1.169590643274854,0.0,0.0,8.55,3.295836866004329,1.0354102739494324,3.196733647178695,5.557944583827846,50958,5.0958,50.958,1.065162013087294,3.272695166352041,5.716868312453743
E02000648,Lambeth 031,E09000022,Lambeth,0.7040435664877818,7604,16,0,0,0,10800.467985147,22.725866354859548,0.0,0.0,0.0,0.0,7.604,2.833213344056216,0.7056916283264104,2.1240290755793336,3.788724072056281,42842,4.2842,42.842,0.6177084879099157,1.5382171090350378,3.078233020490977
E02000649,Lambeth 032,E09000022,Lambeth,1.0355791044367937,12533,38,7,1,2,12102.407190628042,36.69444452596071,6.759502938992763,5.5852549269927385,0.7978935609989628,1.5957871219979256,12.533,3.6635616461296463,1.3411242602055569,4.142629675139193,8.381758314177652,53485,5.3485,53.485,1.581825662575045,5.640558573629661,10.580245944902202
E02000650,Lambeth 033,E09000022,Lambeth,0.7720514553676399,7392,15,4,0,0,9574.491374386484,19.428756847375173,5.181001825966713,5.411255411255412,0.0,0.0,7.392,2.772588722239781,0.6719559589206352,2.0168421739461286,3.5927518219660883,46019,4.6019,46.019,0.624070766064701,1.6627353442148864,3.1865552147541267
E02000651,Lambeth 034,E09000022,Lambeth,1.1197594133420186,8584,16,4,0,2,7665.932429521009,14.288783652415674,3.5721959131039185,4.659832246039143,0.0,2.329916123019572,8.584,2.833213344056216,0.6959094990709372,2.082088702912188,3.912793433488622,53024,5.3024,53.024,0.7623496497493458,2.449480953810318,4.434445921798128
E02000652,Lambeth 035,E09000022,Lambeth,0.687363405390971,7672,6,1,0,1,11161.490326410643,8.729007033167866,1.4548345055279774,1.3034410844629822,0.0,1.3034410844629822,7.672,1.9459101490553128,0.3293301202714411,0.933241116947083,1.93276977858743,44507,4.4507,44.507,0.31097669329057387,0.8005920596153053,1.770343252253944
E02000653,Lewisham 001,E09000023,Lewisham,0.7591657738233343,12729,17,5,0,1,16767.08887427026,22.39300108905605,6.586176790898837,3.928038337654176,0.0,0.785607667530835,12.729,2.8903717578961645,0.6889796141640686,2.0175999180553643,4.68347697031402,53064,5.3064,53.064,0.8400284306632028,2.9631635346582867,6.252856897403274
E02000654,Lewisham 002,E09000023,Lewisham,1.0144689840687575,8588,13,4,0,3,8465.512632585258,12.814585959898505,3.942949526122617,4.657661853749418,0.0,3.493246390312064,8.588,2.6390573296152584,0.5891089505521974,1.7395690180708083,3.37573913303984,43176,4.3176,43.176,0.5374941514733912,1.3766143910424065,2.9252569496398784
E02000655,Lewisham 003,E09000023,Lewisham,0.9784251645231457,10317,7,9,0,5,10544.495761235035,7.154354010724556,9.198455156645858,8.72346612387322,0.0,4.846370068818455,10.317,2.079441541679836,0.3556448511792984,1.0006389345936262,2.3339210321493336,47993,4.7993,47.993,0.38292577346402085,1.133383688099442,2.6024093318142305
E02000657,Lewisham 005,E09000023,Lewisham,0.8736592828182059,9893,21,3,1,1,11323.63633576657,24.036830390285857,3.43383291289798,3.0324471848781966,1.010815728292732,1.010815728292732,9.893,3.091042453358316,0.8521363051249432,2.57359228885828,4.970500409795681,46818,4.6818,46.818,0.845742921408601,2.4315179689322615,4.867509133988989
E02000658,Lewisham 006,E09000023,Lewisham,0.7739596658209813,8468,12,2,0,1,10941.138632873755,15.504683938885814,2.5841139898143024,2.3618327822390177,0.0,1.1809163911195089,8.468,2.5649493574615367,0.5537696730112202,1.6282522942863364,3.1780456480354067,51994,5.1994,51.994,0.6002587994788467,1.8752717874776812,3.5536934061084757
E02000659,Lewisham 007,E09000023,Lewisham,1.0257262913256011,8068,19,0,0,0,7865.646097043384,18.523460069884024,0.0,0.0,0.0,0.0,8.068,2.995732273553991,0.8059178439037021,2.4455040069491707,4.3534815711667845,58161,5.8161,58.161,0.9554552254718557,3.4177183228584367,5.53241208087754
E02000660,Lewisham 008,E09000023,Lewisham,0.8124974975367766,7969,19,3,0,1,9808.030208289096,23.38468740839413,3.692319064483284,3.764587777638349,0.0,1.2548625925461163,7.969,2.995732273553991,0.8070550839273737,2.450435861919476,4.339333573031986,56118,5.6118,56.118,0.9170381561413687,3.123531063497404,5.1785513769446645
E02000661,Lewisham 009,E09000023,Lewisham,1.2868244874747077,6593,28,8,3,5,5123.464826923093,21.7589891026614,6.216854029331828,12.134081601698773,4.55028060063704,7.583801001061732,6.593,3.367295829986474,1.1319837566738746,3.5540080690229594,5.5028639993573325,56749,5.6749,56.749,1.2342589057176765,4.147890133787326,6.145919558834311
E02000662,Lewisham 010,E09000023,Lewisham,0.7700351315190639,7756,19,3,0,1,10072.267721992868,24.674198906377576,3.895926143112249,3.8679731820526047,0.0,1.289324394017535,7.756,2.995732273553991,0.8095073166226684,2.4610805685978763,4.309049625074641,49818,4.9818,49.818,0.8089268940051373,2.373968298275213,4.252270857782854
E02000663,Lewisham 011,E09000023,Lewisham,0.6562852096499355,6733,16,2,1,1,10259.259085834652,24.379644344772675,3.0474555430965844,2.970444081390168,1.4852220406950838,1.4852220406950838,6.733,2.833213344056216,0.714501098791223,2.162013225530793,3.681760235840528,56189,5.6189,56.189,0.7930249631171703,2.629226363400414,4.24215085497111
E02000665,Lewisham 013,E09000023,Lewisham,0.8003927519002981,7969,17,5,0,1,9956.362024868346,21.239572646851787,6.246933131426996,6.274312962730581,0.0,1.2548625925461163,7.969,2.8903717578961645,0.7373120765026018,2.222817880289783,4.004956520438992,50705,5.0705,50.705,0.7575781655335045,2.2779185186037783,4.123179881416497
E02000666,Lewisham 014,E09000023,Lewisham,0.9523183350601436,7050,23,4,0,2,7402.986732954962,24.151587923115475,4.200276160541822,5.673758865248227,0.0,2.8368794326241136,7.05,3.1780538303479458,0.9561180910517868,2.955506706695583,4.836861087420618,52478,5.2478,52.478,0.9794113806835525,3.01119171794006,4.937896877684751
E02000667,Lewisham 015,E09000023,Lewisham,0.7271187053039904,6732,18,6,0,2,9258.46075873611,24.7552426704174,8.251747556805801,8.9126559714795,0.0,2.9708853238265003,6.732,2.9444389791664403,0.7860423668942458,2.396423442411095,4.006868369622339,54097,5.4097,54.097,0.833173947948874,2.6351971308035353,4.309032972645988
E02000668,Lewisham 016,E09000023,Lewisham,1.0091144710656008,6722,15,3,0,1,6661.285902383035,14.864517782764882,2.972903556552976,4.462957453138947,0.0,1.4876524843796488,6.722,2.772588722239781,0.6783992755551298,2.0445294338254385,3.5144707268049324,53383,5.3383,53.383,0.714674832186629,2.2205250871061915,3.750997276139691
E02000669,Lewisham 017,E09000023,Lewisham,0.6423622132847243,8003,14,2,1,2,12458.702947479733,21.794557199139856,3.1135081713056936,2.499062851430714,1.249531425715357,2.499062851430714,8.003,2.70805020110221,0.6302567820371231,1.8764495512044943,3.489955097874892,53148,5.3148,53.148,0.685620520582229,2.1789391064544463,3.9154970429355025
E02000670,Lewisham 018,E09000023,Lewisham,0.6217365783224568,6775,10,3,0,0,10896.897876396491,16.083982105382276,4.825194631614682,4.428044280442805,0.0,0.0,6.775,2.3978952727983707,0.4915484085513585,1.4439534744025455,2.6470846354211246,43358,4.3358,43.358,0.4340085485445168,1.0703234223598164,2.1840117939720645
E02000671,Lewisham 019,E09000023,Lewisham,0.9942723863825864,8642,20,7,0,4,8691.78317567661,20.115212163102548,7.040324257085891,8.09997685720898,0.0,4.628558204119417,8.642,3.044522437723423,0.8335213401237411,2.5287264739941597,4.604261382271592,54880,5.488,54.88,0.9388655866341141,3.156411932954882,5.427397012719845
E02000672,Lewisham 020,E09000023,Lewisham,1.1591833710467732,10327,39,12,1,4,8908.857958059256,33.64437497475656,10.352115376848172,11.620025176721215,0.9683354313934346,3.8733417255737375,10.327,3.688879454113936,1.4143185924741968,4.435542637051692,7.946993852445114,46212,4.6212,46.212,1.364384189124382,3.9227926577279724,7.428199471516308
E02000673,Lewisham 021,E09000023,Lewisham,1.0602412219861117,8081,24,5,0,2,7621.85041707976,22.636358125221413,4.715907942754461,6.187353050365054,0.0,2.4749412201460217,8.081,3.218875824868201,0.975757724592652,3.005553273736113,5.16153493554082,63961,6.3961,63.961,1.2823318318300996,5.248240128135109,7.622334169422174
E02000674,Lewisham 022,E09000023,Lewisham,0.8175812066315323,8586,17,0,0,0,10501.709102848226,20.79304155001396,0.0,0.0,0.0,0.0,8.586,2.8903717578961645,0.7308607431487513,2.195082472963134,4.087034260007344,46070,4.607,46.07,0.697255448194348,1.9114694252764606,3.7745294927790978
E02000675,Lewisham 023,E09000023,Lewisham,1.4333000240270222,8492,34,1,0,0,5924.788849260425,23.72148149727443,0.6976906322727773,1.1775788977861517,0.0,0.0,8.492,3.555348061489413,1.2946476376357416,4.069157074067823,6.758701535922651,47293,4.7293,47.293,1.223121397579975,3.4575437715154456,6.115791141540029
E02000676,Lewisham 024,E09000023,Lewisham,0.7459646674847017,7719,9,0,0,0,10347.675079608647,12.064914589516498,0.0,0.0,0.0,0.0,7.719,2.302585092994046,0.446909088824037,1.2969088064373175,2.539477997047743,56388,5.6388,56.388,0.5238849955094821,1.776689934564793,3.1915546882559935
E02000677,Lewisham 025,E09000023,Lewisham,1.0500114115259962,7579,12,4,0,1,7218.016791822609,11.428447222835638,3.80948240761188,5.27774112679773,0.0,1.3194352816994326,7.579,2.5649493574615367,0.5608264014030502,1.6579776484931543,3.0864953349505675,46738,4.6738,46.738,0.5360060231352712,1.4556760675641784,2.861946035261043
E02000678,Lewisham 026,E09000023,Lewisham,1.0332641587823637,7060,10,1,0,0,6832.715467765535,9.678067234795376,0.9678067234795376,1.4164305949008498,0.0,0.0,7.06,2.3978952727983707,0.4895570480457186,1.4356030523790222,2.672006403147226,42157,4.2157,42.157,0.42541721218138945,1.0271611737708188,2.154224553660142
E02000679,Lewisham 027,E09000023,Lewisham,0.9385115096393392,8253,17,3,0,0,8793.712080496005,18.113789575721807,3.196551101597966,3.635041802980734,0.0,0.0,8.253,2.8903717578961645,0.7343355379399585,2.210008238029358,4.042529458058706,51182,5.1182,51.182,0.7672777685822206,2.3471689800938176,4.268044341147313
E02000680,Lewisham 028,E09000023,Lewisham,0.7675697043201665,7084,22,3,0,2,9229.12923755149,28.66189204208537,3.908439823920733,4.234895539243365,0.0,2.82326369282891,7.084,3.1354942159291497,0.9213947278594548,2.839414143057717,4.687936497278536,50314,5.0314,50.314,0.9074501241089133,2.656289577921966,4.517772371325846
E02000681,Lewisham 029,E09000023,Lewisham,1.3538395821090894,8387,19,2,0,1,6194.97325298633,14.03415903263864,1.4772798981724886,2.384642899725766,0.0,1.192321449862883,8.387,2.995732273553991,0.8022642934873688,2.4296798954367875,4.399384109718706,40783,4.0783,40.783,0.6834022648251734,1.6538413724230947,3.4328183894829807
E02000682,Lewisham 030,E09000023,Lewisham,1.190378950599418,9033,23,1,0,0,7588.339826952932,19.321578215423163,0.8400686180618766,1.1070519207350826,0.0,0.0,9.033,3.1780538303479458,0.9294902915727338,2.8386131872846363,5.162736163511638,41662,4.1662,41.662,0.8122958200459146,2.0373579918630975,4.180949370164719
E02000683,Lewisham 031,E09000023,Lewisham,0.959109810778346,7015,21,0,0,0,7314.073864292056,21.89530308626275,0.0,0.0,0.0,0.0,7.015,3.091042453358316,0.8877938743973148,2.7288237132703164,4.521719460769615,41099,4.1099,41.099,0.7307174582043278,1.7289264306553682,3.343950771956673
E02000685,Lewisham 033,E09000023,Lewisham,0.967193130239226,8068,29,4,0,0,8341.66388051625,29.98367036873714,4.13567867154995,4.957858205255329,0.0,0.0,8.068,3.4011973816621555,1.141158352542864,3.5588183506515367,5.9272972537985,45422,4.5422,45.422,1.035408008126089,2.774846580814706,5.056310267223211
E02000686,Lewisham 034,E09000023,Lewisham,1.7310047657106715,7328,23,2,0,0,4233.379448260188,13.287080691864674,1.1553983210317107,2.7292576419213974,0.0,0.0,7.328,3.1780538303479458,0.9523396147467028,2.938833543025257,4.881275560285469,39699,3.9699,39.699,0.7659017122147,1.7683530741811295,3.4874670757241466
E02000687,Lewisham 035,E09000023,Lewisham,0.7774090691454826,8259,17,4,1,2,10623.750516672231,21.867509236400043,5.145296290917657,4.84320135609638,1.210800339024095,2.42160067804819,8.259,2.8903717578961645,0.7342727831082114,2.209738409541896,4.043327043131112,50076,5.0076,50.076,0.750957794044481,2.240105609395126,4.13602527762754
E02000689,Merton 001,E09000024,Merton,1.9491468198266568,9623,18,8,4,4,4937.0318860104135,9.234809721312216,4.104359876138762,8.313415774706431,4.156707887353216,4.156707887353216,9.623,2.9444389791664403,0.7543318797320678,2.2595030488929586,4.406433388954849,63168,6.3168,63.168,1.0296411462519912,4.27394260680187,6.914724246568596
E02000690,Merton 002,E09000024,Merton,5.401911268410582,5420,24,0,0,0,1003.3485799174816,4.442871940594015,0.0,0.0,0.0,0.0,5.42,3.218875824868201,1.013450938061638,3.1727972491968592,4.729127579285209,60727,6.0727,60.727,1.165991394935941,4.1773077904650355,5.715161042853906
E02000691,Merton 003,E09000024,Merton,0.9281913383389676,7130,30,13,2,7,7681.605834373973,32.32092216426636,14.00573293784876,18.2328190743338,2.805049088359046,9.817671809256662,7.13,3.4339872044851463,1.189499003473666,3.739147092310651,5.892514436027467,64106,6.4106,64.106,1.513633759200065,6.09502556623783,8.269588857533437
E02000692,Merton 004,E09000024,Merton,1.1440612304243516,7487,17,11,0,6,6544.230152107283,14.859344541982612,9.614869997753456,14.692133030586351,0.0,8.01389074395619,7.487,2.8903717578961645,0.7423914479750917,2.244728354945962,3.9419859315068257,64051,6.4051,64.051,0.9771379769736722,3.9456130113916186,5.846175173471366
E02000693,Merton 005,E09000024,Merton,1.047470258465158,10279,19,5,0,1,9813.166452154604,18.13893983762404,4.773405220427377,4.864286409183772,0.0,0.9728572818367546,10.279,2.995732273553991,0.7809328724346765,2.337908898565881,4.681755839158968,54909,5.4909,54.909,0.9209218230863031,3.2116894774624356,5.922769266630895
E02000694,Merton 006,E09000024,Merton,0.7743260479773343,9251,14,4,0,2,11947.163632380853,18.08023898533477,5.165782567238505,4.323856880337261,0.0,2.1619284401686305,9.251,2.70805020110221,0.6191523142667575,1.829393290403678,3.636140853539601,59312,5.9312,59.312,0.7849115906587801,2.953262862041836,5.123638778293759
E02000695,Merton 007,E09000024,Merton,0.8066248544533078,8809,4,2,0,0,10920.813995956429,4.958934724012455,2.479467362006228,2.2704052673402204,0.0,0.0,8.809,1.6094379124341005,0.2427985365431383,0.667932587958042,1.553103677863776,44770,4.477,44.77,0.2412079625027859,0.6391547861595571,1.5405479112548512
E02000696,Merton 008,E09000024,Merton,0.7409600618041684,8695,12,2,0,1,11734.775527345548,16.195204868101964,2.699200811350327,2.3001725129384702,0.0,1.1500862564692351,8.695,2.5649493574615367,0.5519820619094916,1.6207479284096675,3.2018544453274407,48369,4.8369,48.369,0.5608147505563219,1.6206586602863624,3.2549683178034607
E02000697,Merton 009,E09000024,Merton,1.1576626027272685,8652,37,7,1,2,7473.6801375610385,31.96095296922774,6.046666777962005,8.090614886731393,1.155802126675913,2.311604253351826,8.652,3.6375861597263857,1.3861156286214158,4.376611702850617,7.233200108108575,60694,6.0694,60.694,1.7013161233236793,6.563325138695358,9.629169443396385
E02000698,Merton 010,E09000024,Merton,1.7547382962571598,8252,19,2,0,1,4702.6955629802105,10.827825460085313,1.1397711010616118,2.423654871546292,0.0,1.211827435773146,8.252,2.995732273553991,0.8038084409739278,2.43636408409442,4.379899492766621,62055,6.2055,62.055,1.0331340330262548,4.056706749284899,6.273066453318297
E02000699,Merton 011,E09000024,Merton,0.9305575196000604,8434,14,1,0,1,9063.383855760798,15.04474436574,1.0746245975528572,1.1856770215793218,0.0,1.1856770215793218,8.434,2.70805020110221,0.6263994915628445,1.8600632800189465,3.539764085792006,63846,6.3846,63.846,0.8490928462401452,3.48048063274971,5.49953327145942
E02000700,Merton 012,E09000024,Merton,0.922051125598788,8813,11,0,0,0,9558.038329248566,11.929924159960764,0.0,0.0,0.0,0.0,8.813,2.4849066497880004,0.5144880475403999,1.50143721398633,3.0243338843173144,42429,4.2429,42.429,0.46873726482084627,1.1847607374277738,2.61963245580091
E02000701,Merton 013,E09000024,Merton,0.956517882610196,9200,22,1,0,0,9618.220597083411,23.00009273215598,1.0454587605525447,1.0869565217391304,0.0,0.0,9.2,3.1354942159291497,0.8940386990775682,2.719741044816306,5.025707570125484,42115,4.2115,42.115,0.7932948318233504,2.0172958302264505,4.165099627150431
E02000702,Merton 014,E09000024,Merton,1.5584115170870554,9237,30,1,0,0,5927.189255675917,19.250371080467414,0.6416790360155805,1.0826025765941325,0.0,0.0,9.237,3.4339872044851463,1.1543309783540583,3.582208879777382,6.315207634057983,42175,4.2175,42.175,1.0122032295210217,2.5851442308872508,5.129866940090076
E02000703,Merton 015,E09000024,Merton,1.4748497966431957,7919,23,2,0,0,5369.360336234844,15.594808401742824,1.3560702958037238,2.525571410531633,0.0,0.0,7.919,3.1780538303479458,0.9443564957168332,2.9036999448244063,4.977056032903744,51619,5.1619,51.619,0.9732667938544809,2.9911852415224853,5.133618775681675
E02000704,Merton 016,E09000024,Merton,1.6711220464617602,8998,34,8,1,4,5384.406255097478,20.345611544044704,4.787202716245813,8.890864636585908,1.1113580795732385,4.445432318292954,8.998,3.555348061489413,1.285350314339618,4.027471090949391,6.872088009977399,52662,5.2662,52.662,1.3664487453997,4.417257428791816,7.408122524846064
E02000705,Merton 017,E09000024,Merton,1.241594428663535,9545,17,2,0,0,7687.695578881049,13.6920717486619,1.6108319704308118,2.095337873232059,0.0,0.0,9.545,2.8903717578961645,0.7209453394485481,2.1526588558028026,4.217958978179733,42934,4.2934,42.934,0.6635011625180097,1.7293524636194966,3.699300536121725
E02000706,Merton 018,E09000024,Merton,0.9045124471538218,10284,20,6,1,1,11369.661116726566,22.11135962023836,6.633407886071508,5.8343057176196025,0.972384286269934,0.972384286269934,10.284,3.044522437723423,0.814253143691796,2.4456250638889085,4.859672088793317,40008,4.0008,40.008,0.7164949986274017,1.7773286864232944,3.9878695918847984
E02000707,Merton 019,E09000024,Merton,1.1598133605475407,8738,20,0,0,0,7533.970807057132,17.24415382709346,0.0,0.0,0.0,0.0,8.738,3.044522437723423,0.8323823735030937,2.523791122327427,4.618817532713994,42471,4.2471,42.471,0.7378939712366597,1.871245844935471,3.8229817971109625
E02000708,Merton 020,E09000024,Merton,1.6460874894284372,9016,18,2,0,1,5477.23013381906,10.935020231670704,1.2150022479634115,2.218278615794144,0.0,1.109139307897072,9.016,2.9444389791664403,0.7608820088809451,2.28758684965912,4.319361291977036,50049,5.0049,50.049,0.7913838118340576,2.4001529797350183,4.532655563748121
E02000709,Merton 021,E09000024,Merton,1.7173382344619834,8070,21,0,0,0,4699.132551793568,12.228225971210026,0.0,0.0,0.0,0.0,8.07,3.091042453358316,0.8745527291939865,2.670861706780895,4.681322087975657,47290,4.729,47.29,0.8350378343852002,2.3305627474110993,4.317707624642827
E02000710,Merton 022,E09000024,Merton,3.2259540054085054,9496,57,2,0,0,2943.625353640934,17.6691917815431,0.6199716414576525,2.1061499578770007,0.0,0.0,9.496,4.060443010546419,1.9683981220666744,6.362167866169287,10.260085180737596,40162,4.0162,40.162,1.6226050169219635,3.9981745316146777,7.568456622416466
E02000711,Merton 023,E09000024,Merton,1.3307909199847183,9608,37,11,1,4,7219.766723468724,27.803015067479475,8.265761236277681,11.44879267277269,1.0407993338884265,4.163197335553705,9.608,3.6375861597263857,1.3673689744010742,4.292288446559262,7.464173314338478,42356,4.2356,42.356,1.2035093483795352,3.11656980703867,6.08929806630647
E02000712,Merton 024,E09000024,Merton,1.6303715508101708,9677,26,0,0,0,5935.456856562092,15.94728513698609,0.0,0.0,0.0,0.0,9.677,3.295836866004329,1.018921999260828,3.1242518673533097,5.767760885244312,39781,3.9781,39.781,0.868224117833407,2.1176720524013173,4.499457034973196
E02000713,Merton 025,E09000024,Merton,1.5341559003458862,7906,18,1,0,1,5153.322421937391,11.732836275597398,0.6518242375331887,1.2648621300278269,0.0,1.2648621300278269,7.906,2.9444389791664403,0.7730074607775728,2.339848612786079,4.164561202804174,44236,4.4236,44.236,0.6971798691076214,1.8059137833491787,3.5345951946785785
E02000714,Newham 001,E09000025,Newham,0.5492719726402953,7912,11,4,1,3,14404.521610610878,20.02650881151664,7.282366840551505,5.055611729019212,1.263902932254803,3.791708796764409,7.912,2.4849066497880004,0.5211332734265883,1.5292208278417776,2.9360528909787678,43868,4.3868,43.868,0.47687918082921105,1.2210392250144333,2.5562152388707005
E02000715,Newham 002,E09000025,Newham,0.4350325089772021,7499,8,0,0,0,17237.792223001397,18.389430295240857,0.0,0.0,0.0,0.0,7.499,2.19722457733622,0.4095701139255698,1.1817193279843472,2.326900033282293,32415,3.2415,32.415,0.30054676788627177,0.5854397933253291,1.4650044148842698
E02000716,Newham 003,E09000025,Newham,1.5669068918483589,7549,13,4,0,1,4817.771904171682,8.29660017939222,2.552800055197606,5.298715061597562,0.0,1.3246787653993906,7.549,2.6390573296152584,0.597892067135564,1.7767418635864562,3.262364195660424,35394,3.5394,35.394,0.45606215841019665,0.9551474383285964,2.166582914689136
E02000717,Newham 004,E09000025,Newham,0.4969943091827988,8531,14,5,0,2,17165.186486797826,28.16933663288824,10.060477368888655,5.860977611065526,0.0,2.34439104442621,8.531,2.70805020110221,0.6255346370045062,1.8563951894418933,3.55107163609669,32210,3.221,32.21,0.45865619118072565,0.913185944990864,2.226542145103456
E02000718,Newham 005,E09000025,Newham,0.6251785546782208,7721,3,1,0,1,12350.071739063404,4.798629091722602,1.5995430305742009,1.2951690195570522,0.0,1.2951690195570522,7.721,1.3862943611198906,0.2036313785705054,0.5554915028307584,1.2644678393468962,36167,3.6167,36.167,0.16797267147893072,0.3562305058776137,0.9533618026734908
E02000719,Newham 006,E09000025,Newham,0.6943570475558782,8308,10,1,0,0,11965.025816680309,14.401812489985929,1.4401812489985928,1.2036591237361578,0.0,0.0,8.308,2.3978952727983707,0.4809315629788103,1.3996020250154928,2.783930271572601,41526,4.1526,41.526,0.42657407156163213,1.0437041240542622,2.3177919385041803
E02000720,Newham 007,E09000025,Newham,0.524453247788733,7840,6,3,1,3,14948.90160954482,11.440485925672055,5.7202429628360285,3.826530612244898,1.2755102040816328,3.826530612244898,7.84,1.9459101490553128,0.3285429999020255,0.9300559651359592,1.9434755798012355,35837,3.5837,35.837,0.2631275097387295,0.5575275298687892,1.3961547898110975
E02000721,Newham 008,E09000025,Newham,0.5897865263608859,10292,18,10,1,1,17450.381688954356,30.519517139640342,16.95528729980019,9.71628449280995,0.9716284492809948,0.9716284492809948,10.292,2.9444389791664403,0.7471780110521848,2.228949950009702,4.504433895629569,31956,3.1956,31.956,0.5646766210874097,1.164290811019177,2.9550844438097275
E02000722,Newham 009,E09000025,Newham,0.4521483863567282,8660,9,1,0,0,19153.00432625581,19.90496985407648,2.2116633171196085,1.1547344110854505,0.0,0.0,8.66,2.302585092994046,0.4409590264724276,1.2723098550616394,2.6192774024143524,44849,4.4849,44.849,0.4230711519732641,1.1249504479918828,2.452234340651732
E02000723,Newham 010,E09000025,Newham,0.7100846380209977,11313,22,5,1,2,15931.90359888544,30.98222214933968,7.041414124849926,4.419694157164324,0.8839388314328648,1.7678776628657296,11.313,3.1354942159291497,0.8675319349809998,2.605270870400409,5.3872840015464245,35113,3.5113,35.113,0.7098557047793838,1.6116095950619358,3.973800002934089
E02000724,Newham 011,E09000025,Newham,0.4968391680136263,10300,5,1,1,1,20731.054762006028,10.06361881650778,2.012723763301556,0.970873786407767,0.970873786407767,0.970873786407767,10.3,1.791759469228055,0.2779369949169451,0.7670464913494103,1.8739357833579835,33254,3.3254,33.254,0.227433385753836,0.4791947172679531,1.3966833434027082
E02000725,Newham 012,E09000025,Newham,0.7928161723604246,10146,24,13,2,6,12797.418056940816,30.27183455219589,16.397243715772778,12.812931204415534,1.9712201852946976,5.913660555884093,10.146,3.218875824868201,0.9474756881277926,2.881867318572389,5.5241582288355975,45021,4.5021,45.021,0.9085801593102248,2.5233210857695045,5.137992355838453
E02000727,Newham 014,E09000025,Newham,0.3945651151887024,8835,12,2,0,1,22391.741337230545,30.41323101830974,5.0688718363849565,2.263723825693265,0.0,1.1318619128466327,8.835,2.5649493574615367,0.5508824485989647,1.6161369385394455,3.2166271258532078,31855,3.1855,31.855,0.407069248129447,0.8085306820136049,2.0436246133748517
E02000728,Newham 015,E09000025,Newham,0.6557358792185359,8654,0,0,0,0,13197.386744055066,0.0,0.0,0.0,0.0,0.0,8.654,0.0,0.0611803980173527,0.1511279461412231,0.4539554101249556,34268,3.4268,34.268,0.053182345566467414,0.1091594299712819,0.3748798694851417
E02000729,Newham 016,E09000025,Newham,0.7044120519027958,7331,10,1,0,0,10407.260892537412,14.196236383218404,1.4196236383218404,1.3640703860319192,0.0,0.0,7.331,2.3978952727983707,0.4876709919464898,1.427707621490088,2.6959215379474526,38381,3.8381,38.381,0.396503401969408,0.8833642075442057,1.9709136570286256
E02000730,Newham 017,E09000025,Newham,0.5033728103425871,10487,15,7,2,4,20833.4653452234,29.798987334638223,13.906194089497838,6.674930866787451,1.9071231047964143,3.814246209592829,10.487,2.772588722239781,0.6429769285588731,1.8937312102332304,3.9776116329468154,32403,3.2403,32.403,0.4966822647116714,1.0378394582224684,2.7000943396332673
E02000731,Newham 018,E09000025,Newham,0.5809770641265161,10524,17,12,3,5,18114.312336619623,29.2610518550488,20.654860132975625,11.402508551881414,2.8506271379703536,4.751045229950589,10.524,2.8903717578961645,0.7109618934714201,2.110196111528449,4.355941271677328,33490,3.349,33.49,0.5584234496782466,1.1982464041812402,3.0275874773341425
E02000732,Newham 019,E09000025,Newham,0.4414841199733064,10014,3,2,1,1,22682.58255949383,6.795261401885509,4.530174267923672,1.9972039145196725,0.9986019572598362,0.9986019572598362,10.014,1.3862943611198906,0.1970880936296269,0.5301660458354444,1.363486242124627,33600,3.36,33.6,0.16424118799764295,0.3455897170030845,1.0472362770748005
E02000733,Newham 020,E09000025,Newham,0.7401684246835735,10346,15,0,0,0,13977.899698197716,20.2656577878374,0.0,0.0,0.0,0.0,10.346,2.772588722239781,0.6442695477908478,1.899172850726185,3.9592138747901537,41079,4.1079,41.079,0.5872624237048015,1.4920628095785824,3.4311232472307647
E02000734,Newham 021,E09000025,Newham,0.3805900845550568,7624,13,4,0,1,20032.05104229955,34.1574847258518,10.509995300262092,5.246589716684156,0.0,1.311647429171039,7.624,2.6390573296152584,0.5972536977757056,1.7740321500185543,3.270419074870708,37987,3.7987,37.987,0.4801537432437336,1.0688857260242726,2.347465579244634
E02000735,Newham 022,E09000025,Newham,0.5481893143851004,9060,12,4,1,2,16527.137180998372,21.89024792185215,7.29674930728405,4.415011037527594,1.1037527593818983,2.207505518763797,9.06,2.5649493574615367,0.5491198003483165,1.6087538861528352,3.240511859923136,35353,3.5353,35.353,0.4369931381001541,0.9450436320753519,2.297819362274315
E02000736,Newham 023,E09000025,Newham,1.2725557917258,9560,24,1,0,0,7512.440760679757,18.85968391802449,0.7858201632510206,1.0460251046025104,0.0,0.0,9.56,3.218875824868201,0.9554171299098464,2.916439984685084,5.418739864369768,33587,3.3587,33.587,0.721850431192661,1.5230753532841197,3.540943289726494
E02000737,Newham 024,E09000025,Newham,0.8407986227120476,10910,12,0,0,0,12975.758648139938,14.272145167523304,0.0,0.0,0.0,0.0,10.91,2.5649493574615367,0.5348391050677918,1.5493135831568976,3.4437431616641034,35946,3.5946,35.946,0.45203196493999215,1.0324764810333564,2.6764023778654997
E02000738,Newham 025,E09000025,Newham,0.459442410288038,10043,7,1,0,1,21859.10524390586,15.235859474991637,2.176551353570234,0.9957184108334164,0.0,0.9957184108334164,10.043,2.079441541679836,0.3570355553768556,1.0062340428882444,2.312988988720806,37977,3.7977,37.977,0.3139358572270742,0.7343029132073513,1.9114381403775738
E02000739,Newham 026,E09000025,Newham,0.4533818868026089,8066,18,4,0,1,17790.74161273614,39.701630179674,8.822584484372,4.959087527894868,0.0,1.239771881973717,8.066,2.9444389791664403,0.7712478005454939,2.332242372084662,4.186527751587577,36047,3.6047,36.047,0.595409521447361,1.28318678380532,2.8247429256345797
E02000740,Newham 027,E09000025,Newham,1.2731307149283682,7092,25,2,0,1,5570.519913502382,19.636632520806483,1.5709306016645186,2.820078962210942,0.0,1.410039481105471,7.092,3.258096538021482,1.0234613892896094,3.179993045092228,5.1477825130711805,38498,3.8498,38.498,0.7960818958057577,1.779860808582184,3.4972625242094977
E02000741,Newham 028,E09000025,Newham,0.7556394055413598,8586,16,0,0,0,11362.562535828536,21.17412072830848,0.0,0.0,0.0,0.0,8.586,2.833213344056216,0.6958896748328521,2.082003962698441,3.9130507460158985,38826,3.8826,38.826,0.5779622554736465,1.3417516041386572,2.9463231270968864
E02000742,Newham 029,E09000025,Newham,0.7907917687932075,8931,15,0,0,0,11293.74426042548,18.968330971490563,0.0,0.0,0.0,0.0,8.931,2.772588722239781,0.6573863467799368,1.9546556015101504,3.77923085477715,39050,3.905,39.05,0.5549425777913436,1.3043247112474843,2.9178689340284087
E02000743,Newham 030,E09000025,Newham,0.626647355160729,11108,20,6,2,4,17726.07816584641,31.915877144123897,9.574763143237169,5.401512423478573,1.8005041411595248,3.6010082823190497,11.108,3.044522437723423,0.804752337036215,2.404957318630671,4.993134928886456,39489,3.9489,39.489,0.716349011003704,1.7883973706842489,4.172971323430702
E02000744,Newham 031,E09000025,Newham,0.5985445233901244,9535,8,3,1,1,15930.31032343971,13.365755908496872,5.012158465686327,3.146303093864709,1.048767697954903,1.048767697954903,9.535,2.19722457733622,0.3978631598245034,1.1337575501442834,2.4880027597661587,38728,3.8728,38.728,0.348361891113311,0.8203520632260948,2.0396112011200533
E02000745,Newham 032,E09000025,Newham,0.7242743467000848,8968,9,0,0,0,12382.048378297131,12.4262305312973,0.0,0.0,0.0,0.0,8.968,2.302585092994046,0.4390287629623863,1.2643601239806364,2.645937568513681,39831,3.9831,39.831,0.3850509973326559,0.9189999615072274,2.170586137109057
E02000746,Newham 033,E09000025,Newham,4.936032472666085,10583,55,12,0,1,2144.029655113641,11.142552303812744,2.4311023208318714,11.338939809127844,0.0,0.944911650760654,10.583,4.02535169073515,1.8806832353171037,6.0241623959824695,10.353184333543556,42229,4.2229,42.229,1.6635839187595693,4.401664257205826,8.492091545874473
E02000747,Newham 034,E09000025,Newham,2.080738614463102,15614,70,10,1,3,7504.066052058595,33.64189981068923,4.805985687241319,6.404508774177021,0.640450877417702,1.9213526322531065,15.614,4.262679877041316,2.14590450751502,6.773354900437049,14.633874107407136,46162,4.6162,46.162,2.3133929446686907,7.501943168166802,16.16501560776168
E02000748,Newham 035,E09000025,Newham,1.3313310110507872,6407,38,2,0,2,4812.477097595068,28.54286400946037,1.5022560004979142,3.121585765568909,0.0,3.121585765568909,6.407,3.6635616461296463,1.463403062807927,4.692644292785953,6.852652457705324,41573,4.1573,41.573,1.1647467138818317,2.7598814934328386,4.79411740170469
E02000749,Newham 036,E09000025,Newham,1.419078605770547,10272,28,3,0,3,7238.499656206429,19.7311127700331,2.1140477967892606,2.920560747663551,0.0,2.920560747663551,10.272,3.367295829986474,1.074192704134656,3.297641546979896,6.21045166993956,37506,3.7506,37.506,0.8864213843570377,2.0806871758616294,4.621845530574484
E02000751,Redbridge 001,E09000026,Redbridge,3.0745937037746507,11127,30,4,0,3,3619.014761638093,9.75738679330842,1.300984905774456,3.5948593511278872,0.0,2.6961445133459154,11.127,3.4339872044851463,1.1236704590853808,3.447046213983864,6.720103376944025,51647,5.1647,51.647,1.2456085223337405,4.120969041796558,7.739147555477575
E02000752,Redbridge 002,E09000026,Redbridge,4.884240227729773,9461,33,2,2,2,1937.046410265847,6.756424430691571,0.4094802685267619,2.1139414438220063,2.1139414438220063,2.1139414438220063,9.461,3.5263605246161616,1.2455414471416166,3.884111680719888,6.82525326171576,41547,4.1547,41.547,1.0805722155656023,2.7357353214944378,5.4547584321261
E02000753,Redbridge 003,E09000026,Redbridge,0.7575407551086513,7223,18,0,0,0,9534.800538835738,23.76109784010014,0.0,0.0,0.0,0.0,7.223,2.9444389791664403,0.7805642711398586,2.3725977077258498,4.072080238064707,43362,4.3362,43.362,0.6797840222419896,1.6999952104210532,3.278619744293441
E02000754,Redbridge 004,E09000026,Redbridge,1.2330778339527633,6487,18,3,0,2,5260.819569844367,14.597618661507417,2.4329364435845693,4.624633883150917,0.0,3.083089255433945,6.487,2.9444389791664403,0.788790197554259,2.40840137644264,3.974720453585758,44512,4.4512,44.512,0.6890717255584,1.740518924917006,3.2112818974517725
E02000755,Redbridge 005,E09000026,Redbridge,1.346087562972024,5555,12,1,0,0,4126.774626559306,8.914724665834683,0.7428937221528903,1.8001800180018002,0.0,0.0,5.555,2.5649493574615367,0.5772298090763889,1.7276937500362066,2.887778291856591,46378,4.6378,46.378,0.5194444881359401,1.3376403859912578,2.442355485197233
E02000756,Redbridge 006,E09000026,Redbridge,3.593950854713069,15143,36,5,0,1,4213.4688570216895,10.016831463566058,1.3912265921619529,3.3018556428712937,0.0,0.6603711285742587,15.143,3.610917912644224,1.235126562100632,3.741570283506886,8.774132240262803,44665,4.4665,44.665,1.3168954221012759,4.064639532459536,9.583314963536886
E02000757,Redbridge 007,E09000026,Redbridge,1.4915220345781253,12275,24,8,3,5,8229.848245904033,16.090945653906054,5.363648551302018,6.517311608961303,2.443991853360489,4.073319755600815,12.275,3.218875824868201,0.9191751042153588,2.759674765167017,5.924711919214222,52355,5.2355,52.355,1.075514992040418,3.7040206867734415,7.4170594555685305
E02000758,Redbridge 008,E09000026,Redbridge,1.1464555739908602,6874,9,0,0,0,5995.871236485263,7.850282387018819,0.0,0.0,0.0,0.0,6.874,2.302585092994046,0.4523205182473969,1.3194032222717618,2.469893616984886,38916,3.8916,38.916,0.3688252195085582,0.8228674170297422,1.8136592236761566
E02000759,Redbridge 009,E09000026,Redbridge,2.3440371105263904,12944,35,2,0,2,5522.096873753514,14.931504216731534,0.8532288123846591,1.545117428924598,0.0,1.545117428924598,12.944,3.58351893845611,1.2448208955625952,3.8148571634427175,7.993687891970641,46579,4.6579,46.579,1.3020205868998544,3.997890147967613,8.460959926684126
E02000760,Redbridge 010,E09000026,Redbridge,1.0390201657194869,7629,19,4,1,1,7342.494642264399,18.286459326651407,3.84978091087398,5.243151133831433,1.3107877834578583,1.3107877834578583,7.629,2.995732273553991,0.8109729903226702,2.467449404444056,4.291093669764103,39976,3.9976,39.976,0.6666194319890238,1.557266665563815,3.1728966372919127
E02000762,Redbridge 012,E09000026,Redbridge,0.8012341071354059,6998,12,1,1,1,8734.026594323901,14.97689613202155,1.2480746776684624,1.4289797084881397,1.4289797084881397,1.4289797084881397,6.998,2.5649493574615367,0.5654867967708476,1.6776970595056877,3.028093043088167,41620,4.162,41.62,0.48170362457265525,1.148646019276361,2.3668000566878797
E02000763,Redbridge 013,E09000026,Redbridge,7.735217146910057,8213,29,1,0,0,1061.7672192022171,3.749086735281176,0.1292788529407302,1.21758188238159,0.0,0.0,8.213,3.4011973816621555,1.138803924379253,3.5483325306953555,5.955623571484641,42455,4.2455,42.455,0.9788978325587259,2.459024850026141,4.691647195809466
E02000764,Redbridge 014,E09000026,Redbridge,1.986335694272813,12214,36,7,2,6,6149.010982995742,18.1238247411042,3.5240770329924835,5.731128213525463,1.637465203864418,4.912395611593253,12.214,3.610917912644224,1.2877454345686663,3.971370256697639,7.968552155770708,52356,5.2356,52.356,1.4770192429807758,5.094302463589661,9.651877646520576
E02000765,Redbridge 015,E09000026,Redbridge,0.7253364024140562,7903,15,1,0,1,10895.634044696126,20.68005955592077,1.378670637061385,1.2653422750854106,0.0,1.2653422750854106,7.903,2.772588722239781,0.6670828951298551,1.9959777770985765,3.653625757753511,41407,4.1407,41.407,0.5739036405940612,1.3915525115058964,2.896474311305909
E02000767,Redbridge 017,E09000026,Redbridge,0.8769909467304347,9062,17,3,0,0,10333.059917875566,19.38446464399521,3.4207878783520966,3.310527477378062,0.0,0.0,9.062,2.8903717578961645,0.7259222995121882,2.1739220072892604,4.151502813627803,41514,4.1514,41.514,0.6416355752866174,1.6016017145800325,3.4276690799483944
E02000768,Redbridge 018,E09000026,Redbridge,1.698522407287922,5786,14,0,0,0,3406.4902383234776,8.242458233067522,0.0,0.0,0.0,0.0,5.786,2.70805020110221,0.6504766486858335,1.963047080180153,3.244607081141869,52609,5.2609,52.609,0.6605840402367764,1.9740305310942587,3.277622604458193
E02000770,Redbridge 020,E09000026,Redbridge,1.1648947871742856,8210,6,0,0,0,7047.84680161133,5.1506797575722265,0.0,0.0,0.0,0.0,8.21,1.9459101490553128,0.3268160888042775,0.9230793305894934,1.9672634159386464,39263,3.9263,39.263,0.28256653867699055,0.652908083374346,1.5832793672006098
E02000772,Redbridge 022,E09000026,Redbridge,1.4029138615615562,8903,28,6,0,2,6346.077434925508,19.95845986497969,4.276812828209935,6.73930135909244,0.0,2.246433786364147,8.903,3.367295829986474,1.095344474316298,3.390803742006597,5.937101913805546,39567,3.9567,39.567,0.9076975825336235,2.16670465755422,4.436851294264464
E02000773,Redbridge 023,E09000026,Redbridge,0.9517240086037482,11210,18,3,1,1,11778.624788972096,18.91304604830488,3.1521743413841468,2.6761819803746656,0.8920606601248885,0.8920606601248885,11.21,2.9444389791664403,0.7374717838938424,2.1876963507290044,4.642467054040801,38940,3.894,38.94,0.6542706344967206,1.615512465846507,3.8648119429270653
E02000774,Redbridge 024,E09000026,Redbridge,0.6792300854355544,8891,7,1,0,0,13089.82065230322,10.305786139480658,1.4722551627829512,1.1247328759419637,0.0,0.0,8.891,2.079441541679836,0.3629423495612062,1.0301023315861677,2.2270170484394844,38186,3.8186,38.186,0.31087716008195143,0.7121861942797972,1.7674596299849468
E02000776,Redbridge 026,E09000026,Redbridge,0.6004226908250292,7345,11,0,0,0,12233.048670941096,18.32042687275045,0.0,0.0,0.0,0.0,7.345,2.4849066497880004,0.5253590514551731,1.5469680510802868,2.8818235022526504,41790,4.179,41.79,0.45482291364172367,1.0965681322446041,2.3097993161605292
E02000777,Redbridge 027,E09000026,Redbridge,3.499136400525526,6064,19,2,0,0,1732.999033444156,5.429911219564473,0.5715696020594182,3.298153034300792,0.0,0.0,6.064,2.995732273553991,0.8292535772760878,2.5472977365117417,4.075871875359334,50747,5.0747,50.747,0.8071104175238825,2.3303494452645483,3.858775344958752
E02000779,Redbridge 029,E09000026,Redbridge,0.902399029412322,9196,10,6,1,5,10190.613797522368,11.081572202612405,6.648943321567443,6.524575902566333,1.087429317094389,5.437146585471945,9.196,2.3978952727983707,0.4748868939923931,1.3745369770764084,2.866411779597603,35015,3.5015,35.015,0.3797387086207587,0.8163812029845701,2.0504602988534226
E02000781,Redbridge 031,E09000026,Redbridge,1.8835726061093327,16767,26,0,0,0,8901.700919633542,13.803556027343715,0.0,0.0,0.0,0.0,16.767,3.295836866004329,0.9210490778235566,2.704485719382093,7.28197436958275,39372,3.9372,39.372,0.938064442664076,2.6531081927908247,7.47231196400787
E02000782,Redbridge 032,E09000026,Redbridge,0.7125072636927624,12863,11,5,1,2,18053.149287677446,15.4384391016444,7.017472318929272,3.887118090647594,0.7774236181295188,1.5548472362590375,12.863,2.4849066497880004,0.4856487967971752,1.3826533762001985,3.4551097682169627,37087,3.7087,37.087,0.44345788763097177,1.0851502049584347,3.0211415168956144
E02000783,Redbridge 033,E09000026,Redbridge,0.5664450474062692,7803,8,2,0,0,13775.387455022596,14.123170529306774,3.5307926323266936,2.563116749967961,0.0,0.0,7.803,2.19722457733622,0.407800486450055,1.174431226519392,2.350275125919973,33991,3.3991,33.991,0.3110648528058941,0.6324438842148368,1.5675462195630998
E02000784,Richmond upon Thames 001,E09000027,Richmond upon Thames,3.009730702610429,9902,39,9,2,7,3289.995344570762,12.9579699493294,2.990300757537553,9.089072914562715,2.0197939810139363,7.0692789335487785,9.902,3.688879454113936,1.422906182088422,4.474071330724098,7.836715397264422,61357,6.1357,61.357,1.82390270310572,7.34758670720063,11.138879186663726
E02000785,Richmond upon Thames 002,E09000027,Richmond upon Thames,4.3396608026592585,9832,39,6,0,4,2265.6148595703944,8.98687749422756,1.3825965375734708,6.102522375915378,0.0,4.068348250610252,9.832,3.688879454113936,1.4243256015709338,4.480449256780372,7.818699240121022,67261,6.7261,67.261,2.0447771207519096,9.414902079903449,13.136430032167365
E02000786,Richmond upon Thames 003,E09000027,Richmond upon Thames,1.9380328615766595,11445,38,7,1,3,5905.472619638184,19.607510663717868,3.611909859105922,6.116207951070336,0.8737439930100481,2.621231979030144,11.445,3.6635616461296463,1.3620695961491782,4.235374762376599,8.08721521381356,60359,6.0359,60.359,1.785243474758874,7.273049844645348,11.909719695001879
E02000787,Richmond upon Thames 004,E09000027,Richmond upon Thames,1.8435564075623097,12272,31,3,0,1,6656.698948651629,16.81532491918192,1.6272895083079275,2.444589308996089,0.0,0.8148631029986962,12.272,3.4657359027997265,1.136014813104118,3.468054576603766,7.148584325131671,58567,5.8567,58.567,1.4830845735927731,5.898289933341602,10.497521880187344
E02000788,Richmond upon Thames 005,E09000027,Richmond upon Thames,1.0846250066760563,9062,13,9,2,7,8354.961340759992,11.98570927277421,8.297798727305222,9.931582432134189,2.2070183182520418,7.7245641138821455,9.062,2.6390573296152584,0.585144996102119,1.7228697953983851,3.428762292109288,60280,6.028,60.28,0.7546271030731386,2.8893574913301787,4.956916826674657
E02000789,Richmond upon Thames 006,E09000027,Richmond upon Thames,1.8356326594088903,6365,27,3,0,2,3467.4693585205955,14.708825244313603,1.6343139160348448,4.713275726630008,0.0,3.1421838177533385,6.365,3.332204510175204,1.1019893311241455,3.456463003065886,5.317826599554983,56081,5.6081,56.081,1.1808549689505656,3.8874806420814587,5.788561157866544
E02000790,Richmond upon Thames 007,E09000027,Richmond upon Thames,0.8383451874455481,6621,12,2,1,1,7897.701447030785,14.313912908075732,2.385652151345955,3.020691738408096,1.5103458692040477,1.5103458692040477,6.621,2.5649493574615367,0.568531537505411,1.6906179096429623,2.990789387910449,67416,6.7416,67.416,0.7930780003342416,3.3850814800138664,4.840539547605638
E02000791,Richmond upon Thames 008,E09000027,Richmond upon Thames,1.1725978007783977,6228,30,13,2,10,5311.284053121804,25.584219909064565,11.086495293927978,20.873474630700063,3.211303789338471,16.056518946692357,6.228,3.4339872044851463,1.2048799615021455,3.808416310748012,5.720322514215903,69718,6.9718,69.718,1.6704833700552695,7.497184903836121,9.099448188083759
E02000792,Richmond upon Thames 009,E09000027,Richmond upon Thames,1.3691157998517138,7245,13,3,0,2,5291.736462894294,9.495179298499078,2.191195222730556,4.140786749482402,0.0,2.7605244996549345,7.245,2.6390573296152584,0.6004865864275978,1.7877676901197213,3.2299177537735138,64250,6.425,64.25,0.797740441522459,3.212798233231316,4.865306478752415
E02000793,Richmond upon Thames 010,E09000027,Richmond upon Thames,1.3264395681676706,8230,21,9,1,5,6204.57968648269,15.8318558221308,6.785081066627486,10.935601458080194,1.2150668286755772,6.075334143377885,8.23,3.091042453358316,0.872561913145626,2.662179428401448,4.706014362865769,49324,4.9324,49.324,0.8705059607550075,2.5544216088344975,4.632188621414616
E02000794,Richmond upon Thames 011,E09000027,Richmond upon Thames,1.464344795351416,7191,26,2,0,1,4910.728690966728,17.75538116605965,1.3657985512353576,2.781254345709915,0.0,1.3906271728549575,7.191,3.295836866004329,1.0556480119703562,3.2863762241635235,5.315061879818079,60994,6.0994,60.994,1.274446811937176,4.780717165962123,6.910444066051015
E02000795,Richmond upon Thames 012,E09000027,Richmond upon Thames,12.117848983206086,6878,26,7,3,5,567.5924835779106,2.1455953144846864,0.5776602769766463,10.177377144518756,4.36173306193661,7.269555103227683,6.878,3.295836866004329,1.0603648597190027,3.3073760003789885,5.260643003963267,61169,6.1169,61.169,1.273995093875273,4.764980294518939,6.78803539802644
E02000796,Richmond upon Thames 013,E09000027,Richmond upon Thames,1.912032660204516,11488,26,1,0,0,6008.265569465331,13.598094081310814,0.5230036185119543,0.8704735376044568,0.0,0.0,11.488,3.295836866004329,0.9929748284596308,3.011205805811643,6.121635744085452,46244,4.6244,46.244,1.006571774396267,2.963418682538063,6.1885901446163745
E02000797,Richmond upon Thames 014,E09000027,Richmond upon Thames,0.9993196979305012,8187,19,12,2,7,8192.573424655313,19.012934538713928,12.00816918234564,14.657383657017222,2.442897276169537,8.55014046659338,8.187,2.995732273553991,0.8045529790411275,2.4395889523800887,4.370548811938185,66068,6.6068,66.068,1.1163728486287146,4.798434245482025,7.008378700827269
E02000798,Richmond upon Thames 015,E09000027,Richmond upon Thames,2.4557761264142166,11445,35,2,0,0,4660.441103282216,14.252113465694851,0.8144064837539916,1.7474879860200965,0.0,0.0,11.445,3.58351893845611,1.2716850409265108,3.933022472749297,7.609255476493311,52838,5.2838,52.838,1.4447697825554593,4.952102572301164,9.079556638974823
E02000799,Richmond upon Thames 016,E09000027,Richmond upon Thames,1.3203144986990896,6447,23,2,0,1,4882.927519429842,17.420091972527743,1.5147906063067602,3.102218085931441,0.0,1.5511090429657206,6.447,3.1780538303479458,0.9643654551499916,2.991997710456097,4.741907255709663,62027,6.2027,62.027,1.1713812284685319,4.421811755018644,6.220605379765683
E02000800,Richmond upon Thames 017,E09000027,Richmond upon Thames,1.9543702410936328,5513,12,0,0,0,2820.85752437318,6.140085306090724,0.0,0.0,0.0,0.0,5.513,2.5649493574615367,0.5775752293965241,1.7291710573000685,2.8837931568740816,50074,5.0074,50.074,0.5579905042438651,1.5623211216475312,2.708394919201647
E02000801,Richmond upon Thames 018,E09000027,Richmond upon Thames,1.0162235312036492,7274,21,3,1,1,7157.874007684541,20.664744866837413,2.952106409548202,4.124278251306022,1.3747594171020072,1.3747594171020072,7.274,3.091042453358316,0.8845247532991009,2.714478718402477,4.560390302413282,65702,6.5702,65.702,1.1844179419829415,4.950506327526094,6.922890449784672
E02000802,Richmond upon Thames 019,E09000027,Richmond upon Thames,1.449462511790049,7139,16,3,1,1,4925.273983929063,11.0385745542604,2.069732728923825,4.202269225381706,1.4007564084605686,1.4007564084605686,7.139,2.833213344056216,0.7103811318747747,2.144223851234999,3.731238361670739,57897,5.7897,57.897,0.8239049144889484,2.8662562485248593,4.590518874377924
E02000803,Richmond upon Thames 020,E09000027,Richmond upon Thames,1.949619223031768,10051,32,2,0,0,5155.365663850055,16.413461470818998,1.0258413419261874,1.9898517560441749,0.0,0.0,10.051,3.49650756146648,1.2038900781678752,3.73319595719075,6.802621034480869,48260,4.826,48.26,1.2108399226986897,3.6211647830391,6.771098703393596
E02000804,Richmond upon Thames 021,E09000027,Richmond upon Thames,3.74854208888201,7085,23,7,2,5,1890.0681470307504,6.135718755357412,1.867392664673995,9.880028228652083,2.8228652081863093,7.057163020465773,7.085,3.1780538303479458,0.9556415599385368,2.9534023734932573,4.842430524592779,57491,5.7491,57.491,1.080465983245626,3.728761463811915,5.7196489260416365
E02000805,Richmond upon Thames 022,E09000027,Richmond upon Thames,2.745739246679677,10504,24,3,0,1,3825.56355731962,8.740815439420304,1.092601929927538,2.856054836252856,0.0,0.952018278750952,10.504,3.218875824868201,0.9426566071609146,2.8609481153661287,5.589567214493866,59843,5.9843,59.843,1.218388051985031,4.7886984828212515,8.083591726339925
E02000806,Richmond upon Thames 023,E09000027,Richmond upon Thames,6.876822636252155,10274,54,5,2,4,1494.0039235328156,7.852463682185326,0.7270799705727155,4.866653688923496,1.9466614755693987,3.893322951138797,10.274,4.007333185232471,1.8600060091923936,5.961929221015203,10.108945193290134,56798,5.6798,56.798,2.17015538318811,7.959445621235096,12.476967753050985
E02000807,Southwark 001,E09000028,Southwark,0.9786367625953876,8145,13,1,0,0,8322.801994888383,13.283784645002942,1.0218295880771495,1.2277470841006752,0.0,0.0,8.145,2.6390573296152584,0.5928379316289967,1.7553223943115237,3.326925260707818,58965,5.8965,58.965,0.7274441899469445,2.648208427215243,4.462789242075767
E02000808,Southwark 002,E09000028,Southwark,1.2274760480665952,11141,50,45,12,37,9076.348184185146,40.733992389305925,36.66059315037533,40.39134727582802,10.771025940220806,33.21066331568082,11.141,3.9318256327243257,1.7219517628647365,5.462372700822934,9.820382103028209,51749,5.1749,51.749,1.8692230216802403,6.222674678418876,10.917111148225993
E02000810,Southwark 004,E09000028,Southwark,0.7484288053320599,11890,20,5,0,0,15886.614618907795,26.72264864408376,6.6806621610209405,4.205214465937763,0.0,0.0,11.89,3.044522437723423,0.7958383400939013,2.3669880506100203,5.123183339943797,47649,4.7649,47.649,0.8478766888012369,2.5962384508848135,5.589748402403627
E02000812,Southwark 006,E09000028,Southwark,0.701537370773438,11366,26,14,3,8,16201.560278205989,37.06146113261972,19.956171379102923,12.317437972901637,2.639450994193208,7.038535984515221,11.366,3.295836866004329,0.9947018406229972,3.0186910964598,6.09712896202678,44815,4.4815,44.815,0.9774679032620356,2.7775783699803323,5.8862084109364154
E02000813,Southwark 007,E09000028,Southwark,0.9688576623961134,10449,39,8,0,2,10784.865935991298,40.25359091814151,8.257146855003386,7.656235046415925,0.0,1.9140587616039813,10.449,3.688879454113936,1.4118630371385914,4.424544053639311,7.978935975955442,50261,5.0261,50.261,1.478671899235756,4.676972627901622,8.422031785736062
E02000814,Southwark 008,E09000028,Southwark,1.2217147939590172,10780,28,0,0,0,8823.663307756931,22.91860599417385,0.0,0.0,0.0,0.0,10.78,3.367295829986474,1.0664481652427864,3.2637264227134386,6.315055764113947,61161,6.1161,61.161,1.4147097450376334,5.772005100132768,9.481992079778493
E02000815,Southwark 009,E09000028,Southwark,0.42113488055643,8906,21,7,0,2,21147.61899615826,49.865259254359245,16.621753084786416,7.859869750729845,0.0,2.2456770716370986,8.906,3.091042453358316,0.8642006148831523,2.625807244950859,4.811784995198982,57536,5.7536,57.536,1.0300684819947123,3.70300603494655,6.1661429547265
E02000816,Southwark 010,E09000028,Southwark,0.7594435293490516,9739,18,9,3,4,12823.863294151275,23.70156476996848,11.850782384984235,9.241195194578498,3.080398398192833,4.107197864257111,9.739,2.9444389791664403,0.7530865577673365,2.254175498234356,4.423271889253771,44922,4.4922,44.922,0.7223343330709567,1.979634287458048,4.122856248252286
E02000817,Southwark 011,E09000028,Southwark,0.662344711485284,6999,15,3,1,2,10567.0051842114,22.646817797281184,4.529363559456237,4.286326618088299,1.428775539362766,2.8575510787255323,6.999,2.772588722239781,0.6757279390014675,2.03303681985197,3.546625736882007,37574,3.7574,37.574,0.5267994600120803,1.1467775027268698,2.427596833538651
E02000818,Southwark 012,E09000028,Southwark,0.5853755457409328,10726,21,9,3,7,18323.27994915415,35.87440601643083,15.374745435613214,8.390826030206973,2.7969420100689915,6.526198023494312,10.726,3.091042453358316,0.8420855171208814,2.530333127570658,5.108518447960319,48209,4.8209,48.209,0.8777598612080489,2.6538534706580865,5.385080701945637
E02000819,Southwark 013,E09000028,Southwark,0.5367464466920763,8505,11,5,1,3,15845.470524147124,20.49384782664531,9.315385375747868,5.878894767783657,1.1757789535567311,3.5273368606701943,8.505,2.4849066497880004,0.5167500804373304,1.510877579796526,2.993861039963309,40498,4.0498,40.498,0.44974116026166017,1.0801764455152871,2.422649460491809
E02000820,Southwark 014,E09000028,Southwark,0.4497972577870768,9478,14,3,1,3,21071.715836219384,31.125134174622428,6.669671608847663,3.165224730955898,1.0550749103186323,3.165224730955898,9.478,2.70805020110221,0.6171536429696719,1.8209618964288707,3.663381538569008,45483,4.5483,45.483,0.600990928321138,1.6559239090772941,3.4977539266526985
E02000821,Southwark 015,E09000028,Southwark,0.7183035784558403,9167,12,2,1,1,12762.013548236231,16.70602842574831,2.784338070958052,2.1817388458601505,1.0908694229300753,1.0908694229300753,9.167,2.5649493574615367,0.5482835430761217,1.605254677740938,3.2519325226481324,43853,4.3853,43.853,0.5164566315498029,1.360052819916686,2.958394412826089
E02000822,Southwark 016,E09000028,Southwark,0.479176714034056,6806,6,3,1,1,14203.528261426083,12.52147657486872,6.26073828743436,4.407875404055245,1.4692918013517486,1.4692918013517486,6.806,1.9459101490553128,0.3334175521857752,0.9498336769196494,1.8785123277974107,39083,3.9083,39.083,0.2768574151084649,0.617533293302581,1.4212433787497978
E02000823,Southwark 017,E09000028,Southwark,0.6434629643822558,8736,16,4,1,2,13576.538951836688,24.865455955744853,6.216363988936213,4.5787545787545785,1.1446886446886446,2.289377289377289,8.736,2.833213344056216,0.6944044653243319,2.0756582661556218,3.932397489723834,49798,4.9798,49.798,0.7171710812044169,2.1474994380847905,4.086141033485546
E02000824,Southwark 018,E09000028,Southwark,0.9710188488459268,10117,18,3,1,1,10418.95325927425,18.53723027250534,3.08953837875089,2.9653059207274883,0.9884353069091628,0.9884353069091628,10.117,2.9444389791664403,0.7490427731869358,2.236902036383907,4.478589930848792,42312,4.2312,42.312,0.6896141799040677,1.7953417256040702,3.931549781382773
E02000825,Southwark 019,E09000028,Southwark,0.5324694565299789,10167,6,1,0,0,19094.05295518125,11.268251965288435,1.8780419942147395,0.983574309039048,0.0,0.0,10.167,1.9459101490553128,0.31783197338511,0.8870397482440044,2.09801005086778,43079,4.3079,43.079,0.3116558564637763,0.8207623269638614,2.03946339307413
E02000826,Southwark 020,E09000028,Southwark,0.5497243304623776,10079,6,1,1,1,18334.644187064583,10.914561476573816,1.819093579428969,0.9921619208254788,0.9921619208254788,0.9921619208254788,10.079,1.9459101490553128,0.3182306056029841,0.8886296996547137,2.0919483873832343,48373,4.8373,48.373,0.3451901960601344,1.0242093740576999,2.360196518450229
E02000827,Southwark 021,E09000028,Southwark,0.6812594704707692,11640,26,12,2,3,17086.001009213767,38.16460706525413,17.614434030117287,10.309278350515465,1.718213058419244,2.577319587628866,11.64,3.295836866004329,0.9908273356773696,3.0019058329199058,6.152306642873874,44409,4.4409,44.409,0.9729619977988663,2.755908996207809,5.935641582723889
E02000828,Southwark 022,E09000028,Southwark,0.6360972463453081,9678,21,8,1,6,15214.654764825467,33.01382001047063,12.576693337322146,8.266170696424881,1.03327133705311,6.19962802231866,9.678,3.091042453358316,0.8547498659701287,2.584877191236346,4.935487019707256,45155,4.5155,45.155,0.8166346953009447,2.2493611359993984,4.567373388238437
E02000829,Southwark 023,E09000028,Southwark,0.7925525464343652,10904,15,7,2,3,13758.07831172366,18.92618990057364,8.83222195360103,6.419662509170946,1.8341892883345563,2.7512839325018343,10.904,2.772588722239781,0.6391692327192867,1.8777289199718008,4.032523833865539,44391,4.4391,44.391,0.6306724727777958,1.750125745429242,3.9319789089329995
E02000830,Southwark 024,E09000028,Southwark,0.8357030833380753,9213,12,10,1,7,11024.25033924755,14.359166837183391,11.965972364319494,10.8542277216976,1.08542277216976,7.597959405188321,9.213,2.5649493574615367,0.5479244221566097,1.603752685505541,3.2568547034470496,55935,5.5935,55.935,0.6540572909636025,2.2735734101227445,4.2040621451029265
E02000831,Southwark 025,E09000028,Southwark,0.8058000203296221,9630,19,12,2,9,11950.855990374304,23.579051279035493,14.892032386759258,12.461059190031154,2.0768431983385254,9.345794392523365,9.63,2.995732273553991,0.7881853636048123,2.368991154667812,4.58291015249605,54320,5.432,54.32,0.903318153098327,3.063639021869169,5.552935157459014
E02000832,Southwark 026,E09000028,Southwark,0.8457291032966663,9744,23,6,1,3,11521.419757245818,27.195469459837213,7.094470293870577,6.157635467980295,1.026272577996716,3.078817733990148,9.744,3.1780538303479458,0.9201246582444076,2.797836976132369,5.28485018398038,44172,4.4172,44.172,0.860384027682133,2.3219728457862683,4.734572234430432
E02000833,Southwark 027,E09000028,Southwark,0.8262426973027802,7250,19,1,0,0,8774.66151733285,22.99566466611368,1.2102981403217723,1.3793103448275863,0.0,0.0,7.25,2.995732273553991,0.8153627251826958,2.4865537652314216,4.237952173644336,51351,5.1351,51.351,0.8284177222773296,2.4898794377756546,4.282645713381871
E02000834,Southwark 028,E09000028,Southwark,1.2136526423803513,9162,27,7,0,4,7549.112225414399,22.246892609276227,5.767712898701244,7.640253219820999,0.0,4.365858982754857,9.162,3.332204510175204,1.0589498031830589,3.2652170536185814,5.830073494949317,55942,5.5942,55.942,1.2179834404232837,4.2530430999570665,7.075488235870554
E02000835,Southwark 029,E09000028,Southwark,1.4598759284421532,7589,24,0,0,0,5198.386967102259,16.4397532231459,0.0,0.0,0.0,0.0,7.589,3.218875824868201,0.9826197078822756,3.035796955677726,5.078709128153442,55273,5.5273,55.273,1.0760587945377322,3.5704519406316253,5.724737486090332
E02000836,Southwark 030,E09000028,Southwark,0.7560967980540666,8259,15,8,2,7,10923.204570176502,19.83872969519888,10.580655837439402,9.68640271219276,2.42160067804819,8.475602373168664,8.259,2.772588722239781,0.6637088638457784,1.9815698116988112,3.696643541190523,59089,5.9089,59.089,0.813723283835486,2.9811017760743197,4.947624587322897
E02000837,Southwark 031,E09000028,Southwark,2.3808002307848577,8639,38,4,1,2,3628.61187944024,15.9610199581814,1.6801073640190949,4.630165528417641,1.1575413821044105,2.3150827642088205,8.639,3.6635616461296463,1.417610717822913,4.484264725382843,7.374466840749281,74871,7.4871,74.871,2.2906203531034444,12.223770781238407,14.7313147902298
E02000838,Southwark 032,E09000028,Southwark,1.0698375141162149,9457,30,1,0,0,8839.660112136151,28.04164146812779,0.9347213822709264,1.0574177857671565,0.0,0.0,9.457,3.4339872044851463,1.1507194361967783,3.5662070023126864,6.361054720807691,53942,5.3942,53.942,1.2767064814306397,4.28968258657454,7.316617372623836
E02000839,Southwark 033,E09000028,Southwark,2.761751400018597,8252,38,3,0,1,2987.959017580088,13.75938471498344,1.086267214340798,3.6354823073194376,0.0,1.211827435773146,8.252,3.6635616461296463,1.4254465551019817,4.519720146739783,7.281224929646215,59411,5.9411,59.411,1.6864555566666273,6.262984342014539,9.173328957154144
E02000840,Sutton 001,E09000029,Sutton,1.3675140049280787,9374,21,3,0,1,6854.774405394849,15.356332676903332,2.1937618109861905,3.200341369746106,0.0,1.0667804565820356,9.374,3.091042453358316,0.8584590053600315,2.6009180174837976,4.886400227686441,39211,3.9211,39.211,0.7245852464981271,1.7301758350753944,3.7639140238378035
E02000841,Sutton 002,E09000029,Sutton,1.1548504214143702,9345,23,3,0,0,8091.957041982092,19.91599914024485,2.597739018292806,3.2102728731942216,0.0,0.0,9.345,3.1780538303479458,0.9253687969603516,2.820647162981028,5.215970736065706,40765,4.0765,40.765,0.8012115423931067,1.9823942738873779,4.168429576939166
E02000842,Sutton 003,E09000029,Sutton,1.6184684066828343,8555,21,3,0,0,5285.8615989508735,12.975230108470877,1.853604301210125,3.5067212156633545,0.0,0.0,8.555,3.091042453358316,0.8685320089675569,2.644630343621492,4.7565722404587305,42882,4.2882,42.882,0.7707319580089977,1.9656534958223564,3.940278950872955
E02000843,Sutton 004,E09000029,Sutton,1.2782917229226445,10522,20,3,0,0,8231.297919963718,15.645880859083286,2.346882128862493,2.851168979281505,0.0,0.0,10.522,3.044522437723423,0.811497516795047,2.433808676865127,4.897850164048834,52927,5.2927,52.927,0.9244612413042064,3.0987595679501454,5.887479900091742
E02000844,Sutton 005,E09000029,Sutton,1.0109858082000454,8866,18,2,0,1,8769.658216849737,17.804404230013002,1.9782671366681115,2.2558087074216107,0.0,1.127904353710805,8.866,2.9444389791664403,0.762509402209881,2.2945804536641607,4.2981107505156935,42546,4.2546,42.546,0.682414561536488,1.7372152772825864,3.611755123998692
E02000845,Sutton 006,E09000029,Sutton,1.506542860724674,9378,9,6,1,1,6224.847791910158,5.97394221872376,3.98262814581584,6.397952655150352,1.0663254425250586,1.0663254425250586,9.378,2.302585092994046,0.4364723602781267,1.25385470715553,2.681848260722601,51012,5.1012,51.012,0.4812504282323323,1.497238431656656,3.0866744561872914
E02000846,Sutton 007,E09000029,Sutton,1.3663406805964518,7744,25,1,0,0,5667.6933578670105,18.29704725551075,0.73188189022043,1.2913223140495869,0.0,0.0,7.744,3.258096538021482,1.0140006747084622,3.1380784826620567,5.25933030156456,44055,4.4055,44.055,0.8942053421672169,2.3035824335958277,4.305042688104248
E02000847,Sutton 008,E09000029,Sutton,1.5418105706275995,9636,13,2,0,0,6249.795003077215,8.431645396430447,1.297176214835453,2.0755500207555,0.0,0.0,9.636,2.6390573296152584,0.5803804539977823,1.7028619885863134,3.4940879325133896,46086,4.6086,46.086,0.5761052999491018,1.614278812262842,3.434695349071644
E02000848,Sutton 009,E09000029,Sutton,1.149543227174486,8210,20,3,1,1,7141.9671795898685,17.398214810206746,2.6097322215310115,3.654080389768575,1.218026796589525,1.218026796589525,8.21,3.044522437723423,0.8386660068268984,2.5510552633186627,4.53932430723012,45355,4.5355,45.355,0.7756446469404581,2.076746325396242,3.9966448441064792
E02000849,Sutton 010,E09000029,Sutton,1.1940465652529997,8222,16,0,0,0,6885.828609421014,13.399812424073977,0.0,0.0,0.0,0.0,8.222,2.833213344056216,0.6995070040036843,2.097483629635126,3.866497462893677,46737,4.6737,46.737,0.6714400533186975,1.8532197359068354,3.603109720982038
E02000850,Sutton 011,E09000029,Sutton,4.979580464695272,10994,43,3,0,1,2207.8165174649475,8.63526562224784,0.6024603922498493,2.728761142441332,0.0,0.909587047480444,10.994,3.784189633918261,1.5202984128876615,4.779170428330313,8.734349778940553,44460,4.446,44.46,1.4359924075495731,4.0282739700451975,7.914925405594374
E02000851,Sutton 012,E09000029,Sutton,1.1415956221172152,12512,29,11,1,4,10960.098092173052,25.403040654812862,9.635636110446258,8.79156010230179,0.7992327365728901,3.1969309462915603,12.512,3.4011973816621555,1.0711633097917834,3.251096016699832,6.859855353296852,46602,4.6602,46.602,1.1177360478528076,3.3966303445267756,7.2424184378483805
E02000852,Sutton 013,E09000029,Sutton,0.948049121818716,8361,19,1,1,1,8819.1632770678,20.04115563500637,1.054797665000335,1.196029183112068,1.196029183112068,1.196029183112068,8.361,2.995732273553991,0.8025614540427225,2.4309657933059503,4.395624789303169,49254,4.9254,49.254,0.8059251467938369,2.3663887459396826,4.37320423823091
E02000853,Sutton 014,E09000029,Sutton,1.2466976195644406,8389,15,0,0,0,6728.977314427591,12.031786829945627,0.0,0.0,0.0,0.0,8.389,2.772588722239781,0.6624810320438639,1.976334439569931,3.7124782164555152,46086,4.6086,46.086,0.6324315257838341,1.7253692961980798,3.434449717553886
E02000854,Sutton 015,E09000029,Sutton,1.6268162739486742,7684,23,5,1,2,4723.336078602832,14.138043962501968,3.0734878179352103,6.507027589796981,1.3014055179593962,2.6028110359187924,7.684,3.1780538303479458,0.947522786618325,2.9176195733661725,4.938747690402552,51432,5.1432,51.432,0.9669841820726437,2.9437817631083645,5.0189496663557875
E02000855,Sutton 016,E09000029,Sutton,1.860887694961178,8226,24,6,2,3,4420.470951725871,12.897070610432884,3.224267652608221,7.293946024799417,2.431315341599805,3.646973012399709,8.226,3.218875824868201,0.9737445495915464,2.996697612280017,5.186201705583193,48521,4.8521,48.521,0.9505453109394666,2.740746419177687,4.937845205368629
E02000856,Sutton 017,E09000029,Sutton,1.2528508766110815,9406,20,8,1,2,7507.677230863185,15.963591815571306,6.385436726228522,8.50520944078248,1.06315118009781,2.12630236019562,9.406,3.044522437723423,0.8245000399420616,2.4897149743147,4.721386290586867,50065,5.0065,50.065,0.862604412615321,2.6417658782421007,4.996246041430964
E02000857,Sutton 018,E09000029,Sutton,1.0202533995264147,9243,20,1,0,1,9059.514042580451,19.60297315283015,0.9801486576415076,1.0818998160770312,0.0,1.0818998160770312,9.243,3.044522437723423,0.8264165118862876,2.497987286213624,4.696150110907106,49302,4.9302,49.302,0.8481965332673421,2.5434383227841315,4.82965539798545
E02000858,Sutton 019,E09000029,Sutton,1.5330192216714444,8690,22,0,0,0,5668.552538124949,14.350765919303669,0.0,0.0,0.0,0.0,8.69,3.1354942159291497,0.9005568556558078,2.748115173739485,4.942135543868653,39773,3.9773,39.773,0.7532347595771743,1.7949901633284364,3.7506943473167973
E02000859,Sutton 020,E09000029,Sutton,1.710504708856975,8759,23,1,0,0,5120.710837360454,13.44632369668803,0.5846227694212186,1.1416828405069073,0.0,0.0,8.759,3.1780538303479458,0.9331249457671998,2.854485394171967,5.116433561111617,47940,4.794,47.94,0.9150820699085679,2.6338531003238597,4.910253437015769
E02000860,Sutton 021,E09000029,Sutton,0.8780144340993432,9188,14,0,0,0,10464.520448829457,15.945068163214234,0.0,0.0,0.0,0.0,9.188,2.70805020110221,0.619708158176489,1.831740193875533,3.62861663754663,45701,4.5701,45.701,0.6014484797928616,1.65478742625471,3.445851668330721
E02000861,Sutton 022,E09000029,Sutton,2.562099344229015,7806,22,3,1,2,3046.72026772989,8.586708415328923,1.1709147839084897,3.8431975403535743,1.2810658467845246,2.562131693569049,7.806,3.1354942159291497,0.9119677682149832,2.798000017035592,4.800556040481369,56066,5.6066,56.066,1.0240472283526159,3.4747584104473694,5.6213238069210405
E02000863,Sutton 024,E09000029,Sutton,6.56436391629639,6749,23,2,0,0,1028.1270334883843,3.5037667462191195,0.3046753692364451,2.96340198547933,0.0,0.0,6.749,3.1780538303479458,0.9602260800825088,2.9736659777353767,4.789227581564886,48408,4.8408,48.408,0.9013974841334822,2.5079596771918355,4.295908775590708
E02000864,Tower Hamlets 001,E09000030,Tower Hamlets,1.2620288874552978,11754,31,7,2,5,9313.574448917943,24.563621568526138,5.546624225151064,5.955419431682832,1.7015484090522377,4.253871022630594,11.754,3.4657359027997265,1.1444275406247693,3.504806147133838,7.027862334477344,44640,4.464,44.64,1.1232805649450741,3.210567795192032,6.766838487653487
E02000865,Tower Hamlets 002,E09000030,Tower Hamlets,0.4636901772728884,8239,11,6,0,2,17768.329811203286,23.72273673057849,12.939674580315536,7.282437188979245,0.0,2.427479062993082,8.239,2.4849066497880004,0.5187116562918651,1.5190783768751868,2.967790788778577,41789,4.1789,41.789,0.45973497297830923,1.1306048894991512,2.4659518232556152
E02000866,Tower Hamlets 003,E09000030,Tower Hamlets,1.1345073540797,11205,25,8,1,6,9876.533598223676,22.035996426201866,7.051518856384597,7.1396697902722,0.892458723784025,5.35475234270415,11.205,3.258096538021482,0.9652254795489208,2.9246609021838217,5.89320997164582,48194,4.8194,48.194,1.0106260004422467,3.090870996932222,6.2487506974411735
E02000867,Tower Hamlets 004,E09000030,Tower Hamlets,0.8089073700885979,12161,14,5,1,2,15033.85980853164,17.307296876855762,6.181177456019915,4.111503988158868,0.8223007976317738,1.6446015952635475,12.161,2.70805020110221,0.5940137195912706,1.7242035402460505,4.001235774656282,51193,5.1193,51.193,0.6938428913881756,2.312469455329818,5.0179224391106665
E02000868,Tower Hamlets 005,E09000030,Tower Hamlets,0.3591839958180472,7484,8,8,1,6,20836.117664304813,22.272707284131283,22.272707284131283,10.689470871191876,1.3361838588989845,8.017103153393908,7.484,2.19722457733622,0.4096576295999439,1.1820801068212667,2.325752694624003,46816,4.6816,46.816,0.3979406950567777,1.0775285086449788,2.2157676838867824
E02000869,Tower Hamlets 006,E09000030,Tower Hamlets,0.3213090823003375,6076,3,12,3,9,18910.14084164784,9.336804233861674,37.347216935446696,19.749835418038185,4.937458854509546,14.812376563528638,6.076,1.3862943611198906,0.208458946429204,0.5744019595115847,1.1978927981816097,43418,4.3418,43.418,0.18969634925752676,0.45791498167958206,1.0415288385482344
E02000870,Tower Hamlets 007,E09000030,Tower Hamlets,0.3950523585947575,6425,8,7,1,4,16263.666980383046,20.250480286858267,17.719170251000982,10.894941634241246,1.556420233463035,6.22568093385214,6.425,2.19722457733622,0.4158837354485311,1.2078314661044107,2.246164225207942,42094,4.2094,42.094,0.3583307212660437,0.8506170913064237,1.7897050603066251
E02000871,Tower Hamlets 008,E09000030,Tower Hamlets,0.6690550847242358,12489,30,4,0,1,18666.62444565022,44.83935730398804,5.978580973865072,3.202818480262631,0.0,0.8007046200656578,12.489,3.4339872044851463,1.1020815746801442,3.352816339226184,7.027885540309934,42354,4.2354,42.354,1.056294075917306,2.911639008489871,6.5423829406816765
E02000872,Tower Hamlets 009,E09000030,Tower Hamlets,0.4574180163580748,8189,8,10,3,8,17902.661694876286,17.489472897668858,21.86184112208608,12.211503236048356,3.663450970814508,9.769202588838686,8.189,2.19722457733622,0.405564538758758,1.1652419895961408,2.3802940144376947,43512,4.3512,43.512,0.3762852560260572,0.9595653488407123,2.1213087062924094
E02000873,Tower Hamlets 010,E09000030,Tower Hamlets,0.504675493872556,10733,11,2,0,1,21267.131315693267,21.79618414913127,3.962942572569322,1.863411907202087,0.0,0.9317059536010436,10.733,2.4849066497880004,0.5006086217184376,1.443903722599311,3.221413254292066,43504,4.3504,43.504,0.4898608979021567,1.3242654533137364,3.109792397806723
E02000874,Tower Hamlets 011,E09000030,Tower Hamlets,0.3428002370139738,7901,19,3,0,0,23048.40880164831,55.425865995610415,8.751452525622698,3.796987723073029,0.0,0.0,7.901,2.995732273553991,0.8078371480429453,2.453829159507202,4.329642401744814,41414,4.1414,41.414,0.6878292192864551,1.6706515514018598,3.373599618407348
E02000875,Tower Hamlets 012,E09000030,Tower Hamlets,0.6674615980711587,14362,15,0,0,0,21517.3427827212,22.473203017742502,0.0,0.0,0.0,0.0,14.362,2.772588722239781,0.6084500805271997,1.7501332968308778,4.51809722943992,42908,4.2908,42.908,0.6387337177277201,1.8500451665869113,4.852863791602742
E02000876,Tower Hamlets 013,E09000030,Tower Hamlets,0.5385819356645432,7682,19,11,4,5,14263.38221039918,35.27782634699094,20.424004727205283,14.319187711533456,5.20697734964853,6.508721687060661,7.682,2.995732273553991,0.81036100885093,2.464789542414988,4.298577984821515,40858,4.0858,40.858,0.6786191153392109,1.6195397006801293,3.2671954489425596
E02000877,Tower Hamlets 014,E09000030,Tower Hamlets,0.8076587103829741,14485,30,5,1,2,17934.555541574646,37.14440222625056,6.190733704375093,3.4518467380048325,0.6903693476009665,1.380738695201933,14.485,3.4339872044851463,1.0711903384975714,3.219356986865122,7.504584124526307,40994,4.0994,40.994,1.0536578533058532,2.9429013825402537,7.280822552876765
E02000878,Tower Hamlets 015,E09000030,Tower Hamlets,0.6383997477807841,11329,21,31,5,27,17745.934329363474,32.89474983817044,48.558916427775415,27.363403654338423,4.413452202312649,23.832641892488304,11.329,3.091042453358316,0.8348839050925438,2.4994726775940905,5.210813447596988,47777,4.7777,47.777,0.8767359395236944,2.660044664504899,5.558515775636888
E02000879,Tower Hamlets 016,E09000030,Tower Hamlets,0.4438761304155972,8841,9,1,0,1,19917.718917938324,20.27592696091448,2.252880773434942,1.13109376767334,0.0,1.13109376767334,8.841,2.302585092994046,0.4398236574595762,1.267632061593258,2.6349118573085386,37127,3.7127,37.127,0.36471186435113356,0.8159011116041975,1.9893501074543927
E02000880,Tower Hamlets 017,E09000030,Tower Hamlets,0.3723025028454607,7390,7,4,1,1,19849.450228024707,18.80191496565263,10.743951408944362,5.412719891745603,1.353179972936401,1.353179972936401,7.39,2.079441541679836,0.3707854734070961,1.062053005801321,2.119775950464739,41917,4.1917,41.917,0.32835645060300284,0.7924535691955161,1.7632124558803417
E02000881,Tower Hamlets 018,E09000030,Tower Hamlets,0.7513090340079231,11228,27,2,0,1,14944.582710663362,35.937275845022334,2.662020432964617,1.7812611328820804,0.0,0.8906305664410402,11.228,3.332204510175204,1.028241824023759,3.130781578562378,6.239870082806265,43107,4.3107,43.107,0.9721253770281225,2.64902781835914,5.686821944556701
E02000882,Tower Hamlets 019,E09000030,Tower Hamlets,0.5741417430197172,11714,9,4,0,2,20402.627299645268,15.675571597815214,6.966920710140094,3.414717432132491,0.0,1.7073587160662456,11.714,2.302585092994046,0.4221885393862569,1.1956434010146506,2.895950898429048,38543,3.8543,38.543,0.3881179853087263,0.9559426128847797,2.557213165329084
E02000883,Tower Hamlets 020,E09000030,Tower Hamlets,0.4729086146890072,9979,14,8,3,4,21101.32843860829,29.604028273425804,16.916587584814746,8.016835354243913,3.006313257841468,4.008417677121956,9.979,2.70805020110221,0.6127652824219022,1.80249067058211,3.724227470341387,35010,3.501,35.01,0.4929180884587968,1.0805576498587888,2.683466250587562
E02000884,Tower Hamlets 021,E09000030,Tower Hamlets,0.5455404557098438,14975,15,20,1,9,27449.843257756016,27.49566937337832,36.66089249783775,13.35559265442404,0.6677796327212021,6.010016694490818,14.975,2.772588722239781,0.6031606276401112,1.7284365438837426,4.610084939932943,51922,5.1922,51.922,0.7671463760759516,2.7686930948727473,6.580453719301123
E02000885,Tower Hamlets 022,E09000030,Tower Hamlets,0.3382605994240366,7307,10,2,0,1,21601.6882026514,29.563005614686457,5.912601122937292,2.7371014096072264,0.0,1.3685507048036132,7.307,2.3978952727983707,0.4878377290791056,1.4284050918389994,2.6937949816669726,33786,3.3786,33.786,0.362409164082824,0.726396798769915,1.7235318322791517
E02000886,Tower Hamlets 023,E09000030,Tower Hamlets,0.5595580411154055,10037,13,3,0,1,17937.370679174866,23.23262118454452,5.361374119510272,2.9889409186011755,0.0,0.9963136395337252,10.037,2.6390573296152584,0.577074952224025,1.6890224318109752,3.540461886779923,56250,5.625,56.25,0.7058186418470388,2.518221281723624,4.740158003267833
E02000887,Tower Hamlets 024,E09000030,Tower Hamlets,0.5822875294052625,11197,14,2,0,1,19229.331618069176,24.04310463990073,3.4347292342715328,1.7861927301955882,0.0,0.8930963650977941,11.197,2.70805020110221,0.6022262778775295,1.758362262030006,3.876400777659421,39335,3.9335,39.335,0.5442237284981741,1.3533086067837745,3.322977034208546
E02000888,Tower Hamlets 025,E09000030,Tower Hamlets,0.6245758673022123,8835,28,2,1,1,14145.599377961598,44.83042247684491,3.2021730340603507,2.263723825693265,1.1318619128466327,1.1318619128466327,8.835,3.367295829986474,1.0964059007599345,3.3954992357091704,5.923842395810971,51615,5.1615,51.615,1.1472000043145323,3.6027299345694686,6.246520694413722
E02000889,Tower Hamlets 026,E09000030,Tower Hamlets,0.5797940304538158,9687,14,5,1,2,16707.657359662364,24.14650593943152,8.623752121225541,5.161556725508413,1.0323113451016823,2.064622690203365,9.687,2.70805020110221,0.6153191618544734,1.81323343450689,3.688642579269399,49308,4.9308,49.308,0.6491730333211637,1.9614577375397786,3.9653929056346326
E02000890,Tower Hamlets 027,E09000030,Tower Hamlets,0.9259037975800378,5989,38,4,0,2,6468.274582794648,41.04098082254077,4.320103244477975,6.678911337451996,0.0,3.3394556687259978,5.989,3.6635616461296463,1.4721419004454577,4.732732029380051,6.759115397164572,77442,7.7442,77.442,2.3327984336547627,12.449176025148194,13.066358113758072
E02000893,Tower Hamlets 030,E09000030,Tower Hamlets,1.0658584514853249,8074,23,0,0,0,7575.114677515101,21.578850332282304,0.0,0.0,0.0,0.0,8.074,3.1780538303479458,0.9422738841310998,2.894555278990905,5.002485724684976,44579,4.4579,44.579,0.8499813397168557,2.231098163326965,4.23914566370614
E02000894,Tower Hamlets 031,E09000030,Tower Hamlets,0.8417489077305866,11032,15,0,0,0,13106.046112662072,17.820040943612316,0.0,0.0,0.0,0.0,11.032,2.772588722239781,0.6380049728638292,1.872844122908028,4.049530957052121,53065,5.3065,53.065,0.7480778233493235,2.5391557772598667,5.095605855205812
E02000895,Waltham Forest 001,E09000031,Waltham Forest,2.192708631609809,8297,51,0,0,0,3783.9044733949154,23.258904199486643,0.0,0.0,0.0,0.0,8.297,3.951243718581428,1.8232570480555077,5.892774071841938,9.076861896268875,41501,4.1501,41.501,1.5025396834375018,3.7143907677940065,6.6871793121715495
E02000896,Waltham Forest 002,E09000031,Waltham Forest,2.81420398952383,9288,30,5,2,3,3300.4004096986414,10.660208041662278,1.7767013402770464,5.383290267011198,2.153316106804479,3.2299741602067185,9.288,3.4339872044851463,1.153492749268967,3.578492972208508,6.325806312675114,47173,4.7173,47.173,1.1165296422710111,3.2009043100840326,5.946405032821129
E02000897,Waltham Forest 003,E09000031,Waltham Forest,1.8811840344869948,8388,17,1,1,1,4458.89389141421,9.03686172556528,0.53158010150384,1.1921793037672863,1.1921793037672863,1.1921793037672863,8.388,2.8903717578961645,0.7329248506201949,2.20394505884594,4.060513235571837,42627,4.2627,42.627,0.6504181124939232,1.6406888134688287,3.3689498259798056
E02000898,Waltham Forest 004,E09000031,Waltham Forest,1.531251038587664,7973,16,0,0,0,5206.85361124968,10.44897250470273,0.0,0.0,0.0,0.0,7.973,2.833213344056216,0.7019923205974494,2.1081389838384847,3.834971364863705,42385,4.2385,42.385,0.6149525201645377,1.5278817656957573,3.1211584829728056
E02000899,Waltham Forest 005,E09000031,Waltham Forest,1.203444762230262,8877,17,11,2,6,7376.325261118643,14.12611574169392,9.140427832860771,12.391573729863692,2.2530134054297624,6.759040216289287,8.877,2.8903717578961645,0.7278376758579004,2.182121795355325,4.126326820477836,41152,4.1152,41.152,0.6357039942129019,1.5672489800172906,3.346481576019947
E02000900,Waltham Forest 006,E09000031,Waltham Forest,1.553229393771458,9128,21,4,0,0,5876.788088484432,13.520217994979522,2.5752796180913373,4.382120946538125,0.0,0.0,9.128,3.091042453358316,0.8614722589915074,2.613971261782831,4.8470362770982005,40043,4.0043,40.043,0.734261838885099,1.7772646481154764,3.7864069608339777
E02000901,Waltham Forest 007,E09000031,Waltham Forest,1.72018886338042,10229,21,4,0,1,5946.440078619354,12.20796183898782,2.3253260645691087,3.910450679440805,0.0,0.9776126698602012,10.229,3.091042453358316,0.8480678506877135,2.5560549272270623,5.025717090485569,49212,4.9212,49.212,0.8897612157897217,2.7224200617518863,5.344893691987436
E02000902,Waltham Forest 008,E09000031,Waltham Forest,1.2161135981143427,9667,14,0,0,0,7949.092926013873,11.512082441728998,0.0,0.0,0.0,0.0,9.667,2.70805020110221,0.6154944740895405,1.8139715788005208,3.686217736868978,45519,4.5519,45.519,0.60278289013456,1.6692202997346102,3.5501645614732844
E02000903,Waltham Forest 009,E09000031,Waltham Forest,1.9663249068952824,10367,24,1,0,0,5272.27212738149,12.20551085725434,0.5085629523855976,0.9645992090286486,0.0,0.0,10.367,3.218875824868201,0.9444978786053492,2.8689355121942675,5.564445417415818,40844,4.0844,40.844,0.8397248756116273,2.1298376700572375,4.6298163917349555
E02000904,Waltham Forest 010,E09000031,Waltham Forest,1.459214053596816,8456,25,1,0,1,5794.900329500534,17.132510434899878,0.6853004173959951,1.1825922421948911,0.0,1.1825922421948911,8.456,3.258096538021482,1.0037692092597448,3.0929375592296053,5.38390607892618,48109,4.8109,48.109,0.9761109223217951,2.8030995032694928,5.097193749765471
E02000905,Waltham Forest 011,E09000031,Waltham Forest,1.049431072499646,10411,14,6,0,5,9920.613437909722,13.34056172612968,5.71738359691272,5.763135145519162,0.0,4.802612621265968,10.411,2.70805020110221,0.6090063687188726,1.7867138918421417,3.777504218673264,49464,4.9464,49.464,0.6568509416510525,2.0240311982013726,4.200063958708985
E02000906,Waltham Forest 012,E09000031,Waltham Forest,0.6181123733101139,9464,9,0,0,0,15311.131775794116,14.560459211976651,0.0,0.0,0.0,0.0,9.464,2.302585092994046,0.4359380307664359,1.25166223110793,2.689442364921588,51411,5.1411,51.411,0.48551257226555167,1.52727298821451,3.1420758465732512
E02000907,Waltham Forest 013,E09000031,Waltham Forest,0.8936111963842072,11052,27,6,2,6,12367.79490310706,30.214482662313667,6.714329480514148,5.428881650380022,1.8096272167933405,5.428881650380022,11.052,3.332204510175204,1.0308227309187832,3.142015013711581,6.203865154005329,40445,4.0445,40.445,0.9209870418334429,2.3520864780880752,5.199617682216532
E02000908,Waltham Forest 014,E09000031,Waltham Forest,2.3557870801343475,14531,27,4,2,3,6168.214488709785,11.461137650207432,1.697946318549249,2.7527355309338657,1.3763677654669328,2.064551648200399,14.531,3.332204510175204,0.9809868231641384,2.927257251206558,6.955700110955585,51580,5.158,51.58,1.1933310764281404,4.248321136990867,9.244472536764892
E02000909,Waltham Forest 015,E09000031,Waltham Forest,1.3921878893823392,9241,19,2,0,2,6637.753474568638,13.647583163813886,1.436587701454093,2.1642679363705226,0.0,2.1642679363705226,9.241,2.995732273553991,0.7925646325203567,2.3878190741812397,4.524666812842407,51144,5.1144,51.144,0.8450931394312239,2.6422423896984193,4.925180530655987
E02000910,Waltham Forest 016,E09000031,Waltham Forest,0.7906218576105263,11340,14,6,2,4,14343.140011677082,17.70758026132973,7.588962969141313,5.291005291005291,1.7636684303350971,3.5273368606701943,11.34,2.70805020110221,0.601000890361135,1.7532527220876644,3.894669822020914,48072,4.8072,48.072,0.6464462814171047,1.9696997062029233,4.318938664189743
E02000911,Waltham Forest 017,E09000031,Waltham Forest,0.8905852572343282,13371,39,23,4,13,15013.72259577149,43.79142780907099,25.825713836118787,17.201406027970982,2.991548874429736,9.722533841896642,13.371,3.688879454113936,1.354307590620854,4.169115417561166,8.783543968356886,49977,4.9977,49.977,1.5231472380232585,5.107227217277361,10.34576878471856
E02000912,Waltham Forest 018,E09000031,Waltham Forest,2.499775188683487,9616,11,0,0,0,3846.745916805539,4.400395703500513,0.0,0.0,0.0,0.0,9.616,2.4849066497880004,0.5086370557834264,1.4771012659026113,3.1052473609382734,41177,4.1177,41.177,0.4618726756179004,1.1548291233320653,2.6798287692160185
E02000913,Waltham Forest 019,E09000031,Waltham Forest,1.0570841913225668,9626,21,3,0,1,9106.181020412829,19.865967320659607,2.837995331522801,3.1165593185123623,0.0,1.0388531061707875,9.626,3.091042453358316,0.8553831859063055,2.5876139860342096,4.927055771458247,42646,4.2646,42.646,0.7771472503179758,2.018770950800601,4.2327703657175615
E02000914,Waltham Forest 020,E09000031,Waltham Forest,0.6995578217397554,11993,18,12,2,6,17143.686522115036,25.73053926441013,17.153692842940085,10.005836738097225,1.6676394563495374,5.002918369048612,11.993,2.9444389791664403,0.7292926453506243,2.153113364188484,4.763538786792854,39285,3.9285,39.285,0.6649257690077537,1.6838600427869528,4.133693676708317
E02000915,Waltham Forest 021,E09000031,Waltham Forest,1.4935577611548203,7946,24,2,0,1,5320.182591302089,16.069013615813006,1.3390844679844172,2.51698968034231,0.0,1.258494840171155,7.946,3.218875824868201,0.9776358012441388,3.013821723065568,5.138674796804208,52606,5.2606,52.606,1.0259148578509523,3.2279256675020322,5.4417729776104595
E02000916,Waltham Forest 022,E09000031,Waltham Forest,2.2225515612433338,10821,23,10,3,5,4868.728441983387,10.348466330802871,4.499333187305597,9.24129008409574,2.772387025228722,4.62064504204787,10.821,3.1780538303479458,0.9061173255427176,2.7371833578784983,5.475348147949302,44258,4.4258,44.258,0.8730742473749589,2.4179956438603196,5.135675684582134
E02000917,Waltham Forest 023,E09000031,Waltham Forest,0.6788538770826132,9427,11,8,3,6,13886.640878465189,16.203781655151914,11.78456847647412,8.48626286199215,3.182348573247056,6.364697146494112,9.427,2.4849066497880004,0.5100081725192607,1.482793420696307,3.086010286634279,47657,4.7657,47.657,0.522905871612209,1.5101682975535353,3.1854114796241526
E02000918,Waltham Forest 024,E09000031,Waltham Forest,0.8322795506052227,9371,24,7,0,3,11259.438001553122,28.83646484230871,8.410635579006708,7.469853804289831,0.0,3.2013659161242134,9.371,3.218875824868201,0.9579926174832092,2.927678772588503,5.385170654162503,44267,4.4267,44.267,0.8870025566619857,2.379933203821932,4.750300918200763
E02000919,Waltham Forest 025,E09000031,Waltham Forest,0.5624910158867582,9267,12,5,1,5,16474.929800239956,21.33367406958881,8.88903086232867,5.395489370885939,1.0790978741771875,5.395489370885939,9.267,2.5649493574615367,0.5475031455539019,1.6019912703765185,3.2626424230460667,46493,4.6493,46.493,0.5444010467059291,1.5263488642297618,3.215605800875015
E02000920,Waltham Forest 026,E09000031,Waltham Forest,1.7469619894003474,10412,25,5,0,2,5960.060987688671,14.310557500212903,2.862111500042581,4.802151363810987,0.0,1.920860545524395,10.412,3.258096538021482,0.976189678845116,2.9722411666583857,5.741538010213724,41775,4.1775,41.775,0.8832267170945245,2.291364964806256,4.900915471578331
E02000921,Waltham Forest 027,E09000031,Waltham Forest,0.8402160736223576,10962,17,1,0,0,13046.644005202605,20.23289072144173,1.1901700424377488,0.9122422915526364,0.0,0.0,10.962,2.8903717578961645,0.7065402232086602,2.091470672164098,4.419126685107576,40069,4.0069,40.069,0.6382360477142129,1.6076817072283758,3.778573471138883
E02000922,Waltham Forest 028,E09000031,Waltham Forest,0.6528432629081945,10216,15,2,1,2,15648.472735233872,22.976418464027805,3.0635224618703742,1.9577133907595927,0.9788566953797964,1.9577133907595927,10.216,2.772588722239781,0.6454636267176698,1.904203819377818,3.9423268084272944,44139,4.4139,44.139,0.6224042456659463,1.6912143176679475,3.7118041025753206
E02000923,Wandsworth 001,E09000032,Wandsworth,1.3427148877479558,7859,12,4,0,2,5853.066851132757,8.937116963175095,2.979038987725032,5.089706069474488,0.0,2.544853034737244,7.859,2.5649493574615367,0.5585941625074412,1.6485572528820016,3.1150419132088745,60363,6.0363,60.363,0.7015279959394637,2.6188412833372885,4.3253132917042665
E02000925,Wandsworth 003,E09000032,Wandsworth,0.4420887843904225,8082,6,1,0,1,18281.395695536423,13.571934443605365,2.2619890739342274,1.2373174956693886,0.0,1.2373174956693886,8.082,1.9459101490553128,0.3274124773411952,0.9254869282899856,1.959001350131479,46885,4.6885,46.885,0.32735145145000133,0.8980379472753707,1.9536298598798145
E02000926,Wandsworth 004,E09000032,Wandsworth,0.8059624116541981,13212,19,6,1,4,16392.82404359655,23.5743003957262,7.44451591443985,4.541326067211625,0.7568876778686042,3.027550711474417,13.212,2.995732273553991,0.7489803146683098,2.202448493535414,5.155735571492085,61975,6.1975,61.975,1.09498720323791,4.791318515189711,8.998535286306995
E02000927,Wandsworth 005,E09000032,Wandsworth,0.4500646694742101,7358,10,4,0,2,16348.76163151401,22.2190291268198,8.88761165072792,5.436259853220983,0.0,2.718129926610492,7.358,2.3978952727983707,0.487483480790714,1.426923374420971,2.6983159204746148,50140,5.014,50.14,0.4988770521108918,1.4556701933406233,2.7709949235715547
E02000928,Wandsworth 006,E09000032,Wandsworth,0.9676797701169004,8255,10,4,0,3,8530.714658840863,10.333997163950167,4.133598865580067,4.845548152634767,0.0,3.634161114476075,8.255,2.3978952727983707,0.4812947606185084,1.4011123966793135,2.7790831311173423,66868,6.6868,66.868,0.6988413903587833,3.050833601867177,4.791018295827049
E02000929,Wandsworth 007,E09000032,Wandsworth,0.4030875431236205,8241,11,3,0,0,20444.69034229772,27.289357331061147,7.4425519993803135,3.6403349108117946,0.0,0.0,8.241,2.4849066497880004,0.5186968798541448,1.519016550966342,2.9679859561855126,41282,4.1282,41.282,0.45522218420406874,1.1066366988747698,2.4305547239495637
E02000930,Wandsworth 008,E09000032,Wandsworth,0.8104603771141903,10684,21,25,3,14,13182.630886956576,25.911198860547373,30.84666531017544,23.39947585174092,2.8079371022089106,13.103706476974915,10.684,3.091042453358316,0.84258942985084,2.5324967514821712,5.101468690839709,60654,6.0654,60.654,1.1183362927989002,4.49164700321773,7.683317283987597
E02000931,Wandsworth 009,E09000032,Wandsworth,0.7957480163712064,8823,6,4,0,1,11087.680796535196,7.540075346164703,5.026716897443135,4.533605349654312,0.0,1.133401337413578,8.823,1.9459101490553128,0.3239749710860007,0.9116357312804162,2.0073165729158173,68536,6.8536,68.536,0.5038304929976765,2.306636059615706,3.848250739659506
E02000932,Wandsworth 010,E09000032,Wandsworth,1.568919211663541,14023,47,26,1,14,8938.00005491122,29.95692808819991,16.571917665812716,18.54096840904229,0.7131141695785496,9.983598374099694,14.023,3.871201010907891,1.5689445381670792,4.87021401668265,10.309640140000202,72729,7.2729,72.729,2.7738813704166656,15.907482929901319,23.671046253792426
E02000933,Wandsworth 011,E09000032,Wandsworth,1.0745429925749028,8978,15,7,1,4,8355.179887671338,13.95942284641012,6.514397328324724,7.796836711962575,1.1138338159946537,4.455335263978615,8.978,2.772588722239781,0.6569464071274232,1.952786944476897,3.785075614014256,61574,6.1574,61.574,0.8615587994393532,3.394886190204553,5.602013626357708
E02000934,Wandsworth 012,E09000032,Wandsworth,0.7854866064285113,9364,32,16,3,10,11921.272652345646,40.73907783800306,20.36953891900153,17.086715079026057,3.203759077317386,10.679196924391286,9.364,3.49650756146648,1.2157283988111924,3.785754834502317,6.65068283981504,61206,6.1206,61.206,1.545806900969691,6.12365844122936,9.34925457220228
E02000935,Wandsworth 013,E09000032,Wandsworth,1.4276380284244323,7460,14,0,0,0,5225.414181655691,9.806407311418186,0.0,0.0,0.0,0.0,7.46,2.70805020110221,0.6351502623712144,1.8972996259288628,3.428199223151622,41613,4.1613,41.613,0.5439225292373544,1.311516111123448,2.6990812771094745
E02000936,Wandsworth 014,E09000032,Wandsworth,0.9016502783119844,9533,21,4,0,1,10572.835421120384,23.290626648854303,4.43630983787701,4.195950907374384,0.0,1.048987726843596,9.533,3.091042453358316,0.8565170245776826,2.592515865628239,4.912012706467341,60066,6.0066,60.066,1.0903715061218995,4.211757973613568,6.943829237340288
E02000937,Wandsworth 015,E09000032,Wandsworth,1.2263094072520908,7940,21,3,0,3,6474.711808492051,17.12455264210744,2.4463646631582057,3.778337531486146,0.0,3.778337531486146,7.94,3.091042453358316,0.8761736113044417,2.6779369034985208,4.661355044197363,60926,6.0926,60.926,1.0877554243622294,4.136291538236837,6.334493380345348
E02000938,Wandsworth 016,E09000032,Wandsworth,1.7601420459265,11068,27,0,0,0,6288.128861880604,15.3396710580752,0.0,0.0,0.0,0.0,11.068,3.332204510175204,1.0305878355720768,3.140992128955913,6.207129726427621,46121,4.6121,46.121,1.0290017955648416,2.9936770901106673,6.130403982651826
E02000939,Wandsworth 017,E09000032,Wandsworth,0.7283122246909307,7532,13,1,1,1,10341.718489204692,17.849487567666092,1.3730375052050838,1.327668613913967,1.327668613913967,1.327668613913967,7.532,2.6390573296152584,0.5980368590213556,1.7773566405016528,3.2605411828217474,66493,6.6493,66.493,0.836298829393106,3.5682237359743443,5.300240519997457
E02000940,Wandsworth 018,E09000032,Wandsworth,0.700771702655424,9518,19,11,0,3,13582.169433973406,27.11296693060461,15.696980854560566,11.55704980037823,0.0,3.1519226728304264,9.518,2.995732273553991,0.7894437464134856,2.3743967764123566,4.566064428094312,54714,5.4714,54.714,0.9090601635838947,3.1033231349911237,5.570457857531441
E02000941,Wandsworth 019,E09000032,Wandsworth,1.0685888950643108,10258,18,3,1,2,9599.575709031342,16.84464444946034,2.807440741576724,2.9245466952622348,0.9748488984207448,1.9496977968414893,10.258,2.9444389791664403,0.7475399439790166,2.230492711031923,4.499401136566992,67613,6.7613,67.613,1.1315070200746669,5.273731973908647,8.233264282278851
E02000942,Wandsworth 020,E09000032,Wandsworth,1.0111195374577269,9645,16,6,2,4,9538.931493946371,15.824043950559044,5.934016481459641,6.2208398133748055,2.073613271124936,4.147226542249871,9.645,2.833213344056216,0.6854716603611501,2.0376149617682886,4.051702103796272,60991,6.0991,60.991,0.9019572999271034,3.560816139781672,6.028953515647299
E02000943,Wandsworth 021,E09000032,Wandsworth,0.705590618970197,8798,21,10,1,7,12468.986638230252,29.76230045497105,14.17252402617669,11.366219595362582,1.1366219595362583,7.956353716753807,8.798,3.091042453358316,0.8655310458332738,2.631584653852787,4.794728537697711,70683,7.0683,70.683,1.329425808936855,6.442105107124781,8.934167824367405
E02000944,Wandsworth 022,E09000032,Wandsworth,0.5856939945518489,7876,13,1,0,0,13447.29512896307,22.195890893412887,1.707376222570222,1.2696800406297613,0.0,0.0,7.876,2.6390573296152584,0.595113765022996,1.7649577465357176,3.297629425978912,47255,4.7255,47.255,0.5770361135118774,1.5971022348441704,3.122894943783923
E02000945,Wandsworth 023,E09000032,Wandsworth,2.2098685949613466,8186,27,3,0,1,3704.2926528141297,12.217921039088871,1.3575467821209857,3.664793549963352,0.0,1.221597849987784,8.186,3.332204510175204,1.0737738694541012,3.3307185348053543,5.645952292041964,37989,3.7989,37.989,0.8481386266339026,1.9213800239634309,3.9276017291421477
E02000946,Wandsworth 024,E09000032,Wandsworth,1.065842877598782,8175,18,9,0,7,7669.986047490704,16.888042673374027,8.444021336687014,11.009174311926609,0.0,8.562691131498472,8.175,2.9444389791664403,0.7700513265114122,2.3270747854354026,4.201558779231232,53886,5.3886,53.886,0.8442909717548799,2.7440063454437698,4.760113125956491
E02000947,Wandsworth 025,E09000032,Wandsworth,0.8327272246827659,9207,8,2,0,0,11056.44168594041,9.606987453842,2.4017468634605,2.1722602367763657,0.0,0.0,9.207,2.19722457733622,0.3997262865148429,1.1413505508824218,2.461314841640792,60805,6.0805,60.805,0.5337289178598594,2.068391962908915,3.7610688760284914
E02000948,Wandsworth 026,E09000032,Wandsworth,1.327424999925397,9945,8,1,0,1,7491.948698087592,6.026705840593337,0.7533382300741671,1.0055304172951232,0.0,1.0055304172951232,9.945,2.19722457733622,0.395546458652397,1.1243372944616072,2.5217699591075595,67075,6.7075,67.075,0.6085403186449979,2.7673114014113085,4.755701798476982
E02000949,Wandsworth 027,E09000032,Wandsworth,1.3979303367787106,10074,20,8,1,6,7206.367681535402,14.306864565287675,5.72274582611507,7.941234862021044,0.9926543577526304,5.955926146515783,10.074,3.044522437723423,0.8166923489784043,2.456098921376052,4.8262327634846525,66227,6.6227,66.227,1.1918051316261986,5.363184618012273,8.357462950797466
E02000950,Wandsworth 028,E09000032,Wandsworth,0.858695446582329,7527,17,1,1,1,8765.622351857126,19.797473094402967,1.1645572408472336,1.3285505513484788,1.3285505513484788,1.3285505513484788,7.527,2.8903717578961645,0.7419685952150364,2.242901869543126,3.947173817425949,51602,5.1602,51.602,0.7668578240709119,2.330678750075439,4.096393281972911
E02000951,Wandsworth 029,E09000032,Wandsworth,0.492411615438972,6454,16,7,0,3,13106.920709509315,32.49314089745105,14.215749142634834,10.84598698481562,0.0,4.648280136349551,6.454,2.833213344056216,0.7173461511038516,2.174323428174656,3.648140138381762,62022,6.2022,62.022,0.8855990502480715,3.3349085055184413,4.916873312357763
E02000952,Wandsworth 030,E09000032,Wandsworth,0.5583146502521065,6105,7,3,1,2,10934.694257518217,12.53773297340336,5.373314131458583,4.914004914004914,1.638001638001638,3.276003276003276,6.105,2.079441541679836,0.3776344594995713,1.0901920454967589,2.032079801219414,58910,5.891,58.91,0.45036872863614363,1.5587011210724953,2.6184235497562427
E02000953,Wandsworth 031,E09000032,Wandsworth,0.6884442534650365,7556,10,0,0,0,10975.471088573391,14.52550435226759,0.0,0.0,0.0,0.0,7.556,2.3978952727983707,0.4861106002095002,1.4211853770497436,2.715939826200303,58988,5.8988,58.988,0.5942596727431245,2.132690730508616,3.62762753624821
E02000954,Wandsworth 032,E09000032,Wandsworth,0.4504345331742859,6300,6,1,1,1,13986.494231698598,13.320470696855809,2.220078449475968,1.5873015873015872,1.5873015873015872,1.5873015873015872,6.3,1.9459101490553128,0.335829261072209,0.9596648463376914,1.84751768846682,55537,5.5537,55.537,0.3793024725121939,1.219293509242746,2.200023255879441
E02000955,Wandsworth 033,E09000032,Wandsworth,0.5609163629565129,6982,4,2,0,0,12447.48854035714,7.131187934893806,3.565593967446903,2.864508736751647,0.0,0.0,6.982,1.6094379124341005,0.2491998284795599,0.6932336567436714,1.4625534239426434,46369,4.6369,46.369,0.24343602353562774,0.64251259310967,1.4112167006175451
E02000956,Wandsworth 034,E09000032,Wandsworth,0.8572775835685089,7618,27,7,0,4,8886.26991538641,31.49504958196811,8.165383224954695,9.18876345497506,0.0,5.250721974271463,7.618,3.332204510175204,1.08249633138767,3.36944143224596,5.541488401168693,46991,4.6991,46.991,1.0040365611665718,2.760091611411756,4.883010341860335
E02000957,Wandsworth 035,E09000032,Wandsworth,0.7434761999800664,11212,23,15,4,8,15080.509638776077,30.935758267200296,20.17549452208715,13.37852301105958,3.567606136282554,7.135212272565108,11.212,3.1780538303479458,0.9010849581875642,2.715490182036154,5.546193745889996,50293,5.0293,50.293,0.9867682369535473,3.165145979634211,6.288236119535615
E02000958,Wandsworth 036,E09000032,Wandsworth,0.8907631476940234,8453,15,3,1,2,9489.61575462886,16.83949323547059,3.3678986470941186,3.549035845262037,1.183011948420679,2.366023896841358,8.453,2.772588722239781,0.661877395646736,1.9737621088909167,3.7202986467136783,51069,5.1069,51.069,0.6975204626946268,2.1359303520083524,3.9831916341692275
E02000959,Wandsworth 037,E09000032,Wandsworth,0.5225084177540982,7902,12,3,0,0,15123.20133322488,22.966137180295945,5.741534295073986,3.7965072133637054,0.0,0.0,7.902,2.5649493574615367,0.5582521422823482,1.6471152980499406,3.119449177862099,47191,4.7191,47.191,0.542869480985969,1.5004064395889727,2.968914935942264
E02000960,Westminster 001,E09000033,Westminster,0.922320206563816,6484,13,6,2,6,7030.09643923633,14.094887987364634,6.505332917245216,9.253547193090684,3.0845157310302285,9.253547193090684,6.484,2.6390573296152584,0.6070308949635124,1.8156694826724504,3.150102881876228,59632,5.9632,59.632,0.722380693974773,2.57356407582524,4.028494814902133
E02000961,Westminster 002,E09000033,Westminster,0.8113611545063293,10112,11,2,0,0,12463.007310416064,13.557464439732666,2.4649935344968483,1.9778481012658229,0.0,0.0,10.112,2.4849066497880004,0.5050562860093563,1.462266826504507,3.1563041794518303,51236,5.1236,51.236,0.5653543754509863,1.7993361836710384,3.712943795596349
E02000962,Westminster 003,E09000033,Westminster,0.6939642987963688,8250,17,2,0,0,11888.219630763471,24.49693742096716,2.8819926377608422,2.4242424242424243,0.0,0.0,8.25,2.8903717578961645,0.7343669173670633,2.210143164628499,4.042130724523684,43430,4.343,43.43,0.6595884711767717,1.689507160930516,3.413131097177268
E02000963,Westminster 004,E09000033,Westminster,0.4870540239108308,10407,7,1,0,0,21367.23954446848,14.372122303380351,2.0531603290543363,0.9608917075045642,0.0,0.0,10.407,2.079441541679836,0.3551892334356932,0.9988079215950008,2.3408377671782774,38221,3.8221,38.221,0.3168186007287656,0.7512434842700985,1.9769031712257872
E02000964,Westminster 005,E09000033,Westminster,0.5085956156800703,12116,22,11,2,3,23822.46253499266,43.25636973999988,21.62818486999993,9.078903928689336,1.650709805216243,2.4760647078243645,12.116,3.1354942159291497,0.8576659677836055,2.563043505809014,5.531416195537958,38966,3.8966,38.966,0.7726897237135619,1.9505032998401928,4.709103652516114
E02000965,Westminster 006,E09000033,Westminster,0.4912797113180334,7931,4,2,0,0,16143.552882984435,8.142001201858244,4.071000600929122,2.5217500945656286,0.0,0.0,7.931,1.6094379124341005,0.2458540131267392,0.6799741262986364,1.5089088890248248,58618,5.8618,58.618,0.3126814314221137,1.1156740920778025,2.1528064324452707
E02000966,Westminster 007,E09000033,Westminster,0.5603850160225206,9516,22,2,0,2,16981.182094307773,39.2587227905392,3.568974799139927,2.101723413198823,0.0,2.101723413198823,9.516,3.1354942159291497,0.8900236919330784,2.702307401603973,5.078197035752671,58064,5.8064,58.064,1.0868854467170663,4.0099761923750945,6.7483907782015224
E02000967,Westminster 008,E09000033,Westminster,1.4140582242452655,6456,44,15,4,14,4565.582865900591,31.116116186435256,10.607766881739291,23.234200743494423,6.195786864931846,21.685254027261465,6.456,3.80666248977032,1.6533802927687875,5.351679577388032,7.653464913067733,59578,5.9578,59.578,1.8595226837808452,6.668014217795119,8.91188979243447
E02000968,Westminster 009,E09000033,Westminster,0.6084724149642462,15575,18,9,1,5,25596.887577746947,29.58227777845554,14.79113888922777,5.778491171749599,0.6420545746388443,3.2102728731942216,15.575,2.9444389791664403,0.6930169731924463,2.001747147102729,5.358941273564784,31951,3.1951,31.951,0.6016945308474224,1.3948479141875167,4.349799275892852
E02000969,Westminster 010,E09000033,Westminster,0.5434019163457767,10024,12,1,1,1,18446.751287534185,22.083102100001017,1.8402585083334184,0.9976057462090984,0.9976057462090984,0.9976057462090984,10.024,2.5649493574615367,0.5416314549669208,1.5775015227447913,3.344868790876506,34805,3.4805,34.805,0.437393544597147,0.9543241786606007,2.4272166416007046
E02000970,Westminster 011,E09000033,Westminster,1.0840892597822946,7053,36,36,6,28,6505.921847631231,33.207597691014364,33.207597691014364,51.04210974053594,8.507018290089324,39.69941868708352,7.053,3.610917912644224,1.3859754823656558,4.411164387928289,6.724852184249892,73956,7.3956,73.956,2.1152889344210846,10.667634886944022,12.324042258713495
E02000971,Westminster 012,E09000033,Westminster,0.5405729971591327,7776,33,19,2,15,14384.73627218734,61.04633448844937,35.14788955395569,24.434156378600825,2.57201646090535,19.290123456790123,7.776,3.5263605246161616,1.2757966507480178,4.019608177444515,6.457400987986625,61517,6.1517,61.517,1.5631556841406813,6.021871413010091,8.57110982128558
E02000972,Westminster 013,E09000033,Westminster,1.2924213071457211,8358,80,92,18,84,6466.931451678421,61.89931994906361,71.18421794142314,110.07418042593922,21.536252692031585,100.50251256281408,8.358,4.394449154672439,2.6643162806485283,8.869194654482667,12.743867210978667,49647,4.9647,49.647,2.5249125976054736,7.555591517118612,11.496814133148133
E02000973,Westminster 014,E09000033,Westminster,0.542502576010937,9407,12,5,0,3,17340.00982847011,22.11971063480826,9.216546097836776,5.315190815350271,0.0,3.1891144892101626,9.407,2.5649493574615367,0.5464124547725316,1.5974336427587936,3.277695566469188,54907,5.4907,54.907,0.6425726571827699,2.191113560373135,4.139770487514177
E02000974,Westminster 015,E09000033,Westminster,0.689337714211111,9237,31,25,5,20,13399.818129160349,44.97070066081745,36.2666940813044,27.06506441485331,5.413012882970661,21.652051531882645,9.237,3.4657359027997265,1.1862009271033536,3.689004809574772,6.469662978908838,51368,5.1368,51.368,1.2425669956861605,3.9177699594838975,6.831766601210195
E02000975,Westminster 016,E09000033,Westminster,0.4847225456223576,7500,27,14,3,10,15472.769046404484,55.70196856705613,28.88250221995504,18.666666666666668,4.0,13.333333333333332,7.5,3.332204510175204,1.0843172619760677,3.3775422830656288,5.520030069686934,54444,5.4444,54.444,1.1594814856647602,3.7705351628921524,6.000342612510132
E02000976,Westminster 017,E09000033,Westminster,0.4619187579901125,8326,23,20,3,13,18024.81465837813,49.79230568612744,43.29765711837168,24.02113860196973,3.60317079029546,15.613740091280327,8.326,3.1780538303479458,0.9388977597903309,2.879749255038823,5.044107116276154,52728,5.2728,52.728,0.9994325653996206,3.1791839954340237,5.46056210112641
E02000977,Westminster 018,E09000033,Westminster,2.594652408973897,7027,140,100,31,92,2708.2625694664653,53.95713102679737,38.54080787628384,142.30823964707557,44.11555429059343,130.9235804753095,7.027,4.948759890378168,4.368441182823359,15.219454328784929,18.60003291570832,48724,4.8724,48.724,3.825622372399315,10.92542473671708,14.830681996361754
E02000978,Westminster 019,E09000033,Westminster,3.59334771178837,7538,67,19,2,15,2097.7652608654507,18.645565465373465,5.28754841555367,25.205624834173523,2.6532236667551072,19.899177500663303,7.538,4.219507705176107,2.3199796575991942,7.670621623515482,10.858452233755695,66865,6.6865,66.865,3.0352199993637137,13.211585990743423,15.77653111736371
E02000979,Westminster 020,E09000033,Westminster,1.588598057560331,8521,94,33,4,26,5363.848935511112,59.17166998451409,20.77303307966984,38.7278488440324,4.6942847083675625,30.51285060438916,8.521,4.553876891600541,3.0476979959146635,10.244956934385703,14.465221445447131,53496,5.3496,53.496,3.103511369687014,10.190902466290213,14.494712152754262
E02000980,Westminster 021,E09000033,Westminster,0.5392128760225899,8874,21,5,0,2,16457.322134919177,38.94565752009272,9.272775600022074,5.634437683119225,0.0,2.2537750732476898,8.874,3.091042453358316,0.8645946033039823,2.6275177462396924,4.806724914146089,46349,4.6349,46.349,0.8278249615535349,2.301914947720267,4.456997994816563
E02000981,Westminster 022,E09000033,Westminster,0.3641739068461588,8430,7,10,2,7,23148.281196217496,19.22158580943327,27.459408299190383,11.862396204033216,2.372479240806643,8.30367734282325,8.43,2.079441541679836,0.3653333801758975,1.03981166052021,2.193515342210109,57416,5.7416,57.416,0.44985017148407147,1.584257718238513,2.9734993940656507
E02000982,Westminster 023,E09000033,Westminster,0.6535905970918248,7453,63,19,4,13,11403.16282572362,96.39061559379957,29.07018565527288,25.493090030860053,5.366966322286328,17.442640547430567,7.453,4.158883083359672,2.2050803001666828,7.264731915532064,10.339884012110884,43989,4.3989,43.989,1.8476536430658816,4.752562708074719,7.782800117234556
E02000983,Westminster 024,E09000033,Westminster,0.5579599553397497,7625,17,3,1,3,13665.85527693834,30.46813635514122,5.376729945024921,3.9344262295081966,1.3114754098360657,3.9344262295081966,7.625,2.8903717578961645,0.7409336235620276,2.23843325876408,3.9599130112764,47307,4.7307,47.307,0.7060672577382634,1.949192110408502,3.6457359170724764
E02006782,Bromley 040,E09000006,Bromley,2.599492973077863,8204,17,2,0,0,3156.000068077224,6.539736854865042,0.7693808064547109,2.4378352023403216,0.0,0.0,8.204,2.8903717578961645,0.7348482365270778,2.21221307098151,4.036021732858226,48021,4.8021,48.021,0.7209762735287967,2.0493275126197306,3.882627402311297
E02006783,Lewisham 037,E09000023,Lewisham,0.9383904824595756,7823,25,0,0,0,8336.61481678231,26.641361423949608,0.0,0.0,0.0,0.0,7.823,3.258096538021482,1.012860317414175,3.133037548699275,5.273009209789343,42797,4.2797,42.797,0.8733619734897713,2.1898510525970316,4.175908993110123
E02006784,Lewisham 038,E09000023,Lewisham,1.4426353002984251,8150,29,6,3,3,5649.383457006828,20.10210064456417,4.159055305771898,7.361963190184049,3.6809815950920246,3.6809815950920246,8.15,3.4011973816621555,1.1398262854544818,3.552884637658505,5.943299681973854,40556,4.0556,40.556,0.9425890651947044,2.2639107761648685,4.421454454897417
E02006785,Bexley 029,E09000004,Bexley,1.3608968297191242,7035,16,1,0,0,5169.385251233156,11.756952952342642,0.7348095595214151,1.4214641080312722,0.0,0.0,7.035,2.833213344056216,0.711434224072483,2.1487667419353724,3.718501168272516,43676,4.3676,43.676,0.6235530282320536,1.5628358343564495,3.024440207331603
E02006786,Greenwich 033,E09000011,Greenwich,1.243876521829598,7669,16,2,0,2,6165.402968390939,12.863013103958146,1.6078766379947682,2.607901942886947,0.0,2.607901942886947,7.669,2.833213344056216,0.7050385771356495,2.1212213427450823,3.7968299532783463,41921,4.1921,41.921,0.6071863235156544,1.4826053114218802,3.0119375160114314
E02006787,Bromley 041,E09000006,Bromley,1.5086833235806527,7852,28,7,1,4,5204.538207106549,18.5592294700692,4.6398073675173,8.91492613346918,1.273560876209883,5.094243504839532,7.852,3.367295829986474,1.111865162109483,3.4641076588237767,5.735439636273402,49060,4.906,49.06,1.0785936875186952,3.1258542214213723,5.400347530614967
E02006788,Croydon 045,E09000008,Croydon,1.393540648961915,7633,20,0,0,0,5477.414674402229,14.351931545662856,0.0,0.0,0.0,0.0,7.633,3.044522437723423,0.8455870354280088,2.581186510245988,4.454017512129005,43168,4.3168,43.168,0.7381101918964303,1.8558108525274677,3.597417342637025
E02006789,Bromley 042,E09000006,Bromley,22.430124684336946,6792,81,1,0,0,302.8070550469514,3.611214879093502,0.044582899741895,1.4723203769140163,0.0,0.0,6.792,4.406719247264253,2.7532403408953745,9.260943909547478,12.21786070127737,45647,4.5647,45.647,2.314722326494272,6.105046401042682,9.212731615694826
E02006791,Ealing 040,E09000009,Ealing,0.685386811360803,7515,16,3,1,2,10964.61133396968,23.344481882037908,4.377090352882108,3.992015968063872,1.330671989354624,2.661343978709248,7.515,2.833213344056216,0.7065867873729288,2.1278795388377123,3.777653312111138,52024,5.2024,52.024,0.7380658072129369,2.2634187777713404,3.9842112967454337
E02006792,Hounslow 029,E09000018,Hounslow,1.448738433241762,8749,40,24,2,19,6039.047352683842,27.61022906701951,16.56613744021171,27.43170648074065,2.285975540061721,21.71676763058636,8.749,3.713572066704308,1.4774330504337467,4.686147029089566,7.688321210862638,55307,5.5307,55.307,1.6308872634286968,5.576647728301555,8.746251137519181
E02006793,Enfield 037,E09000010,Enfield,0.9908862461467262,9545,23,3,2,2,9632.790885046372,23.21154430131656,3.027592734954334,3.143006809848088,2.095337873232059,2.095337873232059,9.545,3.1780538303479458,0.9227364305995608,2.8091903340231528,5.250383821437984,36270,3.627,36.27,0.7357284339669727,1.6496671762751103,3.716180730364271
E02006794,Haringey 037,E09000014,Haringey,0.6933418810192744,7967,13,8,2,3,11490.723722455365,18.74976884547756,11.538319289524653,10.04142086105184,2.51035521526296,3.76553282289444,7.967,2.6390573296152584,0.5943428972505929,1.7616922982654106,3.307510925571779,36025,3.6025,36.025,0.4640386995052029,0.9951872243992343,2.274881628585686
E02006795,Harrow 032,E09000015,Harrow,0.9660051793335004,8424,13,1,0,1,8720.450138592607,13.457484781778714,1.035191137059901,1.1870845204178535,0.0,1.1870845204178535,8.424,2.6390573296152584,0.5904866888910245,1.7453844181579825,3.3575851441717908,42277,4.2277,42.277,0.5271100965795096,1.3177108267573205,2.8164571002676824
E02006796,Hillingdon 033,E09000017,Hillingdon,4.300907684278098,10365,32,7,1,2,2409.9564001080744,7.4402898990312,1.627563415413075,6.753497346840328,0.964785335262904,1.929570670525808,10.365,3.49650756146648,1.1985177122353807,3.709417001419407,6.873216933878189,45481,4.5481,45.481,1.1513001183045946,3.2534709321805564,6.395518053720293
E02006798,Lewisham 039,E09000023,Lewisham,0.8376974482227716,9069,26,5,3,4,10826.10436410002,31.037458756930267,5.968742068640435,5.513287021722351,3.307972213033411,4.4106296173778805,9.069,3.295836866004329,1.027784296772145,3.1631481686885383,5.653602763647942,41748,4.1748,41.748,0.8956017681985703,2.2544299467930147,4.554471334194481
E02006799,Barking and Dagenham 023,E09000002,Barking and Dagenham,1.1626171655061477,12630,25,7,1,2,10863.4212316154,21.503209088708235,6.020898544838306,5.542359461599367,0.7917656373713381,1.5835312747426762,12.63,3.258096538021482,0.945831650639032,2.841066402439237,6.175899945616679,38411,3.8411,38.411,0.8495178585808907,2.1435486892282967,5.232495835959698
E02006800,Redbridge 034,E09000026,Redbridge,1.6456235149331964,15557,16,3,0,0,9453.55961362252,9.722758489294872,1.8230172167427885,1.9283923635662403,0.0,0.0,15.557,2.833213344056216,0.6301128700003521,1.8066412708198336,4.921053810706749,37401,3.7401,37.401,0.6113249108401956,1.6035812812315426,4.710655512922564
E02006801,Lambeth 036,E09000022,Lambeth,1.4385957866887238,9648,90,30,5,24,6706.539869831821,62.56100624843117,20.85366874947705,31.09452736318408,5.182421227197347,24.87562189054726,9.648,4.51085950651685,2.890509263567762,9.621948986780804,14.527785339075264,48380,4.838,48.38,2.74953096182021,8.231590671167838,13.190919523775092
E02006802,Southwark 034,E09000028,Southwark,0.6900809371510263,9966,36,6,1,3,14441.784236417636,52.16779374985299,8.694632291642165,6.020469596628537,1.0034115994380894,3.0102347983142685,9.966,3.610917912644224,1.3296457972246325,4.157269501593033,7.400806106931604,47420,4.742,47.42,1.305639421579682,3.826214924213945,7.102153776275017
E02006836,Sutton 025,E09000029,Sutton,3.3361180081984307,8666,22,2,1,1,2597.629933564553,6.594490946044331,0.599499176913121,2.3078698361412417,1.1539349180706209,1.1539349180706209,8.666,3.1354942159291497,0.9008647605145124,2.7494576957098285,4.938237162839435,54066,5.4066,54.066,0.9951184383609268,3.2876542712173147,5.651447609382646
E02006853,Tower Hamlets 032,E09000030,Tower Hamlets,0.5419908614974279,11416,5,0,0,0,21063.08576579972,9.225247795112,0.0,0.0,0.0,0.0,11.416,1.791759469228055,0.273553875408457,0.749822540115862,1.9439749512205289,57377,5.7377,57.377,0.3689980607149836,1.3844912751260046,3.036456480511481
E02006854,Tower Hamlets 033,E09000030,Tower Hamlets,1.0747182487214482,8834,58,27,3,24,8219.828788158642,53.96763297636419,25.12286362692816,30.563731039166854,3.395970115462984,27.16776092370387,8.834,4.07753744390572,2.0163991903951546,6.551267385652054,10.170638208085771,73514,7.3514,73.514,3.128119251854241,16.3008945592832,19.066829598168916
E02006882,Harrow 033,E09000015,Harrow,2.1278741140073043,14778,20,3,0,1,6944.959714825156,9.39905225987976,1.4098578389819645,2.0300446609825418,0.0,0.6766815536608471,14.778,3.044522437723423,0.7637652998217964,2.2318857112491965,5.633511603175821,40915,4.0915,40.915,0.76982112794568,2.1542382263448925,5.688072886258509
E02006918,Hackney 028,E09000012,Hackney,0.5187931167184997,8497,14,1,0,1,16378.397719973073,26.98570884778428,1.927550631984592,1.1768859597505,0.0,1.1768859597505,8.497,2.70805020110221,0.6258376458975096,1.857680087804056,3.5471040591774745,45675,4.5675,45.675,0.5961640289581192,1.6143154231666241,3.2734251654525153
E02006921,Hackney 029,E09000012,Hackney,0.4526182378012836,8090,15,2,0,0,17873.782636995318,33.1405116878776,4.418734891717013,2.4721878862793574,0.0,0.0,8.09,2.772588722239781,0.6653084479062636,1.9883965346111976,3.676159391001671,37934,3.7934,37.934,0.5375245276755141,1.2087346096385616,2.65684583166527
E02006924,Redbridge 035,E09000026,Redbridge,2.4063636371082744,14031,30,5,0,2,5830.789571297314,12.46694370600238,2.077823951000397,3.5635378804076687,0.0,1.4254151521630676,14.031,3.4339872044851463,1.0781397397894126,3.249238454765688,7.393391803648228,38053,3.8053,38.053,0.9894964087433001,2.557828082451805,6.470731849176702
E02006925,Redbridge 036,E09000026,Redbridge,2.4914741256161084,14506,31,2,0,1,5822.255929072858,12.442433048480533,0.802737616031002,1.3787398317937405,0.0,0.6893699158968702,14.506,3.4657359027997265,1.1004356487123998,3.313918738792551,7.693439169225661,40640,4.064,40.64,1.0739719429125605,2.9774919070517045,7.376295155768717
E02006927,Greenwich 034,E09000011,Greenwich,2.521565432695332,13438,39,4,0,1,5329.229147004906,15.466582581722824,1.5863161622279822,2.976633427593392,0.0,0.744158356898348,13.438,3.688879454113936,1.353015762203003,4.16343484840172,8.802915000807475,52651,5.2651,52.651,1.605988612985704,5.73348338711523,11.229119041363319
E02006928,Greenwich 035,E09000011,Greenwich,0.7483938651541625,12791,26,13,2,7,17091.267841118883,34.74106511368079,17.370532556840395,10.163396137909467,1.5635994058322256,5.472597920412791,12.791,3.295836866004329,0.974715756830007,2.9324089664858386,6.389600677079377,59909,5.9909,59.909,1.3347716537487933,5.53077314823557,10.091887481376725
E02006930,Greenwich 037,E09000011,Greenwich,0.8674368979386552,10328,23,10,2,4,11906.341573136991,26.51489699672258,11.528216085531556,9.682416731216112,1.9364833462432225,3.872966692486445,10.328,3.1780538303479458,0.9125025623084928,2.764782803938409,5.387309524835609,59922,5.9922,59.922,1.1780314958757,4.619024010439484,7.77833250183154
E02006931,Greenwich 038,E09000011,Greenwich,2.0491701053850604,9979,35,12,3,9,4869.776293230104,17.080085205236358,5.856029213223894,12.02525303136587,3.006313257841468,9.0189397735244,9.979,3.58351893845611,1.298518436453009,4.05212580705376,7.2511746937937085,55789,5.5789,55.789,1.5035965272552847,5.337378439927542,8.879212062475995
E02006941,Southwark 035,E09000028,Southwark,0.5927374414305278,5461,20,10,0,7,9213.185498827748,33.74175242200237,16.870876211001185,18.311664530305805,0.0,12.818165171214064,5.461,3.044522437723423,0.8721559183239495,2.6978357161669817,4.147026128289868,100879,10.0879,100.879,2.216213275771866,19.901458932548334,16.1779690732759
E02006942,Southwark 036,E09000028,Southwark,0.3943806586489743,6746,16,10,2,8,17105.301317538495,40.5699408657895,25.35621304111844,14.823599169878449,2.964719833975689,11.858879335902756,6.746,2.833213344056216,0.7143688091081678,2.161441334319293,3.683334296300248,64084,6.4084,64.084,0.925187991854145,3.676157377169539,5.330512630066159
E02006953,Barnet 042,E09000003,Barnet,0.698021655744947,12790,14,0,0,0,18323.21374950778,20.0566843231516,0.0,0.0,0.0,0.0,12.79,2.70805020110221,0.5887155844401765,1.7022738869908804,4.084848653381564,46478,4.6478,46.478,0.6376916033566408,1.934686279341702,4.587067896590801
E02006954,Barnet 043,E09000003,Barnet,0.8521148480047517,10708,21,3,1,2,12566.381192714867,24.644565282686983,3.5206521832409976,2.801643630930146,0.9338812103100486,1.867762420620097,10.708,3.091042453358316,0.8423014428069289,2.5312601685247413,5.105495931352816,44319,4.4319,44.319,0.8134504255031564,2.2489595363127743,4.807889871998932
E02006955,Brent 035,E09000005,Brent,0.6090337048381578,12155,17,9,2,6,19957.84453871896,27.91306928492162,14.777507268487916,7.404360345536816,1.6454134101192923,4.936240230357877,12.155,2.8903717578961645,0.6946356840025735,2.041305743691895,4.595914453768093,46426,4.6426,46.426,0.7329351572367487,2.19276959627641,4.952053996077143
E02006956,Brent 036,E09000005,Brent,1.3316194166735789,11804,12,3,0,0,8864.394625220102,9.011583827739852,2.252895956934964,2.541511352084039,0.0,0.0,11.804,2.5649493574615367,0.5280717582973726,1.521381622283105,3.546472997432694,39397,3.9397,39.397,0.4887364931840156,1.232304495608956,3.156077261930555
E02006968,Ealing 041,E09000009,Ealing,1.463579500701082,8700,24,5,0,4,5944.330318805733,16.398152603602025,3.4162817924170885,5.747126436781609,0.0,4.597701149425287,8.7,3.218875824868201,0.967192486451146,2.9679304175383674,5.2676620279493225,57428,5.7428,57.428,1.1373606536086052,4.063724067487716,6.607503223432902
E02006969,Ealing 042,E09000009,Ealing,0.7174737057519522,6838,21,16,6,13,9530.662859391336,29.269365318399835,22.300468814018924,23.3986545773618,8.774495466510675,19.011406844106464,6.838,3.091042453358316,0.8900349314343229,2.738670631087018,4.495480689803009,51955,5.1955,51.955,0.9011159763567443,2.722946234281872,4.512792551882111
E02006970,Ealing 043,E09000009,Ealing,0.4853151615586721,7848,8,6,2,2,16170.935139950738,16.484133679868233,12.363100259901175,7.64525993883792,2.5484199796126403,2.5484199796126403,7.848,2.19722457733622,0.4075391854884136,1.173356221644029,2.3537551502583773,32814,3.2814,32.814,0.30416996777070554,0.6025855536863867,1.5202895195136987
E02006971,Ealing 044,E09000009,Ealing,0.950103373091848,8788,5,0,0,0,9249.519840564182,5.262585252938201,0.0,0.0,0.0,0.0,8.788,1.791759469228055,0.2839876587823038,0.7910150159045728,1.7830521618852595,33763,3.3763,33.763,0.22555957292404097,0.46494454344692976,1.268805009608495
E02006972,Hounslow 030,E09000018,Hounslow,1.5647624079352302,6715,15,4,0,1,4291.386325455456,9.5861198632661,2.5562986302042927,5.956813104988831,0.0,1.4892032762472078,6.715,2.772588722239781,0.6784669188878771,2.04482070097804,3.513661933165824,50436,5.0436,50.436,0.6746975255984883,1.959240152776233,3.443943891745687
E02006973,Hounslow 031,E09000018,Hounslow,0.84236129028397,8350,21,5,0,1,9912.611246873792,24.92992050111972,5.935695357409457,5.9880239520958085,0.0,1.1976047904191616,8.35,3.091042453358316,0.8710717757055565,2.6556862465306184,4.724619003355209,43577,4.3577,43.577,0.7793251831846953,2.0102768378165377,3.9600817254082257
E02006987,Croydon 046,E09000008,Croydon,0.718565674465249,10162,41,12,0,6,14142.061555559943,57.058110979921054,16.699934920952504,11.80869907498524,0.0,5.90434953749262,10.162,3.737669618283368,1.4782387976204845,4.655984320610731,8.203016048285656,53835,5.3835,53.835,1.6437263357537437,5.608442785955645,9.451027205818901
E02006988,Croydon 047,E09000008,Croydon,0.7773502956691773,7454,22,2,0,0,9588.984582019448,28.301269225171428,2.572842656833766,2.6831231553528307,0.0,0.0,7.454,3.1354942159291497,0.9165516273172996,2.818114828237148,4.7453161044003584,50260,5.026,50.26,0.9105413005917478,2.6840027005768654,4.634598914930847
E02006991,Greenwich 039,E09000011,Greenwich,0.6041546868960764,6658,22,5,1,3,11020.356449117931,36.414515151786496,8.276026170860566,7.509762691498948,1.5019525382997898,4.505857614899369,6.658,3.1354942159291497,0.9270025408140916,2.864136584774412,4.622731172456231,67087,6.7087,67.087,1.2521968788963218,5.330730497758764,7.099330747561909
E02006992,Greenwich 040,E09000011,Greenwich,2.346350747595478,9465,29,8,2,4,4033.923747206021,12.359618454197,3.4095499183991724,8.452192287374539,2.113048071843634,4.226096143687269,9.465,3.4011973816621555,1.1186756481549562,3.459068400669576,6.205906343322892,55468,5.5468,55.468,1.280885064601072,4.456479678961406,7.48045147736358
E02006993,Greenwich 041,E09000011,Greenwich,1.2714286531721966,9807,26,10,2,2,7713.370290603152,20.449436887496887,7.865168033652648,10.196798205363516,2.039359641072703,2.039359641072703,9.807,3.295836866004329,1.0170370389981098,3.1159974919316724,5.792467249167774,62411,6.2411,62.411,1.3520741545393893,5.552444263595672,8.717729754918738
E02006994,Greenwich 042,E09000011,Greenwich,1.9350116042638288,8118,37,9,1,3,4195.323677703978,19.12133235711348,4.6511348976762505,11.086474501108649,1.231830500123183,3.695491500369549,8.118,3.6375861597263857,1.3966987392288654,4.42443178569196,7.107309186161847,45401,4.5401,45.401,1.254448678125348,3.3696841541511255,5.960599838624798
E02006995,Newham 038,E09000025,Newham,0.7242297310519443,10288,11,8,2,7,14205.43725132172,15.188550715837764,11.046218702427463,7.776049766718507,1.9440124416796267,6.804043545878694,10.288,2.4849066497880004,0.5037917589361368,1.457038882177479,3.1746221964354664,69375,6.9375,69.375,0.8070279269648349,3.905960165521094,6.342200416503059
E02006996,Newham 039,E09000025,Newham,0.9612161608930824,10777,57,12,4,10,11211.838125970444,59.29987688413429,12.484184607186169,11.134824162568432,3.711608054189478,9.279020135473694,10.777,4.060443010546419,1.9328082894571408,6.198457949225359,10.7014604275456,50397,5.0397,50.397,2.0118980363587515,6.447181673321399,11.162922494295655
E02006997,Newham 040,E09000025,Newham,1.7592446563348052,7758,17,1,0,1,4409.847130735613,9.663238105504696,0.5684257709120408,1.288992008249549,0.0,1.288992008249549,7.758,2.8903717578961645,0.739531327946061,2.232382952390892,3.977267705091477,69328,6.9328,69.328,1.086605360215732,4.980937270788965,6.942326717861029
E02006998,Newham 041,E09000025,Newham,2.988361888808756,7478,39,6,0,5,2502.374303461934,13.050628220783018,2.007788957043541,8.023535704733886,0.0,6.6862797539449055,7.478,3.688879454113936,1.4728921052748456,4.700306627795189,7.236365321324655,49077,4.9077,49.077,1.3941541262275634,4.01777086761617,6.548591103559385
E02006999,Newham 042,E09000025,Newham,1.8047126453633315,13601,25,4,0,3,7536.37984138012,13.85262083923998,2.216419334278397,2.940960223512977,0.0,2.2057201676347327,13.601,3.258096538021482,0.9328403330169184,2.785477767991439,6.376255032775556,71258,7.1258,71.258,1.6311038647046,8.9205747991754,14.471338620527053
E02007008,Lewisham 040,E09000023,Lewisham,0.3633186721681239,6886,27,7,0,2,18953.05836858706,74.314925348802,19.266832497837555,10.165553296543711,0.0,2.904443799012489,6.886,3.332204510175204,1.0938418266373005,3.4200095608906262,5.409707820647684,58027,5.8027,58.027,1.2342524348854669,4.297814519189005,6.360334434085956
E02007009,Lewisham 041,E09000023,Lewisham,1.0503816948222615,9049,29,14,5,11,8614.963536213574,27.609011222255905,13.328488176261471,15.47132279809924,5.525472427892584,12.156039341363687,9.049,3.4011973816621555,1.1253238585018464,3.488476113510367,6.121599753183268,46149,4.6149,46.149,1.0626692744388933,2.959461926047674,5.547759215017332
E02007017,Redbridge 037,E09000026,Redbridge,0.902720705149572,8903,6,0,0,0,9862.40810608732,6.646574035327857,0.0,0.0,0.0,0.0,8.903,1.9459101490553128,0.323606015607016,0.9101527795199666,2.012603543547302,41455,4.1455,41.455,0.29737955684809897,0.7337003999781342,1.7742418265864537
E02007018,Redbridge 038,E09000026,Redbridge,0.6117755056556047,7463,10,3,1,1,12198.919262062203,16.34586528482139,4.903759585446417,4.019831167090983,1.3399437223636608,1.3399437223636608,7.463,2.3978952727983707,0.486754955869239,1.4238776177149637,2.707647640925357,42508,4.2508,42.508,0.43042257600146994,1.057046778220498,2.241272473281551
E02007019,Redbridge 039,E09000026,Redbridge,0.6250618488399385,7993,20,11,4,6,12787.534569313942,31.996833652730995,17.598258509002047,13.762041786563245,5.004378831477543,7.506568247216314,7.993,3.044522437723423,0.841262218210382,2.562345629952133,4.50705183236308,35648,3.5648,35.648,0.6401835599582075,1.3659003865123027,2.974117373014895
E02007020,Redbridge 040,E09000026,Redbridge,0.6467769773237574,10632,7,1,0,0,16438.432988127122,10.822896060655554,1.546128008665079,0.9405568096313016,0.0,0.0,10.632,2.079441541679836,0.3540527410995209,0.9942450339872456,2.358219417392108,34693,3.4693,34.693,0.29655329510237466,0.6518751123714005,1.815524566065612
E02007083,Wandsworth 038,E09000032,Wandsworth,1.295087621321409,11326,24,12,2,8,8745.354224329478,18.531564663950864,9.265782331975432,10.595090941197244,1.7658484901995408,7.063393960798163,11.326,3.218875824868201,0.9316841136738656,2.813488565063068,5.742697764157708,63098,6.3098,63.098,1.311156757460024,5.654259370770198,9.428866010934305
E02007084,Wandsworth 039,E09000032,Wandsworth,0.9059896994614346,10126,23,11,1,7,11176.72751248651,25.386602092355293,12.14141839199601,10.863124629666206,0.9875567845151096,6.912897491605768,10.126,3.1780538303479458,0.9151318028497696,2.7761715130773985,5.351647040224857,49701,4.9701,49.701,0.9627713604115282,2.9740236742591457,5.709467456346969
E02007108,Hackney 030,E09000012,Hackney,0.3664624847170509,6198,24,10,3,8,16913.05456487731,65.49101477203219,27.28792282168008,16.134236850596967,4.84027105517909,12.907389480477573,6.198,3.218875824868201,1.0022823530034073,3.122959588957072,4.85166167251638,61662,6.1662,61.662,1.1986229244865403,4.463562672327584,6.215278082414297
E02007109,Hackney 031,E09000012,Hackney,0.5983954083655328,7790,13,3,0,2,13018.148019012604,21.72476562864748,5.0134074527648025,3.851091142490372,0.0,2.5673940949935816,7.79,2.6390573296152584,0.5958431963297947,1.7680493374522868,3.2883180007566573,49692,4.9692,49.692,0.6044998331815977,1.7657412456135548,3.328978693945537
E02007110,Hackney 032,E09000012,Hackney,0.3507385545498072,8227,12,6,0,2,23456.218009907177,34.21351842942581,17.106759214712906,7.2930594384344225,0.0,2.4310198128114746,8.227,2.5649493574615367,0.5556738694896594,1.6362575152500798,3.152962192810862,51292,5.1292,51.292,0.5903808845251666,1.8053211293231766,3.4216499070720188
E02007111,Hackney 033,E09000012,Hackney,0.6465005919032716,6977,37,14,3,12,10791.94680929834,57.23119276824403,21.65504591230855,20.06593091586642,4.299842339114233,17.19936935645693,6.977,3.6375861597263857,1.4195832779273276,4.528367342490966,6.845611681722548,65127,6.5127,65.127,1.8179354316963177,7.478990103635732,9.67819356414195
E02007112,Tower Hamlets 034,E09000030,Tower Hamlets,0.6074944170620181,7476,9,3,0,2,12306.285934536889,14.814950964530764,4.938316988176922,4.012841091492777,0.0,2.675227394328518,7.476,2.302585092994046,0.4484586088630852,1.3033380390756488,2.5192689118982146,107582,10.7582,107.582,1.417777465683352,15.44000672150092,13.700415149775498
E02007113,Tower Hamlets 035,E09000030,Tower Hamlets,0.7440187763446039,9463,37,5,0,2,12718.765037748271,49.72992776040221,6.720260508162461,5.283736658564937,0.0,2.113494663425975,9.463,3.6375861597263857,1.370195950981026,4.304972760518359,7.428671986554985,75140,7.514,75.14,2.2771449220878295,12.450349669808743,15.491662251548794
E02007114,Tower Hamlets 036,E09000030,Tower Hamlets,0.5494226005424256,7898,25,4,0,1,14375.091217948771,45.50231456681684,7.280370330690693,5.064573309698657,0.0,1.2661433274246645,7.898,3.258096538021482,1.0117788864536486,3.1282593451073817,5.286028434410575,55062,5.5062,55.062,1.1103961139664982,3.6929092708051092,5.978269306916036
E02007115,Camden 029,E09000007,Camden,0.6683824750141143,12740,20,20,5,17,19060.94261333074,29.92298683411419,29.92298683411419,15.698587127158556,3.9246467817896393,13.343799058084771,12.74,3.044522437723423,0.786261166690243,2.3263967067586666,5.268384970713075,39741,3.9741,39.741,0.7341605825693588,1.9114888739210167,4.736788861684257
