msoa_code,msoa_name,borough_code,borough_name,area_km2,population,transport_nodes,income_bhc,core_bakery_count,core_and_cafe_count,bakery_count,income_expected_core_bakery_count,income_expected_core_and_cafe_count,income_expected_bakery_count,core_raw_shortfall,core_standardised_shortfall,core_underprovision_percentile,core_underprovision_rank,core_top_decile,core_cafe_raw_shortfall,core_cafe_standardised_shortfall,core_cafe_underprovision_percentile,core_cafe_underprovision_rank,core_cafe_top_decile,all_raw_shortfall,all_standardised_shortfall,all_underprovision_percentile,all_underprovision_rank,all_top_decile
E02000001,City of London 001,E09000001,City of London,3.1504203391814567,15111,235,67770,13,114,129,9.28338777687344,49.2447901674878,65.95594635297972,-3.7166122231265604,-0.3672810986736379,25.449101796407188,748,False,-64.75520983251221,-1.2492845053469375,10.67864271457086,896,False,-63.04405364702028,-1.1618417024211398,10.778443113772456,895,False
E02000002,Barking and Dagenham 001,E09000002,Barking and Dagenham,2.161560664389551,8820,20,37611,0,0,0,0.6718242302058117,1.5270795421325305,3.343557011526197,0.6718242302058117,0.6239101959274717,65.06986027944112,351,False,1.5270795421325305,0.7575643990850026,78.64271457085829,215,False,3.343557011526197,1.020216075346636,93.51297405189621,66,True
E02000003,Barking and Dagenham 002,E09000002,Barking and Dagenham,2.141515250042252,12655,21,40831,1,1,7,0.7779726222472494,2.073517707412744,5.014400600031334,-0.2220273777527506,-0.1855443808022244,32.035928143712574,682,False,1.0735177074127442,0.41320757232312894,54.79041916167665,454,False,-1.9855993999686659,-0.4267216161583535,23.253493013972058,770,False
E02000004,Barking and Dagenham 003,E09000002,Barking and Dagenham,2.4929460965825583,7056,13,40965,0,1,4,0.5054012097821199,1.189378086921485,2.4535607808030924,0.5054012097821199,0.5717467320575548,54.29141716566866,459,False,0.18937808692148494,0.11466031734495416,41.21756487025948,590,False,-1.5464392191969076,-0.6095318762393978,19.660678642714572,806,False
E02000005,Barking and Dagenham 004,E09000002,Barking and Dagenham,1.1879541635824629,11630,11,38481,0,1,4,0.4489670313634073,1.1036298264077755,2.8734914996813696,0.4489670313634073,0.5498323353504242,51.29740518962076,489,False,0.10362982640777552,0.06650135872782881,37.924151696606785,623,False,-1.1265085003186304,-0.39014947423417495,24.75049900199601,755,False
E02000007,Barking and Dagenham 006,E09000002,Barking and Dagenham,1.7360028993623478,10717,21,37572,0,0,4,0.7132260396406656,1.6899781964314782,3.961256994307742,0.7132260396406656,0.6346748644107093,67.86427145708582,323,False,1.6899781964314782,0.7716703817744194,81.437125748503,187,False,-0.03874300569225797,-0.010229577721023727,37.3253493013972,629,False
E02000008,Barking and Dagenham 007,E09000002,Barking and Dagenham,1.4199893743899326,13936,22,38025,0,1,1,0.7754413806707933,1.9947245684297263,5.236354505401647,0.7754413806707933,0.6495623146473535,72.2554890219561,279,False,0.9947245684297263,0.3956102584520029,53.89221556886228,463,False,4.236354505401647,0.8761479708947916,84.63073852295409,155,False
E02000009,Barking and Dagenham 008,E09000002,Barking and Dagenham,0.961521314611936,13211,14,39682,0,0,3,0.5613653535780804,1.4714114869067452,3.889549835472356,0.5613653535780804,0.5911225253146335,57.48502994011976,427,False,1.4714114869067452,0.7522354984826763,77.7445109780439,224,False,0.8895498354723559,0.2385973472476373,48.10379241516966,521,False
E02000010,Barking and Dagenham 009,E09000002,Barking and Dagenham,1.1214606870735924,9760,9,39768,0,0,1,0.3882621413713347,0.9417429625373852,2.295983931330601,0.3882621413713347,0.5229909521214466,48.50299401197605,517,False,0.9417429625373852,0.6820786715538238,70.95808383233533,292,False,1.2959839313306012,0.5388693659518724,63.87225548902195,363,False
E02000011,Barking and Dagenham 010,E09000002,Barking and Dagenham,1.594080804337089,7318,18,40339,0,0,2,0.6415951266824316,1.5003652704612116,3.0261639550509045,0.6415951266824316,0.615564507092601,62.774451097804395,374,False,1.5003652704612116,0.7550424260075502,78.1437125748503,220,False,1.0261639550509045,0.3404394895970643,52.49500998003992,477,False
E02000012,Barking and Dagenham 011,E09000002,Barking and Dagenham,1.3003084675599996,12288,16,41810,1,2,3,0.6405146680529501,1.7284847290660634,4.210257845491769,-0.3594853319470499,-0.34531022786131843,26.147704590818364,741,False,-0.27151527093393657,-0.12169473935352425,30.33932135728543,699,False,1.2102578454917694,0.3031394631116603,50.79840319361277,494,False
E02000013,Barking and Dagenham 012,E09000002,Barking and Dagenham,1.3045244120920727,9670,17,38620,0,1,3,0.6108760776627078,1.4464631670147206,3.29703750751594,0.6108760776627078,0.6066223974607619,60.578842315369265,396,False,0.44646316701472055,0.23141766504194955,45.309381237524946,549,False,0.29703750751593994,0.09171236455306216,42.01596806387226,582,False
E02000014,Barking and Dagenham 013,E09000002,Barking and Dagenham,1.1930210354052575,10157,23,37626,1,2,7,0.7610322596534735,1.7842885436774647,4.041272857891156,-0.23896774034652646,-0.20292305706674715,31.137724550898206,691,False,-0.2157114563225353,-0.09417210441054896,31.037924151696604,692,False,-2.9587271421088444,-0.7678471061227089,16.86626746506986,834,False
E02000015,Barking and Dagenham 014,E09000002,Barking and Dagenham,1.3616381734255136,8759,19,38958,1,1,3,0.6624641351166426,1.5503195057629793,3.346927589399314,-0.3375358648833574,-0.3165987278696715,27.345309381237527,729,False,0.5503195057629793,0.26967460299794255,47.1057884231537,531,False,0.3469275893993138,0.10576762928031253,42.81437125748503,574,False
E02000016,Barking and Dagenham 015,E09000002,Barking and Dagenham,0.9128384651060916,11306,27,42850,0,2,9,0.9681733272606348,2.627327164253818,5.677201453724472,0.9681733272606348,0.6878842615974268,84.3313373253493,158,False,0.6273271642538178,0.1970534329039739,43.812375249500995,564,False,-3.3227985462755276,-0.6394311563911818,19.560878243512974,807,False
E02000017,Barking and Dagenham 016,E09000002,Barking and Dagenham,0.8765690824340264,9418,9,41226,1,1,3,0.3978205586054024,0.990132800763832,2.335263159663963,-0.6021794413945976,-0.7984355005299315,16.46706586826347,838,False,-0.009867199236167967,-0.006880847027883399,34.231536926147704,660,False,-0.6647368403360372,-0.27265994195269877,28.343313373253494,719,False
E02000018,Barking and Dagenham 017,E09000002,Barking and Dagenham,1.3577090796853208,10011,20,37858,0,0,0,0.6848165325298109,1.607384357495499,3.6742113975400494,0.6848165325298109,0.6273679265569962,66.1676646706587,340,False,1.607384357495499,0.7647780947444097,80.33932135728543,198,False,3.6742113975400494,1.034814035405794,94.61077844311377,55,True
E02000019,Barking and Dagenham 018,E09000002,Barking and Dagenham,3.2992477915331127,10746,26,40900,0,0,5,0.8988742985540324,2.3033452377982546,5.025113165527544,0.8988742985540324,0.6752797743899366,80.83832335329342,193,False,2.3033452377982546,0.8106382789081894,88.72255489021956,114,False,0.025113165527543835,0.005386850020146611,38.22355289421158,620,False
E02000020,Barking and Dagenham 019,E09000002,Barking and Dagenham,4.356232377096613,15024,52,40493,0,2,4,1.622423096934472,4.551187425850019,10.768477981044514,1.622423096934472,0.767681401765646,97.90419161676647,22,True,2.551187425850019,0.4902583126940281,59.08183632734531,411,False,6.768477981044514,0.7235937437870742,74.45109780439122,257,False
E02000021,Barking and Dagenham 020,E09000002,Barking and Dagenham,3.2968876705205847,9416,20,37748,0,1,5,0.6784719797171476,1.567641357404815,3.506478845830133,0.6784719797171476,0.6256887919600286,65.46906187624751,347,False,0.5676413574048149,0.27565683372840616,47.70459081836327,525,False,-1.493521154169867,-0.4377196427507082,23.15369261477046,771,False
E02000022,Barking and Dagenham 021,E09000002,Barking and Dagenham,0.7974865461070452,9565,12,42158,0,0,1,0.502061493469897,1.2831087794194456,2.900711445922195,0.502061493469897,0.5705207085509365,53.99201596806387,462,False,1.2831087794194456,0.7318666392949511,75.249500998004,249,False,1.900711445922195,0.653163033482333,70.25948103792416,299,False
E02000023,Barking and Dagenham 022,E09000002,Barking and Dagenham,1.74539728030062,8654,32,41172,0,0,1,1.036917113028185,2.556005607901262,4.983916933100468,1.036917113028185,0.6993068978603433,87.72455089820359,124,False,2.556005607901262,0.8223164357550288,92.31536926147704,78,True,3.983916933100468,0.860803732371619,82.43512974051896,177,False
E02000024,Barnet 001,E09000003,Barnet,3.753626431627331,11163,55,55070,4,10,13,2.152025783228676,7.739025877822185,12.82627410240157,-1.8479742167713238,-0.6908182826785754,18.46307385229541,818,False,-2.2609741221778146,-0.26484735121459896,23.55289421157685,767,False,-0.17372589759843038,-0.0157489892995346,37.12574850299401,631,False
E02000025,Barnet 002,E09000003,Barnet,2.4018932546834955,8602,21,47680,0,1,1,0.8468195587734085,2.4129745506910427,4.539898102059418,0.8468195587734085,0.664990692896425,76.84630738522954,233,False,1.4129745506910427,0.47779516478781303,58.38323353293413,418,False,3.539898102059418,0.8302771783591716,80.83832335329342,193,False
E02000026,Barnet 003,E09000003,Barnet,1.46573820943503,6348,13,47907,0,0,1,0.5737698025785117,1.5581778686822665,2.845342857215167,0.5737698025785117,0.5951405002193763,58.28343313373253,419,False,1.5581778686822665,0.7604215853533594,79.14171656686626,210,False,1.8453428572151669,0.6443321005388022,69.86027944111777,303,False
E02000027,Barnet 004,E09000003,Barnet,1.6742648491229404,9716,41,45263,0,0,1,1.3832101212660697,3.8403582648247774,7.145955115638748,1.3832101212660697,0.7446484018391316,96.00798403193613,41,True,3.8403582648247774,0.8613012396705813,98.00399201596807,21,True,6.145955115638748,0.9606059807999584,89.32135728542914,108,False
E02000028,Barnet 005,E09000003,Barnet,1.0556310412499073,6755,25,48879,0,0,0,0.9707982379811392,2.7322668309512217,4.601341091059694,0.9707982379811392,0.6883392279342944,84.4311377245509,157,False,2.7322668309512217,0.8294246699607566,93.7125748502994,64,True,4.601341091059694,1.0666055674214405,97.40518962075848,27,True
E02000029,Barnet 006,E09000003,Barnet,1.684554862462936,9883,22,47090,1,4,7,0.8813457755784729,2.549950488353565,5.053347365713367,-0.11865422442152707,-0.09045669213590334,35.82834331337325,644,False,-1.450049511646435,-0.46746993217747645,19.06187624750499,812,False,-1.9466526342866333,-0.4154983292145977,23.55289421157685,767,False
E02000030,Barnet 007,E09000003,Barnet,14.578600607472504,9545,50,48640,0,0,1,1.7257683529512835,5.164139102601882,8.881195985390058,1.7257683529512835,0.7761695666832585,99.10179640718563,10,True,5.164139102601882,0.8834519908065647,99.50099800399201,6,True,7.8811959853900575,1.008492443068008,92.31536926147704,78,True
E02000031,Barnet 008,E09000003,Barnet,1.9390096754493256,8988,45,51050,0,2,4,1.6525036665152744,5.1573677947051655,8.51728640519367,1.6525036665152744,0.7702320632812463,98.50299401197606,16,True,3.1573677947051655,0.5408003199060945,60.778443113772454,394,False,4.517286405193669,0.6008738665994781,67.46506986027944,327,False
E02000032,Barnet 009,E09000003,Barnet,1.3979679499271356,7993,14,43809,0,2,2,0.5713797646638489,1.4660028559614486,2.989746745104197,0.5713797646638489,0.5943736144085623,57.98403193612774,422,False,-0.5339971440385514,-0.2738104812428383,23.353293413173652,769,False,0.9897467451041968,0.33168521510203514,51.896207584830336,483,False
E02000033,Barnet 010,E09000003,Barnet,1.775722213226239,9060,24,44503,0,0,0,0.8877651092787944,2.378404816234113,4.67504702805591,0.8877651092787944,0.6731465094189679,80.23952095808383,199,False,2.378404816234113,0.8143124338152326,90.11976047904191,100,True,4.67504702805591,1.0686904688669743,97.70459081836327,24,True
E02000034,Barnet 011,E09000003,Barnet,1.558174736609076,9363,20,48575,0,1,2,0.8374631886103441,2.476390574158277,4.771294632728283,0.8374631886103441,0.663059292867683,76.04790419161677,241,False,1.4763905741582768,0.4881822553237938,58.982035928143716,412,False,2.7712946327282832,0.6222589480578912,68.8622754491018,313,False
E02000035,Barnet 012,E09000003,Barnet,1.2979552178624203,8810,28,50087,0,0,1,1.1131800386087038,3.373839953427062,5.966607623221094,1.1131800386087038,0.7108856214775827,90.8183632734531,93,True,3.373839953427062,0.8500237547950803,96.6067864271457,35,True,4.966607623221094,0.9140757518621428,86.92614770459082,132,False
E02000036,Barnet 013,E09000003,Barnet,1.7945968114423936,11451,20,43905,1,1,2,0.784014070495797,2.1821138587849216,4.859552336113136,-0.21598592950420303,-0.17948089057975883,32.13572854291417,681,False,1.1821138587849216,0.4357066503571476,56.187624750499,440,False,2.8595523361131363,0.6317965330732861,69.26147704590818,309,False
E02000037,Barnet 014,E09000003,Barnet,4.324652530946115,11376,22,47661,0,0,1,0.9073778415962797,2.74945378730904,5.730458638316156,0.9073778415962797,0.6768907388133644,81.3373253493014,188,False,2.74945378730904,0.8300781665415482,93.91217564870259,62,True,4.730458638316156,0.9027399323376426,86.22754491017965,139,False
E02000038,Barnet 015,E09000003,Barnet,1.76227032578617,10929,30,44837,0,0,2,1.0880825986623006,3.0666253058426127,6.269058902049525,1.0880825986623006,0.7071926421545769,89.72055888223552,104,False,3.0666253058426127,0.8410494766329496,95.50898203592814,46,True,4.269058902049525,0.7514624581253397,75.64870259481037,245,False
E02000039,Barnet 016,E09000003,Barnet,2.132014777761116,7307,35,48960,2,6,8,1.274433043217874,3.646292314469023,5.997777185910432,-0.7255669567821259,-0.4168751597590139,23.952095808383234,763,False,-2.353707685530977,-0.5531399401265218,17.764471057884233,825,False,-2.002222814089568,-0.3667753017275118,25.349301397205586,749,False
E02000040,Barnet 017,E09000003,Barnet,5.15487659709183,10697,43,45916,0,0,4,1.472084134781604,4.2414307577213055,8.076430674286094,1.472084134781604,0.7538264387822168,96.7065868263473,34,True,4.2414307577213055,0.8692770361873312,98.80239520958084,13,True,4.076430674286094,0.5694932510008621,65.76846307385229,344,False
E02000041,Barnet 018,E09000003,Barnet,1.3490573427211892,9877,32,42397,3,4,12,1.0777403061098767,2.8073974402403787,5.646492304253621,-1.9222596938901233,-1.2585775578473548,9.481037924151696,908,False,-1.1926025597596213,-0.35353866633180064,21.057884231536928,792,False,-6.353507695746379,-1.228600703761265,10.179640718562874,901,False
E02000042,Barnet 019,E09000003,Barnet,1.2125737193624804,11675,28,44208,2,5,9,1.0274120152467263,2.900514033410229,6.212487403504032,-0.9725879847532737,-0.6605514942971501,19.261477045908183,810,False,-2.099485966589771,-0.6047972282380738,16.766467065868262,835,False,-2.7875125964959677,-0.49470358030189177,21.856287425149702,784,False
E02000043,Barnet 020,E09000003,Barnet,1.4676339373449456,7529,28,49745,0,0,0,1.0888589572263556,3.1825764884863714,5.379256128500277,1.0888589572263556,0.7073085515983181,89.82035928143712,103,False,3.1825764884863714,0.8446059385983503,95.90818363273453,42,True,5.379256128500277,1.086200709697179,98.20359281437125,19,True
E02000044,Barnet 021,E09000003,Barnet,1.107526124714256,8879,20,42283,1,2,2,0.7364421175593238,1.8653735012736177,3.84178515899837,-0.26355788244067624,-0.22918684324682512,30.33932135728543,699,False,-0.13462649872638233,-0.056638633218361545,32.53493013972056,677,False,1.8417851589983698,0.4992825661685489,61.876247504990026,383,False
E02000045,Barnet 022,E09000003,Barnet,1.7347924033390805,10517,23,44752,0,0,1,0.878307075792527,2.4436062972812214,5.094630420724365,0.878307075792527,0.6713041710138484,79.54091816367266,206,False,2.4436062972812214,0.8173583295697284,90.71856287425149,94,True,4.094630420724365,0.8676957445251475,83.53293413173652,166,False
E02000046,Barnet 023,E09000003,Barnet,0.9709766807267564,7206,25,50483,2,4,8,1.007102159198331,2.9700537505771702,4.980692116487,-0.9928978408016691,-0.6846805331358216,18.6626746506986,816,False,-1.0299462494228298,-0.290568978393425,22.85429141716567,774,False,-3.019307883513,-0.6527541709183394,19.06187624750499,812,False
E02000047,Barnet 024,E09000003,Barnet,1.4221723197271667,12802,28,37206,2,2,6,0.90850109479278,2.240286416922934,5.514400906191839,-1.09149890520722,-0.8134896492557565,16.26746506986028,840,False,0.24028641692293418,0.086599616190244,39.221556886227546,610,False,-0.4855990938081609,-0.09590913686564076,34.5309381237525,657,False
E02000048,Barnet 025,E09000003,Barnet,3.0842093626567784,10296,18,48277,1,2,2,0.7763703245573528,2.3261837433134853,4.730196776732533,-0.22362967544264722,-0.1871641846785314,31.83632734530938,684,False,0.3261837433134853,0.1138294125598137,41.11776447105788,591,False,2.730196776732533,0.6177120251119963,68.36327345309381,318,False
E02000049,Barnet 026,E09000003,Barnet,0.7884670324121328,10257,15,39225,0,0,1,0.5657994172176598,1.3750721169088178,3.2315619067013834,0.5657994172176598,0.5925695928740621,57.784431137724546,424,False,1.3750721169088178,0.7423019092371768,76.74650698602794,234,False,2.2315619067013834,0.7007425184442948,72.85429141716567,273,False
E02000050,Barnet 027,E09000003,Barnet,2.1206586692039973,10463,27,43534,0,0,1,0.9712698935864422,2.62768648324593,5.443647599856411,0.9712698935864422,0.6884208130371735,84.63073852295409,155,False,2.62768648324593,0.825299848544797,92.61477045908184,75,True,4.443647599856411,0.8878176763597505,85.42914171656687,147,False
E02000051,Barnet 028,E09000003,Barnet,1.4484185443797963,9583,30,51537,1,3,6,1.220051163151282,3.890584324643899,6.890151183750916,0.22005116315128204,0.13084493277612413,40.818363273453095,594,False,0.8905843246438989,0.1974046930886365,43.91217564870259,563,False,0.8901511837509162,0.14382963905169324,43.91217564870259,563,False
E02000052,Barnet 029,E09000003,Barnet,0.9692765853764074,10097,17,53179,0,4,7,0.8156586765820216,2.721044748114314,5.174141255733907,0.8156586765820216,0.6584550596730817,74.6506986027944,255,False,-1.278955251885686,-0.3896469164049437,20.25948103792415,800,False,-1.8258587442660934,-0.381644579125377,25.0499001996008,752,False
E02000054,Barnet 031,E09000003,Barnet,1.500658535444917,8156,18,42842,0,0,1,0.6805245822220455,1.7169054177966303,3.458186552059453,0.6805245822220455,0.6262339740553136,65.6686626746507,345,False,1.7169054177966303,0.7738114679404003,81.93612774451098,182,False,2.458186552059453,0.7289720791687161,74.55089820359282,256,False
E02000055,Barnet 032,E09000003,Barnet,1.4404524644063077,12376,29,43621,2,6,13,1.052876657570429,2.979449376633016,6.580612143144951,-0.9471233424295711,-0.6313276021965748,19.560878243512974,807,False,-3.020550623366984,-0.8497888679140204,13.672654690618764,866,False,-6.419387856855049,-1.0814614163488792,11.676646706586826,886,False
E02000056,Barnet 033,E09000003,Barnet,3.227096616868298,9325,82,59510,1,3,3,3.15818641080767,12.103876993744551,16.67045509179546,2.15818641080767,0.5781450821109733,54.690618762475054,455,False,9.103876993744551,0.6952917391270588,71.7564870259481,284,False,13.67045509179546,0.9653117321067903,89.42115768463074,107,False
E02000057,Barnet 034,E09000003,Barnet,1.0940708138409794,8277,17,44217,0,1,1,0.6700088630585738,1.7484482015588156,3.49830006378287,0.6700088630585738,0.6234210330040667,64.77045908183634,354,False,0.7484482015588156,0.33228802590311873,50.69860279441117,495,False,2.49830006378287,0.7336527827948301,74.6506986027944,255,False
E02000058,Barnet 035,E09000003,Barnet,1.8133827276330807,10617,45,51760,4,8,12,1.7087269454265668,5.619847442842305,9.794319332501004,-2.291273054573433,-1.0389774216681011,12.674650698602793,876,False,-2.380152557157695,-0.37647913143800743,20.55888223552894,797,False,-2.2056806674989957,-0.25768225935229616,29.34131736526946,709,False
E02000059,Barnet 036,E09000003,Barnet,2.1938462811728248,12637,19,41109,0,1,4,0.723862510282904,1.9395164681425008,4.729868070184332,0.723862510282904,0.6373248994101083,68.6626746506986,315,False,0.9395164681425008,0.3825754358400653,53.1936127744511,470,False,0.7298680701843319,0.16514407536128228,44.61077844311377,556,False
E02000060,Barnet 037,E09000003,Barnet,1.2324759135142074,11994,21,40599,2,2,5,0.7683224931187864,2.0072750813542544,4.74571343963052,-1.2316775068812136,-1.038681226827699,12.77445109780439,875,False,0.007275081354254365,0.0028781100305353747,35.029940119760475,652,False,-0.25428656036948016,-0.05736740355301484,35.42914171656687,648,False
E02000061,Barnet 038,E09000003,Barnet,1.5869957823798158,8674,40,52937,4,5,11,1.5558101412833587,5.030585208632226,8.124335364863427,-2.4441898587166415,-1.1967630466733563,10.578842315369261,897,False,0.03058520863222558,0.0053605129514589425,35.32934131736527,649,False,-2.875664635136573,-0.3995584375216428,24.251497005988025,760,False
E02000062,Barnet 039,E09000003,Barnet,1.837998712367016,7364,48,37277,3,10,16,1.3038851078979432,2.8649831633304674,5.3101547719422015,-1.6961148921020568,-0.9570505023287053,14.071856287425149,862,False,-7.135016836669532,-2.0777700617961066,5.089820359281437,952,False,-10.689845228057798,-2.183511237630029,5.189620758483033,951,False
E02000063,Barnet 040,E09000003,Barnet,1.0376093992360855,7684,18,41581,0,0,0,0.6602294490570593,1.6014325753555383,3.2215625167268587,0.6602294490570593,0.6207599153454876,64.07185628742515,361,False,1.6014325753555383,0.7642614943442293,79.84031936127745,203,False,3.2215625167268587,1.0142554429231476,92.91417165668663,72,True
E02000064,Barnet 041,E09000003,Barnet,0.7943760915272416,7281,19,49063,0,1,3,0.7925574901592148,2.262089116425081,4.018592290244452,0.7925574901592148,0.653412716171094,73.45309381237524,267,False,1.2620891164250811,0.4511079481645984,56.68662674650699,435,False,1.0185922902444524,0.2656324513162019,49.700598802395206,505,False
E02000065,Bexley 001,E09000004,Bexley,4.062100491670032,8391,13,44135,0,0,0,0.5463452099981995,1.4241025844332311,2.964137098917861,0.5463452099981995,0.5861287018875264,56.58682634730538,436,False,1.4241025844332311,0.7474759924408398,77.34530938123753,228,False,2.964137098917861,1.0004776848397763,91.61676646706587,85,True
E02000066,Bexley 002,E09000004,Bexley,1.5725994666607523,9890,31,38132,0,3,4,0.9674245225384708,2.285761091533075,4.8944760448757325,0.9674245225384708,0.6877541873577911,84.23153692614771,159,False,-0.7142389084669252,-0.25302516358864097,24.05189620758483,762,False,0.8944760448757325,0.1963838756422111,45.90818363273453,543,False
E02000067,Bexley 003,E09000004,Bexley,2.617969627205284,10924,29,40944,0,0,4,0.981998831681668,2.5307697835483363,5.4778821395503,0.981998831681668,0.69026319009514,85.72854291417165,144,False,2.5307697835483363,0.8212339261893995,91.91616766467065,82,True,1.4778821395503003,0.2936272721393628,50.399201596806385,498,False
E02000068,Bexley 004,E09000004,Bexley,3.5829767244328647,8668,41,40219,3,3,5,1.237895059193198,2.991655424133881,5.7231997127510885,-1.762104940806802,-1.03589004238512,12.874251497005988,874,False,-0.00834457586611892,-0.002339174702877406,34.5309381237525,657,False,0.7231997127510885,0.13816901474845542,43.812375249500995,564,False
E02000069,Bexley 005,E09000004,Bexley,1.4513422738903623,7866,26,43250,0,0,1,0.908968150090268,2.3057119293233117,4.354935529753214,0.908968150090268,0.6771899364359826,81.73652694610777,184,False,2.3057119293233117,0.8107569990197714,89.02195608782435,111,False,3.354935529753214,0.8159990181882781,79.74051896207584,204,False
E02000070,Bexley 006,E09000004,Bexley,1.8561612087377628,8333,27,42940,1,1,2,0.9357786576246928,2.382117975839381,4.578676488740421,-0.06422134237530719,-0.0468142863684549,36.72654690618762,635,False,1.382117975839381,0.47257125904657116,57.98403193612774,422,False,2.578676488740421,0.6003370580482563,67.36526946107784,328,False
E02000071,Bexley 007,E09000004,Bexley,1.1786984631190505,7958,15,42456,1,1,2,0.5861545498359592,1.4575819026213426,2.997379231041627,-0.41384545016404084,-0.4229572042108944,23.852295409181636,764,False,0.4575819026213426,0.23572129177427667,45.70858283433134,545,False,0.9973792310416272,0.3335345271970823,52.19560878243513,480,False
E02000072,Bexley 008,E09000004,Bexley,5.602484490550267,14657,36,41944,0,0,2,1.2415440622364895,3.561990559497233,8.551132423035392,1.2415440622364895,0.7281802960124436,93.41317365269461,67,True,3.561990559497233,0.8548727914215097,97.30538922155688,28,True,6.5511324230353924,0.8682189280895962,83.73253493013972,164,False
E02000073,Bexley 009,E09000004,Bexley,1.60019284812593,10850,31,43853,0,3,5,1.0941980814556422,3.0105666524540458,6.191549539618708,1.0941980814556422,0.7081027521268648,90.31936127744511,98,True,0.010566652454045755,0.0029456425333211573,35.12974051896208,651,False,1.1915495396187081,0.2121108333951496,47.00598802395209,532,False
E02000074,Bexley 010,E09000004,Bexley,1.1287455312034411,9134,14,40758,0,0,2,0.5458157841811786,1.339437396128594,2.976739872241084,0.5458157841811786,0.5859500357515588,56.3872255489022,438,False,1.339437396128594,0.7383765298770105,76.24750499001996,239,False,0.976739872241084,0.3285156879430056,51.69660678642715,485,False
E02000075,Bexley 011,E09000004,Bexley,1.5353233646991764,8079,23,43193,1,2,3,0.8273615185594132,2.1041283522373124,4.0747211943968935,-0.1726384814405868,-0.1379136496542569,34.03193612774451,662,False,0.10412835223731243,0.039585507467159435,36.327345309381236,639,False,1.0747211943968935,0.2769310373479196,50.199600798403196,500,False
E02000077,Bexley 013,E09000004,Bexley,1.1174177633044886,8463,15,42006,1,1,4,0.5845752654175231,1.4549774795127288,3.07020538605043,-0.41542473458247686,-0.4253666354966139,23.75249500998004,765,False,0.4549774795127288,0.23471793281892342,45.50898203592814,547,False,-0.9297946139495701,-0.3047721018104749,27.54491017964072,727,False
E02000078,Bexley 014,E09000004,Bexley,1.4878685327930925,8178,21,44378,1,1,4,0.78995881992433,2.067508420282796,4.001811206445366,-0.21004118007566996,-0.17358136959598144,32.43512974051897,678,False,1.0675084202827958,0.41190496460170495,54.690618762475054,455,False,0.0018112064453656984,0.0004740425598108293,37.82435129740519,624,False
E02000079,Bexley 015,E09000004,Bexley,1.6479164763961598,9854,31,47923,2,7,19,1.170480713565405,3.457641004829097,6.472185120599559,-0.829519286434595,-0.5094978461325703,22.15568862275449,781,False,-3.542358995170903,-0.8731196606174103,13.373253493013973,869,False,-12.527814879400442,-2.1425439494043075,5.289421157684631,950,False
E02000080,Bexley 016,E09000004,Bexley,1.691864430904955,10516,32,44126,1,1,8,1.1233118125503454,3.087751143418793,6.21906180351279,0.1233118125503454,0.07819789420254863,39.52095808383233,607,False,2.087751143418793,0.5691162026092711,62.6746506986028,375,False,-1.7809381964872104,-0.31576401321969505,26.94610778443114,733,False
E02000081,Bexley 017,E09000004,Bexley,2.2057556922345443,8557,31,45273,0,0,0,1.0943008948291797,2.9559597482614475,5.453345325382398,1.0943008948291797,0.7081179958053888,90.41916167664671,97,True,2.9559597482614475,0.8374413137295068,94.91017964071857,52,True,5.453345325382398,1.0878226760187983,98.30339321357286,18,True
E02000082,Bexley 018,E09000004,Bexley,1.4973410460998349,9409,24,43612,0,0,2,0.8761436229674054,2.3177635427384917,4.674497628955074,0.8761436229674054,0.6708793154132074,79.24151696606786,209,False,2.3177635427384917,0.8113585830580029,89.22155688622755,109,False,2.6744976289550744,0.6114387726037404,67.96407185628742,322,False
E02000083,Bexley 019,E09000004,Bexley,3.744166524486084,11777,38,43830,1,3,4,1.2984433475231565,3.650062728660336,7.580057137875616,0.2984433475231565,0.16895861168751172,41.31736526946108,589,False,0.6500627286603362,0.1526279562855008,42.115768463073856,581,False,3.580057137875616,0.530170451546656,63.57285429141717,366,False
E02000084,Bexley 020,E09000004,Bexley,2.593843003465763,11419,38,46204,0,0,0,1.3541306927421994,3.9874021166834295,7.906609641287596,1.3541306927421994,0.7414637066339498,95.60878243512974,45,True,3.9874021166834295,0.8643854799726554,98.30339321357286,18,True,7.906609641287596,1.1264036650328921,99.7005988023952,4,True
E02000085,Bexley 021,E09000004,Bexley,1.6234410111580737,8007,24,44245,1,1,4,0.8721832926176807,2.269223076031272,4.296159356239729,-0.12781670738231932,-0.09820154945599788,35.42914171656687,648,False,1.2692230760312722,0.45243720679410715,56.886227544910184,433,False,0.29615935623972867,0.07289004939169126,41.01796407185629,592,False
E02000086,Bexley 022,E09000004,Bexley,1.4884730456507742,7116,12,46059,1,1,2,0.5260144413548634,1.39212228035217,2.71298112208368,-0.4739855586451366,-0.5218504108044765,21.956087824351297,783,False,0.39212228035217,0.2096008559559604,44.81037924151697,554,False,0.7129811220836801,0.258913211030102,49.40119760479042,508,False
E02000087,Bexley 023,E09000004,Bexley,3.716351207569301,8214,33,48019,2,3,4,1.2076921387374129,3.449070600857902,5.999251243502743,-0.7923078612625871,-0.4748894722770782,23.053892215568865,772,False,0.44907060085790196,0.11093288859168701,40.91816367265469,593,False,1.9992512435027434,0.36615002540424846,53.99201596806387,462,False
E02000088,Bexley 024,E09000004,Bexley,1.998930317125451,7736,25,45777,0,0,0,0.924659344070286,2.4773790427012816,4.521328035506473,0.924659344070286,0.6801075427761253,82.73453093812375,174,False,2.4773790427012816,0.8188857768076545,91.31736526946108,88,True,4.521328035506473,1.064279782004683,97.2055888223553,29,True
E02000089,Bexley 025,E09000004,Bexley,1.3677525563899204,8075,12,47109,1,2,3,0.5431318289429694,1.504082007582806,2.999660286488504,-0.4568681710570306,-0.4921214413196389,22.55489021956088,777,False,-0.4959179924171939,-0.24906556510816505,24.251497005988025,760,False,-0.00033971351149597595,-0.00011353199678916688,37.72455089820359,625,False
E02000090,Bexley 026,E09000004,Bexley,1.8097902359793685,9942,45,48817,2,3,8,1.6003500618915536,4.847268798310584,8.564380713598366,-0.3996499381084464,-0.19123200071432847,31.636726546906186,686,False,1.8472687983105844,0.3350279819825328,50.79840319361277,494,False,0.5643807135983661,0.07469012040515045,41.21756487025948,590,False
E02000091,Bexley 027,E09000004,Bexley,2.733594797194155,10321,29,47589,0,1,1,1.1098021031123169,3.2858091262425138,6.347067768432658,1.1098021031123169,0.7103949850349558,90.61876247504989,95,True,2.2858091262425138,0.5896392031574448,63.87225548902195,363,False,5.347067768432658,0.9307629346356634,87.5249500998004,126,False
E02000092,Bexley 028,E09000004,Bexley,5.991859746968996,7065,30,41433,0,0,1,0.971913722656604,2.325545274493276,4.2832085085887135,0.971913722656604,0.6885320989568041,84.73053892215569,154,False,2.325545274493276,0.8117444170972999,89.32135728542914,108,False,3.2832085085887135,0.8101801920917497,79.24151696606786,209,False
E02000093,Brent 001,E09000005,Brent,1.3774308805731743,12230,18,39894,0,1,4,0.6747932624192513,1.7419826783432673,4.280475710246948,0.6747932624192513,0.6247070083869131,65.36926147704591,348,False,0.7419826783432673,0.3304289293632922,50.59880239520959,496,False,0.2804757102469484,0.06924994573260579,40.7185628742515,595,False
E02000094,Brent 002,E09000005,Brent,1.1634633860772552,10616,20,41101,0,2,12,0.7348642787349531,1.8829129959983268,4.21667423461205,0.7348642787349531,0.6400189072310196,69.66067864271457,305,False,-0.11708700400167316,-0.048875962679822756,32.93413173652694,673,False,-7.78332576538795,-1.9469541271488,6.387225548902195,939,False
E02000095,Brent 003,E09000005,Brent,1.5488260469729578,10466,28,38596,2,2,10,0.9075850776175666,2.193623110052069,4.837484405294419,-1.0924149223824333,-0.8147866184917553,16.16766467065868,841,False,0.1936231100520689,0.0710469555074443,38.22355289421158,620,False,-5.162515594705581,-1.1452027636645838,10.878243512974052,894,False
E02000096,Brent 004,E09000005,Brent,1.6355023200059238,7844,12,44365,0,0,4,0.5133982409335004,1.3283439790687808,2.725206355529378,0.5133982409335004,0.5746488569900842,54.39121756487027,458,False,1.3283439790687808,0.7371247426191971,76.04790419161677,241,False,-1.274793644470622,-0.4612243578663252,22.45508982035928,778,False
E02000097,Brent 005,E09000005,Brent,1.8713255500346808,9622,11,39320,0,0,1,0.4454754596390228,1.067612117725693,2.5413588932176308,0.4454754596390228,0.5483871329967259,50.898203592814376,493,False,1.067612117725693,0.7028538028544352,72.55489021956087,276,False,1.5413588932176308,0.5904412670009951,67.06586826347305,331,False
E02000098,Brent 006,E09000005,Brent,1.8386097587960115,8717,19,39635,0,1,3,0.6709302601486742,1.5931712648747511,3.402362253672649,0.6709302601486742,0.6236694966395222,64.87025948103793,353,False,0.5931712648747511,0.28428196895569807,48.40319361277445,518,False,0.4023622536726492,0.12097630809006232,43.213572854291414,570,False
E02000099,Brent 007,E09000005,Brent,1.2871418701523605,9735,21,42153,2,2,4,0.7707209349249354,1.9844041036122595,4.206515654346546,-1.2292790650750645,-1.03431231703558,12.974051896207584,873,False,-0.015595896387740504,-0.006229767478811778,34.3313373253493,659,False,0.20651565434654628,0.05176696597677962,39.920159680638726,603,False
E02000100,Brent 008,E09000005,Brent,2.078546156436237,8342,32,45810,0,0,3,1.1308356041576804,3.0783867287261595,5.567684519539498,1.1308356041576804,0.7134184287722265,91.21756487025948,89,True,3.0783867287261595,0.8414203262047409,95.60878243512974,45,True,2.5676845195394984,0.5027996718987715,62.17564870259481,380,False
E02000101,Brent 009,E09000005,Brent,1.4039118543457574,9825,22,38588,0,0,4,0.7461502842042486,1.7746782601263775,3.9388713359718137,0.7461502842042486,0.6427341716789753,70.45908183632734,297,False,1.7746782601263775,0.7782419467603834,82.83433133732535,173,False,-0.061128664028186286,-0.016219220583590422,37.025948103792416,632,False
E02000102,Brent 010,E09000005,Brent,1.3593775408033302,8325,9,34906,0,0,0,0.3470876748154603,0.7295730686309944,1.796885904714282,0.3470876748154603,0.5024185016360735,47.00598802395209,532,False,0.7295730686309944,0.6378007419339721,67.16566866267465,330,False,1.796885904714282,0.906027067048178,86.42714570858283,137,False
E02000103,Brent 011,E09000005,Brent,1.771940319263671,10238,29,40235,0,1,4,0.9605479427222084,2.3988158318973047,5.104261165074554,0.9605479427222084,0.6865536717933491,84.13173652694611,160,False,1.3988158318973047,0.47541233151062867,58.183632734530946,420,False,1.1042611650745542,0.23361359341904983,47.70459081836327,525,False
E02000104,Brent 012,E09000005,Brent,1.1078884331002592,7630,27,36752,0,0,1,0.8223980523699512,1.78882727911187,3.638942847050265,0.8223980523699512,0.659893855671442,75.1497005988024,250,False,1.78882727911187,0.7792944720568158,83.23353293413174,169,False,2.638942847050265,0.7493842282489962,75.44910179640718,247,False
E02000105,Brent 013,E09000005,Brent,1.3697866190903645,10278,25,37889,2,2,8,0.8174383816268156,1.9344063963550255,4.3391191205091655,-1.1825616183731844,-0.9531172675769276,14.171656686626747,861,False,-0.06559360364497446,-0.026769208162320212,33.33333333333333,669,False,-3.6608808794908345,-0.8932384124112731,14.37125748502994,859,False
E02000106,Brent 014,E09000005,Brent,1.340986835900634,10705,31,35090,1,2,7,0.9206833520005874,2.066029819793618,4.7594941731749385,-0.07931664799941263,-0.0585279162127059,36.427145708582835,638,False,0.06602981979361822,0.025493455071242396,35.92814371257485,643,False,-2.2405058268250615,-0.5041740533556721,21.756487025948104,785,False
E02000107,Brent 015,E09000005,Brent,0.9546533046321222,11078,19,39514,1,2,6,0.6886449068654923,1.7184709320328662,4.030229920272292,-0.3113550931345077,-0.28410434287518177,27.944111776447105,723,False,-0.28152906796713384,-0.12679006248916933,29.94011976047904,703,False,-1.9697700797277076,-0.5124032069170101,21.35728542914172,789,False
E02000108,Brent 016,E09000005,Brent,0.8129798778133907,7585,9,39951,0,0,0,0.3795811495125765,0.8809678796337436,1.968378878397543,0.3795811495125765,0.5188281784362652,48.003992015968066,522,False,0.8809678796337436,0.6707448698889742,69.86027944111777,303,False,1.968378878397543,0.9246144180437349,87.32534930139721,128,False
E02000110,Brent 018,E09000005,Brent,0.7991317960836258,8053,14,43796,0,0,0,0.5716476309604952,1.4682081658756014,3.0017833227197013,0.5716476309604952,0.5944597351501849,58.08383233532935,421,False,1.4682081658756014,0.7519201164306354,77.54491017964071,226,False,3.0017833227197013,1.0026029745760552,91.71656686626747,84,True
E02000111,Brent 019,E09000005,Brent,1.127825785507705,11415,21,36568,0,2,9,0.7052965499822934,1.6587209623588328,4.050083949486468,0.7052965499822934,0.6326694322584389,67.16566866267465,330,False,-0.3412790376411672,-0.15824538284642237,28.043912175648707,722,False,-4.949916050513532,-1.282184249519171,9.481037924151696,908,False
E02000112,Brent 020,E09000005,Brent,1.2687895994079672,12855,31,37101,1,3,8,0.9826173737268654,2.421786615046683,5.9030155814172165,-0.017382626273134583,-0.012212708764172988,37.3253493013972,629,False,-0.5782133849533171,-0.19490838885565578,26.646706586826348,736,False,-2.0969844185827835,-0.38967166589133184,24.850299401197603,754,False
E02000113,Brent 021,E09000005,Brent,1.483450206911394,9668,31,31872,0,0,2,0.8539466369403248,1.7396529742394242,4.02099115475846,0.8539466369403248,0.6664445745637212,77.84431137724552,223,False,1.7396529742394242,0.775581942756128,82.33532934131736,178,False,2.02099115475846,0.5267704381607632,63.37325349301397,368,False
E02000114,Brent 022,E09000005,Brent,0.6133535614171027,8906,17,46810,1,2,10,0.7101221257039144,1.994121122135664,3.947246439104268,-0.2898778742960856,-0.2587604702215473,29.041916167664674,712,False,-0.005878877864335941,-0.0023386746557581065,34.63073852295409,656,False,-6.052753560895733,-1.603036524713,7.285429141716566,930,False
E02000115,Brent 023,E09000005,Brent,0.8487824089110606,8555,19,44214,1,1,3,0.732178921161018,1.92383550583602,3.8363232733146577,-0.267821078838982,-0.23387126097411312,30.239520958083833,700,False,0.9238355058360199,0.3787602527337755,52.794411177644704,474,False,0.8363232733146577,0.22699287616220634,47.40518962075848,528,False
E02000116,Brent 024,E09000005,Brent,1.096324732505756,8719,25,37635,1,2,7,0.7982764513668048,1.8142145295560723,3.842897553575724,-0.2017235486331952,-0.16543619031294046,32.83433133732535,674,False,-0.18578547044392768,-0.07999424999809546,31.437125748502993,688,False,-3.157102446424276,-0.8556341736117666,15.169660678642716,851,False
E02000117,Brent 025,E09000005,Brent,0.8900069141978508,12966,18,34235,1,2,9,0.60965403200474,1.4053591372227887,3.8379144453013687,-0.39034596799526,-0.3881706018932107,24.550898203592812,757,False,-0.5946408627772113,-0.3154506307706733,21.956087824351297,783,False,-5.162085554698631,-1.4005821754383754,8.882235528942116,914,False
E02000118,Brent 026,E09000005,Brent,1.2338217841565542,11845,18,35948,2,3,7,0.6219180284891471,1.4543205898972265,3.714375080610419,-1.378081971510853,-1.3514355165120553,8.582834331337326,917,False,-1.5456794101027735,-0.797689608743821,14.171656686626747,861,False,-3.285624919389581,-0.9168112694946503,13.972055888223553,863,False
E02000119,Brent 027,E09000005,Brent,2.571337909412576,12231,52,37278,2,2,3,1.473431364529822,3.6090635584121102,8.000844823492141,-0.526568635470178,-0.26944684291493987,28.542914171656687,717,False,1.6090635584121102,0.38164715597019405,53.093812375249506,471,False,5.000844823492141,0.7047131819934312,73.15369261477046,270,False
E02000120,Brent 028,E09000005,Brent,0.5061581040121904,8689,13,49853,2,3,6,0.6129989968987354,1.8334100193864684,3.57196342348839,-1.3870010031012647,-1.3740069826515962,8.183632734530939,921,False,-1.1665899806135316,-0.49792087135052515,18.46307385229541,818,False,-2.42803657651161,-0.7004972689737499,18.263473053892216,820,False
E02000121,Brent 029,E09000005,Brent,1.3954798545494298,13013,22,35153,0,2,6,0.7250971623302538,1.7110989787137822,4.505617768092146,0.7250971623302538,0.6376295880794974,68.8622754491018,313,False,-0.28890102128621775,-0.13057266571993337,29.740518962075846,705,False,-1.4943822319078537,-0.35283654506329043,26.147704590818364,741,False
E02000122,Brent 030,E09000005,Brent,1.2026509392513274,7948,17,47425,0,2,2,0.7104510953051268,1.980753240551106,3.745678851825069,0.7104510953051268,0.6339759902242533,67.56487025948104,326,False,-0.01924675944889409,-0.0077000255230856894,34.03193612774451,662,False,1.745678851825069,0.483623067319816,60.97804391217565,392,False
E02000123,Brent 031,E09000005,Brent,1.034985452237651,14102,30,37892,1,4,12,0.9872374825758966,2.546610783191748,6.474355241186991,-0.012762517424103392,-0.00893489026338836,37.5249500998004,627,False,-1.4533892168082518,-0.46907955231146503,18.962075848303392,813,False,-5.525644758813009,-0.9447253247921431,13.77245508982036,865,False
E02000124,Brent 032,E09000005,Brent,1.0964699460700278,9428,30,50062,2,6,9,1.1832421617010107,3.635385106900617,6.5290203339532775,-0.8167578382989893,-0.4974350754603177,22.45508982035928,778,False,-2.364614893099383,-0.5572021858271151,17.465069860279442,828,False,-2.4709796660467225,-0.41926115246760154,23.45309381237525,768,False
E02000125,Brent 033,E09000005,Brent,0.7658122564896038,9633,17,45684,0,0,4,0.7008027709294445,1.9490750922347144,4.030147802363961,0.7008027709294445,0.6315213808474955,66.96606786427147,332,False,1.9490750922347144,0.7904036012494657,84.83033932135729,153,False,0.030147802363961418,0.007842591687690262,38.32335329341318,619,False
E02000126,Brent 034,E09000005,Brent,0.4378328527746977,7755,18,38735,0,0,1,0.6251134152148906,1.4228536641098082,2.9834535312661634,0.6251134152148906,0.6108271399943349,61.77644710578842,384,False,1.4228536641098082,0.7473473208056788,77.24550898203593,229,False,1.9834535312661634,0.6658638586988407,71.05788423153693,291,False
E02000127,Bromley 001,E09000006,Bromley,2.2253604517210457,9609,20,42068,1,1,3,0.7398331017871658,1.8952300963009616,4.027653994417421,-0.26016689821283423,-0.22548909252686103,30.538922155688624,697,False,0.8952300963009616,0.3716662561681936,52.59481037924152,476,False,1.0276539944174212,0.267474887685656,49.800399201596804,504,False
E02000128,Bromley 002,E09000006,Bromley,2.537041952798277,7790,23,49998,1,3,5,0.9415138632245156,2.780207294462199,4.8533653176840135,-0.05848613677548442,-0.04243821503996118,36.82634730538922,634,False,-0.21979270553780106,-0.06571399604351927,32.23552894211577,680,False,-0.14663468231598653,-0.03243422430524184,36.52694610778443,637,False
E02000130,Bromley 004,E09000006,Bromley,1.4862439747660248,8504,26,55478,1,4,6,1.162685284634309,3.9577608321528617,6.489970101254007,0.16268528463430898,0.10044406826557987,39.920159680638726,603,False,-0.042239167847138326,-0.00921868012652763,33.93213572854291,663,False,0.4899701012540074,0.08358818662082658,41.61676646706587,586,False
E02000131,Bromley 005,E09000006,Bromley,1.7665848128681236,10669,41,55399,2,4,4,1.7050141852907237,6.097891236254041,10.260399436351957,-0.2949858147092763,-0.13400129538616448,34.13173652694611,661,False,2.097891236254041,0.30751815126788096,49.30139720558882,509,False,6.260399436351957,0.700287741967905,72.75449101796407,274,False
E02000132,Bromley 006,E09000006,Bromley,1.737295081327467,10409,52,56510,0,7,10,2.0975429073165985,7.663475313286003,12.184538573107655,2.0975429073165985,0.801356452498915,99.50099800399201,6,True,0.6634753132860034,0.0784437121793621,38.622754491017965,616,False,2.1845385731076554,0.20789166365189463,46.8063872255489,534,False
E02000133,Bromley 007,E09000006,Bromley,5.976795861923995,10880,33,61480,1,4,6,1.621496433256985,6.686613521038801,10.746309053594846,0.621496433256985,0.2942107854860308,43.51297405189621,567,False,2.686613521038801,0.361231846077264,51.996007984031934,482,False,4.746309053594846,0.5083931260615888,62.5748502994012,376,False
E02000134,Bromley 008,E09000006,Bromley,1.9349937999239049,12165,37,50160,2,5,10,1.4451780828717966,4.735831957349732,9.19375199774336,-0.5548219171282034,-0.28836900802532683,27.644710578842314,726,False,-0.26416804265026794,-0.04894619445943413,32.83433133732535,674,False,-0.8062480022566394,-0.09990887147666408,34.3313373253493,659,False
E02000135,Bromley 009,E09000006,Bromley,1.1569667345632308,10024,22,41412,0,1,1,0.7902919206778052,2.014085117235215,4.335387627031899,0.7902919206778052,0.6529087641843127,73.15369261477046,270,False,1.014085117235215,0.4000403542098243,54.191616766467064,460,False,3.335387627031899,0.8144294514720714,79.64071856287424,205,False
E02000136,Bromley 010,E09000006,Bromley,4.558928368680558,5794,37,49700,0,1,2,1.326534099207107,3.734137614815817,5.690959025746399,1.326534099207107,0.7383521644263412,94.81037924151696,53,True,2.734137614815817,0.6289196939909905,66.86626746506987,333,False,3.690959025746399,0.7087421204872228,73.75249500998004,264,False
E02000137,Bromley 011,E09000006,Bromley,1.8612379150550595,8406,40,53418,0,1,1,1.565416422591133,5.087333085376609,8.07764654194438,1.565416422591133,0.7626537865064098,97.40518962075848,27,True,4.087333085376609,0.7089863831242629,73.35329341317365,268,False,7.077646541944381,0.9886376991894866,91.01796407185628,91,True
E02000138,Bromley 012,E09000006,Bromley,2.084769516699077,8564,29,57171,1,1,3,1.309861188461158,4.644639351688822,7.355083564536641,0.30986118846115795,0.17420976607547287,41.61676646706587,586,False,3.644639351688822,0.6874568442501451,71.25748502994011,289,False,4.355083564536641,0.6629878739787473,70.85828343313374,293,False
E02000139,Bromley 013,E09000006,Bromley,1.5361754412086492,7844,31,55660,0,1,2,1.3285966309025952,4.480794215797369,6.981361502963027,1.3285966309025952,0.7385878090827916,94.91017964071857,52,True,3.480794215797369,0.6785128489272306,70.55888223552894,296,False,4.981361502963027,0.7953022991791329,78.3433133732535,218,False
E02000140,Bromley 014,E09000006,Bromley,1.8870415741553368,8881,29,41681,1,2,3,0.972015817984641,2.434692437968499,4.818146005851739,-0.027984182015359016,-0.019823238290857637,37.22554890219561,630,False,0.4346924379684989,0.14585899765631635,41.81636726546906,584,False,1.8181460058517391,0.40474548898875773,56.087824351297414,441,False
E02000141,Bromley 015,E09000006,Bromley,0.93306621609195,7395,28,50992,0,0,0,1.1138684497794828,3.3400090503739595,5.521568145869534,1.1138684497794828,0.7109853706248656,90.9181636726547,92,True,3.3400090503739595,0.8491033077584621,96.50698602794411,36,True,5.521568145869534,1.0892839206929275,98.40319361277446,17,True
E02000142,Bromley 016,E09000006,Bromley,1.7796400901438445,8891,20,52638,0,0,1,0.90139288714439,2.894767630079277,5.181550308893216,0.90139288714439,0.67575887571302,81.0379241516966,191,False,2.894767630079277,0.8353491937454995,94.61077844311377,55,True,4.181550308893216,0.8729271722202387,84.4311377245509,157,False
E02000144,Bromley 018,E09000006,Bromley,1.98498887429937,10598,43,58604,4,6,9,1.883170736674448,7.23882209421667,11.55590204719068,-2.116829263325552,-0.8854884306566471,15.169660678642716,851,False,1.23882209421667,0.15457519964559865,42.21556886227545,580,False,2.5559020471906795,0.2556979148373855,49.101796407185624,511,False
E02000145,Bromley 019,E09000006,Bromley,11.280453774774111,9103,39,39598,1,4,7,1.1817169193877624,2.841902969254756,5.613391155601118,0.18171691938776235,0.1107836494333758,40.119760479041915,601,False,-1.1580970307452438,-0.33965046958402983,21.55688622754491,787,False,-1.3866088443988822,-0.2695469403104582,28.74251497005988,715,False
E02000146,Bromley 020,E09000006,Bromley,1.803654804412561,9836,21,51243,0,1,2,0.9213458144684762,2.927579146344948,5.506213837660228,0.9213458144684762,0.6794965955460429,82.53493013972056,176,False,1.9275791463449479,0.5507558218903352,61.67664670658682,385,False,3.506213837660228,0.6934199552126737,72.0558882235529,281,False
E02000147,Bromley 021,E09000006,Bromley,2.250489893788913,8274,41,56087,0,0,0,1.678939724312454,5.784085447893177,8.782687531300253,1.678939724312454,0.7724183139638182,98.80239520958084,13,True,5.784085447893177,0.8906956208724252,99.8003992015968,3,True,8.782687531300253,1.1355285974664382,99.9001996007984,2,True
E02000148,Bromley 022,E09000006,Bromley,2.806801204026763,6871,35,52515,0,1,4,1.3587844706403065,4.176643605433518,6.43580794663751,1.3587844706403065,0.7419797514282181,95.70858283433134,44,True,3.176643605433518,0.6602372370352441,69.061876247505,311,False,2.43580794663751,0.4187097612981335,56.986027944111775,432,False
E02000149,Bromley 023,E09000006,Bromley,1.8789660885313528,8381,48,44802,0,1,1,1.5286113524099425,4.0813572910966975,7.1052811970106005,1.5286113524099425,0.7592651037100294,97.2055888223553,29,True,3.0813572910966975,0.654008843656354,68.562874251497,316,False,6.1052811970106005,0.9592320808786873,89.02195608782435,111,False
E02000150,Bromley 024,E09000006,Bromley,3.076756232275474,9046,32,51116,0,1,4,1.2648083374277268,3.949047852464366,6.830255800435771,1.2648083374277268,0.7310574124731227,93.7125748502994,64,True,2.949047852464366,0.6449143795442693,67.76447105788424,324,False,2.830255800435771,0.4609563695094892,59.58083832335329,406,False
E02000151,Bromley 025,E09000006,Bromley,2.1016169051800926,7556,22,54754,0,0,2,0.9951754160947676,3.2587341609902314,5.314675364507485,0.9951754160947676,0.692491138250849,86.32734530938124,138,False,3.2587341609902314,0.8468268366577332,96.20758483033931,39,True,3.314675364507485,0.6765445147697614,71.35728542914171,288,False
E02000152,Bromley 026,E09000006,Bromley,2.572930703451636,8032,31,44431,0,0,1,1.0696948957024184,2.801482172959576,5.121981165573287,1.0696948957024184,0.7044153302633693,88.72255489021956,114,False,2.801482172959576,0.8320166060363295,94.311377245509,58,True,4.121981165573287,0.8693585124332303,83.8323353293413,163,False
E02000153,Bromley 027,E09000006,Bromley,2.2478664675206064,8156,23,49613,0,0,1,0.9385965066548948,2.769685357730065,4.930178924071737,0.9385965066548948,0.6826476038700381,83.13373253493013,170,False,2.769685357730065,0.8308389769999143,94.01197604790418,61,True,3.930178924071737,0.8573620967053298,82.23552894211576,179,False
E02000154,Bromley 028,E09000006,Bromley,2.086007566164908,8859,33,52868,2,6,8,1.337833270209117,4.330909554308584,7.232132413341948,-0.6621667297908831,-0.3660866932410065,25.54890219560878,747,False,-1.669090445691416,-0.33562918579257756,21.856287425149702,784,False,-0.7678675866580518,-0.11871027904494659,33.433133732534934,668,False
E02000155,Bromley 029,E09000006,Bromley,1.8179753753396029,7230,35,44085,0,1,1,1.157765066259249,2.9576159914167226,5.182676534228071,1.157765066259249,0.7171823204224951,91.71656686626747,84,True,1.9576159914167226,0.554330726976012,61.876247504990026,383,False,4.182676534228071,0.8729939552590276,84.53093812375249,156,False
E02000156,Bromley 030,E09000006,Bromley,3.843173193116401,12252,31,51904,0,4,9,1.302032841640361,4.44366249402839,8.651555045817584,1.302032841640361,0.7355136009641449,94.41117764471058,57,True,0.4436624940283904,0.08714403349768247,39.321357285429144,609,False,-0.3484449541824155,-0.0456830828489979,35.82834331337325,644,False
E02000157,Bromley 031,E09000006,Bromley,2.4476990492204704,8387,31,53945,0,1,2,1.2933165216347997,4.244734822007067,6.91430199140455,1.2933165216347997,0.7344859689679658,94.11177644710578,60,True,3.244734822007067,0.6645336354637056,69.56087824351297,306,False,4.91430199140455,0.7915226483726137,77.7445109780439,224,False
E02000158,Bromley 032,E09000006,Bromley,2.1599657198200752,7931,28,47889,0,1,1,1.055241427069335,2.9825071499935967,5.251503708322634,1.055241427069335,0.7021881609149135,88.22355289421158,119,False,1.9825071499935967,0.5572456736361332,62.37524950099801,378,False,4.251503708322634,0.8770279553160125,84.73053892215569,154,False
E02000159,Bromley 033,E09000006,Bromley,5.886316982413352,7184,43,51346,0,2,7,1.568781586253985,4.734331448407946,7.302346946290019,1.568781586253985,0.762957893088017,97.50499001996008,26,True,2.7343314484079464,0.5067762408417694,59.68063872255489,405,False,0.3023469462900188,0.046331107857405,39.52095808383233,607,False
E02000160,Bromley 034,E09000006,Bromley,8.459552115715736,8341,44,49993,1,2,5,1.577849222270794,4.737344340034598,7.762244009482413,0.577849222270794,0.2797133154343152,43.11377245508982,571,False,2.737344340034598,0.507038208074084,59.78043912175649,404,False,2.762244009482413,0.40024110560833503,55.88822355289421,443,False
E02000161,Bromley 035,E09000006,Bromley,1.7187871098333911,8782,39,50570,1,1,1,1.4580567875343144,4.475756786793899,7.521142709030691,0.45805678753431445,0.23638031941011564,42.81437125748503,574,False,3.475756786793899,0.6782284758569259,70.35928143712576,298,False,6.521142709030691,0.9726472002260669,89.82035928143712,103,False
E02000162,Bromley 036,E09000006,Bromley,12.76053171120581,7045,64,48125,0,1,2,2.018285427329681,5.656231706828082,8.60016894486087,2.018285427329681,0.7965822652897617,99.30139720558883,8,True,4.656231706828082,0.7320900745351442,75.3493013972056,248,False,6.6001689448608705,0.8701028903248801,84.03193612774452,161,False
E02000163,Bromley 037,E09000006,Bromley,11.30683706002484,7645,57,50079,1,2,5,1.925478931560112,5.71402445783896,8.794765251687124,0.925478931560112,0.3800077911485951,44.11177644710579,561,False,3.71402445783896,0.5784517025212151,63.37325349301397,368,False,3.7947652516871244,0.49000727125147586,61.27744510978044,389,False
E02000165,Bromley 039,E09000006,Bromley,5.661892435706223,7137,27,46385,0,0,1,0.98651064548532,2.646138984660039,4.632484363155418,0.98651064548532,0.691030332689218,86.12774451097805,140,False,2.646138984660039,0.8260467505024998,92.91417165668663,72,True,3.6324843631554176,0.8370566905240294,81.23752495009981,189,False
E02000166,Camden 001,E09000007,Camden,3.0239896585229635,7729,28,59138,2,9,13,1.3109353596415625,4.772091000988065,7.15469184887414,-0.6890646403584375,-0.38715329266586396,24.65069860279441,756,False,-4.227908999011935,-0.7778937179132269,14.570858283433132,857,False,-5.84530815112586,-0.912596835054785,14.071856287425149,862,False
E02000167,Camden 002,E09000007,Camden,2.081419813385486,7189,23,64831,4,20,24,1.2483282304461856,5.108160185923357,7.120362851402708,-2.7516717695538144,-1.6069832633407966,6.686626746506986,936,False,-14.891839814076643,-2.573400895053117,3.1936127744510974,971,False,-16.87963714859729,-2.6469208857210864,2.8942115768463075,974,False
E02000168,Camden 003,E09000007,Camden,0.6805794874286688,7664,28,61204,2,7,12,1.363771690806153,5.1973744005906335,7.557373201273932,-0.636228309193847,-0.3464059556399981,26.047904191616766,742,False,-1.8026255994093665,-0.306559268035289,22.15568862275449,781,False,-4.442626798726068,-0.6597185276728408,18.862275449101794,814,False
E02000169,Camden 004,E09000007,Camden,1.1224020558249683,7207,8,64878,0,0,0,0.5641124964241367,2.2955692487606805,3.653257867071084,0.5641124964241367,0.5920204939562074,57.58483033932136,426,False,2.2955692487606805,0.810246859017503,88.62275449101796,115,False,3.653257867071084,1.0339502107196539,94.51097804391217,56,True
E02000170,Camden 005,E09000007,Camden,0.77136035466646,7976,18,56011,0,1,1,0.8779135933293581,2.9823198554297803,4.987410035813824,0.8779135933293581,0.6712269953506532,79.34131736526946,208,False,1.9823198554297803,0.5572238982605542,62.27544910179641,379,False,3.9874100358138236,0.8610252255766301,82.53493013972056,176,False
E02000171,Camden 006,E09000007,Camden,0.521550268965199,7337,14,56219,0,1,2,0.7221296912454842,2.4259896146102866,4.074105313947407,0.7221296912454842,0.6368962558762025,68.562874251497,316,False,1.4259896146102866,0.4799646367224871,58.48303393213573,417,False,2.074105313947407,0.534519297846642,63.67265469061876,365,False
E02000172,Camden 007,E09000007,Camden,0.6687852104859162,9491,9,41459,1,4,9,0.3999838879625936,1.0024650507429074,2.3635872106475437,-0.6000161120374063,-0.7927650574193588,16.766467065868262,835,False,-2.9975349492570924,-2.070744503617088,5.189620758483033,951,False,-6.636412789352456,-2.6958391955361893,2.5948103792415167,977,False
E02000173,Camden 008,E09000007,Camden,0.7787137966300649,7818,25,64774,0,3,5,1.3406823868501037,5.559154952718147,7.86199910271212,1.3406823868501037,0.7399584977837176,95.20958083832335,49,True,2.5591549527181474,0.40889835777824274,54.39121756487027,458,False,2.8619991027121197,0.40985753661037955,56.4870259481038,437,False
E02000174,Camden 009,E09000007,Camden,0.5458352021895843,8270,10,49413,0,2,7,0.4972825266665908,1.4562564021273678,2.9009202886913825,0.4972825266665908,0.5687516812269625,53.49301397205589,467,False,-0.5437435978726322,-0.28031272308038413,23.15369261477046,771,False,-4.099079711308617,-1.4085292148494837,8.682634730538922,916,False
E02000175,Camden 010,E09000007,Camden,0.6912715552654496,9346,34,59180,3,9,15,1.5582022220635607,5.893118156188451,9.16884925987571,-1.4417977779364393,-0.7050740625375156,17.864271457085827,824,False,-3.106881843811549,-0.4701762138991889,18.862275449101794,814,False,-5.83115074012429,-0.7244098973549152,17.764471057884233,825,False
E02000176,Camden 011,E09000007,Camden,0.397567965999654,5873,11,61272,1,3,4,0.6533872591984794,2.3816318063842754,3.6349848118006247,-0.3466127408015206,-0.32830264463813436,26.646706586826348,736,False,-0.6183681936157246,-0.21146847495506704,26.24750499001996,740,False,-0.3650151881993753,-0.10375015672955872,34.231536926147704,660,False
E02000177,Camden 012,E09000007,Camden,0.5239287364476681,8595,24,42625,0,3,5,0.8510584703164439,2.1616787886303217,4.2806307516148205,0.8510584703164439,0.6658571937245779,77.54491017964071,226,False,-0.8383212113696783,-0.3114755031762749,22.055888223552895,782,False,-0.7193692483851795,-0.17760793781372303,31.736526946107784,685,False
E02000178,Camden 013,E09000007,Camden,0.5617758752799756,9123,11,45357,0,1,1,0.4981406041328964,1.3556712289622177,2.9155909536960687,0.4981406041328964,0.569070595973422,53.59281437125748,466,False,0.3556712289622177,0.1941928514952492,43.51297405189621,567,False,1.9155909536960687,0.6554899784447706,70.55888223552894,296,False
E02000179,Camden 014,E09000007,Camden,0.3828682409477901,5912,12,48824,1,2,2,0.5471727944161507,1.5020582773947615,2.690043876242743,-0.45282720558384926,-0.4852970166506285,22.954091816367264,773,False,-0.4979417226052385,-0.25035490666122623,24.151696606786427,761,False,0.690043876242743,0.25233580541467177,49.00199600798403,512,False
E02000180,Camden 015,E09000007,Camden,0.4855211833917107,7966,18,45761,0,1,3,0.7187471417458041,1.93049841333823,3.709587396427017,0.7187471417458041,0.6360560825358968,68.26347305389223,319,False,0.9304984133382299,0.380387611551805,52.8942115768463,473,False,0.709587396427017,0.19821976874359493,46.10778443113773,541,False
E02000181,Camden 016,E09000007,Camden,0.5405971607375384,8080,8,65031,0,0,0,0.5717755902627255,2.380614171221334,3.9115565855091714,0.5717755902627255,0.5945008596135823,58.183632734530946,420,False,2.380614171221334,0.8144178041119349,90.21956087824351,99,True,3.9115565855091714,1.0440872651859268,95.60878243512974,45,True
E02000182,Camden 017,E09000007,Camden,0.7978631253380747,7472,24,53252,1,1,5,1.0330118874376415,3.2641506085441776,5.354911543822195,0.033011887437641496,0.02232780530716011,38.22355289421158,620,False,2.2641506085441776,0.5875015871436131,63.772455089820355,364,False,0.3549115438221948,0.07195508525668329,40.818363273453095,594,False
E02000183,Camden 018,E09000007,Camden,0.771957647521532,7500,11,52800,6,13,15,0.5648246588220696,1.7582094500445415,3.208053375062242,-5.43517534117793,-5.699107214214659,0.29940119760479045,1000,False,-11.241790549955459,-4.968055838068029,1.097804391217565,992,False,-11.791946624937758,-3.725627855491736,0.8982035928143712,994,False
E02000184,Camden 019,E09000007,Camden,0.6646947662454761,9580,25,42595,2,4,6,0.8885226739834673,2.305798929790237,4.721544042973639,-1.1114773260165327,-0.8422406728384901,15.568862275449103,847,False,-1.694201070209763,-0.5957122910034527,17.16566866267465,831,False,-1.2784559570263614,-0.28971881727907073,27.844311377245507,724,False
E02000185,Camden 020,E09000007,Camden,0.4723798179007025,8769,20,37489,2,3,6,0.6698161801634069,1.5165505007115734,3.3194109861309866,-1.3301838198365932,-1.2379447017081981,9.980039920159681,903,False,-1.4834494992884266,-0.7400645499939759,14.97005988023952,853,False,-2.6805890138690134,-0.8229438581623478,15.469061876247507,848,False
E02000186,Camden 021,E09000007,Camden,1.0033656791202348,6574,42,52548,4,15,24,1.5647971942788044,4.787978514748749,7.1168203399428265,-2.435202805721196,-1.1867864574137272,10.67864271457086,896,False,-10.21202148525125,-1.873179123723315,5.888223552894212,944,False,-16.883179660057174,-2.648678798182132,2.7944111776447107,975,False
E02000187,Camden 022,E09000007,Camden,0.9682205514796368,10540,44,38206,10,26,30,1.2874158670501394,3.098821010044253,6.492917077372532,-8.71258413294986,-4.965887590706855,0.499001996007984,998,False,-22.901178989955746,-6.223059018173753,0.6986027944111777,996,False,-23.50708292262747,-4.008625823034067,0.7984031936127743,995,False
E02000188,Camden 023,E09000007,Camden,0.5076104950244332,7570,25,40607,2,9,13,0.8342977751046973,1.978460707635371,3.848661005901359,-1.1657022248953028,-0.9255221560257683,14.770459081836327,855,False,-7.021539292364629,-2.8118365156407212,2.2954091816367264,980,False,-9.15133899409864,-2.4769945141148586,3.6926147704590817,966,False
E02000191,Camden 026,E09000007,Camden,0.6419675623583614,6339,29,60773,7,18,25,1.3680575277468534,5.014079131997191,6.932834861132154,-5.631942472253146,-3.058743651719305,2.19560878243513,981,False,-12.98592086800281,-2.2828876872012707,3.8922155688622757,964,False,-18.067165138867846,-2.902907206593611,2.095808383233533,982,False
E02000192,Camden 027,E09000007,Camden,0.4318284388345104,7116,16,43752,3,12,16,0.6250872061319885,1.5722341599525826,3.049095433713013,-2.3749127938680115,-2.320705053152796,3.6926147704590817,966,False,-10.427765840047417,-5.0518461908861125,0.8982035928143712,994,False,-12.950904566286987,-4.26962114982273,0.6986027944111777,996,False
E02000193,Camden 028,E09000007,Camden,1.0896478575522444,7167,66,43871,12,46,50,1.906603266536544,4.861600916560403,7.83713216789434,-10.093396733463456,-4.178736396164414,0.7984031936127743,995,False,-41.138399083439595,-7.440776551254519,0.499001996007984,998,False,-42.16286783210566,-6.0556160523693885,0.499001996007984,998,False
E02000194,Croydon 001,E09000008,Croydon,1.3918641471210431,9789,32,51505,2,5,7,1.2858906772824044,4.118162352903167,7.293326134061725,-0.7141093227175956,-0.4074006520383265,24.151696606786427,761,False,-0.881837647096833,-0.18564722431114472,27.045908183632733,732,False,0.2933261340617248,0.04499959823112534,39.421157684630735,608,False
E02000195,Croydon 002,E09000008,Croydon,1.9369400058865,10044,20,45140,0,0,1,0.7896405841203361,2.1912701060209274,4.542699349511615,0.7896405841203361,0.6527635626998141,73.05389221556887,271,False,2.1912701060209274,0.8047878961744511,88.02395209580838,121,False,3.542699349511615,0.8304857660891457,80.938123752495,192,False
E02000196,Croydon 003,E09000008,Croydon,1.225951050501245,8280,16,44701,0,0,3,0.6457499387212403,1.7033344874162435,3.412324412256653,0.6457499387212403,0.6167373950797641,63.07385229540918,371,False,1.7033344874162435,0.7727386281119242,81.73652694610777,184,False,0.41232441225665317,0.12366518618699511,43.51297405189621,567,False
E02000197,Croydon 004,E09000008,Croydon,0.9927408460241698,9287,13,44960,1,1,3,0.5612282127609739,1.5207422731687077,3.2411997552325422,-0.4387717872390261,-0.46210820838467837,23.15369261477046,771,False,0.5207422731687077,0.2592071407792454,46.60678642714571,536,False,0.24119975523254222,0.07555077495682666,41.31736526946108,589,False
E02000198,Croydon 005,E09000008,Croydon,0.8921214780289843,9312,20,42767,0,1,1,0.7473121171049163,1.932486534077331,4.021188477623579,0.7473121171049163,0.6430109677929077,70.55888223552894,296,False,0.932486534077331,0.3808713926072484,52.99401197604791,472,False,3.0211884776235793,0.7874380578422373,77.44510978043913,227,False
E02000199,Croydon 006,E09000008,Croydon,0.8629357813620586,8551,5,47083,1,1,1,0.291642149068917,0.8112259353127078,1.830199432388095,-0.708357850931083,-1.1437907943206083,10.978043912175648,893,False,-0.1887740646872922,-0.1527662861386959,28.542914171656687,717,False,0.830199432388095,0.41270374253390063,56.786427145708586,434,False
E02000200,Croydon 007,E09000008,Croydon,1.2474537404227874,9432,29,49263,0,3,4,1.1344301051623866,3.4217387787122795,6.240963603093512,1.1344301051623866,0.7139276765966766,91.31736526946108,88,True,0.4217387787122795,0.10492517646358367,40.5189620758483,597,False,2.240963603093512,0.3960689928377416,55.688622754491014,445,False
E02000201,Croydon 008,E09000008,Croydon,0.8588453627320835,8765,15,43634,0,0,1,0.605632720468462,1.5751567561321962,3.2895448005297903,0.605632720468462,0.6050466826385273,60.17964071856288,400,False,1.5751567561321962,0.7619470672599264,79.54091816367266,206,False,2.2895448005297903,0.7082693105302447,73.55289421157684,266,False
E02000202,Croydon 009,E09000008,Croydon,0.7350002639761529,9425,9,41203,0,1,1,0.3976756453349463,0.9894048423660304,2.3349126566039877,0.3976756453349463,0.5274068945601688,48.902195608782435,513,False,-0.010595157633969565,-0.007392612313375325,34.13173652694611,661,False,1.3349126566039877,0.5476168744284873,64.37125748502994,358,False
E02000203,Croydon 010,E09000008,Croydon,0.7738206523228716,8293,24,40421,0,0,4,0.8122906489786147,1.9485771497675868,3.929464810751328,0.8122906489786147,0.6577306454120309,74.45109780439122,257,False,1.9485771497675868,0.7903712327142441,84.73053892215569,154,False,-0.07053518924867186,-0.01875362415485819,36.82634730538922,634,False
E02000204,Croydon 011,E09000008,Croydon,1.0867101101681804,10394,18,39919,0,2,7,0.6603652503047414,1.637582191923186,3.74483803054709,0.6603652503047414,0.6207971720771046,64.17165668662675,360,False,-0.3624178080768139,-0.16982586504935804,27.644710578842314,726,False,-3.25516196945291,-0.9019838129776137,14.271457085828343,860,False
E02000206,Croydon 013,E09000008,Croydon,1.4609643048836063,11433,20,43268,0,0,2,0.7741658353185599,2.12266028206496,4.764911849181874,0.7741658353185599,0.6492713411026112,72.0558882235529,281,False,2.12266028206496,0.8009708632512853,87.2255489021956,129,False,2.764911849181874,0.6215572606544534,68.6626746506986,315,False
E02000207,Croydon 014,E09000008,Croydon,1.241093986234104,8943,29,45165,0,0,0,1.0411395180384826,2.8282506089291006,5.351029296717103,1.0411395180384826,0.6999766342591023,87.92415169660678,122,False,2.8282506089291006,0.8329912496125915,94.41117764471058,57,True,5.351029296717103,1.0855729026536027,98.10379241516966,20,True
E02000208,Croydon 015,E09000008,Croydon,0.8756940738907915,11699,11,37863,0,0,0,0.4439564371594537,1.0776309228095104,2.837084056201044,0.4439564371594537,0.5477548954600717,50.79840319361277,494,False,1.0776309228095104,0.7043705087845654,72.85429141716567,273,False,2.837084056201044,0.9929974567503913,91.11776447105788,90,True
E02000209,Croydon 016,E09000008,Croydon,1.0027721318309644,9440,26,39081,0,0,3,0.8540109715991642,2.03913160676006,4.333790535710206,0.8540109715991642,0.6664576310313604,77.9441117764471,222,False,2.03913160676006,0.7960581651934989,86.22754491017965,139,False,1.3337905357102056,0.32578727807443697,51.59680638722555,486,False
E02000210,Croydon 017,E09000008,Croydon,0.7748191226884947,8928,10,49330,0,1,3,0.5004262147042189,1.484205072846584,3.036806768632039,0.5004262147042189,0.5699173302473203,53.79241516966068,464,False,0.4842050728465841,0.24581606779274892,46.007984031936125,542,False,0.0368067686320388,0.012175303141570804,38.522954091816366,617,False
E02000211,Croydon 018,E09000008,Croydon,1.6783238238329183,8449,20,48868,0,0,1,0.8330467419828431,2.4300946135664416,4.500316659505858,0.8330467419828431,0.6621385049661378,75.64870259481037,245,False,2.4300946135664416,0.8167377924832387,90.61876247504989,95,True,3.5003166595058577,0.8273061161605804,80.63872255489022,195,False
E02000212,Croydon 019,E09000008,Croydon,1.241332683908372,10176,25,40440,0,0,3,0.8580848153160637,2.1478465946859533,4.63524519622016,0.8580848153160637,0.6672819656097889,78.0439121756487,221,False,2.1478465946859533,0.802394034901458,87.62475049900199,125,False,1.6352451962201604,0.37662319899175883,54.49101796407185,457,False
E02000213,Croydon 020,E09000008,Croydon,1.0306436323153594,13937,43,39658,1,2,7,1.3547587064939162,3.6346319554201214,8.549454571583944,0.35475870649391616,0.19417883068689862,41.91616766467065,583,False,1.6346319554201214,0.38525942830211307,53.39321357285429,468,False,1.5494545715839436,0.20538586038240358,46.60678642714571,536,False
E02000214,Croydon 021,E09000008,Croydon,1.03086525270615,6297,19,49807,0,2,4,0.7946734412132032,2.2572374544794096,3.820300009566556,0.7946734412132032,0.6538818388260133,73.75249500998004,264,False,0.2572374544794096,0.09211328733064394,39.72055888223553,605,False,-0.17969999043344398,-0.04894931110724624,35.728542914171655,645,False
E02000215,Croydon 022,E09000008,Croydon,0.986341848213725,12356,30,44190,0,1,4,1.093053737625926,3.1330448488711453,6.8308789445415234,1.093053737625926,0.7079329583800484,90.01996007984032,101,True,2.1330448488711453,0.5740098984826705,63.17365269461078,370,False,2.8308789445415234,0.4610196094038279,59.68063872255489,405,False
E02000216,Croydon 023,E09000008,Croydon,2.1867039848311376,7437,22,47749,0,0,0,0.8668444434755377,2.4115397588891843,4.305841875057258,0.8668444434755377,0.6690383700796223,78.84231536926147,213,False,2.4115397588891843,0.8158766586894209,90.31936127744511,98,True,4.305841875057258,1.0576702254665937,96.50698602794411,36,True
E02000217,Croydon 024,E09000008,Croydon,1.4314220289072934,12736,34,44882,0,1,9,1.228100510126027,3.6097818131670736,7.784292364406018,1.228100510126027,0.7264840641453643,93.21357285429141,69,True,2.6097818131670736,0.6188927312848952,66.26746506986028,339,False,-1.215707635593982,-0.1756941103881547,31.83632734530938,684,False
E02000218,Croydon 025,E09000008,Croydon,1.1381672761406272,6538,21,47286,0,0,3,0.8197156752809077,2.211090539679077,3.859192759772022,0.8197156752809077,0.6593228993994912,74.8502994011976,253,False,2.211090539679077,0.8058561859968486,88.12375249500998,120,False,0.8591927597720219,0.23201248315623818,47.50499001996008,527,False
E02000219,Croydon 026,E09000008,Croydon,5.709116909572946,7846,47,49980,0,0,1,1.6523367073057793,4.907572893667601,7.820486638470139,1.6523367073057793,0.7702180934111901,98.40319361277446,17,True,4.907572893667601,0.8799823119918015,99.10179640718563,10,True,6.820486638470139,0.9815043693319137,90.21956087824351,99,True
E02000221,Croydon 028,E09000008,Croydon,2.8055295203074864,11392,43,43724,1,1,4,1.422323801495205,3.958084233893085,7.977976433100109,0.4223238014952051,0.2223338026817111,42.61477045908183,576,False,2.958084233893085,0.6455528275264338,67.86427145708582,323,False,3.9779764331001086,0.562050643140944,65.46906187624751,347,False
E02000222,Croydon 029,E09000008,Croydon,1.861290892076385,8597,20,55593,0,1,3,0.9514975763142964,3.2482780569460634,5.521801900029695,0.9514975763142964,0.6849569993029412,83.73253493013972,164,False,2.2482780569460634,0.5859191211128612,63.67265469061876,365,False,2.521801900029695,0.4974772375458981,61.67664670658682,385,False
E02000223,Croydon 030,E09000008,Croydon,0.9620452492729442,8449,20,37028,0,0,1,0.6612684399507597,1.470990956161509,3.1997791815951584,0.6612684399507597,0.6210447408510553,64.37125748502994,358,False,1.470990956161509,0.7521941509807037,77.64471057884231,225,False,2.1997791815951584,0.6965220824338292,72.45508982035929,277,False
E02000224,Croydon 031,E09000008,Croydon,1.2807909545955225,8531,21,53201,0,0,2,0.9422924978185376,3.0419822447727056,5.294911368700943,0.9422924978185376,0.6833132767349738,83.33333333333334,168,False,3.0419822447727056,0.8402647764111705,95.40918163672654,47,True,3.2949113687009426,0.6747420535435219,71.25748502994011,289,False
E02000225,Croydon 032,E09000008,Croydon,1.631053252571545,7659,36,39428,0,0,2,1.0865903532204464,2.519449773754914,4.764976795250932,1.0865903532204464,0.7069695469627347,89.32135728542914,108,False,2.519449773754914,0.8207427137917181,91.81636726546905,83,True,2.7649767952509317,0.6215644087062436,68.76247504990019,314,False
E02000226,Croydon 033,E09000008,Croydon,3.2812728742046087,7703,32,47378,0,0,1,1.1570196892019575,3.2187952760609355,5.558725852025245,1.1570196892019575,0.7170797126287196,91.61676646706587,85,True,3.2187952760609355,0.8456730667217627,96.00798403193613,41,True,4.558725852025245,0.8939669441953227,85.72854291417165,144,False
E02000227,Croydon 034,E09000008,Croydon,4.599827724271031,11911,57,45543,0,0,1,1.8553171760840927,5.455747814731946,10.54643308949308,1.8553171760840927,0.7858056869700749,99.20159680638723,9,True,5.455747814731946,0.8870421042274722,99.60079840319361,5,True,9.54643308949308,1.0407147247446293,95.10978043912176,50,True
E02000228,Croydon 035,E09000008,Croydon,3.129819459375238,8064,33,52102,0,1,3,1.3054414898917408,4.079932791034673,6.674335819605158,1.3054414898917408,0.73591290022987,94.51097804391217,56,True,3.0799327910346728,0.6539137495902826,68.46307385229541,317,False,3.674335819605158,0.6111175443383858,67.86427145708582,323,False
E02000229,Croydon 036,E09000008,Croydon,1.320061497461848,6503,30,36480,1,1,5,0.8764657132149474,1.8491280497836016,3.563999440291036,-0.12353428678505263,-0.0945666445719975,35.528942115768466,647,False,0.8491280497836016,0.3598531108957264,51.796407185628745,484,False,-1.436000559708964,-0.41507921928522734,23.75249500998004,765,False
E02000230,Croydon 037,E09000008,Croydon,2.614690944903121,11600,43,51715,0,2,5,1.6663806264818597,5.59394827050798,10.197089474809012,1.6663806264818597,0.7713860149250737,98.70259481037924,14,True,3.5939482705079797,0.5709166441676147,62.774451097804395,374,False,5.197089474809012,0.5847223509954194,66.76646706586826,334,False
E02000231,Croydon 038,E09000008,Croydon,3.362705754746018,8381,41,52187,0,0,0,1.5579705744292285,4.9205539849600495,7.911133897775701,1.5579705744292285,0.761977548757899,97.30538922155688,28,True,4.9205539849600495,0.8801655256690636,99.20159680638723,9,True,7.911133897775701,1.1264553542848457,99.8003992015968,3,True
E02000232,Croydon 039,E09000008,Croydon,4.371246414901987,6402,21,47404,0,0,0,0.8202604711889607,2.2118567283083967,3.833971356007625,0.8202604711889607,0.6594390437371345,74.9500998003992,252,False,2.2118567283083967,0.8058971826081428,88.22355289421158,119,False,3.833971356007625,1.041155502996613,95.50898203592814,46,True
E02000233,Croydon 040,E09000008,Croydon,1.5866363709458178,6552,21,52040,0,0,0,0.8995090346190133,2.706147195176859,4.430125046746305,0.8995090346190133,0.6754006744546621,80.938123752495,192,False,2.706147195176859,0.8284186589203947,93.51297405189621,66,True,4.430125046746305,1.0615458446231905,96.8063872255489,33,True
E02000234,Croydon 041,E09000008,Croydon,3.1104825581149083,10082,63,51477,0,0,2,2.206948322468971,7.14330700199432,11.705695761024186,2.206948322468971,0.807507671992314,99.60079840319361,5,True,7.14330700199432,0.9025510809403914,100.0,1,True,9.705695761024186,0.9592634409016376,89.12175648702595,110,False
E02000235,Croydon 042,E09000008,Croydon,5.395642501838642,7133,30,56331,0,0,0,1.3007019470367192,4.383862513527128,6.611667173880828,1.3007019470367192,0.7353573050533682,94.2115768463074,59,True,4.383862513527128,0.8718038459692404,99.00199600798403,11,True,6.611667173880828,1.109109137285681,99.30139720558883,8,True
E02000236,Croydon 043,E09000008,Croydon,3.574635260520076,9504,43,50613,0,0,2,1.5903111801468095,4.968894736349823,8.473285981734596,1.5903111801468095,0.76488144071161,97.60479041916167,25,True,4.968894736349823,0.8808403673784587,99.40119760479041,7,True,6.4732859817345965,0.8651870409526468,83.33333333333334,168,False
E02000237,Croydon 044,E09000008,Croydon,4.949429682253205,7843,58,47382,1,2,4,1.856733327862757,5.203549600142195,8.353146698707507,0.8567333278627569,0.3626322507861739,43.91217564870259,563,False,3.2035496001421953,0.544206108024828,61.07784431137725,391,False,4.353146698707507,0.5895464875049703,66.96606786427147,332,False
E02000238,Ealing 001,E09000009,Ealing,1.5243511731319708,11724,23,44177,1,2,3,0.8812229306811277,2.4853726768379887,5.473854309673835,-0.11877706931887233,-0.09055973339577165,35.728542914171655,645,False,0.4853726768379887,0.15999126007026024,42.41516966067864,578,False,2.4738543096738352,0.49183067411841336,61.377245508982035,388,False
E02000239,Ealing 002,E09000009,Ealing,2.35498327790869,9701,16,41113,1,2,4,0.6124923979327723,1.5359008272866612,3.4146069944118795,-0.3875076020672277,-0.38409922875038915,24.850299401197603,754,False,-0.4640991727133388,-0.2291587210369504,25.748502994011975,745,False,-0.5853930055881205,-0.17547291244158666,31.936127744510976,683,False
E02000240,Ealing 003,E09000009,Ealing,1.7274797779233688,11804,28,40155,0,1,1,0.950796996278031,2.4533763675988904,5.580359497580173,0.950796996278031,0.684832604030081,83.63273453093812,165,False,1.4533763675988904,0.48446561315974945,58.78243512974052,414,False,4.580359497580173,0.8950981370876492,85.82834331337325,143,False
E02000241,Ealing 004,E09000009,Ealing,1.304730140026756,7753,32,43137,1,1,3,1.0658066957353016,2.693680903147112,4.937513768410692,0.06580669573530162,0.04345635336732043,38.72255489021956,615,False,1.6936809031471118,0.5205717657928352,60.17964071856288,400,False,1.9375137684106916,0.4221111391927556,57.08582834331337,431,False
E02000242,Ealing 005,E09000009,Ealing,0.8884766212815955,7394,10,39309,0,0,1,0.4040517219516672,0.9207974732776596,2.033668664831678,0.4040517219516672,0.5303418973220795,49.30139720558882,509,False,0.9207974732776596,0.6782783013312642,70.45908183632734,297,False,1.0336686648316782,0.4732721586587402,60.17964071856288,400,False
E02000243,Ealing 006,E09000009,Ealing,2.8461304763760045,9582,26,39649,1,1,3,0.8650019501291324,2.099014875438396,4.451315855333885,-0.1349980498708676,-0.10435727422929665,35.22954091816367,650,False,1.099014875438396,0.4186650406090457,55.18962075848304,450,False,1.4513158553338847,0.3463182617491293,52.794411177644704,474,False
E02000244,Ealing 007,E09000009,Ealing,1.7964734988570152,8147,24,40928,0,0,1,0.8189224386914191,1.980989332675347,3.944885576377033,0.8189224386914191,0.6591536239662125,74.750499001996,254,False,1.980989332675347,0.7924522924372469,85.32934131736528,148,False,2.944885576377033,0.7803379066189077,76.94610778443113,232,False
E02000245,Ealing 008,E09000009,Ealing,1.6551425283846963,10030,10,37458,0,0,0,0.4022893028864723,0.9317042765688234,2.338457779583264,0.4022893028864723,0.5295350718232835,49.101796407185624,511,False,0.9317042765688234,0.6802706221355653,70.65868263473054,295,False,2.338457779583264,0.9581290362494499,88.92215568862275,112,False
E02000246,Ealing 009,E09000009,Ealing,2.0571805982828084,9971,17,37025,0,1,3,0.5943142334854915,1.3658846736336496,3.2191370847366367,0.5943142334854915,0.6015938971410107,59.181636726546905,410,False,0.3658846736336496,0.19857577289829834,44.11177644710579,561,False,0.21913708473663673,0.06903534798855245,40.618762475049905,596,False
E02000247,Ealing 010,E09000009,Ealing,1.3980928667290082,11700,25,39982,0,0,3,0.8661994485302904,2.219379863479251,5.114407478956618,0.8661994485302904,0.6689097836606708,78.74251497005989,214,False,2.219379863479251,0.80629855130429,88.32335329341318,118,False,2.1144074789566183,0.44653036099409565,58.183632734530946,420,False
E02000248,Ealing 011,E09000009,Ealing,1.7270216467606103,8036,43,43177,0,1,2,1.351513809664554,3.4475433131034303,6.142605191296202,1.351513809664554,0.7411724425147218,95.40918163672654,47,True,2.4475433131034303,0.604850704458913,64.87025948103793,353,False,4.142605191296202,0.7427314844349038,75.1497005988024,250,False
E02000249,Ealing 012,E09000009,Ealing,1.2787529369771546,8977,24,38452,3,3,8,0.7881497292763814,1.8349863938345652,3.9034334498942727,-2.2118502707236187,-1.8309705673292371,5.788423153692615,945,False,-1.1650136061654348,-0.49689216927398117,18.562874251497004,817,False,-4.096566550105727,-1.095428744279318,11.477045908183632,888,False
E02000250,Ealing 013,E09000009,Ealing,0.9976098401649072,6346,11,58348,1,2,4,0.6206910322928896,2.1382951297700914,3.4590771511244656,-0.3793089677071104,-0.3724898762273175,24.9500998003992,753,False,0.1382951297700914,0.05186046054959549,37.025948103792416,632,False,-0.5409228488755344,-0.16037495775045701,32.43512974051897,678,False
E02000251,Ealing 014,E09000009,Ealing,0.9449825603714496,8730,9,37575,1,1,2,0.3674213757755626,0.8283924233056852,1.998880663096666,-0.6325786242244373,-0.8829501801555987,15.269461077844312,850,False,-0.1716075766943148,-0.13675123120096017,29.34131736526946,709,False,-0.0011193369033339895,-0.0005194916299593284,37.4251497005988,628,False
E02000252,Ealing 015,E09000009,Ealing,3.1963967148725563,13643,81,39588,6,10,14,2.233528744269318,5.970302319944923,12.776181625847627,-3.766471255730682,-1.3641264931173696,8.483033932135728,918,False,-4.029697680055077,-0.602471379373614,16.86626746506986,834,False,-1.2238183741523727,-0.11135630395254734,33.83233532934132,664,False
E02000253,Ealing 016,E09000009,Ealing,1.1563979729142502,10332,31,37357,1,1,1,0.9579946811860908,2.245603229345947,4.943825260709347,-0.04200531881390923,-0.030083742891744973,36.92614770459082,633,False,1.2456032293459471,0.44800890931623405,56.4870259481038,437,False,3.943825260709347,0.8582421990062403,82.33532934131736,178,False
E02000254,Ealing 017,E09000009,Ealing,1.0411058396203543,9800,16,36000,0,0,1,0.5550194748176352,1.2407612261109304,2.9684010587529004,0.5550194748176352,0.589030196829358,56.886227544910184,433,False,1.2407612261109304,0.7267080399815422,74.750499001996,254,False,1.9684010587529004,0.6635960256201592,70.95808383233533,292,False
E02000255,Ealing 018,E09000009,Ealing,1.548421815455034,10114,27,51312,0,0,0,1.1256400215456022,3.61079159366344,6.638961139821036,1.1256400215456022,0.7126785471917613,91.01796407185628,91,True,3.61079159366344,0.8560605076045741,97.50499001996008,26,True,6.638961139821036,1.1095335590243725,99.40119760479041,7,True
E02000256,Ealing 019,E09000009,Ealing,1.0963866765710144,9578,27,61794,0,1,1,1.3721005802337929,5.528917780185058,8.633623065759206,1.3721005802337929,0.7434428382052993,95.90818363273453,42,True,4.528917780185058,0.7272996757031825,74.9500998003992,252,False,7.633623065759206,1.0027345232719365,91.91616766467065,82,True
E02000258,Ealing 021,E09000009,Ealing,1.032639403712521,7014,22,47009,0,0,1,0.8500834781476545,2.303449276746877,4.086504581854131,0.8500834781476545,0.6656583559567066,77.44510978043913,227,False,2.303449276746877,0.8106435018331771,88.82235528942117,113,False,3.086504581854131,0.7933377541810515,78.0439121756487,221,False
E02000259,Ealing 022,E09000009,Ealing,1.2779841290094802,6609,17,54732,2,3,4,0.8061736494281229,2.579083718188425,4.191536953572497,-1.1938263505718771,-0.9720417169227819,13.77245508982036,865,False,-0.42091628181157503,-0.1343643066954789,29.44111776447106,708,False,0.19153695357249667,0.048161112616829926,39.62075848303393,606,False
E02000260,Ealing 023,E09000009,Ealing,1.085999050387005,10584,26,32480,2,3,8,0.7612544376204445,1.6029144424722883,3.896349265500064,-1.2387455623795556,-1.0516766751045385,12.4750499001996,878,False,-1.3970855575277117,-0.6662356569853287,15.6686626746507,846,False,-4.1036507344999364,-1.099039348168868,11.377245508982035,889,False
E02000261,Ealing 024,E09000009,Ealing,1.3045942362115923,13236,29,45622,1,1,7,1.1061729736411543,3.340173696462613,7.424060186601095,0.1061729736411543,0.06813450553036915,39.221556886227546,610,False,2.340173696462613,0.5948971456278034,64.37125748502994,358,False,0.42406018660109535,0.06400691320705724,40.31936127744511,599,False
E02000262,Ealing 025,E09000009,Ealing,0.7072538971019141,9805,12,47400,2,7,11,0.5577175762916919,1.6156773310463068,3.433320203930826,-1.442282423708308,-1.5255668092552925,7.285429141716566,930,False,-5.384322668953693,-2.5510433078890817,3.293413173652695,970,False,-7.566679796069174,-2.257655927460194,4.8902195608782435,954,False
E02000263,Ealing 026,E09000009,Ealing,1.235384737741286,15126,6,31719,1,2,5,0.2650784278412261,0.6008723590200298,2.113775271833079,-0.7349215721587739,-1.2585323251158733,9.580838323353294,907,False,-1.3991276409799702,-1.4036614677729582,8.582834331337326,917,False,-2.886224728166921,-1.2817937104426012,9.580838323353294,907,False
E02000264,Ealing 027,E09000009,Ealing,1.4367375328140204,8745,25,54547,1,1,3,1.1105639147141206,3.719465800035496,6.267021803087092,0.11056391471412064,0.07073550879757362,39.321357285429144,609,False,2.719465800035496,0.6277677534295192,66.76646706586826,334,False,3.2670218030870917,0.5752473267917111,66.1676646706587,340,False
E02000265,Ealing 028,E09000009,Ealing,1.0137239111063472,11776,18,47545,5,10,18,0.7791223304357635,2.3723179062402218,5.1614899543184185,-4.220877669564237,-3.523521028602685,1.5968063872255487,987,False,-7.627682093759779,-2.6173119139771446,2.694610778443114,976,False,-12.83851004568158,-2.6893631866182717,2.694610778443114,976,False
E02000266,Ealing 029,E09000009,Ealing,3.86794318107179,14308,43,38388,1,1,2,1.327528482807807,3.4881270713389885,8.46925819928297,0.3275284828078071,0.1821946557590701,41.71656686626746,585,False,2.4881270713389885,0.6084716992389745,65.36926147704591,348,False,6.4692581992829705,0.8650287804726088,83.23353293413174,169,False
E02000267,Ealing 030,E09000009,Ealing,0.7534688785792538,8647,11,49190,0,1,7,0.5337417811899015,1.5691136910490149,3.144455952221912,0.5337417811899015,0.5818250656867991,55.18962075848304,450,False,0.5691136910490149,0.2761604020376048,47.80439121756487,524,False,-3.855544047778088,-1.2387789366001585,10.079840319361278,902,False
E02000268,Ealing 031,E09000009,Ealing,1.32596458620656,9305,9,53977,1,2,3,0.5094537273660641,1.69356093783381,3.343976869342192,-0.4905462726339359,-0.5519491244662204,21.457085828343313,788,False,-0.3064390621661901,-0.13968090905060385,29.141716566866265,711,False,0.34397686934219207,0.10494617746998347,42.71457085828344,575,False
E02000269,Ealing 032,E09000009,Ealing,0.885304119584308,8362,17,61079,1,5,7,0.9318707943278098,3.58427528401686,5.721497570898947,-0.06812920567219016,-0.04981928124909887,36.62674650698603,636,False,-1.4157247159831399,-0.33787504942136143,21.656686626746506,786,False,-1.278502429101053,-0.2443259867807719,29.540918163672654,707,False
E02000270,Ealing 033,E09000009,Ealing,0.7964563600360375,10299,30,47178,0,0,1,1.1303109719182654,3.3143485829533,6.404122900928176,1.1303109719182654,0.7133439225581913,91.11776447105788,90,True,3.3143485829533,0.8483946665614179,96.40718562874252,37,True,5.404122900928176,0.9331134781973828,87.62475049900199,125,False
E02000271,Ealing 034,E09000009,Ealing,0.747663719318976,6887,10,63049,0,0,1,0.6380839735670508,2.476032029261599,3.8829156118238473,0.6380839735670508,0.6145667044848481,62.4750499001996,377,False,2.476032029261599,0.8188254909784831,91.21756487025948,89,True,2.8829156118238473,0.7743991209370671,76.74650698602794,234,False
E02000272,Ealing 035,E09000009,Ealing,1.1988378501636343,6608,8,52885,0,0,1,0.4432478934145877,1.3525487980511142,2.475136917262158,0.4432478934145877,0.547459259860312,50.69860279441117,495,False,1.3525487980511142,0.7398375794997305,76.44710578842316,237,False,1.4751369172621578,0.5773194922374176,66.26746506986028,339,False
E02000275,Ealing 038,E09000009,Ealing,1.1725167099819511,8845,17,34479,0,0,2,0.5579091982448756,1.1797510540322065,2.754794495125949,0.5579091982448756,0.589986120969153,57.08582834331337,431,False,1.1797510540322065,0.7188398400048864,74.25149700598801,259,False,0.7547944951259491,0.2706729528279419,50.0,502,False
E02000276,Ealing 039,E09000009,Ealing,0.8412538971418709,6778,9,52791,0,0,0,0.482889683184216,1.4770206093345173,2.685871850848353,0.482889683184216,0.563317003362674,52.8942115768463,473,False,1.4770206093345173,0.7527853959397419,77.9441117764471,222,False,2.685871850848353,0.9834227203673165,90.51896207584831,96,True
E02000277,Enfield 001,E09000010,Enfield,1.0470183472001844,7738,13,39366,0,0,0,0.4939206801917354,1.1376753488688134,2.46306263799922,0.4939206801917354,0.5674967604010324,53.39321357285429,468,False,1.1376753488688134,0.7130874073862941,73.95209580838323,262,False,2.46306263799922,0.9677873304578143,89.62075848303394,105,False
E02000278,Enfield 002,E09000010,Enfield,1.3139411956725942,9253,20,35835,1,1,4,0.6523423534166272,1.4374684785648513,3.279114618560806,-0.34765764658337284,-0.32966507529934663,26.546906187624753,737,False,0.43746847856485127,0.22789735366028888,45.10978043912176,551,False,-0.720885381439194,-0.22360287412713625,30.439121756487026,698,False
E02000279,Enfield 003,E09000010,Enfield,2.608036754817168,12190,20,40843,0,0,2,0.745161364079049,1.9655531078871105,4.696608804263898,0.745161364079049,0.642498173036164,70.35928143712576,298,False,1.9655531078871105,0.7914677066018777,84.93013972055888,152,False,2.6966088042638976,0.6139445863678833,68.06387225548902,321,False
E02000280,Enfield 004,E09000010,Enfield,15.564802720814225,8610,40,44086,1,1,4,1.308124208540894,3.448982085257048,6.266479159304254,0.30812420854089395,0.17341556656805204,41.51696606786427,587,False,2.448982085257048,0.6049803635296275,64.97005988023952,352,False,2.2664791593042537,0.3991060017888292,55.78842315369261,444,False
E02000281,Enfield 005,E09000010,Enfield,1.8974465578481807,9686,18,41364,0,0,1,0.673477183671444,1.6993484162995147,3.70681735019582,0.673477183671444,0.6243542970141472,65.16966067864271,350,False,1.6993484162995147,0.7724211141653476,81.53692614770459,186,False,2.70681735019582,0.7566194060004299,76.14770459081836,240,False
E02000282,Enfield 006,E09000010,Enfield,1.2631855114702442,10016,21,34400,2,4,6,0.6648043143222336,1.442282793659722,3.4344976907310745,-1.3351956856777663,-1.2492479995343693,9.780439121756487,905,False,-2.557717206340278,-1.3288498015617711,9.68063872255489,906,False,-2.5655023092689255,-0.765241730321341,16.966067864271455,833,False
E02000283,Enfield 007,E09000010,Enfield,1.140607603457709,8369,15,38337,0,0,0,0.5435887881075349,1.2413670038825215,2.7433313174163216,0.5435887881075349,0.5851964785609309,55.98802395209581,442,False,1.2413670038825215,0.7267835218221947,74.8502994011976,253,False,2.7433313174163216,0.9871522480259377,90.9181636726547,92,True
E02000284,Enfield 008,E09000010,Enfield,1.2825772384450738,8651,39,49031,3,4,6,1.4127111831067445,4.174269617492916,7.126322353027752,-1.5872888168932555,-0.8401934962715315,15.6686626746507,846,False,0.17426961749291614,0.03623913648946,36.12774451097805,641,False,1.126322353027752,0.17648549479642953,45.309381237524946,549,False
E02000285,Enfield 009,E09000010,Enfield,0.9853015397493062,6571,23,47661,0,0,0,0.8864582189313357,2.4150103616857885,4.150024403805747,0.8864582189313357,0.672893383517287,80.03992015968065,201,False,2.4150103616857885,0.8160385278998079,90.41916167664671,97,True,4.150024403805747,1.0525491035342889,95.90818363273453,42,True
E02000286,Enfield 010,E09000010,Enfield,2.051467006907324,8759,23,50304,0,0,1,0.9582624677328048,2.9115250567994937,5.256279853112778,0.9582624677328048,0.6861522643450824,84.03193612774452,161,False,2.9115250567994937,0.8359292892067681,94.71057884231537,54,True,4.256279853112778,0.8773044758531181,84.83033932135729,153,False
E02000287,Enfield 011,E09000010,Enfield,8.867374122859882,7437,51,47465,1,3,4,1.670507816808827,4.644257472038204,7.456123062720734,0.670507816808827,0.3097553024753105,43.6127744510978,566,False,1.6442574720382037,0.3101654810468168,49.40119760479042,508,False,3.456123062720734,0.5196069992841211,63.27345309381237,369,False
E02000288,Enfield 012,E09000010,Enfield,2.116449644085357,13204,34,34137,2,3,7,1.00153063216564,2.3258912341069014,5.911177914924111,-0.9984693678343599,-0.6914323853952086,18.36327345309381,819,False,-0.6741087658930986,-0.23527134486214502,25.349301397205586,749,False,-1.088822085075889,-0.20207918055185373,31.2375249500998,690,False
E02000289,Enfield 013,E09000010,Enfield,3.4012287878721623,6771,27,49035,0,0,0,1.0342735245054384,2.923919847111037,4.867772871221617,1.0342735245054384,0.6988857879866669,87.5249500998004,126,False,2.923919847111037,0.8363548517183436,94.81037924151696,53,True,4.867772871221617,1.073896586584195,97.90419161676647,22,True
E02000290,Enfield 014,E09000010,Enfield,4.88355951127882,6756,25,36143,0,1,1,0.7572739198589774,1.592305902215188,3.188481070348176,0.7572739198589774,0.6453637766339965,71.15768463073853,290,False,0.592305902215188,0.28399327138420505,48.30339321357285,519,False,2.188481070348176,0.6950052202368191,72.15568862275448,280,False
E02000291,Enfield 015,E09000010,Enfield,1.1570776256053887,9950,45,42559,1,5,12,1.4166023992525123,3.7186541174092778,7.155834082223682,0.4166023992525123,0.22003246389736467,42.51497005988024,577,False,-1.2813458825907222,-0.2958470002449115,22.654690618762473,776,False,-4.844165917776318,-0.7561836328218126,17.16566866267465,831,False
E02000292,Enfield 016,E09000010,Enfield,1.878700424825403,9797,30,42740,0,0,5,1.0303414580330548,2.699077772925656,5.432234321491867,1.0303414580330548,0.6982568521352092,87.32534930139721,128,False,2.699077772925656,0.8281436666781086,93.41317365269461,67,True,0.43223432149186714,0.0865198619297785,41.81636726546906,584,False
E02000293,Enfield 017,E09000010,Enfield,2.159039273734235,6221,29,49776,0,0,1,1.1023933747624255,3.1328943647806984,5.007056486243928,1.1023933747624255,0.7093119633096484,90.51896207584831,96,True,3.1328943647806984,0.8431088343602924,95.80838323353294,43,True,4.007056486243928,0.8622659978484322,82.73453093812375,174,False
E02000294,Enfield 018,E09000010,Enfield,1.9561013338762625,9416,14,36380,0,1,3,0.5028473583226952,1.1233171776188628,2.678773392765362,0.5028473583226952,0.5708099557737316,54.091816367265466,461,False,0.12331717761886285,0.07805970620593194,38.42315369261477,618,False,-0.3212266072346379,-0.11787146368871708,33.532934131736525,667,False
E02000295,Enfield 019,E09000010,Enfield,1.6203593587949734,8343,22,45431,0,0,1,0.8376118147843566,2.254678089968176,4.303911654534198,0.8376118147843566,0.663090177627108,76.14770459081836,240,False,2.254678089968176,0.8081537534067771,88.52295409181636,116,False,3.3039116545341978,0.8118766608137842,79.44111776447106,207,False
E02000296,Enfield 020,E09000010,Enfield,1.802199847299908,10289,44,44754,7,11,14,1.458384296641455,4.055405489985471,7.697999867949393,-5.541615703358545,-2.859234614747813,2.5948103792415167,977,False,-6.944594510014529,-1.4825298453263187,7.984031936127744,923,False,-6.302000132050607,-0.9201366155869825,13.872255489021956,864,False
E02000297,Enfield 021,E09000010,Enfield,1.6201730027318446,9324,29,45355,2,2,2,1.0498086379128364,2.888562887437512,5.532576111366462,-0.9501913620871636,-0.6347898834346596,19.46107784431138,808,False,0.8885628874375122,0.2568987496267246,46.506986027944116,537,False,3.5325761113664624,0.6956616896723238,72.2554890219561,279,False
E02000298,Enfield 022,E09000010,Enfield,2.000095871438264,8083,25,52917,2,3,6,1.0672734452482937,3.3933064742369936,5.696687100760533,-0.9327265547517063,-0.6152888173536553,19.760479041916167,805,False,0.3933064742369936,0.09858390542285954,40.119760479041915,601,False,-0.3033128992394669,-0.05819006126043892,35.32934131736527,649,False
E02000299,Enfield 023,E09000010,Enfield,0.8770664748027014,9684,12,36248,0,0,3,0.4480411915651875,1.002791241687578,2.4680357984472043,0.4480411915651875,0.5494502051569816,51.19760479041916,490,False,1.002791241687578,0.6925725857674407,71.45708582834331,287,False,-0.5319642015527957,-0.20867832205972425,30.938123752495013,693,False
E02000300,Enfield 024,E09000010,Enfield,0.7773036347880192,8844,9,35341,0,0,0,0.3522387514683793,0.7564775162654775,1.890005363882039,0.3522387514683793,0.5051117086062468,47.1057884231537,531,False,0.7564775162654775,0.6442202674117151,67.66467065868264,325,False,1.890005363882039,0.9163989719275362,87.02594810379242,131,False
E02000301,Enfield 025,E09000010,Enfield,2.734872711753853,9942,21,36058,1,1,2,0.6860427492210867,1.5434027280819584,3.5830493317331005,-0.31395725077891334,-0.28725317351914736,27.844311377245507,724,False,0.5434027280819584,0.26725566557675523,46.8063872255489,534,False,1.5830493317331005,0.455511898551717,58.982035928143716,412,False
E02000302,Enfield 026,E09000010,Enfield,1.5801854852856634,8643,14,40473,0,1,4,0.53959151842869,1.3012883351708135,2.8481647698496237,0.53959151842869,0.5838357042990805,55.58882235528942,446,False,0.30128833517081355,0.16994595041953728,42.61477045908183,576,False,-1.1518352301503763,-0.4018529856489849,24.151696606786427,761,False
E02000303,Enfield 027,E09000010,Enfield,1.2423275284513438,8288,16,33709,1,1,1,0.5211919113581689,1.0691045450772072,2.4876564624048085,-0.4788080886418311,-0.5304751440727867,21.756487025948104,785,False,0.0691045450772072,0.04544558978175993,36.62674650698603,636,False,1.4876564624048085,0.5798425274027058,66.56686626746507,336,False
E02000304,Enfield 028,E09000010,Enfield,1.7205456724454298,7736,16,50862,1,2,2,0.7234485172782261,2.1709755230414154,3.9158992977680223,-0.2765514827217739,-0.243590041818495,29.64071856287425,706,False,0.1709755230414154,0.06329381656535567,37.72455089820359,625,False,1.9158992977680223,0.510910802836331,62.874251497005986,373,False
E02000305,Enfield 029,E09000010,Enfield,0.9609916983959164,8701,23,52982,1,7,8,1.0089402707148647,3.25513370316271,5.653759452729489,0.008940270714864695,0.006156468891651636,37.82435129740519,624,False,-3.74486629683729,-0.97411279851215,12.4750499001996,878,False,-2.3462405472705106,-0.45317932630984903,22.75449101796407,775,False
E02000306,Enfield 030,E09000010,Enfield,2.0888190785969,8553,25,32338,4,9,14,0.71848363079465,1.441070158627447,3.259219642436248,-3.2815163692053497,-2.9047468104359533,2.2954091816367264,980,False,-7.558929841372553,-3.9298670411592385,1.2974051896207583,990,False,-10.740780357563752,-3.34866874837066,1.4970059880239521,988,False
E02000307,Enfield 031,E09000010,Enfield,1.1059882492632274,9955,14,40280,0,1,1,0.5461214102768237,1.3499852606656866,3.117905043398188,0.5461214102768237,0.5860531981855903,56.4870259481038,437,False,0.3499852606656866,0.19173010351686717,43.31337325349301,569,False,2.117905043398188,0.6853269905466036,71.45708582834331,287,False
E02000308,Enfield 032,E09000010,Enfield,1.1473803574291686,8861,31,45065,0,2,3,1.0938660279573276,2.9606631013380724,5.542757499775514,1.0938660279573276,0.7080535071972084,90.21956087824351,99,True,0.9606631013380724,0.2717805416348134,47.30538922155689,529,False,2.5427574997755142,0.49991782248225436,61.97604790419161,382,False
E02000309,Enfield 033,E09000010,Enfield,1.6289373764832236,11699,20,36632,0,1,7,0.6823605124318914,1.616759347015005,4.013218508558484,0.6823605124318914,0.6267200271723016,65.76846307385229,344,False,0.616759347015005,0.29205487381609757,48.80239520958084,514,False,-2.9867814914415156,-0.7798047681184439,16.46706586826347,838,False
E02000311,Enfield 035,E09000010,Enfield,1.417112141937536,10424,27,38663,1,2,5,0.8828275649595596,2.1345314518207936,4.717500455595097,-0.11717243504044039,-0.08921546995212355,35.92814371257485,643,False,0.13453145182079362,0.050524648442510665,36.72654690618762,635,False,-0.282499544404903,-0.0640671864822896,35.12974051896208,651,False
E02000312,Enfield 036,E09000010,Enfield,1.3101982495492792,11125,24,43675,2,3,5,0.8955295094736457,2.464596560625424,5.30981890317098,-1.1044704905263543,-0.8320451665760061,15.868263473053892,844,False,-0.5354034393745759,-0.177768175945039,27.345309381237527,729,False,0.3098189031709797,0.06328726870056026,40.21956087824351,600,False
E02000313,Greenwich 001,E09000011,Greenwich,0.7305545999555022,6412,7,39250,0,0,0,0.3080645473887545,0.6844203285672046,1.5200083421523225,0.3080645473887545,0.48076148115141587,45.50898203592814,547,False,0.6844203285672046,0.6263842292769085,66.66666666666666,335,False,1.5200083421523225,0.870530039646139,84.13173652694611,160,False
E02000314,Greenwich 002,E09000011,Greenwich,4.080744521968504,13462,49,46048,0,1,5,1.6925033787417247,5.205706796975029,10.831845444142994,1.6925033787417247,0.7735205346966063,99.00199600798403,11,True,4.205706796975029,0.7141746974414744,74.05189620758483,261,False,5.831845444142994,0.6200376453161731,68.562874251497,316,False
E02000315,Greenwich 003,E09000011,Greenwich,1.1930755950506615,10444,27,37381,0,0,3,0.8612340024769806,2.0229918659017074,4.553124058006257,0.8612340024769806,0.6679159284831133,78.2435129740519,219,False,2.0229918659017074,0.7950731228575673,85.72854291417165,144,False,1.553124058006257,0.3633563069009074,53.49301397205589,467,False
E02000317,Greenwich 005,E09000011,Greenwich,0.6526829350517217,7381,17,40062,0,0,1,0.6112251101470466,1.4217466704341484,2.906631230312193,0.6112251101470466,0.606726761032399,60.67864271457086,395,False,1.4217466704341484,0.7472331380303868,77.14570858283433,230,False,1.9066312303121928,0.6540911097292856,70.45908183632734,297,False
E02000318,Greenwich 006,E09000011,Greenwich,1.1049950831270383,12005,17,38030,1,2,6,0.6211013259824456,1.5281453438620305,3.845733354291111,-0.3788986740175544,-0.37191469868150645,25.0499001996008,752,False,-0.4718546561379695,-0.23394839191499958,25.449101796407188,748,False,-2.154266645708889,-0.5834770035011463,19.860279441117765,804,False
E02000319,Greenwich 007,E09000011,Greenwich,1.081319982534464,10951,31,43090,0,1,3,1.0793465629817092,2.9248309733437705,6.101898848893805,1.0793465629817092,0.7058808496697665,89.12175648702595,110,False,1.9248309733437705,0.5504255551418019,61.576846307385225,386,False,3.1018988488938053,0.5594840001574775,65.36926147704591,348,False
E02000320,Greenwich 008,E09000011,Greenwich,1.4598589143137035,7133,24,41781,0,0,0,0.8225591782194878,1.9838581955810917,3.753771041937421,0.8225591782194878,0.6599280805596417,75.249500998004,249,False,1.9838581955810917,0.7926339927869231,85.52894211576846,146,False,3.753771041937421,1.038025000488239,94.91017964071857,52,True
E02000321,Greenwich 009,E09000011,Greenwich,0.6226311234243115,7963,9,39261,0,0,1,0.3762149594665641,0.866713817051589,1.9837833426458071,0.3762149594665641,0.5171899372945491,47.80439121756487,524,False,0.866713817051589,0.6679457612235566,69.76047904191617,304,False,0.9837833426458071,0.45930320477945447,59.2814371257485,409,False
E02000323,Greenwich 011,E09000011,Greenwich,0.7615259007348617,13245,18,41665,0,1,5,0.7070959752208218,1.9442255566645177,4.851965842842066,0.7070959752208218,0.6331267888800919,67.36526946107784,328,False,0.9442255566645177,0.38371119674109927,53.293413173652695,469,False,-0.14803415715793378,-0.03275209795929134,36.427145708582835,638,False
E02000324,Greenwich 012,E09000011,Greenwich,1.303631391815676,8015,12,39326,0,2,2,0.4662996844762707,1.0791176667019722,2.386690492265485,0.4662996844762707,0.5568451742628475,52.29540918163673,479,False,-0.9208823332980278,-0.6012765751465451,17.065868263473057,832,False,0.386690492265485,0.15585509251627952,44.21157684630739,560,False
E02000326,Greenwich 014,E09000011,Greenwich,0.7302467221358437,7918,17,51512,0,0,2,0.7691243866488942,2.353094321338324,4.204426186567122,0.7691243866488942,0.6481157271178124,71.6566866267465,285,False,2.353094321338324,0.8130941645895261,90.01996007984032,101,True,2.2044261865671224,0.5528184781446804,64.57085828343313,356,False
E02000327,Greenwich 015,E09000011,Greenwich,1.8588692068564097,7190,31,42187,0,0,0,1.013561555371887,2.474845282986581,4.5143479929461,1.013561555371887,0.6955377147793657,86.82634730538922,133,False,2.474845282986581,0.8187723346054487,91.11776447105788,90,True,4.5143479929461,1.064073715069268,97.1057884231537,30,True
E02000328,Greenwich 016,E09000011,Greenwich,0.8762872217224292,6578,20,58257,0,0,1,0.9781789395390884,3.3937818511048925,5.143025210336514,0.9781789395390884,0.6896101808274343,85.42914171656687,147,False,3.3937818511048925,0.8505590968989645,96.7065868263473,34,True,4.143025210336514,0.8706274155460436,84.23153692614771,159,False
E02000329,Greenwich 017,E09000011,Greenwich,1.7628314527378306,6521,17,42754,0,0,0,0.6375408785931065,1.5474003123843905,2.9493480417358984,0.6375408785931065,0.614411821825239,62.27544910179641,379,False,1.5474003123843905,0.759440757009028,79.04191616766467,211,False,2.9493480417358984,0.9996317103101118,91.51696606786427,86,True
E02000331,Greenwich 019,E09000011,Greenwich,0.9925708181883952,8430,21,44307,0,0,1,0.7912622636255922,2.079156347021549,4.067992729290558,0.7912622636255922,0.6531248171752413,73.25349301397206,269,False,2.079156347021549,0.7984501285815637,86.82634730538922,133,False,3.067992729290558,0.7916819170129535,77.84431137724552,223,False
E02000332,Greenwich 020,E09000011,Greenwich,2.016947951610953,7450,22,50499,0,0,0,0.9147516570422756,2.710967067495273,4.665250501132524,0.9147516570422756,0.6782725697360633,82.13572854291418,180,False,2.710967067495273,0.8286054802196855,93.6127744510978,65,True,4.665250501132524,1.0684164566399983,97.60479041916167,25,True
E02000333,Greenwich 021,E09000011,Greenwich,1.26127622486623,6213,21,63421,2,4,6,1.1185022914875888,4.333831488533377,5.998172994660518,-0.8814977085124112,-0.560858914554988,21.25748502994012,790,False,0.3338314885333773,0.06708723310399775,38.02395209580838,622,False,-0.0018270053394822128,-0.00033465839104585433,37.5249500998004,627,False
E02000334,Greenwich 022,E09000011,Greenwich,1.3856750837047278,6759,18,41722,0,0,0,0.6547168264920907,1.5608109838034292,3.022888300344989,0.6547168264920907,0.619240229618399,63.67265469061876,365,False,1.5608109838034292,0.7606597294351501,79.24151696606786,209,False,3.022888300344989,1.0037770683195464,92.01596806387225,81,True
E02000335,Greenwich 023,E09000011,Greenwich,1.2941033639090498,6677,15,49430,0,0,0,0.6612855980027835,1.8749895996909616,3.336279914905557,0.6612855980027835,0.621049440276014,64.47105788423154,357,False,1.8749895996909616,0.7854454360947581,83.93213572854292,162,False,3.336279914905557,1.0198698870973832,93.41317365269461,67,True
E02000337,Greenwich 025,E09000011,Greenwich,1.3972877108381134,8558,25,41079,0,0,0,0.8520876846879432,2.087901056869069,4.193976063928175,0.8520876846879432,0.6660667885069183,77.7445109780439,224,False,2.087901056869069,0.7989633210562537,86.92614770459082,132,False,4.193976063928175,1.05402449813434,96.10778443113772,40,True
E02000339,Greenwich 027,E09000011,Greenwich,1.256297485565654,6481,25,52454,1,1,5,1.0374778904978943,3.1497510437754093,4.999169165753879,0.037477890497894295,0.02526500926716641,38.32335329341318,619,False,2.1497510437754093,0.575783767133185,63.27345309381237,369,False,-0.0008308342461207374,-0.000179033962983449,37.624750499002,626,False
E02000340,Greenwich 028,E09000011,Greenwich,3.262184205372606,7190,42,46988,1,2,5,1.4144318230644588,3.8630845525956743,6.343261801231771,0.4144318230644588,0.21915551489755525,42.41516966067864,578,False,1.8630845525956743,0.4156237253729787,54.99001996007984,452,False,1.3432618012317707,0.23394808816137672,47.80439121756487,524,False
E02000341,Greenwich 029,E09000011,Greenwich,1.791563856309647,7973,31,40123,0,0,1,0.9827889318431212,2.3290893602271905,4.504716029287314,0.9827889318431212,0.6903978542921212,85.92814371257485,142,False,2.3290893602271905,0.8119194669169991,89.52095808383234,106,False,3.504716029287314,0.8276385471385759,80.73852295409182,194,False
E02000342,Greenwich 030,E09000011,Greenwich,1.364383569308765,6819,13,44498,0,0,1,0.5399130361879018,1.3704079788755674,2.6696917936546853,0.5399130361879018,0.5839455493629321,55.688622754491014,445,False,1.3704079788755674,0.7417962431478904,76.64670658682635,235,False,1.6696917936546853,0.6143870599724768,68.16367265469061,320,False
E02000343,Greenwich 031,E09000011,Greenwich,1.2569369054513468,7126,12,44938,1,1,1,0.5147003154751769,1.3279594112532185,2.6286971185004147,-0.4852996845248231,-0.5422652124705575,21.55688622754491,787,False,0.3279594112532185,0.18203318381541012,43.11377245508982,571,False,1.6286971185004147,0.606940333322176,67.66467065868264,325,False
E02000344,Greenwich 032,E09000011,Greenwich,1.291809485657612,6381,21,44652,0,0,2,0.7771967649704761,1.9668506861392052,3.536328562340272,0.7771967649704761,0.6499618224252911,72.45508982035929,277,False,1.9668506861392052,0.7915509242575746,85.12974051896207,150,False,1.5363285623402718,0.4470335672220668,58.28343313373253,419,False
E02000345,Hackney 001,E09000012,Hackney,0.6119258796667604,8251,16,42192,2,2,4,0.6146955952662118,1.5299238185037811,3.167668607259283,-1.3853044047337884,-1.3696761243455189,8.283433133732535,920,False,-0.4700761814962189,-0.23284652850739523,25.54890219560878,747,False,-0.8323313927407172,-0.26578308934773526,28.942115768463072,713,False
E02000346,Hackney 002,E09000012,Hackney,0.582765208655929,10119,30,42274,0,0,2,1.0249843834898384,2.6756105909792542,5.487644437490653,1.0249843834898384,0.6973949851853517,86.92614770459082,132,False,2.6756105909792542,0.8272224017670242,93.21357285429141,69,True,3.487644437490653,0.6918294715470205,71.9560878243513,282,False
E02000347,Hackney 003,E09000012,Hackney,0.6858086572057729,8055,6,41153,3,3,3,0.2926306418878435,0.7036364163332569,1.6530054973877473,-2.7073693581121567,-4.362448974540532,0.5988023952095809,997,False,-2.296363583666743,-2.060438544145319,5.289421157684631,950,False,-1.3469945026122527,-0.7240446113625628,17.864271457085827,824,False
E02000348,Hackney 004,E09000012,Hackney,0.5586374444523038,8398,8,39275,1,2,4,0.3473121714383724,0.8075423532057662,1.90652300659293,-0.6526878285616275,-0.9443940400085752,14.37125748502994,859,False,-1.1924576467942338,-0.9682312280956057,12.674650698602793,876,False,-2.0934769934070703,-1.0082036651681223,12.375249500998004,879,False
E02000350,Hackney 006,E09000012,Hackney,0.5664639764119651,10181,11,49288,1,1,2,0.5447293844512345,1.6606162110074096,3.528107728174243,-0.45527061554876547,-0.489414862443704,22.75449101796407,775,False,0.6606162110074096,0.3060293792356308,49.20159680638723,510,False,1.528107728174243,0.44552218343482813,58.08383233532935,421,False
E02000351,Hackney 007,E09000012,Hackney,0.5225232989833452,9699,11,57197,1,3,5,0.6319092981733273,2.2841919515784435,4.27722766851178,-0.3680907018266727,-0.356957731218512,25.848303393213573,744,False,-0.7158080484215565,-0.2537302448345431,23.852295409181636,764,False,-0.72277233148822,-0.17857158166380646,31.636726546906186,686,False
E02000352,Hackney 008,E09000012,Hackney,0.762689610442552,6806,13,50001,0,1,2,0.6009929956333586,1.7297559161407785,3.125305793826702,0.6009929956333586,0.6036398792509732,59.78043912175649,404,False,0.7297559161407785,0.32688222799282957,50.29940119760479,499,False,1.1253057938267021,0.36341279412487837,53.59281437125748,466,False
E02000353,Hackney 009,E09000012,Hackney,0.5587588934751369,7841,15,54656,4,12,14,0.7425769511339168,2.4352029067431658,4.223268874562507,-3.2574230488660834,-2.815699694100639,2.694610778443114,976,False,-9.564797093256834,-3.208841992687863,1.7964071856287425,985,False,-9.776731125437493,-2.442277360654518,3.8922155688622757,964,False
E02000354,Hackney 010,E09000012,Hackney,0.7932760088138949,9691,21,42464,0,2,2,0.774999601779064,2.007716422441668,4.230720691600091,0.774999601779064,0.6494616015478487,72.15568862275448,280,False,0.007716422441668147,0.0030521442301069774,35.22954091816367,650,False,2.230720691600091,0.556393063019899,64.97005988023952,352,False
E02000355,Hackney 011,E09000012,Hackney,0.6560899549731488,8335,19,47921,0,3,3,0.7849961211892676,2.234367362187672,4.200459385104417,0.7849961211892676,0.6517240307211712,72.95409181636727,272,False,-0.7656326378123279,-0.2765596556363805,23.253493013972058,770,False,1.2004593851044172,0.3012937950914862,50.69860279441117,495,False
E02000356,Hackney 012,E09000012,Hackney,0.4030864197656932,6890,9,59727,2,3,4,0.5535862977632099,1.9896031369728475,3.3068780913583398,-1.4464137022367902,-1.5377778868689143,7.18562874251497,931,False,-1.0103968630271525,-0.40271414494383156,20.059880239520957,802,False,-0.6931219086416602,-0.21346915210611533,30.83832335329341,694,False
E02000357,Hackney 013,E09000012,Hackney,1.522617759291117,6847,13,38473,0,0,0,0.4802141971847003,1.062493423399064,2.2489313770148907,0.4802141971847003,0.5622886134517251,52.794411177644704,474,False,1.062493423399064,0.7020717086009401,72.35528942115769,278,False,2.2489313770148907,0.9507290100208367,88.52295409181636,116,False
E02000358,Hackney 014,E09000012,Hackney,0.6160557354300429,11182,13,47432,3,5,8,0.6025394422397214,1.801986835696436,3.998333636698252,-2.3974605577602786,-2.4037100442368913,3.592814371257485,967,False,-3.198013164303564,-1.384743274891148,8.982035928143713,913,False,-4.001666363301748,-1.0481321792947427,11.87624750499002,884,False
E02000359,Hackney 015,E09000012,Hackney,0.4367501317920962,6809,9,47943,1,3,5,0.439485606044552,1.203871024908053,2.3411027617797604,-0.560514393955448,-0.6962105375145251,18.163672654690618,821,False,-1.796128975091947,-1.0772181864110382,11.87624750499002,884,False,-2.6588972382202396,-1.0884322705213731,11.57684630738523,887,False
E02000360,Hackney 016,E09000012,Hackney,0.546509673529062,11709,24,41338,3,4,5,0.8616625643196433,2.2771834038115317,5.180956788857457,-2.1383374356803566,-1.6577413326657802,6.187624750499002,941,False,-1.7228165961884683,-0.6122905702251894,16.367265469061877,839,False,0.1809567888574568,0.03777980386453611,39.221556886227546,610,False
E02000361,Hackney 017,E09000012,Hackney,0.594389213083039,8435,30,53998,3,9,16,1.262474387503527,4.152018764853117,6.800151455988706,-1.737525612496473,-1.0057512028590296,13.47305389221557,868,False,-4.847981235146883,-1.013044045013874,12.17564870259481,881,False,-9.199848544011294,-1.5043853421417699,7.984031936127744,923,False
E02000362,Hackney 018,E09000012,Hackney,1.2953758042014902,7636,37,43040,1,2,6,1.1910611656256118,2.998804691104078,5.375622342139884,0.19106116562561182,0.11576616371156385,40.31936127744511,599,False,0.9988046911040782,0.2793985121769851,47.90419161676647,523,False,-0.6243776578601157,-0.12615268373746694,33.23353293413174,670,False
E02000363,Hackney 019,E09000012,Hackney,0.5963641624720343,12170,21,40761,0,0,1,0.7723886402202376,2.033325647285967,4.829739915015445,0.7723886402202376,0.6488649856707613,71.9560878243513,282,False,2.033325647285967,0.7957051956026927,85.82834331337325,143,False,3.8297399150154448,0.8507525408054828,81.93612774451098,182,False
E02000364,Hackney 020,E09000012,Hackney,0.6645870682647496,9359,16,50301,0,3,13,0.7296933745161409,2.2410877267169225,4.339233842919091,0.7296933745161409,0.6387585807149387,69.26147704590818,309,False,-0.7589122732830775,-0.27342964893393035,23.45309381237525,768,False,-8.660766157080909,-2.1131392015359833,5.588822355289421,947,False
E02000366,Hackney 022,E09000012,Hackney,0.6432115014279204,8424,17,41206,3,5,6,0.6329131884762523,1.54666503464954,3.2423643633195995,-2.367086811523748,-2.2929337561407546,3.792415169660679,965,False,-3.45333496535046,-1.695500281125906,6.487025948103792,938,False,-2.7576356366804005,-0.8635107086903953,15.06986027944112,852,False
E02000367,Hackney 023,E09000012,Hackney,0.7391091882338822,11041,24,60726,8,10,16,1.24759173713608,5.063624915254921,8.624299580753267,-6.75240826286392,-3.945255648071952,0.8982035928143712,994,False,-4.936375084745079,-0.859961665170519,13.572854291417165,867,False,-7.3757004192467335,-0.9698237289829534,12.974051896207584,873,False
E02000368,Hackney 024,E09000012,Hackney,0.6348445450516874,10459,15,43586,0,2,3,0.6175308833958087,1.6658254032114297,3.718711385426168,0.6175308833958087,0.6086010508305751,61.07784431137725,391,False,-0.3341745967885703,-0.154407802409601,28.443113772455092,718,False,0.7187113854261682,0.20034707691092052,46.30738522954092,539,False
E02000369,Hackney 025,E09000012,Hackney,0.6503983628036332,13766,12,47317,1,5,6,0.5840078653903354,1.843851040890175,4.577281373179684,-0.41599213460966455,-0.42623456500863505,23.652694610778443,766,False,-3.1561489591098253,-1.3407395743506818,9.481037924151696,908,False,-1.4227186268203162,-0.33130900077932235,26.44710578842315,738,False
E02000370,Hackney 026,E09000012,Hackney,0.4884087538319642,8876,16,48408,0,0,0,0.6991664327213409,2.0343252336320243,3.966202739104892,0.6991664327213409,0.6311012376778858,66.86626746506987,333,False,2.0343252336320243,0.7957660748698262,85.92814371257485,142,False,3.966202739104892,1.0460975999420825,95.70858283433134,44,True
E02000372,Hammersmith and Fulham 001,E09000013,Hammersmith and Fulham,3.440310273086653,11672,51,42920,1,3,3,1.608753884684216,4.427940697898094,8.918590916606318,0.608753884684216,0.29004406677317845,43.41317365269461,568,False,1.4279406978980944,0.28138584280275714,48.003992015968066,522,False,5.918590916606318,0.754408371802545,75.94810379241517,242,False
E02000373,Hammersmith and Fulham 002,E09000013,Hammersmith and Fulham,0.4081590625666999,7081,7,39409,0,0,1,0.3115200177960058,0.7050153055912076,1.603631475925107,0.3115200177960058,0.4827745545415005,45.90818363273453,543,False,0.7050153055912076,0.6316958772588573,66.96606786427147,332,False,0.6036314759251069,0.33202530924879026,51.996007984031934,482,False
E02000374,Hammersmith and Fulham 003,E09000013,Hammersmith and Fulham,0.4960635818917275,7020,10,43391,0,1,2,0.4355706722479865,1.080850884788472,2.225651089695681,0.4355706722479865,0.5442258312493262,50.29940119760479,499,False,0.08085088478847191,0.052725195090581406,37.12574850299401,631,False,0.22565108969568115,0.09618915584775398,42.41516966067864,578,False
E02000375,Hammersmith and Fulham 004,E09000013,Hammersmith and Fulham,0.7489399655680727,7639,32,45189,3,14,20,1.1078069516916789,2.9270829143248998,5.194637638734784,-1.8921930483083211,-1.212895765818638,10.27944111776447,900,False,-11.072917085675101,-3.164271556005216,1.8962075848303395,984,False,-14.805362361265216,-3.0838110408776442,1.5968063872255487,987,False
E02000376,Hammersmith and Fulham 005,E09000013,Hammersmith and Fulham,0.4099108496303787,6772,16,46898,1,5,10,0.6618973734360348,1.7755387766348756,3.2553070643507085,-0.33810262656396517,-0.3173227110256302,27.245508982035926,730,False,-3.2244612233651244,-1.4134405670584114,8.483033932135728,918,False,-6.744692935649292,-2.1049294184818437,5.688622754491018,946,False
E02000377,Hammersmith and Fulham 006,E09000013,Hammersmith and Fulham,0.4435383268773591,7839,13,48480,3,5,7,0.590725903764963,1.6801141713320753,3.2263113057156563,-2.4092740962350367,-2.449073666521738,3.493013972055888,968,False,-3.3198858286679247,-1.523236844756008,7.684630738522954,926,False,-3.7736886942843437,-1.1866133567256665,10.479041916167663,898,False
E02000378,Hammersmith and Fulham 007,E09000013,Hammersmith and Fulham,0.2944142656547736,6547,5,49363,0,1,4,0.2976368017945792,0.8343051059289099,1.6877540149761812,0.2976368017945792,0.4745647779801691,45.309381237524946,549,False,-0.16569489407109006,-0.13134882259167724,29.64071856287425,706,False,-2.312245985023819,-1.2233325513273257,10.27944111776447,900,False
E02000379,Hammersmith and Fulham 008,E09000013,Hammersmith and Fulham,0.6787556510472834,7351,10,54645,0,1,2,0.5446491874377006,1.7616138083091204,3.1533523798892964,0.5446491874377006,0.5855556956164379,56.287425149700596,439,False,0.7616138083091204,0.33603911792189806,50.898203592814376,493,False,1.1533523798892964,0.3696937652614992,54.191616766467064,460,False
E02000380,Hammersmith and Fulham 009,E09000013,Hammersmith and Fulham,0.3524515860934356,5553,8,53833,0,2,2,0.4458219275800275,1.358066476256333,2.3546023622580097,0.4458219275800275,0.5485310395402446,50.998003992015974,492,False,-0.641933523743667,-0.3499957273315466,21.35728542914172,789,False,0.3546023622580097,0.14448851762926274,44.01197604790419,562,False
E02000381,Hammersmith and Fulham 010,E09000013,Hammersmith and Fulham,0.553175170937309,7780,4,56028,1,5,7,0.2967385072890904,0.9944927389253386,1.9760700438396488,-0.7032614927109095,-1.1234185837094544,11.377245508982035,889,False,-4.005507261074661,-2.7839166039964724,2.3952095808383236,979,False,-5.023929956160352,-2.3527148294384026,4.491017964071856,958,False
E02000382,Hammersmith and Fulham 011,E09000013,Hammersmith and Fulham,0.6795507443123662,6362,20,53880,1,4,7,0.8958048370238454,2.798189532019796,4.462655815362136,-0.10419516297615461,-0.07847670578674353,36.12774451097805,641,False,-1.201810467980204,-0.35729564231618643,20.958083832335326,793,False,-2.537344184637864,-0.6041263206405706,19.760479041916167,805,False
E02000383,Hammersmith and Fulham 012,E09000013,Hammersmith and Fulham,0.6003358878201743,8768,18,48069,1,8,9,0.7591348484029544,2.188229727648101,4.20433680676064,-0.24086515159704558,-0.2049050168804933,31.037924151696604,692,False,-5.8117702723518985,-2.1370161397426646,4.8902195608782435,954,False,-4.79566319323936,-1.2026622407813317,10.379241516966067,899,False
E02000384,Hammersmith and Fulham 013,E09000013,Hammersmith and Fulham,0.837603634814276,8811,43,45868,4,16,26,1.437693678543606,3.968112662883376,7.025181801060681,-2.562306321456394,-1.3373348160966103,8.682634730538922,916,False,-12.031887337116624,-2.6197480185734627,2.5948103792415167,977,False,-18.974818198939317,-3.012211968471964,1.7964071856287425,985,False
E02000385,Hammersmith and Fulham 014,E09000013,Hammersmith and Fulham,0.3996149914519035,5514,13,55864,0,4,6,0.6634039036633861,2.121924869959248,3.366390826357487,0.6634039036633861,0.6216285718063245,64.57085828343313,356,False,-1.8780751300407519,-0.7088868691138058,15.169660678642716,851,False,-2.633609173642513,-0.7989837443452475,15.968063872255488,843,False
E02000386,Hammersmith and Fulham 015,E09000013,Hammersmith and Fulham,0.4375047726509632,7700,9,42409,0,2,3,0.3987736956135088,0.9815895777884104,2.1306662555256004,0.3987736956135088,0.5279155246366855,49.00199600798403,512,False,-1.0184104222115895,-0.7148686692630177,15.06986027944112,852,False,-0.8693337444743996,-0.3836513942492076,24.9500998003992,753,False
E02000387,Hammersmith and Fulham 016,E09000013,Hammersmith and Fulham,0.4078657541917923,6291,7,43941,0,0,0,0.3370890217787564,0.8315728898085912,1.7245877194990278,0.3370890217787564,0.4970855618606787,46.60678642714571,536,False,0.8315728898085912,0.6607972592672718,69.16167664670658,310,False,1.7245877194990278,0.8974738170835944,85.92814371257485,142,False
E02000388,Hammersmith and Fulham 017,E09000013,Hammersmith and Fulham,0.5316644721386039,8806,14,49963,1,2,5,0.6505834035416602,1.956767860309056,3.7885322749793087,-0.3494165964583398,-0.3319656780745641,26.44710578842315,738,False,-0.04323213969094408,-0.017473911789064753,33.63273453093812,666,False,-1.2114677250206913,-0.3323696297043707,26.24750499001996,740,False
E02000389,Hammersmith and Fulham 018,E09000013,Hammersmith and Fulham,0.8018930114921974,9115,7,57444,1,3,8,0.4538226085807674,1.623780251830799,3.128933114447717,-0.5461773914192326,-0.6641221375743731,19.16167664670659,811,False,-1.376219748169201,-0.6493745665893563,15.868263473053892,844,False,-4.871066885552283,-1.5715639468564302,7.48502994011976,928,False
E02000390,Hammersmith and Fulham 019,E09000013,Hammersmith and Fulham,0.3478873526332064,6225,5,49875,1,1,1,0.2994609527205598,0.843265639536709,1.6729276485040183,-0.7005390472794402,-1.1127326585898456,11.57684630738523,887,False,-0.15673436046329103,-0.12326928244208073,30.239520958083833,700,False,0.6729276485040183,0.3584293756559391,53.1936127744511,470,False
E02000391,Hammersmith and Fulham 020,E09000013,Hammersmith and Fulham,0.6652626063366961,7523,22,56473,1,2,4,1.028698328874271,3.5011494411907287,5.570997241671627,0.02869832887427104,0.019472410318362755,38.12375249500998,621,False,1.5011494411907287,0.3658827679115308,52.29540918163673,479,False,1.570997241671627,0.3074666312484132,50.998003992015974,492,False
E02000392,Hammersmith and Fulham 021,E09000013,Hammersmith and Fulham,0.5533479634674223,9238,15,57741,3,11,17,0.802003852221881,2.911476559913193,5.11279021971218,-2.197996147778119,-1.796471147222691,5.888223552894212,944,False,-8.088523440086806,-2.322333700971724,3.6926147704590817,966,False,-11.887209780287819,-2.5110994904858717,3.493013972055888,968,False
E02000393,Hammersmith and Fulham 022,E09000013,Hammersmith and Fulham,0.355922262857705,5976,5,57036,0,0,1,0.343317736289768,1.132711409229634,2.019052719753057,0.343317736289768,0.5004242774735482,46.9061876247505,533,False,1.132711409229634,0.712390059083897,73.65269461077844,265,False,1.019052719753057,0.4692342201632496,59.980039920159676,402,False
E02000394,Hammersmith and Fulham 023,E09000013,Hammersmith and Fulham,0.8136984316339595,10278,23,55474,0,0,1,1.079489458267311,3.81860272536564,6.8178999951572,1.079489458267311,0.7059024183062441,89.22155688622755,109,False,3.81860272536564,0.8608276845119182,97.90419161676647,22,True,5.8178999951572,0.9491075725529486,88.42315369261478,117,False
E02000395,Hammersmith and Fulham 024,E09000013,Hammersmith and Fulham,1.1973742112136456,5923,20,74140,0,2,4,1.3229157260309845,6.507320826468328,7.746346043916345,1.3229157260309845,0.7379375375235546,94.71057884231537,54,True,4.507320826468328,0.6217005777468965,66.36726546906188,338,False,3.746346043916345,0.5438577480149197,64.17165668662675,360,False
E02000396,Hammersmith and Fulham 025,E09000013,Hammersmith and Fulham,0.705596489995167,6903,11,55264,2,3,4,0.5883884321448328,1.9123334246010013,3.2967562403557698,-1.411611567855167,-1.438887387436006,7.784431137724551,925,False,-1.0876665753989987,-0.4481752906553037,19.36127744510978,809,False,-0.7032437596442302,-0.2171469399848036,30.738522954091817,695,False
E02000397,Haringey 001,E09000014,Haringey,0.5638974034251483,7902,6,43435,1,3,3,0.3053864672951368,0.7710673509033665,1.7456561541923596,-0.6946135327048633,-1.0899311902066358,11.976047904191617,883,False,-2.2289326490966337,-1.8719961825332605,5.9880239520958085,943,False,-1.2543438458076404,-0.6467064061677857,19.36127744510978,809,False
E02000398,Haringey 002,E09000014,Haringey,1.191196932688191,7613,13,33264,0,1,4,0.4378408724612896,0.8745845672521014,2.0472124791498465,0.4378408724612896,0.5451877689532053,50.49900199600798,497,False,-0.12541543274789857,-0.09600606162506249,30.938123752495013,693,False,-1.9527875208501535,-0.8894369974383513,14.471057884231536,858,False
E02000400,Haringey 004,E09000014,Haringey,1.3337976120793402,7766,24,50045,0,0,1,0.9738166044894256,2.877998431055991,4.98859881580201,0.9738166044894256,0.6888604664079238,85.02994011976048,151,False,2.877998431055991,0.8347631567515024,94.51097804391217,56,True,3.9885988158020096,0.8611005433875408,82.63473053892216,175,False
E02000401,Haringey 005,E09000014,Haringey,0.7468421441900406,6823,14,34961,0,0,1,0.4740898701688406,0.9678686512585388,2.1268886150715747,0.4740898701688406,0.5599125884132045,52.49500998003992,477,False,0.9678686512585388,0.6866723708593825,71.15768463073853,290,False,1.1268886150715747,0.49801443161962966,61.77644710578842,384,False
E02000402,Haringey 006,E09000014,Haringey,0.9506703584420936,6557,17,36376,1,1,1,0.563210741620781,1.182219517299306,2.4608167622410564,-0.436789258379219,-0.45890401339652565,23.253493013972058,770,False,0.18221951729930597,0.11084792975192045,40.818363273453095,594,False,1.4608167622410564,0.5744087565225431,66.06786427145708,341,False
E02000403,Haringey 007,E09000014,Haringey,0.8508968569671503,7379,22,43831,0,0,0,0.8025096326091853,2.038396955367303,3.829996396173119,0.8025096326091853,0.655606283574007,74.15169660678643,260,False,2.038396955367303,0.7960135877440982,86.12774451097805,140,False,3.829996396173119,1.041002779186428,95.40918163672654,47,True
E02000404,Haringey 008,E09000014,Haringey,0.6409520694385051,7022,12,37511,1,1,3,0.4447334556132953,0.965790524103006,2.1062959445393306,-0.5552665443867046,-0.6842968259386075,18.7624750499002,815,False,-0.03420947589699397,-0.024310032809523468,33.433133732534934,668,False,-0.8937040554606694,-0.39801543733737216,24.451097804391217,758,False
E02000405,Haringey 009,E09000014,Haringey,1.7820319052271103,6347,23,65767,3,4,4,1.2585063677400552,5.1639129669254045,6.877684277922407,-1.7414936322599448,-1.0105527256154005,13.273453093812376,870,False,1.1639129669254045,0.19912377137189707,44.31137724550898,559,False,2.877684277922407,0.4657399395145308,59.88023952095808,403,False
E02000406,Haringey 010,E09000014,Haringey,0.458017501955565,6592,6,38916,0,1,1,0.2752471426637211,0.6086998720865106,1.392436948230314,0.2752471426637211,0.46060139204431993,44.81037924151697,554,False,-0.39130012791348945,-0.38903565446532246,20.459081836327346,798,False,0.39243694823031405,0.23992709583594288,48.20359281437126,520,False
E02000407,Haringey 011,E09000014,Haringey,0.5221232713055132,7506,23,38433,1,1,3,0.7488241621535597,1.686182624260003,3.406678056000121,-0.25117583784644026,-0.21580381468039211,30.738522954091817,695,False,0.6861826242600031,0.31390250127343433,49.700598802395206,505,False,0.40667805600012086,0.12214281379241906,43.31337325349301,569,False
E02000408,Haringey 012,E09000014,Haringey,0.5178490449368266,8136,13,38283,2,3,5,0.4859194194153252,1.1015265610473748,2.457990911018844,-1.5140805805846749,-1.758851365498033,5.9880239520958085,943,False,-1.8984734389526252,-1.2200858000258168,10.778443113772456,895,False,-2.542009088981156,-1.000475475340475,12.674650698602793,876,False
E02000409,Haringey 013,E09000014,Haringey,0.6940698838708631,6075,10,36728,0,0,1,0.3781628928231502,0.7889075529756303,1.714178483104689,0.3781628928231502,0.5181396106108623,47.90419161676647,523,False,0.7889075529756303,0.6516098737774367,68.16367265469061,320,False,0.7141784831046889,0.3733855703523525,54.29141716566866,459,False
E02000410,Haringey 014,E09000014,Haringey,0.7521366146268817,6237,12,63069,0,0,1,0.7252485015617839,2.7785396191758767,4.152432845752134,0.7252485015617839,0.6376668943625231,68.9620758483034,312,False,2.7785396191758767,0.8311691067713243,94.2115768463074,59,True,3.1524328457521342,0.7991332783033295,78.44311377245509,217,False
E02000411,Haringey 015,E09000014,Haringey,1.39358298266331,13169,39,43334,0,2,2,1.3347989470695345,3.8270318845655735,8.41848719691721,1.3347989470695345,0.7392933842475032,95.00998003992017,51,True,1.8270318845655735,0.411048533898074,54.49101796407185,457,False,6.41848719691721,0.8630219756322963,82.93413173652695,172,False
E02000412,Haringey 016,E09000014,Haringey,0.771559180275128,8079,24,39028,1,7,13,0.7884845568671606,1.8234160092369505,3.7162313713392288,-0.21151544313283943,-0.1750382917957875,32.23552894211577,680,False,-5.176583990763049,-2.2195352171667473,4.491017964071856,958,False,-9.283768628660772,-2.589408988805946,3.1936127744510974,971,False
E02000413,Haringey 017,E09000014,Haringey,1.2189679718802895,7655,8,60187,0,0,0,0.5175738584452301,1.9106248393312557,3.297898518642683,0.5175738584452301,0.576145664335936,54.49101796407185,457,False,1.9106248393312557,0.7878666210917564,84.23153692614771,159,False,3.297898518642683,1.0180246786248137,93.31337325349301,68,True
E02000414,Haringey 018,E09000014,Haringey,0.4093369863033986,6991,11,41236,0,0,0,0.4480216367367128,1.058207259794412,2.2150768830989747,0.4480216367367128,0.5494421256934743,51.09780439121756,491,False,1.058207259794412,0.70141302831555,72.2554890219561,279,False,2.2150768830989747,0.947822335926214,88.32335329341318,118,False
E02000415,Haringey 019,E09000014,Haringey,0.7040973673587217,7144,22,42009,1,2,4,0.77230408536658,1.8717392948535931,3.572178043472112,-0.22769591463341998,-0.19129705612504527,31.53692614770459,687,False,-0.12826070514640686,-0.053807182464065795,32.634730538922156,676,False,-0.4278219565278878,-0.1234218569797881,33.33333333333333,669,False
E02000416,Haringey 020,E09000014,Haringey,0.6285325372758674,8183,9,51478,0,4,5,0.4787085259261849,1.465892333653973,2.866343007907695,0.4787085259261849,0.5617073165565065,52.59481037924152,476,False,-2.534107666346027,-1.2994591438959515,9.980039920159681,903,False,-2.133656992092305,-0.7404851207647065,17.26546906187625,830,False
E02000417,Haringey 021,E09000014,Haringey,1.059599138798119,6411,20,63388,4,8,11,1.0789660179113327,4.194490089370984,5.88979353609432,-2.9210339820886673,-1.9108424908038817,5.389221556886228,949,False,-3.8055099106290156,-0.7878787404670272,14.37125748502994,859,False,-5.11020646390568,-0.9515170785558383,13.373253493013973,869,False
E02000418,Haringey 022,E09000014,Haringey,0.7132737033328769,5274,7,54444,0,0,0,0.4086902981980671,1.2536384650032717,2.1664495574195644,0.4086902981980671,0.5324494285325985,49.50099800399202,507,False,1.2536384650032717,0.728301859164403,75.0499001996008,251,False,2.1664495574195644,0.9435374328836877,87.92415169660678,122,False
E02000419,Haringey 023,E09000014,Haringey,0.6424400835151619,9016,14,49014,4,5,11,0.6402686694971964,1.8931619979360617,3.743476712409571,-3.359731330502804,-3.228125006304797,1.7964071856287425,985,False,-3.106838002063938,-1.2910223454960545,10.079840319361278,902,False,-7.256523287590429,-2.011360574066622,5.888223552894212,944,False
E02000420,Haringey 024,E09000014,Haringey,0.577295992028498,7996,23,42472,4,6,10,0.8149934631345747,2.034988965662121,3.9667889407038737,-3.1850065368654255,-2.5726940999050893,3.293413173652695,970,False,-3.965011034337879,-1.5505644025520722,7.48502994011976,928,False,-6.033211059296127,-1.5910743865220367,7.385229540918163,929,False
E02000421,Haringey 025,E09000014,Haringey,0.7838916156317393,8850,21,38133,2,5,7,0.7050482336631549,1.6234874143186306,3.5115108289084023,-1.294951766336845,-1.1618985675984872,10.878243512974052,894,False,-3.376512585681369,-1.5934558375909245,7.285429141716566,930,False,-3.4884891710915977,-1.0211581080606356,12.17564870259481,881,False
E02000422,Haringey 026,E09000014,Haringey,0.5424387207043878,7225,13,39444,0,1,1,0.491627354843284,1.1215699034962203,2.37761488651691,0.491627354843284,0.5666356808843851,53.293413173652695,469,False,0.12156990349622032,0.07704655952818915,38.32335329341318,619,False,1.37761488651691,0.5569533160444977,65.06986027944112,351,False
E02000423,Haringey 027,E09000014,Haringey,0.5549407394454065,6784,10,44921,3,6,7,0.4474915495595528,1.1440073309282452,2.286098092009305,-2.552508450440447,-3.1327882965133633,1.996007984031936,983,False,-4.855992669071755,-3.0306085436109895,2.095808383233533,982,False,-4.713901907990695,-1.9668261731050756,6.187624750499002,941,False
E02000424,Haringey 028,E09000014,Haringey,0.666188214139801,6494,14,54752,0,2,3,0.6946752315078993,2.2148349757302053,3.6717921691283646,0.6946752315078993,0.6299422745245421,66.46706586826348,337,False,0.21483497573020527,0.07818600212848117,38.522954091816366,617,False,0.6717921691283646,0.189311703083261,45.70858283433134,545,False
E02000425,Haringey 029,E09000014,Haringey,0.5409088661565628,8003,10,40172,0,0,0,0.4139337255488426,0.9752377826223312,2.179909886634096,0.4139337255488426,0.5348043094848338,49.700598802395206,505,False,0.9752377826223312,0.687939757572623,71.35728542914171,288,False,2.179909886634096,0.9447367758991171,88.12375249500998,120,False
E02000426,Haringey 030,E09000014,Haringey,2.229190111782883,6477,35,57127,1,1,2,1.4796434969338026,5.010611382510651,7.141256157679442,0.4796434969338026,0.24460284507488297,42.91417165668663,573,False,4.010611382510651,0.7055041167828748,72.95409181636727,272,False,5.141256157679442,0.80405521921146,78.74251497005989,214,False
E02000427,Haringey 031,E09000014,Haringey,1.0738150640345774,6589,17,49437,2,2,3,0.7268961398824975,2.05906354498548,3.593311813171933,-1.2731038601175024,-1.1175358844269634,11.477045908183632,888,False,0.05906354498547994,0.02286908530375735,35.82834331337325,644,False,0.5933118131719328,0.17030610434928506,44.81037924151697,554,False
E02000428,Haringey 032,E09000014,Haringey,0.5967405388458056,8587,9,42062,1,1,4,0.4003356787426743,0.9970802066737732,2.250995466730036,-0.5996643212573257,-0.7918469969731046,16.86626746506986,834,False,-0.002919793326226827,-0.0020253179232568547,34.73053892215569,655,False,-1.749004533269964,-0.7388446009624074,17.365269461077844,829,False
E02000429,Haringey 033,E09000014,Haringey,0.9808490958083548,6467,15,64384,0,0,1,0.8829988883934272,3.509363160399804,5.054362711523816,0.8829988883934272,0.6722211328963309,79.64071856287424,205,False,3.509363160399804,0.8535606985861955,97.1057884231537,30,True,4.054362711523816,0.8652193222731789,83.43313373253493,167,False
E02000430,Haringey 034,E09000014,Haringey,0.6581220341587425,6944,17,60268,6,8,15,0.9017227113062886,3.2990031798274235,5.038270271230736,-5.098277288693711,-3.8210475689658936,1.1976047904191618,991,False,-4.700996820172577,-1.208330975209396,10.878243512974052,894,False,-9.961729728769264,-2.1318847251692814,5.489021956087824,948,False
E02000431,Haringey 035,E09000014,Haringey,0.6090882246565371,5706,13,71544,0,1,3,0.902818265429164,4.152457278256385,5.363295783599367,0.902818265429164,0.6760292849809646,81.23752495009981,189,False,3.152457278256385,0.6586806413554029,68.8622754491018,313,False,2.3632957835993667,0.4784700184050821,60.87824351297405,393,False
E02000432,Haringey 036,E09000014,Haringey,0.5361505634801338,5884,7,54973,0,0,3,0.4159721312364717,1.3091323183064782,2.300171652977061,0.4159721312364717,0.5357120356952584,49.800399201596804,504,False,1.3091323183064782,0.7349222527890993,75.74850299401199,244,False,-0.699828347022939,-0.2905634565389659,27.744510978043913,725,False
E02000433,Harrow 001,E09000015,Harrow,6.318055660216951,8917,43,46785,2,6,9,1.4655074397216683,4.140427386213463,7.269418065892982,-0.5344925602783317,-0.27469399012726986,28.343313373253494,719,False,-1.8595726137865372,-0.389569087541433,20.35928143712575,799,False,-1.7305819341070183,-0.26628915562363614,28.842315369261478,714,False
E02000434,Harrow 002,E09000015,Harrow,1.9627532042093443,10180,18,44764,1,2,2,0.7239446765805697,1.996334336506126,4.238793089847854,-0.2760553234194303,-0.24303312073234112,29.840319361277444,704,False,-0.003665663493874094,-0.0014568747191767662,34.830339321357286,654,False,2.238793089847854,0.5574828046596708,65.16966067864271,350,False
E02000435,Harrow 003,E09000015,Harrow,1.80670528572297,8254,9,40775,0,0,0,0.3888497323164769,0.9334274047835076,2.116833543284346,0.3888497323164769,0.5232695435072218,48.70259481037924,515,False,0.9334274047835076,0.6805827071313458,70.75848303393214,294,False,2.116833543284346,0.9390260415983402,87.82435129740519,123,False
E02000436,Harrow 004,E09000015,Harrow,4.7218926852024925,5695,13,47871,0,0,0,0.5688777868876708,1.5214025407009684,2.7097140905510493,0.5688777868876708,0.5935671159309929,57.884231536926144,423,False,1.5214025407009684,0.7570337768963085,78.44311377245509,217,False,2.7097140905510493,0.984984294028532,90.8183632734531,93,True
E02000437,Harrow 005,E09000015,Harrow,1.396669909776261,9139,17,42498,1,1,3,0.6546753980561822,1.674241747716184,3.5461505352120124,-0.34532460194381775,-0.3266274001127646,26.94610778443114,733,False,0.674241747716184,0.3102496730993615,49.50099800399202,507,False,0.5461505352120124,0.15854187413430743,44.411177644710584,558,False
E02000438,Harrow 006,E09000015,Harrow,1.7512993168313096,8612,25,45505,0,3,4,0.929517013831398,2.523539128866662,4.783147435915018,0.929517013831398,0.6809982689024683,82.83433133732535,173,False,-0.4764608711333378,-0.15499523105876475,28.343313373253494,719,False,0.7831474359150183,0.17546234464265617,45.209580838323355,550,False
E02000439,Harrow 007,E09000015,Harrow,1.0635055207763962,9832,10,40071,2,3,6,0.4223154596737892,1.0338267036391735,2.4849874469248268,-1.5776845403262107,-2.0117619813281693,4.990019960079841,953,False,-1.9661732963608265,-1.3267222428438923,9.780439121756487,905,False,-3.5150125530751732,-1.3712365262235768,9.3812375249501,909,False
E02000440,Harrow 008,E09000015,Harrow,1.4951518940192066,9520,23,44236,1,1,2,0.8591389780327771,2.310493431906435,4.666161899875003,-0.14086102196722294,-0.10943975208977498,34.830339321357286,654,False,1.3104934319064352,0.45999061052627527,57.18562874251497,430,False,2.6661618998750027,0.610488744893951,67.76447105788424,324,False
E02000441,Harrow 009,E09000015,Harrow,2.3359222453901194,7547,20,46961,0,0,1,0.7939634116848753,2.1731837843861004,3.987572197807317,0.7939634116848753,0.6537245860341884,73.65269461077844,265,False,2.1731837843861004,0.8037998622700805,87.82435129740519,123,False,2.987572197807317,0.7843382049437784,77.34530938123753,228,False
E02000442,Harrow 010,E09000015,Harrow,1.1396827657145916,9806,17,37514,0,0,4,0.5988191077750789,1.3866427878837495,3.225605314215257,0.5988191077750789,0.6029766561433905,59.48103792415169,407,False,1.3866427878837495,0.7435460542402618,76.94610778443113,232,False,-0.7743946857847428,-0.24354847197203694,29.64071856287425,706,False
E02000443,Harrow 011,E09000015,Harrow,0.9782380036103576,11093,7,38186,0,0,2,0.3192276425667822,0.7679571274399397,2.0766220511871105,0.3192276425667822,0.48719504502619454,46.40718562874252,538,False,0.7679571274399397,0.6468782286306354,67.96407185628742,322,False,0.07662205118711052,0.0345087678770529,39.02195608782435,612,False
E02000444,Harrow 012,E09000015,Harrow,1.0942984755283631,9200,17,38775,2,2,5,0.6092688551198179,1.4327572149838943,3.199781605181129,-1.3907311448801822,-1.3835913845075647,8.08383233532934,922,False,-0.5672427850161057,-0.2962844452966761,22.55489021956088,777,False,-1.800218394818871,-0.5700076981794819,20.159680638722556,801,False
E02000445,Harrow 013,E09000015,Harrow,1.2508953074552869,12477,25,41028,2,3,6,0.8923600987540137,2.382570751943648,5.579358648412838,-1.1076399012459863,-0.8366417145025353,15.768463073852296,845,False,-0.6174292480563519,-0.21107574982275087,26.44710578842315,738,False,-0.42064135158716187,-0.08221530065279299,34.930139720558884,653,False
E02000447,Harrow 015,E09000015,Harrow,2.1238306858512064,8666,22,48233,0,1,1,0.8881082938459126,2.5673288778101906,4.77734469565978,0.8881082938459126,0.6732129031078575,80.33932135728543,198,False,1.5673288778101906,0.50230918724027,59.58083832335329,406,False,3.77734469565978,0.8472096363872896,81.63672654690619,185,False
E02000448,Harrow 016,E09000015,Harrow,1.7202668577164086,7228,23,57052,2,4,6,1.0730997567691158,3.677964755375314,5.707207907496998,-0.9269002432308842,-0.6088937797071434,19.860279441117765,804,False,-0.3220352446246859,-0.07509425494353038,31.83632734530938,684,False,-0.2927920925030021,-0.056078952910653596,35.62874251497006,646,False
E02000449,Harrow 017,E09000015,Harrow,0.9183350440683464,8572,6,37171,0,0,0,0.2724537363697206,0.6049428688959843,1.53071675708372,0.2724537363697206,0.45879213820210196,44.71057884231537,555,False,0.6049428688959843,0.6040497687372375,64.77045908183634,354,False,1.53071675708372,0.8720521408996678,84.3313373253493,158,False
E02000451,Harrow 019,E09000015,Harrow,1.5993023367851509,6761,19,50652,1,1,4,0.8124039827915639,2.3770377518068773,4.049679527182364,-0.1875960172084361,-0.1518853132428535,33.433133732534934,668,False,1.3770377518068773,0.47170015445236907,57.884231536926144,423,False,0.04967952718236379,0.012869673641354653,38.622754491017965,616,False
E02000452,Harrow 020,E09000015,Harrow,1.1246256287469365,11180,13,43846,3,4,16,0.5618230507507633,1.547718125949764,3.6053976543267487,-2.438176949249237,-2.565980302296001,3.3932135728542914,969,False,-2.452281874050236,-1.203341903528794,10.978043912175648,893,False,-12.39460234567325,-3.5476205961934,1.097804391217565,992,False
E02000453,Harrow 021,E09000015,Harrow,1.034138679046502,8639,13,42208,0,0,1,0.5277653193272396,1.3235690936245486,2.855455498039484,0.5277653193272396,0.5797468641294348,54.99001996007984,452,False,1.3235690936245486,0.7365814692342949,75.94810379241517,242,False,1.855455498039484,0.6459655987287278,69.96007984031935,302,False
E02000454,Harrow 022,E09000015,Harrow,1.5667773653796233,7326,18,53559,0,0,1,0.8303933128151276,2.628690537472665,4.431331152051998,0.8303933128151276,0.6615824426374484,75.54890219560878,246,False,2.628690537472665,0.8253407069781798,92.71457085828342,74,True,3.431331152051998,0.8220196817843296,80.23952095808383,199,False
E02000455,Harrow 023,E09000015,Harrow,1.2317188349377273,13159,33,47192,4,8,15,1.2612543589088263,3.944625226426166,8.413308776061518,-2.7387456410911737,-1.586507420875664,6.88622754491018,934,False,-4.055374773573834,-0.8877525128658142,13.17365269461078,871,False,-6.586691223938482,-0.8861420923870489,14.67065868263473,856,False
E02000456,Harrow 024,E09000015,Harrow,0.9254075053163332,7969,16,47855,0,0,0,0.6841553131853066,1.9264195839890093,3.65275467278012,0.6841553131853066,0.6271937568309678,66.06786427145708,341,False,1.9264195839890093,0.788918057739953,84.53093812375249,156,False,3.65275467278012,1.033929371059889,94.41117764471058,57,True
E02000457,Harrow 025,E09000015,Harrow,1.1599709948724344,7177,8,46987,2,2,4,0.3977973440268308,1.0740200608907184,2.177223845497155,-1.6022026559731692,-2.124456498160958,4.491017964071856,958,False,-0.9259799391092816,-0.606812468599833,16.666666666666664,836,False,-1.822776154502845,-0.7907358346201387,16.367265469061877,839,False
E02000459,Harrow 027,E09000015,Harrow,1.1996437599503462,9554,18,41815,2,2,5,0.6783487702151011,1.7243443453424527,3.719175844115023,-1.3216512297848988,-1.218988030674141,10.179640718562874,901,False,-0.27565565465754727,-0.12379554838083323,30.13972055888224,701,False,-1.280824155884977,-0.3570027755341884,25.848303393213573,744,False
E02000460,Harrow 028,E09000015,Harrow,0.8661221984591188,7511,14,41362,0,0,3,0.5415986251214757,1.2999009482776132,2.689659424967146,0.5415986251214757,0.5845202983059992,55.78842315369261,444,False,1.2999009482776132,0.7338479826692544,75.44910179640718,247,False,-0.31034057503285384,-0.11349889708056408,33.73253493013972,665,False
E02000461,Harrow 029,E09000015,Harrow,2.6622394453872147,7557,27,51390,0,1,3,1.0931825158859894,3.319070170285012,5.517997515708726,1.0931825158859894,0.7079520776962241,90.11976047904191,100,True,2.319070170285012,0.592874102564871,64.17165668662675,360,False,2.5179975157087258,0.49703239604635174,61.576846307385225,386,False
E02000462,Harrow 030,E09000015,Harrow,0.999642547755324,7129,13,39822,1,1,4,0.4946933183528601,1.1359495886904112,2.3868126015995488,-0.5053066816471399,-0.57996746879559,20.758483033932134,795,False,0.13594958869041118,0.08531280222282223,38.92215568862276,613,False,-1.6131873984004512,-0.6501662360042951,19.16167664670659,811,False
E02000463,Harrow 031,E09000015,Harrow,0.9288259021551692,8822,4,38801,0,0,1,0.2147329827416674,0.4964671446899668,1.2984163491843457,0.2147329827416674,0.4174860277071159,44.21157684630739,560,False,0.4964671446899668,0.5677933991823666,62.4750499001996,377,False,0.2984163491843457,0.19207028509935722,45.808383233532936,544,False
E02000464,Havering 001,E09000016,Havering,5.8574070490874375,8038,26,40272,0,0,0,0.8594537053682478,2.0442213883082427,4.0475680118311415,0.8594537053682478,0.6675578857070361,78.1437125748503,220,False,2.0442213883082427,0.7963663296113181,86.32734530938124,138,False,4.0475680118311415,1.0490107834408775,95.80838323353294,43,True
E02000465,Havering 002,E09000016,Havering,2.800641436971268,9713,39,39734,1,1,1,1.1935879504959186,2.9186637482542093,5.892782157978527,0.1935879504959186,0.11710307092041797,40.5189620758483,597,False,1.9186637482542093,0.549682430156288,61.477045908183634,387,False,4.892782157978527,0.9106179252457439,86.62674650698602,135,False
E02000466,Havering 003,E09000016,Havering,6.279437314248417,9337,37,41371,0,0,0,1.1767635652651518,2.961488506754252,5.80267998192405,1.1767635652651518,0.7197682238625792,92.31536926147704,78,True,2.961488506754252,0.8376268361926007,95.00998003992017,51,True,5.80267998192405,1.094998556428703,98.80239520958084,13,True
E02000467,Havering 004,E09000016,Havering,1.3585929621586723,12045,26,35954,2,2,6,0.8290762227226528,1.9525534057591891,4.79256939990415,-1.170923777277347,-0.933977437276704,14.570858283433132,857,False,-0.04744659424081088,-0.019212109750715415,33.532934131736525,667,False,-1.20743060009585,-0.27005390221100667,28.642714570858285,716,False
E02000468,Havering 005,E09000016,Havering,4.093894458774874,9251,21,42453,2,3,4,0.7707402849458405,1.976774309828984,4.095320220459372,-1.2292597150541595,-1.034277153234289,13.073852295409182,872,False,-1.023225690171016,-0.41005370916716594,19.860279441117765,804,False,0.09532022045937172,0.024454939591317865,38.92215568862276,613,False
E02000469,Havering 006,E09000016,Havering,1.7140356702695632,7647,22,37318,0,1,1,0.7090591653496326,1.5608034676200986,3.237715359055524,0.7090591653496326,0.63362424549183,67.46506986027944,327,False,0.5608034676200986,0.27330810190831345,47.50499001996008,527,False,2.237715359055524,0.7015517845858504,72.95409181636727,272,False
E02000470,Havering 007,E09000016,Havering,6.762613843040564,10290,47,45291,1,3,7,1.5529477615412162,4.373899914468083,8.170984379280165,0.5529477615412162,0.2711489021920451,43.013972055888225,572,False,1.3738999144680832,0.2737910844745123,47.604790419161674,526,False,1.1709843792801653,0.16184569968967064,44.510978043912175,557,False
E02000471,Havering 008,E09000016,Havering,2.1405036269007898,7902,16,42581,0,1,2,0.6167805104895313,1.536890726247086,3.122558352428363,0.6167805104895313,0.6083791196545186,60.97804391217565,392,False,0.5368907262470859,0.2649622863346217,46.706586826347305,535,False,1.122558352428363,0.3627924747110992,53.39321357285429,468,False
E02000472,Havering 009,E09000016,Havering,1.5357646338808328,9908,17,43593,1,1,1,0.6750275472432459,1.8005932735834398,3.871727529865556,-0.3249724527567541,-0.30077727592978476,27.54491017964072,727,False,0.8005932735834398,0.346880728381616,51.39720558882236,488,False,2.871727529865556,0.7733099273077426,76.44710578842316,237,False
E02000473,Havering 010,E09000016,Havering,2.855531873834404,11085,19,45736,1,1,1,0.7775634438820463,2.2377608868147747,4.823830561185686,-0.22243655611795365,-0.18595756189545215,31.936127744510976,683,False,1.2377608868147747,0.4465211825329154,56.3872255489022,438,False,3.8238305611856864,0.8503562767533048,81.73652694610777,184,False
E02000474,Havering 011,E09000016,Havering,2.207142660906401,9728,24,41171,0,1,2,0.8386221219102327,2.1128360898889595,4.460042591850022,0.8386221219102327,0.6632999450971004,76.24750499001996,239,False,1.1128360898889595,0.4215772435469049,55.38922155688623,448,False,2.460042591850022,0.5860210331298298,66.86626746506987,333,False
E02000475,Havering 012,E09000016,Havering,2.802686159570209,10124,31,47985,1,2,2,1.1757119997781194,3.4989391068036717,6.613184774554088,0.17571199977811935,0.10754931614345296,40.019960079840324,602,False,1.4989391068036717,0.36555081101786874,52.19560878243513,480,False,4.613184774554088,0.7737020498084166,76.64670658682635,235,False
E02000476,Havering 013,E09000016,Havering,1.5664522104136491,10410,41,43211,5,13,23,1.3400921275253024,3.6050175308130488,7.086849758550264,-3.6599078724746974,-2.0207091191311064,4.790419161676647,955,False,-9.394982469186951,-2.2306040079473046,4.39121756487026,959,False,-15.913150241449735,-2.5061277090723633,3.592814371257485,967,False
E02000477,Havering 014,E09000016,Havering,1.7491244764959577,9582,17,47415,1,1,1,0.7244222012099708,2.0938404644027413,4.220413738648589,-0.2755777987900292,-0.24249764329357837,29.94011976047904,703,False,1.0938404644027413,0.41756649197795787,55.08982035928144,451,False,3.220413738648589,0.804948276728842,78.84231536926147,213,False
E02000478,Havering 015,E09000016,Havering,2.491271205581171,6017,17,44668,0,0,0,0.6577879099695713,1.6494960555649665,3.0036359888052897,0.6577879099695713,0.6200886117482971,63.87225548902195,363,False,1.6494960555649665,0.7683553248345485,80.83832335329342,193,False,3.0036359888052897,1.0027065352258937,91.81636726546905,83,True
E02000479,Havering 016,E09000016,Havering,1.3751152067929395,10136,23,43989,0,2,5,0.861373552103026,2.3351591842054917,4.846789521096115,0.861373552103026,0.6679439556189054,78.3433133732535,218,False,0.33515918420549173,0.11657553075378076,41.31736526946108,589,False,-0.15321047890388506,-0.03392924225487478,36.327345309381236,639,False
E02000480,Havering 017,E09000016,Havering,3.375481291256089,15127,39,45693,0,1,2,1.4309815034107085,4.522870747195482,10.39911945064866,1.4309815034107085,0.7496817324125566,96.40718562874252,37,True,3.5228707471954817,0.6808657392703839,70.85828343313374,293,False,8.39911945064866,0.9277867050026833,87.42514970059881,127,False
E02000481,Havering 018,E09000016,Havering,12.243913508759665,8449,17,47304,0,1,1,0.7130638015499717,2.004712817319241,3.872086249344095,0.7130638015499717,0.634634090788516,67.76447105788424,324,False,1.0047128173192408,0.39790466799875474,53.99201596806387,462,False,2.872086249344095,0.7733449317228343,76.54690618762476,236,False
E02000482,Havering 019,E09000016,Havering,2.83003872449902,6805,39,49518,2,2,2,1.3948515304055094,4.000350145037396,6.31347315368661,-0.6051484695944906,-0.323603308880082,27.045908183632733,732,False,2.0003501450373964,0.43236170269897145,55.98802395209581,442,False,4.31347315368661,0.7544547306911052,76.04790419161677,241,False
E02000483,Havering 020,E09000016,Havering,1.6026478859121325,8123,25,43697,3,3,6,0.8920437231598849,2.29851573551672,4.380747774231134,-2.107956276840115,-1.5926388880125528,6.786427145708583,935,False,-0.7014842644832799,-0.24732466572245296,24.550898203592812,757,False,-1.6192522257688662,-0.3918170403876279,24.65069860279441,756,False
E02000484,Havering 021,E09000016,Havering,1.850738758475601,8656,10,43268,0,0,3,0.4431691031762869,1.137176916482476,2.4999509192991587,0.4431691031762869,0.5474263563277569,50.59880239520959,496,False,1.137176916482476,0.7130175689717637,73.85229540918164,263,False,-0.5000490807008413,-0.1941256533780725,31.437125748502993,688,False
E02000485,Havering 022,E09000016,Havering,2.093681015650521,8821,28,49377,1,4,10,1.0980163572443935,3.275025002097479,5.850524748052859,0.0980163572443935,0.06326045816840743,39.12175648702595,611,False,-0.7249749979025211,-0.18756027005131795,26.84630738522954,734,False,-4.149475251947141,-0.7772829702889767,16.56686626746507,837,False
E02000486,Havering 023,E09000016,Havering,1.2742304162187028,7569,16,43977,1,1,3,0.6312693367886667,1.6121158952284458,3.1724007099594536,-0.3687306632113333,-0.3578330675254746,25.748502994011975,745,False,0.6121158952284458,0.29053928736736523,48.50299401197605,517,False,0.17240070995945356,0.0549827514827713,40.019960079840324,602,False
E02000487,Havering 024,E09000016,Havering,12.879963364509637,7888,20,50020,0,0,1,0.8462421605010877,2.5031869516337144,4.464977064379926,0.8462421605010877,0.6648722550205359,76.74650698602794,234,False,2.5031869516337144,0.8200308077298191,91.61676646706587,85,True,3.4649770643799256,0.8246154382286967,80.43912175648703,197,False
E02000488,Havering 025,E09000016,Havering,1.828736570099372,8196,12,42974,0,0,2,0.5017784498486235,1.2674530335704728,2.686510452634857,0.5017784498486235,0.570416416886383,53.89221556886228,463,False,1.2674530335704728,0.7299870251944942,75.1497005988024,250,False,0.6865104526348569,0.251314440703559,48.80239520958084,514,False
E02000489,Havering 026,E09000016,Havering,2.599206987794948,8951,22,44913,1,1,3,0.8352828353332866,2.2520982903870093,4.4331563166342045,-0.16471716466671338,-0.13066530984043478,34.231536926147704,660,False,1.2520982903870093,0.4492344303794325,56.58682634730538,436,False,1.4331563166342045,0.3432077161167067,52.59481037924152,476,False
E02000490,Havering 027,E09000016,Havering,2.051468601894786,8982,16,40510,0,0,0,0.6001145274265421,1.4607252690979446,3.1837419900075945,0.6001145274265421,0.6033721860713287,59.58083832335329,406,False,1.4607252690979446,0.7511795624348849,77.44510978043913,227,False,3.1837419900075945,1.012337208088109,92.61477045908184,75,True
E02000491,Havering 028,E09000016,Havering,5.348459797658949,13545,41,42448,0,1,5,1.371073846497827,3.885751767103916,8.721245785610687,1.371073846497827,0.7433307330596087,95.80838323353294,43,True,2.885751767103916,0.6403679097671539,67.36526946107784,328,False,3.7212457856106873,0.48426538017765713,61.07784431137725,391,False
E02000492,Havering 029,E09000016,Havering,15.61116870322024,7041,20,41847,0,1,1,0.7142277218886394,1.7195183630126014,3.3162189655352217,0.7142277218886394,0.6349263702514542,67.96407185628742,322,False,0.7195183630126014,0.3238808995265294,50.0,502,False,2.3162189655352217,0.7116591466595642,74.05189620758483,261,False
E02000493,Havering 030,E09000016,Havering,1.2889243230213718,6908,21,41155,0,1,4,0.7305744135828383,1.7266987805127558,3.323216361991585,0.7305744135828383,0.638974052424807,69.36127744510978,308,False,0.7266987805127558,0.32598901539305825,50.0998003992016,501,False,-0.6767836380084149,-0.20757260753111223,31.137724550898206,691,False
E02000494,Hillingdon 001,E09000017,Hillingdon,6.221247759906896,7774,30,50234,0,0,0,1.1638144601866958,3.460371797540399,5.81318785985023,1.1638144601866958,0.7180118261065328,91.91616766467065,82,True,3.460371797540399,0.8523090408442116,97.0059880239521,31,True,5.81318785985023,1.0952031087278136,98.90219560878243,12,True
E02000495,Hillingdon 002,E09000017,Hillingdon,2.727704321910353,10853,45,46802,2,7,10,1.555640848196007,4.591354153872001,8.638748880955783,-0.4443591518039931,-0.2175934447168307,30.63872255489022,696,False,-2.4086458461279987,-0.459154653355334,19.16167664670659,811,False,-1.3612511190442174,-0.17871250203790068,31.53692614770459,687,False
E02000496,Hillingdon 003,E09000017,Hillingdon,15.224361255525926,7773,37,45558,1,4,5,1.2530810945333244,3.352354822176503,5.838288463788552,0.2530810945333244,0.14735843115170086,41.01796407185629,592,False,-0.6476451778234971,-0.1641044584473858,27.744510978043913,725,False,0.8382884637885519,0.1573241251920238,44.31137724550898,559,False
E02000497,Hillingdon 004,E09000017,Hillingdon,2.702010560031193,9547,24,47438,0,0,1,0.9455949702759312,2.73886331551243,5.272142388243627,0.9455949702759312,0.6839053044360733,83.43313373253493,167,False,2.73886331551243,0.8296762739425964,93.812375249501,63,True,4.272142388243627,0.8782197257948039,84.93013972055888,152,False
E02000498,Hillingdon 005,E09000017,Hillingdon,3.1377176067004555,6401,27,45187,0,0,0,0.9552264733060704,2.4525017876863684,4.240596378336412,0.9552264733060704,0.6856171662705567,83.8323353293413,163,False,2.4525017876863684,0.8177638940900969,90.8183632734531,93,True,4.240596378336412,1.0555626324817093,96.40718562874252,37,True
E02000499,Hillingdon 006,E09000017,Hillingdon,1.6086443290885943,8104,17,50669,2,3,4,0.7582776670285439,2.284981762028295,4.159814352147401,-1.241722332971456,-1.0572043969845055,12.375249500998004,879,False,-0.7150182379717052,-0.25337524545992807,23.952095808383234,763,False,0.15981435214740092,0.040450199087272584,39.321357285429144,609,False
E02000500,Hillingdon 007,E09000017,Hillingdon,2.897848874292918,8665,40,51254,6,6,14,1.5054057643133778,4.682687094289577,7.734757694745091,-4.494594235686622,-2.2603289692694553,3.992015968063872,963,False,-1.3173129057104234,-0.24662008185120732,24.65069860279441,756,False,-6.265242305254909,-0.9107776787765586,14.171656686626747,861,False
E02000501,Hillingdon 008,E09000017,Hillingdon,1.4365310372841529,8676,16,48125,1,2,3,0.6936459136868108,1.996344362873415,3.876822249807718,-0.30635408631318917,-0.2781010358208678,28.143712574850298,721,False,-0.0036556371265850096,-0.0014528837113043816,34.930139720558884,653,False,0.8768222498077178,0.23584731942088394,47.90419161676647,523,False
E02000502,Hillingdon 009,E09000017,Hillingdon,4.166077387008235,9310,19,49431,1,1,2,0.8180035830882937,2.4629564638212416,4.7117860166688175,-0.18199641691170632,-0.14661044157133216,33.73253493013972,665,False,1.4629564638212416,0.486019931873024,58.88223552894212,413,False,2.7117860166688175,0.6156527451787637,68.26347305389223,319,False
E02000503,Hillingdon 010,E09000017,Hillingdon,1.3798087612389935,8740,12,47880,0,0,0,0.5557923571102216,1.589851665623073,3.220029595962161,0.5557923571102216,0.5892863846674083,56.986027944111775,432,False,1.589851665623073,0.7632482620450378,79.64071856287424,205,False,3.220029595962161,1.0141783604191166,92.81437125748504,73,True
E02000504,Hillingdon 011,E09000017,Hillingdon,3.0641931294657656,7843,20,50534,1,2,2,0.8543056534015698,2.554398004546889,4.51667554861882,-0.14569434659843017,-0.1136687082063487,34.73053892215569,655,False,0.554398004546889,0.17845795479105678,42.81437125748503,574,False,2.51667554861882,0.5929364084982114,67.16566866267465,330,False
E02000506,Hillingdon 013,E09000017,Hillingdon,5.485266671643,8287,37,50523,1,1,1,1.3890653292423856,4.211288533531345,6.994250850361844,0.38906532924238557,0.2087460980058225,42.21556886227545,580,False,3.211288533531345,0.662438884005035,69.26147704590818,309,False,5.994250850361844,0.9554088008928338,88.72255489021956,114,False
E02000507,Hillingdon 014,E09000017,Hillingdon,2.68779341644532,8511,19,43376,1,1,3,0.7199276569779658,1.8538873338187287,3.732781756236245,-0.2800723430220342,-0.247558187478216,29.44111776447106,708,False,0.8538873338187287,0.36109502645915853,51.896207584830336,483,False,0.7327817562362449,0.20361026178214303,46.40718562874252,538,False
E02000508,Hillingdon 015,E09000017,Hillingdon,2.746655259125005,13045,41,48231,2,4,9,1.5255703941575098,4.881171828603776,9.931839354848284,-0.47442960584249017,-0.23603140593325855,30.13972055888224,701,False,0.881171828603776,0.15879075196042422,42.315369261477045,579,False,0.9318393548482842,0.10745578602388887,42.91417165668663,573,False
E02000509,Hillingdon 016,E09000017,Hillingdon,2.0139973204112294,11478,27,44320,2,4,8,0.9983987788625448,2.812802803268778,5.997813573436038,-1.0016012211374552,-0.6952533812351767,18.263473053892216,820,False,-1.1871971967312218,-0.35134326457856757,21.25748502994012,790,False,-2.002186426563962,-0.3667666349175562,25.449101796407188,748,False
E02000510,Hillingdon 017,E09000017,Hillingdon,2.130653272117396,9540,28,44700,3,3,5,1.0109990591427775,2.752879223441468,5.389429568000669,-1.9890009408572225,-1.3675473782160144,8.383233532934131,919,False,-0.24712077655853193,-0.07452617238186474,31.936127744510976,683,False,0.3894295680006694,0.07850297703758023,41.417165668662676,588,False
E02000511,Hillingdon 018,E09000017,Hillingdon,2.3884031953786944,10943,22,42058,1,1,3,0.8092149630060137,2.136181721542614,4.724189612445583,-0.1907850369939863,-0.15491353653410656,33.13373253493014,671,False,1.1361817215426142,0.42642449516636777,55.489021956087825,447,False,1.724189612445583,0.39053698522491037,55.18962075848304,450,False
E02000512,Hillingdon 019,E09000017,Hillingdon,1.407368776517525,9468,20,40664,0,0,0,0.7186276974229348,1.7771048656740418,3.8282894162708647,0.7186276974229348,0.63602633087655,68.16367265469061,320,False,1.7771048656740418,0.778423344651183,83.03393213572853,171,False,3.8282894162708647,1.0409371178285496,95.30938123752495,48,True
E02000513,Hillingdon 020,E09000017,Hillingdon,1.4715956809496145,10604,18,37768,0,0,3,0.6348364504378986,1.505631948286195,3.574371506251601,0.6348364504378986,0.613638369443084,62.17564870259481,380,False,1.505631948286195,0.7555446971005414,78.3433133732535,218,False,0.5743715062516008,0.16561318957496135,44.71057884231537,555,False
E02000514,Hillingdon 021,E09000017,Hillingdon,1.199301003511292,11481,11,36833,2,2,5,0.4339862818591101,1.0239122588395304,2.710538908994773,-1.56601371814089,-1.9613735567013313,5.289421157684631,950,False,-0.9760877411604696,-0.6635055810480555,15.768463073852296,845,False,-2.289461091005227,-0.8320139097242959,15.369261477045908,849,False
E02000515,Hillingdon 022,E09000017,Hillingdon,3.1523601736629265,15051,28,42159,2,3,7,1.0281052611851558,2.985016984900984,7.498329881969715,-0.9718947388148442,-0.6597409955706978,19.36127744510978,809,False,-0.014983015099015784,-0.004208321143635201,34.4311377245509,658,False,0.49832988196971506,0.0745344999283416,41.11776447105788,591,False
E02000516,Hillingdon 023,E09000017,Hillingdon,1.6549523992349713,9182,9,38107,0,0,0,0.3732791574323844,0.8605045199165604,2.098035273676326,0.3732791574323844,0.515749944125788,47.70459081836327,525,False,0.8605045199165604,0.666708676788486,69.66067864271457,305,False,2.098035273676326,0.9372785798075501,87.72455089820359,124,False
E02000517,Hillingdon 024,E09000017,Hillingdon,1.5472413509984146,11061,23,38560,0,0,0,0.7835027705681935,1.9147207192295688,4.435510999731846,0.7835027705681935,0.6513882318792167,72.75449101796407,274,False,1.9147207192295688,0.7881405393031751,84.4311377245509,157,False,4.435510999731846,1.0617098242151837,96.9061876247505,32,True
E02000518,Hillingdon 025,E09000017,Hillingdon,2.52325680158098,10305,26,39034,0,0,0,0.8621590742884222,2.0962460562324705,4.6108477692791086,0.8621590742884222,0.6681016162788032,78.44311377245509,217,False,2.0962460562324705,0.7994499762060655,87.02594810379242,131,False,4.6108477692791086,1.0668775312872203,97.50499001996008,26,True
E02000519,Hillingdon 026,E09000017,Hillingdon,1.816530865701648,9972,22,36124,0,0,2,0.7123990136528144,1.6067014577114829,3.708683223285253,0.7123990136528144,0.6344669047677151,67.66467065868264,325,False,1.6067014577114829,0.7647189620044421,80.23952095808383,199,False,1.7086832232852531,0.4774118239122328,60.578842315369265,396,False
E02000520,Hillingdon 027,E09000017,Hillingdon,4.360590411556124,16445,39,36189,3,4,8,1.2078693977058406,3.1623714406637653,8.709652343577883,-1.7921306022941594,-1.0740347185653067,12.17564870259481,881,False,-0.8376285593362347,-0.22355375629803495,25.948103792415168,743,False,0.7096523435778828,0.09246464950684345,42.115768463073856,581,False
E02000521,Hillingdon 028,E09000017,Hillingdon,2.45399999256816,13930,26,40713,0,1,3,0.9305942541468848,2.5483635172031764,6.31008174926654,0.9305942541468848,0.6811950081858372,82.93413173652695,172,False,1.5483635172031764,0.4994342422562041,59.3812375249501,408,False,3.3100817492665398,0.5792360970723984,66.36726546906188,338,False
E02000522,Hillingdon 029,E09000017,Hillingdon,1.569637256810467,10337,21,40716,0,0,0,0.7548698772541731,1.90599559947195,4.217784602596745,0.7548698772541731,0.6447993197664835,70.95808383233533,292,False,1.90599559947195,0.7875559623674797,84.13173652694611,160,False,4.217784602596745,1.0548134161874902,96.20758483033931,39,True
E02000523,Hillingdon 030,E09000017,Hillingdon,1.6459989387391352,13933,43,38991,0,0,1,1.3371839888127692,3.532802072312115,8.384299905761383,1.3371839888127692,0.7395634984317011,95.10978043912176,50,True,3.532802072312115,0.854149151872361,97.2055888223553,29,True,7.384299905761383,0.9966232945675567,91.21756487025948,89,True
E02000524,Hillingdon 031,E09000017,Hillingdon,20.508731405719004,10118,192,42611,1,7,15,4.546207644871991,12.11674810838163,19.323707334331846,3.5462076448719912,0.6840240833107695,83.53293413173652,166,False,5.11674810838163,0.39038168444625615,53.69261477045908,465,False,4.323707334331846,0.26490520222975655,49.600798403193615,506,False
E02000525,Hillingdon 032,E09000017,Hillingdon,4.067573329124642,11443,32,36692,0,0,1,0.9825989324619636,2.3256393095609385,5.372725085253868,0.9825989324619636,0.6903654834945644,85.82834331337325,143,False,2.3256393095609385,0.8117490671122598,89.42115768463074,107,False,4.372725085253868,0.8839134657601776,85.22954091816366,149,False
E02000526,Hounslow 001,E09000018,Hounslow,0.9242674446169872,8453,30,62306,2,5,8,1.48487600920384,5.90887029130056,8.650221158643292,-0.51512399079616,-0.2619487155368015,28.842315369261478,714,False,0.90887029130056,0.1372008048507967,41.61676646706587,586,False,0.6502211586432924,0.08525979938292129,41.71656686626746,585,False
E02000529,Hounslow 004,E09000018,Hounslow,1.1816969563272284,10328,9,39459,0,0,1,0.3885769582632284,0.9477390166927084,2.3722556945553888,0.3885769582632284,0.5231402640211876,48.60279441117765,516,False,0.9477390166927084,0.6831470799765766,71.05788423153693,291,False,1.3722556945553888,0.5557960615533877,64.87025948103793,353,False
E02000530,Hounslow 005,E09000018,Hounslow,2.7226671517043424,8230,30,37149,1,2,7,0.9066302415001066,2.0182070112017403,4.123000744614856,-0.09336975849989337,-0.06969541521945005,36.327345309381236,639,False,0.018207011201740286,0.007170000898509408,35.42914171656687,648,False,-2.876999255385144,-0.7338192332674697,17.56487025948104,827,False
E02000531,Hounslow 006,E09000018,Hounslow,2.6372351812763712,12289,42,50330,0,2,3,1.6052673051471698,5.3002063758544296,10.144586574891276,1.6052673051471698,0.7661956367527978,97.70459081836327,24,True,3.3002063758544296,0.5511571389268831,61.77644710578842,384,False,7.144586574891276,0.8077248911304856,79.04191616766467,211,False
E02000532,Hounslow 007,E09000018,Hounslow,2.5112433917673207,8952,22,57639,0,0,0,1.070619837348673,3.863043093608348,6.396642984334444,1.070619837348673,0.7045565209608606,88.82235528942117,113,False,3.863043093608348,0.8617901611352456,98.10379241516966,20,True,6.396642984334444,1.1056570182235657,99.10179640718563,10,True
E02000533,Hounslow 008,E09000018,Hounslow,1.2199963355770254,8327,6,57349,0,1,1,0.4026532006166393,1.411283671221789,2.6886873698043856,0.4026532006166393,0.5297019383178451,49.20159680638723,510,False,0.4112836712217891,0.21744626224448285,44.91017964071856,553,False,1.6886873698043856,0.6177760668304363,68.46307385229541,317,False
E02000534,Hounslow 009,E09000018,Hounslow,4.8665213841394,8659,39,46651,0,0,2,1.348761758700463,3.774642803465439,6.658019592829,1.348761758700463,0.74086528687033,95.30938123752495,48,True,3.774642803465439,0.8598565936082656,97.80439121756487,23,True,4.658019592829,0.7764472836239715,76.84630738522954,233,False
E02000535,Hounslow 010,E09000018,Hounslow,1.550014356571068,10400,24,37231,0,1,3,0.78289831757668,1.8294057740452143,4.182277834814059,0.78289831757668,0.6512520967521205,72.65469061876247,275,False,0.8294057740452143,0.35465003581286736,51.59680638722555,486,False,1.1822778348140588,0.29784926930355804,50.59880239520959,496,False
E02000536,Hounslow 011,E09000018,Hounslow,1.6064106682265742,11508,29,40020,0,0,2,0.9712638243489192,2.482691575159502,5.56698602962639,0.9712638243489192,0.6884197635237913,84.53093812375249,156,False,2.482691575159502,0.8191230316386636,91.41716566866268,87,True,3.56698602962639,0.6985594983687957,72.55489021956087,276,False
E02000537,Hounslow 012,E09000018,Hounslow,1.888268234314812,9904,22,42083,1,1,1,0.799546923928927,2.063710364218371,4.38134306756822,-0.200453076071073,-0.16420309718811213,32.93413173652694,673,False,1.063710364218371,0.4110784092740435,54.59081836327345,456,False,3.3813430675682197,0.8181004083071272,80.03992015968065,201,False
E02000538,Hounslow 013,E09000018,Hounslow,2.3556059672992347,10414,23,37152,0,1,5,0.7563652487170509,1.764244400587143,4.062178672964749,0.7563652487170509,0.6451506730385389,71.05788423153693,291,False,0.7642444005871429,0.3367831201703789,50.998003992015974,492,False,-0.9378213270352509,-0.24230003627256455,29.740518962075846,705,False
E02000539,Hounslow 014,E09000018,Hounslow,1.646158216162674,12165,39,49855,0,1,2,1.497627196911946,4.875349031879383,9.43831063543221,1.497627196911946,0.756320296674368,97.0059880239521,31,True,3.8753490318793826,0.6991215720373734,72.0558882235529,281,False,7.4383106354322095,0.8995059232586411,86.02794411177645,141,False
E02000540,Hounslow 015,E09000018,Hounslow,1.253868176362117,12897,33,43005,0,3,10,1.1586885194295802,3.2735084127320824,7.315703063174781,1.1586885194295802,0.7173093198628053,91.81636726546905,83,True,0.2735084127320824,0.07078929972543621,38.12375249500998,621,False,-2.684296936825219,-0.4106501988953087,24.05189620758483,762,False
E02000541,Hounslow 016,E09000018,Hounslow,1.054487551403107,11030,20,38143,2,3,6,0.6971327812165126,1.684689640222317,3.9914120488645937,-1.3028672187834873,-1.1784824742041262,10.778443113772456,895,False,-1.315310359777683,-0.6021436492029201,16.966067864271455,833,False,-2.0085879511354063,-0.5268842677278914,21.157684630738522,791,False
E02000542,Hounslow 017,E09000018,Hounslow,1.045831686516682,12729,26,38643,1,2,9,0.8809427022851299,2.240202104820487,5.444464887180056,-0.11905729771487006,-0.0907948670299576,35.62874251497006,646,False,0.24020210482048698,0.08657201403299772,39.12175648702595,611,False,-3.5555351128199444,-0.7102823685029505,18.063872255489024,822,False
E02000543,Hounslow 018,E09000018,Hounslow,1.1443257664427646,15103,37,41478,1,4,13,1.2639771255207504,3.62426434631651,8.877385387664836,0.26397712552075037,0.15265753109592523,41.21756487025948,590,False,-0.37573565368349016,-0.08878322087341528,31.137724550898206,691,False,-4.122614612335164,-0.5277473783525339,21.057884231536928,792,False
E02000544,Hounslow 019,E09000018,Hounslow,1.3857792481348414,8528,17,42626,0,0,1,0.6515024480713042,1.6485023997459762,3.403557078152041,0.6515024480713042,0.6183474691189284,63.27345309381237,369,False,1.6485023997459762,0.7682724579191238,80.73852295409182,194,False,2.403557078152041,0.7224511646560118,74.35129740518963,258,False
E02000545,Hounslow 020,E09000018,Hounslow,1.3792724548151574,9286,22,46445,0,3,5,0.8640956036047787,2.430960380343071,4.748206400723034,0.8640956036047787,0.6684895437849431,78.54291417165669,216,False,-0.569039619656929,-0.1911914672516636,26.746506986027946,735,False,-0.251793599276966,-0.056778763915738405,35.528942115768466,647,False
E02000546,Hounslow 021,E09000018,Hounslow,2.460037330335441,10570,18,39310,0,0,0,0.6539517869851189,1.605485978512395,3.72743225019384,0.6539517869851189,0.6190281939047456,63.57285429141717,366,False,1.605485978512395,0.7646136224044157,80.13972055888223,200,False,3.72743225019384,1.0369738819246195,94.71057884231537,54,True
E02000547,Hounslow 022,E09000018,Hounslow,3.264613980787496,11953,31,37832,0,0,3,0.9859637025685978,2.422051470206668,5.643413007356064,0.9859637025685978,0.6909375743027266,86.02794411177645,141,False,2.422051470206668,0.816365794633689,90.51896207584831,96,True,2.643413007356064,0.5114157657835903,62.974051896207584,372,False
E02000548,Hounslow 023,E09000018,Hounslow,3.5283563413737813,10987,32,39972,0,2,2,1.0417796640627208,2.631220523544472,5.711249727864025,1.0417796640627208,0.7000778642231722,88.02395209580838,121,False,0.6312205235444721,0.19802099624887562,44.01197604790419,562,False,3.7112497278640246,0.7103713720129557,73.95209580838323,262,False
E02000549,Hounslow 024,E09000018,Hounslow,2.454674322814326,14486,40,42165,0,0,2,1.3523706119562762,3.887714063119441,9.116039396555545,1.3523706119562762,0.7412678925492641,95.50898203592814,46,True,3.887714063119441,0.8623163413986407,98.20359281437125,19,True,7.116039396555545,0.888789991619043,85.52894211576846,146,False
E02000550,Hounslow 025,E09000018,Hounslow,0.9451662621155584,11092,9,39886,2,4,10,0.3954467753013354,0.9906307377143412,2.539763100091003,-1.6045532246986647,-2.1357848255679164,4.39121756487026,959,False,-3.009369262285659,-2.0977691541693413,4.990019960079841,953,False,-7.460236899908997,-2.85921930294937,2.2954091816367264,980,False
E02000551,Hounslow 026,E09000018,Hounslow,2.130072822470136,10099,31,38815,1,1,2,0.9828678026080104,2.369817504209337,5.068687561868782,-0.017132197391989568,-0.0120344388742239,37.4251497005988,628,False,1.3698175042093368,0.47045664534310394,57.58483033932136,426,False,3.0686875618687823,0.6532335373629504,70.35928143712576,298,False
E02000552,Hounslow 027,E09000018,Hounslow,3.060073532425657,9928,19,44663,0,0,1,0.7509280289013475,2.0551892036371866,4.29718459815654,0.7509280289013475,0.6438692131394632,70.75848303393214,294,False,2.0551892036371866,0.7970263977222855,86.52694610778443,136,False,3.29718459815654,0.811326953211394,79.34131736526946,208,False
E02000553,Hounslow 028,E09000018,Hounslow,2.522072240853732,7293,27,41483,0,0,1,0.8982445117776274,2.1610781534972068,4.068625367090386,0.8982445117776274,0.6751597124386192,80.73852295409182,194,False,2.1610781534972068,0.8031313763776851,87.72455089820359,124,False,3.0686253670903856,0.7917387148643716,77.9441117764471,222,False
E02000554,Islington 001,E09000019,Islington,0.6371621061030985,9194,17,39965,0,2,3,0.6235303424829833,1.5065903544655594,3.3099158219076195,0.6235303424829833,0.610364848195467,61.377245508982035,388,False,-0.49340964553444056,-0.24747138785153663,24.451097804391217,758,False,0.30991582190761946,0.09537466004580855,42.315369261477045,579,False
E02000555,Islington 002,E09000019,Islington,0.5959101398626397,9696,10,50869,2,2,4,0.5204646453340154,1.6264922282555123,3.358053412989032,-1.4795353546659846,-1.640745843000761,6.287425149700598,940,False,-0.3735077717444877,-0.17600026910984434,27.445109780439118,728,False,-0.6419465870109682,-0.19516209194348713,31.3373253493014,689,False
E02000556,Islington 003,E09000019,Islington,0.6510133533233052,11634,16,53171,2,10,15,0.7931297697982725,2.736112069376096,5.567326937202056,-1.2068702302017273,-0.9944623050645484,13.572854291417165,867,False,-7.263887930623904,-2.202363765913324,4.590818363273453,957,False,-9.432673062797944,-1.8471961748981711,6.686626746506986,936,False
E02000557,Islington 004,E09000019,Islington,0.7087243859951545,9105,37,47997,4,8,12,1.335372316544412,3.891048169440624,6.904727420542062,-2.664627683455588,-1.4753299784368994,7.48502994011976,928,False,-4.108951830559376,-0.9106817852903929,13.073852295409182,872,False,-5.095272579457938,-0.8217065124810411,15.568862275449103,847,False
E02000558,Islington 005,E09000019,Islington,0.4803721470379409,9798,21,38947,1,5,6,0.7245524920887068,1.7359369871923884,3.853160848054436,-0.27544750791129324,-0.2423516298334983,30.039920159680637,702,False,-3.2640630128076116,-1.4577786981175542,8.08383233532934,922,False,-2.146839151945564,-0.5805022991718766,19.960079840319363,803,False
E02000559,Islington 006,E09000019,Islington,0.5770230823694259,9476,10,62206,0,5,7,0.6475480327219291,2.6105494645378444,4.580611923940244,0.6475480327219291,0.6172423818830752,63.17365269461078,370,False,-2.3894505354621556,-0.7547596998779655,14.770459081836327,855,False,-2.4193880760597564,-0.5630449376301188,20.25948103792415,800,False
E02000560,Islington 007,E09000019,Islington,0.5035027403815906,7638,9,53422,3,3,7,0.4939565959528598,1.5624042400046725,2.9128709031177777,-2.50604340404714,-2.879210923245848,2.4950099800399204,978,False,-1.4375957599953275,-0.7000287906831523,15.369261477045908,849,False,-4.087129096882222,-1.3996446137828404,8.982035928143713,913,False
E02000561,Islington 008,E09000019,Islington,0.6134812387091926,7500,10,56034,0,0,2,0.5606107624688994,1.8780292583074727,3.318077944363397,0.5606107624688994,0.5908750485769855,57.28542914171657,429,False,1.8780292583074727,0.7856546618589494,84.03193612774452,161,False,1.318077944363397,0.4047885504554263,56.187624750499,440,False
E02000562,Islington 009,E09000019,Islington,0.6478479071902732,7699,15,54251,0,1,3,0.7354760447899531,2.3821343811239597,4.13111638839486,0.7354760447899531,0.640167332955424,69.76047904191617,304,False,1.3821343811239597,0.4725740669431743,58.08383233532935,421,False,1.1311163883948598,0.28801630438123205,50.29940119760479,499,False
E02000563,Islington 010,E09000019,Islington,0.5798683416937417,8831,17,43091,1,1,2,0.6598403954598319,1.698858953373583,3.5268226322595253,-0.34015960454016814,-0.3199578645119969,27.14570858283433,731,False,0.698858953373583,0.3177345064079236,49.800399201596804,504,False,1.5268226322595253,0.4452853847786563,57.98403193612774,422,False
E02000564,Islington 011,E09000019,Islington,0.808023496167963,13290,23,51588,0,5,7,1.037643038588162,3.5903641520783154,7.599682352972856,1.037643038588162,0.6994222912669892,87.82435129740519,123,False,-1.4096358479216846,-0.33590950751988075,21.756487025948104,785,False,0.5996823529728559,0.08859661036673938,41.91616766467065,583,False
E02000565,Islington 012,E09000019,Islington,0.5128186644930068,8614,15,47596,0,2,3,0.6531009804850569,1.8536674712428396,3.646710261498326,0.6531009804850569,0.6187920604763882,63.37325349301397,368,False,-0.1463325287571604,-0.061887762670609234,32.43512974051897,678,False,0.6467102614983258,0.18331333440403505,45.60878243512974,546,False
E02000566,Islington 013,E09000019,Islington,0.7003713722270755,8620,16,66969,1,13,15,1.00107020513484,4.42978355475911,6.6441794204342255,0.0010702051348399078,0.0007413678374878347,37.72455089820359,625,False,-8.57021644524089,-1.6881797428140395,6.58682634730539,937,False,-8.355820579565775,-1.3954678118376636,9.081836327345309,912,False
E02000567,Islington 014,E09000019,Islington,0.664221627221508,10319,25,51379,0,2,4,1.0639896046932729,3.4320410062479345,6.419043173885498,1.0639896046932729,0.7035408950616486,88.52295409181636,116,False,1.4320410062479345,0.35532364515805437,51.69660678642715,485,False,2.4190431738854983,0.41681046721058695,56.886227544910184,433,False
E02000568,Islington 015,E09000019,Islington,0.9030076936558512,11784,25,43195,1,7,10,0.9231515191561006,2.5506012196728998,5.644972437593965,-0.07684848084389939,-0.05659297707579313,36.52694610778443,637,False,-4.4493987803271,-1.434088818507235,8.183632734530939,921,False,-4.355027562406035,-0.8423501899317991,15.269461077844312,850,False
E02000569,Islington 016,E09000019,Islington,0.7001946313341701,10008,20,50638,3,6,11,0.8786430235467719,2.763101171755427,5.308252790270116,-2.121356976453228,-1.6209261958197625,6.58682634730539,937,False,-3.236898828244573,-0.9730166607031842,12.574850299401197,877,False,-5.691747209729884,-1.162968529908398,10.67864271457086,896,False
E02000570,Islington 017,E09000019,Islington,0.6010673805962442,8274,9,65068,0,3,7,0.6246862839320345,2.6163247077184373,4.268129305704974,0.6246862839320345,0.6107025357988808,61.67664670658682,385,False,-0.3836752922815627,-0.12095941018925431,30.439121756487026,698,False,-2.7318706942950257,-0.6761996534442624,18.46307385229541,818,False
E02000571,Islington 018,E09000019,Islington,0.4993533759954854,8916,15,46020,3,6,7,0.635637510061059,1.7518753573084016,3.56275807384968,-2.364362489938941,-2.283386511458977,3.8922155688622757,964,False,-4.248124642691598,-1.8829821819632009,5.788423153692615,945,False,-3.43724192615032,-0.9938371986645494,12.77445109780439,875,False
E02000572,Islington 019,E09000019,Islington,0.4585338676298203,9036,16,41264,0,1,1,0.6094011286803008,1.5109675036632015,3.266536526354967,0.6094011286803008,0.6061806527380931,60.47904191616767,397,False,0.5109675036632015,0.25567557245375566,46.30738522954092,539,False,2.266536526354967,0.7053088486126515,73.25349301397206,269,False
E02000573,Islington 020,E09000019,Islington,0.7237437190026134,10678,25,58851,5,21,30,1.2362499581744155,4.769520724545228,8.172625729841167,-3.7637500418255847,-2.2149127226073104,4.091816367265469,962,False,-16.230479275454773,-2.987727956914659,2.19560878243513,981,False,-21.827374270158835,-3.0162763925291487,1.6966067864271457,986,False
E02000574,Islington 021,E09000019,Islington,0.6083489980803637,8625,31,50155,1,6,8,1.2046075473449338,3.64420900074684,6.3081303675897,0.2046075473449338,0.1228824251885131,40.7185628742515,595,False,-2.35579099925316,-0.5539141494755763,17.664670658682635,826,False,-1.6918696324102998,-0.2961455017707955,27.644710578842314,726,False
E02000575,Islington 022,E09000019,Islington,0.929601987744362,12123,54,52977,3,20,25,2.0596386178086057,7.211407881870468,12.796520685026383,-0.9403613821913943,-0.3648458951771515,25.64870259481038,746,False,-12.788592118129532,-1.6014317672789686,7.0858283433133735,932,False,-12.203479314973617,-1.1087335595043977,11.27744510978044,890,False
E02000576,Islington 023,E09000019,Islington,0.755678786703388,12166,38,44731,3,14,20,1.3276653341979698,3.8430414047871913,8.004086642070124,-1.6723346658020302,-0.9301953829470366,14.67065868263473,856,False,-10.156958595212808,-2.2765279086639887,3.992015968063872,963,False,-11.995913357929876,-1.6898197326146993,6.88622754491018,934,False
E02000577,Kensington and Chelsea 001,E09000020,Kensington and Chelsea,0.8714157593432055,7865,22,33264,3,6,9,0.6568745590546493,1.324165997773158,2.9271998865530704,-2.3431254409453506,-2.2110085918275497,4.191616766467066,961,False,-4.675834002226842,-2.6012229087265557,2.9940119760479043,973,False,-6.072800113446929,-2.071193521763864,5.788423153692615,945,False
E02000578,Kensington and Chelsea 002,E09000020,Kensington and Chelsea,0.5134832169057966,5972,11,32466,0,2,2,0.3729794591401994,0.7045858671493924,1.596892523844969,0.3729794591401994,0.5156023507964057,47.604790419161674,526,False,-1.2954141328506075,-1.1612021967277986,11.377245508982035,889,False,-0.40310747615503106,-0.22243590898006407,30.538922155688624,697,False
E02000579,Kensington and Chelsea 003,E09000020,Kensington and Chelsea,0.610621189234863,8824,15,41705,1,1,1,0.5836843363365486,1.4543933954615411,3.1252087841425347,-0.4163156636634514,-0.42672999532599526,23.55289421157685,767,False,0.4543933954615411,0.23449251943541513,45.40918163672655,548,False,2.1252087841425347,0.6863451101002843,71.6566866267465,285,False
E02000580,Kensington and Chelsea 004,E09000020,Kensington and Chelsea,0.3962690956707648,7450,10,40771,2,15,16,0.4160195086646382,0.9815604237626632,2.12985871464826,-1.5839804913353617,-2.0397859555932616,4.69061876247505,956,False,-14.018439576237338,-9.8404029414251,0.19960079840319359,1001,False,-13.870141285351739,-6.12296247849955,0.39920159680638717,999,False
E02000581,Kensington and Chelsea 005,E09000020,Kensington and Chelsea,0.4314432517581185,7190,9,34513,0,1,1,0.3397634623212931,0.6901684294457993,1.6350046021994042,0.3397634623212931,0.4985258835678323,46.8063872255489,534,False,-0.30983157055420074,-0.28187116251660743,22.954091816367264,773,False,0.6350046021994042,0.3441857232458465,52.69461077844312,475,False
E02000582,Kensington and Chelsea 006,E09000020,Kensington and Chelsea,0.4879835946371834,6406,21,60247,4,11,17,1.053804994871977,3.813275359519918,5.551968912390202,-2.946195005128023,-1.962530790394145,5.189620758483033,951,False,-7.186724640480082,-1.6221469759423588,6.986027944111776,933,False,-11.448031087609799,-2.2474007938652383,4.990019960079841,953,False
E02000583,Kensington and Chelsea 007,E09000020,Kensington and Chelsea,0.5757174297148645,6148,18,68266,7,12,19,1.090692100777335,4.710064029016427,6.209727439470544,-5.909307899222665,-3.8336380789014775,0.998003992015968,993,False,-7.289935970983573,-1.35749669760543,9.181636726546905,911,False,-12.790272560529456,-2.270816877352319,4.69061876247505,956,False
E02000584,Kensington and Chelsea 008,E09000020,Kensington and Chelsea,0.911781389321308,7312,19,63585,3,15,18,1.0524524567566955,4.191488321463739,6.119775184301646,-1.9475475432433045,-1.298584982239524,8.982035928143713,913,False,-10.808511678536261,-2.2392128352905796,4.291417165668663,960,False,-11.880224815698355,-2.1371755034114615,5.389221556886228,949,False
E02000585,Kensington and Chelsea 009,E09000020,Kensington and Chelsea,0.907881153432617,7929,17,58165,0,1,2,0.8758077913586337,3.121090955153518,5.096688668815538,0.8758077913586337,0.6708132496409557,79.14171656686626,210,False,2.121090955153518,0.5727304312186018,62.874251497005986,373,False,3.0966886688155384,0.6559865668933318,70.65868263473054,295,False
E02000586,Kensington and Chelsea 010,E09000020,Kensington and Chelsea,0.5251703680027879,6597,18,64845,5,12,16,1.025821116423462,4.137248067397692,5.814996946609132,-3.974178883576538,-2.702331712037683,2.8942115768463075,974,False,-7.862751932602308,-1.6483491591448818,6.786427145708583,935,False,-10.185003053390869,-1.9183165784885656,6.487025948103792,938,False
E02000587,Kensington and Chelsea 011,E09000020,Kensington and Chelsea,0.5222978051860213,6688,12,69133,0,9,12,0.8207485793860133,3.649059971390395,5.110980726969653,0.8207485793860133,0.6595430239886242,75.0499001996008,251,False,-5.350940028609605,-1.2566554724328172,10.479041916167663,898,False,-6.889019273030347,-1.4557191116442052,8.383233532934131,919,False
E02000588,Kensington and Chelsea 012,E09000020,Kensington and Chelsea,0.7670557322302831,5860,20,62568,3,11,15,1.0548273090628737,3.975456408118469,5.524890334013668,-1.9451726909371263,-1.2947635699518867,9.081836327345309,912,False,-7.024543591881531,-1.526920226501928,7.584830339321358,927,False,-9.47510966598633,-1.8682273995289194,6.58682634730539,937,False
E02000589,Kensington and Chelsea 013,E09000020,Kensington and Chelsea,0.3706138548117494,7676,9,43987,1,3,4,0.4111190471907385,1.0486467385843568,2.2258392684331048,-0.5888809528092616,-0.7642403850003204,17.16566866267465,831,False,-1.9513532614156432,-1.302452959394896,9.880239520958083,904,False,-1.7741607315668952,-0.7562272929290712,17.065868263473057,832,False
E02000590,Kensington and Chelsea 014,E09000020,Kensington and Chelsea,0.4604241389224184,6168,29,50323,7,16,21,1.113506925950512,3.200587544191207,5.066880395738324,-5.886493074049488,-3.758308156307241,1.2974051896207583,990,False,-12.799412455808794,-3.379780748362475,1.4970059880239521,988,False,-15.933119604261677,-3.3927643647182593,1.3972055888223553,989,False
E02000591,Kensington and Chelsea 015,E09000020,Kensington and Chelsea,0.3605273418182357,6430,11,46439,1,2,3,0.4925366638032308,1.2942942405381628,2.469702092696291,-0.5074633361967692,-0.5841602481004473,20.55888223552894,797,False,-0.7057057594618372,-0.39976741922972864,20.159680638722556,801,False,-0.5302979073037091,-0.20791095627983316,31.037924151696604,692,False
E02000592,Kensington and Chelsea 016,E09000020,Kensington and Chelsea,0.5674384104231249,5989,28,58839,4,18,21,1.276298203403951,4.439454369937654,6.244974733065753,-2.723701796596049,-1.5630990120296777,7.0858283433133735,932,False,-13.560545630062347,-2.665865842961123,2.4950099800399204,978,False,-14.755025266934247,-2.606298504585808,3.093812375249501,972,False
E02000593,Kensington and Chelsea 017,E09000020,Kensington and Chelsea,0.4981520618623763,7512,18,47774,0,0,2,0.7434537544405884,2.070067262997067,3.802551068824542,0.7434537544405884,0.6420898011885012,70.25948103792416,299,False,2.070067262997067,0.7979131911851541,86.72654690618764,134,False,1.8025510688245419,0.4929710375714365,61.477045908183634,387,False
E02000594,Kensington and Chelsea 018,E09000020,Kensington and Chelsea,0.9032552388952784,6797,30,54506,2,6,7,1.2501509242986015,4.0110347628649965,6.12064373323696,-0.7498490757013985,-0.43741106531442125,23.45309381237525,768,False,-1.9889652371350035,-0.42886252588138046,19.560878243512974,807,False,-0.8793562667630397,-0.15817027194456984,32.53493013972056,677,False
E02000595,Kensington and Chelsea 019,E09000020,Kensington and Chelsea,0.6649965411324585,6416,22,58920,1,6,12,1.0647026132626536,3.739443722294914,5.512532221383756,0.06470261326265359,0.04276126143998288,38.622754491017965,616,False,-2.260556277705086,-0.5193191679569168,18.263473053892216,820,False,-6.487467778616244,-1.2817068071005937,9.68063872255489,906,False
E02000596,Kensington and Chelsea 020,E09000020,Kensington and Chelsea,0.5474642889389314,6895,10,59842,1,5,7,0.5994521670047728,2.1618414678358584,3.542349938296945,-0.4005478329952272,-0.4030320940414938,24.251497005988025,760,False,-2.8381585321641416,-1.0544410035244798,12.075848303393213,882,False,-3.457650061703055,-1.004636050986059,12.574850299401197,877,False
E02000597,Kensington and Chelsea 021,E09000020,Kensington and Chelsea,0.4976663715206924,6394,12,42094,1,1,2,0.4826556094261379,1.1479757413937326,2.295559680813752,-0.5173443905738622,-0.6037067817474808,20.159680638722556,801,False,0.1479757413937326,0.09210287358387563,39.62075848303393,606,False,0.29555968081375195,0.12291174758007123,43.41317365269461,568,False
E02000598,Kingston upon Thames 001,E09000021,Kingston upon Thames,1.3304518931610996,8261,26,57270,0,0,1,1.2005246432830388,4.234798595961837,6.713293710239478,1.2005246432830388,0.7229247065961542,92.51497005988024,76,True,4.234798595961837,0.8691557912190074,98.70259481037924,14,True,5.713293710239478,0.945230317957243,88.22355289421158,119,False
E02000599,Kingston upon Thames 002,E09000021,Kingston upon Thames,4.155587593307844,7074,33,56488,1,2,3,1.4051859291005504,4.749987605405068,7.043745806856389,0.4051859291005504,0.21539592920268802,42.315369261477045,579,False,2.7499876054050683,0.5081342095814804,59.88023952095808,403,False,4.043745806856389,0.6403936109771332,69.76047904191617,304,False
E02000600,Kingston upon Thames 003,E09000021,Kingston upon Thames,1.1053630314548382,8780,23,55025,0,1,2,1.0509543061770945,3.5592776864557893,6.03125513785516,1.0509543061770945,0.7015199089042043,88.12375249500998,120,False,2.5592776864557893,0.6146431960154773,65.6686626746507,345,False,4.03125513785516,0.7347732124040418,74.750499001996,254,False
E02000601,Kingston upon Thames 004,E09000021,Kingston upon Thames,1.0709967854580835,12002,10,59539,0,0,3,0.6337040213856865,2.542055216396171,5.103488439838146,0.6337040213856865,0.6133134130176324,62.07584830339321,381,False,2.542055216396171,0.8217201506633717,92.11576846307385,80,True,2.103488439838146,0.44506626957901596,57.884231536926144,423,False
E02000602,Kingston upon Thames 005,E09000021,Kingston upon Thames,1.0774035774178752,10624,22,46436,0,0,3,0.8779714481099753,2.5439468285257663,5.235472602827321,0.8779714481099753,0.6712383453633733,79.44111776447106,207,False,2.5439468285257663,0.8218013112607482,92.21556886227546,79,True,2.235472602827321,0.4624017542272667,59.78043912175649,404,False
E02000603,Kingston upon Thames 006,E09000021,Kingston upon Thames,1.323558337297853,9291,16,44678,0,0,1,0.6533635216775021,1.7616103758879649,3.6720213074636874,0.6533635216775021,0.6188649631038411,63.47305389221557,367,False,1.7616103758879649,0.7772586920367749,82.63473053892216,175,False,2.6720213074636874,0.7529381318687445,75.84830339321357,243,False
E02000604,Kingston upon Thames 007,E09000021,Kingston upon Thames,1.5332137965715764,9157,17,52560,1,3,9,0.7968031070613106,2.566611885058749,4.744702909699255,-0.20319689293868937,-0.1668698247901163,32.734530938123754,675,False,-0.43338811494125107,-0.1389291225031392,29.241516966067866,710,False,-4.255297090300745,-0.9601807378879451,13.17365269461078,871,False
E02000605,Kingston upon Thames 008,E09000021,Kingston upon Thames,1.438040520547756,8330,13,50833,0,1,2,0.6221342840115873,1.8878449895460805,3.578932762324456,0.6221342840115873,0.6099560923347038,61.27744510978044,389,False,0.8878449895460805,0.36980596264013327,52.49500998003992,477,False,1.578932762324456,0.4547723767409233,58.78243512974052,414,False
E02000606,Kingston upon Thames 009,E09000021,Kingston upon Thames,1.498266548362181,11519,85,53181,5,16,28,2.9498713695323286,10.271350419794013,16.713081716627798,-2.0501286304676714,-0.5833319823634935,20.65868263473054,796,False,-5.728649580205987,-0.512355995538658,18.36327345309381,819,False,-11.286918283372202,-0.7950545964486788,16.16766467065868,841,False
E02000607,Kingston upon Thames 010,E09000021,Kingston upon Thames,1.4403833761863991,7220,17,59568,0,0,1,0.8924553306066186,3.232939086371583,5.038474032273791,0.8924553306066186,0.6740511631404011,80.53892215568862,196,False,3.232939086371583,0.8460843772254949,96.10778443113772,40,True,4.038474032273791,0.8642327514391355,83.03393213572853,171,False
E02000608,Kingston upon Thames 011,E09000021,Kingston upon Thames,0.8212026469731837,7288,26,55852,2,7,13,1.1541789049358129,3.857041975457296,6.001522257743663,-0.8458210950641871,-0.5252129408901798,21.856287425149702,784,False,-3.142958024542704,-0.7021352920846885,15.269461077844312,850,False,-6.998477742256337,-1.2812900211728644,9.780439121756487,905,False
E02000609,Kingston upon Thames 012,E09000021,Kingston upon Thames,1.474050963034377,7565,23,44079,0,0,1,0.8365909100391739,2.146561243634942,4.025692128939248,0.8365909100391739,0.6628778979172335,75.94810379241517,242,False,2.146561243634942,0.8023220320274144,87.5249500998004,126,False,3.025692128939248,0.7878500345939731,77.54491017964071,226,False
E02000610,Kingston upon Thames 013,E09000021,Kingston upon Thames,1.1130393264548222,8349,16,53135,1,1,3,0.7618437328986645,2.441313339264997,4.372770515883779,-0.23815626710133553,-0.2020776413636628,31.2375249500998,690,False,1.441313339264997,0.4824936723279036,58.68263473053892,415,False,1.3727705158837793,0.3327030150283697,52.09580838323353,481,False
E02000611,Kingston upon Thames 014,E09000021,Kingston upon Thames,1.7991254733833943,7563,17,49693,0,1,2,0.739150257357752,2.152121512556921,3.8874413275577537,0.739150257357752,0.641055749989914,70.05988023952095,301,False,1.152121512556921,0.4296833485002825,55.688622754491014,445,False,1.8874413275577537,0.5064905247719033,62.4750499001996,377,False
E02000612,Kingston upon Thames 015,E09000021,Kingston upon Thames,1.887059275029448,8352,20,48403,1,1,2,0.8245622629894409,2.374754031580488,4.409017567845283,-0.1754377370105591,-0.14049977878846934,33.93213572854291,663,False,1.3747540315804878,0.4713075344418345,57.784431137724546,424,False,2.409017567845283,0.5796590537675315,66.46706586826348,337,False
E02000613,Kingston upon Thames 016,E09000021,Kingston upon Thames,1.2033624585551783,8440,15,54341,0,0,0,0.7433694397764699,2.452686360805682,4.372722353577909,0.7433694397764699,0.6420696090979497,70.15968063872255,300,False,2.452686360805682,0.8177722843919686,90.9181636726547,92,True,4.372722353577909,1.059777916254641,96.7065868263473,34,True
E02000614,Kingston upon Thames 017,E09000021,Kingston upon Thames,2.952781583258425,9799,26,42150,0,0,2,0.9106184095368662,2.3512233007854952,4.860444248111943,0.9106184095368662,0.6774997258388257,82.03592814371258,181,False,2.3512233007854952,0.813003285270058,89.92015968063872,102,False,2.8604442481119428,0.6318913744646047,69.36127744510978,308,False
E02000615,Kingston upon Thames 018,E09000021,Kingston upon Thames,1.6359680276792237,7981,16,46238,2,3,6,0.6630106778296846,1.7995132828327187,3.4895764123828914,-1.3369893221703153,-1.2533240678290873,9.68063872255489,906,False,-1.2004867171672813,-0.520405782167047,18.163672654690618,821,False,-2.5104235876171086,-0.7387774249181767,17.465069860279442,828,False
E02000616,Kingston upon Thames 019,E09000021,Kingston upon Thames,1.3116844172369144,6177,13,45646,0,0,0,0.5478879711155948,1.407478827470253,2.632764535548541,0.5478879711155948,0.586648298064038,56.68662674650699,435,False,1.407478827470253,0.7457501480112474,77.04590818363273,231,False,2.632764535548541,0.9798705828540104,90.11976047904191,100,True
E02000617,Kingston upon Thames 020,E09000021,Kingston upon Thames,7.075814304284736,8920,36,44713,0,1,2,1.222996202791983,3.2913248947684117,6.085118850385512,1.222996202791983,0.7258334217813693,93.01397205588823,71,True,2.2913248947684117,0.5901796341342856,64.07185628742515,361,False,4.085118850385512,0.7386553372495097,75.0499001996008,251,False
E02000619,Lambeth 002,E09000022,Lambeth,0.5693953096176475,8954,12,49506,0,2,3,0.5751809259834839,1.7158477173552185,3.427720832096856,0.5751809259834839,0.5955916751827556,58.48303393213573,417,False,-0.28415228264478154,-0.12813296953462291,29.840319361277444,704,False,0.4277208320968562,0.12779482714374038,43.712574850299404,565,False
E02000620,Lambeth 003,E09000022,Lambeth,0.8036902370088368,10207,23,52278,0,1,4,1.0133868892023878,3.326594692821199,6.186002793941115,1.0133868892023878,0.6955091067036063,86.72654690618764,134,False,2.326594692821199,0.5935980178511314,64.27145708582835,359,False,2.186002793941115,0.3894507116321927,55.08982035928144,451,False
E02000621,Lambeth 004,E09000022,Lambeth,0.764360176553166,14000,41,51420,0,3,8,1.6422432342635465,5.7735741058322665,11.675824248147183,1.6422432342635465,0.769369699143628,98.20359281437125,19,True,2.7735741058322665,0.4278289112801739,55.58882235528942,446,False,3.6758242481471832,0.36417667423898287,53.79241516966068,464,False
E02000622,Lambeth 005,E09000022,Lambeth,0.7789912193487031,8267,29,53221,0,5,6,1.2084087169923463,3.888689006143619,6.422869006040564,1.2084087169923463,0.7239535310512997,92.61477045908184,75,True,-1.1113109938563812,-0.2464389943153599,24.75049900199601,755,False,0.422869006040564,0.07282269300624364,40.91816367265469,593,False
E02000623,Lambeth 006,E09000022,Lambeth,0.4583026733312855,7610,7,43127,0,0,0,0.3370893772197538,0.840475885666103,1.85539618455562,0.3370893772197538,0.4970857539669517,46.706586826347305,535,False,0.840475885666103,0.6626427066045562,69.46107784431138,307,False,1.85539618455562,0.9126247629106093,86.82634730538922,133,False
E02000624,Lambeth 007,E09000022,Lambeth,0.5754567950541147,9316,7,48822,0,0,0,0.3845064663524449,1.1343754955345098,2.476977346352897,0.3845064663524449,0.5212008507903648,48.20359281437126,520,False,1.1343754955345098,0.7126242863438678,73.75249500998004,264,False,2.476977346352897,0.968822670227947,89.72055888223552,104,False
E02000625,Lambeth 008,E09000022,Lambeth,0.5543768950539701,9201,21,47617,0,2,7,0.851900165305592,2.456403736949265,4.734802797033908,0.851900165305592,0.6660286240411367,77.64471057884231,225,False,0.45640373694926506,0.15197475415215864,42.01596806387226,582,False,-2.2651972029660916,-0.5120667666924515,21.457085828343313,788,False
E02000626,Lambeth 009,E09000022,Lambeth,0.5559425132050091,8025,10,42801,0,0,0,0.4358278298173341,1.0910537745579274,2.3552000974230274,0.4358278298173341,0.5443350416226969,50.399201596806385,498,False,1.0910537745579274,0.7063738356349123,73.05389221556887,271,False,2.3552000974230274,0.9594687449798898,89.22155688622755,109,False
E02000627,Lambeth 010,E09000022,Lambeth,0.5261538604492746,9552,14,54569,1,3,3,0.7181553405094795,2.440303068458457,4.568896995085887,-0.2818446594905205,-0.2495664070141342,29.34131736526946,709,False,-0.5596969315415432,-0.1874309502758519,26.94610778443114,733,False,1.568896995085887,0.36593672893808726,53.89221556886228,463,False
E02000628,Lambeth 011,E09000022,Lambeth,0.6559777179343715,11169,32,42013,2,7,11,1.0864650940320175,2.886988520013531,6.138343273066759,-0.9135349059679825,-0.5944270442243808,20.459081836327346,798,False,-4.1130114799864685,-1.189712219018897,11.077844311377245,892,False,-4.861656726933241,-0.8721963054123097,14.97005988023952,853,False
E02000629,Lambeth 012,E09000022,Lambeth,0.6417941265064248,9262,17,59207,0,1,4,0.9082467110935608,3.414401411083517,5.790337356081011,0.9082467110935608,0.6770542869669861,81.63672654690619,185,False,2.414401411083517,0.601837317474579,64.67065868263472,355,False,1.790337356081011,0.33849240625372756,52.39520958083832,478,False
E02000630,Lambeth 013,E09000022,Lambeth,0.6786773817297932,7457,26,59633,0,5,9,1.245041616983329,4.553946929447758,6.77541997804214,1.245041616983329,0.7286175122602314,93.51297405189621,66,True,-0.4460530705522423,-0.0856698498377403,31.2375249500998,690,False,-2.22458002195786,-0.3649763594805572,25.748502994011975,745,False
E02000631,Lambeth 014,E09000022,Lambeth,1.0649442015442614,9403,22,56709,0,4,7,1.0570983718353304,3.7714774228815937,6.436592903492855,1.0570983718353304,0.702476517395086,88.42315369261478,117,False,-0.2285225771184063,-0.05209642616844916,32.734530938123754,675,False,-0.5634070965071452,-0.09683769092584409,34.4311377245509,658,False
E02000632,Lambeth 015,E09000022,Lambeth,0.5278936001470361,9380,6,67924,1,2,4,0.5012014951628098,2.2908289501124925,3.9383621033798426,-0.49879850483719024,-0.5674698236801187,20.85828343313373,794,False,0.29082895011249255,0.1028333216453428,40.31936127744511,599,False,-0.061637896620157395,-0.01635615627652987,36.92614770459082,633,False
E02000633,Lambeth 016,E09000022,Lambeth,0.6317263225976966,9100,24,48802,2,5,8,0.9658777800919764,2.857848752429576,5.306887530219613,-1.0341222199080236,-0.7360596053315611,17.465069860279442,828,False,-2.142151247570424,-0.6251781372755132,16.16766467065868,841,False,-2.693112469780387,-0.5503971590474538,20.758483033932134,795,False
E02000634,Lambeth 017,E09000022,Lambeth,0.5208551896155272,6839,15,54068,0,3,5,0.7253080306821299,2.2951366654030947,3.858656663931458,0.7253080306821299,0.6376815662755202,69.061876247505,311,False,-0.7048633345969053,-0.24882958824439785,24.35129740518962,759,False,-1.1413433360685419,-0.30823992839906234,27.345309381237527,729,False
E02000635,Lambeth 018,E09000022,Lambeth,1.2427056400233003,9789,29,57247,2,6,9,1.3312913968791624,4.8592246872134535,8.0627779536911,-0.6687086031208376,-0.37114743936371036,25.149700598802394,751,False,-1.1407753127865465,-0.20642696438798627,26.546906187624753,737,False,-0.9372220463089,-0.13113778226044345,33.03393213572854,672,False
E02000636,Lambeth 019,E09000022,Lambeth,0.9239656229460947,7817,12,71107,0,1,4,0.8646359041132862,4.1239830810888725,5.876164448755339,0.8646359041132862,0.6685975874862655,78.64271457085829,215,False,3.1239830810888725,0.6568270555422321,68.6626746506986,315,False,1.8761644487553388,0.3500679505974695,52.8942115768463,473,False
E02000637,Lambeth 020,E09000022,Lambeth,0.5838530564105378,8194,7,57628,0,1,3,0.4504326721170235,1.585696836500053,2.940471227973545,0.4504326721170235,0.5504356701926966,51.39720558882236,488,False,0.585696836500053,0.28177999921588615,48.10379241516966,521,False,-0.05952877202645501,-0.020226839462489467,36.72654690618762,635,False
E02000638,Lambeth 021,E09000022,Lambeth,0.6852748308377771,9861,10,49008,1,1,2,0.5029097903443212,1.5116053259226,3.221451404569489,-0.49709020965567885,-0.5642273399816524,20.958083832335326,793,False,0.5116053259226001,0.2559071317368049,46.40718562874252,538,False,1.221451404569489,0.38456483041660794,54.690618762475054,455,False
E02000639,Lambeth 022,E09000022,Lambeth,0.5843230795571033,7974,16,43834,0,0,1,0.6325875969825416,1.6247459150626744,3.25443180232507,0.6325875969825416,0.6129924178290272,61.97604790419161,382,False,1.6247459150626744,0.7662692695773502,80.63872255489022,195,False,2.25443180232507,0.703737554318852,73.05389221556887,271,False
E02000640,Lambeth 023,E09000022,Lambeth,0.8179916193100573,8864,16,65629,0,0,0,0.9781141882865328,4.220238184363314,6.507810383349764,0.9781141882865328,0.6895990836936547,85.32934131736528,148,False,4.220238184363314,0.8688884497029243,98.60279441117764,15,True,6.507810383349764,1.1074662186154833,99.20159680638723,9,True
E02000641,Lambeth 024,E09000022,Lambeth,0.6109341433625901,8397,10,45109,0,0,0,0.4579412769890341,1.2186404301460103,2.5865969285173644,0.4579412769890341,0.5534963642785418,51.896207584830336,483,False,1.2186404301460103,0.7239169156058577,74.55089820359282,256,False,2.5865969285173644,0.9766969342599083,89.92015968063872,102,False
E02000642,Lambeth 025,E09000022,Lambeth,1.0843239159743707,9528,26,54229,0,1,2,1.1487769845986224,3.887568896025096,6.747969952542004,1.1487769845986224,0.7159391256045708,91.51696606786427,86,True,2.887568896025096,0.640500276813267,67.46506986027944,327,False,4.747969952542004,0.7818558767358966,77.04590818363273,231,False
E02000643,Lambeth 026,E09000022,Lambeth,0.7001634304399982,9197,16,55849,1,4,7,0.8114994491220584,2.819725241463704,5.03118482407,-0.1885005508779416,-0.1527424475979761,33.23353293413174,670,False,-1.1802747585362958,-0.34854250885517235,21.457085828343313,788,False,-1.9688151759299997,-0.4218660211858574,23.353293413173652,769,False
E02000644,Lambeth 027,E09000022,Lambeth,0.9044485008629368,8349,20,52063,1,3,4,0.8855438383800325,2.773106902651087,4.898177202560255,-0.11445616161996752,-0.08694825564300478,36.02794411177645,642,False,-0.22689309734891294,-0.06798894769622738,32.13572854291417,681,False,0.8981772025602552,0.19706503258980645,46.007984031936125,542,False
E02000645,Lambeth 028,E09000022,Lambeth,1.1330284627198557,9389,26,55719,3,8,10,1.1806745736244262,4.121420898058741,6.972594588695582,-1.8193254263755738,-1.1099150767913484,11.676646706586826,886,False,-3.878579101941259,-0.8159439198626784,13.872255489021956,864,False,-3.027405411304418,-0.48389584391732676,22.15568862275449,781,False
E02000646,Lambeth 029,E09000022,Lambeth,0.9480099771818468,9836,18,53326,1,5,8,0.8519851896225145,2.836432868963151,5.289558866649297,-0.14801481037748554,-0.11571170859226677,34.63073852295409,656,False,-2.163567131036849,-0.6356119292958965,15.968063872255488,843,False,-2.7104411333507032,-0.5555516938300792,20.55888223552894,797,False
E02000647,Lambeth 030,E09000022,Lambeth,0.9673633322273107,8550,26,50958,0,0,1,1.065162013087294,3.272695166352041,5.716868312453743,1.065162013087294,0.7037210850807096,88.62275449101796,115,False,3.272695166352041,0.8472245974309501,96.30738522954093,38,True,4.716868312453743,0.9020625373621736,86.12774451097805,140,False
E02000648,Lambeth 031,E09000022,Lambeth,0.7040435664877818,7604,16,42842,0,0,0,0.6177084879099157,1.5382171090350378,3.078233020490977,0.6177084879099157,0.6086535359299313,61.17764471057884,390,False,1.5382171090350378,0.7585972250400471,78.94211576846307,212,False,3.078233020490977,1.0067983538262237,92.21556886227546,79,True
E02000649,Lambeth 032,E09000022,Lambeth,1.0355791044367937,12533,38,53485,1,2,7,1.581825662575045,5.640558573629661,10.580245944902202,0.5818256625750451,0.28106079626042374,43.213572854291414,570,False,3.6405585736296606,0.5738768229045407,63.07385229540918,371,False,3.5802459449022024,0.389134973912629,54.99001996007984,452,False
E02000650,Lambeth 033,E09000022,Lambeth,0.7720514553676399,7392,15,46019,0,0,4,0.624070766064701,1.6627353442148864,3.1865552147541267,0.624070766064701,0.6105228092312763,61.576846307385225,386,False,1.6627353442148864,0.7694525001182084,81.0379241516966,191,False,-0.8134447852458733,-0.2584601242226631,29.241516966067866,710,False
E02000651,Lambeth 034,E09000022,Lambeth,1.1197594133420186,8584,16,53024,0,2,4,0.7623496497493458,2.449480953810318,4.434445921798128,0.7623496497493458,0.646548644182751,71.35728542914171,288,False,0.44948095381031816,0.15003485014392406,41.91616766467065,583,False,0.4344459217981278,0.10401331635774094,42.61477045908183,576,False
E02000652,Lambeth 035,E09000022,Lambeth,0.687363405390971,7672,6,44507,0,1,1,0.3109766932905738,0.8005920596153053,1.770343252253944,0.3109766932905738,0.4824593277707203,45.70858283433134,545,False,-0.19940794038469467,-0.1629413312686254,27.944111776447105,723,False,0.770343252253944,0.3929033486402514,55.489021956087825,447,False
E02000653,Lewisham 001,E09000023,Lewisham,0.7591657738233343,12729,17,53064,0,1,5,0.8400284306632028,2.9631635346582867,6.252856897403274,0.8400284306632028,0.6635914235548995,76.44710578842316,237,False,1.9631635346582867,0.5549840784281778,61.97604790419161,382,False,1.2528568974032739,0.22105034860528416,47.1057884231537,531,False
E02000654,Lewisham 002,E09000023,Lewisham,1.0144689840687575,8588,13,43176,0,3,4,0.5374941514733912,1.3766143910424065,2.9252569496398784,0.5374941514733912,0.5831174544825644,55.38922155688623,448,False,-1.6233856089575935,-0.8755631421933898,13.273453093812376,870,False,-1.0747430503601216,-0.3667546205712159,25.54890219560878,747,False
E02000655,Lewisham 003,E09000023,Lewisham,0.9784251645231457,10317,7,47993,0,5,9,0.3829257734640208,1.133383688099442,2.6024093318142305,0.3829257734640208,0.5204425073103317,48.10379241516966,521,False,-3.8666163119005583,-2.4306906366797096,3.592814371257485,967,False,-6.397590668185769,-2.403741753360549,4.091816367265469,962,False
E02000657,Lewisham 005,E09000023,Lewisham,0.8736592828182059,9893,21,46818,1,1,3,0.845742921408601,2.431517968932261,4.867509133988989,-0.15425707859139903,-0.1212489517595573,34.4311377245509,658,False,1.431517968932261,0.4808801691404083,58.58283433133733,416,False,1.8675091339889889,0.4120174728126917,56.68662674650699,435,False
E02000658,Lewisham 006,E09000023,Lewisham,0.7739596658209813,8468,12,51994,0,1,2,0.6002587994788467,1.8752717874776808,3.553693406108476,0.6002587994788467,0.6034161790019358,59.68063872255489,405,False,0.8752717874776808,0.36661099213537907,52.39520958083832,478,False,1.5536934061084762,0.45020667778671725,58.58283433133733,416,False
E02000659,Lewisham 007,E09000023,Lewisham,1.0257262913256011,8068,19,58161,0,0,0,0.9554552254718556,3.4177183228584367,5.53241208087754,0.9554552254718556,0.6856575588841615,83.93213572854292,162,False,3.4177183228584367,0.8511947351937109,96.8063872255489,33,True,5.53241208087754,1.0895133983741596,98.50299401197606,16,True
E02000660,Lewisham 008,E09000023,Lewisham,0.8124974975367766,7969,19,56118,0,1,3,0.9170381561413689,3.123531063497404,5.1785513769446645,0.9170381561413689,0.6786982385865051,82.33532934131736,178,False,2.123531063497404,0.5729923008219001,62.974051896207584,372,False,2.1785513769446645,0.45502109208323505,58.88223552894212,413,False
E02000661,Lewisham 009,E09000023,Lewisham,1.2868244874747077,6593,28,56749,3,5,8,1.2342589057176765,4.147890133787326,6.145919558834311,-1.7657410942823235,-1.0404302475535092,12.574850299401197,877,False,-0.8521098662126736,-0.17821976741035084,27.245508982035926,730,False,-1.8540804411656886,-0.3322582062792818,26.34730538922156,739,False
E02000662,Lewisham 010,E09000023,Lewisham,0.7700351315190639,7756,19,49818,0,1,3,0.8089268940051373,2.373968298275213,4.252270857782854,0.8089268940051373,0.6570035402244238,74.35129740518963,258,False,1.373968298275213,0.47117230188454123,57.684630738522955,425,False,1.2522708577828539,0.3109696904777976,51.09780439121756,491,False
E02000663,Lewisham 011,E09000023,Lewisham,0.6562852096499355,6733,16,56189,1,1,2,0.7930249631171703,2.629226363400414,4.24215085497111,-0.2069750368828297,-0.1705641124555041,32.53493013972056,677,False,1.6292263634004138,0.5114441134444893,59.980039920159676,402,False,2.2421508549711104,0.5579350389136314,65.26946107784431,349,False
E02000665,Lewisham 013,E09000023,Lewisham,0.8003927519002981,7969,17,50705,0,1,5,0.7575781655335045,2.2779185186037783,4.123179881416497,0.7575781655335045,0.6454350618837793,71.25748502994011,289,False,1.2779185186037783,0.4540478982083831,56.986027944111775,432,False,-0.8768201185835034,-0.22363692324019818,30.33932135728543,699,False
E02000666,Lewisham 014,E09000023,Lewisham,0.9523183350601436,7050,23,52478,0,2,4,0.9794113806835524,3.01119171794006,4.937896877684751,0.9794113806835524,0.689821219990037,85.62874251497006,145,False,1.01119171794006,0.28183602705622524,48.20359281437126,520,False,0.9378968776847509,0.20431834294498832,46.506986027944116,537,False
E02000667,Lewisham 015,E09000023,Lewisham,0.7271187053039904,6732,18,54097,0,2,6,0.833173947948874,2.635197130803536,4.309032972645988,0.833173947948874,0.6621651088558009,75.74850299401199,244,False,0.6351971308035358,0.199006685802294,44.21157684630739,560,False,-1.690967027354012,-0.4150948866364448,23.652694610778443,766,False
E02000668,Lewisham 016,E09000023,Lewisham,1.0091144710656008,6722,15,53383,0,1,3,0.714674832186629,2.2205250871061915,3.750997276139691,0.714674832186629,0.6350385009728554,68.06387225548902,321,False,1.2205250871061915,0.4432203721075636,56.287425149700596,439,False,0.750997276139691,0.20780373035151345,46.706586826347305,535,False
E02000669,Lewisham 017,E09000023,Lewisham,0.6423622132847243,8003,14,53148,1,2,2,0.685620520582229,2.1789391064544463,3.9154970429355034,-0.314379479417771,-0.28776574397270993,27.744510978043913,725,False,0.17893910645444633,0.06603568488675109,37.82435129740519,624,False,1.9154970429355034,0.5108487037028252,62.774451097804395,374,False
E02000670,Lewisham 018,E09000023,Lewisham,0.6217365783224568,6775,10,43358,0,0,3,0.4340085485445168,1.0703234223598164,2.1840117939720645,0.4340085485445168,0.5435610639181013,50.199600798403196,500,False,1.0703234223598164,0.7032660871475096,72.65469061876247,275,False,-0.8159882060279355,-0.3531073597870659,26.047904191616766,742,False
E02000671,Lewisham 019,E09000023,Lewisham,0.9942723863825864,8642,20,54880,0,4,7,0.938865586634114,3.156411932954882,5.427397012719845,0.938865586634114,0.6826961780075472,83.23353293413174,169,False,-0.8435880670451179,-0.22552141800596467,25.848303393213573,744,False,-1.5726029872801552,-0.31503619116414117,27.045908183632733,732,False
E02000672,Lewisham 020,E09000023,Lewisham,1.1591833710467732,10327,39,46212,1,4,12,1.364384189124382,3.922792657727973,7.428199471516308,0.364384189124382,0.19832446529985476,42.01596806387226,582,False,-0.07720734227202719,-0.016986409195130316,33.73253493013972,665,False,-4.571800528483692,-0.6897076618691182,18.36327345309381,819,False
E02000673,Lewisham 021,E09000023,Lewisham,1.0602412219861117,8081,24,63961,0,2,5,1.2823318318300996,5.248240128135109,7.622334169422174,1.2823318318300996,0.7331772658977832,94.01197604790418,61,True,3.2482401281351088,0.5474493310714399,61.17764471057884,390,False,2.6223341694221736,0.38636555007147744,54.79041916167665,454,False
E02000674,Lewisham 022,E09000023,Lewisham,0.8175812066315323,8586,17,46070,0,0,0,0.697255448194348,1.9114694252764608,3.7745294927790978,0.697255448194348,0.6306091487373952,66.66666666666666,335,False,1.9114694252764608,0.7879231767347293,84.3313373253493,158,False,3.7745294927790978,1.0388452997988438,95.00998003992017,51,True
E02000675,Lewisham 023,E09000023,Lewisham,1.4333000240270222,8492,34,47293,0,0,1,1.223121397579975,3.4575437715154456,6.115791141540029,1.223121397579975,0.7258494242442577,93.11377245508982,70,True,3.4575437715154456,0.8522358766966339,96.9061876247505,32,True,5.115791141540029,0.9208378102940499,87.12574850299401,130,False
E02000676,Lewisham 024,E09000023,Lewisham,0.7459646674847017,7719,9,56388,0,0,0,0.5238849955094821,1.776689934564793,3.191554688255993,0.5238849955094821,0.5783843429271478,54.79041916167665,454,False,1.776689934564793,0.7783923531279531,82.93413173652695,172,False,3.191554688255993,1.0127362911077122,92.71457085828342,74,True
E02000677,Lewisham 025,E09000023,Lewisham,1.0500114115259962,7579,12,46738,0,1,4,0.5360060231352712,1.4556760675641784,2.861946035261043,0.5360060231352712,0.5826060512306609,55.28942115768463,449,False,0.45567606756417844,0.23498734658268153,45.60878243512974,546,False,-1.138053964738957,-0.39546328013052734,24.550898203592812,757,False
E02000678,Lewisham 026,E09000023,Lewisham,1.0332641587823637,7060,10,42157,0,0,1,0.4254172121813894,1.0271611737708188,2.154224553660142,0.4254172121813894,0.5398626771926675,50.0,502,False,1.0271611737708188,0.6965361588768177,71.8562874251497,283,False,1.1542245536601419,0.5049549976059442,62.27544910179641,379,False
E02000679,Lewisham 027,E09000023,Lewisham,0.9385115096393392,8253,17,51182,0,0,3,0.7672777685822206,2.3471689800938176,4.268044341147313,0.7672777685822206,0.647690199557869,71.55688622754491,286,False,2.3471689800938176,0.8128059663907349,89.82035928143712,103,False,1.2680443411473128,0.313875024681836,51.29740518962076,489,False
E02000680,Lewisham 028,E09000023,Lewisham,0.7675697043201665,7084,22,50314,0,2,3,0.9074501241089132,2.656289577921966,4.517772371325846,0.9074501241089132,0.6769043520416976,81.437125748503,187,False,0.656289577921966,0.2041920356710776,44.61077844311377,556,False,1.5177723713258464,0.3575158487646999,53.093812375249506,471,False
E02000681,Lewisham 029,E09000023,Lewisham,1.3538395821090894,8387,19,40783,0,1,2,0.6834022648251734,1.6538413724230947,3.4328183894829807,0.6834022648251734,0.6269951653445947,65.96806387225548,342,False,0.6538413724230947,0.3039099691669739,49.101796407185624,511,False,1.4328183894829807,0.42756025272345083,57.28542914171657,429,False
E02000682,Lewisham 030,E09000023,Lewisham,1.190378950599418,9033,23,41662,0,0,1,0.8122958200459146,2.037357991863097,4.180949370164719,0.8122958200459146,0.6577317603991708,74.55089820359282,256,False,2.037357991863097,0.7959505030500581,86.02794411177645,141,False,3.1809493701647193,0.8015920589580733,78.64271457085829,215,False
E02000683,Lewisham 031,E09000023,Lewisham,0.959109810778346,7015,21,41099,0,0,0,0.7307174582043278,1.7289264306553682,3.343950771956673,0.7307174582043278,0.6390090077140018,69.46107784431138,307,False,1.7289264306553682,0.7747513738420584,82.13572854291418,180,False,3.343950771956673,1.0202347744978773,93.6127744510978,65,True
E02000685,Lewisham 033,E09000023,Lewisham,0.967193130239226,8068,29,45422,0,0,4,1.035408008126089,2.774846580814706,5.056310267223211,1.035408008126089,0.6990666754700996,87.62475049900199,125,False,2.774846580814706,0.8310316207119633,94.11177644710578,60,True,1.0563102672232114,0.22534454745739044,47.30538922155689,529,False
E02000686,Lewisham 034,E09000023,Lewisham,1.7310047657106715,7328,23,39699,0,0,2,0.7659017122147,1.7683530741811295,3.4874670757241466,0.7659017122147,0.6473723198994034,71.45708582834331,287,False,1.7683530741811295,0.7777673757485037,82.73453093812375,174,False,1.4874670757241466,0.43796245299591763,57.58483033932136,426,False
E02000687,Lewisham 035,E09000023,Lewisham,0.7774090691454826,8259,17,50076,1,2,4,0.750957794044481,2.240105609395126,4.13602527762754,-0.24904220595551896,-0.21353046055774752,30.83832335329341,694,False,0.24010560939512615,0.08654042111504295,39.02195608782435,612,False,0.1360252776275397,0.03460052493939986,39.12175648702595,611,False
E02000689,Merton 001,E09000024,Merton,1.9491468198266568,9623,18,63168,4,4,8,1.0296411462519912,4.27394260680187,6.914724246568596,-2.970358853748009,-2.014041241248198,4.8902195608782435,954,False,0.27394260680187,0.055754970706450184,37.5249500998004,627,False,-1.0852757534314037,-0.17479035424279488,32.035928143712574,682,False
E02000690,Merton 002,E09000024,Merton,5.401911268410582,5420,24,60727,0,0,0,1.165991394935941,4.177307790465036,5.715161042853906,1.165991394935941,0.7183089247045039,92.11576846307385,80,True,4.177307790465036,0.8680908312675348,98.50299401197606,16,True,5.715161042853906,1.093270227406315,98.60279441117764,15,True
E02000691,Merton 003,E09000024,Merton,0.9281913383389676,7130,30,64106,2,7,13,1.513633759200065,6.09502556623783,8.269588857533437,-0.48636624079993496,-0.24351584713442037,29.740518962075846,705,False,-0.9049744337621703,-0.13271342647762085,29.540918163672654,707,False,-4.730411142466563,-0.6466122671193751,19.46107784431138,808,False
E02000692,Merton 004,E09000024,Merton,1.1440612304243516,7487,17,64051,0,6,11,0.9771379769736722,3.9456130113916186,5.846175173471366,0.9771379769736722,0.6894316664296188,85.22954091816366,149,False,-2.0543869886083814,-0.4496190543309639,19.261477045908183,810,False,-5.153824826528634,-0.9660630243215127,13.073852295409182,872,False
E02000693,Merton 005,E09000024,Merton,1.047470258465158,10279,19,54909,0,1,5,0.9209218230863032,3.211689477462436,5.922769266630895,0.9209218230863032,0.679418222213338,82.43512974051896,177,False,2.211689477462436,0.5822190132868833,63.47305389221557,367,False,0.9227692666308949,0.17095961714897154,44.91017964071856,553,False
E02000694,Merton 006,E09000024,Merton,0.7743260479773343,9251,14,59312,0,2,4,0.7849115906587801,2.953262862041836,5.123638778293759,0.7849115906587801,0.6517050432306258,72.85429141716567,273,False,0.9532628620418362,0.2702824897134379,47.20558882235529,530,False,1.123638778293759,0.2369163900402961,48.003992015968066,522,False
E02000695,Merton 007,E09000024,Merton,0.8066248544533078,8809,4,44770,0,0,2,0.2412079625027859,0.6391547861595571,1.5405479112548512,0.2412079625027859,0.4374256226761693,44.411177644710584,558,False,0.6391547861595571,0.6140433235275178,65.5688622754491,346,False,-0.45945208874514876,-0.260493576830259,29.141716566866265,711,False
E02000696,Merton 008,E09000024,Merton,0.7409600618041684,8695,12,48369,0,1,2,0.5608147505563219,1.6206586602863624,3.2549683178034607,0.5608147505563219,0.590941983797111,57.38522954091816,428,False,0.6206586602863624,0.2933221452500837,48.902195608782435,513,False,1.2549683178034607,0.39169330401628083,55.28942115768463,449,False
E02000697,Merton 009,E09000024,Merton,1.1576626027272685,8652,37,60694,1,2,7,1.701316123323679,6.563325138695358,9.629169443396384,0.7013161233236791,0.31915280210165314,43.712574850299404,565,False,4.563325138695358,0.6243843750759278,66.46706586826348,337,False,2.6291694433963837,0.3120675460621574,51.19760479041916,490,False
E02000698,Merton 010,E09000024,Merton,1.7547382962571598,8252,19,62055,0,1,2,1.0331340330262548,4.056706749284899,6.273066453318297,1.0331340330262548,0.6987038438690006,87.42514970059881,127,False,3.056706749284899,0.6523548148928224,68.26347305389223,319,False,4.273066453318297,0.7517340102314434,75.74850299401199,244,False
E02000699,Merton 011,E09000024,Merton,0.9305575196000604,8434,14,63846,0,1,1,0.8490928462401452,3.48048063274971,5.49953327145942,0.8490928462401452,0.6654560439317768,77.24550898203593,229,False,2.48048063274971,0.6077951754589023,65.26946107784431,349,False,4.49953327145942,0.8908320688363087,85.62874251497006,145,False
E02000700,Merton 012,E09000024,Merton,0.922051125598788,8813,11,42429,0,0,0,0.4687372648208462,1.1847607374277738,2.61963245580091,0.4687372648208462,0.5578104821949406,52.39520958083832,478,False,1.1847607374277738,0.7195064309939669,74.35129740518963,258,False,2.61963245580091,0.9789761199871679,90.01996007984032,101,True
E02000701,Merton 013,E09000024,Merton,0.956517882610196,9200,22,42115,0,0,1,0.7932948318233504,2.0172958302264505,4.165099627150431,0.7932948318233504,0.6535763598566411,73.55289421157684,266,False,2.0172958302264505,0.7947226027604067,85.62874251497006,145,False,3.165099627150431,0.8002289671637589,78.54291417165669,216,False
E02000702,Merton 014,E09000024,Merton,1.5584115170870554,9237,30,42175,0,0,1,1.0122032295210217,2.5851442308872508,5.129866940090076,1.0122032295210217,0.695315071490996,86.62674650698602,135,False,2.5851442308872508,0.8235452379354362,92.41516966067864,77,True,4.129866940090076,0.8698350635432254,83.93213572854292,162,False
E02000703,Merton 015,E09000024,Merton,1.4748497966431957,7919,23,51619,0,0,2,0.9732667938544808,2.9911852415224853,5.133618775681675,0.9732667938544808,0.6887656729880925,84.93013972055888,152,False,2.9911852415224853,0.8386136700674852,95.20958083832335,49,True,3.1336187756816747,0.6595771700039322,70.75848303393214,294,False
E02000704,Merton 016,E09000024,Merton,1.6711220464617602,8998,34,52662,1,4,8,1.3664487453997,4.417257428791816,7.408122524846064,0.36644874539970007,0.19920763683066764,42.115768463073856,581,False,0.4172574287918156,0.0824052636389091,38.72255489021956,615,False,-0.591877475153936,-0.0895128783381875,34.63073852295409,656,False
E02000705,Merton 017,E09000024,Merton,1.241594428663535,9545,17,42934,0,0,2,0.6635011625180097,1.7293524636194966,3.699300536121725,0.6635011625180097,0.6216551117599297,64.67065868263472,355,False,1.7293524636194966,0.7747845074021602,82.23552894211576,179,False,1.6993005361217248,0.4758198275626778,60.37924151696606,398,False
E02000706,Merton 018,E09000024,Merton,0.9045124471538218,10284,20,40008,1,1,6,0.7164949986274017,1.7773286864232944,3.9878695918847984,-0.28350500137259826,-0.2514543285596655,29.141716566866265,711,False,0.7773286864232944,0.34045688453463174,51.09780439121756,491,False,-2.0121304081152016,-0.5282179399309084,20.958083832335326,793,False
E02000707,Merton 019,E09000024,Merton,1.1598133605475407,8738,20,42471,0,0,0,0.7378939712366597,1.871245844935471,3.8229817971109625,0.7378939712366597,0.640752562632872,69.86027944111777,303,False,1.871245844935471,0.7851870427076684,83.8323353293413,163,False,3.8229817971109625,1.0407326578649652,95.20958083832335,49,True
E02000708,Merton 020,E09000024,Merton,1.6460874894284372,9016,18,50049,0,1,2,0.7913838118340576,2.4001529797350183,4.532655563748121,0.7913838118340576,0.6531518584075715,73.35329341317365,268,False,1.4001529797350183,0.4756383880981611,58.28343313373253,419,False,2.532655563748121,0.5948606178538024,67.26546906187625,329,False
E02000709,Merton 021,E09000024,Merton,1.7173382344619834,8070,21,47290,0,0,0,0.8350378343852002,2.3305627474110997,4.317707624642827,0.8350378343852002,0.6625543594747577,75.84830339321357,243,False,2.3305627474110997,0.8119921171633514,89.72055888223552,104,False,4.317707624642827,1.0580480040597675,96.6067864271457,35,True
E02000710,Merton 022,E09000024,Merton,3.2259540054085054,9496,57,40162,0,0,2,1.6226050169219637,3.9981745316146777,7.568456622416466,1.6226050169219637,0.7676970343150655,98.00399201596807,21,True,3.9981745316146777,0.864603762094333,98.40319361277446,17,True,5.568456622416466,0.825791168265311,80.53892215568862,196,False
E02000711,Merton 023,E09000024,Merton,1.3307909199847183,9608,37,42356,1,4,11,1.2035093483795352,3.11656980703867,6.08929806630647,0.20350934837953516,0.12231015712966445,40.618762475049905,596,False,-0.8834301929613302,-0.2388477203650389,24.9500998003992,753,False,-4.91070193369353,-0.8873852436967559,14.570858283433132,857,False
E02000712,Merton 024,E09000024,Merton,1.6303715508101708,9677,26,39781,0,0,0,0.868224117833407,2.1176720524013173,4.499457034973196,0.868224117833407,0.6693130292033446,78.94211576846307,212,False,2.1176720524013173,0.8006858955862328,87.12574850299401,130,False,4.499457034973196,1.063632365833354,97.0059880239521,31,True
E02000713,Merton 025,E09000024,Merton,1.5341559003458862,7906,18,44236,0,1,1,0.6971798691076214,1.8059137833491787,3.5345951946785785,0.6971798691076214,0.630589654980201,66.56686626746507,336,False,0.8059137833491787,0.34833073063970593,51.49700598802395,487,False,2.5345951946785785,0.737811944996498,74.8502994011976,253,False
E02000714,Newham 001,E09000025,Newham,0.5492719726402953,7912,11,43868,1,3,4,0.476879180829211,1.2210392250144333,2.5562152388707005,-0.523120819170789,-0.615397024830082,19.660678642714572,806,False,-1.7789607749855667,-1.0551373823011332,11.976047904191617,883,False,-1.4437847611292995,-0.5504464914623555,20.65868263473054,796,False
E02000715,Newham 002,E09000025,Newham,0.4350325089772021,7499,8,32415,0,0,0,0.3005467678862717,0.5854397933253291,1.4650044148842698,0.3005467678862717,0.47631277264192645,45.40918163672655,548,False,0.5854397933253291,0.5980710328058122,64.47105788423154,357,False,1.4650044148842698,0.862495061510337,82.83433133732535,173,False
E02000716,Newham 003,E09000025,Newham,1.5669068918483589,7549,13,35394,0,1,4,0.4560621584101966,0.9551474383285964,2.166582914689136,0.4560621584101966,0.5527350955703018,51.796407185628745,484,False,-0.04485256167140361,-0.03214119449129095,33.23353293413174,670,False,-1.833417085310864,-0.7984552617195454,16.067864271457086,842,False
E02000717,Newham 004,E09000025,Newham,0.4969943091827988,8531,14,32210,0,2,5,0.4586561911807256,0.913185944990864,2.226542145103456,0.4586561911807256,0.5537851734640644,51.996007984031934,482,False,-1.0868140550091359,-0.8055667206723784,14.071856287425149,862,False,-2.773457854896544,-1.181875034061003,10.578842315369261,897,False
E02000718,Newham 005,E09000025,Newham,0.6251785546782208,7721,3,36167,0,1,1,0.1679726714789307,0.3562305058776137,0.9533618026734908,0.1679726714789307,0.37705482416645475,44.01197604790419,562,False,-0.6437694941223864,-0.9157098680406627,12.974051896207584,873,False,-0.0466381973265092,-0.037403301298817616,36.12774451097805,641,False
E02000719,Newham 006,E09000025,Newham,0.6943570475558782,8308,10,41526,0,0,1,0.4265740715616321,1.0437041240542622,2.3177919385041803,0.4265740715616321,0.5403649002776593,50.0998003992016,501,False,1.0437041240542622,0.6991582327423601,72.15568862275448,280,False,1.3177919385041803,0.5437980689684901,64.07185628742515,361,False
E02000720,Newham 007,E09000025,Newham,0.524453247788733,7840,6,35837,1,3,3,0.2631275097387295,0.5575275298687892,1.3961547898110975,-0.7368724902612704,-1.2675815113631228,9.281437125748502,910,False,-2.442472470131211,-2.5809142388450463,3.093812375249501,972,False,-1.6038452101889025,-0.9786220430444311,12.874251497005988,874,False
E02000721,Newham 008,E09000025,Newham,0.5897865263608859,10292,18,31956,1,1,10,0.5646766210874097,1.164290811019177,2.9550844438097275,-0.4353233789125903,-0.4565451679668538,23.353293413173652,769,False,0.16429081101917697,0.10114039838782753,40.21956087824351,600,False,-7.044915556190272,-2.3839041179958613,4.291417165668663,960,False
E02000722,Newham 009,E09000025,Newham,0.4521483863567282,8660,9,44849,0,0,1,0.4230711519732641,1.1249504479918828,2.452234340651732,0.4230711519732641,0.5388401018585817,49.9001996007984,503,False,1.1249504479918828,0.7112916072359665,73.55289421157684,266,False,1.452234340651732,0.5726514350706785,65.96806387225548,342,False
E02000723,Newham 010,E09000025,Newham,0.7100846380209977,11313,22,35113,1,2,5,0.7098557047793838,1.6116095950619358,3.973800002934089,-0.29014429522061624,-0.2590679903130812,28.942115768463072,713,False,-0.3883904049380642,-0.1843959348592315,27.14570858283433,731,False,-1.0261999970659108,-0.2702170721104359,28.542914171656687,717,False
E02000724,Newham 011,E09000025,Newham,0.4968391680136263,10300,5,33254,1,1,1,0.227433385753836,0.4791947172679531,1.3966833434027082,-0.772566614246164,-1.4514301557718106,7.684630738522954,926,False,-0.5208052827320468,-0.6099997678196297,16.46706586826347,838,False,0.39668334340270817,0.2419774209690529,48.30339321357285,519,False
E02000725,Newham 012,E09000025,Newham,0.7928161723604246,10146,24,45021,2,6,13,0.9085801593102248,2.5233210857695045,5.137992355838453,-1.0914198406897753,-0.8133777976308191,16.367265469061877,839,False,-3.4766789142304955,-1.1310666428758256,11.57684630738523,887,False,-7.862007644161547,-1.653579656781028,7.0858283433133735,932,False
E02000727,Newham 014,E09000025,Newham,0.3945651151887024,8835,12,31855,0,1,2,0.407069248129447,0.8085306820136049,2.043624613374852,0.407069248129447,0.531715522828026,49.40119760479042,508,False,-0.1914693179863951,-0.15532647302193195,28.2435129740519,720,False,0.04362461337485213,0.019897189527705618,38.72255489021956,615,False
E02000728,Newham 015,E09000025,Newham,0.6557358792185359,8654,0,34268,0,0,0,0.0531823455664674,0.1091594299712819,0.3748798694851417,0.0531823455664674,0.2242597902231684,42.71457085828344,575,False,0.1091594299712819,0.31237007410266204,49.600798403193615,506,False,0.3748798694851417,0.5480624447823768,64.47105788423154,357,False
E02000729,Newham 016,E09000025,Newham,0.7044120519027958,7331,10,38381,0,0,1,0.396503401969408,0.8833642075442057,1.9709136570286256,0.396503401969408,0.5268624215489943,48.80239520958084,514,False,0.8833642075442057,0.6712099630814005,69.96007984031935,302,False,0.9709136570286256,0.45561183875191225,59.08183632734531,411,False
E02000730,Newham 017,E09000025,Newham,0.5033728103425871,10487,15,32403,2,4,7,0.4966822647116714,1.0378394582224684,2.7000943396332677,-1.5033177352883287,-1.72077536107133,6.087824351297405,942,False,-2.9621605417775316,-1.9928744972537715,5.389221556886228,949,False,-4.299905660366733,-1.5675899641359508,7.584830339321358,927,False
E02000731,Newham 018,E09000025,Newham,0.5809770641265161,10524,17,33490,3,5,12,0.5584234496782466,1.1982464041812402,3.0275874773341425,-2.4415765503217535,-2.5803183582110965,3.1936127744510974,971,False,-3.80175359581876,-2.288458376570683,3.792415169660679,965,False,-8.972412522665858,-2.975515184150272,1.8962075848303395,984,False
E02000732,Newham 019,E09000025,Newham,0.4414841199733064,10014,3,33600,1,1,2,0.1642411879976429,0.3455897170030845,1.0472362770748005,-0.8357588120023571,-1.900497831871988,5.489021956087824,948,False,-0.6544102829969155,-0.9490337212648713,12.874251497005988,874,False,-0.9527637229251995,-0.7155546813092024,17.964071856287426,823,False
E02000733,Newham 020,E09000025,Newham,0.7401684246835735,10346,15,41079,0,0,0,0.5872624237048015,1.4920628095785824,3.4311232472307647,0.5872624237048015,0.5994063437404727,58.88223552894212,413,False,1.4920628095785824,0.7542454985377243,78.0439121756487,221,False,3.4311232472307647,1.0242930248920936,93.7125748502994,64,True
E02000734,Newham 021,E09000025,Newham,0.3805900845550568,7624,13,37987,0,1,4,0.4801537432437336,1.0688857260242726,2.347465579244634,0.4801537432437336,0.5622653094676505,52.69461077844312,475,False,0.06888572602427256,0.04530881636170792,36.52694610778443,637,False,-1.6525344207553658,-0.6749982368770785,18.562874251497004,817,False
E02000735,Newham 022,E09000025,Newham,0.5481893143851004,9060,12,35353,1,2,4,0.4369931381001541,0.945043632075352,2.297819362274315,-0.5630068618998458,-0.7019390378856207,17.964071856287426,823,False,-1.0549563679246479,-0.7620651373419975,14.67065868263473,856,False,-1.702180637725685,-0.7073125215989701,18.163672654690618,821,False
E02000736,Newham 023,E09000025,Newham,1.2725557917258,9560,24,33587,0,0,1,0.721850431192661,1.5230753532841197,3.540943289726494,0.721850431192661,0.6368270645413104,68.46307385229541,317,False,1.5230753532841197,0.757190427588829,78.54291417165669,216,False,2.540943289726494,0.7385321200857649,74.9500998003992,252,False
E02000737,Newham 024,E09000025,Newham,0.8407986227120476,10910,12,35946,0,0,0,0.4520319649399921,1.0324764810333564,2.6764023778655,0.4520319649399921,0.5510918074088553,51.49700598802395,487,False,1.0324764810333564,0.697384564488277,71.9560878243513,282,False,2.6764023778655,0.9827968777900148,90.31936127744511,98,True
E02000738,Newham 025,E09000025,Newham,0.459442410288038,10043,7,37977,0,1,1,0.3139358572270742,0.7343029132073513,1.9114381403775735,0.3139358572270742,0.48417035903037703,46.20758483033932,540,False,-0.2656970867926487,-0.23119468423925507,25.64870259481038,746,False,0.9114381403775735,0.43806255008918227,57.684630738522955,425,False
E02000739,Newham 026,E09000025,Newham,0.4533818868026089,8066,18,36047,0,1,4,0.595409521447361,1.28318678380532,2.82474292563458,0.595409521447361,0.6019311392092722,59.2814371257485,409,False,0.2831867838053199,0.16151786482827946,42.51497005988024,577,False,-1.1752570743654198,-0.4128312872679883,23.852295409181636,764,False
E02000740,Newham 027,E09000025,Newham,1.2731307149283682,7092,25,38498,0,1,2,0.7960818958057577,1.779860808582184,3.4972625242094977,0.7960818958057577,0.6541932788511988,73.85229540918164,263,False,0.7798608085821841,0.3411627315965412,51.19760479041916,490,False,1.4972625242094977,0.4397980653754098,57.784431137724546,424,False
E02000741,Newham 028,E09000025,Newham,0.7556394055413598,8586,16,38826,0,0,0,0.5779622554736465,1.3417516041386572,2.9463231270968864,0.5779622554736465,0.5964774684298173,58.78243512974052,414,False,1.3417516041386572,0.7386358524060294,76.34730538922156,238,False,2.9463231270968864,0.9994578968045733,91.41716566866268,87,True
E02000742,Newham 029,E09000025,Newham,0.7907917687932075,8931,15,39050,0,0,0,0.5549425777913436,1.3043247112474845,2.9178689340284087,0.5549425777913436,0.5890046869887093,56.786427145708586,434,False,1.3043247112474845,0.7343640925228896,75.54890219560878,246,False,2.9178689340284087,0.997809778568845,91.31736526946108,88,True
E02000743,Newham 030,E09000025,Newham,0.626647355160729,11108,20,39489,2,4,6,0.716349011003704,1.7883973706842489,4.172971323430702,-1.2836509889962961,-1.1386989143814366,11.177644710578843,891,False,-2.211602629315751,-0.9636669167763066,12.77445109780439,875,False,-1.8270286765692978,-0.46117029560976497,22.55489021956088,777,False
E02000744,Newham 031,E09000025,Newham,0.5985445233901244,9535,8,38728,1,1,3,0.348361891113311,0.8203520632260948,2.0396112011200533,-0.6516381088866889,-0.9410655406262745,14.471057884231536,858,False,-0.17964793677390523,-0.14419033793421715,28.942115768463072,713,False,-0.9603887988799467,-0.43871187640026554,22.954091816367264,773,False
E02000745,Newham 032,E09000025,Newham,0.7242743467000848,8968,9,39831,0,0,0,0.3850509973326559,0.9189999615072274,2.170586137109057,0.3850509973326559,0.52146141311691,48.30339321357285,519,False,0.9189999615072274,0.6779471185593088,70.25948103792416,299,False,2.170586137109057,0.9439071064270146,88.02395209580838,121,False
E02000746,Newham 033,E09000025,Newham,4.936032472666085,10583,55,42229,0,1,12,1.6635839187595691,4.401664257205826,8.492091545874473,1.6635839187595691,0.7711545858234993,98.60279441117764,15,True,3.4016642572058258,0.6739778529555819,70.05988023952095,301,False,-3.507908454125527,-0.46788967146529054,22.255489021956087,780,False
E02000747,Newham 034,E09000025,Newham,2.080738614463102,15614,70,46162,1,3,10,2.3133929446686907,7.501943168166802,16.16501560776168,1.3133929446686907,0.4615983748612569,44.91017964071856,553,False,4.501943168166802,0.5431065859175969,60.87824351297405,393,False,6.165015607761681,0.44835960927749935,58.38323353293413,418,False
E02000748,Newham 035,E09000025,Newham,1.3313310110507872,6407,38,41573,0,2,2,1.1647467138818317,2.7598814934328386,4.79411740170469,1.1647467138818317,0.7181391468516405,92.01596806387225,81,True,0.7598814934328386,0.22865469935452085,45.209580838323355,550,False,2.79411740170469,0.6247546323572094,68.9620758483034,312,False
E02000749,Newham 036,E09000025,Newham,1.419078605770547,10272,28,37506,0,3,3,0.8864213843570377,2.080687175861629,4.621845530574484,0.8864213843570377,0.6728862425174321,79.94011976047905,202,False,-0.919312824138371,-0.35282009769522515,21.157684630738522,791,False,1.6218455305744843,0.3744865475008905,54.39121756487027,458,False
E02000751,Redbridge 001,E09000026,Redbridge,3.0745937037746507,11127,30,51647,0,3,4,1.2456085223337403,4.120969041796558,7.739147555477575,1.2456085223337403,0.7286882216603393,93.6127744510978,65,True,1.1209690417965579,0.2358438469679702,45.808383233532936,544,False,3.739147555477575,0.5432763885188765,63.97205588822356,362,False
E02000752,Redbridge 002,E09000026,Redbridge,4.884240227729773,9461,33,41547,2,2,2,1.0805722155656023,2.7357353214944378,5.4547584321261,-0.9194277844343977,-0.6007709981635018,20.35928143712575,799,False,0.7357353214944378,0.22309703949453816,45.00998003992016,552,False,3.4547584321261002,0.6889893010976277,71.8562874251497,283,False
E02000753,Redbridge 003,E09000026,Redbridge,0.7575407551086513,7223,18,43362,0,0,0,0.6797840222419896,1.6999952104210532,3.278619744293441,0.6797840222419896,0.6260374928921066,65.5688622754491,346,False,1.6999952104210532,0.7724727096697444,81.63672654690619,185,False,3.278619744293441,1.0170853995876161,93.21357285429141,69,True
E02000754,Redbridge 004,E09000026,Redbridge,1.2330778339527633,6487,18,44512,0,2,3,0.6890717255584,1.740518924917006,3.2112818974517725,0.6890717255584,0.6284842125092799,66.36726546906188,338,False,-0.2594810750829939,-0.11563571427515756,30.538922155688624,697,False,0.2112818974517725,0.06669746578290144,40.41916167664671,598,False
E02000755,Redbridge 005,E09000026,Redbridge,1.346087562972024,5555,12,46378,0,0,1,0.5194444881359401,1.3376403859912578,2.442355485197233,0.5194444881359401,0.5768121584771188,54.59081836327345,456,False,1.3376403859912578,0.7381747330543188,76.14770459081836,240,False,1.4423554851972331,0.5706166095458491,65.86826347305389,343,False
E02000756,Redbridge 006,E09000026,Redbridge,3.593950854713069,15143,36,44665,0,1,5,1.316895422101276,4.064639532459536,9.583314963536886,1.316895422101276,0.7372441893951136,94.61077844311377,55,True,3.0646395324595357,0.6528890624326972,68.36327345309381,318,False,4.5833149635368855,0.5464392594154356,64.27145708582835,359,False
E02000757,Redbridge 007,E09000026,Redbridge,1.4915220345781253,12275,24,52355,3,5,8,1.075514992040418,3.7040206867734415,7.41705945556853,-1.924485007959582,-1.2620385900416027,9.3812375249501,909,False,-1.2959793132265585,-0.30029025944277216,22.355289421157686,779,False,-0.5829405444314704,-0.0880640604129239,34.73053892215569,655,False
E02000758,Redbridge 008,E09000026,Redbridge,1.1464555739908602,6874,9,38916,0,0,0,0.3688252195085582,0.8228674170297422,1.8136592236761568,0.3688252195085582,0.5135450616922194,47.40518962075848,528,False,0.8228674170297422,0.658969445148633,68.9620758483034,312,False,1.8136592236761568,0.9079471286980278,86.52694610778443,136,False
E02000759,Redbridge 009,E09000026,Redbridge,2.3440371105263904,12944,35,46579,0,2,2,1.3020205868998544,3.997890147967613,8.460959926684126,1.3020205868998544,0.7355121628108379,94.311377245509,58,True,1.9978901479676132,0.43207086423321067,55.88822355289421,443,False,6.460959926684126,0.864702287521086,83.13373253493013,170,False
E02000760,Redbridge 010,E09000026,Redbridge,1.0390201657194869,7629,19,39976,1,1,4,0.6666194319890238,1.557266665563815,3.1728966372919127,-0.33338056801097615,-0.3113180171163635,27.445109780439118,728,False,0.557266665563815,0.27208673398333566,47.40518962075848,528,False,-0.8271033627080873,-0.263748666026581,29.041916167664674,712,False
E02000762,Redbridge 012,E09000026,Redbridge,0.8012341071354059,6998,12,41620,1,1,1,0.4817036245726552,1.148646019276361,2.36680005668788,-0.5182963754273449,-0.6056197828159974,20.059880239520957,802,False,0.148646019276361,0.09247807879772324,39.82035928143712,604,False,1.3668000566878802,0.5546137574815206,64.77045908183634,354,False
E02000763,Redbridge 013,E09000026,Redbridge,7.735217146910057,8213,29,42455,0,0,1,0.978897832558726,2.459024850026141,4.691647195809466,0.978897832558726,0.6897333227425316,85.52894211576846,146,False,2.459024850026141,0.8180598103022905,91.01796407185628,91,True,3.691647195809466,0.84126836554662,81.3373253493014,188,False
E02000764,Redbridge 014,E09000026,Redbridge,1.986335694272813,12214,36,52356,2,6,7,1.4770192429807758,5.094302463589661,9.651877646520576,-0.5229807570192242,-0.2670860328550166,28.642714570858285,716,False,-0.9056975364103392,-0.15690326242558297,28.143712574850298,721,False,2.6518776465205764,0.3140724562141875,51.39720558882236,488,False
E02000765,Redbridge 015,E09000026,Redbridge,0.7253364024140562,7903,15,41407,0,1,1,0.5739036405940612,1.3915525115058964,2.896474311305909,0.5739036405940612,0.5951833430578447,58.38323353293413,418,False,0.39155251150589643,0.20936494572628656,44.71057884231537,555,False,1.896474311305909,0.6524968743420342,70.15968063872255,300,False
E02000767,Redbridge 017,E09000026,Redbridge,0.8769909467304347,9062,17,41514,0,0,3,0.6416355752866174,1.6016017145800323,3.4276690799483944,0.6416355752866174,0.6155759663609977,62.874251497005986,373,False,1.6016017145800323,0.7642762137283772,79.94011976047905,202,False,0.4276690799483944,0.1277809986735146,43.6127744510978,566,False
E02000768,Redbridge 018,E09000026,Redbridge,1.698522407287922,5786,14,52609,0,0,0,0.6605840402367764,1.9740305310942587,3.277622604458193,0.6605840402367764,0.6208571784261219,64.27145708582835,359,False,1.9740305310942587,0.7920098833597405,85.22954091816366,149,False,3.277622604458193,1.01703658865895,93.11377245508982,70,True
E02000770,Redbridge 020,E09000026,Redbridge,1.1648947871742856,8210,6,39263,0,0,0,0.2825665386769905,0.652908083374346,1.5832793672006098,0.2825665386769905,0.4652695003559781,45.00998003992016,552,False,0.652908083374346,0.6178944392640195,66.06786427145708,341,False,1.5832793672006098,0.8793338810028706,85.02994011976048,151,False
E02000772,Redbridge 022,E09000026,Redbridge,1.4029138615615562,8903,28,39567,0,2,6,0.9076975825336236,2.16670465755422,4.436851294264464,0.9076975825336236,0.6769509465855125,81.53692614770459,186,False,0.16670465755422015,0.061816296133737576,37.624750499002,626,False,-1.5631487057355358,-0.37406573617095756,25.24950099800399,750,False
E02000773,Redbridge 023,E09000026,Redbridge,0.9517240086037482,11210,18,38940,1,1,3,0.6542706344967206,1.615512465846507,3.864811942927065,-0.3457293655032794,-0.32715328709649266,26.84630738522954,734,False,0.615512465846507,0.29164859422792533,48.70259481037924,515,False,0.8648119429270649,0.2332380441474342,47.604790419161674,526,False
E02000774,Redbridge 024,E09000026,Redbridge,0.6792300854355544,8891,7,38186,0,0,1,0.3108771600819514,0.7121861942797972,1.7674596299849468,0.3108771600819514,0.48240152809202347,45.60878243512974,546,False,0.7121861942797972,0.6335036180554747,67.06586826347305,331,False,0.7674596299849468,0.3919240095340384,55.38922155688623,448,False
E02000776,Redbridge 026,E09000026,Redbridge,0.6004226908250292,7345,11,41790,0,0,0,0.4548229136417236,1.096568132244604,2.309799316160529,0.4548229136417236,0.5522313423704615,51.59680638722555,486,False,1.096568132244604,0.7071874841651584,73.15369261477046,270,False,2.309799316160529,0.9558041155170796,88.82235528942117,113,False
E02000777,Redbridge 027,E09000026,Redbridge,3.499136400525526,6064,19,50747,0,0,2,0.8071104175238825,2.3303494452645483,3.858775344958752,0.8071104175238825,0.6566093827850399,74.25149700598801,259,False,2.3303494452645483,0.8119816040732903,89.62075848303394,105,False,1.8587753449587519,0.5019818481267319,62.07584830339321,381,False
E02000779,Redbridge 029,E09000026,Redbridge,0.902399029412322,9196,10,35015,1,5,6,0.3797387086207587,0.8163812029845701,2.050460298853422,-0.6202612913792414,-0.8475733012867304,15.469061876247507,848,False,-4.18361879701543,-3.3698909405778954,1.5968063872255487,987,False,-3.949539701146578,-1.7966536479165414,6.786427145708583,935,False
E02000781,Redbridge 031,E09000026,Redbridge,1.8835726061093327,16767,26,39372,0,0,0,0.938064442664076,2.6531081927908247,7.47231196400787,0.938064442664076,0.6825515045619504,83.03393213572853,171,False,2.6531081927908247,0.8263266617888443,93.11377245508982,70,True,7.47231196400787,1.1211872831761243,99.60079840319361,5,True
E02000782,Redbridge 032,E09000026,Redbridge,0.7125072636927624,12863,11,37087,1,2,5,0.4434578876309717,1.0851502049584347,3.0211415168956144,-0.5565421123690283,-0.6871744352826459,18.562874251497004,817,False,-0.9148497950415653,-0.5947780798375073,17.26546906187625,830,False,-1.9788584831043856,-0.6574142201266214,18.962075848303392,813,False
E02000783,Redbridge 033,E09000026,Redbridge,0.5664450474062692,7803,8,33991,0,0,2,0.3110648528058941,0.6324438842148368,1.5675462195630998,0.3110648528058941,0.48251050910923443,45.808383233532936,544,False,0.6324438842148368,0.6121304475206057,65.46906187624751,347,False,-0.4324537804369002,-0.24199776941027273,29.840319361277444,704,False
E02000784,Richmond upon Thames 001,E09000027,Richmond upon Thames,3.009730702610429,9902,39,61357,2,7,9,1.82390270310572,7.34758670720063,11.138879186663726,-0.17609729689428,-0.07565279168158907,36.227544910179645,640,False,0.34758670720063023,0.04276414411921974,36.427145708582835,638,False,2.1388791866637256,0.22151001932531944,47.20558882235529,530,False
E02000785,Richmond upon Thames 002,E09000027,Richmond upon Thames,4.3396608026592585,9832,39,67261,0,4,6,2.0447771207519096,9.414902079903449,13.136430032167365,2.0447771207519096,0.798209582783024,99.40119760479041,7,True,5.414902079903449,0.5263868018021745,60.37924151696606,398,False,7.136430032167365,0.6324604783157142,69.46107784431138,307,False
E02000786,Richmond upon Thames 003,E09000027,Richmond upon Thames,1.9380328615766595,11445,38,60359,1,3,7,1.785243474758874,7.273049844645348,11.90971969500188,0.7852434747588739,0.34340265556100263,43.812375249500995,564,False,4.273049844645348,0.5308054510725303,60.578842315369265,396,False,4.909719695001881,0.47740766109908434,60.47904191616767,397,False
E02000787,Richmond upon Thames 004,E09000027,Richmond upon Thames,1.8435564075623097,12272,31,58567,0,1,3,1.4830845735927731,5.898289933341602,10.497521880187344,1.4830845735927731,0.7549079459337249,96.9061876247505,32,True,4.898289933341602,0.7406706504619387,76.54690618762476,236,False,7.497521880187344,0.8209190722976268,80.13972055888223,200,False
E02000788,Richmond upon Thames 005,E09000027,Richmond upon Thames,1.0846250066760563,9062,13,60280,2,7,9,0.7546271030731386,2.8893574913301787,4.956916826674657,-1.2453728969268614,-1.064028125296071,12.275449101796406,880,False,-4.110642508669821,-1.1881697648966814,11.177644710578843,891,False,-4.043083173325343,-0.8777900802130348,14.870259481037923,854,False
E02000789,Richmond upon Thames 006,E09000027,Richmond upon Thames,1.8356326594088903,6365,27,56081,0,2,3,1.1808549689505656,3.8874806420814583,5.788561157866544,1.1808549689505656,0.7203178049248422,92.41516966067864,77,True,1.8874806420814583,0.4186763113662457,55.28942115768463,449,False,2.7885611578665443,0.5273678868860758,63.47305389221557,367,False
E02000790,Richmond upon Thames 007,E09000027,Richmond upon Thames,0.8383451874455481,6621,12,67416,1,1,2,0.7930780003342416,3.3850814800138664,4.840539547605638,-0.20692199966575842,-0.17051207251254366,32.634730538922156,676,False,2.3850814800138664,0.5991280417298008,64.57085828343313,356,False,2.840539547605638,0.6297675571946438,69.061876247505,311,False
E02000791,Richmond upon Thames 008,E09000027,Richmond upon Thames,1.1725978007783977,6228,30,69718,2,10,13,1.6704833700552697,7.497184903836121,9.09944818808376,-0.3295166299447303,-0.1522290244605325,33.33333333333333,669,False,-2.5028150961638786,-0.30211641887909446,22.255489021956087,780,False,-3.9005518119162392,-0.4880021127797867,22.055888223552895,782,False
E02000792,Richmond upon Thames 009,E09000027,Richmond upon Thames,1.3691157998517138,7245,13,64250,0,2,3,0.797740441522459,3.212798233231316,4.865306478752415,0.797740441522459,0.65455917730059,73.95209580838323,262,False,1.2127982332313159,0.3191666930275079,49.9001996007984,503,False,1.865306478752415,0.41169574622257576,56.58682634730538,436,False
E02000793,Richmond upon Thames 010,E09000027,Richmond upon Thames,1.3264395681676706,8230,21,49324,1,5,9,0.8705059607550075,2.554421608834497,4.632188621414616,-0.12949403924499248,-0.09963253962554612,35.32934131736527,649,False,-2.445578391165503,-0.7872131847651953,14.471057884231536,858,False,-4.367811378585384,-1.0065591711575854,12.4750499001996,878,False
E02000794,Richmond upon Thames 011,E09000027,Richmond upon Thames,1.464344795351416,7191,26,60994,0,1,2,1.274446811937176,4.780717165962123,6.910444066051015,1.274446811937176,0.7322283366099718,93.812375249501,63,True,3.7807171659621233,0.6944608915751762,71.55688622754491,286,False,4.910444066051015,0.7913031924462629,77.64471057884231,225,False
E02000795,Richmond upon Thames 012,E09000027,Richmond upon Thames,12.117848983206086,6878,26,61169,3,5,7,1.273995093875273,4.764980294518939,6.78803539802644,-1.726004906124727,-0.9919468744736256,13.672654690618764,866,False,-0.23501970548106144,-0.043300626157117765,33.03393213572854,672,False,-0.21196460197355993,-0.03471728680629647,36.227544910179645,640,False
E02000796,Richmond upon Thames 013,E09000027,Richmond upon Thames,1.912032660204516,11488,26,46244,0,0,1,1.006571774396267,2.963418682538063,6.188590144616375,1.006571774396267,0.69438791346364,86.52694610778443,136,False,2.963418682538063,0.837691470904225,95.10978043912176,50,True,5.188590144616375,0.924032766532348,87.2255489021956,129,False
E02000797,Richmond upon Thames 014,E09000027,Richmond upon Thames,0.9993196979305012,8187,19,66068,2,7,12,1.1163728486287146,4.798434245482025,7.008378700827269,-0.8836271513712854,-0.563043095349695,21.057884231536928,792,False,-2.2015657545179748,-0.4030214243059717,19.960079840319363,803,False,-4.991621299172731,-0.7941405812086155,16.26746506986028,840,False
E02000798,Richmond upon Thames 015,E09000027,Richmond upon Thames,2.4557761264142166,11445,35,52838,0,0,2,1.4447697825554593,4.952102572301164,9.079556638974823,1.4447697825554593,0.7510907005765011,96.6067864271457,35,True,4.952102572301164,0.8806072651362302,99.30139720558883,8,True,7.0795566389748235,0.8875327306680898,85.32934131736528,148,False
E02000799,Richmond upon Thames 016,E09000027,Richmond upon Thames,1.3203144986990896,6447,23,62027,0,1,2,1.171381228468532,4.421811755018644,6.220605379765683,1.171381228468532,0.7190413264420985,92.21556886227546,79,True,3.421811755018644,0.6751464459819475,70.15968063872255,300,False,4.220605379765683,0.7481544929564005,75.3493013972056,248,False
E02000800,Richmond upon Thames 017,E09000027,Richmond upon Thames,1.9543702410936328,5513,12,50074,0,0,0,0.5579905042438651,1.5623211216475312,2.708394919201647,0.5579905042438651,0.5900129408758876,57.18562874251497,430,False,1.5623211216475312,0.760796047679914,79.34131736526946,208,False,2.708394919201647,0.9848984190042096,90.71856287425149,94,True
E02000801,Richmond upon Thames 018,E09000027,Richmond upon Thames,1.0162235312036492,7274,21,65702,1,1,3,1.1844179419829417,4.950506327526094,6.922890449784672,0.1844179419829417,0.11223015281437577,40.21956087824351,600,False,3.950506327526094,0.7027072624098664,72.45508982035929,277,False,3.9228904497846724,0.6311271980268305,69.16167664670658,310,False
E02000802,Richmond upon Thames 019,E09000027,Richmond upon Thames,1.449462511790049,7139,16,57897,1,1,3,0.8239049144889484,2.8662562485248597,4.590518874377924,-0.17609508551105157,-0.1411089687769764,33.83233532934132,664,False,1.8662562485248597,0.5432556483649756,60.97804391217565,392,False,1.5905188743779242,0.3694488870135823,54.091816367265466,461,False
E02000803,Richmond upon Thames 020,E09000027,Richmond upon Thames,1.949619223031768,10051,32,48260,0,0,2,1.2108399226986897,3.6211647830391,6.771098703393596,1.2108399226986897,0.7242689639365808,92.71457085828342,74,True,3.6211647830391,0.8563094703759339,97.60479041916167,25,True,4.771098703393596,0.7832256584899935,77.24550898203593,229,False
E02000804,Richmond upon Thames 021,E09000027,Richmond upon Thames,3.74854208888201,7085,23,57491,2,5,7,1.080465983245626,3.728761463811915,5.7196489260416365,-0.919534016754374,-0.6008858592256598,20.25948103792415,800,False,-1.271238536188085,-0.29279640614806784,22.75449101796407,775,False,-1.2803510739583635,-0.24475008702929607,29.44111776447106,708,False
E02000805,Richmond upon Thames 022,E09000027,Richmond upon Thames,2.745739246679677,10504,24,59843,0,1,3,1.218388051985031,4.788698482821252,8.083591726339925,1.218388051985031,0.7252428583573414,92.91417165668663,72,True,3.7886984828212524,0.6948604491961928,71.6566866267465,285,False,5.083591726339925,0.709617975728262,73.85229540918164,263,False
E02000806,Richmond upon Thames 023,E09000027,Richmond upon Thames,6.876822636252155,10274,54,56798,2,4,5,2.17015538318811,7.959445621235096,12.476967753050983,0.17015538318810997,0.06315627184109625,39.02195608782435,612,False,3.959445621235096,0.45162441742052517,56.786427145708586,434,False,7.4769677530509835,0.6957692488376771,72.35528942115769,278,False
E02000807,Southwark 001,E09000028,Southwark,0.9786367625953876,8145,13,58965,0,0,1,0.7274441899469445,2.648208427215243,4.462789242075767,0.7274441899469445,0.6382071352359099,69.16167664670658,310,False,2.648208427215243,0.8261299916558655,93.01397205588823,71,True,3.4627892420757673,0.8244476658427321,80.33932135728543,198,False
E02000808,Southwark 002,E09000028,Southwark,1.2274760480665952,11141,50,51749,12,37,45,1.8692230216802403,6.222674678418876,10.917111148225992,-10.13077697831976,-4.264176001486216,0.6986027944111777,996,False,-30.777325321581124,-4.426826835409735,1.1976047904191618,991,False,-34.08288885177401,-3.597086903802726,0.998003992015968,993,False
E02000810,Southwark 004,E09000028,Southwark,0.7484288053320599,11890,20,47649,0,0,5,0.8478766888012369,2.596238450884813,5.589748402403627,0.8478766888012369,0.6652072805386885,76.94610778443113,232,False,2.596238450884813,0.8240072625937815,92.51497005988024,76,True,0.589748402403627,0.11507620220217127,43.11377245508982,571,False
E02000812,Southwark 006,E09000028,Southwark,0.701537370773438,11366,26,44815,3,8,14,0.9774679032620356,2.7775783699803323,5.886208410936416,-2.0225320967379643,-1.4266577499615247,7.884231536926148,924,False,-5.222421630019667,-1.5627025430717099,7.385229540918163,929,False,-8.113791589063585,-1.5116088280402313,7.884231536926148,924,False
E02000813,Southwark 007,E09000028,Southwark,0.9688576623961134,10449,39,50261,0,2,8,1.478671899235756,4.676972627901622,8.422031785736062,1.478671899235756,0.7544754890384501,96.8063872255489,33,True,2.6769726279016224,0.501730140151822,59.48103792415169,407,False,0.4220317857360616,0.0567238142858913,40.119760479041915,601,False
E02000814,Southwark 008,E09000028,Southwark,1.2217147939590172,10780,28,61161,0,0,0,1.4147097450376334,5.772005100132768,9.481992079778491,1.4147097450376334,0.7479941478549299,96.20758483033931,39,True,5.772005100132768,0.8905678056747659,99.7005988023952,4,True,9.481992079778491,1.1417265463682729,100.0,1,True
E02000815,Southwark 009,E09000028,Southwark,0.42113488055643,8906,21,57536,0,2,7,1.0300684819947123,3.70300603494655,6.1661429547265,1.0300684819947123,0.6982130745268379,87.2255489021956,129,False,1.70300603494655,0.39469944378022753,53.79241516966068,464,False,-0.8338570452734997,-0.148988462623905,32.634730538922156,676,False
E02000816,Southwark 010,E09000028,Southwark,0.7594435293490516,9739,18,44922,3,4,9,0.7223343330709567,1.979634287458048,4.122856248252286,-2.2776656669290434,-2.008422014096273,5.089820359281437,952,False,-2.020365712541952,-0.8086694478754785,13.972055888223553,863,False,-4.877143751747714,-1.2440220455503794,9.980039920159681,903,False
E02000817,Southwark 011,E09000028,Southwark,0.662344711485284,6999,15,37574,1,2,3,0.5267994600120803,1.1467775027268698,2.427596833538651,-0.47320053998791967,-0.5204570782270732,22.055888223552895,782,False,-0.8532224972731302,-0.5314930841029882,18.063872255489024,822,False,-0.5724031664613491,-0.22756338740274837,30.13972055888224,701,False
E02000818,Southwark 012,E09000028,Southwark,0.5853755457409328,10726,21,48209,3,7,9,0.8777598612080489,2.6538534706580865,5.385080701945637,-2.122240138791951,-1.6228138468066653,6.487025948103792,938,False,-4.3461465293419135,-1.3533025023560543,9.281437125748502,910,False,-3.614919298054363,-0.7292358188571124,17.664670658682635,826,False
E02000819,Southwark 013,E09000028,Southwark,0.5367464466920763,8505,11,40498,1,3,5,0.4497411602616601,1.0801764455152871,2.422649460491809,-0.5502588397383399,-0.6731107031502255,18.962075848303392,813,False,-1.9198235544847129,-1.252574314306774,10.578842315369261,897,False,-2.577350539508191,-1.0263364620859312,11.976047904191617,883,False
E02000820,Southwark 014,E09000028,Southwark,0.4497972577870768,9478,14,45483,1,3,3,0.600990928321138,1.655923909077294,3.4977539266526985,-0.399009071678862,-0.4007673416281214,24.35129740518962,759,False,-1.344076090922706,-0.6240903659760126,16.26746506986028,840,False,0.49775392665269846,0.14619019375877396,44.11177644710579,561,False
E02000821,Southwark 015,E09000028,Southwark,0.7183035784558403,9167,12,43853,1,1,2,0.5164566315498029,1.360052819916686,2.958394412826089,-0.4835433684501971,-0.5390546680739882,21.656686626746506,786,False,0.3600528199166859,0.19607951605668708,43.712574850299404,565,False,0.9583944128260891,0.32400619325906965,51.49700598802395,487,False
E02000822,Southwark 016,E09000028,Southwark,0.479176714034056,6806,6,39083,1,1,3,0.2768574151084649,0.617533293302581,1.4212433787497978,-0.7231425848915352,-1.2057816995156259,10.379241516966067,899,False,-0.382466706697419,-0.3764374904457256,20.65868263473054,796,False,-1.5787566212502022,-0.9506804267144341,13.572854291417165,867,False
E02000823,Southwark 017,E09000028,Southwark,0.6434629643822558,8736,16,49798,1,2,4,0.7171710812044169,2.1474994380847905,4.086141033485546,-0.28282891879558314,-0.25068480604748783,29.241516966067866,710,False,0.1474994380847905,0.05511051584723558,37.4251497005988,628,False,0.08614103348554636,0.02214291007713397,38.822355289421154,614,False
E02000824,Southwark 018,E09000028,Southwark,0.9710188488459268,10117,18,42312,1,1,3,0.6896141799040677,1.7953417256040702,3.931549781382773,-0.3103858200959323,-0.2829358611038928,28.043912175648707,722,False,0.7953417256040702,0.3454426054357453,51.29740518962076,489,False,0.9315497813827731,0.2475637514749275,48.60279441117765,516,False
E02000825,Southwark 019,E09000028,Southwark,0.5324694565299789,10167,6,43079,0,0,1,0.3116558564637763,0.8207623269638614,2.03946339307413,0.3116558564637763,0.48285329020933043,46.007984031936125,542,False,0.8207623269638614,0.6585239441785435,68.76247504990019,314,False,1.0394633930741302,0.4748607569757731,60.27944111776448,399,False
E02000826,Southwark 020,E09000028,Southwark,0.5497243304623776,10079,6,48373,1,1,1,0.3451901960601344,1.0242093740577,2.360196518450229,-0.6548098039398655,-0.9511652710364079,14.271457085828343,860,False,0.024209374057700073,0.016452923719334295,35.728542914171655,645,False,1.3601965184502292,0.5531769552730434,64.67065868263472,355,False
E02000827,Southwark 021,E09000028,Southwark,0.6812594704707692,11640,26,44409,2,3,12,0.9729619977988664,2.755908996207809,5.935641582723889,-1.0270380022011336,-0.7269909012306542,17.56487025948104,827,False,-0.24409100379219106,-0.07354165417121451,32.035928143712574,682,False,-6.064358417276111,-1.121342228001904,11.177644710578843,891,False
E02000828,Southwark 022,E09000028,Southwark,0.6360972463453081,9678,21,45155,1,6,8,0.8166346953009447,2.2493611359993984,4.567373388238437,-0.18336530469905532,-0.147894993410599,33.63273453093812,666,False,-3.7506388640006016,-1.3470739085655716,9.3812375249501,909,False,-3.432626611761563,-0.8008754501659044,15.868263473053892,844,False
E02000829,Southwark 023,E09000028,Southwark,0.7925525464343652,10904,15,44391,2,3,7,0.6306724727777958,1.750125745429242,3.931978908933,-1.3693275272222043,-1.3297415332032803,8.78243512974052,915,False,-1.249874254570758,-0.5544654973874218,17.56487025948104,827,False,-3.068021091067,-0.8152644550016265,15.6686626746507,846,False
E02000830,Southwark 024,E09000028,Southwark,0.8357030833380753,9213,12,55935,1,7,10,0.6540572909636025,2.2735734101227445,4.204062145102927,-0.34594270903639746,-0.3274306621114015,26.746506986027946,735,False,-4.7264265898772555,-1.6820593709085132,6.686626746506986,936,False,-5.795937854897073,-1.4535947416337296,8.483033932135728,918,False
E02000831,Southwark 025,E09000028,Southwark,0.8058000203296221,9630,19,54320,2,9,12,0.903318153098327,3.063639021869169,5.552935157459014,-1.096681846901673,-0.820854653928002,16.067864271457086,842,False,-5.936360978130831,-1.6295040186525243,6.88622754491018,934,False,-6.447064842540986,-1.2654479204137303,9.880239520958083,904,False
E02000832,Southwark 026,E09000028,Southwark,0.8457291032966663,9744,23,44172,1,3,6,0.860384027682133,2.3219728457862683,4.734572234430432,-0.13961597231786704,-0.1083561274284109,34.930139720558884,653,False,-0.6780271542137317,-0.2369815959306095,25.0499001996008,752,False,-1.2654277655695676,-0.2860727715566509,28.043912175648707,722,False
E02000833,Southwark 027,E09000028,Southwark,0.8262426973027802,7250,19,51351,0,0,1,0.8284177222773296,2.4898794377756546,4.282645713381871,0.8284177222773296,0.661167033123228,75.44910179640718,247,False,2.4898794377756546,0.8194427520094865,91.51696606786427,86,True,3.2826457133818714,0.8101338805672542,79.14171656686626,210,False
E02000834,Southwark 028,E09000028,Southwark,1.2136526423803513,9162,27,55942,0,4,7,1.2179834404232837,4.2530430999570665,7.075488235870554,1.2179834404232837,0.7251908605594135,92.81437125748504,73,True,0.25304309995706653,0.05173191746505235,36.92614770459082,633,False,0.0754882358705542,0.011905889397171071,38.42315369261477,618,False
E02000835,Southwark 029,E09000028,Southwark,1.4598759284421532,7589,24,55273,0,0,0,1.0760587945377322,3.5704519406316253,5.724737486090332,1.0760587945377322,0.705383560059155,89.02195608782435,111,False,3.5704519406316253,0.8550806931960359,97.40518962075848,27,True,5.724737486090332,1.0934615149665425,98.70259481037924,14,True
E02000836,Southwark 030,E09000028,Southwark,0.7560967980540666,8259,15,59089,2,7,8,0.813723283835486,2.98110177607432,4.947624587322897,-1.186276716164514,-0.9593145807254168,13.972055888223553,863,False,-4.01889822392568,-1.130106884563077,11.676646706586826,886,False,-3.0523754126771028,-0.6637974254031211,18.7624750499002,815,False
E02000837,Southwark 031,E09000028,Southwark,2.3808002307848577,8639,38,74871,1,2,4,2.2906203531034444,12.223770781238407,14.7313147902298,1.2906203531034444,0.4574550071751816,44.61077844311377,556,False,10.223770781238407,0.773430893170017,81.83632734530939,183,False,10.7313147902298,0.8528652887459122,82.03592814371258,181,False
E02000838,Southwark 032,E09000028,Southwark,1.0698375141162149,9457,30,53942,0,0,1,1.2767064814306397,4.28968258657454,7.316617372623836,1.2767064814306397,0.7325010989196554,93.91217564870259,62,True,4.28968258657454,0.8701493529174654,98.90219560878243,12,True,6.316617372623836,0.9662208922479547,89.52095808383234,106,False
E02000839,Southwark 033,E09000028,Southwark,2.761751400018597,8252,38,59411,0,1,3,1.6864555566666273,6.262984342014539,9.173328957154144,1.6864555566666273,0.7730306798489655,98.90219560878243,12,True,5.262984342014539,0.7524358914897972,77.84431137724552,223,False,6.173328957154144,0.766571021637634,76.34730538922156,238,False
E02000840,Sutton 001,E09000029,Sutton,1.3675140049280787,9374,21,39211,0,1,3,0.7245852464981271,1.7301758350753944,3.763914023837804,0.7245852464981271,0.6375033299794455,68.76247504990019,314,False,0.7301758350753944,0.3270047155974843,50.399201596806385,498,False,0.7639140238378039,0.2107563338324808,46.9061876247505,533,False
E02000841,Sutton 002,E09000029,Sutton,1.1548504214143702,9345,23,40765,0,0,3,0.8012115423931067,1.9823942738873777,4.168429576939166,0.8012115423931067,0.6553220180308307,74.05189620758483,261,False,1.9823942738873777,0.7925413249331279,85.42914171656687,147,False,1.1684295769391664,0.29520828395366866,50.49900199600798,497,False
E02000842,Sutton 003,E09000029,Sutton,1.6184684066828343,8555,21,42882,0,0,3,0.7707319580089977,1.9656534958223564,3.940278950872955,0.7707319580089977,0.6484851886528159,71.8562874251497,283,False,1.9656534958223564,0.7914741477706773,85.02994011976048,151,False,0.9402789508729552,0.24940670672797052,48.70259481037924,515,False
E02000843,Sutton 004,E09000029,Sutton,1.2782917229226445,10522,20,52927,0,0,3,0.9244612413042064,3.0987595679501454,5.887479900091742,0.9244612413042064,0.6800710935817471,82.63473053892216,175,False,3.0987595679501454,0.8420571838238211,95.70858283433134,44,True,2.8874799000917424,0.5378365590078387,63.772455089820355,364,False
E02000844,Sutton 005,E09000029,Sutton,1.0109858082000454,8866,18,42546,0,1,2,0.682414561536488,1.7372152772825864,3.611755123998692,0.682414561536488,0.6267343138716378,65.86826347305389,343,False,0.7372152772825864,0.3290508689007705,50.49900199600798,497,False,1.6117551239986918,0.4606291626725761,59.3812375249501,408,False
E02000845,Sutton 006,E09000029,Sutton,1.506542860724674,9378,9,51012,1,1,6,0.4812504282323323,1.497238431656656,3.0866744561872914,-0.5187495717676678,-0.60653234873311,19.960079840319363,803,False,0.49723843165665604,0.25065295784582586,46.10778443113773,541,False,-2.9133255438127086,-0.950684309367139,13.47305389221557,868,False
E02000846,Sutton 007,E09000029,Sutton,1.3663406805964518,7744,25,44055,0,0,1,0.8942053421672169,2.303582433595828,4.305042688104248,0.8942053421672169,0.6743872027216429,80.63872255489022,195,False,2.303582433595828,0.8106501859832317,88.92215568862275,112,False,3.3050426881042476,0.8119689407670341,79.54091816367266,206,False
E02000847,Sutton 008,E09000029,Sutton,1.5418105706275995,9636,13,46086,0,0,2,0.5761052999491018,1.614278812262842,3.434695349071644,0.5761052999491018,0.5958865785177495,58.58283433133733,416,False,1.614278812262842,0.7653730502987203,80.53892215568862,196,False,1.434695349071644,0.42792213415101077,57.38522954091816,428,False
E02000848,Sutton 009,E09000029,Sutton,1.149543227174486,8210,20,45355,1,1,3,0.7756446469404581,2.076746325396242,3.9966448441064792,-0.2243553530595419,-0.18789941281504283,31.736526946107784,685,False,1.076746325396242,0.4139048243507304,54.890219560878236,453,False,0.9966448441064792,0.2611403058232598,49.50099800399202,507,False
E02000849,Sutton 010,E09000029,Sutton,1.1940465652529997,8222,16,46737,0,0,0,0.6714400533186975,1.8532197359068356,3.603109720982038,0.6714400533186975,0.623806801624136,64.97005988023952,352,False,1.8532197359068356,0.7839319052522916,83.63273453093812,165,False,3.603109720982038,1.0318510687420768,94.2115768463074,59,True
E02000850,Sutton 011,E09000029,Sutton,4.979580464695272,10994,43,44460,0,1,3,1.4359924075495731,4.0282739700451975,7.914925405594374,1.4359924075495731,0.7501959860904196,96.50698602794411,36,True,3.0282739700451975,0.6504244554712123,68.06387225548902,321,False,4.914925405594374,0.6995210266172532,72.65469061876247,275,False
E02000851,Sutton 012,E09000029,Sutton,1.1415956221172152,12512,29,46602,1,4,11,1.1177360478528076,3.396630344526776,7.2424184378483805,0.11773604785280756,0.0749500833774055,39.421157684630735,608,False,-0.603369655473224,-0.15110488207100706,28.74251497005988,715,False,-3.7575815621516195,-0.5801582557213721,20.059880239520957,802,False
E02000852,Sutton 013,E09000029,Sutton,0.948049121818716,8361,19,49254,1,1,1,0.8059251467938369,2.366388745939682,4.37320423823091,-0.19407485320616313,-0.15805604803015003,33.03393213572854,672,False,1.3663887459396822,0.4698638709040084,57.48502994011976,427,False,3.37320423823091,0.8174550634179425,79.94011976047905,202,False
E02000853,Sutton 014,E09000029,Sutton,1.2466976195644406,8389,15,46086,0,0,0,0.6324315257838341,1.7253692961980798,3.434449717553886,0.6324315257838341,0.6129474940635262,61.876247504990026,383,False,1.7253692961980798,0.77447425521981,82.03592814371258,181,False,3.434449717553886,1.024444740165506,93.812375249501,63,True
E02000854,Sutton 015,E09000029,Sutton,1.6268162739486742,7684,23,51432,1,2,5,0.9669841820726436,2.9437817631083645,5.018949666355788,-0.03301581792735642,-0.02347943230554118,37.12574850299401,631,False,0.9437817631083645,0.2683535423057329,47.00598802395209,532,False,0.01894966635578843,0.004069174842770389,38.02395209580838,622,False
E02000855,Sutton 016,E09000029,Sutton,1.860887694961178,8226,24,48521,2,3,6,0.9505453109394666,2.740746419177687,4.937845205368629,-1.0494546890605334,-0.7560437679331403,17.26546906187625,830,False,-0.2592535808223131,-0.078487786290696,31.53692614770459,687,False,-1.062154794631371,-0.23138973766869675,30.039920159680637,702,False
E02000856,Sutton 017,E09000029,Sutton,1.2528508766110815,9406,20,50065,1,2,8,0.862604412615321,2.6417658782421007,4.996246041430964,-0.13739558738467905,-0.10642941627433934,35.12974051896208,651,False,0.6417658782421007,0.20062925020829456,44.411177644710584,558,False,-3.0037539585690363,-0.647604589771446,19.261477045908183,810,False
E02000857,Sutton 018,E09000029,Sutton,1.0202533995264147,9243,20,49302,0,1,1,0.8481965332673421,2.5434383227841315,4.82965539798545,0.8481965332673421,0.6652727463788923,77.14570858283433,230,False,1.5434383227841315,0.49868163365315443,59.2814371257485,409,False,3.8296553979854497,0.8507468792328222,81.83632734530939,183,False
E02000858,Sutton 019,E09000029,Sutton,1.5330192216714444,8690,22,39773,0,0,0,0.7532347595771743,1.7949901633284364,3.750694347316797,0.7532347595771743,0.6444141953494911,70.85828343313374,293,False,1.7949901633284364,0.77974904981978,83.33333333333334,168,False,3.750694347316797,1.0379028144181168,94.81037924151696,53,True
E02000859,Sutton 020,E09000029,Sutton,1.710504708856975,8759,23,47940,0,0,1,0.915082069908568,2.63385310032386,4.910253437015769,0.915082069908568,0.6783341633405384,82.23552894211576,179,False,2.63385310032386,0.8255503930689779,92.81437125748504,73,True,3.9102534370157693,0.8560694402814252,82.13572854291418,180,False
E02000860,Sutton 021,E09000029,Sutton,0.8780144340993432,9188,14,45701,0,0,0,0.6014484797928616,1.65478742625471,3.445851668330721,0.6014484797928616,0.6037785097541418,59.88023952095808,403,False,1.65478742625471,0.7687953768179476,80.938123752495,192,False,3.445851668330721,1.0249630512914554,93.91217564870259,62,True
E02000861,Sutton 022,E09000029,Sutton,2.562099344229015,7806,22,56066,1,2,3,1.024047228352616,3.474758410447369,5.6213238069210405,0.02404722835261608,0.01637304996466588,38.02395209580838,622,False,1.474758410447369,0.3618946661858443,52.09580838323353,481,False,2.6213238069210405,0.5089238760744766,62.6746506986028,375,False
E02000863,Sutton 024,E09000029,Sutton,6.56436391629639,6749,23,48408,0,0,2,0.9013974841334822,2.5079596771918355,4.295908775590708,0.9013974841334822,0.6757597486625322,81.1377245508982,190,False,2.5079596771918355,0.8202404986824502,91.71656686626747,84,True,2.295908775590708,0.5650923794898632,65.5688622754491,346,False
E02000864,Tower Hamlets 001,E09000030,Tower Hamlets,1.2620288874552978,11754,31,44640,2,5,7,1.123280564945074,3.210567795192032,6.766838487653487,-0.8767194350549261,-0.555981528363356,21.35728542914172,789,False,-1.789432204807968,-0.47120761561544977,18.7624750499002,815,False,-0.23316151234651272,-0.0382977939691909,36.02794411177645,642,False
E02000865,Tower Hamlets 002,E09000030,Tower Hamlets,0.4636901772728884,8239,11,41789,0,2,6,0.4597349729783092,1.1306048894991512,2.4659518232556152,0.4597349729783092,0.5542201283422957,52.09580838323353,481,False,-0.8693951105008488,-0.5475742165436803,17.864271457085827,824,False,-3.5340481767443848,-1.387281443402956,9.181636726546905,911,False
E02000866,Tower Hamlets 003,E09000030,Tower Hamlets,1.1345073540797,11205,25,48194,1,6,8,1.0106260004422467,3.090870996932222,6.2487506974411735,0.010626000442246708,0.00730801113617178,37.924151696606785,623,False,-2.909129003067778,-0.7923132323455627,14.271457085828343,860,False,-1.7512493025588265,-0.3091684929423536,27.245508982035926,730,False
E02000867,Tower Hamlets 004,E09000030,Tower Hamlets,0.8089073700885979,12161,14,51193,1,2,5,0.6938428913881756,2.312469455329818,5.0179224391106665,-0.30615710861182444,-0.27786586995297324,28.2435129740519,720,False,0.31246945532981796,0.10959815643336762,40.7185628742515,595,False,0.017922439110666488,0.00384928888109666,37.924151696606785,623,False
E02000868,Tower Hamlets 005,E09000030,Tower Hamlets,0.3591839958180472,7484,8,46816,1,6,8,0.3979406950567777,1.0775285086449788,2.2157676838867824,-0.6020593049432224,-0.7981194766793243,16.56686626746507,837,False,-4.922471491355021,-3.217704091008666,1.6966067864271457,986,False,-5.784232316113218,-2.474434149552613,3.792415169660679,965,False
E02000869,Tower Hamlets 006,E09000030,Tower Hamlets,0.3213090823003375,6076,3,43418,3,9,12,0.1896963492575267,0.457914981679582,1.0415288385482344,-2.8103036507424735,-5.878105092694486,0.19960079840319359,1001,False,-8.542085018320417,-10.313615835908728,0.09980039920159679,1002,False,-10.958471161451765,-8.261886273885802,0.09980039920159679,1002,False
E02000870,Tower Hamlets 007,E09000030,Tower Hamlets,0.3950523585947575,6425,8,42094,1,4,7,0.3583307212660437,0.8506170913064237,1.7897050603066251,-0.6416692787339563,-0.9101338490094382,14.97005988023952,853,False,-3.1493829086935765,-2.461090208830908,3.493013972055888,968,False,-5.210294939693375,-2.6352653623715776,2.9940119760479043,973,False
E02000871,Tower Hamlets 008,E09000030,Tower Hamlets,0.6690550847242358,12489,30,42354,0,1,4,1.056294075917306,2.911639008489871,6.5423829406816765,1.056294075917306,0.7023517028220838,88.32335329341318,118,False,1.9116390084898711,0.5488326464648419,61.27744510978044,389,False,2.5423829406816765,0.4305780239252098,57.48502994011976,427,False
E02000872,Tower Hamlets 009,E09000030,Tower Hamlets,0.4574180163580748,8189,8,43512,3,8,10,0.3762852560260572,0.9595653488407124,2.1213087062924094,-2.6237147439739426,-3.606436793424167,1.4970059880239521,988,False,-7.040434651159288,-5.027603355641524,0.998003992015968,993,False,-7.878691293707591,-3.4891428618865272,1.1976047904191618,991,False
E02000873,Tower Hamlets 010,E09000030,Tower Hamlets,0.504675493872556,10733,11,43504,0,1,2,0.4898608979021567,1.3242654533137364,3.109792397806723,0.4898608979021567,0.5659696264319396,53.1936127744511,470,False,0.32426545331373635,0.18038201461023787,43.013972055888225,572,False,1.1097923978067228,0.35989823992500214,53.293413173652695,469,False
E02000874,Tower Hamlets 011,E09000030,Tower Hamlets,0.3428002370139738,7901,19,41414,0,0,3,0.6878292192864551,1.6706515514018598,3.373599618407348,0.6878292192864551,0.6281590731517324,66.26746506986028,339,False,1.6706515514018598,0.7701024405929711,81.23752495009981,189,False,0.373599618407348,0.11313783195520247,43.013972055888225,572,False
E02000875,Tower Hamlets 012,E09000030,Tower Hamlets,0.6674615980711587,14362,15,42908,0,0,0,0.6387337177277201,1.8500451665869115,4.852863791602742,0.6387337177277201,0.6147518094082906,62.6746506986028,375,False,1.8500451665869115,0.7837089615051264,83.53293413173652,166,False,4.852863791602742,1.0735059770707236,97.80439121756487,23,True
E02000876,Tower Hamlets 013,E09000030,Tower Hamlets,0.5385819356645432,7682,19,40858,4,5,11,0.6786191153392109,1.619539700680129,3.26719544894256,-3.321380884660789,-3.062514380575505,2.095808383233533,982,False,-3.380460299319871,-1.5985032688670255,7.18562874251497,931,False,-7.7328045510574395,-2.4059128958415137,3.992015968063872,963,False
E02000877,Tower Hamlets 014,E09000030,Tower Hamlets,0.8076587103829741,14485,30,40994,1,2,5,1.0536578533058532,2.9429013825402537,7.280822552876765,0.053657853305853154,0.035746600717550696,38.522954091816366,617,False,0.9429013825402537,0.2681738736622328,46.9061876247505,533,False,2.2808225528767654,0.3504536304324375,52.99401197604791,472,False
E02000878,Tower Hamlets 015,E09000030,Tower Hamlets,0.6383997477807841,11329,21,47777,5,27,31,0.8767359395236944,2.660044664504899,5.558515775636888,-4.123264060476306,-3.1556738861167597,1.8962075848303395,984,False,-24.3399553354951,-7.563597225933534,0.39920159680638717,999,False,-25.441484224363112,-4.989247948489317,0.5988023952095809,997,False
E02000879,Tower Hamlets 016,E09000030,Tower Hamlets,0.4438761304155972,8841,9,37127,0,1,1,0.3647118643511335,0.8159011116041975,1.989350107454393,0.3647118643511335,0.5114867353315476,47.30538922155689,529,False,-0.18409888839580246,-0.14835517796284184,28.842315369261478,714,False,0.9893501074543929,0.46088857371207,59.48103792415169,407,False
E02000880,Tower Hamlets 017,E09000030,Tower Hamlets,0.3723025028454607,7390,7,41917,1,1,4,0.3283564506030028,0.7924535691955161,1.7632124558803417,-0.6716435493969972,-1.0070058192046174,13.373253493013973,869,False,-0.20754643080448387,-0.17086483556203025,27.54491017964072,727,False,-2.2367875441196583,-1.1443923861199061,10.978043912175648,893,False
E02000881,Tower Hamlets 018,E09000030,Tower Hamlets,0.7513090340079231,11228,27,43107,0,1,2,0.9721253770281224,2.64902781835914,5.686821944556701,0.9721253770281224,0.6885686630174738,84.83033932135729,153,False,1.6490278183591398,0.514288914262944,60.079840319361274,401,False,3.6868219445567014,0.708408666656048,73.65269461077844,265,False
E02000882,Tower Hamlets 019,E09000030,Tower Hamlets,0.5741417430197172,11714,9,38543,0,2,4,0.3881179853087263,0.9559426128847796,2.557213165329084,0.3881179853087263,0.522922543409711,48.40319361277445,518,False,-1.0440573871152203,-0.747698203652357,14.870259481037923,854,False,-1.4427868346709158,-0.5498912391710596,20.85828343313373,794,False
E02000883,Tower Hamlets 020,E09000030,Tower Hamlets,0.4729086146890072,9979,14,35010,3,4,8,0.4929180884587968,1.0805576498587888,2.683466250587562,-2.5070819115412033,-2.8844921282075062,2.3952095808383236,979,False,-2.9194423501412112,-1.9042504956881452,5.688622754491018,946,False,-5.316533749412438,-1.9480611852256482,6.287425149700598,940,False
E02000884,Tower Hamlets 021,E09000030,Tower Hamlets,0.5455404557098438,14975,15,51922,1,9,20,0.7671463760759516,2.7686930948727477,6.580453719301123,-0.2328536239240484,-0.19658562418143255,31.437125748502993,688,False,-6.231306905127252,-1.8698285706458728,6.087824351297405,942,False,-13.419546280698878,-2.2608134319592414,4.790419161676647,955,False
E02000885,Tower Hamlets 022,E09000030,Tower Hamlets,0.3382605994240366,7307,10,33786,0,1,2,0.362409164082824,0.726396798769915,1.7235318322791515,0.362409164082824,0.510325072764208,47.20558882235529,530,False,-0.27360320123008497,-0.23994046650282203,24.850299401197603,754,False,-0.2764681677208485,-0.14394132304955476,32.734530938123754,675,False
E02000886,Tower Hamlets 023,E09000030,Tower Hamlets,0.5595580411154055,10037,13,56250,0,1,3,0.7058186418470388,2.518221281723624,4.740158003267833,0.7058186418470388,0.6328022693516324,67.26546906187625,329,False,1.518221281723624,0.49478884471009416,59.181636726546905,410,False,1.7401580032678332,0.3929865628253558,55.58882235528942,446,False
E02000887,Tower Hamlets 024,E09000030,Tower Hamlets,0.5822875294052625,11197,14,39335,0,1,2,0.5442237284981741,1.3533086067837743,3.322977034208546,0.5442237284981741,0.5854116574166208,56.187624750499,440,False,0.3533086067837743,0.19317152312569505,43.41317365269461,568,False,1.322977034208546,0.4057877051821194,56.287425149700596,439,False
E02000888,Tower Hamlets 025,E09000030,Tower Hamlets,0.6245758673022123,8835,28,51615,1,1,2,1.1472000043145325,3.602729934569469,6.246520694413722,0.1472000043145325,0.09183571990129259,39.72055888223553,605,False,2.602729934569469,0.6183057229554023,66.1676646706587,340,False,4.246520694413722,0.749929463234778,75.54890219560878,246,False
E02000889,Tower Hamlets 026,E09000030,Tower Hamlets,0.5797940304538158,9687,14,49308,1,2,5,0.6491730333211637,1.9614577375397784,3.9653929056346326,-0.3508269666788363,-0.33381686789838205,26.24750499001996,740,False,-0.03854226246022163,-0.015547014473773933,33.83233532934132,664,False,-1.0346070943653674,-0.2729286939749895,28.2435129740519,720,False
E02000890,Tower Hamlets 027,E09000030,Tower Hamlets,0.9259037975800378,5989,38,77442,0,2,4,2.3327984336547627,12.449176025148194,13.066358113758072,2.3327984336547627,0.8140213214314153,100.0,1,True,10.449176025148194,0.7766623733189902,82.43512974051896,177,False,9.066358113758072,0.8075844203806318,78.94211576846307,212,False
E02000893,Tower Hamlets 030,E09000030,Tower Hamlets,1.0658584514853249,8074,23,44579,0,0,0,0.8499813397168557,2.231098163326965,4.23914566370614,0.8499813397168557,0.665637509992789,77.34530938123753,228,False,2.231098163326965,0.8069195253009578,88.42315369261478,117,False,4.23914566370614,1.0555151788502506,96.30738522954093,38,True
E02000894,Tower Hamlets 031,E09000030,Tower Hamlets,0.8417489077305866,11032,15,53065,0,0,0,0.7480778233493235,2.5391557772598667,5.095605855205812,0.7480778233493235,0.643193115217905,70.65868263473054,295,False,2.5391557772598667,0.8215955608009933,92.01596806387225,81,True,5.095605855205812,1.0796300236873955,98.00399201596807,21,True
E02000895,Waltham Forest 001,E09000031,Waltham Forest,2.192708631609809,8297,51,41501,0,0,0,1.5025396834375018,3.7143907677940073,6.6871793121715495,1.5025396834375018,0.7567929752927001,97.1057884231537,30,True,3.7143907677940073,0.8584938224262084,97.70459081836327,24,True,6.6871793121715495,1.1102760561120324,99.50099800399201,6,True
E02000896,Waltham Forest 002,E09000031,Waltham Forest,2.81420398952383,9288,30,47173,2,3,5,1.1165296422710111,3.2009043100840326,5.946405032821129,-0.8834703577289889,-0.5628820479641159,21.157684630738522,791,False,0.20090431008403264,0.05304562401659477,37.22554890219561,630,False,0.9464050328211293,0.17471223548914253,45.10978043912176,551,False
E02000897,Waltham Forest 003,E09000031,Waltham Forest,1.8811840344869948,8388,17,42627,1,1,1,0.6504181124939232,1.6406888134688289,3.3689498259798056,-0.34958188750607677,-0.3321823314607132,26.34730538922156,739,False,0.6406888134688289,0.2997548599115391,49.00199600798403,512,False,2.3689498259798056,0.7182300686101415,74.15169660678643,260,False
E02000898,Waltham Forest 004,E09000031,Waltham Forest,1.531251038587664,7973,16,42385,0,0,0,0.6149525201645377,1.5278817656957573,3.1211584829728056,0.6149525201645377,0.607837226059505,60.87824351297405,393,False,1.5278817656957573,0.7576391535197852,78.84231536926147,213,False,3.1211584829728056,1.009085918374735,92.41516966067864,77,True
E02000899,Waltham Forest 005,E09000031,Waltham Forest,1.203444762230262,8877,17,41152,2,6,11,0.6357039942129019,1.5672489800172906,3.346481576019947,-1.364296005787098,-1.3174738979607121,8.882235528942116,914,False,-4.432751019982709,-2.1530627697139293,4.69061876247505,956,False,-7.653518423980053,-2.333586689107179,4.590818363273453,957,False
E02000900,Waltham Forest 006,E09000031,Waltham Forest,1.553229393771458,9128,21,40043,0,0,4,0.734261838885099,1.7772646481154764,3.7864069608339777,0.734261838885099,0.6398726036088618,69.56087824351297,306,False,1.7772646481154764,0.7784352760521039,83.13373253493013,170,False,-0.21359303916602235,-0.058628060523833125,35.22954091816367,650,False
E02000901,Waltham Forest 007,E09000031,Waltham Forest,1.72018886338042,10229,21,49212,0,1,4,0.8897612157897217,2.7224200617518863,5.344893691987436,0.8897612157897217,0.673532240056226,80.43912175648703,197,False,1.7224200617518863,0.5245214150085818,60.27944111776448,399,False,1.3448936919874361,0.27311967595379405,50.0998003992016,501,False
E02000902,Waltham Forest 008,E09000031,Waltham Forest,1.2161135981143427,9667,14,45519,0,0,0,0.60278289013456,1.6692202997346102,3.5501645614732844,0.60278289013456,0.6041839905849989,59.980039920159676,402,False,1.6692202997346102,0.769985266164268,81.1377245508982,190,False,3.5501645614732844,1.0295849178880818,94.01197604790418,61,True
E02000903,Waltham Forest 009,E09000031,Waltham Forest,1.9663249068952824,10367,24,40844,0,0,1,0.8397248756116273,2.129837670057237,4.629816391734956,0.8397248756116273,0.6635285573794923,76.34730538922156,238,False,2.129837670057237,0.8013790806354385,87.32534930139721,128,False,3.6298163917349564,0.8368645874453048,81.1377245508982,190,False
E02000904,Waltham Forest 010,E09000031,Waltham Forest,1.459214053596816,8456,25,48109,0,1,1,0.9761109223217952,2.8030995032694928,5.097193749765471,0.9761109223217952,0.6892553001709765,85.12974051896207,150,False,1.8030995032694928,0.5352345441673731,60.67864271457086,395,False,4.097193749765471,0.8678522375061296,83.63273453093812,165,False
E02000905,Waltham Forest 011,E09000031,Waltham Forest,1.049431072499646,10411,14,49464,0,5,6,0.6568509416510525,2.024031198201373,4.200063958708985,0.6568509416510525,0.6198302477661679,63.772455089820355,364,False,-2.975968801798627,-1.1691038472016035,11.27744510978044,890,False,-1.7999360412910148,-0.45178859816105743,22.85429141716567,774,False
E02000906,Waltham Forest 012,E09000031,Waltham Forest,0.6181123733101139,9464,9,51411,0,0,0,0.4855125722655516,1.52727298821451,3.1420758465732512,0.4855125722655516,0.5643195817118762,52.99401197604791,472,False,1.52727298821451,0.7575824303331206,78.74251497005989,214,False,3.1420758465732512,1.0101835004983024,92.51497005988024,76,True
E02000907,Waltham Forest 013,E09000031,Waltham Forest,0.8936111963842072,11052,27,40445,2,6,6,0.9209870418334428,2.3520864780880752,5.199617682216532,-1.0790129581665573,-0.7960091115741255,16.666666666666664,836,False,-3.6479135219119248,-1.2609734805915076,10.379241516966067,899,False,-0.8003823177834679,-0.16657005373930106,32.23552894211577,680,False
E02000908,Waltham Forest 014,E09000031,Waltham Forest,2.3557870801343475,14531,27,51580,2,3,4,1.1933310764281404,4.248321136990867,9.244472536764892,-0.8066689235718596,-0.4880432941898766,22.85429141716567,774,False,1.2483211369908673,0.255464140983295,46.20758483033932,540,False,5.244472536764892,0.6465708603761048,70.05988023952095,301,False
E02000909,Waltham Forest 015,E09000031,Waltham Forest,1.3921878893823392,9241,19,51144,0,2,2,0.8450931394312239,2.6422423896984197,4.925180530655987,0.8450931394312239,0.6646362712540465,76.64670658682635,235,False,0.6422423896984197,0.20074668207823115,44.510978043912175,557,False,2.925180530655987,0.6386949170858783,69.56087824351297,306,False
E02000910,Waltham Forest 016,E09000031,Waltham Forest,0.7906218576105263,11340,14,48072,2,4,6,0.6464462814171047,1.9696997062029236,4.318938664189743,-1.3535537185828952,-1.2917579973384903,9.181636726546905,911,False,-2.0303002937970764,-0.8160921400902365,13.77245508982036,865,False,-1.6810613358102566,-0.41183944832212505,23.952095808383234,763,False
E02000911,Waltham Forest 017,E09000031,Waltham Forest,0.8905852572343282,13371,39,49977,4,13,23,1.5231472380232585,5.107227217277361,10.34576878471856,-2.4768527619767413,-1.2338380572261831,10.079840319361278,902,False,-7.892772782722639,-1.3641495037225992,9.081836327345309,912,False,-12.65423121528144,-1.404565219164764,8.78243512974052,915,False
E02000912,Waltham Forest 018,E09000031,Waltham Forest,2.499775188683487,9616,11,41177,0,0,0,0.4618726756179004,1.154829123332065,2.6798287692160185,0.4618726756179004,0.55507902918089,52.19560878243513,480,False,1.154829123332065,0.7154663886810145,74.15169660678643,260,False,2.6798287692160185,0.9830237023885008,90.41916167664671,97,True
E02000913,Waltham Forest 019,E09000031,Waltham Forest,1.0570841913225668,9626,21,42646,0,1,3,0.7771472503179758,2.018770950800601,4.2327703657175615,0.7771472503179758,0.649950568041947,72.35528942115769,278,False,1.0187709508006009,0.4011019321146537,54.29141716566866,459,False,1.2327703657175615,0.30735198417040954,50.898203592814376,493,False
E02000914,Waltham Forest 020,E09000031,Waltham Forest,0.6995578217397554,11993,18,39285,2,6,12,0.6649257690077537,1.6838600427869528,4.133693676708317,-1.3350742309922463,-1.2489725833962912,9.880239520958083,904,False,-4.316139957213047,-1.9767126091874252,5.489021956087824,948,False,-7.866306323291683,-2.0019168710092408,5.9880239520958085,943,False
E02000915,Waltham Forest 021,E09000031,Waltham Forest,1.4935577611548203,7946,24,52606,0,1,2,1.0259148578509525,3.227925667502032,5.44177297761046,1.0259148578509525,0.6975450996399853,87.02594810379242,131,False,2.227925667502032,0.5838700281683904,63.57285429141717,366,False,3.4417729776104604,0.6878594793556887,71.7564870259481,284,False
E02000916,Waltham Forest 022,E09000031,Waltham Forest,2.2225515612433338,10821,23,44258,3,5,10,0.8730742473749589,2.41799564386032,5.135675684582134,-2.1269257526250414,-1.632878023334881,6.387225548902195,939,False,-2.58200435613968,-0.8715374570435878,13.47305389221557,868,False,-4.864324315417866,-1.0234998476961081,12.075848303393213,882,False
E02000917,Waltham Forest 023,E09000031,Waltham Forest,0.6788538770826132,9427,11,47657,3,6,8,0.522905871612209,1.510168297553535,3.1854114796241526,-2.477094128387791,-2.7382685478015265,2.7944111776447107,975,False,-4.489831702446465,-2.2475653242795315,4.191616766467066,961,False,-4.814588520375848,-1.5302256300728103,7.684630738522954,926,False
E02000918,Waltham Forest 024,E09000031,Waltham Forest,0.8322795506052227,9371,24,44267,0,3,7,0.8870025566619857,2.379933203821932,4.750300918200763,0.8870025566619857,0.6729988698485344,80.13972055888223,200,False,-0.6200667961780679,-0.21217961491982515,26.147704590818364,741,False,-2.2496990817992373,-0.507104266139126,21.656686626746506,786,False
E02000919,Waltham Forest 025,E09000031,Waltham Forest,0.5624910158867582,9267,12,46493,1,5,5,0.5444010467059291,1.5263488642297618,3.215605800875015,-0.45559895329407085,-0.48997020942519726,22.654690618762473,776,False,-3.473651135770238,-1.7239032400237297,6.387225548902195,939,False,-1.7843941991249852,-0.5626611590419761,20.35928143712575,799,False
E02000920,Waltham Forest 026,E09000031,Waltham Forest,1.7469619894003474,10412,25,41775,0,2,5,0.8832267170945245,2.291364964806256,4.900915471578331,0.8832267170945245,0.672265506588743,79.74051896207584,204,False,0.29136496480625595,0.10300220007901653,40.41916167664671,598,False,-0.0990845284216686,-0.02172897692503668,36.62674650698603,636,False
E02000921,Waltham Forest 027,E09000031,Waltham Forest,0.8402160736223576,10962,17,40069,0,0,1,0.6382360477142129,1.6076817072283758,3.778573471138883,0.6382360477142129,0.6146100475132452,62.5748502994012,376,False,1.6076817072283758,0.7648038310373592,80.43912175648703,197,False,2.778573471138883,0.7640316506286854,76.24750499001996,239,False
E02000922,Waltham Forest 028,E09000031,Waltham Forest,0.6528432629081945,10216,15,44139,1,2,2,0.6224042456659463,1.6912143176679475,3.711804102575321,-0.3775957543340537,-0.3700917987281423,25.24950099800399,750,False,-0.3087856823320525,-0.1409114458437881,29.041916167664674,712,False,1.711804102575321,0.47793984384505533,60.67864271457086,395,False
E02000923,Wandsworth 001,E09000032,Wandsworth,1.3427148877479558,7859,12,60363,0,2,4,0.7015279959394637,2.6188412833372885,4.3253132917042665,0.7015279959394637,0.6317072288137202,67.06586826347305,331,False,0.6188412833372885,0.19493590521132936,43.6127744510978,566,False,0.3253132917042665,0.07959552145945427,41.51696606786427,587,False
E02000925,Wandsworth 003,E09000032,Wandsworth,0.4420887843904225,8082,6,46885,0,1,1,0.3273514514500013,0.8980379472753707,1.9536298598798143,0.3273514514500013,0.49175315989697477,46.506986027944116,537,False,-0.10196205272462933,-0.07652783667407762,31.736526946107784,685,False,0.9536298598798143,0.4505960392939142,58.68263473053892,415,False
E02000926,Wandsworth 004,E09000032,Wandsworth,0.8059624116541981,13212,19,61975,1,4,6,1.09498720323791,4.791318515189711,8.998535286306995,0.09498720323790999,0.0614361599097216,38.92215568862276,613,False,0.7913185151897109,0.1450575886641453,41.71656686626746,585,False,2.9985352863069945,0.37905434496186113,54.59081836327345,456,False
E02000927,Wandsworth 005,E09000032,Wandsworth,0.4500646694742101,7358,10,50140,0,2,4,0.4988770521108918,1.4556701933406233,2.7709949235715547,0.4988770521108918,0.5693438570490128,53.69261477045908,465,False,-0.5443298066593767,-0.2807060591937847,23.053892215568865,772,False,-1.2290050764284453,-0.4386049223590179,23.053892215568865,772,False
E02000928,Wandsworth 006,E09000032,Wandsworth,0.9676797701169004,8255,10,66868,0,3,4,0.6988413903587833,3.050833601867177,4.791018295827049,0.6988413903587833,0.6310176462805238,66.76646706586826,334,False,0.05083360186717689,0.014005376708553178,35.62874251497006,646,False,0.7910182958270493,0.17696954533908338,45.40918163672655,548,False
E02000929,Wandsworth 007,E09000032,Wandsworth,0.4030875431236205,8241,11,41282,0,0,3,0.4552221842040687,1.1066366988747698,2.430554723949564,0.4552221842040687,0.552393794833977,51.69660678642715,485,False,1.1066366988747698,0.7086593045666216,73.25349301397206,269,False,-0.5694452760504358,-0.22616475804487357,30.239520958083833,700,False
E02000930,Wandsworth 008,E09000032,Wandsworth,0.8104603771141903,10684,21,60654,3,14,25,1.1183362927989002,4.49164700321773,7.683317283987597,-1.8816637072010998,-1.197358807431441,10.479041916167663,898,False,-9.508352996782271,-1.8493697735020103,6.187624750499002,941,False,-17.3166827160124,-2.532792719846884,3.3932135728542914,969,False
E02000931,Wandsworth 009,E09000032,Wandsworth,0.7957480163712064,8823,6,68536,0,1,4,0.5038304929976765,2.306636059615706,3.848250739659506,0.5038304929976765,0.5711711568920761,54.191616766467064,460,False,1.3066360596157058,0.4592943173432972,57.08582834331337,431,False,-0.15174926034049419,-0.04107776018303355,35.92814371257485,643,False
E02000932,Wandsworth 010,E09000032,Wandsworth,1.568919211663541,14023,47,72729,1,14,26,2.7738813704166656,15.90748292990132,23.671046253792426,1.7738813704166656,0.5327321275413559,49.600798403193615,506,False,1.9074829299013203,0.11179473593597936,41.01796407185629,592,False,-2.3289537462075742,-0.1172682124610204,33.63273453093812,666,False
E02000933,Wandsworth 011,E09000032,Wandsworth,1.0745429925749028,8978,15,61574,1,4,7,0.8615587994393532,3.394886190204553,5.602013626357708,-0.1384412005606468,-0.10733581121677044,35.029940119760475,652,False,-0.6051138097954469,-0.1516112389520322,28.642714570858285,716,False,-1.3979863736422917,-0.27225194678136416,28.443113772455092,718,False
E02000934,Wandsworth 012,E09000032,Wandsworth,0.7854866064285113,9364,32,61206,3,10,16,1.545806900969691,6.12365844122936,9.34925457220228,-1.454193099030309,-0.7157694618931654,17.764471057884233,825,False,-3.8763415587706396,-0.5659763594800284,17.365269461077844,829,False,-6.65074542779772,-0.8113944213010474,15.768463073852296,845,False
E02000935,Wandsworth 013,E09000032,Wandsworth,1.4276380284244323,7460,14,41613,0,0,0,0.5439225292373544,1.311516111123448,2.6990812771094745,0.5439225292373544,0.5853096151913637,56.087824351297414,441,False,1.311516111123448,0.73519796110569,75.84830339321357,243,False,2.6990812771094745,0.9842903769821961,90.61876247504989,95,True
E02000936,Wandsworth 014,E09000032,Wandsworth,0.9016502783119844,9533,21,60066,0,1,4,1.0903715061218997,4.211757973613568,6.943829237340288,1.0903715061218997,0.7075340625782665,89.92015968063872,102,False,3.211757973613568,0.6624684924502546,69.36127744510978,308,False,2.943829237340288,0.4723121534224813,60.079840319361274,401,False
E02000937,Wandsworth 015,E09000032,Wandsworth,1.2263094072520908,7940,21,60926,0,3,3,1.0877554243622294,4.136291538236837,6.334493380345348,1.0877554243622294,0.7071437629379899,89.62075848303394,105,False,1.1362915382368373,0.2382625026538409,45.90818363273453,543,False,3.3344933803453483,0.5814757627254649,66.66666666666666,335,False
E02000938,Wandsworth 016,E09000032,Wandsworth,1.7601420459265,11068,27,46121,0,0,0,1.0290017955648416,2.9936770901106677,6.130403982651826,1.0290017955648416,0.6980418646912238,87.12574850299401,130,False,2.9936770901106677,0.8386957416775943,95.30938123752495,48,True,6.130403982651826,1.1010969793627496,99.00199600798403,11,True
E02000939,Wandsworth 017,E09000032,Wandsworth,0.7283122246909307,7532,13,66493,1,1,1,0.836298829393106,3.5682237359743443,5.300240519997457,-0.16370117060689404,-0.1297430206680681,34.3313373253493,659,False,2.5682237359743443,0.6154037124546151,65.86826347305389,343,False,4.300240519997457,0.8798292404490651,85.12974051896207,150,False
E02000940,Wandsworth 018,E09000032,Wandsworth,0.700771702655424,9518,19,54714,0,3,11,0.9090601635838949,3.103323134991124,5.570457857531441,0.9090601635838949,0.6772072277641189,81.83632734530939,183,False,0.10332313499112411,0.028040466941219633,36.02794411177645,642,False,-5.429542142468559,-1.0627309751201421,11.776447105788424,885,False
E02000941,Wandsworth 019,E09000032,Wandsworth,1.0685888950643108,10258,18,67613,1,2,3,1.1315070200746669,5.273731973908647,8.233264282278851,0.13150702007466686,0.0829266284926147,39.62075848303393,606,False,3.273731973908647,0.5492765983800832,61.377245508982035,388,False,5.233264282278851,0.7182598621382333,74.25149700598801,259,False
E02000942,Wandsworth 020,E09000032,Wandsworth,1.0111195374577269,9645,16,60991,2,4,6,0.9019572999271034,3.560816139781672,6.028953515647299,-1.0980427000728965,-0.8227991980555892,15.968063872255488,843,False,-0.439183860218328,-0.10543471371959709,30.63872255489022,696,False,0.028953515647298644,0.005279143773506247,38.12375249500998,621,False
E02000943,Wandsworth 021,E09000032,Wandsworth,0.705590618970197,8798,21,70683,1,7,10,1.329425808936855,6.442105107124781,8.934167824367405,0.3294258089368549,0.18304221687177868,41.81636726546906,584,False,-0.5578948928752192,-0.07768150287005916,31.636726546906186,686,False,-1.065832175632595,-0.13563569809884551,32.93413173652694,673,False
E02000944,Wandsworth 022,E09000032,Wandsworth,0.5856939945518489,7876,13,47255,0,0,1,0.5770361135118774,1.5971022348441704,3.122894943783923,0.5770361135118774,0.596183022501688,58.68263473053892,415,False,1.5971022348441704,0.7638838746420442,79.74051896207584,204,False,2.122894943783923,0.6860229882309187,71.55688622754491,286,False
E02000945,Wandsworth 023,E09000032,Wandsworth,2.2098685949613466,8186,27,37989,0,1,3,0.8481386266339026,1.9213800239634309,3.927601729142148,0.8481386266339026,0.6652608962635134,77.04590818363273,231,False,0.9213800239634309,0.3781581665707205,52.69461077844312,475,False,0.9276017291421481,0.24672790589283458,48.50299401197605,517,False
E02000946,Wandsworth 024,E09000032,Wandsworth,1.065842877598782,8175,18,53886,0,7,9,0.8442909717548799,2.7440063454437698,4.760113125956491,0.8442909717548799,0.6644712921925201,76.54690618762476,236,False,-4.25599365455623,-1.2871431384654117,10.27944111776447,900,False,-4.239886874043509,-0.9539794367662764,13.273453093812376,870,False
E02000947,Wandsworth 025,E09000032,Wandsworth,0.8327272246827659,9207,8,60805,0,0,2,0.5337289178598594,2.068391962908915,3.7610688760284914,0.5337289178598594,0.5818206189258265,55.08982035928144,451,False,2.068391962908915,0.7978138267149208,86.62674650698602,135,False,1.7610688760284914,0.48617636963511446,61.17764471057884,390,False
E02000948,Wandsworth 026,E09000032,Wandsworth,1.327424999925397,9945,8,67075,0,1,1,0.6085403186449979,2.7673114014113085,4.755701798476982,0.6085403186449979,0.6059222999130143,60.37924151696606,398,False,1.7673114014113085,0.530548983662619,60.47904191616767,397,False,3.7557017984769816,0.8457265633633658,81.437125748503,187,False
E02000949,Wandsworth 027,E09000032,Wandsworth,1.3979303367787106,10074,20,66227,1,6,8,1.1918051316261986,5.363184618012273,8.357462950797466,0.1918051316261986,0.11616024933673044,40.41916167664671,598,False,-0.6368153819877271,-0.10519502317724608,30.738522954091817,695,False,0.3574629507974656,0.04838810566483293,39.72055888223553,605,False
E02000950,Wandsworth 028,E09000032,Wandsworth,0.858695446582329,7527,17,51602,1,1,1,0.7668578240709119,2.330678750075439,4.096393281972911,-0.23314217592908815,-0.19688304288569944,31.3373253493014,689,False,1.330678750075439,0.4636024002700926,57.28542914171657,429,False,3.0963932819729107,0.7942170878238525,78.1437125748503,220,False
E02000951,Wandsworth 029,E09000032,Wandsworth,0.492411615438972,6454,16,62022,0,3,7,0.8855990502480715,3.3349085055184413,4.916873312357763,0.8855990502480715,0.6727267238794286,79.84031936127745,203,False,0.3349085055184413,0.08525720836197924,38.822355289421154,614,False,-2.0831266876422374,-0.45551583339225216,22.654690618762473,776,False
E02000952,Wandsworth 030,E09000032,Wandsworth,0.5583146502521065,6105,7,58910,1,2,3,0.4503687286361436,1.5587011210724953,2.6184235497562427,-0.5496312713638565,-0.671721175610133,19.06187624750499,812,False,-0.44129887892750475,-0.21530368651735649,26.047904191616766,742,False,-0.3815764502437573,-0.14265174485032694,32.83433133732535,674,False
E02000953,Wandsworth 031,E09000032,Wandsworth,0.6884442534650365,7556,10,58988,0,0,0,0.5942596727431245,2.132690730508616,3.62762753624821,0.5942596727431245,0.60157708008622,59.08183632734531,411,False,2.132690730508616,0.801540759038047,87.42514970059881,127,False,3.62762753624821,1.0328830071280943,94.311377245509,58,True
E02000954,Wandsworth 032,E09000032,Wandsworth,0.4504345331742859,6300,6,55537,1,1,1,0.3793024725121939,1.219293509242746,2.200023255879441,-0.6206975274878062,-0.848798859830512,15.369261477045908,849,False,0.21929350924274593,0.13021357501603592,41.51696606786427,587,False,1.200023255879441,0.5162826833334063,63.07385229540918,371,False
E02000955,Wandsworth 033,E09000032,Wandsworth,0.5609163629565129,6982,4,46369,0,0,2,0.2434360235356277,0.64251259310967,1.4112167006175451,0.2434360235356277,0.43902225905280284,44.510978043912175,557,False,0.64251259310967,0.6149920492624701,65.76846307385229,344,False,-0.5887832993824549,-0.3564149757850187,25.948103792415168,743,False
E02000956,Wandsworth 034,E09000032,Wandsworth,0.8572775835685089,7618,27,46991,0,4,7,1.0040365611665718,2.760091611411756,4.883010341860335,1.0040365611665718,0.6939683449185428,86.42714570858283,137,False,-1.239908388588244,-0.37307395423673895,20.758483033932134,795,False,-2.1169896581396648,-0.4657513799360948,22.355289421157686,779,False
E02000957,Wandsworth 035,E09000032,Wandsworth,0.7434761999800664,11212,23,50293,4,8,15,0.9867682369535472,3.165145979634211,6.288236119535615,-3.013231763046453,-2.1102889589394893,4.590818363273453,957,False,-4.834854020365789,-1.2893649990225624,10.179640718562874,901,False,-8.711763880464385,-1.5292673689330207,7.784431137724551,925,False
E02000958,Wandsworth 036,E09000032,Wandsworth,0.8907631476940234,8453,15,51069,1,2,3,0.6975204626946268,2.1359303520083524,3.983191634169228,-0.30247953730537325,-0.27349309966258034,28.443113772455092,718,False,0.13593035200835235,0.051021615461058656,36.82634730538922,634,False,0.983191634169228,0.2583657069302646,49.20159680638723,510,False
E02000959,Wandsworth 037,E09000032,Wandsworth,0.5225084177540982,7902,12,47191,0,0,3,0.542869480985969,1.500406439588973,2.968914935942264,0.542869480985969,0.5849523875588708,55.88822355289421,443,False,1.500406439588973,0.7550463619905148,78.2435129740519,219,False,-0.031085064057736034,-0.010478025634863669,37.22554890219561,630,False
E02000960,Westminster 001,E09000033,Westminster,0.922320206563816,6484,13,59632,2,6,6,0.722380693974773,2.57356407582524,4.028494814902133,-1.277619306025227,-1.1265394836270566,11.27744510978044,890,False,-3.42643592417476,-1.0958191763711418,11.776447105788424,885,False,-1.9715051850978673,-0.5130453252467131,21.25748502994012,790,False
E02000961,Westminster 002,E09000033,Westminster,0.8113611545063293,10112,11,51236,0,0,2,0.5653543754509863,1.7993361836710384,3.712943795596349,0.5653543754509863,0.5924249002082391,57.684630738522955,425,False,1.7993361836710384,0.7800682172157244,83.43313373253493,167,False,1.712943795596349,0.4781324804113738,60.778443113772454,394,False
E02000962,Westminster 003,E09000033,Westminster,0.6939642987963688,8250,17,43430,0,0,2,0.6595884711767717,1.689507160930516,3.413131097177268,0.6595884711767717,0.6205839482767148,63.97205588822356,362,False,1.689507160930516,0.7716324811814966,81.3373253493014,188,False,1.413131097177268,0.42374438650825236,57.18562874251497,430,False
E02000963,Westminster 004,E09000033,Westminster,0.4870540239108308,10407,7,38221,0,0,1,0.3168186007287656,0.7512434842700985,1.9769031712257872,0.3168186007287656,0.48582361083231224,46.30738522954092,539,False,0.7512434842700985,0.6429925739343567,67.56487025948104,326,False,0.9769031712257872,0.4573343602967905,59.181636726546905,410,False
E02000964,Westminster 005,E09000033,Westminster,0.5085956156800703,12116,22,38966,2,3,11,0.7726897237135619,1.9505032998401928,4.709103652516114,-1.227310276286438,-1.0307413534538372,13.17365269461078,871,False,-1.0494967001598072,-0.4253380825179334,19.760479041916167,805,False,-6.290896347483886,-1.4289275364522966,8.582834331337326,917,False
E02000965,Westminster 006,E09000033,Westminster,0.4912797113180334,7931,4,58618,0,0,2,0.3126814314221137,1.1156740920778023,2.1528064324452707,0.3126814314221137,0.4834467697247516,46.10778443113773,541,False,1.1156740920778023,0.7099654231834172,73.45309381237524,267,False,0.1528064324452707,0.06688535297307441,40.5189620758483,597,False
E02000966,Westminster 007,E09000033,Westminster,0.5603850160225206,9516,22,58064,0,2,2,1.0868854467170663,4.009976192375095,6.748390778201522,1.0868854467170663,0.7070136961613223,89.52095808383234,106,False,2.0099761923750954,0.4334966663477092,56.087824351297414,441,False,4.748390778201522,0.7818808753050832,77.14570858283433,230,False
E02000967,Westminster 008,E09000033,Westminster,1.4140582242452655,6456,44,59578,4,14,15,1.8595226837808447,6.668014217795119,8.91188979243447,-2.1404773162191555,-0.9048734124640089,15.06986027944112,852,False,-7.331985782204881,-0.9884141343234443,12.375249500998004,879,False,-6.08811020756553,-0.7765572164425023,16.666666666666664,836,False
E02000968,Westminster 009,E09000033,Westminster,0.6084724149642462,15575,18,31951,1,5,9,0.6016945308474224,1.3948479141875167,4.349799275892852,-0.3983054691525776,-0.39973454882412807,24.451097804391217,758,False,-3.6051520858124833,-1.9240417566004344,5.588822355289421,947,False,-4.650200724107148,-1.132201230155683,11.077844311377245,892,False
E02000969,Westminster 010,E09000033,Westminster,0.5434019163457767,10024,12,34805,1,1,1,0.437393544597147,0.9543241786606008,2.4272166416007046,-0.5626064554028529,-0.7010156911668948,18.063872255489024,822,False,-0.04567582133939918,-0.03275244718854881,33.13373253493014,671,False,1.4272166416007046,0.5674730412739862,65.6686626746507,345,False
E02000970,Westminster 011,E09000033,Westminster,1.0840892597822946,7053,36,73956,6,28,36,2.115288934421085,10.667634886944022,12.324042258713495,-3.884711065578915,-1.4735782879822041,7.584830339321358,927,False,-17.332365113055978,-1.494860190033779,7.884231536926148,924,False,-23.675957741286503,-2.229011089670553,5.089820359281437,952,False
E02000971,Westminster 012,E09000033,Westminster,0.5405729971591327,7776,33,61517,2,15,19,1.5631556841406813,6.021871413010091,8.57110982128558,-0.4368443158593187,-0.2130763402273527,30.938123752495013,693,False,-8.978128586989909,-1.3315667023457856,9.580838323353294,907,False,-10.42889017871442,-1.3791565528111323,9.281437125748502,910,False
E02000972,Westminster 013,E09000033,Westminster,1.2924213071457211,8358,80,49647,18,84,92,2.5249125976054736,7.555591517118612,11.496814133148131,-15.475087402394527,-5.043907579270062,0.39920159680638717,999,False,-76.44440848288139,-9.16019016640906,0.29940119760479045,1000,False,-80.50318586685187,-8.092698344572714,0.19960079840319359,1001,False
E02000973,Westminster 014,E09000033,Westminster,0.542502576010937,9407,12,54907,0,3,5,0.6425726571827699,2.191113560373135,4.139770487514177,0.6425726571827699,0.6158412206899833,62.974051896207584,372,False,-0.8088864396268649,-0.2970978566825266,22.45508982035928,778,False,-0.860229512485823,-0.21864366798244325,30.63872255489022,696,False
E02000974,Westminster 015,E09000033,Westminster,0.689337714211111,9237,31,51368,5,20,25,1.2425669956861605,3.9177699594838975,6.831766601210195,-3.7574330043138398,-2.202351914947403,4.291417165668663,960,False,-16.0822300405161,-3.5423609890998677,1.3972055888223553,989,False,-18.168233398789805,-2.9584176183392126,1.996007984031936,983,False
E02000975,Westminster 016,E09000033,Westminster,0.4847225456223576,7500,27,54444,3,10,14,1.1594814856647602,3.770535162892152,6.000342612510132,-1.8405185143352398,-1.1388035235933056,11.077844311377245,892,False,-6.229464837107848,-1.4204548638186845,8.383233532934131,919,False,-7.999657387489868,-1.4648462043919193,8.283433133732535,920,False
E02000976,Westminster 017,E09000033,Westminster,0.4619187579901125,8326,23,52728,3,13,20,0.9994325653996206,3.179183995434024,5.46056210112641,-2.0005674346003794,-1.3875865544094192,7.984031936127744,923,False,-9.820816004565977,-2.608759897420023,2.7944111776447107,975,False,-14.53943789887359,-2.8968810160708576,2.19560878243513,981,False
E02000977,Westminster 018,E09000033,Westminster,2.594652408973897,7027,140,48724,31,92,100,3.825622372399315,10.92542473671708,14.830681996361754,-27.174377627600684,-6.132020510618973,0.09980039920159679,1002,False,-81.07457526328292,-6.833830361467958,0.5988023952095809,997,False,-85.16931800363824,-6.725529421580037,0.29940119760479045,1000,False
E02000978,Westminster 019,E09000033,Westminster,3.59334771178837,7538,67,66865,2,15,19,3.0352199993637137,13.211585990743425,15.77653111736371,1.0352199993637137,0.2872390005576409,43.31337325349301,569,False,-1.7884140092565755,-0.12550686881006826,30.039920159680637,702,False,-3.22346888263629,-0.23995163017193175,29.94011976047904,703,False
E02000979,Westminster 020,E09000033,Westminster,1.588598057560331,8521,94,53496,4,26,33,3.103511369687014,10.190902466290211,14.494712152754262,-0.896488630312986,-0.24390000268966874,29.540918163672654,707,False,-15.809097533709789,-1.4246256237664732,8.283433133732535,920,False,-18.50528784724574,-1.493570429734612,8.08383233532934,922,False
E02000980,Westminster 021,E09000033,Westminster,0.5392128760225899,8874,21,46349,0,2,5,0.8278249615535349,2.301914947720267,4.456997994816563,0.8278249615535349,0.6610421591164738,75.3493013972056,248,False,0.30191494772026717,0.10631240920309289,40.618762475049905,596,False,-0.5430020051834372,-0.12942883409524103,33.13373253493014,671,False
E02000981,Westminster 022,E09000033,Westminster,0.3641739068461588,8430,7,57416,2,7,10,0.4498501714840714,1.584257718238513,2.9734993940656507,-1.5501498285159285,-1.8959343979276733,5.588822355289421,947,False,-5.415742281761487,-2.6074573780461887,2.8942115768463075,974,False,-7.026500605934349,-2.3654275045618314,4.39121756487026,959,False
E02000982,Westminster 023,E09000033,Westminster,0.6535905970918248,7453,63,43989,4,13,19,1.8476536430658816,4.752562708074719,7.782800117234556,-2.1523463569341184,-0.9147600936069133,14.870259481037923,854,False,-8.24743729192528,-1.5231771734212347,7.784431137724551,925,False,-11.217199882765444,-1.621395677088421,7.18562874251497,931,False
E02000983,Westminster 024,E09000033,Westminster,0.5579599553397497,7625,17,47307,1,3,3,0.7060672577382634,1.949192110408502,3.645735917072477,-0.2939327422617366,-0.263459161478079,28.74251497005988,715,False,-1.050807889591498,-0.42611004169408134,19.660678642714572,806,False,0.6457359170724768,0.18307890126369872,45.50898203592814,547,False
E02006782,Bromley 040,E09000006,Bromley,2.599492973077863,8204,17,48021,0,0,2,0.7209762735287967,2.0493275126197306,3.882627402311297,0.7209762735287967,0.6366102770045771,68.36327345309381,318,False,2.0493275126197306,0.7966743026012706,86.42714570858283,137,False,1.882627402311297,0.5057373373604531,62.37524950099801,378,False
E02006783,Lewisham 037,E09000023,Lewisham,0.9383904824595756,7823,25,42797,0,0,0,0.8733619734897713,2.189851052597032,4.175908993110123,0.8733619734897713,0.670331160258375,79.04191616766467,211,False,2.189851052597032,0.8047108341904119,87.92415169660678,122,False,4.175908993110123,1.05342102243084,96.00798403193613,41,True
E02006784,Lewisham 038,E09000023,Lewisham,1.4426353002984251,8150,29,40556,3,3,6,0.9425890651947044,2.2639107761648685,4.421454454897417,-2.0574109348052954,-1.4915999568710876,7.385229540918163,929,False,-0.7360892238351315,-0.26291890943093665,23.652694610778443,766,False,-1.5785455451025827,-0.378898097938832,25.149700598802394,751,False
E02006785,Bexley 029,E09000004,Bexley,1.3608968297191242,7035,16,43676,0,0,1,0.6235530282320536,1.5628358343564497,3.024440207331603,0.6235530282320536,0.6103714820778272,61.477045908183634,387,False,1.5628358343564497,0.7608424666734723,79.44111776447106,207,False,2.024440207331603,0.6719459845471873,71.15768463073853,290,False
E02006786,Greenwich 033,E09000011,Greenwich,1.243876521829598,7669,16,41921,0,2,2,0.6071863235156544,1.4826053114218802,3.0119375160114314,0.6071863235156544,0.6055151178543121,60.27944111776448,399,False,-0.5173946885781198,-0.2628945902550938,23.75249500998004,765,False,1.0119375160114314,0.3370404426990868,52.29540918163673,479,False
E02006787,Bromley 041,E09000006,Bromley,1.5086833235806527,7852,28,49060,1,4,7,1.0785936875186952,3.1258542214213723,5.400347530614967,0.07859368751869522,0.051427004811079084,38.822355289421154,614,False,-0.8741457785786277,-0.2357153402125987,25.24950099800399,750,False,-1.599652469385033,-0.3218845291439762,26.646706586826348,736,False
E02006788,Croydon 045,E09000008,Croydon,1.393540648961915,7633,20,43168,0,0,0,0.7381101918964303,1.855810852527468,3.597417342637025,0.7381101918964303,0.6408047873597121,69.96007984031935,302,False,1.855810852527468,0.7841134493775277,83.73253493013972,164,False,3.597417342637025,1.0316099148716191,94.11177644710578,60,True
E02006789,Bromley 042,E09000006,Bromley,22.430124684336946,6792,81,45647,0,0,1,2.314722326494272,6.105046401042682,9.212731615694826,2.314722326494272,0.8131199903297787,99.9001996007984,2,True,6.105046401042682,0.8939244347696762,99.9001996007984,2,True,8.212731615694826,1.015758728730709,93.01397205588823,71,True
E02006791,Ealing 040,E09000009,Ealing,0.685386811360803,7515,16,52024,1,2,3,0.7380658072129369,2.2634187777713404,3.9842112967454337,-0.2619341927870631,-0.22741315937578271,30.439121756487026,698,False,0.2634187777713404,0.09410633330448462,40.019960079840324,602,False,0.9842112967454337,0.25857656687915215,49.30139720558882,509,False
E02006792,Hounslow 029,E09000018,Hounslow,1.448738433241762,8749,40,55307,2,19,24,1.6308872634286968,5.576647728301555,8.746251137519181,-0.36911273657130317,-0.17391052351893066,32.33532934131736,679,False,-13.423352271698445,-2.1385136655574444,4.790419161676647,955,False,-15.253748862480819,-1.9797937706653965,6.087824351297405,942,False
E02006793,Enfield 037,E09000010,Enfield,0.9908862461467262,9545,23,36270,2,2,3,0.7357284339669727,1.6496671762751105,3.716180730364271,-1.2642715660330273,-1.1001650649814392,11.87624750499002,884,False,-0.3503328237248895,-0.16317539160955372,27.844311377245507,724,False,0.7161807303642709,0.1997579337952082,46.20758483033932,540,False
E02006794,Haringey 037,E09000014,Haringey,0.6933418810192744,7967,13,36025,2,3,8,0.4640386995052029,0.9951872243992343,2.274881628585686,-1.5359613004947972,-1.8401706917235794,5.688622754491018,946,False,-2.0048127756007657,-1.392650541560409,8.882235528942116,914,False,-5.725118371414315,-2.3981717243163776,4.191616766467066,961,False
E02006795,Harrow 032,E09000015,Harrow,0.9660051793335004,8424,13,42277,0,1,1,0.5271100965795096,1.3177108267573203,2.8164571002676824,0.5271100965795096,0.5795175270621509,54.890219560878236,453,False,0.3177108267573203,0.1774341947776762,42.71457085828344,575,False,1.8164571002676824,0.6396142292627944,69.66067864271457,305,False
E02006796,Hillingdon 033,E09000017,Hillingdon,4.300907684278098,10365,32,45481,1,2,7,1.1513001183045946,3.2534709321805564,6.395518053720293,0.15130011830459456,0.0941324266642866,39.82035928143712,604,False,1.2534709321805564,0.3262005275721418,50.199600798403196,500,False,-0.6044819462797069,-0.10450106895635132,34.03193612774451,662,False
E02006798,Lewisham 039,E09000023,Lewisham,0.8376974482227716,9069,26,41748,3,4,5,0.8956017681985703,2.2544299467930147,4.554471334194481,-2.10439823180143,-1.5852383741742682,6.986027944111776,933,False,-1.7455700532069853,-0.6257309098778169,16.067864271457086,842,False,-0.44552866580551864,-0.10420528055709735,34.13173652694611,661,False
E02006799,Barking and Dagenham 023,E09000002,Barking and Dagenham,1.1626171655061477,12630,25,38411,1,2,7,0.8495178585808907,2.1435486892282967,5.232495835959698,-0.15048214141910932,-0.11789312770815669,34.5309381237525,657,False,0.14354868922829667,0.053718403536862684,37.3253493013972,629,False,-1.767504164040302,-0.3657883725022113,25.64870259481038,746,False
E02006800,Redbridge 034,E09000026,Redbridge,1.6456235149331964,15557,16,37401,0,0,3,0.6113249108401956,1.6035812812315426,4.710655512922564,0.6113249108401956,0.6067565902430179,60.778443113772454,394,False,1.6035812812315426,0.7644483182723485,80.03992015968065,201,False,1.710655512922564,0.38844946033713573,54.890219560878236,453,False
E02006801,Lambeth 036,E09000022,Lambeth,1.4385957866887238,9648,90,48380,5,24,30,2.74953096182021,8.231590671167838,13.190919523775092,-2.25046903817979,-0.6810923998684435,18.862275449101794,814,False,-15.768409328832162,-1.742106397487961,6.287425149700598,940,False,-16.809080476224906,-1.4838540688174362,8.183632734530939,921,False
E02006802,Southwark 034,E09000028,Southwark,0.6900809371510263,9966,36,47420,1,3,6,1.305639421579682,3.826214924213945,7.102153776275017,0.30563942157968205,0.17227655860131488,41.417165668662676,588,False,0.8262149242139452,0.18591898961573505,43.213572854291414,570,False,1.102153776275017,0.17323460276954658,45.00998003992016,552,False
E02006836,Sutton 025,E09000029,Sutton,3.3361180081984307,8666,22,54066,1,1,2,0.9951184383609268,3.2876542712173147,5.651447609382646,-0.004881561639073162,-0.0033969740812625077,37.624750499002,626,False,2.2876542712173147,0.5898201666989134,63.97205588822356,362,False,3.651447609382646,0.7055397920576144,73.35329341317365,268,False
E02006853,Tower Hamlets 032,E09000030,Tower Hamlets,0.5419908614974279,11416,5,57377,0,0,0,0.3689980607149836,1.3844912751260046,3.036456480511481,0.3689980607149836,0.513631085246782,47.50499001996008,527,False,1.3844912751260046,0.7433158141360354,76.84630738522954,233,False,3.036456480511481,1.004525409612708,92.11576846307385,80,True
E02006854,Tower Hamlets 033,E09000030,Tower Hamlets,1.0747182487214482,8834,58,73514,3,24,27,3.128119251854241,16.3008945592832,19.06682959816892,0.1281192518542409,0.034613395995769194,38.42315369261477,618,False,-7.699105440716799,-0.4406335269944018,19.46107784431138,808,False,-7.933170401831081,-0.49235782264401423,21.956087824351297,783,False
E02006882,Harrow 033,E09000015,Harrow,2.1278741140073043,14778,20,40915,0,1,3,0.76982112794568,2.1542382263448925,5.688072886258509,0.76982112794568,0.6482759682000407,71.7564870259481,284,False,1.1542382263448925,0.4301130605079284,55.78842315369261,444,False,2.6880728862585093,0.5164012050162569,63.17365269461078,370,False
E02006918,Hackney 028,E09000012,Hackney,0.5187931167184997,8497,14,45675,0,1,1,0.5961640289581192,1.614315423166624,3.2734251654525157,0.5961640289581192,0.6021630619867732,59.3812375249501,408,False,0.6143154231666239,0.2912580758922111,48.60279441117765,516,False,2.2734251654525157,0.7061987902375053,73.45309381237524,267,False
E02006921,Hackney 029,E09000012,Hackney,0.4526182378012836,8090,15,37934,0,0,2,0.5375245276755141,1.2087346096385616,2.65684583166527,0.5375245276755141,0.583127877926091,55.489021956087825,447,False,1.2087346096385616,0.7226446609884991,74.45109780439122,257,False,0.6568458316652701,0.242652508640344,48.40319361277445,518,False
E02006924,Redbridge 035,E09000026,Redbridge,2.4063636371082744,14031,30,38053,0,2,5,0.9894964087433,2.557828082451805,6.470731849176702,0.9894964087433,0.6915355483190017,86.22754491017965,139,False,0.5578280824518052,0.1793531171268431,42.91417165668663,573,False,1.470731849176702,0.2515800534844236,48.902195608782435,513,False
E02006925,Redbridge 036,E09000026,Redbridge,2.4914741256161084,14506,31,40640,0,1,2,1.0739719429125605,2.9774919070517045,7.376295155768717,1.0739719429125605,0.7050668833643465,88.92215568862275,112,False,1.9774919070517045,0.5566617644906267,62.17564870259481,380,False,5.376295155768717,0.8162965943921353,79.84031936127745,203,False
E02006927,Greenwich 034,E09000011,Greenwich,2.521565432695332,13438,39,52651,0,1,4,1.605988612985704,5.73348338711523,11.22911904136332,1.605988612985704,0.7662585690176494,97.80439121756487,23,True,4.73348338711523,0.7349011259795571,75.64870259481037,245,False,7.229119041363321,0.7430138067569543,75.249500998004,249,False
E02006928,Greenwich 035,E09000011,Greenwich,0.7483938651541625,12791,26,59909,2,7,13,1.3347716537487933,5.53077314823557,10.091887481376723,-0.6652283462512067,-0.3684501803577125,25.349301397205586,749,False,-1.4692268517644296,-0.23586988069588016,25.149700598802394,751,False,-2.908112518623277,-0.33037908549267353,26.546906187624753,737,False
E02006930,Greenwich 037,E09000011,Greenwich,0.8674368979386552,10328,23,59922,2,4,10,1.1780314958757,4.619024010439484,7.77833250183154,-0.8219685041242999,-0.5023354905016738,22.355289421157686,779,False,0.6190240104394844,0.11735490611726898,41.417165668662676,588,False,-2.2216674981684603,-0.32130146537237636,26.84630738522954,734,False
E02006931,Greenwich 038,E09000011,Greenwich,2.0491701053850604,9979,35,55789,3,9,12,1.5035965272552847,5.337378439927542,8.879212062475995,-1.4964034727447153,-0.7532734697163973,17.365269461077844,829,False,-3.6626215600724583,-0.6077358407758866,16.56686626746507,837,False,-3.120787937524005,-0.3994245453405317,24.35129740518962,759,False
E02006941,Southwark 035,E09000028,Southwark,0.5927374414305278,5461,20,100879,0,7,10,2.216213275771866,19.901458932548334,16.1779690732759,2.216213275771866,0.808006846098344,99.7005988023952,4,True,12.901458932548334,0.6077296594736336,65.16966067864271,350,False,6.1779690732759,0.44895728688071823,58.48303393213573,417,False
E02006942,Southwark 036,E09000028,Southwark,0.3943806586489743,6746,16,64084,2,8,10,0.925187991854145,3.676157377169539,5.330512630066159,-1.074812008145855,-0.7902093977111103,16.966067864271455,833,False,-4.323842622830461,-1.0087076250781306,12.275449101796406,880,False,-4.669487369933841,-0.9505505880852262,13.672654690618764,866,False
E02006953,Barnet 042,E09000003,Barnet,0.698021655744947,12790,14,46478,0,0,0,0.6376916033566408,1.934686279341702,4.587067896590801,0.6376916033566408,0.6144548210038059,62.37524950099801,378,False,1.934686279341702,0.7894631702285854,84.63073852295409,155,False,4.587067896590801,1.0661955213711638,97.30538922155688,28,True
E02006954,Barnet 043,E09000003,Barnet,0.8521148480047517,10708,21,44319,1,2,3,0.8134504255031564,2.2489595363127743,4.807889871998932,-0.18654957449684362,-0.15089546837476958,33.532934131736525,667,False,0.24895953631277434,0.08942958926263357,39.52095808383233,607,False,1.807889871998932,0.4032181773839595,55.98802395209581,442,False
E02006955,Brent 035,E09000005,Brent,0.6090337048381578,12155,17,46426,2,6,9,0.7329351572367487,2.19276959627641,4.952053996077143,-1.2670648427632512,-1.1056247135895423,11.776447105788424,885,False,-3.80723040372359,-1.3974667717458789,8.78243512974052,915,False,-4.047946003922857,-0.8796079528259446,14.770459081836327,855,False
E02006956,Brent 036,E09000005,Brent,1.3316194166735789,11804,12,39397,0,0,3,0.4887364931840156,1.232304495608956,3.156077261930555,0.4887364931840156,0.5655443857355199,53.093812375249506,471,False,1.232304495608956,0.7256490398390334,74.6506986027944,255,False,0.15607726193055482,0.049992560018512947,39.82035928143712,604,False
E02006968,Ealing 041,E09000009,Ealing,1.463579500701082,8700,24,57428,0,4,5,1.1373606536086052,4.063724067487716,6.607503223432902,1.1373606536086052,0.714341278850179,91.41716566866268,87,True,0.06372406748771642,0.013578515241352732,35.528942115768466,647,False,1.6075032234329019,0.26981326253369964,49.9001996007984,503,False
E02006969,Ealing 042,E09000009,Ealing,0.7174737057519522,6838,21,51955,6,13,16,0.9011159763567445,2.722946234281872,4.512792551882111,-5.098884023643255,-3.823423458001478,1.097804391217565,992,False,-10.277053765718128,-3.129099994227539,1.996007984031936,983,False,-11.48720744811789,-2.708457581353491,2.3952095808383236,979,False
E02006970,Ealing 043,E09000009,Ealing,0.4853151615586721,7848,8,32814,2,2,6,0.3041699677707055,0.6025855536863867,1.5202895195136987,-1.6958300322292945,-2.667593200084193,2.9940119760479043,973,False,-1.3974144463136133,-1.3991602811475619,8.682634730538922,916,False,-4.479710480486301,-2.56523662122563,3.293413173652695,970,False
E02006971,Ealing 044,E09000009,Ealing,0.950103373091848,8788,5,33763,0,0,0,0.2255595729240409,0.4649445434469297,1.268805009608495,0.2255595729240409,0.42586421152984666,44.31137724550898,559,False,0.4649445434469297,0.555692638650243,62.07584830339321,381,False,1.268805009608495,0.8305057269963687,81.0379241516966,191,False
E02006972,Hounslow 030,E09000018,Hounslow,1.5647624079352302,6715,15,50436,0,1,4,0.6746975255984883,1.959240152776233,3.443943891745687,0.6746975255984883,0.624681377032476,65.26946107784431,349,False,0.9592401527762331,0.3873022349507849,53.59281437125748,466,False,-0.556056108254313,-0.16547564724881927,32.33532934131736,679,False
E02006973,Hounslow 031,E09000018,Hounslow,0.84236129028397,8350,21,43577,0,1,5,0.7793251831846953,2.0102768378165377,3.9600817254082257,0.7793251831846953,0.650444797462714,72.55489021956087,276,False,1.0102768378165377,0.39917455258899937,54.091816367265466,461,False,-1.0399182745917743,-0.2746468865237849,28.143712574850298,721,False
E02006987,Croydon 046,E09000008,Croydon,0.718565674465249,10162,41,53835,0,6,12,1.6437263357537435,5.608442785955645,9.4510272058189,1.6437263357537435,0.7694948359482153,98.30339321357286,18,True,-0.3915572140443553,-0.062051387811647755,32.33532934131736,679,False,-2.5489727941811005,-0.3078580406472869,27.445109780439118,728,False
E02006988,Croydon 047,E09000008,Croydon,0.7773502956691773,7454,22,50260,0,0,2,0.9105413005917478,2.6840027005768654,4.634598914930847,0.9105413005917478,0.6774852663760128,81.93612774451098,182,False,2.6840027005768654,0.8275533520229851,93.31337325349301,68,True,2.634598914930847,0.6068646020668231,67.56487025948104,326,False
E02006991,Greenwich 039,E09000011,Greenwich,0.6041546868960764,6658,22,67087,1,3,5,1.2521968788963218,5.330730497758764,7.099330747561909,0.2521968788963218,0.14692524479894994,40.91816367265469,593,False,2.330730497758764,0.38718305267369957,53.49301397205589,467,False,2.0993307475619094,0.33008883117860666,51.796407185628745,484,False
E02006992,Greenwich 040,E09000011,Greenwich,2.346350747595478,9465,29,55468,2,4,8,1.280885064601072,4.456479678961406,7.48045147736358,-0.7191149353989279,-0.41152322039815464,24.05189620758483,762,False,0.45647967896140607,0.08942575624454198,39.421157684630735,608,False,-0.5195485226364198,-0.07787825644844433,35.029940119760475,652,False
E02006993,Greenwich 041,E09000011,Greenwich,1.2714286531721966,9807,26,62411,2,2,10,1.3520741545393893,5.552444263595672,8.717729754918738,-0.6479258454606107,-0.35520628218319594,25.948103792415168,743,False,3.552444263595672,0.5682420719293005,62.5748502994012,376,False,-1.2822702450812624,-0.166930933067954,32.13572854291417,681,False
E02006994,Greenwich 042,E09000011,Greenwich,1.9350116042638288,8118,37,45401,1,3,9,1.254448678125348,3.369684154151125,5.960599838624798,0.2544486781253481,0.14802748354042047,41.11776447105788,591,False,0.3696841541511251,0.09324281087017308,39.920159680638726,603,False,-3.0394001613752017,-0.5598910210047616,20.459081836327346,798,False
E02006995,Newham 038,E09000025,Newham,0.7242297310519443,10288,11,69375,2,7,8,0.8070279269648349,3.905960165521094,6.342200416503059,-1.1929720730351652,-0.9705925241307063,13.872255489021956,864,False,-3.094039834478906,-0.6833745627568375,15.568862275449103,847,False,-1.6577995834969412,-0.28877297298533455,27.944111776447105,723,False
E02006996,Newham 039,E09000025,Newham,0.9612161608930824,10777,57,50397,4,10,12,2.0118980363587515,6.447181673321399,11.162922494295657,-1.9881019636412485,-0.7867679918200084,17.065868263473057,832,False,-3.552818326678601,-0.4943305926812983,18.6626746506986,816,False,-0.8370775057043431,-0.08651516883354275,34.830339321357286,654,False
E02006997,Newham 040,E09000025,Newham,1.7592446563348052,7758,17,69328,0,1,1,1.086605360215732,4.980937270788965,6.942326717861029,1.086605360215732,0.7069717925516292,89.42115768463074,107,False,3.9809372707889654,0.7041309993223566,72.75449101796407,274,False,5.942326717861029,0.9535832551231971,88.62275449101796,115,False
E02006998,Newham 041,E09000025,Newham,2.988361888808756,7478,39,49077,0,5,6,1.3941541262275634,4.01777086761617,6.548591103559385,1.3941541262275634,0.7458228331180004,96.10778443113772,40,True,-0.9822291323838304,-0.21146713439453124,26.34730538922156,739,False,0.5485911035593851,0.09282957788468148,42.21556886227545,580,False
E02006999,Newham 042,E09000025,Newham,1.8047126453633315,13601,25,71258,0,3,4,1.6311038647046,8.9205747991754,14.471338620527051,1.6311038647046,0.7684245162081866,98.10379241516966,20,True,5.9205747991754,0.6059450910356963,65.06986027944112,351,False,10.471338620527051,0.8464471392990226,81.53692614770459,186,False
E02007008,Lewisham 040,E09000023,Lewisham,0.3633186721681239,6886,27,58027,0,2,7,1.2342524348854669,4.297814519189005,6.360334434085956,1.2342524348854669,0.7272633912502726,93.31337325349301,68,True,2.2978145191890054,0.4653006241546658,57.38522954091816,428,False,-0.6396655659140444,-0.11113648912306345,33.93213572854291,663,False
E02007009,Lewisham 041,E09000023,Lewisham,1.0503816948222615,9049,29,46149,5,11,14,1.0626692744388933,2.959461926047674,5.547759215017332,-3.9373307255611065,-2.6059593976938498,3.093812375249501,972,False,-8.040538073952327,-2.275556970096189,4.091816367265469,962,False,-8.452240784982667,-1.6604116024231241,6.986027944111776,933,False
E02007017,Redbridge 037,E09000026,Redbridge,0.902720705149572,8903,6,41455,0,0,0,0.2973795568480989,0.7337003999781342,1.7742418265864537,0.2973795568480989,0.4744095419645208,45.209580838323355,550,False,0.7337003999781342,0.6388033471533774,67.26546906187625,329,False,1.7742418265864537,0.9033972786786549,86.32734530938124,138,False
E02007018,Redbridge 038,E09000026,Redbridge,0.6117755056556047,7463,10,42508,1,1,3,0.4304225760014699,1.057046778220498,2.241272473281551,-0.5695774239985301,-0.7172622240614178,17.664670658682635,826,False,0.05704677822049797,0.037844253016096945,36.227544910179645,640,False,-0.7587275267184488,-0.3216250712929619,26.746506986027946,735,False
E02007019,Redbridge 039,E09000026,Redbridge,0.6250618488399385,7993,20,35648,4,6,11,0.6401835599582075,1.3659003865123027,2.974117373014895,-3.3598164400417927,-3.228509107434198,1.6966067864271457,986,False,-4.634099613487697,-2.515031435617711,3.3932135728542914,969,False,-8.025882626985105,-2.701396384194342,2.4950099800399204,978,False
E02007020,Redbridge 040,E09000026,Redbridge,0.6467769773237574,10632,7,34693,0,0,1,0.2965532951023746,0.6518751123714005,1.815524566065612,0.2965532951023746,0.47391014274957277,45.10978043912176,551,False,0.6518751123714005,0.6176083623194567,65.96806387225548,342,False,0.8155245660656121,0.40794058112388515,56.3872255489022,438,False
E02007083,Wandsworth 038,E09000032,Wandsworth,1.295087621321409,11326,24,63098,2,8,12,1.311156757460024,5.654259370770198,9.428866010934303,-0.688843242539976,-0.38697706806812643,24.75049900199601,755,False,-2.3457406292298018,-0.36893580017494604,20.85828343313373,794,False,-2.5711339890656966,-0.3112140597759032,27.14570858283433,731,False
E02007084,Wandsworth 039,E09000032,Wandsworth,0.9059896994614346,10126,23,49701,1,7,11,0.9627713604115282,2.9740236742591457,5.709467456346969,-0.03722863958847178,-0.026562853110175248,37.025948103792416,632,False,-4.025976325740855,-1.134473413500152,11.477045908183632,888,False,-5.290532543653031,-1.0129453791699523,12.275449101796406,880,False
E02007108,Hackney 030,E09000012,Hackney,0.3664624847170509,6198,24,61662,3,8,10,1.1986229244865405,4.463562672327584,6.215278082414297,-1.8013770755134595,-1.0860884399844517,12.075848303393213,882,False,-3.5364373276724157,-0.6917933354619115,15.469061876247507,848,False,-3.7847219175857028,-0.6714075572497764,18.6626746506986,816,False
E02007109,Hackney 031,E09000012,Hackney,0.5983954083655328,7790,13,49692,0,2,3,0.6044998331815977,1.7657412456135548,3.328978693945537,0.6044998331815977,0.6047042705774132,60.079840319361274,401,False,-0.23425875438644517,-0.10315936071774931,30.83832335329341,694,False,0.3289786939455368,0.10075186565654538,42.51497005988024,577,False
E02007110,Hackney 032,E09000012,Hackney,0.3507385545498072,8227,12,51292,0,2,6,0.5903808845251666,1.8053211293231768,3.4216499070720188,0.5903808845251666,0.6003772201854831,58.982035928143716,412,False,-0.1946788706768232,-0.08416674365774034,31.3373253493014,689,False,-2.5783500929279812,-0.7715192564814888,16.766467065868262,835,False
E02007111,Hackney 033,E09000012,Hackney,0.6465005919032716,6977,37,65127,3,12,14,1.8179354316963177,7.478990103635732,9.67819356414195,-1.1820645683036823,-0.5092099448620183,22.255489021956087,780,False,-4.521009896364268,-0.5469889859646122,17.964071856287426,823,False,-4.321806435858051,-0.5105510048202313,21.55688622754491,787,False
E02007112,Tower Hamlets 034,E09000030,Tower Hamlets,0.6074944170620181,7476,9,107582,0,2,3,1.417777465683352,15.44000672150092,13.700415149775498,1.417777465683352,0.7483143939461774,96.30738522954093,38,True,13.44000672150092,0.8108774332587482,89.12175648702595,110,False,10.700415149775498,0.9112150780254255,86.72654690618764,134,False
E02007113,Tower Hamlets 035,E09000030,Tower Hamlets,0.7440187763446039,9463,37,75140,0,2,5,2.277144922087829,12.450349669808745,15.491662251548794,2.277144922087829,0.8112104047025503,99.8003992015968,3,True,10.450349669808745,0.7766789041789186,82.53493013972056,176,False,10.491662251548794,0.7947110140526228,78.2435129740519,219,False
E02007114,Tower Hamlets 036,E09000030,Tower Hamlets,0.5494226005424256,7898,25,55062,0,1,4,1.1103961139664982,3.692909270805109,5.978269306916036,1.1103961139664982,0.7104814061395324,90.71856287425149,94,True,2.692909270805109,0.6256619880218295,66.56686626746507,336,False,1.9782693069160358,0.36345059026279125,53.69261477045908,465,False
E02007115,Camden 029,E09000007,Camden,0.6683824750141143,12740,20,39741,5,17,20,0.7341605825693588,1.9114888739210167,4.736788861684257,-4.265839417430641,-3.71783623736773,1.3972055888223553,989,False,-15.088511126078984,-6.219553471838966,0.7984031936127743,995,False,-15.263211138315743,-3.4491047603666005,1.2974051896207583,990,False
